--------- beginning of system
06-17 16:16:30.611  1909  1973 I ActivityManager: Start proc 15271:com.android.providers.calendar/u0a115 for content provider {com.android.providers.calendar/com.android.providers.calendar.CalendarProvider2}
06-17 16:16:30.612  1909  1973 I ActivityManager: ProcessObserver broadcast disabled
06-17 16:16:30.631  1909  1973 I ActivityManager: Start proc 15275:com.samsung.android.app.reminder/u0a224 for content provider {com.samsung.android.app.reminder/com.samsung.android.app.reminder.data.provider.ReminderProvider}
06-17 16:16:30.631  1909  1973 I ActivityManager: ProcessObserver broadcast disabled
06-17 16:16:30.654  1909  1973 I ActivityManager: Start proc 15281:com.sec.android.gallery3d/u0a124 for content provider {com.sec.android.gallery3d/com.samsung.android.gallery.app.provider.LocalProvider2}
06-17 16:16:30.654  1909  1973 I ActivityManager: ProcessObserver broadcast disabled
06-17 16:16:30.760  1909  1935 I ActivityManager: Killing 13693:com.sec.android.app.shealth:remote/u0a328 (adj 905): empty #25
06-17 16:16:30.848  1909  4225 I ActivityManager: Killing 13826:com.samsung.android.game.gos/u0a76 (adj 975): empty #25
06-17 16:16:30.867  1909  4174 I ActivityManager: Killing 14039:com.samsung.android.mobileservice/u0a119 (adj 975): empty #25
--------- beginning of main
06-17 16:18:17.777 15021 15127 W ReactNativeJS: This method is deprecated (as well as all React Native Firebase namespaced API) and will be removed in the next major release as part of move to match Firebase Web modular SDK API. Please see migration guide for more details: https://rnfirebase.io/migrating-to-v22. Method called was `FieldValue`. Please use `FieldValue` instead.
06-17 16:18:17.778 15021 15127 W ReactNativeJS: This method is deprecated (as well as all React Native Firebase namespaced API) and will be removed in the next major release as part of move to match Firebase Web modular SDK API. Please see migration guide for more details: https://rnfirebase.io/migrating-to-v22. Method called was `delete`. Please use `deleteField()` instead.
06-17 16:18:17.778 15021 15127 W ReactNativeJS: This method is deprecated (as well as all React Native Firebase namespaced API) and will be removed in the next major release as part of move to match Firebase Web modular SDK API. Please see migration guide for more details: https://rnfirebase.io/migrating-to-v22. Method called was `FieldValue`. Please use `FieldValue` instead.
06-17 16:18:17.779 15021 15127 W ReactNativeJS: This method is deprecated (as well as all React Native Firebase namespaced API) and will be removed in the next major release as part of move to match Firebase Web modular SDK API. Please see migration guide for more details: https://rnfirebase.io/migrating-to-v22. Method called was `serverTimestamp`. Please use `serverTimestamp()` instead.
06-17 16:18:48.310  1909  1973 I ActivityManager: Start proc 15415:com.google.android.googlequicksearchbox:search/u0a253 for broadcast {com.google.android.googlequicksearchbox/com.google.android.libraries.search.gcm.search.SearchProcessGcmBroadcastReceiver_Receiver}
06-17 16:18:48.310  1909  1973 I ActivityManager: ProcessObserver broadcast disabled
06-17 16:18:48.647  1909  4174 I ActivityManager: Killing 14037:com.samsung.android.app.sharelive/5026 (adj 965): empty #25
06-17 16:20:23.748 15021 15127 W ReactNativeJS: This method is deprecated (as well as all React Native Firebase namespaced API) and will be removed in the next major release as part of move to match Firebase Web modular SDK API. Please see migration guide for more details: https://rnfirebase.io/migrating-to-v22. Method called was `FieldValue`. Please use `FieldValue` instead.
06-17 16:20:23.748 15021 15127 W ReactNativeJS: This method is deprecated (as well as all React Native Firebase namespaced API) and will be removed in the next major release as part of move to match Firebase Web modular SDK API. Please see migration guide for more details: https://rnfirebase.io/migrating-to-v22. Method called was `delete`. Please use `deleteField()` instead.
06-17 16:20:23.749 15021 15127 W ReactNativeJS: This method is deprecated (as well as all React Native Firebase namespaced API) and will be removed in the next major release as part of move to match Firebase Web modular SDK API. Please see migration guide for more details: https://rnfirebase.io/migrating-to-v22. Method called was `FieldValue`. Please use `FieldValue` instead.
06-17 16:20:23.749 15021 15127 W ReactNativeJS: This method is deprecated (as well as all React Native Firebase namespaced API) and will be removed in the next major release as part of move to match Firebase Web modular SDK API. Please see migration guide for more details: https://rnfirebase.io/migrating-to-v22. Method called was `serverTimestamp`. Please use `serverTimestamp()` instead.
06-17 16:22:31.803 15021 15127 W ReactNativeJS: This method is deprecated (as well as all React Native Firebase namespaced API) and will be removed in the next major release as part of move to match Firebase Web modular SDK API. Please see migration guide for more details: https://rnfirebase.io/migrating-to-v22. Method called was `FieldValue`. Please use `FieldValue` instead.
06-17 16:22:31.804 15021 15127 W ReactNativeJS: This method is deprecated (as well as all React Native Firebase namespaced API) and will be removed in the next major release as part of move to match Firebase Web modular SDK API. Please see migration guide for more details: https://rnfirebase.io/migrating-to-v22. Method called was `delete`. Please use `deleteField()` instead.
06-17 16:22:31.804 15021 15127 W ReactNativeJS: This method is deprecated (as well as all React Native Firebase namespaced API) and will be removed in the next major release as part of move to match Firebase Web modular SDK API. Please see migration guide for more details: https://rnfirebase.io/migrating-to-v22. Method called was `FieldValue`. Please use `FieldValue` instead.
06-17 16:22:31.805 15021 15127 W ReactNativeJS: This method is deprecated (as well as all React Native Firebase namespaced API) and will be removed in the next major release as part of move to match Firebase Web modular SDK API. Please see migration guide for more details: https://rnfirebase.io/migrating-to-v22. Method called was `serverTimestamp`. Please use `serverTimestamp()` instead.
06-17 16:24:37.050 15021 15127 W ReactNativeJS: This method is deprecated (as well as all React Native Firebase namespaced API) and will be removed in the next major release as part of move to match Firebase Web modular SDK API. Please see migration guide for more details: https://rnfirebase.io/migrating-to-v22. Method called was `FieldValue`. Please use `FieldValue` instead.
06-17 16:24:37.050 15021 15127 W ReactNativeJS: This method is deprecated (as well as all React Native Firebase namespaced API) and will be removed in the next major release as part of move to match Firebase Web modular SDK API. Please see migration guide for more details: https://rnfirebase.io/migrating-to-v22. Method called was `delete`. Please use `deleteField()` instead.
06-17 16:24:37.051 15021 15127 W ReactNativeJS: This method is deprecated (as well as all React Native Firebase namespaced API) and will be removed in the next major release as part of move to match Firebase Web modular SDK API. Please see migration guide for more details: https://rnfirebase.io/migrating-to-v22. Method called was `FieldValue`. Please use `FieldValue` instead.
06-17 16:24:37.051 15021 15127 W ReactNativeJS: This method is deprecated (as well as all React Native Firebase namespaced API) and will be removed in the next major release as part of move to match Firebase Web modular SDK API. Please see migration guide for more details: https://rnfirebase.io/migrating-to-v22. Method called was `serverTimestamp`. Please use `serverTimestamp()` instead.
06-17 16:26:40.270 15021 15127 W ReactNativeJS: This method is deprecated (as well as all React Native Firebase namespaced API) and will be removed in the next major release as part of move to match Firebase Web modular SDK API. Please see migration guide for more details: https://rnfirebase.io/migrating-to-v22. Method called was `FieldValue`. Please use `FieldValue` instead.
06-17 16:26:40.271 15021 15127 W ReactNativeJS: This method is deprecated (as well as all React Native Firebase namespaced API) and will be removed in the next major release as part of move to match Firebase Web modular SDK API. Please see migration guide for more details: https://rnfirebase.io/migrating-to-v22. Method called was `delete`. Please use `deleteField()` instead.
06-17 16:26:40.271 15021 15127 W ReactNativeJS: This method is deprecated (as well as all React Native Firebase namespaced API) and will be removed in the next major release as part of move to match Firebase Web modular SDK API. Please see migration guide for more details: https://rnfirebase.io/migrating-to-v22. Method called was `FieldValue`. Please use `FieldValue` instead.
06-17 16:26:40.272 15021 15127 W ReactNativeJS: This method is deprecated (as well as all React Native Firebase namespaced API) and will be removed in the next major release as part of move to match Firebase Web modular SDK API. Please see migration guide for more details: https://rnfirebase.io/migrating-to-v22. Method called was `serverTimestamp`. Please use `serverTimestamp()` instead.
06-17 16:27:23.433  1909  1972 I ActivityManager: Changes in 10096 19 to 11, 0 to 128
06-17 16:27:23.439  1909  4174 I ActivityManager: Changes in 10096 11 to 19, 128 to 0
06-17 16:27:23.516  1909  1935 I ActivityManager: Changes in 99157 19 to 8, 0 to 128
06-17 16:27:23.529  1909  4227 I ActivityManager: Changes in 99157 8 to 10, 128 to 0
06-17 16:27:23.702  1909  3301 I ActivityManager: Changes in 99157 19 to 5, 0 to 184
06-17 16:27:38.723  1909  1935 I ActivityManager: Changes in 99157 5 to 10, 184 to 0
06-17 16:28:51.165 15021 15127 W ReactNativeJS: This method is deprecated (as well as all React Native Firebase namespaced API) and will be removed in the next major release as part of move to match Firebase Web modular SDK API. Please see migration guide for more details: https://rnfirebase.io/migrating-to-v22. Method called was `FieldValue`. Please use `FieldValue` instead.
06-17 16:28:51.166 15021 15127 W ReactNativeJS: This method is deprecated (as well as all React Native Firebase namespaced API) and will be removed in the next major release as part of move to match Firebase Web modular SDK API. Please see migration guide for more details: https://rnfirebase.io/migrating-to-v22. Method called was `delete`. Please use `deleteField()` instead.
06-17 16:28:51.166 15021 15127 W ReactNativeJS: This method is deprecated (as well as all React Native Firebase namespaced API) and will be removed in the next major release as part of move to match Firebase Web modular SDK API. Please see migration guide for more details: https://rnfirebase.io/migrating-to-v22. Method called was `FieldValue`. Please use `FieldValue` instead.
06-17 16:28:51.167 15021 15127 W ReactNativeJS: This method is deprecated (as well as all React Native Firebase namespaced API) and will be removed in the next major release as part of move to match Firebase Web modular SDK API. Please see migration guide for more details: https://rnfirebase.io/migrating-to-v22. Method called was `serverTimestamp`. Please use `serverTimestamp()` instead.
06-17 16:30:58.897 15021 15127 W ReactNativeJS: This method is deprecated (as well as all React Native Firebase namespaced API) and will be removed in the next major release as part of move to match Firebase Web modular SDK API. Please see migration guide for more details: https://rnfirebase.io/migrating-to-v22. Method called was `FieldValue`. Please use `FieldValue` instead.
06-17 16:30:58.897 15021 15127 W ReactNativeJS: This method is deprecated (as well as all React Native Firebase namespaced API) and will be removed in the next major release as part of move to match Firebase Web modular SDK API. Please see migration guide for more details: https://rnfirebase.io/migrating-to-v22. Method called was `delete`. Please use `deleteField()` instead.
06-17 16:30:58.898 15021 15127 W ReactNativeJS: This method is deprecated (as well as all React Native Firebase namespaced API) and will be removed in the next major release as part of move to match Firebase Web modular SDK API. Please see migration guide for more details: https://rnfirebase.io/migrating-to-v22. Method called was `FieldValue`. Please use `FieldValue` instead.
06-17 16:30:58.898 15021 15127 W ReactNativeJS: This method is deprecated (as well as all React Native Firebase namespaced API) and will be removed in the next major release as part of move to match Firebase Web modular SDK API. Please see migration guide for more details: https://rnfirebase.io/migrating-to-v22. Method called was `serverTimestamp`. Please use `serverTimestamp()` instead.
06-17 16:31:58.468  1909  1972 I ActivityManager: Changes in 10096 19 to 11, 0 to 128
06-17 16:31:58.489  1909  4174 I ActivityManager: Changes in 99157 19 to 5, 0 to 184
06-17 16:32:08.473  1909  2065 I ActivityManager: Changes in 10096 19 to 19, 128 to 0
06-17 16:32:13.548  1909  4174 I ActivityManager: Changes in 99157 5 to 10, 184 to 0
--------- beginning of crash
06-17 16:32:27.767 15021 15033 F libc    : Fatal signal 11 (SIGSEGV), code 1 (SEGV_MAPERR), fault addr 0x0 in tid 15033 (FinalizerDaemon), pid 15021 (.arcfire.online)
06-17 16:32:28.567 15796 15796 F DEBUG   : *** *** *** *** *** *** *** *** *** *** *** *** *** *** *** ***
06-17 16:32:28.567 15796 15796 F DEBUG   : Build fingerprint: 'samsung/a34xks/a34x:16/BP2A.250605.031.A3/A346NKSSEEZD4:user/release-keys'
06-17 16:32:28.567 15796 15796 F DEBUG   : Revision: '6'
06-17 16:32:28.567 15796 15796 F DEBUG   : ABI: 'arm64'
06-17 16:32:28.567 15796 15796 F DEBUG   : Processor: '7'
06-17 16:32:28.567 15796 15796 F DEBUG   : Timestamp: 2026-06-17 16:32:27.946216747+0900
06-17 16:32:28.567 15796 15796 F DEBUG   : Process uptime: 1030s
06-17 16:32:28.567 15796 15796 F DEBUG   : Cmdline: com.arcfire.online
06-17 16:32:28.567 15796 15796 F DEBUG   : pid: 15021, tid: 15033, name: FinalizerDaemon  >>> com.arcfire.online <<<
06-17 16:32:28.567 15796 15796 F DEBUG   : uid: 11051
06-17 16:32:28.567 15796 15796 F DEBUG   : tagged_addr_ctrl: 0000000000000001 (PR_TAGGED_ADDR_ENABLE)
06-17 16:32:28.567 15796 15796 F DEBUG   : signal 11 (SIGSEGV), code 1 (SEGV_MAPERR), fault addr 0x0000000000000000
06-17 16:32:28.567 15796 15796 F DEBUG   : Cause: null pointer dereference
06-17 16:32:28.567 15796 15796 F DEBUG   :     x0  b400007b61a43d08  x1  b400007a4250f080  x2  b400007ad1b966a0  x3  0000007900c2d3e8
06-17 16:32:28.567 15796 15796 F DEBUG   :     x4  0000000000000040  x5  0000000000000000  x6  0000000000019230  x7  0000000000000507
06-17 16:32:28.567 15796 15796 F DEBUG   :     x8  0000000000000000  x9  0000000000010c93  x10 0000000000000050  x11 00000000e9e2bd4c
06-17 16:32:28.567 15796 15796 F DEBUG   :     x12 0000000000040004  x13 0000007ad1a23000  x14 0000007aa194f740  x15 0000000000001000
06-17 16:32:28.567 15796 15796 F DEBUG   :     x16 0000007552f23930  x17 0000007552684c24  x18 000000787ea34000  x19 b400007ba1c16310
06-17 16:32:28.567 15796 15796 F DEBUG   :     x20 0000007900c2f700  x21 b4000079f1933be0  x22 b400007ae19307b0  x23 0000000000000000
06-17 16:32:28.567 15796 15796 F DEBUG   :     x24 0000000000000000  x25 0000007900c2df48  x26 0000007900c2dbb0  x27 0000000000000008
06-17 16:32:28.567 15796 15796 F DEBUG   :     x28 0000007900c2de70  x29 0000007900c2d490
06-17 16:32:28.567 15796 15796 F DEBUG   :     lr  0000007552684c18  sp  0000007900c2d480  pc  0000007552684c54  pst 0000000080001000
06-17 16:32:28.567 15796 15796 F DEBUG   : 73 total frames
06-17 16:32:28.567 15796 15796 F DEBUG   : backtrace:
06-17 16:32:28.567 15796 15796 F DEBUG   :       #00 pc 0000000000653c54  /data/app/~~Kj8d-duEwjQh6sq6sZm5gA==/com.arcfire.online-q-zPaLeFSPC7Lbu3DA4KxQ==/base.apk!librnskia.so (offset 0x414a000) (facebook::jsi::Pointer::~Pointer()+48) (BuildId: a5860719700b671c6e944005d980b317d4862e34)
06-17 16:32:28.567 15796 15796 F DEBUG   :       #01 pc 0000000000653c14  /data/app/~~Kj8d-duEwjQh6sq6sZm5gA==/com.arcfire.online-q-zPaLeFSPC7Lbu3DA4KxQ==/base.apk!librnskia.so (offset 0x414a000) (facebook::jsi::Object::~Object()+20) (BuildId: a5860719700b671c6e944005d980b317d4862e34)
06-17 16:32:28.567 15796 15796 F DEBUG   :       #02 pc 00000000006503bc  /data/app/~~Kj8d-duEwjQh6sq6sZm5gA==/com.arcfire.online-q-zPaLeFSPC7Lbu3DA4KxQ==/base.apk!librnskia.so (offset 0x414a000) (facebook::jsi::Function::~Function()+20) (BuildId: a5860719700b671c6e944005d980b317d4862e34)
06-17 16:32:28.567 15796 15796 F DEBUG   :       #03 pc 0000000000653708  /data/app/~~Kj8d-duEwjQh6sq6sZm5gA==/com.arcfire.online-q-zPaLeFSPC7Lbu3DA4KxQ==/base.apk!librnskia.so (offset 0x414a000) (std::__ndk1::pair<std::__ndk1::basic_string<char, std::__ndk1::char_traits<char>, std::__ndk1::allocator<char>> const, facebook::jsi::Function>::~pair()+28) (BuildId: a5860719700b671c6e944005d980b317d4862e34)
06-17 16:32:28.567 15796 15796 F DEBUG   :       #04 pc 00000000006536dc  /data/app/~~Kj8d-duEwjQh6sq6sZm5gA==/com.arcfire.online-q-zPaLeFSPC7Lbu3DA4KxQ==/base.apk!librnskia.so (offset 0x414a000) (void std::__ndk1::allocator_traits<std::__ndk1::allocator<std::__ndk1::__tree_node<std::__ndk1::__value_type<std::__ndk1::basic_string<char, std::__ndk1::char_traits<char>, std::__ndk1::allocator<char>>, facebook::jsi::Function>, void*>>>::__destroy<std::__ndk1::pair<std::__ndk1::basic_string<char, std::__ndk1::char_traits<char>, std::__ndk1::allocator<char>> const, facebook::jsi::Function>>(std::__ndk1::integral_constant<bool, false>, std::__ndk1::allocator<std::__ndk1::__tree_node<std::__ndk1::__value_type<std::__ndk1::basic_string<char, std::__ndk1::char_traits<char>, std::__ndk1::allocator<char>>, facebook::jsi::Function>, void*>>&, std::__ndk1::pair<std::__ndk1::basic_string<char, std::__ndk1::char_traits<char>, std::__ndk1::allocator<char>> const, facebook::jsi::Function>*)+28) (BuildId: a5860719700b671c6e944005d980b317d4862e34)
06-17 16:32:28.567 15796 15796 F DEBUG   :       #05 pc 000000000065361c  /data/app/~~Kj8d-duEwjQh6sq6sZm5gA==/com.arcfire.online-q-zPaLeFSPC7Lbu3DA4KxQ==/base.apk!librnskia.so (offset 0x414a000) (void std::__ndk1::allocator_traits<std::__ndk1::allocator<std::__ndk1::__tree_node<std::__ndk1::__value_type<std::__ndk1::basic_string<char, std::__ndk1::char_traits<char>, std::__ndk1::allocator<char>>, facebook::jsi::Function>, void*>>>::destroy<std::__ndk1::pair<std::__ndk1::basic_string<char, std::__ndk1::char_traits<char>, std::__ndk1::allocator<char>> const, facebook::jsi::Function>>(std::__ndk1::allocator<std::__ndk1::__tree_node<std::__ndk1::__value_type<std::__ndk1::basic_string<char, std::__ndk1::char_traits<char>, std::__ndk1::allocator<char>>, facebook::jsi::Function>, void*>>&, std::__ndk1::pair<std::__ndk1::basic_string<char, std::__ndk1::char_traits<char>, std::__ndk1::allocator<char>> const, facebook::jsi::Function>*)+32) (BuildId: a5860719700b671c6e944005d980b317d4862e34)
06-17 16:32:28.567 15796 15796 F DEBUG   :       #06 pc 0000000000653580  /data/app/~~Kj8d-duEwjQh6sq6sZm5gA==/com.arcfire.online-q-zPaLeFSPC7Lbu3DA4KxQ==/base.apk!librnskia.so (offset 0x414a000) (std::__ndk1::__tree<std::__ndk1::__value_type<std::__ndk1::basic_string<char, std::__ndk1::char_traits<char>, std::__ndk1::allocator<char>>, facebook::jsi::Function>, std::__ndk1::__map_value_compare<std::__ndk1::basic_string<char, std::__ndk1::char_traits<char>, std::__ndk1::allocator<char>>, std::__ndk1::__value_type<std::__ndk1::basic_string<char, std::__ndk1::char_traits<char>, std::__ndk1::allocator<char>>, facebook::jsi::Function>, std::__ndk1::less<std::__ndk1::basic_string<char, std::__ndk1::char_traits<char>, std::__ndk1::allocator<char>>>, true>, std::__ndk1::allocator<std::__ndk1::__value_type<std::__ndk1::basic_string<char, std::__ndk1::char_traits<char>, std::__ndk1::allocator<char>>, facebook::jsi::Function>>>::destroy(std::__ndk1::__tree_node<std::__ndk1::__value_type<std::__ndk1::basic_string<char, std::__ndk1::char_traits<char>, std::__ndk1::allocator<char>>, facebook::jsi::Function>, void*>*)+120) (BuildId: a5860719700b671c6e944005d980b317d4862e34)
06-17 16:32:28.567 15796 15796 F DEBUG   :       #07 pc 00000000006534f8  /data/app/~~Kj8d-duEwjQh6sq6sZm5gA==/com.arcfire.online-q-zPaLeFSPC7Lbu3DA4KxQ==/base.apk!librnskia.so (offset 0x414a000) (std::__ndk1::__tree<std::__ndk1::__value_type<std::__ndk1::basic_string<char, std::__ndk1::char_traits<char>, std::__ndk1::allocator<char>>, facebook::jsi::Function>, std::__ndk1::__map_value_compare<std::__ndk1::basic_string<char, std::__ndk1::char_traits<char>, std::__ndk1::allocator<char>>, std::__ndk1::__value_type<std::__ndk1::basic_string<char, std::__ndk1::char_traits<char>, std::__ndk1::allocator<char>>, facebook::jsi::Function>, std::__ndk1::less<std::__ndk1::basic_string<char, std::__ndk1::char_traits<char>, std::__ndk1::allocator<char>>>, true>, std::__ndk1::allocator<std::__ndk1::__value_type<std::__ndk1::basic_string<char, std::__ndk1::char_traits<char>, std::__ndk1::allocator<char>>, facebook::jsi::Function>>>::~__tree()+36) (BuildId: a5860719700b671c6e944005d980b317d4862e34)
06-17 16:32:28.567 15796 15796 F DEBUG   :       #08 pc 00000000006534c4  /data/app/~~Kj8d-duEwjQh6sq6sZm5gA==/com.arcfire.online-q-zPaLeFSPC7Lbu3DA4KxQ==/base.apk!librnskia.so (offset 0x414a000) (BuildId: a5860719700b671c6e944005d980b317d4862e34)
06-17 16:32:28.567 15796 15796 F DEBUG   :       #09 pc 000000000064f2b4  /data/app/~~Kj8d-duEwjQh6sq6sZm5gA==/com.arcfire.online-q-zPaLeFSPC7Lbu3DA4KxQ==/base.apk!librnskia.so (offset 0x414a000) (RNJsi::RuntimeAwareCache<std::__ndk1::map<std::__ndk1::basic_string<char, std::__ndk1::char_traits<char>, std::__ndk1::allocator<char>>, facebook::jsi::Function, std::__ndk1::less<std::__ndk1::basic_string<char, std::__ndk1::char_traits<char>, std::__ndk1::allocator<char>>>, std::__ndk1::allocator<std::__ndk1::pair<std::__ndk1::basic_string<char, std::__ndk1::char_traits<char>, std::__ndk1::allocator<char>> const, facebook::jsi::Function>>>>::~RuntimeAwareCache()+240) (BuildId: a5860719700b671c6e944005d980b317d4862e34)
06-17 16:32:28.567 15796 15796 F DEBUG   :       #10 pc 000000000064f194  /data/app/~~Kj8d-duEwjQh6sq6sZm5gA==/com.arcfire.online-q-zPaLeFSPC7Lbu3DA4KxQ==/base.apk!librnskia.so (offset 0x414a000) (RNJsi::JsiHostObject::~JsiHostObject()+44) (BuildId: a5860719700b671c6e944005d980b317d4862e34)
06-17 16:32:28.567 15796 15796 F DEBUG   :       #11 pc 0000000000784f68  /data/app/~~Kj8d-duEwjQh6sq6sZm5gA==/com.arcfire.online-q-zPaLeFSPC7Lbu3DA4KxQ==/base.apk!librnskia.so (offset 0x414a000) (RNSkia::JsiDomNode::~JsiDomNode()+124) (BuildId: a5860719700b671c6e944005d980b317d4862e34)
06-17 16:32:28.567 15796 15796 F DEBUG   :       #12 pc 0000000000784d48  /data/app/~~Kj8d-duEwjQh6sq6sZm5gA==/com.arcfire.online-q-zPaLeFSPC7Lbu3DA4KxQ==/base.apk!librnskia.so (offset 0x414a000) (RNSkia::JsiDomRenderNode::~JsiDomRenderNode()+52) (BuildId: a5860719700b671c6e944005d980b317d4862e34)
06-17 16:32:28.568 15796 15796 F DEBUG   :       #13 pc 0000000000820c68  /data/app/~~Kj8d-duEwjQh6sq6sZm5gA==/com.arcfire.online-q-zPaLeFSPC7Lbu3DA4KxQ==/base.apk!librnskia.so (offset 0x414a000) (RNSkia::JsiGroupNode::~JsiGroupNode()+20) (BuildId: a5860719700b671c6e944005d980b317d4862e34)
06-17 16:32:28.568 15796 15796 F DEBUG   :       #14 pc 00000000008208d4  /data/app/~~Kj8d-duEwjQh6sq6sZm5gA==/com.arcfire.online-q-zPaLeFSPC7Lbu3DA4KxQ==/base.apk!librnskia.so (offset 0x414a000) (std::__ndk1::__shared_ptr_emplace<RNSkia::JsiGroupNode, std::__ndk1::allocator<RNSkia::JsiGroupNode>>::__on_zero_shared()+36) (BuildId: a5860719700b671c6e944005d980b317d4862e34)
06-17 16:32:28.568 15796 15796 F DEBUG   :       #15 pc 000000000061eb5c  /data/app/~~Kj8d-duEwjQh6sq6sZm5gA==/com.arcfire.online-q-zPaLeFSPC7Lbu3DA4KxQ==/base.apk!librnskia.so (offset 0x414a000) (BuildId: a5860719700b671c6e944005d980b317d4862e34)
06-17 16:32:28.568 15796 15796 F DEBUG   :       #16 pc 000000000061eb00  /data/app/~~Kj8d-duEwjQh6sq6sZm5gA==/com.arcfire.online-q-zPaLeFSPC7Lbu3DA4KxQ==/base.apk!librnskia.so (offset 0x414a000) (BuildId: a5860719700b671c6e944005d980b317d4862e34)
06-17 16:32:28.568 15796 15796 F DEBUG   :       #17 pc 0000000000633358  /data/app/~~Kj8d-duEwjQh6sq6sZm5gA==/com.arcfire.online-q-zPaLeFSPC7Lbu3DA4KxQ==/base.apk!librnskia.so (offset 0x414a000) (std::__ndk1::shared_ptr<RNSkia::JsiDomRenderNode>::~shared_ptr()+44) (BuildId: a5860719700b671c6e944005d980b317d4862e34)
06-17 16:32:28.568 15796 15796 F DEBUG   :       #18 pc 00000000008e8584  /data/app/~~Kj8d-duEwjQh6sq6sZm5gA==/com.arcfire.online-q-zPaLeFSPC7Lbu3DA4KxQ==/base.apk!librnskia.so (offset 0x414a000) (BuildId: a5860719700b671c6e944005d980b317d4862e34)
06-17 16:32:28.568 15796 15796 F DEBUG   :       #19 pc 00000000008e8380  /data/app/~~Kj8d-duEwjQh6sq6sZm5gA==/com.arcfire.online-q-zPaLeFSPC7Lbu3DA4KxQ==/base.apk!librnskia.so (offset 0x414a000) (RNSkia::RNSkDomRenderer::~RNSkDomRenderer()+132) (BuildId: a5860719700b671c6e944005d980b317d4862e34)
06-17 16:32:28.568 15796 15796 F DEBUG   :       #20 pc 0000000000630cb8  /data/app/~~Kj8d-duEwjQh6sq6sZm5gA==/com.arcfire.online-q-zPaLeFSPC7Lbu3DA4KxQ==/base.apk!librnskia.so (offset 0x414a000) (std::__ndk1::__shared_ptr_emplace<RNSkia::RNSkDomRenderer, std::__ndk1::allocator<RNSkia::RNSkDomRenderer>>::__on_zero_shared()+28) (BuildId: a5860719700b671c6e944005d980b317d4862e34)
06-17 16:32:28.568 15796 15796 F DEBUG   :       #21 pc 000000000061eb5c  /data/app/~~Kj8d-duEwjQh6sq6sZm5gA==/com.arcfire.online-q-zPaLeFSPC7Lbu3DA4KxQ==/base.apk!librnskia.so (offset 0x414a000) (BuildId: a5860719700b671c6e944005d980b317d4862e34)
06-17 16:32:28.568 15796 15796 F DEBUG   :       #22 pc 000000000061eb00  /data/app/~~Kj8d-duEwjQh6sq6sZm5gA==/com.arcfire.online-q-zPaLeFSPC7Lbu3DA4KxQ==/base.apk!librnskia.so (offset 0x414a000) (BuildId: a5860719700b671c6e944005d980b317d4862e34)
06-17 16:32:28.568 15796 15796 F DEBUG   :       #23 pc 0000000000619fcc  /data/app/~~Kj8d-duEwjQh6sq6sZm5gA==/com.arcfire.online-q-zPaLeFSPC7Lbu3DA4KxQ==/base.apk!librnskia.so (offset 0x414a000) (std::__ndk1::shared_ptr<RNSkia::RNSkRenderer>::~shared_ptr()+44) (BuildId: a5860719700b671c6e944005d980b317d4862e34)
06-17 16:32:28.568 15796 15796 F DEBUG   :       #24 pc 000000000061f3e0  /data/app/~~Kj8d-duEwjQh6sq6sZm5gA==/com.arcfire.online-q-zPaLeFSPC7Lbu3DA4KxQ==/base.apk!librnskia.so (offset 0x414a000) (RNSkia::RNSkView::~RNSkView()+56) (BuildId: a5860719700b671c6e944005d980b317d4862e34)
06-17 16:32:28.568 15796 15796 F DEBUG   :       #25 pc 000000000063054c  /data/app/~~Kj8d-duEwjQh6sq6sZm5gA==/com.arcfire.online-q-zPaLeFSPC7Lbu3DA4KxQ==/base.apk!librnskia.so (offset 0x414a000) (RNSkia::RNSkDomView::~RNSkDomView()+20) (BuildId: a5860719700b671c6e944005d980b317d4862e34)
06-17 16:32:28.569 15796 15796 F DEBUG   :       #26 pc 000000000062d790  /data/app/~~Kj8d-duEwjQh6sq6sZm5gA==/com.arcfire.online-q-zPaLeFSPC7Lbu3DA4KxQ==/base.apk!librnskia.so (offset 0x414a000) (RNSkia::RNSkAndroidView<RNSkia::RNSkDomView>::~RNSkAndroidView()+20) (BuildId: a5860719700b671c6e944005d980b317d4862e34)
06-17 16:32:28.569 15796 15796 F DEBUG   :       #27 pc 000000000062d038  /data/app/~~Kj8d-duEwjQh6sq6sZm5gA==/com.arcfire.online-q-zPaLeFSPC7Lbu3DA4KxQ==/base.apk!librnskia.so (offset 0x414a000) (std::__ndk1::__shared_ptr_emplace<RNSkia::RNSkAndroidView<RNSkia::RNSkDomView>, std::__ndk1::allocator<RNSkia::RNSkAndroidView<RNSkia::RNSkDomView>>>::__on_zero_shared()+36) (BuildId: a5860719700b671c6e944005d980b317d4862e34)
06-17 16:32:28.569 15796 15796 F DEBUG   :       #28 pc 000000000061eb5c  /data/app/~~Kj8d-duEwjQh6sq6sZm5gA==/com.arcfire.online-q-zPaLeFSPC7Lbu3DA4KxQ==/base.apk!librnskia.so (offset 0x414a000) (BuildId: a5860719700b671c6e944005d980b317d4862e34)
06-17 16:32:28.569 15796 15796 F DEBUG   :       #29 pc 000000000061eb00  /data/app/~~Kj8d-duEwjQh6sq6sZm5gA==/com.arcfire.online-q-zPaLeFSPC7Lbu3DA4KxQ==/base.apk!librnskia.so (offset 0x414a000) (BuildId: a5860719700b671c6e944005d980b317d4862e34)
06-17 16:32:28.569 15796 15796 F DEBUG   :       #30 pc 0000000000614a3c  /data/app/~~Kj8d-duEwjQh6sq6sZm5gA==/com.arcfire.online-q-zPaLeFSPC7Lbu3DA4KxQ==/base.apk!librnskia.so (offset 0x414a000) (std::__ndk1::shared_ptr<RNSkia::RNSkBaseAndroidView>::~shared_ptr()+44) (BuildId: a5860719700b671c6e944005d980b317d4862e34)
06-17 16:32:28.569 15796 15796 F DEBUG   :       #31 pc 00000000006292dc  /data/app/~~Kj8d-duEwjQh6sq6sZm5gA==/com.arcfire.online-q-zPaLeFSPC7Lbu3DA4KxQ==/base.apk!librnskia.so (offset 0x414a000) (RNSkia::JniSkiaBaseView::~JniSkiaBaseView()+40) (BuildId: a5860719700b671c6e944005d980b317d4862e34)
06-17 16:32:28.569 15796 15796 F DEBUG   :       #32 pc 000000000062c5fc  /data/app/~~Kj8d-duEwjQh6sq6sZm5gA==/com.arcfire.online-q-zPaLeFSPC7Lbu3DA4KxQ==/base.apk!librnskia.so (offset 0x414a000) (RNSkia::JniSkiaDomView::~JniSkiaDomView()+64) (BuildId: a5860719700b671c6e944005d980b317d4862e34)
06-17 16:32:28.569 15796 15796 F DEBUG   :       #33 pc 000000000062c62c  /data/app/~~Kj8d-duEwjQh6sq6sZm5gA==/com.arcfire.online-q-zPaLeFSPC7Lbu3DA4KxQ==/base.apk!librnskia.so (offset 0x414a000) (RNSkia::JniSkiaDomView::~JniSkiaDomView()+24) (BuildId: a5860719700b671c6e944005d980b317d4862e34)
06-17 16:32:28.569 15796 15796 F DEBUG   :       #34 pc 00000000000215c8  /data/app/~~Kj8d-duEwjQh6sq6sZm5gA==/com.arcfire.online-q-zPaLeFSPC7Lbu3DA4KxQ==/base.apk!libfbjni.so (offset 0x1e10000) (BuildId: a22242831a7971267de570e06121acb588ce64cd)
06-17 16:32:28.569 15796 15796 F DEBUG   :       #35 pc 00000000000f7ea4  [anon_shmem:dalvik-jit-code-cache] (offset 0x2000000) (art_jni_trampoline+132)
06-17 16:32:28.569 15796 15796 F DEBUG   :       #36 pc 00000000008b6b30  [anon_shmem:dalvik-jit-code-cache] (offset 0x2000000) (com.facebook.jni.HybridData$Destructor.destruct+128)
06-17 16:32:28.569 15796 15796 F DEBUG   :       #37 pc 0000000000298f94  /apex/com.android.art/lib64/libart.so (art_quick_invoke_stub+612) (BuildId: 1f156fc62660d075a8d675db850b95d5)
06-17 16:32:28.569 15796 15796 F DEBUG   :       #38 pc 000000000087ba64  /apex/com.android.art/lib64/libart.so (bool art::interpreter::DoCall<false>(art::ArtMethod*, art::Thread*, art::ShadowFrame&, art::Instruction const*, unsigned short, bool, art::JValue*)+1620) (BuildId: 1f156fc62660d075a8d675db850b95d5)
06-17 16:32:28.569 15796 15796 F DEBUG   :       #39 pc 00000000006fda90  /apex/com.android.art/lib64/libart.so (void art::interpreter::ExecuteSwitchImplCpp<false>(art::interpreter::SwitchImplContext*)+580) (BuildId: 1f156fc62660d075a8d675db850b95d5)
06-17 16:32:28.569 15796 15796 F DEBUG   :       #40 pc 00000000002fcc98  /apex/com.android.art/lib64/libart.so (ExecuteSwitchImplAsm+8) (BuildId: 1f156fc62660d075a8d675db850b95d5)
06-17 16:32:28.569 15796 15796 F DEBUG   :       #41 pc 0000000000424ef4  [anon:dalvik-classes.dex extracte....arcfire.online-q-zPaLeFSPC7Lbu3DA4KxQ==/base.apk] (com.facebook.jni.HybridData.resetNative+0)
06-17 16:32:28.569 15796 15796 F DEBUG   :       #42 pc 000000000087bd10  /apex/com.android.art/lib64/libart.so (bool art::interpreter::DoCall<false>(art::ArtMethod*, art::Thread*, art::ShadowFrame&, art::Instruction const*, unsigned short, bool, art::JValue*)+2304) (BuildId: 1f156fc62660d075a8d675db850b95d5)
06-17 16:32:28.569 15796 15796 F DEBUG   :       #43 pc 00000000006fda90  /apex/com.android.art/lib64/libart.so (void art::interpreter::ExecuteSwitchImplCpp<false>(art::interpreter::SwitchImplContext*)+580) (BuildId: 1f156fc62660d075a8d675db850b95d5)
06-17 16:32:28.569 15796 15796 F DEBUG   :       #44 pc 00000000002fcc98  /apex/com.android.art/lib64/libart.so (ExecuteSwitchImplAsm+8) (BuildId: 1f156fc62660d075a8d675db850b95d5)
06-17 16:32:28.569 15796 15796 F DEBUG   :       #45 pc 0000000000083a18  [anon:dalvik-classes2.dex extract....arcfire.online-q-zPaLeFSPC7Lbu3DA4KxQ==/base.apk] (com.shopify.reactnative.skia.SkiaDomView.finalize+0)
06-17 16:32:28.569 15796 15796 F DEBUG   :       #46 pc 00000000002fc8d0  /apex/com.android.art/lib64/libart.so (art::interpreter::Execute(art::Thread*, art::CodeItemDataAccessor const&, art::ShadowFrame&, art::JValue, bool, bool) (.__uniq.112435418011751916792819755956732575238.llvm.6848007882488385806)+360) (BuildId: 1f156fc62660d075a8d675db850b95d5)
06-17 16:32:28.569 15796 15796 F DEBUG   :       #47 pc 00000000002fc254  /apex/com.android.art/lib64/libart.so (artQuickToInterpreterBridge+916) (BuildId: 1f156fc62660d075a8d675db850b95d5)
06-17 16:32:28.569 15796 15796 F DEBUG   :       #48 pc 00000000002b04d8  /apex/com.android.art/lib64/libart.so (art_quick_to_interpreter_bridge+88) (BuildId: 1f156fc62660d075a8d675db850b95d5)
06-17 16:32:28.569 15796 15796 F DEBUG   :       #49 pc 00000000005709a0  [anon_shmem:dalvik-jit-code-cache] (offset 0x2000000) (java.lang.Daemons$FinalizerDaemon.doFinalize+208)
06-17 16:32:28.569 15796 15796 F DEBUG   :       #50 pc 0000000000570684  [anon_shmem:dalvik-jit-code-cache] (offset 0x2000000) (java.lang.Daemons$FinalizerDaemon.processReference+500)
06-17 16:32:28.569 15796 15796 F DEBUG   :       #51 pc 0000000000298f94  /apex/com.android.art/lib64/libart.so (art_quick_invoke_stub+612) (BuildId: 1f156fc62660d075a8d675db850b95d5)
06-17 16:32:28.569 15796 15796 F DEBUG   :       #52 pc 000000000087ba64  /apex/com.android.art/lib64/libart.so (bool art::interpreter::DoCall<false>(art::ArtMethod*, art::Thread*, art::ShadowFrame&, art::Instruction const*, unsigned short, bool, art::JValue*)+1620) (BuildId: 1f156fc62660d075a8d675db850b95d5)
06-17 16:32:28.569 15796 15796 F DEBUG   :       #53 pc 00000000006fd968  /apex/com.android.art/lib64/libart.so (void art::interpreter::ExecuteSwitchImplCpp<false>(art::interpreter::SwitchImplContext*)+284) (BuildId: 1f156fc62660d075a8d675db850b95d5)
06-17 16:32:28.569 15796 15796 F DEBUG   :       #54 pc 00000000002fcc98  /apex/com.android.art/lib64/libart.so (ExecuteSwitchImplAsm+8) (BuildId: 1f156fc62660d075a8d675db850b95d5)
06-17 16:32:28.569 15796 15796 F DEBUG   :       #55 pc 000000000002ef2c  /apex/com.android.art/javalib/core-libart.jar (java.lang.Daemons$FinalizerDaemon.runInternal+0)
06-17 16:32:28.569 15796 15796 F DEBUG   :       #56 pc 000000000087bd10  /apex/com.android.art/lib64/libart.so (bool art::interpreter::DoCall<false>(art::ArtMethod*, art::Thread*, art::ShadowFrame&, art::Instruction const*, unsigned short, bool, art::JValue*)+2304) (BuildId: 1f156fc62660d075a8d675db850b95d5)
06-17 16:32:28.569 15796 15796 F DEBUG   :       #57 pc 00000000006fda90  /apex/com.android.art/lib64/libart.so (void art::interpreter::ExecuteSwitchImplCpp<false>(art::interpreter::SwitchImplContext*)+580) (BuildId: 1f156fc62660d075a8d675db850b95d5)
06-17 16:32:28.569 15796 15796 F DEBUG   :       #58 pc 00000000002fcc98  /apex/com.android.art/lib64/libart.so (ExecuteSwitchImplAsm+8) (BuildId: 1f156fc62660d075a8d675db850b95d5)
06-17 16:32:28.569 15796 15796 F DEBUG   :       #59 pc 000000000002eb58  /apex/com.android.art/javalib/core-libart.jar (java.lang.Daemons$Daemon.run+0)
06-17 16:32:28.569 15796 15796 F DEBUG   :       #60 pc 000000000087bd10  /apex/com.android.art/lib64/libart.so (bool art::interpreter::DoCall<false>(art::ArtMethod*, art::Thread*, art::ShadowFrame&, art::Instruction const*, unsigned short, bool, art::JValue*)+2304) (BuildId: 1f156fc62660d075a8d675db850b95d5)
06-17 16:32:28.569 15796 15796 F DEBUG   :       #61 pc 00000000006fde94  /apex/com.android.art/lib64/libart.so (void art::interpreter::ExecuteSwitchImplCpp<false>(art::interpreter::SwitchImplContext*)+1608) (BuildId: 1f156fc62660d075a8d675db850b95d5)
06-17 16:32:28.569 15796 15796 F DEBUG   :       #62 pc 00000000002fcc98  /apex/com.android.art/lib64/libart.so (ExecuteSwitchImplAsm+8) (BuildId: 1f156fc62660d075a8d675db850b95d5)
06-17 16:32:28.569 15796 15796 F DEBUG   :       #63 pc 000000000011e1a0  /apex/com.android.art/javalib/core-oj.jar (java.lang.Thread.run+0)
06-17 16:32:28.569 15796 15796 F DEBUG   :       #64 pc 00000000002fc8d0  /apex/com.android.art/lib64/libart.so (art::interpreter::Execute(art::Thread*, art::CodeItemDataAccessor const&, art::ShadowFrame&, art::JValue, bool, bool) (.__uniq.112435418011751916792819755956732575238.llvm.6848007882488385806)+360) (BuildId: 1f156fc62660d075a8d675db850b95d5)
06-17 16:32:28.569 15796 15796 F DEBUG   :       #65 pc 00000000002fc254  /apex/com.android.art/lib64/libart.so (artQuickToInterpreterBridge+916) (BuildId: 1f156fc62660d075a8d675db850b95d5)
06-17 16:32:28.569 15796 15796 F DEBUG   :       #66 pc 00000000002b04d8  /apex/com.android.art/lib64/libart.so (art_quick_to_interpreter_bridge+88) (BuildId: 1f156fc62660d075a8d675db850b95d5)
06-17 16:32:28.569 15796 15796 F DEBUG   :       #67 pc 0000000000298f94  /apex/com.android.art/lib64/libart.so (art_quick_invoke_stub+612) (BuildId: 1f156fc62660d075a8d675db850b95d5)
06-17 16:32:28.569 15796 15796 F DEBUG   :       #68 pc 000000000029738c  /apex/com.android.art/lib64/libart.so (art::ArtMethod::Invoke(art::Thread*, unsigned int*, unsigned int, art::JValue*, char const*)+148) (BuildId: 1f156fc62660d075a8d675db850b95d5)
06-17 16:32:28.569 15796 15796 F DEBUG   :       #69 pc 00000000004d5fd0  /apex/com.android.art/lib64/libart.so (art::Thread::CreateCallback(void*)+1384) (BuildId: 1f156fc62660d075a8d675db850b95d5)
06-17 16:32:28.569 15796 15796 F DEBUG   :       #70 pc 00000000004d5a54  /apex/com.android.art/lib64/libart.so (art::Thread::CreateCallbackWithUffdGc(void*)+12) (BuildId: 1f156fc62660d075a8d675db850b95d5)
06-17 16:32:28.569 15796 15796 F DEBUG   :       #71 pc 0000000000080f8c  /apex/com.android.runtime/lib64/bionic/libc.so (__pthread_start(void*)+236) (BuildId: 8ff701fa7a74a8ad475206062b5b72aa)
06-17 16:32:28.569 15796 15796 F DEBUG   :       #72 pc 00000000000737f0  /apex/com.android.runtime/lib64/bionic/libc.so (__start_thread+64) (BuildId: 8ff701fa7a74a8ad475206062b5b72aa)
06-17 16:32:28.633  1909 15804 W ActivityManager: crash : com.arcfire.online,11051
06-17 16:32:28.658  1909  1963 I ActivityManager: Showing crash dialog for package com.arcfire.online u0
06-17 16:32:28.669  1909 15801 I ActivityManager: Killing 15021:com.arcfire.online/u0a1051 (adj 0): crash
06-17 16:32:28.684  1909  4225 I ActivityManager: Changes in 10147 5 to 2, 184 to 255
06-17 16:32:28.797  1909  4227 I ActivityManager: Changes in 99157 19 to 3, 0 to 184
06-17 16:32:28.907  1909  1965 W ActivityManager: setHasOverlayUi called on unknown pid: 15021
06-17 16:32:29.009  1909  2776 W ActivityManager: pid 1909 system sent binder code 7 with flags 1 to frozen apps and got error -32
06-17 16:32:29.010  1909  2776 W ActivityManager: pid 1909 system sent binder code 7 with flags 1 to frozen apps and got error -32
06-17 16:32:35.795  1909  4356 I ActivityManager: PendingStartActivityUids startActivity to updateOomAdj delay:6655ms, uid:10147
06-17 16:32:40.034  1909  1973 I ActivityManager: Start proc 15834:com.arcfire.online/u0a1051 for activelaunch {com.arcfire.online/com.arcfire.online.MainActivity}
06-17 16:32:40.035  1909  1973 I ActivityManager: ProcessObserver broadcast disabled
06-17 16:32:41.068  1909  1965 I ActivityManager: Changes in 11051 19 to 2, 0 to 255
06-17 16:32:41.310  1909  1965 I ActivityManager: Changes in 10147 2 to 5, 255 to 184
06-17 16:32:51.434  1909  3050 I ActivityManager: Changes in 99157 3 to 10, 184 to 0
06-17 16:33:26.767 15834 15929 W ReactNativeJS: 'This method is deprecated (as well as all React Native Firebase namespaced API) and will be removed in the next major release as part of move to match Firebase Web modular SDK API. Please see migration guide for more details: https://rnfirebase.io/migrating-to-v22 Please use `getApp()` instead.', { [Component Stack] name: 'Component Stack' }
06-17 16:33:26.788 15834 15929 W ReactNativeJS: 'This method is deprecated (as well as all React Native Firebase namespaced API) and will be removed in the next major release as part of move to match Firebase Web modular SDK API. Please see migration guide for more details: https://rnfirebase.io/migrating-to-v22 Please use `getApp()` instead.', { [Component Stack] name: 'Component Stack' }
06-17 16:33:26.805 15834 15929 W ReactNativeJS: 'This method is deprecated (as well as all React Native Firebase namespaced API) and will be removed in the next major release as part of move to match Firebase Web modular SDK API. Please see migration guide for more details: https://rnfirebase.io/migrating-to-v22. Method called was `settings`. Please use `settings()` instead.', { [Component Stack] name: 'Component Stack' }
06-17 16:33:26.830 15834 15929 W ReactNativeJS: 'This method is deprecated (as well as all React Native Firebase namespaced API) and will be removed in the next major release as part of move to match Firebase Web modular SDK API. Please see migration guide for more details: https://rnfirebase.io/migrating-to-v22 Please use `getApp()` instead.', { [Component Stack] name: 'Component Stack' }
06-17 16:33:26.842 15834 15929 W ReactNativeJS: 'This method is deprecated (as well as all React Native Firebase namespaced API) and will be removed in the next major release as part of move to match Firebase Web modular SDK API. Please see migration guide for more details: https://rnfirebase.io/migrating-to-v22. Method called was `logEvent`. Please use `logEvent()` instead.', { [Component Stack] name: 'Component Stack' }
06-17 16:33:26.964  1909  3050 I ActivityManager: Changes in 99157 19 to 3, 0 to 184
06-17 16:33:27.262 15834 15929 W ReactNativeJS: This method is deprecated (as well as all React Native Firebase namespaced API) and will be removed in the next major release as part of move to match Firebase Web modular SDK API. Please see migration guide for more details: https://rnfirebase.io/migrating-to-v22. Method called was `FieldValue`. Please use `FieldValue` instead.
06-17 16:33:27.262 15834 15929 W ReactNativeJS: This method is deprecated (as well as all React Native Firebase namespaced API) and will be removed in the next major release as part of move to match Firebase Web modular SDK API. Please see migration guide for more details: https://rnfirebase.io/migrating-to-v22. Method called was `delete`. Please use `deleteField()` instead.
06-17 16:33:27.263 15834 15929 W ReactNativeJS: This method is deprecated (as well as all React Native Firebase namespaced API) and will be removed in the next major release as part of move to match Firebase Web modular SDK API. Please see migration guide for more details: https://rnfirebase.io/migrating-to-v22. Method called was `FieldValue`. Please use `FieldValue` instead.
06-17 16:33:27.263 15834 15929 W ReactNativeJS: This method is deprecated (as well as all React Native Firebase namespaced API) and will be removed in the next major release as part of move to match Firebase Web modular SDK API. Please see migration guide for more details: https://rnfirebase.io/migrating-to-v22. Method called was `serverTimestamp`. Please use `serverTimestamp()` instead.
06-17 16:33:30.146 15834 15929 W ReactNativeJS: This method is deprecated (as well as all React Native Firebase namespaced API) and will be removed in the next major release as part of move to match Firebase Web modular SDK API. Please see migration guide for more details: https://rnfirebase.io/migrating-to-v22. Method called was `FieldValue`. Please use `FieldValue` instead.
06-17 16:33:30.146 15834 15929 W ReactNativeJS: This method is deprecated (as well as all React Native Firebase namespaced API) and will be removed in the next major release as part of move to match Firebase Web modular SDK API. Please see migration guide for more details: https://rnfirebase.io/migrating-to-v22. Method called was `delete`. Please use `deleteField()` instead.
06-17 16:33:30.146 15834 15929 W ReactNativeJS: This method is deprecated (as well as all React Native Firebase namespaced API) and will be removed in the next major release as part of move to match Firebase Web modular SDK API. Please see migration guide for more details: https://rnfirebase.io/migrating-to-v22. Method called was `FieldValue`. Please use `FieldValue` instead.
06-17 16:33:30.146 15834 15929 W ReactNativeJS: This method is deprecated (as well as all React Native Firebase namespaced API) and will be removed in the next major release as part of move to match Firebase Web modular SDK API. Please see migration guide for more details: https://rnfirebase.io/migrating-to-v22. Method called was `serverTimestamp`. Please use `serverTimestamp()` instead.
06-17 16:33:37.106  1909  4341 I ActivityManager: Changes in 99157 3 to 10, 184 to 0
06-17 16:33:44.834  1909  1972 I ActivityManager: Changes in 10096 19 to 11, 0 to 128
06-17 16:33:44.836  1909  4211 I ActivityManager: Changes in 10096 11 to 19, 128 to 0
06-17 16:35:36.862 15834 15929 W ReactNativeJS: This method is deprecated (as well as all React Native Firebase namespaced API) and will be removed in the next major release as part of move to match Firebase Web modular SDK API. Please see migration guide for more details: https://rnfirebase.io/migrating-to-v22. Method called was `FieldValue`. Please use `FieldValue` instead.
06-17 16:35:36.863 15834 15929 W ReactNativeJS: This method is deprecated (as well as all React Native Firebase namespaced API) and will be removed in the next major release as part of move to match Firebase Web modular SDK API. Please see migration guide for more details: https://rnfirebase.io/migrating-to-v22. Method called was `delete`. Please use `deleteField()` instead.
06-17 16:35:36.863 15834 15929 W ReactNativeJS: This method is deprecated (as well as all React Native Firebase namespaced API) and will be removed in the next major release as part of move to match Firebase Web modular SDK API. Please see migration guide for more details: https://rnfirebase.io/migrating-to-v22. Method called was `FieldValue`. Please use `FieldValue` instead.
06-17 16:35:36.864 15834 15929 W ReactNativeJS: This method is deprecated (as well as all React Native Firebase namespaced API) and will be removed in the next major release as part of move to match Firebase Web modular SDK API. Please see migration guide for more details: https://rnfirebase.io/migrating-to-v22. Method called was `serverTimestamp`. Please use `serverTimestamp()` instead.
06-17 16:37:38.622 15834 15929 W ReactNativeJS: This method is deprecated (as well as all React Native Firebase namespaced API) and will be removed in the next major release as part of move to match Firebase Web modular SDK API. Please see migration guide for more details: https://rnfirebase.io/migrating-to-v22. Method called was `FieldValue`. Please use `FieldValue` instead.
06-17 16:37:38.623 15834 15929 W ReactNativeJS: This method is deprecated (as well as all React Native Firebase namespaced API) and will be removed in the next major release as part of move to match Firebase Web modular SDK API. Please see migration guide for more details: https://rnfirebase.io/migrating-to-v22. Method called was `delete`. Please use `deleteField()` instead.
06-17 16:37:38.623 15834 15929 W ReactNativeJS: This method is deprecated (as well as all React Native Firebase namespaced API) and will be removed in the next major release as part of move to match Firebase Web modular SDK API. Please see migration guide for more details: https://rnfirebase.io/migrating-to-v22. Method called was `FieldValue`. Please use `FieldValue` instead.
06-17 16:37:38.624 15834 15929 W ReactNativeJS: This method is deprecated (as well as all React Native Firebase namespaced API) and will be removed in the next major release as part of move to match Firebase Web modular SDK API. Please see migration guide for more details: https://rnfirebase.io/migrating-to-v22. Method called was `serverTimestamp`. Please use `serverTimestamp()` instead.
06-17 16:38:28.901  1909  3050 I ActivityManager: Changes in 99157 19 to 5, 0 to 184
06-17 16:38:43.938  1909  4211 I ActivityManager: Changes in 99157 5 to 10, 184 to 0
06-17 16:39:41.898 15834 15929 W ReactNativeJS: This method is deprecated (as well as all React Native Firebase namespaced API) and will be removed in the next major release as part of move to match Firebase Web modular SDK API. Please see migration guide for more details: https://rnfirebase.io/migrating-to-v22. Method called was `FieldValue`. Please use `FieldValue` instead.
06-17 16:39:41.898 15834 15929 W ReactNativeJS: This method is deprecated (as well as all React Native Firebase namespaced API) and will be removed in the next major release as part of move to match Firebase Web modular SDK API. Please see migration guide for more details: https://rnfirebase.io/migrating-to-v22. Method called was `delete`. Please use `deleteField()` instead.
06-17 16:39:41.899 15834 15929 W ReactNativeJS: This method is deprecated (as well as all React Native Firebase namespaced API) and will be removed in the next major release as part of move to match Firebase Web modular SDK API. Please see migration guide for more details: https://rnfirebase.io/migrating-to-v22. Method called was `FieldValue`. Please use `FieldValue` instead.
06-17 16:39:41.900 15834 15929 W ReactNativeJS: This method is deprecated (as well as all React Native Firebase namespaced API) and will be removed in the next major release as part of move to match Firebase Web modular SDK API. Please see migration guide for more details: https://rnfirebase.io/migrating-to-v22. Method called was `serverTimestamp`. Please use `serverTimestamp()` instead.
06-17 16:40:28.106  1909  1973 I ActivityManager: Start proc 16150:com.ss.android.ugc.trill/u0a388 for broadcast {com.ss.android.ugc.trill/com.google.firebase.iid.FirebaseInstanceIdReceiver}
06-17 16:40:28.106  1909  1973 I ActivityManager: ProcessObserver broadcast disabled
06-17 16:40:29.454  1909  2803 I ActivityManager: Changes in 10388 19 to 11, 0 to 128
06-17 16:40:29.489  1909  4342 I ActivityManager: Killing 14229:com.samsung.sait.sohservice/1000 (adj 975): empty #25
06-17 16:40:29.511  1909  2803 I ActivityManager: Changes in 99157 19 to 10, 0 to 128
06-17 16:40:29.562  1909  2803 I ActivityManager: Changes in 99157 10 to 10, 128 to 0
06-17 16:40:29.749  1909  1973 I ActivityManager: Start proc 16292:com.sec.android.provider.badge/u0a55 for broadcast {com.sec.android.provider.badge/com.sec.android.provider.badge.BadgeCountReceiver}
06-17 16:40:29.750  1909  1973 I ActivityManager: ProcessObserver broadcast disabled
06-17 16:40:29.872  1909  2803 I ActivityManager: Changes in 10055 19 to 11, 0 to 128
06-17 16:40:29.919  1909  2803 I ActivityManager: Changes in 10055 11 to 5, 128 to 144
06-17 16:40:35.961  1909  1971 I ActivityManager: Changes in 10055 5 to 15, 144 to 0
06-17 16:40:36.089  1909  1971 I ActivityManager: Changes in 99157 19 to 19, 0 to 128
06-17 16:40:36.469  1909  1973 I ActivityManager: Start proc 16459:com.samsung.drmboost/u0a339 for service {com.samsung.drmboost/com.samsung.drmboost.DrmEventService}
06-17 16:40:36.469  1909  1973 I ActivityManager: ProcessObserver broadcast disabled
06-17 16:40:36.613  1909  3050 I ActivityManager: Killing 11874:com.lguplus.appstore/u0a99 (adj 975): empty #25
06-17 16:40:39.609  1909  1973 I ActivityManager: Start proc 16483:com.android.vending/u0a251 for service {com.android.vending/com.google.android.finsky.billing.iab.InAppBillingService}
06-17 16:40:39.609  1909  1973 I ActivityManager: ProcessObserver broadcast disabled
06-17 16:40:39.919  1909  3050 I ActivityManager: Changes in 10251 19 to 10, 0 to 128
06-17 16:40:39.972  1909  2803 I ActivityManager: Killing 10516:com.google.android.as.oss/u0a248 (adj 975): empty #25
06-17 16:40:40.772  1909  4341 I ActivityManager: Changes in 10251 19 to 10, 128 to 0
06-17 16:40:46.088  1909  4341 I ActivityManager: Changes in 99157 19 to 10, 128 to 0
06-17 16:40:49.461  1909  2065 I ActivityManager: Changes in 10388 19 to 19, 128 to 0
06-17 16:40:50.184  1909  1973 I ActivityManager: Start proc 16600:com.android.vending:background/u0a251 for service {com.android.vending/com.google.frameworks.client.data.android.server.play.BackgroundProcessEndpointService}
06-17 16:40:50.184  1909  1973 I ActivityManager: ProcessObserver broadcast disabled
06-17 16:41:01.772  1909  1973 I ActivityManager: Start proc 16754:com.google.android.rkpdapp/u0a348 for service {com.google.android.rkpdapp/com.android.rkpdapp.service.RemoteProvisioningService}
06-17 16:41:01.774  1909  1973 I ActivityManager: ProcessObserver broadcast disabled
06-17 16:41:01.920  1909  4342 I ActivityManager: Changes in 10348 19 to 6, 0 to 128
06-17 16:41:01.939  1909  4356 I ActivityManager: Changes in 10348 6 to 10, 128 to 0
06-17 16:41:01.945  1909  4211 I ActivityManager: Killing 8962:com.samsung.mfcontents/u0a95 (adj 965): empty #25
06-17 16:41:05.077  1909  4211 I ActivityManager: Killing 13838:com.samsung.android.sm.provider/1000 (adj 965): empty #25
06-17 16:41:05.079  1909  4211 I ActivityManager: Killing 14494:com.sec.android.daemonapp:weather_content_provider/u0a215 (adj 965): empty #26
06-17 16:41:44.953 15834 15929 W ReactNativeJS: This method is deprecated (as well as all React Native Firebase namespaced API) and will be removed in the next major release as part of move to match Firebase Web modular SDK API. Please see migration guide for more details: https://rnfirebase.io/migrating-to-v22. Method called was `FieldValue`. Please use `FieldValue` instead.
06-17 16:41:44.954 15834 15929 W ReactNativeJS: This method is deprecated (as well as all React Native Firebase namespaced API) and will be removed in the next major release as part of move to match Firebase Web modular SDK API. Please see migration guide for more details: https://rnfirebase.io/migrating-to-v22. Method called was `delete`. Please use `deleteField()` instead.
06-17 16:41:44.954 15834 15929 W ReactNativeJS: This method is deprecated (as well as all React Native Firebase namespaced API) and will be removed in the next major release as part of move to match Firebase Web modular SDK API. Please see migration guide for more details: https://rnfirebase.io/migrating-to-v22. Method called was `FieldValue`. Please use `FieldValue` instead.
06-17 16:41:44.955 15834 15929 W ReactNativeJS: This method is deprecated (as well as all React Native Firebase namespaced API) and will be removed in the next major release as part of move to match Firebase Web modular SDK API. Please see migration guide for more details: https://rnfirebase.io/migrating-to-v22. Method called was `serverTimestamp`. Please use `serverTimestamp()` instead.
06-17 16:42:55.212  1909  9411 I ActivityManager: Changes in 10107 19 to 5, 0 to 144
06-17 16:43:01.299  1909  1971 I ActivityManager: Changes in 10107 5 to 15, 144 to 0
06-17 16:43:51.834 15834 15929 W ReactNativeJS: This method is deprecated (as well as all React Native Firebase namespaced API) and will be removed in the next major release as part of move to match Firebase Web modular SDK API. Please see migration guide for more details: https://rnfirebase.io/migrating-to-v22. Method called was `FieldValue`. Please use `FieldValue` instead.
06-17 16:43:51.834 15834 15929 W ReactNativeJS: This method is deprecated (as well as all React Native Firebase namespaced API) and will be removed in the next major release as part of move to match Firebase Web modular SDK API. Please see migration guide for more details: https://rnfirebase.io/migrating-to-v22. Method called was `delete`. Please use `deleteField()` instead.
06-17 16:43:51.835 15834 15929 W ReactNativeJS: This method is deprecated (as well as all React Native Firebase namespaced API) and will be removed in the next major release as part of move to match Firebase Web modular SDK API. Please see migration guide for more details: https://rnfirebase.io/migrating-to-v22. Method called was `FieldValue`. Please use `FieldValue` instead.
06-17 16:43:51.835 15834 15929 W ReactNativeJS: This method is deprecated (as well as all React Native Firebase namespaced API) and will be removed in the next major release as part of move to match Firebase Web modular SDK API. Please see migration guide for more details: https://rnfirebase.io/migrating-to-v22. Method called was `serverTimestamp`. Please use `serverTimestamp()` instead.
06-17 16:44:53.459  1909  1972 I ActivityManager: Changes in 10096 19 to 11, 0 to 128
06-17 16:44:53.464  1909  2867 I ActivityManager: Changes in 10096 11 to 19, 128 to 0
06-17 16:44:53.472  1909  1972 I ActivityManager: Changes in 10108 10 to 10, 0 to 128
06-17 16:44:53.484  1909  2867 I ActivityManager: Changes in 10108 10 to 10, 128 to 0
06-17 16:45:58.275 15834 15929 W ReactNativeJS: This method is deprecated (as well as all React Native Firebase namespaced API) and will be removed in the next major release as part of move to match Firebase Web modular SDK API. Please see migration guide for more details: https://rnfirebase.io/migrating-to-v22. Method called was `FieldValue`. Please use `FieldValue` instead.
06-17 16:45:58.275 15834 15929 W ReactNativeJS: This method is deprecated (as well as all React Native Firebase namespaced API) and will be removed in the next major release as part of move to match Firebase Web modular SDK API. Please see migration guide for more details: https://rnfirebase.io/migrating-to-v22. Method called was `delete`. Please use `deleteField()` instead.
06-17 16:45:58.276 15834 15929 W ReactNativeJS: This method is deprecated (as well as all React Native Firebase namespaced API) and will be removed in the next major release as part of move to match Firebase Web modular SDK API. Please see migration guide for more details: https://rnfirebase.io/migrating-to-v22. Method called was `FieldValue`. Please use `FieldValue` instead.
06-17 16:45:58.276 15834 15929 W ReactNativeJS: This method is deprecated (as well as all React Native Firebase namespaced API) and will be removed in the next major release as part of move to match Firebase Web modular SDK API. Please see migration guide for more details: https://rnfirebase.io/migrating-to-v22. Method called was `serverTimestamp`. Please use `serverTimestamp()` instead.
06-17 16:48:05.075 15834 15929 W ReactNativeJS: This method is deprecated (as well as all React Native Firebase namespaced API) and will be removed in the next major release as part of move to match Firebase Web modular SDK API. Please see migration guide for more details: https://rnfirebase.io/migrating-to-v22. Method called was `FieldValue`. Please use `FieldValue` instead.
06-17 16:48:05.076 15834 15929 W ReactNativeJS: This method is deprecated (as well as all React Native Firebase namespaced API) and will be removed in the next major release as part of move to match Firebase Web modular SDK API. Please see migration guide for more details: https://rnfirebase.io/migrating-to-v22. Method called was `delete`. Please use `deleteField()` instead.
06-17 16:48:05.076 15834 15929 W ReactNativeJS: This method is deprecated (as well as all React Native Firebase namespaced API) and will be removed in the next major release as part of move to match Firebase Web modular SDK API. Please see migration guide for more details: https://rnfirebase.io/migrating-to-v22. Method called was `FieldValue`. Please use `FieldValue` instead.
06-17 16:48:05.077 15834 15929 W ReactNativeJS: This method is deprecated (as well as all React Native Firebase namespaced API) and will be removed in the next major release as part of move to match Firebase Web modular SDK API. Please see migration guide for more details: https://rnfirebase.io/migrating-to-v22. Method called was `serverTimestamp`. Please use `serverTimestamp()` instead.
06-17 16:50:15.697 15834 15929 W ReactNativeJS: This method is deprecated (as well as all React Native Firebase namespaced API) and will be removed in the next major release as part of move to match Firebase Web modular SDK API. Please see migration guide for more details: https://rnfirebase.io/migrating-to-v22. Method called was `FieldValue`. Please use `FieldValue` instead.
06-17 16:50:15.697 15834 15929 W ReactNativeJS: This method is deprecated (as well as all React Native Firebase namespaced API) and will be removed in the next major release as part of move to match Firebase Web modular SDK API. Please see migration guide for more details: https://rnfirebase.io/migrating-to-v22. Method called was `delete`. Please use `deleteField()` instead.
06-17 16:50:15.698 15834 15929 W ReactNativeJS: This method is deprecated (as well as all React Native Firebase namespaced API) and will be removed in the next major release as part of move to match Firebase Web modular SDK API. Please see migration guide for more details: https://rnfirebase.io/migrating-to-v22. Method called was `FieldValue`. Please use `FieldValue` instead.
06-17 16:50:15.699 15834 15929 W ReactNativeJS: This method is deprecated (as well as all React Native Firebase namespaced API) and will be removed in the next major release as part of move to match Firebase Web modular SDK API. Please see migration guide for more details: https://rnfirebase.io/migrating-to-v22. Method called was `serverTimestamp`. Please use `serverTimestamp()` instead.
06-17 16:51:58.470  1909  1972 I ActivityManager: Changes in 10096 19 to 11, 0 to 128
06-17 16:51:58.491  1909  4211 I ActivityManager: Changes in 99157 19 to 5, 0 to 184
06-17 16:52:08.485  1909  2065 I ActivityManager: Changes in 10096 19 to 19, 128 to 0
06-17 16:52:13.556  1909  2867 I ActivityManager: Changes in 99157 5 to 10, 184 to 0
06-17 16:52:47.992 15834 15929 W ReactNativeJS: This method is deprecated (as well as all React Native Firebase namespaced API) and will be removed in the next major release as part of move to match Firebase Web modular SDK API. Please see migration guide for more details: https://rnfirebase.io/migrating-to-v22. Method called was `FieldValue`. Please use `FieldValue` instead.
06-17 16:52:47.993 15834 15929 W ReactNativeJS: This method is deprecated (as well as all React Native Firebase namespaced API) and will be removed in the next major release as part of move to match Firebase Web modular SDK API. Please see migration guide for more details: https://rnfirebase.io/migrating-to-v22. Method called was `delete`. Please use `deleteField()` instead.
06-17 16:52:47.993 15834 15929 W ReactNativeJS: This method is deprecated (as well as all React Native Firebase namespaced API) and will be removed in the next major release as part of move to match Firebase Web modular SDK API. Please see migration guide for more details: https://rnfirebase.io/migrating-to-v22. Method called was `FieldValue`. Please use `FieldValue` instead.
06-17 16:52:47.994 15834 15929 W ReactNativeJS: This method is deprecated (as well as all React Native Firebase namespaced API) and will be removed in the next major release as part of move to match Firebase Web modular SDK API. Please see migration guide for more details: https://rnfirebase.io/migrating-to-v22. Method called was `serverTimestamp`. Please use `serverTimestamp()` instead.
06-17 16:54:50.395 15834 15929 W ReactNativeJS: This method is deprecated (as well as all React Native Firebase namespaced API) and will be removed in the next major release as part of move to match Firebase Web modular SDK API. Please see migration guide for more details: https://rnfirebase.io/migrating-to-v22. Method called was `FieldValue`. Please use `FieldValue` instead.
06-17 16:54:50.395 15834 15929 W ReactNativeJS: This method is deprecated (as well as all React Native Firebase namespaced API) and will be removed in the next major release as part of move to match Firebase Web modular SDK API. Please see migration guide for more details: https://rnfirebase.io/migrating-to-v22. Method called was `delete`. Please use `deleteField()` instead.
06-17 16:54:50.396 15834 15929 W ReactNativeJS: This method is deprecated (as well as all React Native Firebase namespaced API) and will be removed in the next major release as part of move to match Firebase Web modular SDK API. Please see migration guide for more details: https://rnfirebase.io/migrating-to-v22. Method called was `FieldValue`. Please use `FieldValue` instead.
06-17 16:54:50.396 15834 15929 W ReactNativeJS: This method is deprecated (as well as all React Native Firebase namespaced API) and will be removed in the next major release as part of move to match Firebase Web modular SDK API. Please see migration guide for more details: https://rnfirebase.io/migrating-to-v22. Method called was `serverTimestamp`. Please use `serverTimestamp()` instead.
06-17 16:56:31.563  1909  1965 I ActivityManager: Changes in 10147 5 to 2, 184 to 255
06-17 16:56:32.308  1909  1965 I ActivityManager: Changes in 11051 2 to 15, 255 to 128
06-17 16:56:32.450  1909  2225 I ActivityManager: Changes in 99157 19 to 10, 0 to 128
06-17 16:56:32.481  1909  2225 I ActivityManager: Changes in 99157 15 to 15, 128 to 0
06-17 16:56:32.481  1909  2225 I ActivityManager: Changes in 11051 15 to 15, 128 to 0
06-17 16:56:35.382  1909  1965 I ActivityManager: Changes in 10124 19 to 2, 0 to 255
06-17 16:56:35.422  1909  4407 I ActivityManager: Changes in 10066 19 to 3, 0 to 144
06-17 16:56:35.727  1909  1965 I ActivityManager: Changes in 10147 2 to 5, 255 to 184
06-17 16:56:36.308  1909  1973 I ActivityManager: Start proc 17847:com.samsung.android.scloud/5009 for content provider {com.samsung.android.scloud/com.samsung.android.scloud.app.datamigrator.provider.LinkContextProvider}
06-17 16:56:36.308  1909  1973 I ActivityManager: ProcessObserver broadcast disabled
06-17 16:56:37.583  1909  4407 I ActivityManager: Changes in 5004 19 to 3, 0 to 144
06-17 16:56:37.587  1909  4407 I ActivityManager: Changes in 10117 19 to 3, 0 to 184
06-17 16:56:37.835  1909  1973 I ActivityManager: Start proc 18002:com.sec.android.app.soundalive/u0a140 for content provider {com.sec.android.app.soundalive/com.sec.android.app.soundalive.compatibility.SAContentProvider}
06-17 16:56:37.835  1909  1973 I ActivityManager: ProcessObserver broadcast disabled
06-17 16:56:38.042  1909  4342 I ActivityManager: Changes in 10140 19 to 5, 0 to 144
06-17 16:56:38.294  1909  4342 I ActivityManager: Changes in 10117 3 to 10, 184 to 0
06-17 16:56:43.601  1909  1971 I ActivityManager: Changes in 5004 3 to 15, 144 to 0
06-17 16:56:43.953  1909  1971 I ActivityManager: Changes in 10140 5 to 15, 144 to 0
06-17 16:56:44.329  1909  2369 I ActivityManager: Changes in 10140 15 to 5, 0 to 144
06-17 16:56:50.339  1909  1971 I ActivityManager: Changes in 10140 5 to 15, 144 to 0
06-17 16:57:00.203  1909  1973 I ActivityManager: Start proc 18321:com.samsung.android.sdk.ocr/u0a190 for content provider {com.samsung.android.sdk.ocr/com.samsung.android.sdk.ocr.resourcemanager.OcrResProvider}
06-17 16:57:00.204  1909  1973 I ActivityManager: ProcessObserver broadcast disabled
06-17 16:57:00.278  1909  2369 I ActivityManager: Changes in 10140 15 to 5, 0 to 144
06-17 16:57:00.372  1909  4407 I ActivityManager: Changes in 10190 19 to 3, 0 to 144
06-17 16:57:00.722  1909  2410 I ActivityManager: Killing 16150:com.ss.android.ugc.trill/u0a388 (adj 945): Chimera #0
06-17 16:57:02.105  1909  4227 I ActivityManager: Changes in 5004 15 to 3, 0 to 144
06-17 16:57:06.289  1909  1971 I ActivityManager: Changes in 10140 5 to 15, 144 to 0
06-17 16:57:06.397  1909  1971 I ActivityManager: Changes in 10190 3 to 15, 144 to 0
06-17 16:57:08.121  1909  1971 I ActivityManager: Changes in 5004 3 to 15, 144 to 0
06-17 16:57:12.730  1909  2369 I ActivityManager: Changes in 10140 15 to 5, 0 to 144
06-17 16:57:18.737  1909  1971 I ActivityManager: Changes in 10140 5 to 15, 144 to 0
06-17 16:57:38.739  1909  1972 I ActivityManager: Killing 14481:com.samsung.android.app.aodservice/u0a53 (adj 975): empty #25
06-17 16:58:06.320  1909  1965 I ActivityManager: Changes in 10147 5 to 2, 184 to 255
06-17 16:58:06.909  1909  1965 I ActivityManager: Changes in 10124 2 to 15, 255 to 128
06-17 16:58:06.910  1909  1965 I ActivityManager: Changes in 10066 3 to 15, 144 to 128
06-17 16:58:07.227  1909  2057 I ActivityManager: Changes in 10124 15 to 15, 128 to 0
06-17 16:58:07.227  1909  2057 I ActivityManager: Changes in 10066 15 to 15, 128 to 0
06-17 16:58:07.332  1909  1965 I ActivityManager: Changes in 11051 16 to 2, 0 to 255
06-17 16:58:07.481  1909  4206 I ActivityManager: Changes in 99157 19 to 3, 0 to 184
06-17 16:58:07.850  1909  1965 I ActivityManager: Changes in 10147 2 to 5, 255 to 184
06-17 16:58:08.508 15834 15929 W ReactNativeJS: This method is deprecated (as well as all React Native Firebase namespaced API) and will be removed in the next major release as part of move to match Firebase Web modular SDK API. Please see migration guide for more details: https://rnfirebase.io/migrating-to-v22. Method called was `FieldValue`. Please use `FieldValue` instead.
06-17 16:58:08.509 15834 15929 W ReactNativeJS: This method is deprecated (as well as all React Native Firebase namespaced API) and will be removed in the next major release as part of move to match Firebase Web modular SDK API. Please see migration guide for more details: https://rnfirebase.io/migrating-to-v22. Method called was `delete`. Please use `deleteField()` instead.
06-17 16:58:08.509 15834 15929 W ReactNativeJS: This method is deprecated (as well as all React Native Firebase namespaced API) and will be removed in the next major release as part of move to match Firebase Web modular SDK API. Please see migration guide for more details: https://rnfirebase.io/migrating-to-v22. Method called was `FieldValue`. Please use `FieldValue` instead.
06-17 16:58:08.510 15834 15929 W ReactNativeJS: This method is deprecated (as well as all React Native Firebase namespaced API) and will be removed in the next major release as part of move to match Firebase Web modular SDK API. Please see migration guide for more details: https://rnfirebase.io/migrating-to-v22. Method called was `serverTimestamp`. Please use `serverTimestamp()` instead.
06-17 16:58:17.887  1909  4407 I ActivityManager: Changes in 99157 3 to 10, 184 to 0
06-17 17:00:13.063 15834 15929 W ReactNativeJS: This method is deprecated (as well as all React Native Firebase namespaced API) and will be removed in the next major release as part of move to match Firebase Web modular SDK API. Please see migration guide for more details: https://rnfirebase.io/migrating-to-v22. Method called was `FieldValue`. Please use `FieldValue` instead.
06-17 17:00:13.064 15834 15929 W ReactNativeJS: This method is deprecated (as well as all React Native Firebase namespaced API) and will be removed in the next major release as part of move to match Firebase Web modular SDK API. Please see migration guide for more details: https://rnfirebase.io/migrating-to-v22. Method called was `delete`. Please use `deleteField()` instead.
06-17 17:00:13.064 15834 15929 W ReactNativeJS: This method is deprecated (as well as all React Native Firebase namespaced API) and will be removed in the next major release as part of move to match Firebase Web modular SDK API. Please see migration guide for more details: https://rnfirebase.io/migrating-to-v22. Method called was `FieldValue`. Please use `FieldValue` instead.
06-17 17:00:13.065 15834 15929 W ReactNativeJS: This method is deprecated (as well as all React Native Firebase namespaced API) and will be removed in the next major release as part of move to match Firebase Web modular SDK API. Please see migration guide for more details: https://rnfirebase.io/migrating-to-v22. Method called was `serverTimestamp`. Please use `serverTimestamp()` instead.
06-17 17:02:14.681 15834 15929 W ReactNativeJS: This method is deprecated (as well as all React Native Firebase namespaced API) and will be removed in the next major release as part of move to match Firebase Web modular SDK API. Please see migration guide for more details: https://rnfirebase.io/migrating-to-v22. Method called was `FieldValue`. Please use `FieldValue` instead.
06-17 17:02:14.681 15834 15929 W ReactNativeJS: This method is deprecated (as well as all React Native Firebase namespaced API) and will be removed in the next major release as part of move to match Firebase Web modular SDK API. Please see migration guide for more details: https://rnfirebase.io/migrating-to-v22. Method called was `delete`. Please use `deleteField()` instead.
06-17 17:02:14.682 15834 15929 W ReactNativeJS: This method is deprecated (as well as all React Native Firebase namespaced API) and will be removed in the next major release as part of move to match Firebase Web modular SDK API. Please see migration guide for more details: https://rnfirebase.io/migrating-to-v22. Method called was `FieldValue`. Please use `FieldValue` instead.
06-17 17:02:14.682 15834 15929 W ReactNativeJS: This method is deprecated (as well as all React Native Firebase namespaced API) and will be removed in the next major release as part of move to match Firebase Web modular SDK API. Please see migration guide for more details: https://rnfirebase.io/migrating-to-v22. Method called was `serverTimestamp`. Please use `serverTimestamp()` instead.
06-17 17:02:23.491  1909  1972 I ActivityManager: Changes in 10096 19 to 11, 0 to 128
06-17 17:02:23.503  1909  4206 I ActivityManager: Changes in 10096 11 to 19, 128 to 0
06-17 17:02:23.504  1909  1973 I ActivityManager: Start proc 18778:com.samsung.android.game.gos/u0a76 for service {com.samsung.android.game.gos/com.samsung.android.game.gos.service.MainIntentService}
06-17 17:02:23.505  1909  1973 I ActivityManager: ProcessObserver broadcast disabled
06-17 17:02:23.583  1909  4206 I ActivityManager: Changes in 99157 19 to 5, 0 to 184
06-17 17:02:38.929  1909  2225 I ActivityManager: Changes in 99157 5 to 10, 184 to 0
06-17 17:02:38.936  1909  2225 I ActivityManager: Killing 14540:com.sec.android.daemonapp/u0a215 (adj 975): empty #25
06-17 17:03:44.840  1909  1972 I ActivityManager: Changes in 10096 19 to 11, 0 to 128
06-17 17:03:44.846  1909  4206 I ActivityManager: Changes in 10096 11 to 19, 128 to 0
06-17 17:04:49.891 15834 18874 W ReactNativeJS: 'This method is deprecated (as well as all React Native Firebase namespaced API) and will be removed in the next major release as part of move to match Firebase Web modular SDK API. Please see migration guide for more details: https://rnfirebase.io/migrating-to-v22 Please use `getApp()` instead.', { [Component Stack] name: 'Component Stack' }
06-17 17:04:49.909 15834 18874 W ReactNativeJS: 'This method is deprecated (as well as all React Native Firebase namespaced API) and will be removed in the next major release as part of move to match Firebase Web modular SDK API. Please see migration guide for more details: https://rnfirebase.io/migrating-to-v22 Please use `getApp()` instead.', { [Component Stack] name: 'Component Stack' }
06-17 17:04:49.924 15834 18874 W ReactNativeJS: 'This method is deprecated (as well as all React Native Firebase namespaced API) and will be removed in the next major release as part of move to match Firebase Web modular SDK API. Please see migration guide for more details: https://rnfirebase.io/migrating-to-v22. Method called was `settings`. Please use `settings()` instead.', { [Component Stack] name: 'Component Stack' }
06-17 17:04:49.946 15834 18874 W ReactNativeJS: 'This method is deprecated (as well as all React Native Firebase namespaced API) and will be removed in the next major release as part of move to match Firebase Web modular SDK API. Please see migration guide for more details: https://rnfirebase.io/migrating-to-v22 Please use `getApp()` instead.', { [Component Stack] name: 'Component Stack' }
06-17 17:04:49.956 15834 18874 W ReactNativeJS: 'This method is deprecated (as well as all React Native Firebase namespaced API) and will be removed in the next major release as part of move to match Firebase Web modular SDK API. Please see migration guide for more details: https://rnfirebase.io/migrating-to-v22. Method called was `logEvent`. Please use `logEvent()` instead.', { [Component Stack] name: 'Component Stack' }
06-17 17:04:49.996  1909  2749 I ActivityManager: Changes in 99157 19 to 3, 0 to 184
06-17 17:04:50.323 15834 18874 W ReactNativeJS: This method is deprecated (as well as all React Native Firebase namespaced API) and will be removed in the next major release as part of move to match Firebase Web modular SDK API. Please see migration guide for more details: https://rnfirebase.io/migrating-to-v22. Method called was `FieldValue`. Please use `FieldValue` instead.
06-17 17:04:50.323 15834 18874 W ReactNativeJS: This method is deprecated (as well as all React Native Firebase namespaced API) and will be removed in the next major release as part of move to match Firebase Web modular SDK API. Please see migration guide for more details: https://rnfirebase.io/migrating-to-v22. Method called was `delete`. Please use `deleteField()` instead.
06-17 17:04:50.323 15834 18874 W ReactNativeJS: This method is deprecated (as well as all React Native Firebase namespaced API) and will be removed in the next major release as part of move to match Firebase Web modular SDK API. Please see migration guide for more details: https://rnfirebase.io/migrating-to-v22. Method called was `FieldValue`. Please use `FieldValue` instead.
06-17 17:04:50.324 15834 18874 W ReactNativeJS: This method is deprecated (as well as all React Native Firebase namespaced API) and will be removed in the next major release as part of move to match Firebase Web modular SDK API. Please see migration guide for more details: https://rnfirebase.io/migrating-to-v22. Method called was `serverTimestamp`. Please use `serverTimestamp()` instead.
06-17 17:04:53.166 15834 18874 W ReactNativeJS: This method is deprecated (as well as all React Native Firebase namespaced API) and will be removed in the next major release as part of move to match Firebase Web modular SDK API. Please see migration guide for more details: https://rnfirebase.io/migrating-to-v22. Method called was `FieldValue`. Please use `FieldValue` instead.
06-17 17:04:53.166 15834 18874 W ReactNativeJS: This method is deprecated (as well as all React Native Firebase namespaced API) and will be removed in the next major release as part of move to match Firebase Web modular SDK API. Please see migration guide for more details: https://rnfirebase.io/migrating-to-v22. Method called was `delete`. Please use `deleteField()` instead.
06-17 17:04:53.166 15834 18874 W ReactNativeJS: This method is deprecated (as well as all React Native Firebase namespaced API) and will be removed in the next major release as part of move to match Firebase Web modular SDK API. Please see migration guide for more details: https://rnfirebase.io/migrating-to-v22. Method called was `FieldValue`. Please use `FieldValue` instead.
06-17 17:04:53.167 15834 18874 W ReactNativeJS: This method is deprecated (as well as all React Native Firebase namespaced API) and will be removed in the next major release as part of move to match Firebase Web modular SDK API. Please see migration guide for more details: https://rnfirebase.io/migrating-to-v22. Method called was `serverTimestamp`. Please use `serverTimestamp()` instead.
06-17 17:05:00.044  1909  3174 I ActivityManager: Changes in 99157 3 to 10, 184 to 0
06-17 17:05:27.512 15834 18874 W ReactNativeJS: 'This method is deprecated (as well as all React Native Firebase namespaced API) and will be removed in the next major release as part of move to match Firebase Web modular SDK API. Please see migration guide for more details: https://rnfirebase.io/migrating-to-v22 Please use `getApp()` instead.', { [Component Stack] name: 'Component Stack' }
06-17 17:05:27.526 15834 18874 W ReactNativeJS: 'This method is deprecated (as well as all React Native Firebase namespaced API) and will be removed in the next major release as part of move to match Firebase Web modular SDK API. Please see migration guide for more details: https://rnfirebase.io/migrating-to-v22 Please use `getApp()` instead.', { [Component Stack] name: 'Component Stack' }
06-17 17:05:27.536 15834 18874 W ReactNativeJS: 'This method is deprecated (as well as all React Native Firebase namespaced API) and will be removed in the next major release as part of move to match Firebase Web modular SDK API. Please see migration guide for more details: https://rnfirebase.io/migrating-to-v22. Method called was `logEvent`. Please use `logEvent()` instead.', { [Component Stack] name: 'Component Stack' }
06-17 17:05:27.564  1909  4407 I ActivityManager: Changes in 99157 19 to 3, 0 to 184
06-17 17:05:27.918 15834 18874 W ReactNativeJS: This method is deprecated (as well as all React Native Firebase namespaced API) and will be removed in the next major release as part of move to match Firebase Web modular SDK API. Please see migration guide for more details: https://rnfirebase.io/migrating-to-v22. Method called was `FieldValue`. Please use `FieldValue` instead.
06-17 17:05:27.918 15834 18874 W ReactNativeJS: This method is deprecated (as well as all React Native Firebase namespaced API) and will be removed in the next major release as part of move to match Firebase Web modular SDK API. Please see migration guide for more details: https://rnfirebase.io/migrating-to-v22. Method called was `delete`. Please use `deleteField()` instead.
06-17 17:05:27.918 15834 18874 W ReactNativeJS: This method is deprecated (as well as all React Native Firebase namespaced API) and will be removed in the next major release as part of move to match Firebase Web modular SDK API. Please see migration guide for more details: https://rnfirebase.io/migrating-to-v22. Method called was `FieldValue`. Please use `FieldValue` instead.
06-17 17:05:27.918 15834 18874 W ReactNativeJS: This method is deprecated (as well as all React Native Firebase namespaced API) and will be removed in the next major release as part of move to match Firebase Web modular SDK API. Please see migration guide for more details: https://rnfirebase.io/migrating-to-v22. Method called was `serverTimestamp`. Please use `serverTimestamp()` instead.
06-17 17:05:37.617  1909  4407 I ActivityManager: Changes in 99157 3 to 10, 184 to 0
06-17 17:05:48.314 15834 18874 W ReactNativeJS: 'This method is deprecated (as well as all React Native Firebase namespaced API) and will be removed in the next major release as part of move to match Firebase Web modular SDK API. Please see migration guide for more details: https://rnfirebase.io/migrating-to-v22 Please use `getApp()` instead.', { [Component Stack] name: 'Component Stack' }
06-17 17:05:48.324 15834 18874 W ReactNativeJS: 'This method is deprecated (as well as all React Native Firebase namespaced API) and will be removed in the next major release as part of move to match Firebase Web modular SDK API. Please see migration guide for more details: https://rnfirebase.io/migrating-to-v22 Please use `getApp()` instead.', { [Component Stack] name: 'Component Stack' }
06-17 17:05:48.336 15834 18874 W ReactNativeJS: 'This method is deprecated (as well as all React Native Firebase namespaced API) and will be removed in the next major release as part of move to match Firebase Web modular SDK API. Please see migration guide for more details: https://rnfirebase.io/migrating-to-v22. Method called was `logEvent`. Please use `logEvent()` instead.', { [Component Stack] name: 'Component Stack' }
06-17 17:05:48.380  1909  2803 I ActivityManager: Changes in 99157 19 to 3, 0 to 184
06-17 17:05:48.737 15834 18874 W ReactNativeJS: This method is deprecated (as well as all React Native Firebase namespaced API) and will be removed in the next major release as part of move to match Firebase Web modular SDK API. Please see migration guide for more details: https://rnfirebase.io/migrating-to-v22. Method called was `FieldValue`. Please use `FieldValue` instead.
06-17 17:05:48.737 15834 18874 W ReactNativeJS: This method is deprecated (as well as all React Native Firebase namespaced API) and will be removed in the next major release as part of move to match Firebase Web modular SDK API. Please see migration guide for more details: https://rnfirebase.io/migrating-to-v22. Method called was `delete`. Please use `deleteField()` instead.
06-17 17:05:48.738 15834 18874 W ReactNativeJS: This method is deprecated (as well as all React Native Firebase namespaced API) and will be removed in the next major release as part of move to match Firebase Web modular SDK API. Please see migration guide for more details: https://rnfirebase.io/migrating-to-v22. Method called was `FieldValue`. Please use `FieldValue` instead.
06-17 17:05:48.738 15834 18874 W ReactNativeJS: This method is deprecated (as well as all React Native Firebase namespaced API) and will be removed in the next major release as part of move to match Firebase Web modular SDK API. Please see migration guide for more details: https://rnfirebase.io/migrating-to-v22. Method called was `serverTimestamp`. Please use `serverTimestamp()` instead.
06-17 17:05:58.433  1909  3174 I ActivityManager: Changes in 99157 3 to 10, 184 to 0
06-17 17:06:16.142 15834 18874 W ReactNativeJS: 'This method is deprecated (as well as all React Native Firebase namespaced API) and will be removed in the next major release as part of move to match Firebase Web modular SDK API. Please see migration guide for more details: https://rnfirebase.io/migrating-to-v22 Please use `getApp()` instead.', { [Component Stack] name: 'Component Stack' }
06-17 17:06:16.155 15834 18874 W ReactNativeJS: 'This method is deprecated (as well as all React Native Firebase namespaced API) and will be removed in the next major release as part of move to match Firebase Web modular SDK API. Please see migration guide for more details: https://rnfirebase.io/migrating-to-v22 Please use `getApp()` instead.', { [Component Stack] name: 'Component Stack' }
06-17 17:06:16.165 15834 18874 W ReactNativeJS: 'This method is deprecated (as well as all React Native Firebase namespaced API) and will be removed in the next major release as part of move to match Firebase Web modular SDK API. Please see migration guide for more details: https://rnfirebase.io/migrating-to-v22. Method called was `logEvent`. Please use `logEvent()` instead.', { [Component Stack] name: 'Component Stack' }
06-17 17:06:16.194  1909  2803 I ActivityManager: Changes in 99157 19 to 3, 0 to 184
06-17 17:06:16.540 15834 18874 W ReactNativeJS: This method is deprecated (as well as all React Native Firebase namespaced API) and will be removed in the next major release as part of move to match Firebase Web modular SDK API. Please see migration guide for more details: https://rnfirebase.io/migrating-to-v22. Method called was `FieldValue`. Please use `FieldValue` instead.
06-17 17:06:16.540 15834 18874 W ReactNativeJS: This method is deprecated (as well as all React Native Firebase namespaced API) and will be removed in the next major release as part of move to match Firebase Web modular SDK API. Please see migration guide for more details: https://rnfirebase.io/migrating-to-v22. Method called was `delete`. Please use `deleteField()` instead.
06-17 17:06:16.540 15834 18874 W ReactNativeJS: This method is deprecated (as well as all React Native Firebase namespaced API) and will be removed in the next major release as part of move to match Firebase Web modular SDK API. Please see migration guide for more details: https://rnfirebase.io/migrating-to-v22. Method called was `FieldValue`. Please use `FieldValue` instead.
06-17 17:06:16.541 15834 18874 W ReactNativeJS: This method is deprecated (as well as all React Native Firebase namespaced API) and will be removed in the next major release as part of move to match Firebase Web modular SDK API. Please see migration guide for more details: https://rnfirebase.io/migrating-to-v22. Method called was `serverTimestamp`. Please use `serverTimestamp()` instead.
06-17 17:06:26.246  1909  2803 I ActivityManager: Changes in 99157 3 to 10, 184 to 0
06-17 17:06:53.605  1909  1935 W ActivityManager: pid 10796 com.samsung.android.scs sent binder code 1 with flags 2 to frozen apps and got error -2147483646
06-17 17:06:53.606  1909  1972 I ActivityManager: Killing 13287:com.samsung.cmh/5004 (adj 905): Sync transaction while frozen
06-17 17:06:53.611  1909  1935 I ActivityManager: Process com.samsung.cmh (pid 13287) early provider death
06-17 17:06:53.614  1909  1935 W ActivityManager: ProcessRecord{fdcd9a7 0:com.samsung.cmh/5004} is attached to a previous process 13287
06-17 17:06:53.671  1909  1973 W ActivityManager: Slow operation: 55ms so far, now at startProcess: returned from zygote!
06-17 17:06:53.672  1909  1973 W ActivityManager: Slow operation: 55ms so far, now at startProcess: done updating battery stats
06-17 17:06:53.672  1909  1973 W ActivityManager: Slow operation: 55ms so far, now at startProcess: building log message
06-17 17:06:53.672  1909  1973 I ActivityManager: Start proc 18965:com.samsung.cmh/5004 for content provider {com.samsung.cmh/com.samsung.cmh.provider.CMHProvider}
06-17 17:06:53.672  1909  1973 W ActivityManager: Slow operation: 56ms so far, now at startProcess: starting to update pids map
06-17 17:06:53.672  1909  1973 I ActivityManager: ProcessObserver broadcast disabled
06-17 17:06:53.672  1909  1973 W ActivityManager: Slow operation: 56ms so far, now at startProcess: done updating pids map
06-17 17:06:53.882  1909  4407 W ActivityManager: pid 18965 com.samsung.cmh sent binder code 21 with flags 2 to frozen apps and got error -2147483646
06-17 17:07:57.067 15834 18874 W ReactNativeJS: This method is deprecated (as well as all React Native Firebase namespaced API) and will be removed in the next major release as part of move to match Firebase Web modular SDK API. Please see migration guide for more details: https://rnfirebase.io/migrating-to-v22. Method called was `FieldValue`. Please use `FieldValue` instead.
06-17 17:07:57.068 15834 18874 W ReactNativeJS: This method is deprecated (as well as all React Native Firebase namespaced API) and will be removed in the next major release as part of move to match Firebase Web modular SDK API. Please see migration guide for more details: https://rnfirebase.io/migrating-to-v22. Method called was `delete`. Please use `deleteField()` instead.
06-17 17:07:57.068 15834 18874 W ReactNativeJS: This method is deprecated (as well as all React Native Firebase namespaced API) and will be removed in the next major release as part of move to match Firebase Web modular SDK API. Please see migration guide for more details: https://rnfirebase.io/migrating-to-v22. Method called was `FieldValue`. Please use `FieldValue` instead.
06-17 17:07:57.069 15834 18874 W ReactNativeJS: This method is deprecated (as well as all React Native Firebase namespaced API) and will be removed in the next major release as part of move to match Firebase Web modular SDK API. Please see migration guide for more details: https://rnfirebase.io/migrating-to-v22. Method called was `serverTimestamp`. Please use `serverTimestamp()` instead.
06-17 17:10:02.317 15834 18874 W ReactNativeJS: This method is deprecated (as well as all React Native Firebase namespaced API) and will be removed in the next major release as part of move to match Firebase Web modular SDK API. Please see migration guide for more details: https://rnfirebase.io/migrating-to-v22. Method called was `FieldValue`. Please use `FieldValue` instead.
06-17 17:10:02.317 15834 18874 W ReactNativeJS: This method is deprecated (as well as all React Native Firebase namespaced API) and will be removed in the next major release as part of move to match Firebase Web modular SDK API. Please see migration guide for more details: https://rnfirebase.io/migrating-to-v22. Method called was `delete`. Please use `deleteField()` instead.
06-17 17:10:02.318 15834 18874 W ReactNativeJS: This method is deprecated (as well as all React Native Firebase namespaced API) and will be removed in the next major release as part of move to match Firebase Web modular SDK API. Please see migration guide for more details: https://rnfirebase.io/migrating-to-v22. Method called was `FieldValue`. Please use `FieldValue` instead.
06-17 17:10:02.319 15834 18874 W ReactNativeJS: This method is deprecated (as well as all React Native Firebase namespaced API) and will be removed in the next major release as part of move to match Firebase Web modular SDK API. Please see migration guide for more details: https://rnfirebase.io/migrating-to-v22. Method called was `serverTimestamp`. Please use `serverTimestamp()` instead.
06-17 17:11:58.474  1909  1972 I ActivityManager: Changes in 10096 19 to 11, 0 to 128
06-17 17:11:58.501  1909  3606 I ActivityManager: Changes in 99157 19 to 5, 0 to 184
06-17 17:12:07.555 15834 18874 W ReactNativeJS: This method is deprecated (as well as all React Native Firebase namespaced API) and will be removed in the next major release as part of move to match Firebase Web modular SDK API. Please see migration guide for more details: https://rnfirebase.io/migrating-to-v22. Method called was `FieldValue`. Please use `FieldValue` instead.
06-17 17:12:07.555 15834 18874 W ReactNativeJS: This method is deprecated (as well as all React Native Firebase namespaced API) and will be removed in the next major release as part of move to match Firebase Web modular SDK API. Please see migration guide for more details: https://rnfirebase.io/migrating-to-v22. Method called was `delete`. Please use `deleteField()` instead.
06-17 17:12:07.556 15834 18874 W ReactNativeJS: This method is deprecated (as well as all React Native Firebase namespaced API) and will be removed in the next major release as part of move to match Firebase Web modular SDK API. Please see migration guide for more details: https://rnfirebase.io/migrating-to-v22. Method called was `FieldValue`. Please use `FieldValue` instead.
06-17 17:12:07.556 15834 18874 W ReactNativeJS: This method is deprecated (as well as all React Native Firebase namespaced API) and will be removed in the next major release as part of move to match Firebase Web modular SDK API. Please see migration guide for more details: https://rnfirebase.io/migrating-to-v22. Method called was `serverTimestamp`. Please use `serverTimestamp()` instead.
06-17 17:12:08.485  1909  2065 I ActivityManager: Changes in 10096 19 to 19, 128 to 0
06-17 17:12:13.567  1909  3606 I ActivityManager: Changes in 99157 5 to 10, 184 to 0
06-17 17:12:58.761  1909  9411 I ActivityManager: Changes in 10107 19 to 5, 0 to 144
06-17 17:13:04.841  1909  1971 I ActivityManager: Changes in 10107 5 to 15, 144 to 0
06-17 17:14:16.092 15834 18874 W ReactNativeJS: This method is deprecated (as well as all React Native Firebase namespaced API) and will be removed in the next major release as part of move to match Firebase Web modular SDK API. Please see migration guide for more details: https://rnfirebase.io/migrating-to-v22. Method called was `FieldValue`. Please use `FieldValue` instead.
06-17 17:14:16.092 15834 18874 W ReactNativeJS: This method is deprecated (as well as all React Native Firebase namespaced API) and will be removed in the next major release as part of move to match Firebase Web modular SDK API. Please see migration guide for more details: https://rnfirebase.io/migrating-to-v22. Method called was `delete`. Please use `deleteField()` instead.
06-17 17:14:16.093 15834 18874 W ReactNativeJS: This method is deprecated (as well as all React Native Firebase namespaced API) and will be removed in the next major release as part of move to match Firebase Web modular SDK API. Please see migration guide for more details: https://rnfirebase.io/migrating-to-v22. Method called was `FieldValue`. Please use `FieldValue` instead.
06-17 17:14:16.093 15834 18874 W ReactNativeJS: This method is deprecated (as well as all React Native Firebase namespaced API) and will be removed in the next major release as part of move to match Firebase Web modular SDK API. Please see migration guide for more details: https://rnfirebase.io/migrating-to-v22. Method called was `serverTimestamp`. Please use `serverTimestamp()` instead.
06-17 17:16:19.215 15834 19246 W ReactNativeJS: 'This method is deprecated (as well as all React Native Firebase namespaced API) and will be removed in the next major release as part of move to match Firebase Web modular SDK API. Please see migration guide for more details: https://rnfirebase.io/migrating-to-v22 Please use `getApp()` instead.', { [Component Stack] name: 'Component Stack' }
06-17 17:16:19.236 15834 19246 W ReactNativeJS: 'This method is deprecated (as well as all React Native Firebase namespaced API) and will be removed in the next major release as part of move to match Firebase Web modular SDK API. Please see migration guide for more details: https://rnfirebase.io/migrating-to-v22 Please use `getApp()` instead.', { [Component Stack] name: 'Component Stack' }
06-17 17:16:19.253 15834 19246 W ReactNativeJS: 'This method is deprecated (as well as all React Native Firebase namespaced API) and will be removed in the next major release as part of move to match Firebase Web modular SDK API. Please see migration guide for more details: https://rnfirebase.io/migrating-to-v22. Method called was `settings`. Please use `settings()` instead.', { [Component Stack] name: 'Component Stack' }
06-17 17:16:19.278 15834 19246 W ReactNativeJS: 'This method is deprecated (as well as all React Native Firebase namespaced API) and will be removed in the next major release as part of move to match Firebase Web modular SDK API. Please see migration guide for more details: https://rnfirebase.io/migrating-to-v22 Please use `getApp()` instead.', { [Component Stack] name: 'Component Stack' }
06-17 17:16:19.289 15834 19246 W ReactNativeJS: 'This method is deprecated (as well as all React Native Firebase namespaced API) and will be removed in the next major release as part of move to match Firebase Web modular SDK API. Please see migration guide for more details: https://rnfirebase.io/migrating-to-v22. Method called was `logEvent`. Please use `logEvent()` instead.', { [Component Stack] name: 'Component Stack' }
06-17 17:16:19.317  1909  1935 I ActivityManager: Changes in 99157 19 to 3, 0 to 184
06-17 17:16:19.680 15834 19246 W ReactNativeJS: This method is deprecated (as well as all React Native Firebase namespaced API) and will be removed in the next major release as part of move to match Firebase Web modular SDK API. Please see migration guide for more details: https://rnfirebase.io/migrating-to-v22. Method called was `FieldValue`. Please use `FieldValue` instead.
06-17 17:16:19.680 15834 19246 W ReactNativeJS: This method is deprecated (as well as all React Native Firebase namespaced API) and will be removed in the next major release as part of move to match Firebase Web modular SDK API. Please see migration guide for more details: https://rnfirebase.io/migrating-to-v22. Method called was `delete`. Please use `deleteField()` instead.
06-17 17:16:19.681 15834 19246 W ReactNativeJS: This method is deprecated (as well as all React Native Firebase namespaced API) and will be removed in the next major release as part of move to match Firebase Web modular SDK API. Please see migration guide for more details: https://rnfirebase.io/migrating-to-v22. Method called was `FieldValue`. Please use `FieldValue` instead.
06-17 17:16:19.682 15834 19246 W ReactNativeJS: This method is deprecated (as well as all React Native Firebase namespaced API) and will be removed in the next major release as part of move to match Firebase Web modular SDK API. Please see migration guide for more details: https://rnfirebase.io/migrating-to-v22. Method called was `serverTimestamp`. Please use `serverTimestamp()` instead.
06-17 17:16:22.498 15834 19246 W ReactNativeJS: This method is deprecated (as well as all React Native Firebase namespaced API) and will be removed in the next major release as part of move to match Firebase Web modular SDK API. Please see migration guide for more details: https://rnfirebase.io/migrating-to-v22. Method called was `FieldValue`. Please use `FieldValue` instead.
06-17 17:16:22.498 15834 19246 W ReactNativeJS: This method is deprecated (as well as all React Native Firebase namespaced API) and will be removed in the next major release as part of move to match Firebase Web modular SDK API. Please see migration guide for more details: https://rnfirebase.io/migrating-to-v22. Method called was `delete`. Please use `deleteField()` instead.
06-17 17:16:22.499 15834 19246 W ReactNativeJS: This method is deprecated (as well as all React Native Firebase namespaced API) and will be removed in the next major release as part of move to match Firebase Web modular SDK API. Please see migration guide for more details: https://rnfirebase.io/migrating-to-v22. Method called was `FieldValue`. Please use `FieldValue` instead.
06-17 17:16:22.499 15834 19246 W ReactNativeJS: This method is deprecated (as well as all React Native Firebase namespaced API) and will be removed in the next major release as part of move to match Firebase Web modular SDK API. Please see migration guide for more details: https://rnfirebase.io/migrating-to-v22. Method called was `serverTimestamp`. Please use `serverTimestamp()` instead.
06-17 17:16:29.377  1909  2803 I ActivityManager: Changes in 99157 3 to 10, 184 to 0
06-17 17:18:32.313 15834 19246 W ReactNativeJS: This method is deprecated (as well as all React Native Firebase namespaced API) and will be removed in the next major release as part of move to match Firebase Web modular SDK API. Please see migration guide for more details: https://rnfirebase.io/migrating-to-v22. Method called was `FieldValue`. Please use `FieldValue` instead.
06-17 17:18:32.313 15834 19246 W ReactNativeJS: This method is deprecated (as well as all React Native Firebase namespaced API) and will be removed in the next major release as part of move to match Firebase Web modular SDK API. Please see migration guide for more details: https://rnfirebase.io/migrating-to-v22. Method called was `delete`. Please use `deleteField()` instead.
06-17 17:18:32.314 15834 19246 W ReactNativeJS: This method is deprecated (as well as all React Native Firebase namespaced API) and will be removed in the next major release as part of move to match Firebase Web modular SDK API. Please see migration guide for more details: https://rnfirebase.io/migrating-to-v22. Method called was `FieldValue`. Please use `FieldValue` instead.
06-17 17:18:32.314 15834 19246 W ReactNativeJS: This method is deprecated (as well as all React Native Firebase namespaced API) and will be removed in the next major release as part of move to match Firebase Web modular SDK API. Please see migration guide for more details: https://rnfirebase.io/migrating-to-v22. Method called was `serverTimestamp`. Please use `serverTimestamp()` instead.
06-17 17:19:42.989  1909  1972 I ActivityManager: Changes in 10108 10 to 10, 0 to 128
06-17 17:19:42.994  1909  1972 I ActivityManager: Changes in 10096 19 to 11, 0 to 128
06-17 17:19:43.004  1909  2803 I ActivityManager: Changes in 10108 10 to 10, 128 to 0
06-17 17:19:43.009  1909  2803 I ActivityManager: Changes in 10096 11 to 19, 128 to 0
06-17 17:19:43.047  1909  3606 I ActivityManager: Changes in 99157 19 to 5, 0 to 184
06-17 17:19:58.114  1909  4211 I ActivityManager: Changes in 99157 5 to 10, 184 to 0
06-17 17:20:37.101 15834 19246 W ReactNativeJS: This method is deprecated (as well as all React Native Firebase namespaced API) and will be removed in the next major release as part of move to match Firebase Web modular SDK API. Please see migration guide for more details: https://rnfirebase.io/migrating-to-v22. Method called was `FieldValue`. Please use `FieldValue` instead.
06-17 17:20:37.102 15834 19246 W ReactNativeJS: This method is deprecated (as well as all React Native Firebase namespaced API) and will be removed in the next major release as part of move to match Firebase Web modular SDK API. Please see migration guide for more details: https://rnfirebase.io/migrating-to-v22. Method called was `delete`. Please use `deleteField()` instead.
06-17 17:20:37.102 15834 19246 W ReactNativeJS: This method is deprecated (as well as all React Native Firebase namespaced API) and will be removed in the next major release as part of move to match Firebase Web modular SDK API. Please see migration guide for more details: https://rnfirebase.io/migrating-to-v22. Method called was `FieldValue`. Please use `FieldValue` instead.
06-17 17:20:37.102 15834 19246 W ReactNativeJS: This method is deprecated (as well as all React Native Firebase namespaced API) and will be removed in the next major release as part of move to match Firebase Web modular SDK API. Please see migration guide for more details: https://rnfirebase.io/migrating-to-v22. Method called was `serverTimestamp`. Please use `serverTimestamp()` instead.
06-17 17:22:38.213 15834 19246 W ReactNativeJS: This method is deprecated (as well as all React Native Firebase namespaced API) and will be removed in the next major release as part of move to match Firebase Web modular SDK API. Please see migration guide for more details: https://rnfirebase.io/migrating-to-v22. Method called was `FieldValue`. Please use `FieldValue` instead.
06-17 17:22:38.214 15834 19246 W ReactNativeJS: This method is deprecated (as well as all React Native Firebase namespaced API) and will be removed in the next major release as part of move to match Firebase Web modular SDK API. Please see migration guide for more details: https://rnfirebase.io/migrating-to-v22. Method called was `delete`. Please use `deleteField()` instead.
06-17 17:22:38.214 15834 19246 W ReactNativeJS: This method is deprecated (as well as all React Native Firebase namespaced API) and will be removed in the next major release as part of move to match Firebase Web modular SDK API. Please see migration guide for more details: https://rnfirebase.io/migrating-to-v22. Method called was `FieldValue`. Please use `FieldValue` instead.
06-17 17:22:38.215 15834 19246 W ReactNativeJS: This method is deprecated (as well as all React Native Firebase namespaced API) and will be removed in the next major release as part of move to match Firebase Web modular SDK API. Please see migration guide for more details: https://rnfirebase.io/migrating-to-v22. Method called was `serverTimestamp`. Please use `serverTimestamp()` instead.
06-17 17:23:55.800  1909  4227 I ActivityManager: Killing 13595:com.samsung.faceservice/5004 (adj 905): Sync transaction while in frozen state
06-17 17:24:00.090  1909  4211 I ActivityManager: Changes in 10096 19 to 5, 0 to 184
06-17 17:24:10.159  1909  4211 I ActivityManager: Changes in 10096 5 to 10, 184 to 0
06-17 17:24:45.935 15834 19246 W ReactNativeJS: This method is deprecated (as well as all React Native Firebase namespaced API) and will be removed in the next major release as part of move to match Firebase Web modular SDK API. Please see migration guide for more details: https://rnfirebase.io/migrating-to-v22. Method called was `FieldValue`. Please use `FieldValue` instead.
06-17 17:24:45.935 15834 19246 W ReactNativeJS: This method is deprecated (as well as all React Native Firebase namespaced API) and will be removed in the next major release as part of move to match Firebase Web modular SDK API. Please see migration guide for more details: https://rnfirebase.io/migrating-to-v22. Method called was `delete`. Please use `deleteField()` instead.
06-17 17:24:45.936 15834 19246 W ReactNativeJS: This method is deprecated (as well as all React Native Firebase namespaced API) and will be removed in the next major release as part of move to match Firebase Web modular SDK API. Please see migration guide for more details: https://rnfirebase.io/migrating-to-v22. Method called was `FieldValue`. Please use `FieldValue` instead.
06-17 17:24:45.936 15834 19246 W ReactNativeJS: This method is deprecated (as well as all React Native Firebase namespaced API) and will be removed in the next major release as part of move to match Firebase Web modular SDK API. Please see migration guide for more details: https://rnfirebase.io/migrating-to-v22. Method called was `serverTimestamp`. Please use `serverTimestamp()` instead.
06-17 17:26:50.625 15834 19246 W ReactNativeJS: This method is deprecated (as well as all React Native Firebase namespaced API) and will be removed in the next major release as part of move to match Firebase Web modular SDK API. Please see migration guide for more details: https://rnfirebase.io/migrating-to-v22. Method called was `FieldValue`. Please use `FieldValue` instead.
06-17 17:26:50.625 15834 19246 W ReactNativeJS: This method is deprecated (as well as all React Native Firebase namespaced API) and will be removed in the next major release as part of move to match Firebase Web modular SDK API. Please see migration guide for more details: https://rnfirebase.io/migrating-to-v22. Method called was `delete`. Please use `deleteField()` instead.
06-17 17:26:50.626 15834 19246 W ReactNativeJS: This method is deprecated (as well as all React Native Firebase namespaced API) and will be removed in the next major release as part of move to match Firebase Web modular SDK API. Please see migration guide for more details: https://rnfirebase.io/migrating-to-v22. Method called was `FieldValue`. Please use `FieldValue` instead.
06-17 17:26:50.626 15834 19246 W ReactNativeJS: This method is deprecated (as well as all React Native Firebase namespaced API) and will be removed in the next major release as part of move to match Firebase Web modular SDK API. Please see migration guide for more details: https://rnfirebase.io/migrating-to-v22. Method called was `serverTimestamp`. Please use `serverTimestamp()` instead.
06-17 17:28:52.422 15834 19246 W ReactNativeJS: This method is deprecated (as well as all React Native Firebase namespaced API) and will be removed in the next major release as part of move to match Firebase Web modular SDK API. Please see migration guide for more details: https://rnfirebase.io/migrating-to-v22. Method called was `FieldValue`. Please use `FieldValue` instead.
06-17 17:28:52.423 15834 19246 W ReactNativeJS: This method is deprecated (as well as all React Native Firebase namespaced API) and will be removed in the next major release as part of move to match Firebase Web modular SDK API. Please see migration guide for more details: https://rnfirebase.io/migrating-to-v22. Method called was `delete`. Please use `deleteField()` instead.
06-17 17:28:52.423 15834 19246 W ReactNativeJS: This method is deprecated (as well as all React Native Firebase namespaced API) and will be removed in the next major release as part of move to match Firebase Web modular SDK API. Please see migration guide for more details: https://rnfirebase.io/migrating-to-v22. Method called was `FieldValue`. Please use `FieldValue` instead.
06-17 17:28:52.424 15834 19246 W ReactNativeJS: This method is deprecated (as well as all React Native Firebase namespaced API) and will be removed in the next major release as part of move to match Firebase Web modular SDK API. Please see migration guide for more details: https://rnfirebase.io/migrating-to-v22. Method called was `serverTimestamp`. Please use `serverTimestamp()` instead.
06-17 17:30:59.425 15834 19246 W ReactNativeJS: This method is deprecated (as well as all React Native Firebase namespaced API) and will be removed in the next major release as part of move to match Firebase Web modular SDK API. Please see migration guide for more details: https://rnfirebase.io/migrating-to-v22. Method called was `FieldValue`. Please use `FieldValue` instead.
06-17 17:30:59.426 15834 19246 W ReactNativeJS: This method is deprecated (as well as all React Native Firebase namespaced API) and will be removed in the next major release as part of move to match Firebase Web modular SDK API. Please see migration guide for more details: https://rnfirebase.io/migrating-to-v22. Method called was `delete`. Please use `deleteField()` instead.
06-17 17:30:59.426 15834 19246 W ReactNativeJS: This method is deprecated (as well as all React Native Firebase namespaced API) and will be removed in the next major release as part of move to match Firebase Web modular SDK API. Please see migration guide for more details: https://rnfirebase.io/migrating-to-v22. Method called was `FieldValue`. Please use `FieldValue` instead.
06-17 17:30:59.427 15834 19246 W ReactNativeJS: This method is deprecated (as well as all React Native Firebase namespaced API) and will be removed in the next major release as part of move to match Firebase Web modular SDK API. Please see migration guide for more details: https://rnfirebase.io/migrating-to-v22. Method called was `serverTimestamp`. Please use `serverTimestamp()` instead.
06-17 17:31:58.476  1909  1972 I ActivityManager: Changes in 10096 19 to 11, 0 to 128
06-17 17:31:58.495  1909  4211 I ActivityManager: Changes in 99157 19 to 5, 0 to 184
06-17 17:32:08.489  1909  2065 I ActivityManager: Changes in 10096 19 to 19, 128 to 0
06-17 17:32:13.559  1909  3606 I ActivityManager: Changes in 99157 5 to 10, 184 to 0
06-17 17:33:05.172 15834 19246 W ReactNativeJS: This method is deprecated (as well as all React Native Firebase namespaced API) and will be removed in the next major release as part of move to match Firebase Web modular SDK API. Please see migration guide for more details: https://rnfirebase.io/migrating-to-v22. Method called was `FieldValue`. Please use `FieldValue` instead.
06-17 17:33:05.173 15834 19246 W ReactNativeJS: This method is deprecated (as well as all React Native Firebase namespaced API) and will be removed in the next major release as part of move to match Firebase Web modular SDK API. Please see migration guide for more details: https://rnfirebase.io/migrating-to-v22. Method called was `delete`. Please use `deleteField()` instead.
06-17 17:33:05.173 15834 19246 W ReactNativeJS: This method is deprecated (as well as all React Native Firebase namespaced API) and will be removed in the next major release as part of move to match Firebase Web modular SDK API. Please see migration guide for more details: https://rnfirebase.io/migrating-to-v22. Method called was `FieldValue`. Please use `FieldValue` instead.
06-17 17:33:05.174 15834 19246 W ReactNativeJS: This method is deprecated (as well as all React Native Firebase namespaced API) and will be removed in the next major release as part of move to match Firebase Web modular SDK API. Please see migration guide for more details: https://rnfirebase.io/migrating-to-v22. Method called was `serverTimestamp`. Please use `serverTimestamp()` instead.
06-17 17:33:44.832  1909  1972 I ActivityManager: Changes in 10096 19 to 11, 0 to 128
06-17 17:33:44.840  1909  3606 I ActivityManager: Changes in 10096 11 to 19, 128 to 0
06-17 17:34:19.292  1909  4227 I ActivityManager: com.samsung.android.app.telephonyui is exempt from freezer by list
06-17 17:34:19.321  1909  1973 I ActivityManager: Start proc 19717:com.samsung.android.app.telephonyui/1001 for content provider {com.samsung.android.app.telephonyui/com.samsung.android.app.telephonyui.provider.InternalContentProvider}
06-17 17:34:19.322  1909  1973 I ActivityManager: ProcessObserver broadcast disabled
06-17 17:35:19.390 15834 19246 W ReactNativeJS: This method is deprecated (as well as all React Native Firebase namespaced API) and will be removed in the next major release as part of move to match Firebase Web modular SDK API. Please see migration guide for more details: https://rnfirebase.io/migrating-to-v22. Method called was `FieldValue`. Please use `FieldValue` instead.
06-17 17:35:19.392 15834 19246 W ReactNativeJS: This method is deprecated (as well as all React Native Firebase namespaced API) and will be removed in the next major release as part of move to match Firebase Web modular SDK API. Please see migration guide for more details: https://rnfirebase.io/migrating-to-v22. Method called was `delete`. Please use `deleteField()` instead.
06-17 17:35:19.393 15834 19246 W ReactNativeJS: This method is deprecated (as well as all React Native Firebase namespaced API) and will be removed in the next major release as part of move to match Firebase Web modular SDK API. Please see migration guide for more details: https://rnfirebase.io/migrating-to-v22. Method called was `FieldValue`. Please use `FieldValue` instead.
06-17 17:35:19.395 15834 19246 W ReactNativeJS: This method is deprecated (as well as all React Native Firebase namespaced API) and will be removed in the next major release as part of move to match Firebase Web modular SDK API. Please see migration guide for more details: https://rnfirebase.io/migrating-to-v22. Method called was `serverTimestamp`. Please use `serverTimestamp()` instead.
06-17 17:37:13.009  1909  1972 I ActivityManager: Changes in 10096 19 to 11, 0 to 128
06-17 17:37:13.017  1909  4211 I ActivityManager: Changes in 10096 11 to 19, 128 to 0
06-17 17:37:13.202  1909  4227 I ActivityManager: Changes in 99157 19 to 5, 0 to 184
06-17 17:37:28.226  1909  3174 I ActivityManager: Changes in 99157 5 to 10, 184 to 0
06-17 17:43:23.332  1909  9411 I ActivityManager: Changes in 10107 19 to 5, 0 to 144
06-17 17:43:29.393  1909  1971 I ActivityManager: Changes in 10107 5 to 15, 144 to 0
06-17 17:44:37.562 15834 19246 W ReactNativeJS: This method is deprecated (as well as all React Native Firebase namespaced API) and will be removed in the next major release as part of move to match Firebase Web modular SDK API. Please see migration guide for more details: https://rnfirebase.io/migrating-to-v22. Method called was `FieldValue`. Please use `FieldValue` instead.
06-17 17:44:37.563 15834 19246 W ReactNativeJS: This method is deprecated (as well as all React Native Firebase namespaced API) and will be removed in the next major release as part of move to match Firebase Web modular SDK API. Please see migration guide for more details: https://rnfirebase.io/migrating-to-v22. Method called was `delete`. Please use `deleteField()` instead.
06-17 17:44:37.563 15834 19246 W ReactNativeJS: This method is deprecated (as well as all React Native Firebase namespaced API) and will be removed in the next major release as part of move to match Firebase Web modular SDK API. Please see migration guide for more details: https://rnfirebase.io/migrating-to-v22. Method called was `FieldValue`. Please use `FieldValue` instead.
06-17 17:44:37.564 15834 19246 W ReactNativeJS: This method is deprecated (as well as all React Native Firebase namespaced API) and will be removed in the next major release as part of move to match Firebase Web modular SDK API. Please see migration guide for more details: https://rnfirebase.io/migrating-to-v22. Method called was `serverTimestamp`. Please use `serverTimestamp()` instead.
06-17 17:44:44.006  1909  2410 I ActivityManager: Killing 16600:com.android.vending:background/u0a251 (adj 945): Chimera #0
06-17 17:44:44.010  1909  2410 I ActivityManager: Killing 16483:com.android.vending/u0a251 (adj 955): Chimera #0
06-17 17:45:01.327  1909  2410 I ActivityManager: Killing 5444:com.samsung.android.lool/1000 (adj 905): Chimera #0
06-17 17:45:01.408  1909  1965 W ActivityManager: setHasOverlayUi called on unknown pid: 5444
06-17 17:46:44.110 15834 19246 W ReactNativeJS: This method is deprecated (as well as all React Native Firebase namespaced API) and will be removed in the next major release as part of move to match Firebase Web modular SDK API. Please see migration guide for more details: https://rnfirebase.io/migrating-to-v22. Method called was `FieldValue`. Please use `FieldValue` instead.
06-17 17:46:44.110 15834 19246 W ReactNativeJS: This method is deprecated (as well as all React Native Firebase namespaced API) and will be removed in the next major release as part of move to match Firebase Web modular SDK API. Please see migration guide for more details: https://rnfirebase.io/migrating-to-v22. Method called was `delete`. Please use `deleteField()` instead.
06-17 17:46:44.111 15834 19246 W ReactNativeJS: This method is deprecated (as well as all React Native Firebase namespaced API) and will be removed in the next major release as part of move to match Firebase Web modular SDK API. Please see migration guide for more details: https://rnfirebase.io/migrating-to-v22. Method called was `FieldValue`. Please use `FieldValue` instead.
06-17 17:46:44.111 15834 19246 W ReactNativeJS: This method is deprecated (as well as all React Native Firebase namespaced API) and will be removed in the next major release as part of move to match Firebase Web modular SDK API. Please see migration guide for more details: https://rnfirebase.io/migrating-to-v22. Method called was `serverTimestamp`. Please use `serverTimestamp()` instead.
06-17 17:48:55.151 15834 19246 W ReactNativeJS: This method is deprecated (as well as all React Native Firebase namespaced API) and will be removed in the next major release as part of move to match Firebase Web modular SDK API. Please see migration guide for more details: https://rnfirebase.io/migrating-to-v22. Method called was `FieldValue`. Please use `FieldValue` instead.
06-17 17:48:55.152 15834 19246 W ReactNativeJS: This method is deprecated (as well as all React Native Firebase namespaced API) and will be removed in the next major release as part of move to match Firebase Web modular SDK API. Please see migration guide for more details: https://rnfirebase.io/migrating-to-v22. Method called was `delete`. Please use `deleteField()` instead.
06-17 17:48:55.152 15834 19246 W ReactNativeJS: This method is deprecated (as well as all React Native Firebase namespaced API) and will be removed in the next major release as part of move to match Firebase Web modular SDK API. Please see migration guide for more details: https://rnfirebase.io/migrating-to-v22. Method called was `FieldValue`. Please use `FieldValue` instead.
06-17 17:48:55.153 15834 19246 W ReactNativeJS: This method is deprecated (as well as all React Native Firebase namespaced API) and will be removed in the next major release as part of move to match Firebase Web modular SDK API. Please see migration guide for more details: https://rnfirebase.io/migrating-to-v22. Method called was `serverTimestamp`. Please use `serverTimestamp()` instead.
06-17 17:51:02.873 15834 19246 W ReactNativeJS: This method is deprecated (as well as all React Native Firebase namespaced API) and will be removed in the next major release as part of move to match Firebase Web modular SDK API. Please see migration guide for more details: https://rnfirebase.io/migrating-to-v22. Method called was `FieldValue`. Please use `FieldValue` instead.
06-17 17:51:02.874 15834 19246 W ReactNativeJS: This method is deprecated (as well as all React Native Firebase namespaced API) and will be removed in the next major release as part of move to match Firebase Web modular SDK API. Please see migration guide for more details: https://rnfirebase.io/migrating-to-v22. Method called was `delete`. Please use `deleteField()` instead.
06-17 17:51:02.874 15834 19246 W ReactNativeJS: This method is deprecated (as well as all React Native Firebase namespaced API) and will be removed in the next major release as part of move to match Firebase Web modular SDK API. Please see migration guide for more details: https://rnfirebase.io/migrating-to-v22. Method called was `FieldValue`. Please use `FieldValue` instead.
06-17 17:51:02.875 15834 19246 W ReactNativeJS: This method is deprecated (as well as all React Native Firebase namespaced API) and will be removed in the next major release as part of move to match Firebase Web modular SDK API. Please see migration guide for more details: https://rnfirebase.io/migrating-to-v22. Method called was `serverTimestamp`. Please use `serverTimestamp()` instead.
06-17 17:51:58.478  1909  1972 I ActivityManager: Changes in 10096 19 to 11, 0 to 128
06-17 17:51:58.499  1909  4174 I ActivityManager: Changes in 99157 19 to 5, 0 to 184
06-17 17:52:08.493  1909  2065 I ActivityManager: Changes in 10096 19 to 19, 128 to 0
06-17 17:52:13.564  1909  4174 I ActivityManager: Changes in 99157 5 to 10, 184 to 0
06-17 17:53:08.013 15834 19246 W ReactNativeJS: This method is deprecated (as well as all React Native Firebase namespaced API) and will be removed in the next major release as part of move to match Firebase Web modular SDK API. Please see migration guide for more details: https://rnfirebase.io/migrating-to-v22. Method called was `FieldValue`. Please use `FieldValue` instead.
06-17 17:53:08.013 15834 19246 W ReactNativeJS: This method is deprecated (as well as all React Native Firebase namespaced API) and will be removed in the next major release as part of move to match Firebase Web modular SDK API. Please see migration guide for more details: https://rnfirebase.io/migrating-to-v22. Method called was `delete`. Please use `deleteField()` instead.
06-17 17:53:08.014 15834 19246 W ReactNativeJS: This method is deprecated (as well as all React Native Firebase namespaced API) and will be removed in the next major release as part of move to match Firebase Web modular SDK API. Please see migration guide for more details: https://rnfirebase.io/migrating-to-v22. Method called was `FieldValue`. Please use `FieldValue` instead.
06-17 17:53:08.014 15834 19246 W ReactNativeJS: This method is deprecated (as well as all React Native Firebase namespaced API) and will be removed in the next major release as part of move to match Firebase Web modular SDK API. Please see migration guide for more details: https://rnfirebase.io/migrating-to-v22. Method called was `serverTimestamp`. Please use `serverTimestamp()` instead.
06-17 17:54:10.838 15834 15841 F libc    : Fatal signal 11 (SIGSEGV), code 1 (SEGV_MAPERR), fault addr 0x0 in tid 15841 (FinalizerDaemon), pid 15834 (.arcfire.online)
06-17 17:54:12.219 20253 20253 F DEBUG   : *** *** *** *** *** *** *** *** *** *** *** *** *** *** *** ***
06-17 17:54:12.219 20253 20253 F DEBUG   : Build fingerprint: 'samsung/a34xks/a34x:16/BP2A.250605.031.A3/A346NKSSEEZD4:user/release-keys'
06-17 17:54:12.219 20253 20253 F DEBUG   : Revision: '6'
06-17 17:54:12.219 20253 20253 F DEBUG   : ABI: 'arm64'
06-17 17:54:12.219 20253 20253 F DEBUG   : Processor: '6'
06-17 17:54:12.219 20253 20253 F DEBUG   : Timestamp: 2026-06-17 17:54:11.110663193+0900
06-17 17:54:12.219 20253 20253 F DEBUG   : Process uptime: 4892s
06-17 17:54:12.219 20253 20253 F DEBUG   : Cmdline: com.arcfire.online
06-17 17:54:12.219 20253 20253 F DEBUG   : pid: 15834, tid: 15841, name: FinalizerDaemon  >>> com.arcfire.online <<<
06-17 17:54:12.219 20253 20253 F DEBUG   : uid: 11051
06-17 17:54:12.219 20253 20253 F DEBUG   : tagged_addr_ctrl: 0000000000000001 (PR_TAGGED_ADDR_ENABLE)
06-17 17:54:12.219 20253 20253 F DEBUG   : signal 11 (SIGSEGV), code 1 (SEGV_MAPERR), fault addr 0x0000000000000000
06-17 17:54:12.219 20253 20253 F DEBUG   : Cause: null pointer dereference
06-17 17:54:12.219 20253 20253 F DEBUG   :     x0  b400007b61d932c0  x1  b400007a424a0520  x2  b400007ad1cda200  x3  0000000000000000
06-17 17:54:12.219 20253 20253 F DEBUG   :     x4  0000007c58b5b404  x5  0000007aa1acd674  x6  000058a400003b04  x7  000058a400003b04
06-17 17:54:12.219 20253 20253 F DEBUG   :     x8  0000000000000000  x9  0000000000000000  x10 0000007900c2d540  x11 0000007c58b5b410
06-17 17:54:12.219 20253 20253 F DEBUG   :     x12 00000000000085bc  x13 000000000000f7f8  x14 0000000000000018  x15 0000000000000000
06-17 17:54:12.219 20253 20253 F DEBUG   :     x16 0000007993b70930  x17 00000079932d1c24  x18 000000787d614000  x19 b400007ba1d86dd0
06-17 17:54:12.219 20253 20253 F DEBUG   :     x20 0000007900c2f700  x21 b4000079f1933be0  x22 b400007ae19307b0  x23 0000000000000000
06-17 17:54:12.219 20253 20253 F DEBUG   :     x24 0000000000000000  x25 0000007900c2e188  x26 0000007900c2de60  x27 0000000000000008
06-17 17:54:12.219 20253 20253 F DEBUG   :     x28 0000007900c2e1d0  x29 0000007900c2d410
06-17 17:54:12.219 20253 20253 F DEBUG   :     lr  00000079932d1c18  sp  0000007900c2d400  pc  00000079932d1c54  pst 0000000060001000
06-17 17:54:12.219 20253 20253 F DEBUG   : 83 total frames
06-17 17:54:12.219 20253 20253 F DEBUG   : backtrace:
06-17 17:54:12.219 20253 20253 F DEBUG   :       #00 pc 0000000000653c54  /data/app/~~Kj8d-duEwjQh6sq6sZm5gA==/com.arcfire.online-q-zPaLeFSPC7Lbu3DA4KxQ==/base.apk!librnskia.so (offset 0x414a000) (facebook::jsi::Pointer::~Pointer()+48) (BuildId: a5860719700b671c6e944005d980b317d4862e34)
06-17 17:54:12.219 20253 20253 F DEBUG   :       #01 pc 0000000000653c14  /data/app/~~Kj8d-duEwjQh6sq6sZm5gA==/com.arcfire.online-q-zPaLeFSPC7Lbu3DA4KxQ==/base.apk!librnskia.so (offset 0x414a000) (facebook::jsi::Object::~Object()+20) (BuildId: a5860719700b671c6e944005d980b317d4862e34)
06-17 17:54:12.219 20253 20253 F DEBUG   :       #02 pc 00000000006503bc  /data/app/~~Kj8d-duEwjQh6sq6sZm5gA==/com.arcfire.online-q-zPaLeFSPC7Lbu3DA4KxQ==/base.apk!librnskia.so (offset 0x414a000) (facebook::jsi::Function::~Function()+20) (BuildId: a5860719700b671c6e944005d980b317d4862e34)
06-17 17:54:12.219 20253 20253 F DEBUG   :       #03 pc 0000000000653708  /data/app/~~Kj8d-duEwjQh6sq6sZm5gA==/com.arcfire.online-q-zPaLeFSPC7Lbu3DA4KxQ==/base.apk!librnskia.so (offset 0x414a000) (std::__ndk1::pair<std::__ndk1::basic_string<char, std::__ndk1::char_traits<char>, std::__ndk1::allocator<char>> const, facebook::jsi::Function>::~pair()+28) (BuildId: a5860719700b671c6e944005d980b317d4862e34)
06-17 17:54:12.219 20253 20253 F DEBUG   :       #04 pc 00000000006536dc  /data/app/~~Kj8d-duEwjQh6sq6sZm5gA==/com.arcfire.online-q-zPaLeFSPC7Lbu3DA4KxQ==/base.apk!librnskia.so (offset 0x414a000) (void std::__ndk1::allocator_traits<std::__ndk1::allocator<std::__ndk1::__tree_node<std::__ndk1::__value_type<std::__ndk1::basic_string<char, std::__ndk1::char_traits<char>, std::__ndk1::allocator<char>>, facebook::jsi::Function>, void*>>>::__destroy<std::__ndk1::pair<std::__ndk1::basic_string<char, std::__ndk1::char_traits<char>, std::__ndk1::allocator<char>> const, facebook::jsi::Function>>(std::__ndk1::integral_constant<bool, false>, std::__ndk1::allocator<std::__ndk1::__tree_node<std::__ndk1::__value_type<std::__ndk1::basic_string<char, std::__ndk1::char_traits<char>, std::__ndk1::allocator<char>>, facebook::jsi::Function>, void*>>&, std::__ndk1::pair<std::__ndk1::basic_string<char, std::__ndk1::char_traits<char>, std::__ndk1::allocator<char>> const, facebook::jsi::Function>*)+28) (BuildId: a5860719700b671c6e944005d980b317d4862e34)
06-17 17:54:12.219 20253 20253 F DEBUG   :       #05 pc 000000000065361c  /data/app/~~Kj8d-duEwjQh6sq6sZm5gA==/com.arcfire.online-q-zPaLeFSPC7Lbu3DA4KxQ==/base.apk!librnskia.so (offset 0x414a000) (void std::__ndk1::allocator_traits<std::__ndk1::allocator<std::__ndk1::__tree_node<std::__ndk1::__value_type<std::__ndk1::basic_string<char, std::__ndk1::char_traits<char>, std::__ndk1::allocator<char>>, facebook::jsi::Function>, void*>>>::destroy<std::__ndk1::pair<std::__ndk1::basic_string<char, std::__ndk1::char_traits<char>, std::__ndk1::allocator<char>> const, facebook::jsi::Function>>(std::__ndk1::allocator<std::__ndk1::__tree_node<std::__ndk1::__value_type<std::__ndk1::basic_string<char, std::__ndk1::char_traits<char>, std::__ndk1::allocator<char>>, facebook::jsi::Function>, void*>>&, std::__ndk1::pair<std::__ndk1::basic_string<char, std::__ndk1::char_traits<char>, std::__ndk1::allocator<char>> const, facebook::jsi::Function>*)+32) (BuildId: a5860719700b671c6e944005d980b317d4862e34)
06-17 17:54:12.219 20253 20253 F DEBUG   :       #06 pc 0000000000653580  /data/app/~~Kj8d-duEwjQh6sq6sZm5gA==/com.arcfire.online-q-zPaLeFSPC7Lbu3DA4KxQ==/base.apk!librnskia.so (offset 0x414a000) (std::__ndk1::__tree<std::__ndk1::__value_type<std::__ndk1::basic_string<char, std::__ndk1::char_traits<char>, std::__ndk1::allocator<char>>, facebook::jsi::Function>, std::__ndk1::__map_value_compare<std::__ndk1::basic_string<char, std::__ndk1::char_traits<char>, std::__ndk1::allocator<char>>, std::__ndk1::__value_type<std::__ndk1::basic_string<char, std::__ndk1::char_traits<char>, std::__ndk1::allocator<char>>, facebook::jsi::Function>, std::__ndk1::less<std::__ndk1::basic_string<char, std::__ndk1::char_traits<char>, std::__ndk1::allocator<char>>>, true>, std::__ndk1::allocator<std::__ndk1::__value_type<std::__ndk1::basic_string<char, std::__ndk1::char_traits<char>, std::__ndk1::allocator<char>>, facebook::jsi::Function>>>::destroy(std::__ndk1::__tree_node<std::__ndk1::__value_type<std::__ndk1::basic_string<char, std::__ndk1::char_traits<char>, std::__ndk1::allocator<char>>, facebook::jsi::Function>, void*>*)+120) (BuildId: a5860719700b671c6e944005d980b317d4862e34)
06-17 17:54:12.220 20253 20253 F DEBUG   :       #07 pc 00000000006534f8  /data/app/~~Kj8d-duEwjQh6sq6sZm5gA==/com.arcfire.online-q-zPaLeFSPC7Lbu3DA4KxQ==/base.apk!librnskia.so (offset 0x414a000) (std::__ndk1::__tree<std::__ndk1::__value_type<std::__ndk1::basic_string<char, std::__ndk1::char_traits<char>, std::__ndk1::allocator<char>>, facebook::jsi::Function>, std::__ndk1::__map_value_compare<std::__ndk1::basic_string<char, std::__ndk1::char_traits<char>, std::__ndk1::allocator<char>>, std::__ndk1::__value_type<std::__ndk1::basic_string<char, std::__ndk1::char_traits<char>, std::__ndk1::allocator<char>>, facebook::jsi::Function>, std::__ndk1::less<std::__ndk1::basic_string<char, std::__ndk1::char_traits<char>, std::__ndk1::allocator<char>>>, true>, std::__ndk1::allocator<std::__ndk1::__value_type<std::__ndk1::basic_string<char, std::__ndk1::char_traits<char>, std::__ndk1::allocator<char>>, facebook::jsi::Function>>>::~__tree()+36) (BuildId: a5860719700b671c6e944005d980b317d4862e34)
06-17 17:54:12.220 20253 20253 F DEBUG   :       #08 pc 00000000006534c4  /data/app/~~Kj8d-duEwjQh6sq6sZm5gA==/com.arcfire.online-q-zPaLeFSPC7Lbu3DA4KxQ==/base.apk!librnskia.so (offset 0x414a000) (BuildId: a5860719700b671c6e944005d980b317d4862e34)
06-17 17:54:12.220 20253 20253 F DEBUG   :       #09 pc 000000000064f2b4  /data/app/~~Kj8d-duEwjQh6sq6sZm5gA==/com.arcfire.online-q-zPaLeFSPC7Lbu3DA4KxQ==/base.apk!librnskia.so (offset 0x414a000) (RNJsi::RuntimeAwareCache<std::__ndk1::map<std::__ndk1::basic_string<char, std::__ndk1::char_traits<char>, std::__ndk1::allocator<char>>, facebook::jsi::Function, std::__ndk1::less<std::__ndk1::basic_string<char, std::__ndk1::char_traits<char>, std::__ndk1::allocator<char>>>, std::__ndk1::allocator<std::__ndk1::pair<std::__ndk1::basic_string<char, std::__ndk1::char_traits<char>, std::__ndk1::allocator<char>> const, facebook::jsi::Function>>>>::~RuntimeAwareCache()+240) (BuildId: a5860719700b671c6e944005d980b317d4862e34)
06-17 17:54:12.220 20253 20253 F DEBUG   :       #10 pc 000000000064f194  /data/app/~~Kj8d-duEwjQh6sq6sZm5gA==/com.arcfire.online-q-zPaLeFSPC7Lbu3DA4KxQ==/base.apk!librnskia.so (offset 0x414a000) (RNJsi::JsiHostObject::~JsiHostObject()+44) (BuildId: a5860719700b671c6e944005d980b317d4862e34)
06-17 17:54:12.220 20253 20253 F DEBUG   :       #11 pc 0000000000784f68  /data/app/~~Kj8d-duEwjQh6sq6sZm5gA==/com.arcfire.online-q-zPaLeFSPC7Lbu3DA4KxQ==/base.apk!librnskia.so (offset 0x414a000) (RNSkia::JsiDomNode::~JsiDomNode()+124) (BuildId: a5860719700b671c6e944005d980b317d4862e34)
06-17 17:54:12.220 20253 20253 F DEBUG   :       #12 pc 0000000000784d48  /data/app/~~Kj8d-duEwjQh6sq6sZm5gA==/com.arcfire.online-q-zPaLeFSPC7Lbu3DA4KxQ==/base.apk!librnskia.so (offset 0x414a000) (RNSkia::JsiDomRenderNode::~JsiDomRenderNode()+52) (BuildId: a5860719700b671c6e944005d980b317d4862e34)
06-17 17:54:12.220 20253 20253 F DEBUG   :       #13 pc 0000000000820c68  /data/app/~~Kj8d-duEwjQh6sq6sZm5gA==/com.arcfire.online-q-zPaLeFSPC7Lbu3DA4KxQ==/base.apk!librnskia.so (offset 0x414a000) (RNSkia::JsiGroupNode::~JsiGroupNode()+20) (BuildId: a5860719700b671c6e944005d980b317d4862e34)
06-17 17:54:12.220 20253 20253 F DEBUG   :       #14 pc 00000000008208d4  /data/app/~~Kj8d-duEwjQh6sq6sZm5gA==/com.arcfire.online-q-zPaLeFSPC7Lbu3DA4KxQ==/base.apk!librnskia.so (offset 0x414a000) (std::__ndk1::__shared_ptr_emplace<RNSkia::JsiGroupNode, std::__ndk1::allocator<RNSkia::JsiGroupNode>>::__on_zero_shared()+36) (BuildId: a5860719700b671c6e944005d980b317d4862e34)
06-17 17:54:12.220 20253 20253 F DEBUG   :       #15 pc 000000000061eb5c  /data/app/~~Kj8d-duEwjQh6sq6sZm5gA==/com.arcfire.online-q-zPaLeFSPC7Lbu3DA4KxQ==/base.apk!librnskia.so (offset 0x414a000) (BuildId: a5860719700b671c6e944005d980b317d4862e34)
06-17 17:54:12.220 20253 20253 F DEBUG   :       #16 pc 000000000061eb00  /data/app/~~Kj8d-duEwjQh6sq6sZm5gA==/com.arcfire.online-q-zPaLeFSPC7Lbu3DA4KxQ==/base.apk!librnskia.so (offset 0x414a000) (BuildId: a5860719700b671c6e944005d980b317d4862e34)
06-17 17:54:12.220 20253 20253 F DEBUG   :       #17 pc 0000000000785eb0  /data/app/~~Kj8d-duEwjQh6sq6sZm5gA==/com.arcfire.online-q-zPaLeFSPC7Lbu3DA4KxQ==/base.apk!librnskia.so (offset 0x414a000) (std::__ndk1::shared_ptr<RNSkia::JsiDomNode>::~shared_ptr()+44) (BuildId: a5860719700b671c6e944005d980b317d4862e34)
06-17 17:54:12.220 20253 20253 F DEBUG   :       #18 pc 0000000000785e74  /data/app/~~Kj8d-duEwjQh6sq6sZm5gA==/com.arcfire.online-q-zPaLeFSPC7Lbu3DA4KxQ==/base.apk!librnskia.so (offset 0x414a000) (BuildId: a5860719700b671c6e944005d980b317d4862e34)
06-17 17:54:12.220 20253 20253 F DEBUG   :       #19 pc 0000000000785e4c  /data/app/~~Kj8d-duEwjQh6sq6sZm5gA==/com.arcfire.online-q-zPaLeFSPC7Lbu3DA4KxQ==/base.apk!librnskia.so (offset 0x414a000) (void std::__ndk1::allocator_traits<std::__ndk1::allocator<std::__ndk1::shared_ptr<RNSkia::JsiDomNode>>>::__destroy<std::__ndk1::shared_ptr<RNSkia::JsiDomNode>>(std::__ndk1::integral_constant<bool, true>, std::__ndk1::allocator<std::__ndk1::shared_ptr<RNSkia::JsiDomNode>>&, std::__ndk1::shared_ptr<RNSkia::JsiDomNode>*)+32) (BuildId: a5860719700b671c6e944005d980b317d4862e34)
06-17 17:54:12.220 20253 20253 F DEBUG   :       #20 pc 0000000000785e1c  /data/app/~~Kj8d-duEwjQh6sq6sZm5gA==/com.arcfire.online-q-zPaLeFSPC7Lbu3DA4KxQ==/base.apk!librnskia.so (offset 0x414a000) (void std::__ndk1::allocator_traits<std::__ndk1::allocator<std::__ndk1::shared_ptr<RNSkia::JsiDomNode>>>::destroy<std::__ndk1::shared_ptr<RNSkia::JsiDomNode>>(std::__ndk1::allocator<std::__ndk1::shared_ptr<RNSkia::JsiDomNode>>&, std::__ndk1::shared_ptr<RNSkia::JsiDomNode>*)+32) (BuildId: a5860719700b671c6e944005d980b317d4862e34)
06-17 17:54:12.220 20253 20253 F DEBUG   :       #21 pc 0000000000785dd4  /data/app/~~Kj8d-duEwjQh6sq6sZm5gA==/com.arcfire.online-q-zPaLeFSPC7Lbu3DA4KxQ==/base.apk!librnskia.so (offset 0x414a000) (BuildId: a5860719700b671c6e944005d980b317d4862e34)
06-17 17:54:12.220 20253 20253 F DEBUG   :       #22 pc 0000000000785d08  /data/app/~~Kj8d-duEwjQh6sq6sZm5gA==/com.arcfire.online-q-zPaLeFSPC7Lbu3DA4KxQ==/base.apk!librnskia.so (offset 0x414a000) (BuildId: a5860719700b671c6e944005d980b317d4862e34)
06-17 17:54:12.220 20253 20253 F DEBUG   :       #23 pc 0000000000785b64  /data/app/~~Kj8d-duEwjQh6sq6sZm5gA==/com.arcfire.online-q-zPaLeFSPC7Lbu3DA4KxQ==/base.apk!librnskia.so (offset 0x414a000) (std::__ndk1::__vector_base<std::__ndk1::shared_ptr<RNSkia::JsiDomNode>, std::__ndk1::allocator<std::__ndk1::shared_ptr<RNSkia::JsiDomNode>>>::~__vector_base()+40) (BuildId: a5860719700b671c6e944005d980b317d4862e34)
06-17 17:54:12.220 20253 20253 F DEBUG   :       #24 pc 00000000007856b4  /data/app/~~Kj8d-duEwjQh6sq6sZm5gA==/com.arcfire.online-q-zPaLeFSPC7Lbu3DA4KxQ==/base.apk!librnskia.so (offset 0x414a000) (BuildId: a5860719700b671c6e944005d980b317d4862e34)
06-17 17:54:12.220 20253 20253 F DEBUG   :       #25 pc 0000000000786290  /data/app/~~Kj8d-duEwjQh6sq6sZm5gA==/com.arcfire.online-q-zPaLeFSPC7Lbu3DA4KxQ==/base.apk!librnskia.so (offset 0x414a000) (RNSkia::JsiDomNode::invalidate()+544) (BuildId: a5860719700b671c6e944005d980b317d4862e34)
06-17 17:54:12.220 20253 20253 F DEBUG   :       #26 pc 00000000007850f4  /data/app/~~Kj8d-duEwjQh6sq6sZm5gA==/com.arcfire.online-q-zPaLeFSPC7Lbu3DA4KxQ==/base.apk!librnskia.so (offset 0x414a000) (RNSkia::JsiDomNode::dispose(bool)+92) (BuildId: a5860719700b671c6e944005d980b317d4862e34)
06-17 17:54:12.220 20253 20253 F DEBUG   :       #27 pc 0000000000783d7c  /data/app/~~Kj8d-duEwjQh6sq6sZm5gA==/com.arcfire.online-q-zPaLeFSPC7Lbu3DA4KxQ==/base.apk!librnskia.so (offset 0x414a000) (RNSkia::JsiDomRenderNode::dispose(bool)+44) (BuildId: a5860719700b671c6e944005d980b317d4862e34)
06-17 17:54:12.220 20253 20253 F DEBUG   :       #28 pc 0000000000786274  /data/app/~~Kj8d-duEwjQh6sq6sZm5gA==/com.arcfire.online-q-zPaLeFSPC7Lbu3DA4KxQ==/base.apk!librnskia.so (offset 0x414a000) (RNSkia::JsiDomNode::invalidate()+516) (BuildId: a5860719700b671c6e944005d980b317d4862e34)
06-17 17:54:12.220 20253 20253 F DEBUG   :       #29 pc 00000000007850f4  /data/app/~~Kj8d-duEwjQh6sq6sZm5gA==/com.arcfire.online-q-zPaLeFSPC7Lbu3DA4KxQ==/base.apk!librnskia.so (offset 0x414a000) (RNSkia::JsiDomNode::dispose(bool)+92) (BuildId: a5860719700b671c6e944005d980b317d4862e34)
06-17 17:54:12.220 20253 20253 F DEBUG   :       #30 pc 0000000000783d7c  /data/app/~~Kj8d-duEwjQh6sq6sZm5gA==/com.arcfire.online-q-zPaLeFSPC7Lbu3DA4KxQ==/base.apk!librnskia.so (offset 0x414a000) (RNSkia::JsiDomRenderNode::dispose(bool)+44) (BuildId: a5860719700b671c6e944005d980b317d4862e34)
06-17 17:54:12.220 20253 20253 F DEBUG   :       #31 pc 00000000008e835c  /data/app/~~Kj8d-duEwjQh6sq6sZm5gA==/com.arcfire.online-q-zPaLeFSPC7Lbu3DA4KxQ==/base.apk!librnskia.so (offset 0x414a000) (RNSkia::RNSkDomRenderer::~RNSkDomRenderer()+96) (BuildId: a5860719700b671c6e944005d980b317d4862e34)
06-17 17:54:12.220 20253 20253 F DEBUG   :       #32 pc 0000000000630cb8  /data/app/~~Kj8d-duEwjQh6sq6sZm5gA==/com.arcfire.online-q-zPaLeFSPC7Lbu3DA4KxQ==/base.apk!librnskia.so (offset 0x414a000) (std::__ndk1::__shared_ptr_emplace<RNSkia::RNSkDomRenderer, std::__ndk1::allocator<RNSkia::RNSkDomRenderer>>::__on_zero_shared()+28) (BuildId: a5860719700b671c6e944005d980b317d4862e34)
06-17 17:54:12.220 20253 20253 F DEBUG   :       #33 pc 000000000061eb5c  /data/app/~~Kj8d-duEwjQh6sq6sZm5gA==/com.arcfire.online-q-zPaLeFSPC7Lbu3DA4KxQ==/base.apk!librnskia.so (offset 0x414a000) (BuildId: a5860719700b671c6e944005d980b317d4862e34)
06-17 17:54:12.220 20253 20253 F DEBUG   :       #34 pc 000000000061eb00  /data/app/~~Kj8d-duEwjQh6sq6sZm5gA==/com.arcfire.online-q-zPaLeFSPC7Lbu3DA4KxQ==/base.apk!librnskia.so (offset 0x414a000) (BuildId: a5860719700b671c6e944005d980b317d4862e34)
06-17 17:54:12.220 20253 20253 F DEBUG   :       #35 pc 0000000000619fcc  /data/app/~~Kj8d-duEwjQh6sq6sZm5gA==/com.arcfire.online-q-zPaLeFSPC7Lbu3DA4KxQ==/base.apk!librnskia.so (offset 0x414a000) (std::__ndk1::shared_ptr<RNSkia::RNSkRenderer>::~shared_ptr()+44) (BuildId: a5860719700b671c6e944005d980b317d4862e34)
06-17 17:54:12.220 20253 20253 F DEBUG   :       #36 pc 000000000061f3e0  /data/app/~~Kj8d-duEwjQh6sq6sZm5gA==/com.arcfire.online-q-zPaLeFSPC7Lbu3DA4KxQ==/base.apk!librnskia.so (offset 0x414a000) (RNSkia::RNSkView::~RNSkView()+56) (BuildId: a5860719700b671c6e944005d980b317d4862e34)
06-17 17:54:12.220 20253 20253 F DEBUG   :       #37 pc 000000000063054c  /data/app/~~Kj8d-duEwjQh6sq6sZm5gA==/com.arcfire.online-q-zPaLeFSPC7Lbu3DA4KxQ==/base.apk!librnskia.so (offset 0x414a000) (RNSkia::RNSkDomView::~RNSkDomView()+20) (BuildId: a5860719700b671c6e944005d980b317d4862e34)
06-17 17:54:12.220 20253 20253 F DEBUG   :       #38 pc 000000000062d790  /data/app/~~Kj8d-duEwjQh6sq6sZm5gA==/com.arcfire.online-q-zPaLeFSPC7Lbu3DA4KxQ==/base.apk!librnskia.so (offset 0x414a000) (RNSkia::RNSkAndroidView<RNSkia::RNSkDomView>::~RNSkAndroidView()+20) (BuildId: a5860719700b671c6e944005d980b317d4862e34)
06-17 17:54:12.220 20253 20253 F DEBUG   :       #39 pc 000000000062d038  /data/app/~~Kj8d-duEwjQh6sq6sZm5gA==/com.arcfire.online-q-zPaLeFSPC7Lbu3DA4KxQ==/base.apk!librnskia.so (offset 0x414a000) (std::__ndk1::__shared_ptr_emplace<RNSkia::RNSkAndroidView<RNSkia::RNSkDomView>, std::__ndk1::allocator<RNSkia::RNSkAndroidView<RNSkia::RNSkDomView>>>::__on_zero_shared()+36) (BuildId: a5860719700b671c6e944005d980b317d4862e34)
06-17 17:54:12.220 20253 20253 F DEBUG   :       #40 pc 000000000061eb5c  /data/app/~~Kj8d-duEwjQh6sq6sZm5gA==/com.arcfire.online-q-zPaLeFSPC7Lbu3DA4KxQ==/base.apk!librnskia.so (offset 0x414a000) (BuildId: a5860719700b671c6e944005d980b317d4862e34)
06-17 17:54:12.220 20253 20253 F DEBUG   :       #41 pc 000000000061eb00  /data/app/~~Kj8d-duEwjQh6sq6sZm5gA==/com.arcfire.online-q-zPaLeFSPC7Lbu3DA4KxQ==/base.apk!librnskia.so (offset 0x414a000) (BuildId: a5860719700b671c6e944005d980b317d4862e34)
06-17 17:54:12.220 20253 20253 F DEBUG   :       #42 pc 0000000000614a3c  /data/app/~~Kj8d-duEwjQh6sq6sZm5gA==/com.arcfire.online-q-zPaLeFSPC7Lbu3DA4KxQ==/base.apk!librnskia.so (offset 0x414a000) (std::__ndk1::shared_ptr<RNSkia::RNSkBaseAndroidView>::~shared_ptr()+44) (BuildId: a5860719700b671c6e944005d980b317d4862e34)
06-17 17:54:12.220 20253 20253 F DEBUG   :       #43 pc 00000000006292dc  /data/app/~~Kj8d-duEwjQh6sq6sZm5gA==/com.arcfire.online-q-zPaLeFSPC7Lbu3DA4KxQ==/base.apk!librnskia.so (offset 0x414a000) (RNSkia::JniSkiaBaseView::~JniSkiaBaseView()+40) (BuildId: a5860719700b671c6e944005d980b317d4862e34)
06-17 17:54:12.220 20253 20253 F DEBUG   :       #44 pc 000000000062c5fc  /data/app/~~Kj8d-duEwjQh6sq6sZm5gA==/com.arcfire.online-q-zPaLeFSPC7Lbu3DA4KxQ==/base.apk!librnskia.so (offset 0x414a000) (RNSkia::JniSkiaDomView::~JniSkiaDomView()+64) (BuildId: a5860719700b671c6e944005d980b317d4862e34)
06-17 17:54:12.220 20253 20253 F DEBUG   :       #45 pc 000000000062c62c  /data/app/~~Kj8d-duEwjQh6sq6sZm5gA==/com.arcfire.online-q-zPaLeFSPC7Lbu3DA4KxQ==/base.apk!librnskia.so (offset 0x414a000) (RNSkia::JniSkiaDomView::~JniSkiaDomView()+24) (BuildId: a5860719700b671c6e944005d980b317d4862e34)
06-17 17:54:12.220 20253 20253 F DEBUG   :       #46 pc 00000000000215c8  /data/app/~~Kj8d-duEwjQh6sq6sZm5gA==/com.arcfire.online-q-zPaLeFSPC7Lbu3DA4KxQ==/base.apk!libfbjni.so (offset 0x1e10000) (BuildId: a22242831a7971267de570e06121acb588ce64cd)
06-17 17:54:12.220 20253 20253 F DEBUG   :       #47 pc 00000000005542a4  [anon_shmem:dalvik-jit-code-cache] (offset 0x2000000) (art_jni_trampoline+132)
06-17 17:54:12.220 20253 20253 F DEBUG   :       #48 pc 00000000008b1030  [anon_shmem:dalvik-jit-code-cache] (offset 0x2000000) (com.facebook.jni.HybridData$Destructor.destruct+128)
06-17 17:54:12.220 20253 20253 F DEBUG   :       #49 pc 00000000009185f0  [anon_shmem:dalvik-jit-code-cache] (offset 0x2000000) (com.facebook.jni.HybridData.resetNative+144)
06-17 17:54:12.220 20253 20253 F DEBUG   :       #50 pc 0000000000298f94  /apex/com.android.art/lib64/libart.so (art_quick_invoke_stub+612) (BuildId: 1f156fc62660d075a8d675db850b95d5)
06-17 17:54:12.220 20253 20253 F DEBUG   :       #51 pc 000000000087ba64  /apex/com.android.art/lib64/libart.so (bool art::interpreter::DoCall<false>(art::ArtMethod*, art::Thread*, art::ShadowFrame&, art::Instruction const*, unsigned short, bool, art::JValue*)+1620) (BuildId: 1f156fc62660d075a8d675db850b95d5)
06-17 17:54:12.220 20253 20253 F DEBUG   :       #52 pc 00000000006fda90  /apex/com.android.art/lib64/libart.so (void art::interpreter::ExecuteSwitchImplCpp<false>(art::interpreter::SwitchImplContext*)+580) (BuildId: 1f156fc62660d075a8d675db850b95d5)
06-17 17:54:12.220 20253 20253 F DEBUG   :       #53 pc 00000000002fcc98  /apex/com.android.art/lib64/libart.so (ExecuteSwitchImplAsm+8) (BuildId: 1f156fc62660d075a8d675db850b95d5)
06-17 17:54:12.220 20253 20253 F DEBUG   :       #54 pc 0000000000083a18  [anon:dalvik-classes2.dex extract....arcfire.online-q-zPaLeFSPC7Lbu3DA4KxQ==/base.apk] (com.shopify.reactnative.skia.SkiaDomView.finalize+0)
06-17 17:54:12.220 20253 20253 F DEBUG   :       #55 pc 00000000002fc8d0  /apex/com.android.art/lib64/libart.so (art::interpreter::Execute(art::Thread*, art::CodeItemDataAccessor const&, art::ShadowFrame&, art::JValue, bool, bool) (.__uniq.112435418011751916792819755956732575238.llvm.6848007882488385806)+360) (BuildId: 1f156fc62660d075a8d675db850b95d5)
06-17 17:54:12.220 20253 20253 F DEBUG   :       #56 pc 00000000002fc254  /apex/com.android.art/lib64/libart.so (artQuickToInterpreterBridge+916) (BuildId: 1f156fc62660d075a8d675db850b95d5)
06-17 17:54:12.220 20253 20253 F DEBUG   :       #57 pc 00000000002b04d8  /apex/com.android.art/lib64/libart.so (art_quick_to_interpreter_bridge+88) (BuildId: 1f156fc62660d075a8d675db850b95d5)
06-17 17:54:12.220 20253 20253 F DEBUG   :       #58 pc 00000000005cf610  [anon_shmem:dalvik-jit-code-cache] (offset 0x2000000) (java.lang.Daemons$FinalizerDaemon.doFinalize+208)
06-17 17:54:12.220 20253 20253 F DEBUG   :       #59 pc 00000000005cdf94  [anon_shmem:dalvik-jit-code-cache] (offset 0x2000000) (java.lang.Daemons$FinalizerDaemon.processReference+500)
06-17 17:54:12.220 20253 20253 F DEBUG   :       #60 pc 00000000009655d8  [anon_shmem:dalvik-jit-code-cache] (offset 0x2000000) (java.lang.Daemons$FinalizerDaemon.runInternal+328)
06-17 17:54:12.220 20253 20253 F DEBUG   :       #61 pc 00000000002992f0  /apex/com.android.art/lib64/libart.so (art_quick_osr_stub+64) (BuildId: 1f156fc62660d075a8d675db850b95d5)
06-17 17:54:12.220 20253 20253 F DEBUG   :       #62 pc 000000000022f320  /apex/com.android.art/lib64/libart.so (art::jit::Jit::MaybeDoOnStackReplacement(art::Thread*, art::ArtMethod*, unsigned int, int, art::JValue*)+636) (BuildId: 1f156fc62660d075a8d675db850b95d5)
06-17 17:54:12.220 20253 20253 F DEBUG   :       #63 pc 00000000006fdd5c  /apex/com.android.art/lib64/libart.so (void art::interpreter::ExecuteSwitchImplCpp<false>(art::interpreter::SwitchImplContext*)+1296) (BuildId: 1f156fc62660d075a8d675db850b95d5)
06-17 17:54:12.220 20253 20253 F DEBUG   :       #64 pc 00000000002fcc98  /apex/com.android.art/lib64/libart.so (ExecuteSwitchImplAsm+8) (BuildId: 1f156fc62660d075a8d675db850b95d5)
06-17 17:54:12.220 20253 20253 F DEBUG   :       #65 pc 000000000002ef2c  /apex/com.android.art/javalib/core-libart.jar (java.lang.Daemons$FinalizerDaemon.runInternal+0)
06-17 17:54:12.220 20253 20253 F DEBUG   :       #66 pc 000000000087bd10  /apex/com.android.art/lib64/libart.so (bool art::interpreter::DoCall<false>(art::ArtMethod*, art::Thread*, art::ShadowFrame&, art::Instruction const*, unsigned short, bool, art::JValue*)+2304) (BuildId: 1f156fc62660d075a8d675db850b95d5)
06-17 17:54:12.220 20253 20253 F DEBUG   :       #67 pc 00000000006fda90  /apex/com.android.art/lib64/libart.so (void art::interpreter::ExecuteSwitchImplCpp<false>(art::interpreter::SwitchImplContext*)+580) (BuildId: 1f156fc62660d075a8d675db850b95d5)
06-17 17:54:12.220 20253 20253 F DEBUG   :       #68 pc 00000000002fcc98  /apex/com.android.art/lib64/libart.so (ExecuteSwitchImplAsm+8) (BuildId: 1f156fc62660d075a8d675db850b95d5)
06-17 17:54:12.220 20253 20253 F DEBUG   :       #69 pc 000000000002eb58  /apex/com.android.art/javalib/core-libart.jar (java.lang.Daemons$Daemon.run+0)
06-17 17:54:12.220 20253 20253 F DEBUG   :       #70 pc 000000000087bd10  /apex/com.android.art/lib64/libart.so (bool art::interpreter::DoCall<false>(art::ArtMethod*, art::Thread*, art::ShadowFrame&, art::Instruction const*, unsigned short, bool, art::JValue*)+2304) (BuildId: 1f156fc62660d075a8d675db850b95d5)
06-17 17:54:12.221 20253 20253 F DEBUG   :       #71 pc 00000000006fde94  /apex/com.android.art/lib64/libart.so (void art::interpreter::ExecuteSwitchImplCpp<false>(art::interpreter::SwitchImplContext*)+1608) (BuildId: 1f156fc62660d075a8d675db850b95d5)
06-17 17:54:12.221 20253 20253 F DEBUG   :       #72 pc 00000000002fcc98  /apex/com.android.art/lib64/libart.so (ExecuteSwitchImplAsm+8) (BuildId: 1f156fc62660d075a8d675db850b95d5)
06-17 17:54:12.221 20253 20253 F DEBUG   :       #73 pc 000000000011e1a0  /apex/com.android.art/javalib/core-oj.jar (java.lang.Thread.run+0)
06-17 17:54:12.221 20253 20253 F DEBUG   :       #74 pc 00000000002fc8d0  /apex/com.android.art/lib64/libart.so (art::interpreter::Execute(art::Thread*, art::CodeItemDataAccessor const&, art::ShadowFrame&, art::JValue, bool, bool) (.__uniq.112435418011751916792819755956732575238.llvm.6848007882488385806)+360) (BuildId: 1f156fc62660d075a8d675db850b95d5)
06-17 17:54:12.221 20253 20253 F DEBUG   :       #75 pc 00000000002fc254  /apex/com.android.art/lib64/libart.so (artQuickToInterpreterBridge+916) (BuildId: 1f156fc62660d075a8d675db850b95d5)
06-17 17:54:12.221 20253 20253 F DEBUG   :       #76 pc 00000000002b04d8  /apex/com.android.art/lib64/libart.so (art_quick_to_interpreter_bridge+88) (BuildId: 1f156fc62660d075a8d675db850b95d5)
06-17 17:54:12.221 20253 20253 F DEBUG   :       #77 pc 0000000000298f94  /apex/com.android.art/lib64/libart.so (art_quick_invoke_stub+612) (BuildId: 1f156fc62660d075a8d675db850b95d5)
06-17 17:54:12.221 20253 20253 F DEBUG   :       #78 pc 000000000029738c  /apex/com.android.art/lib64/libart.so (art::ArtMethod::Invoke(art::Thread*, unsigned int*, unsigned int, art::JValue*, char const*)+148) (BuildId: 1f156fc62660d075a8d675db850b95d5)
06-17 17:54:12.221 20253 20253 F DEBUG   :       #79 pc 00000000004d5fd0  /apex/com.android.art/lib64/libart.so (art::Thread::CreateCallback(void*)+1384) (BuildId: 1f156fc62660d075a8d675db850b95d5)
06-17 17:54:12.221 20253 20253 F DEBUG   :       #80 pc 00000000004d5a54  /apex/com.android.art/lib64/libart.so (art::Thread::CreateCallbackWithUffdGc(void*)+12) (BuildId: 1f156fc62660d075a8d675db850b95d5)
06-17 17:54:12.221 20253 20253 F DEBUG   :       #81 pc 0000000000080f8c  /apex/com.android.runtime/lib64/bionic/libc.so (__pthread_start(void*)+236) (BuildId: 8ff701fa7a74a8ad475206062b5b72aa)
06-17 17:54:12.221 20253 20253 F DEBUG   :       #82 pc 00000000000737f0  /apex/com.android.runtime/lib64/bionic/libc.so (__start_thread+64) (BuildId: 8ff701fa7a74a8ad475206062b5b72aa)
06-17 17:54:12.294  1909 20263 W ActivityManager: crash : com.arcfire.online,11051
06-17 17:54:12.325  1909  1963 I ActivityManager: Showing crash dialog for package com.arcfire.online u0
06-17 17:54:12.332  1909 20260 I ActivityManager: Killing 15834:com.arcfire.online/u0a1051 (adj 0): crash
06-17 17:54:12.364  1909  1935 I ActivityManager: Changes in 10147 5 to 2, 184 to 255
06-17 17:54:12.379  1909  2342 W ActivityManager: pid 1909 system sent binder code 1 with flags 1 to frozen apps and got error -32
06-17 17:54:12.401  1909  1973 I ActivityManager: Start proc 20283:com.samsung.android.lool/1000 for service {com.samsung.android.lool/com.samsung.android.sm.iafd.IafdService}
06-17 17:54:12.428  1909  1973 I ActivityManager: ProcessObserver broadcast disabled
06-17 17:54:12.429  1909  1973 W ActivityManager: Slow operation: 74ms so far, now at startProcess: done updating pids map
06-17 17:54:12.512  1909  1965 W ActivityManager: setHasOverlayUi called on unknown pid: 15834
06-17 17:54:12.520  1909  2537 I ActivityManager: Changes in 99157 19 to 3, 0 to 184
06-17 17:54:12.746  1909  2870 W ActivityManager: pid 1909 system sent binder code 7 with flags 1 to frozen apps and got error -32
06-17 17:54:12.747  1909  2870 W ActivityManager: pid 1909 system sent binder code 7 with flags 1 to frozen apps and got error -32
06-17 17:54:18.939  1909  1973 I ActivityManager: Start proc 20328:com.arcfire.online/u0a1051 for activelaunch {com.arcfire.online/com.arcfire.online.MainActivity}
06-17 17:54:18.940  1909  1973 I ActivityManager: ProcessObserver broadcast disabled
06-17 17:54:20.062  1909  2537 I ActivityManager: Changes in 11051 19 to 2, 0 to 255
06-17 17:54:20.312  1909  1965 I ActivityManager: Changes in 10147 2 to 5, 255 to 184
06-17 17:54:30.462  1909  2057 I ActivityManager: Changes in 99157 3 to 10, 184 to 0
06-17 17:54:43.036  1909  1972 I ActivityManager: Changes in 10108 10 to 10, 0 to 128
06-17 17:54:43.040  1909  1972 I ActivityManager: Changes in 10096 19 to 11, 0 to 128
06-17 17:54:43.044  1909  2870 I ActivityManager: Changes in 10108 10 to 10, 128 to 0
06-17 17:54:43.046  1909  2870 I ActivityManager: Changes in 10096 11 to 19, 128 to 0
06-17 17:55:06.831 20328 20422 W ReactNativeJS: 'This method is deprecated (as well as all React Native Firebase namespaced API) and will be removed in the next major release as part of move to match Firebase Web modular SDK API. Please see migration guide for more details: https://rnfirebase.io/migrating-to-v22 Please use `getApp()` instead.', { [Component Stack] name: 'Component Stack' }
06-17 17:55:06.848 20328 20422 W ReactNativeJS: 'This method is deprecated (as well as all React Native Firebase namespaced API) and will be removed in the next major release as part of move to match Firebase Web modular SDK API. Please see migration guide for more details: https://rnfirebase.io/migrating-to-v22 Please use `getApp()` instead.', { [Component Stack] name: 'Component Stack' }
06-17 17:55:06.862 20328 20422 W ReactNativeJS: 'This method is deprecated (as well as all React Native Firebase namespaced API) and will be removed in the next major release as part of move to match Firebase Web modular SDK API. Please see migration guide for more details: https://rnfirebase.io/migrating-to-v22. Method called was `settings`. Please use `settings()` instead.', { [Component Stack] name: 'Component Stack' }
06-17 17:55:06.882 20328 20422 W ReactNativeJS: 'This method is deprecated (as well as all React Native Firebase namespaced API) and will be removed in the next major release as part of move to match Firebase Web modular SDK API. Please see migration guide for more details: https://rnfirebase.io/migrating-to-v22 Please use `getApp()` instead.', { [Component Stack] name: 'Component Stack' }
06-17 17:55:06.892 20328 20422 W ReactNativeJS: 'This method is deprecated (as well as all React Native Firebase namespaced API) and will be removed in the next major release as part of move to match Firebase Web modular SDK API. Please see migration guide for more details: https://rnfirebase.io/migrating-to-v22. Method called was `logEvent`. Please use `logEvent()` instead.', { [Component Stack] name: 'Component Stack' }
06-17 17:55:07.011  1909  2057 I ActivityManager: Changes in 99157 19 to 3, 0 to 184
06-17 17:55:07.290 20328 20422 W ReactNativeJS: This method is deprecated (as well as all React Native Firebase namespaced API) and will be removed in the next major release as part of move to match Firebase Web modular SDK API. Please see migration guide for more details: https://rnfirebase.io/migrating-to-v22. Method called was `FieldValue`. Please use `FieldValue` instead.
06-17 17:55:07.290 20328 20422 W ReactNativeJS: This method is deprecated (as well as all React Native Firebase namespaced API) and will be removed in the next major release as part of move to match Firebase Web modular SDK API. Please see migration guide for more details: https://rnfirebase.io/migrating-to-v22. Method called was `delete`. Please use `deleteField()` instead.
06-17 17:55:07.291 20328 20422 W ReactNativeJS: This method is deprecated (as well as all React Native Firebase namespaced API) and will be removed in the next major release as part of move to match Firebase Web modular SDK API. Please see migration guide for more details: https://rnfirebase.io/migrating-to-v22. Method called was `FieldValue`. Please use `FieldValue` instead.
06-17 17:55:07.291 20328 20422 W ReactNativeJS: This method is deprecated (as well as all React Native Firebase namespaced API) and will be removed in the next major release as part of move to match Firebase Web modular SDK API. Please see migration guide for more details: https://rnfirebase.io/migrating-to-v22. Method called was `serverTimestamp`. Please use `serverTimestamp()` instead.
06-17 17:55:10.539 20328 20422 W ReactNativeJS: This method is deprecated (as well as all React Native Firebase namespaced API) and will be removed in the next major release as part of move to match Firebase Web modular SDK API. Please see migration guide for more details: https://rnfirebase.io/migrating-to-v22. Method called was `FieldValue`. Please use `FieldValue` instead.
06-17 17:55:10.539 20328 20422 W ReactNativeJS: This method is deprecated (as well as all React Native Firebase namespaced API) and will be removed in the next major release as part of move to match Firebase Web modular SDK API. Please see migration guide for more details: https://rnfirebase.io/migrating-to-v22. Method called was `delete`. Please use `deleteField()` instead.
06-17 17:55:10.540 20328 20422 W ReactNativeJS: This method is deprecated (as well as all React Native Firebase namespaced API) and will be removed in the next major release as part of move to match Firebase Web modular SDK API. Please see migration guide for more details: https://rnfirebase.io/migrating-to-v22. Method called was `FieldValue`. Please use `FieldValue` instead.
06-17 17:55:10.540 20328 20422 W ReactNativeJS: This method is deprecated (as well as all React Native Firebase namespaced API) and will be removed in the next major release as part of move to match Firebase Web modular SDK API. Please see migration guide for more details: https://rnfirebase.io/migrating-to-v22. Method called was `serverTimestamp`. Please use `serverTimestamp()` instead.
06-17 17:55:17.139  1909  2224 I ActivityManager: Changes in 99157 3 to 10, 184 to 0
06-17 17:57:24.796 20328 20422 W ReactNativeJS: This method is deprecated (as well as all React Native Firebase namespaced API) and will be removed in the next major release as part of move to match Firebase Web modular SDK API. Please see migration guide for more details: https://rnfirebase.io/migrating-to-v22. Method called was `FieldValue`. Please use `FieldValue` instead.
06-17 17:57:24.797 20328 20422 W ReactNativeJS: This method is deprecated (as well as all React Native Firebase namespaced API) and will be removed in the next major release as part of move to match Firebase Web modular SDK API. Please see migration guide for more details: https://rnfirebase.io/migrating-to-v22. Method called was `delete`. Please use `deleteField()` instead.
06-17 17:57:24.797 20328 20422 W ReactNativeJS: This method is deprecated (as well as all React Native Firebase namespaced API) and will be removed in the next major release as part of move to match Firebase Web modular SDK API. Please see migration guide for more details: https://rnfirebase.io/migrating-to-v22. Method called was `FieldValue`. Please use `FieldValue` instead.
06-17 17:57:24.798 20328 20422 W ReactNativeJS: This method is deprecated (as well as all React Native Firebase namespaced API) and will be removed in the next major release as part of move to match Firebase Web modular SDK API. Please see migration guide for more details: https://rnfirebase.io/migrating-to-v22. Method called was `serverTimestamp`. Please use `serverTimestamp()` instead.
06-17 17:59:33.679 20328 20422 W ReactNativeJS: This method is deprecated (as well as all React Native Firebase namespaced API) and will be removed in the next major release as part of move to match Firebase Web modular SDK API. Please see migration guide for more details: https://rnfirebase.io/migrating-to-v22. Method called was `FieldValue`. Please use `FieldValue` instead.
06-17 17:59:33.680 20328 20422 W ReactNativeJS: This method is deprecated (as well as all React Native Firebase namespaced API) and will be removed in the next major release as part of move to match Firebase Web modular SDK API. Please see migration guide for more details: https://rnfirebase.io/migrating-to-v22. Method called was `delete`. Please use `deleteField()` instead.
06-17 17:59:33.681 20328 20422 W ReactNativeJS: This method is deprecated (as well as all React Native Firebase namespaced API) and will be removed in the next major release as part of move to match Firebase Web modular SDK API. Please see migration guide for more details: https://rnfirebase.io/migrating-to-v22. Method called was `FieldValue`. Please use `FieldValue` instead.
06-17 17:59:33.681 20328 20422 W ReactNativeJS: This method is deprecated (as well as all React Native Firebase namespaced API) and will be removed in the next major release as part of move to match Firebase Web modular SDK API. Please see migration guide for more details: https://rnfirebase.io/migrating-to-v22. Method called was `serverTimestamp`. Please use `serverTimestamp()` instead.
06-17 18:01:41.597 20328 20422 W ReactNativeJS: This method is deprecated (as well as all React Native Firebase namespaced API) and will be removed in the next major release as part of move to match Firebase Web modular SDK API. Please see migration guide for more details: https://rnfirebase.io/migrating-to-v22. Method called was `FieldValue`. Please use `FieldValue` instead.
06-17 18:01:41.598 20328 20422 W ReactNativeJS: This method is deprecated (as well as all React Native Firebase namespaced API) and will be removed in the next major release as part of move to match Firebase Web modular SDK API. Please see migration guide for more details: https://rnfirebase.io/migrating-to-v22. Method called was `delete`. Please use `deleteField()` instead.
06-17 18:01:41.599 20328 20422 W ReactNativeJS: This method is deprecated (as well as all React Native Firebase namespaced API) and will be removed in the next major release as part of move to match Firebase Web modular SDK API. Please see migration guide for more details: https://rnfirebase.io/migrating-to-v22. Method called was `FieldValue`. Please use `FieldValue` instead.
06-17 18:01:41.599 20328 20422 W ReactNativeJS: This method is deprecated (as well as all React Native Firebase namespaced API) and will be removed in the next major release as part of move to match Firebase Web modular SDK API. Please see migration guide for more details: https://rnfirebase.io/migrating-to-v22. Method called was `serverTimestamp`. Please use `serverTimestamp()` instead.
06-17 18:03:44.831  1909  1972 I ActivityManager: Changes in 10096 19 to 11, 0 to 128
06-17 18:03:44.833  1909  2225 I ActivityManager: Changes in 10096 11 to 19, 128 to 0
06-17 18:03:45.436 20328 20422 W ReactNativeJS: This method is deprecated (as well as all React Native Firebase namespaced API) and will be removed in the next major release as part of move to match Firebase Web modular SDK API. Please see migration guide for more details: https://rnfirebase.io/migrating-to-v22. Method called was `FieldValue`. Please use `FieldValue` instead.
06-17 18:03:45.436 20328 20422 W ReactNativeJS: This method is deprecated (as well as all React Native Firebase namespaced API) and will be removed in the next major release as part of move to match Firebase Web modular SDK API. Please see migration guide for more details: https://rnfirebase.io/migrating-to-v22. Method called was `delete`. Please use `deleteField()` instead.
06-17 18:03:45.437 20328 20422 W ReactNativeJS: This method is deprecated (as well as all React Native Firebase namespaced API) and will be removed in the next major release as part of move to match Firebase Web modular SDK API. Please see migration guide for more details: https://rnfirebase.io/migrating-to-v22. Method called was `FieldValue`. Please use `FieldValue` instead.
06-17 18:03:45.437 20328 20422 W ReactNativeJS: This method is deprecated (as well as all React Native Firebase namespaced API) and will be removed in the next major release as part of move to match Firebase Web modular SDK API. Please see migration guide for more details: https://rnfirebase.io/migrating-to-v22. Method called was `serverTimestamp`. Please use `serverTimestamp()` instead.
06-17 18:04:51.451  1909  1973 I ActivityManager: Start proc 20741:com.google.android.cellbroadcastreceiver/u0a296 for broadcast {com.google.android.cellbroadcastreceiver/com.android.cellbroadcastreceiver.CellBroadcastReceiver}
06-17 18:04:51.452  1909  1973 I ActivityManager: ProcessObserver broadcast disabled
06-17 18:04:51.673  1909  2225 I ActivityManager: Changes in 10296 19 to 11, 0 to 128
06-17 18:04:51.702  1909  2225 I ActivityManager: Changes in 10296 11 to 19, 128 to 0
06-17 18:04:52.444  1909  1972 I ActivityManager: Changes in 10296 19 to 11, 0 to 128
06-17 18:04:52.454  1909  2224 I ActivityManager: Changes in 10296 11 to 19, 128 to 0
06-17 18:05:55.444 20328 20422 W ReactNativeJS: This method is deprecated (as well as all React Native Firebase namespaced API) and will be removed in the next major release as part of move to match Firebase Web modular SDK API. Please see migration guide for more details: https://rnfirebase.io/migrating-to-v22. Method called was `FieldValue`. Please use `FieldValue` instead.
06-17 18:05:55.444 20328 20422 W ReactNativeJS: This method is deprecated (as well as all React Native Firebase namespaced API) and will be removed in the next major release as part of move to match Firebase Web modular SDK API. Please see migration guide for more details: https://rnfirebase.io/migrating-to-v22. Method called was `delete`. Please use `deleteField()` instead.
06-17 18:05:55.445 20328 20422 W ReactNativeJS: This method is deprecated (as well as all React Native Firebase namespaced API) and will be removed in the next major release as part of move to match Firebase Web modular SDK API. Please see migration guide for more details: https://rnfirebase.io/migrating-to-v22. Method called was `FieldValue`. Please use `FieldValue` instead.
06-17 18:05:55.445 20328 20422 W ReactNativeJS: This method is deprecated (as well as all React Native Firebase namespaced API) and will be removed in the next major release as part of move to match Firebase Web modular SDK API. Please see migration guide for more details: https://rnfirebase.io/migrating-to-v22. Method called was `serverTimestamp`. Please use `serverTimestamp()` instead.
06-17 18:08:05.169 20328 20422 W ReactNativeJS: This method is deprecated (as well as all React Native Firebase namespaced API) and will be removed in the next major release as part of move to match Firebase Web modular SDK API. Please see migration guide for more details: https://rnfirebase.io/migrating-to-v22. Method called was `FieldValue`. Please use `FieldValue` instead.
06-17 18:08:05.169 20328 20422 W ReactNativeJS: This method is deprecated (as well as all React Native Firebase namespaced API) and will be removed in the next major release as part of move to match Firebase Web modular SDK API. Please see migration guide for more details: https://rnfirebase.io/migrating-to-v22. Method called was `delete`. Please use `deleteField()` instead.
06-17 18:08:05.170 20328 20422 W ReactNativeJS: This method is deprecated (as well as all React Native Firebase namespaced API) and will be removed in the next major release as part of move to match Firebase Web modular SDK API. Please see migration guide for more details: https://rnfirebase.io/migrating-to-v22. Method called was `FieldValue`. Please use `FieldValue` instead.
06-17 18:08:05.170 20328 20422 W ReactNativeJS: This method is deprecated (as well as all React Native Firebase namespaced API) and will be removed in the next major release as part of move to match Firebase Web modular SDK API. Please see migration guide for more details: https://rnfirebase.io/migrating-to-v22. Method called was `serverTimestamp`. Please use `serverTimestamp()` instead.
06-17 18:08:58.419  1909  1972 I ActivityManager: Changes in 10296 19 to 11, 0 to 128
06-17 18:08:58.426  1909  2870 I ActivityManager: Changes in 10296 11 to 19, 128 to 0
06-17 18:08:59.474  1909  1972 I ActivityManager: Changes in 10296 19 to 11, 0 to 128
06-17 18:08:59.487  1909  2225 I ActivityManager: Changes in 10296 11 to 19, 128 to 0
06-17 18:10:05.729 20328 20422 W ReactNativeJS: This method is deprecated (as well as all React Native Firebase namespaced API) and will be removed in the next major release as part of move to match Firebase Web modular SDK API. Please see migration guide for more details: https://rnfirebase.io/migrating-to-v22. Method called was `FieldValue`. Please use `FieldValue` instead.
06-17 18:10:05.729 20328 20422 W ReactNativeJS: This method is deprecated (as well as all React Native Firebase namespaced API) and will be removed in the next major release as part of move to match Firebase Web modular SDK API. Please see migration guide for more details: https://rnfirebase.io/migrating-to-v22. Method called was `delete`. Please use `deleteField()` instead.
06-17 18:10:05.730 20328 20422 W ReactNativeJS: This method is deprecated (as well as all React Native Firebase namespaced API) and will be removed in the next major release as part of move to match Firebase Web modular SDK API. Please see migration guide for more details: https://rnfirebase.io/migrating-to-v22. Method called was `FieldValue`. Please use `FieldValue` instead.
06-17 18:10:05.730 20328 20422 W ReactNativeJS: This method is deprecated (as well as all React Native Firebase namespaced API) and will be removed in the next major release as part of move to match Firebase Web modular SDK API. Please see migration guide for more details: https://rnfirebase.io/migrating-to-v22. Method called was `serverTimestamp`. Please use `serverTimestamp()` instead.
06-17 18:10:27.027  1909  1973 I ActivityManager: Start proc 20858:com.lguplus.appstore/u0a99 for broadcast {com.lguplus.appstore/com.onestore.android.shopclient.specific.alarm.UpgradeAlarmReceiver}
06-17 18:10:27.028  1909  1973 I ActivityManager: ProcessObserver broadcast disabled
06-17 18:10:27.674  1909  1972 I ActivityManager: Changes in 10055 19 to 11, 0 to 128
06-17 18:10:27.691  1909  2225 I ActivityManager: Changes in 10055 11 to 5, 128 to 144
06-17 18:10:27.790  1909  2225 I ActivityManager: Changes in 99157 11 to 11, 0 to 128
06-17 18:10:27.790  1909  2225 I ActivityManager: Changes in 10099 11 to 11, 0 to 128
06-17 18:10:27.817  1909  2225 I ActivityManager: Changes in 99157 11 to 10, 128 to 0
06-17 18:10:27.825  1909  4338 I ActivityManager: Changes in 99157 10 to 11, 0 to 128
06-17 18:10:27.854  1909  1973 I ActivityManager: Start proc 20909:com.android.vending/u0a251 for service {com.android.vending/com.google.android.finsky.developergroupidinfo.DeveloperGroupIdInfoService}
06-17 18:10:27.854  1909  1973 I ActivityManager: ProcessObserver broadcast disabled
06-17 18:10:27.974  1909  1973 I ActivityManager: Start proc 20924:com.skt.skaf.OA00018282/u0a104 for content provider {com.skt.skaf.OA00018282/com.onestore.utils.ApiContentProvider}
06-17 18:10:27.975  1909  1973 I ActivityManager: ProcessObserver broadcast disabled
06-17 18:10:28.315  1909  1933 I ActivityManager: Changes in 10251 19 to 10, 0 to 128
06-17 18:10:29.411  1909  4356 I ActivityManager: Changes in 10104 19 to 10, 0 to 128
06-17 18:10:29.465  1909  1933 I ActivityManager: Killing 14683:com.sec.android.app.samsungapps/u0a86 (adj 965): empty #25
06-17 18:10:33.753  1909  1971 I ActivityManager: Changes in 10055 5 to 15, 144 to 0
06-17 18:10:34.387  1909  1971 I ActivityManager: Changes in 10104 19 to 19, 128 to 0
06-17 18:10:37.797  1909  2065 I ActivityManager: Changes in 99157 19 to 19, 128 to 0
06-17 18:10:37.797  1909  2065 I ActivityManager: Changes in 10251 19 to 19, 128 to 0
06-17 18:10:37.797  1909  2065 I ActivityManager: Changes in 10099 19 to 19, 128 to 0
06-17 18:10:38.543  1909  1973 I ActivityManager: Start proc 21083:com.android.vending:background/u0a251 for service {com.android.vending/com.google.frameworks.client.data.android.server.play.BackgroundProcessEndpointService}
06-17 18:10:38.543  1909  1973 I ActivityManager: ProcessObserver broadcast disabled
06-17 18:10:39.519  1909  4338 I ActivityManager: Killing 15271:com.android.providers.calendar/u0a115 (adj 965): empty #25
06-17 18:10:53.758  1909  1972 I ActivityManager: Killing 15275:com.samsung.android.app.reminder/u0a224 (adj 965): empty #25
06-17 18:11:57.045  1909  2537 I ActivityManager: Changes in 99157 19 to 5, 0 to 184
06-17 18:11:58.482  1909  1972 I ActivityManager: Changes in 10096 19 to 11, 0 to 128
06-17 18:12:08.501  1909  2065 I ActivityManager: Changes in 10096 19 to 19, 128 to 0
06-17 18:12:10.304 20328 20422 W ReactNativeJS: This method is deprecated (as well as all React Native Firebase namespaced API) and will be removed in the next major release as part of move to match Firebase Web modular SDK API. Please see migration guide for more details: https://rnfirebase.io/migrating-to-v22. Method called was `FieldValue`. Please use `FieldValue` instead.
06-17 18:12:10.305 20328 20422 W ReactNativeJS: This method is deprecated (as well as all React Native Firebase namespaced API) and will be removed in the next major release as part of move to match Firebase Web modular SDK API. Please see migration guide for more details: https://rnfirebase.io/migrating-to-v22. Method called was `delete`. Please use `deleteField()` instead.
06-17 18:12:10.306 20328 20422 W ReactNativeJS: This method is deprecated (as well as all React Native Firebase namespaced API) and will be removed in the next major release as part of move to match Firebase Web modular SDK API. Please see migration guide for more details: https://rnfirebase.io/migrating-to-v22. Method called was `FieldValue`. Please use `FieldValue` instead.
06-17 18:12:10.306 20328 20422 W ReactNativeJS: This method is deprecated (as well as all React Native Firebase namespaced API) and will be removed in the next major release as part of move to match Firebase Web modular SDK API. Please see migration guide for more details: https://rnfirebase.io/migrating-to-v22. Method called was `serverTimestamp`. Please use `serverTimestamp()` instead.
06-17 18:12:12.102  1909  2870 I ActivityManager: Changes in 99157 5 to 10, 184 to 0
06-17 18:12:13.062  1909  1972 I ActivityManager: Changes in 10096 19 to 11, 0 to 128
06-17 18:12:13.065  1909  2870 I ActivityManager: Changes in 10096 11 to 19, 128 to 0
06-17 18:12:13.070  1909  1972 I ActivityManager: Changes in 10108 10 to 10, 0 to 128
06-17 18:12:13.072  1909  3174 I ActivityManager: Changes in 10108 10 to 10, 128 to 0
06-17 18:13:31.977  1909  9411 I ActivityManager: Changes in 10107 19 to 5, 0 to 144
06-17 18:13:38.058  1909  1971 I ActivityManager: Changes in 10107 5 to 15, 144 to 0
06-17 18:17:53.620  1909  1972 I ActivityManager: Changes in 10096 19 to 11, 0 to 128
06-17 18:18:03.630  1909  2065 I ActivityManager: Changes in 10096 19 to 19, 128 to 0
06-17 18:18:51.405  1909  1972 I ActivityManager: Changes in 99157 19 to 19, 0 to 128
06-17 18:18:51.417  1909  1972 I ActivityManager: Changes in 10108 10 to 10, 0 to 128
06-17 18:18:51.424  1909  1973 I ActivityManager: Start proc 21442:com.google.android.projection.gearhead:shared/u0a242 for broadcast {com.google.android.projection.gearhead/com.google.android.apps.auto.wireless.bluetooth.WifiBluetoothReceiver}
06-17 18:18:51.426  1909  1973 I ActivityManager: ProcessObserver broadcast disabled
06-17 18:18:51.860  1909  3174 I ActivityManager: Changes in 10242 19 to 11, 0 to 128
06-17 18:18:51.877  1909  1973 I ActivityManager: Start proc 21472:com.google.android.projection.gearhead:car/u0a242 for broadcast {com.google.android.projection.gearhead/com.google.android.apps.auto.carservice.gmscorecompat.CarBluetoothReceiver}
06-17 18:18:51.877  1909  1973 I ActivityManager: ProcessObserver broadcast disabled
06-17 18:18:52.008  1909  1973 I ActivityManager: Start proc 21495:com.samsung.accessory.budsunitemgr/u0a314 for broadcast {com.samsung.accessory.budsunitemgr/com.samsung.accessory.hearablemgr.budsplugin.receiver.BluetoothReceiver}
06-17 18:18:52.008  1909  1973 I ActivityManager: ProcessObserver broadcast disabled
06-17 18:18:52.405  1909  4356 I ActivityManager: Changes in 10056 19 to 6, 0 to 128
06-17 18:18:52.436  1909  3174 I ActivityManager: Changes in 10314 19 to 11, 0 to 128
06-17 18:18:52.437  1909  3174 I ActivityManager: Changes in 10076 19 to 11, 0 to 128
06-17 18:18:52.463  1909  1973 I ActivityManager: Start proc 21533:com.sec.android.CcInfo/1000 for broadcast {com.sec.android.CcInfo/com.sec.android.CcInfo.WifiConnectionReceiver}
06-17 18:18:52.464  1909  1973 I ActivityManager: ProcessObserver broadcast disabled
06-17 18:18:52.497  1909  2057 I ActivityManager: Changes in 10076 11 to 10, 128 to 0
06-17 18:18:52.539  1909  2057 I ActivityManager: Killing 16459:com.samsung.drmboost/u0a339 (adj 955): empty #25
06-17 18:18:52.609  1909  2057 I ActivityManager: Killing 16754:com.google.android.rkpdapp/u0a348 (adj 955): empty #25
06-17 18:18:58.469  1909  1971 I ActivityManager: Changes in 10056 6 to 15, 128 to 0
06-17 18:19:01.681  1909  3174 I ActivityManager: Killing 18321:com.samsung.android.sdk.ocr/u0a190 (adj 945): empty #25
06-17 18:19:01.684  1909  3174 I ActivityManager: Killing 13718:com.osp.app.signin/u0a117 (adj 945): empty #26
06-17 18:19:14.670  1909  2065 I ActivityManager: Changes in 99157 19 to 19, 128 to 0
06-17 18:19:14.678  1909  2065 I ActivityManager: Changes in 10242 19 to 19, 128 to 0
06-17 18:19:14.681  1909  2065 I ActivityManager: Changes in 10314 19 to 19, 128 to 0
06-17 18:19:14.689  1909  2065 I ActivityManager: Changes in 10108 10 to 10, 128 to 0
06-17 18:19:28.081  1909  1972 I ActivityManager: Changes in 10296 19 to 11, 0 to 128
06-17 18:19:28.095  1909  3174 I ActivityManager: Changes in 10296 11 to 19, 128 to 0
06-17 18:19:29.250  1909  1972 I ActivityManager: Changes in 10296 19 to 11, 0 to 128
06-17 18:19:29.258  1909  3174 I ActivityManager: Changes in 10296 11 to 19, 128 to 0
06-17 18:19:33.201  1909  1972 I ActivityManager: Changes in 10296 19 to 11, 0 to 128
06-17 18:19:33.210  1909  4338 I ActivityManager: Changes in 10296 11 to 19, 128 to 0
06-17 18:19:34.360  1909  1972 I ActivityManager: Changes in 10296 19 to 11, 0 to 128
06-17 18:19:34.367  1909  4338 I ActivityManager: Changes in 10296 11 to 19, 128 to 0
06-17 18:19:38.320  1909  1972 I ActivityManager: Changes in 10296 19 to 11, 0 to 128
06-17 18:19:38.334  1909  1933 I ActivityManager: Changes in 10296 11 to 19, 128 to 0
06-17 18:19:39.486  1909  1972 I ActivityManager: Changes in 10296 19 to 11, 0 to 128
06-17 18:19:39.493  1909  4338 I ActivityManager: Changes in 10296 11 to 19, 128 to 0
06-17 18:20:09.048  1909  1972 I ActivityManager: Changes in 10296 19 to 11, 0 to 128
06-17 18:20:09.050  1909  4338 I ActivityManager: Changes in 10296 11 to 19, 128 to 0
06-17 18:20:10.200  1909  1972 I ActivityManager: Changes in 10296 19 to 11, 0 to 128
06-17 18:20:10.210  1909  4338 I ActivityManager: Changes in 10296 11 to 19, 128 to 0
06-17 18:26:51.012 20328 20422 W ReactNativeJS: This method is deprecated (as well as all React Native Firebase namespaced API) and will be removed in the next major release as part of move to match Firebase Web modular SDK API. Please see migration guide for more details: https://rnfirebase.io/migrating-to-v22. Method called was `FieldValue`. Please use `FieldValue` instead.
06-17 18:26:51.012 20328 20422 W ReactNativeJS: This method is deprecated (as well as all React Native Firebase namespaced API) and will be removed in the next major release as part of move to match Firebase Web modular SDK API. Please see migration guide for more details: https://rnfirebase.io/migrating-to-v22. Method called was `delete`. Please use `deleteField()` instead.
06-17 18:26:51.013 20328 20422 W ReactNativeJS: This method is deprecated (as well as all React Native Firebase namespaced API) and will be removed in the next major release as part of move to match Firebase Web modular SDK API. Please see migration guide for more details: https://rnfirebase.io/migrating-to-v22. Method called was `FieldValue`. Please use `FieldValue` instead.
06-17 18:26:51.016 20328 20422 W ReactNativeJS: This method is deprecated (as well as all React Native Firebase namespaced API) and will be removed in the next major release as part of move to match Firebase Web modular SDK API. Please see migration guide for more details: https://rnfirebase.io/migrating-to-v22. Method called was `serverTimestamp`. Please use `serverTimestamp()` instead.
06-17 18:29:43.084  1909  1972 I ActivityManager: Changes in 10096 19 to 11, 0 to 128
06-17 18:29:43.091  1909  3174 I ActivityManager: Changes in 10096 11 to 19, 128 to 0
06-17 18:29:43.151  1909  1933 I ActivityManager: Changes in 99157 19 to 8, 0 to 128
06-17 18:29:43.172  1909  2870 I ActivityManager: Changes in 99157 8 to 10, 128 to 0
06-17 18:29:43.227  1909  1933 I ActivityManager: Changes in 99157 19 to 8, 0 to 128
06-17 18:29:43.268  1909  3174 I ActivityManager: Changes in 99157 8 to 5, 128 to 184
06-17 18:29:58.338  1909  4227 I ActivityManager: Changes in 99157 5 to 10, 184 to 0
06-17 18:31:58.479  1909  1972 I ActivityManager: Changes in 10096 19 to 11, 0 to 128
06-17 18:31:58.497  1909  3174 I ActivityManager: Changes in 99157 19 to 5, 0 to 184
06-17 18:32:08.492  1909  2065 I ActivityManager: Changes in 10096 19 to 19, 128 to 0
06-17 18:32:13.560  1909  4227 I ActivityManager: Changes in 99157 5 to 10, 184 to 0
06-17 18:33:44.833  1909  1972 I ActivityManager: Changes in 10096 19 to 11, 0 to 128
06-17 18:33:44.838  1909  2537 I ActivityManager: Changes in 10096 11 to 19, 128 to 0
06-17 18:39:23.696  1909  1933 I ActivityManager: Changes in 99157 19 to 5, 0 to 184
06-17 18:39:38.715  1909  1933 I ActivityManager: Changes in 99157 5 to 10, 184 to 0
06-17 18:43:16.902 20328 20422 W ReactNativeJS: This method is deprecated (as well as all React Native Firebase namespaced API) and will be removed in the next major release as part of move to match Firebase Web modular SDK API. Please see migration guide for more details: https://rnfirebase.io/migrating-to-v22. Method called was `FieldValue`. Please use `FieldValue` instead.
06-17 18:43:16.902 20328 20422 W ReactNativeJS: This method is deprecated (as well as all React Native Firebase namespaced API) and will be removed in the next major release as part of move to match Firebase Web modular SDK API. Please see migration guide for more details: https://rnfirebase.io/migrating-to-v22. Method called was `delete`. Please use `deleteField()` instead.
06-17 18:43:16.903 20328 20422 W ReactNativeJS: This method is deprecated (as well as all React Native Firebase namespaced API) and will be removed in the next major release as part of move to match Firebase Web modular SDK API. Please see migration guide for more details: https://rnfirebase.io/migrating-to-v22. Method called was `FieldValue`. Please use `FieldValue` instead.
06-17 18:43:16.903 20328 20422 W ReactNativeJS: This method is deprecated (as well as all React Native Firebase namespaced API) and will be removed in the next major release as part of move to match Firebase Web modular SDK API. Please see migration guide for more details: https://rnfirebase.io/migrating-to-v22. Method called was `serverTimestamp`. Please use `serverTimestamp()` instead.
06-17 18:43:40.892  1909  9411 I ActivityManager: Changes in 10107 19 to 5, 0 to 144
06-17 18:43:47.001  1909  1971 I ActivityManager: Changes in 10107 5 to 15, 144 to 0
06-17 18:45:23.417 20328 20422 W ReactNativeJS: This method is deprecated (as well as all React Native Firebase namespaced API) and will be removed in the next major release as part of move to match Firebase Web modular SDK API. Please see migration guide for more details: https://rnfirebase.io/migrating-to-v22. Method called was `FieldValue`. Please use `FieldValue` instead.
06-17 18:45:23.417 20328 20422 W ReactNativeJS: This method is deprecated (as well as all React Native Firebase namespaced API) and will be removed in the next major release as part of move to match Firebase Web modular SDK API. Please see migration guide for more details: https://rnfirebase.io/migrating-to-v22. Method called was `delete`. Please use `deleteField()` instead.
06-17 18:45:23.418 20328 20422 W ReactNativeJS: This method is deprecated (as well as all React Native Firebase namespaced API) and will be removed in the next major release as part of move to match Firebase Web modular SDK API. Please see migration guide for more details: https://rnfirebase.io/migrating-to-v22. Method called was `FieldValue`. Please use `FieldValue` instead.
06-17 18:45:23.418 20328 20422 W ReactNativeJS: This method is deprecated (as well as all React Native Firebase namespaced API) and will be removed in the next major release as part of move to match Firebase Web modular SDK API. Please see migration guide for more details: https://rnfirebase.io/migrating-to-v22. Method called was `serverTimestamp`. Please use `serverTimestamp()` instead.
06-17 18:46:33.502  1909  1972 I ActivityManager: Changes in 10096 19 to 11, 0 to 128
06-17 18:46:33.507  1909  2224 I ActivityManager: Changes in 10096 11 to 19, 128 to 0
06-17 18:46:33.515  1909  1972 I ActivityManager: Changes in 10096 19 to 11, 0 to 128
06-17 18:46:33.520  1909  2224 I ActivityManager: Changes in 10096 11 to 19, 128 to 0
06-17 18:46:33.528  1909  1972 I ActivityManager: Changes in 10108 10 to 10, 0 to 128
06-17 18:46:33.534  1909  2057 I ActivityManager: Changes in 10108 10 to 10, 128 to 0
06-17 18:46:36.553  1909  1972 I ActivityManager: Changes in 10096 19 to 11, 0 to 128
06-17 18:46:36.557  1909  2224 I ActivityManager: Changes in 10096 11 to 19, 128 to 0
06-17 18:46:37.027  1909  1973 I ActivityManager: Start proc 22435:com.osp.app.signin/u0a117 for content provider {com.osp.app.signin/com.samsung.android.samsungaccount.place.db.PlaceProvider}
06-17 18:46:37.027  1909  1973 I ActivityManager: ProcessObserver broadcast disabled
06-17 18:46:37.733  1909  2224 I ActivityManager: Killing 18002:com.sec.android.app.soundalive/u0a140 (adj 945): empty #25
06-17 18:46:48.217  1909  1972 I ActivityManager: Changes in 10096 19 to 11, 0 to 128
06-17 18:46:48.234  1909  2057 I ActivityManager: Changes in 99157 19 to 5, 0 to 184
06-17 18:46:58.225  1909  2065 I ActivityManager: Changes in 10096 19 to 19, 128 to 0
06-17 18:47:03.289  1909  2057 I ActivityManager: Changes in 99157 5 to 10, 184 to 0
06-17 18:47:30.312 20328 20422 W ReactNativeJS: This method is deprecated (as well as all React Native Firebase namespaced API) and will be removed in the next major release as part of move to match Firebase Web modular SDK API. Please see migration guide for more details: https://rnfirebase.io/migrating-to-v22. Method called was `FieldValue`. Please use `FieldValue` instead.
06-17 18:47:30.313 20328 20422 W ReactNativeJS: This method is deprecated (as well as all React Native Firebase namespaced API) and will be removed in the next major release as part of move to match Firebase Web modular SDK API. Please see migration guide for more details: https://rnfirebase.io/migrating-to-v22. Method called was `delete`. Please use `deleteField()` instead.
06-17 18:47:30.313 20328 20422 W ReactNativeJS: This method is deprecated (as well as all React Native Firebase namespaced API) and will be removed in the next major release as part of move to match Firebase Web modular SDK API. Please see migration guide for more details: https://rnfirebase.io/migrating-to-v22. Method called was `FieldValue`. Please use `FieldValue` instead.
06-17 18:47:30.314 20328 20422 W ReactNativeJS: This method is deprecated (as well as all React Native Firebase namespaced API) and will be removed in the next major release as part of move to match Firebase Web modular SDK API. Please see migration guide for more details: https://rnfirebase.io/migrating-to-v22. Method called was `serverTimestamp`. Please use `serverTimestamp()` instead.
06-17 18:48:52.769  1909  1972 I ActivityManager: Changes in 10096 19 to 11, 0 to 128
06-17 18:48:52.773  1909  4227 I ActivityManager: Changes in 10096 11 to 19, 128 to 0
06-17 18:48:52.805  1909  1973 I ActivityManager: Start proc 22551:com.sec.android.app.shealth:remote/u0a328 for service {com.sec.android.app.shealth/com.samsung.android.service.health.data.phd.PrivilegedHealthService}
06-17 18:48:52.805  1909  1973 I ActivityManager: ProcessObserver broadcast disabled
06-17 18:48:53.661  1909  4227 I ActivityManager: Killing 19717:com.samsung.android.app.telephonyui/1001 (adj 935): empty #25
06-17 18:49:23.349 20328 20422 E ReactNativeJS: ReferenceError: Property 'DESTROY_FX_DURATION_MS' doesn't exist
06-17 18:49:23.349 20328 20422 E ReactNativeJS: 
06-17 18:49:23.349 20328 20422 E ReactNativeJS: This error is located at:
06-17 18:49:23.349 20328 20422 E ReactNativeJS:     in PlanetEdenRaidOrbitSkiaCombat (created by PlanetEdenRaidOrbitSvg)
06-17 18:49:23.349 20328 20422 E ReactNativeJS:     in PlanetEdenRaidOrbitSvg (created by PlanetCapitalCombatOrbitForegroundOverlay)
06-17 18:49:23.349 20328 20422 E ReactNativeJS:     in RCTView (created by View)
06-17 18:49:23.349 20328 20422 E ReactNativeJS:     in View (created by PlanetCapitalCombatOrbitForegroundOverlay)
06-17 18:49:23.349 20328 20422 E ReactNativeJS:     in RCTView (created by View)
06-17 18:49:23.349 20328 20422 E ReactNativeJS:     in View (created by PlanetCapitalCombatOrbitForegroundOverlay)
06-17 18:49:23.349 20328 20422 E ReactNativeJS:     in RCTView (created by View)
06-17 18:49:23.349 20328 20422 E ReactNativeJS:     in View (created by PlanetCapitalCombatOrbitForegroundOverlay)
06-17 18:49:23.349 20328 20422 E ReactNativeJS:     in RCTView (created by View)
06-17 18:49:23.349 20328 20422 E ReactNativeJS:     in View (created by PlanetCapitalCombatOrbitForegroundOverlay)
06-17 18:49:23.349 20328 20422 E ReactNativeJS:     in RCTView (created by View)
06-17 18:49:23.349 20328 20422 E ReactNativeJS:     in View (created by PlanetCapitalCombatOrbitForegroundOverlay)
06-17 18:49:23.349 20328 20422 E ReactNativeJS:     in RCTView (created by View)
06-17 18:49:23.349 20328 20422 E ReactNativeJS:     in View (created by PlanetCapitalCombatOrbitForegroundOverlay)
06-17 18:49:23.349 20328 20422 E ReactNativeJS:     in PlanetCapitalCombatOrbitForegroundOverlay (created by PlanetCapitalCombatHeavySlot)
06-17 18:49:23.349 20328 20422 E ReactNativeJS:     in PlanetCapitalCombatHeavySlot (created by PlanetScreen)
06-17 18:49:23.349 20328 20422 E ReactNativeJS:     in RCTView (created by View)
06-17 18:49:23.349 20328 20422 E ReactNativeJS:     in View (created by StageShellInner)
06-17 18:49:23.349 20328 20422 E ReactNativeJS:     in RNCSafeAreaView
06-17 18:49:23.349 20328 20422 E ReactNativeJS:     in Unknown (created by StageShellInner)
06-17 18:49:23.349 20328 20422 E ReactNativeJS:     in StageShellInner (created by PlanetScreen)
06-17 18:49:23.349 20328 20422 E ReactNativeJS:     in PlanetEdenRaidSimBinder (created by PlanetCapitalCombatRoot)
06-17 18:49:23.349 20328 20422 E ReactNativeJS:     in PlanetCapitalCombatRoot (created by PlanetScreen)
06-17 18:49:23.349 20328 20422 E ReactNativeJS:     in PlanetScreen
06-17 18:49:23.349 20328 20422 E ReactNativeJS:     in Unknown (created by Route(planet))
06-17 18:49:23.349 20328 20422 E ReactNativeJS:     in Suspense (created by Route(planet))
06-17 18:49:23.349 20328 20422 E ReactNativeJS:     in Route (created by Route(planet))
06-17 18:49:23.349 20328 20422 E ReactNativeJS:     in Route(planet) (created by SceneView)
06-17 18:49:23.349 20328 20422 E ReactNativeJS:     in StaticContainer
06-17 18:49:23.349 20328 20422 E ReactNativeJS:     in EnsureSingleNavigator (created by SceneView)
06-17 18:49:23.349 20328 20422 E ReactNativeJS:     in SceneView (created by SceneView)
06-17 18:49:23.349 20328 20422 E ReactNativeJS:     in RCTView (created by View)
06-17 18:49:23.349 20328 20422 E ReactNativeJS:     in View (created by DebugContainer)
06-17 18:49:23.349 20328 20422 E ReactNativeJS:     in DebugContainer (created by MaybeNestedStack)
06-17 18:49:23.349 20328 20422 E ReactNativeJS:     in MaybeNestedStack (created by SceneView)
06-17 18:49:23.349 20328 20422 E ReactNativeJS:     in RCTView (created by View)
06-17 18:49:23.349 20328 20422 E ReactNativeJS:     in View (created by SceneView)
06-17 18:49:23.349 20328 20422 E ReactNativeJS:     in RNSScreen (created by Animated(Anonymous))
06-17 18:49:23.349 20328 20422 E ReactNativeJS:     in Animated(Anonymous) (created by InnerScreen)
06-17 18:49:23.349 20328 20422 E ReactNativeJS:     in Suspender (created by Freeze)
06-17 18:49:23.349 20328 20422 E ReactNativeJS:     in Suspense (created by Freeze)
06-17 18:49:23.349 20328 20422 E ReactNativeJS:     in Freeze (created by DelayedFreeze)
06-17 18:49:23.349 20328 20422 E ReactNativeJS:     in DelayedFreeze (created by InnerScreen)
06-17 18:49:23.349 20328 20422 E ReactNativeJS:     in InnerScreen (created by Screen)
06-17 18:49:23.349 20328 20422 E ReactNativeJS:     in Screen (created by SceneView)
06-17 18:49:23.349 20328 20422 E ReactNativeJS:     in SceneView (created by NativeStackViewInner)
06-17 18:49:23.349 20328 20422 E ReactNativeJS:     in Suspender (created by Freeze)
06-17 18:49:23.349 20328 20422 E ReactNativeJS:     in Suspense (created by Freeze)
06-17 18:49:23.349 20328 20422 E ReactNativeJS:     in Freeze (created by DelayedFreeze)
06-17 18:49:23.349 20328 20422 E ReactNativeJS:     in DelayedFreeze (created by ScreenStack)
06-17 18:49:23.349 20328 20422 E ReactNativeJS:     in RNSScreenStack (created by ScreenStack)
06-17 18:49:23.349 20328 20422 E ReactNativeJS:     in ScreenStack (created by NativeStackViewInner)
06-17 18:49:23.349 20328 20422 E ReactNativeJS:     in NativeStackViewInner (created by NativeStackView)
06-17 18:49:23.349 20328 20422 E ReactNativeJS:     in RCTView (created by View)
06-17 18:49:23.349 20328 20422 E ReactNativeJS:     in View (created by SafeAreaProviderCompat)
06-17 18:49:23.349 20328 20422 E ReactNativeJS:     in SafeAreaProviderCompat (created by NativeStackView)
06-17 18:49:23.349 20328 20422 E ReactNativeJS:     in NativeStackView (created by NativeStackNavigator)
06-17 18:49:23.349 20328 20422 E ReactNativeJS:     in PreventRemoveProvider (created by NavigationContent)
06-17 18:49:23.349 20328 20422 E ReactNativeJS:     in NavigationContent
06-17 18:49:23.349 20328 20422 E ReactNativeJS:     in Unknown (created by NativeStackNavigator)
06-17 18:49:23.349 20328 20422 E ReactNativeJS:     in NativeStackNavigator
06-17 18:49:23.349 20328 20422 E ReactNativeJS:     in Unknown (created by GameLayout)
06-17 18:49:23.349 20328 20422 E ReactNativeJS:     in GameLayout
06-17 18:49:23.349 20328 20422 E ReactNativeJS:     in Unknown (created by Route((game)))
06-17 18:49:23.349 20328 20422 E ReactNativeJS:     in Suspense (created by Route((game)))
06-17 18:49:23.349 20328 20422 E ReactNativeJS:     in Route (created by Route((game)))
06-17 18:49:23.349 20328 20422 E ReactNativeJS:     in Route((game)) (created by SceneView)
06-17 18:49:23.349 20328 20422 E ReactNativeJS:     in StaticContainer
06-17 18:49:23.349 20328 20422 E ReactNativeJS:     in EnsureSingleNavigator (created by SceneView)
06-17 18:49:23.349 20328 20422 E ReactNativeJS:     in SceneView (created by SceneView)
06-17 18:49:23.349 20328 20422 E ReactNativeJS:     in RCTView (created by View)
06-17 18:49:23.349 20328 20422 E ReactNativeJS:     in View (created by DebugContainer)
06-17 18:49:23.349 20328 20422 E ReactNativeJS:     in DebugContainer (created by MaybeNestedStack)
06-17 18:49:23.349 20328 20422 E ReactNativeJS:     in MaybeNestedStack (created by SceneView)
06-17 18:49:23.349 20328 20422 E ReactNativeJS:     in RCTView (created by View)
06-17 18:49:23.349 20328 20422 E ReactNativeJS:     in View (created by SceneView)
06-17 18:49:23.349 20328 20422 E ReactNativeJS:     in RNSScreen (created by Animated(Anonymous))
06-17 18:49:23.349 20328 20422 E ReactNativeJS:     in Animated(Anonymous) (created by InnerScreen)
06-17 18:49:23.349 20328 20422 E ReactNativeJS:     in Suspender (created by Freeze)
06-17 18:49:23.349 20328 20422 E ReactNativeJS:     in Suspense (created by Freeze)
06-17 18:49:23.349 20328 20422 E ReactNativeJS:     in Freeze (created by DelayedFreeze)
06-17 18:49:23.349 20328 20422 E ReactNativeJS:     in DelayedFreeze (created by InnerScreen)
06-17 18:49:23.349 20328 20422 E ReactNativeJS:     in InnerScreen (created by Screen)
06-17 18:49:23.349 20328 20422 E ReactNativeJS:     in Screen (created by SceneView)
06-17 18:49:23.349 20328 20422 E ReactNativeJS:     in SceneView (created by NativeStackViewInner)
06-17 18:49:23.349 20328 20422 E ReactNativeJS:     in Suspender (created by Freeze)
06-17 18:49:23.349 20328 20422 E ReactNativeJS:     in Suspense (created by Freeze)
06-17 18:49:23.349 20328 20422 E ReactNativeJS:     in Freeze (created by DelayedFreeze)
06-17 18:49:23.349 20328 20422 E ReactNativeJS:     in DelayedFreeze (created by ScreenStack)
06-17 18:49:23.349 20328 20422 E ReactNativeJS:     in RNSScreenStack (created by Scree
06-17 18:49:23.433 20328 20422 E ReactNativeJS: ReferenceError: Property 'DESTROY_FX_DURATION_MS' doesn't exist
06-17 18:49:23.433 20328 20422 E ReactNativeJS: 
06-17 18:49:23.433 20328 20422 E ReactNativeJS: This error is located at:
06-17 18:49:23.433 20328 20422 E ReactNativeJS:     in PlanetEdenRaidOrbitSkiaCombat (created by PlanetEdenRaidOrbitSvg)
06-17 18:49:23.433 20328 20422 E ReactNativeJS:     in PlanetEdenRaidOrbitSvg (created by PlanetCapitalCombatOrbitForegroundOverlay)
06-17 18:49:23.433 20328 20422 E ReactNativeJS:     in RCTView (created by View)
06-17 18:49:23.433 20328 20422 E ReactNativeJS:     in View (created by PlanetCapitalCombatOrbitForegroundOverlay)
06-17 18:49:23.433 20328 20422 E ReactNativeJS:     in RCTView (created by View)
06-17 18:49:23.433 20328 20422 E ReactNativeJS:     in View (created by PlanetCapitalCombatOrbitForegroundOverlay)
06-17 18:49:23.433 20328 20422 E ReactNativeJS:     in RCTView (created by View)
06-17 18:49:23.433 20328 20422 E ReactNativeJS:     in View (created by PlanetCapitalCombatOrbitForegroundOverlay)
06-17 18:49:23.433 20328 20422 E ReactNativeJS:     in RCTView (created by View)
06-17 18:49:23.433 20328 20422 E ReactNativeJS:     in View (created by PlanetCapitalCombatOrbitForegroundOverlay)
06-17 18:49:23.433 20328 20422 E ReactNativeJS:     in RCTView (created by View)
06-17 18:49:23.433 20328 20422 E ReactNativeJS:     in View (created by PlanetCapitalCombatOrbitForegroundOverlay)
06-17 18:49:23.433 20328 20422 E ReactNativeJS:     in RCTView (created by View)
06-17 18:49:23.433 20328 20422 E ReactNativeJS:     in View (created by PlanetCapitalCombatOrbitForegroundOverlay)
06-17 18:49:23.433 20328 20422 E ReactNativeJS:     in PlanetCapitalCombatOrbitForegroundOverlay (created by PlanetCapitalCombatHeavySlot)
06-17 18:49:23.433 20328 20422 E ReactNativeJS:     in PlanetCapitalCombatHeavySlot (created by PlanetScreen)
06-17 18:49:23.433 20328 20422 E ReactNativeJS:     in RCTView (created by View)
06-17 18:49:23.433 20328 20422 E ReactNativeJS:     in View (created by StageShellInner)
06-17 18:49:23.433 20328 20422 E ReactNativeJS:     in RNCSafeAreaView
06-17 18:49:23.433 20328 20422 E ReactNativeJS:     in Unknown (created by StageShellInner)
06-17 18:49:23.433 20328 20422 E ReactNativeJS:     in StageShellInner (created by PlanetScreen)
06-17 18:49:23.433 20328 20422 E ReactNativeJS:     in PlanetEdenRaidSimBinder (created by PlanetCapitalCombatRoot)
06-17 18:49:23.433 20328 20422 E ReactNativeJS:     in PlanetCapitalCombatRoot (created by PlanetScreen)
06-17 18:49:23.433 20328 20422 E ReactNativeJS:     in PlanetScreen
06-17 18:49:23.433 20328 20422 E ReactNativeJS:     in Unknown (created by Route(planet))
06-17 18:49:23.433 20328 20422 E ReactNativeJS:     in Suspense (created by Route(planet))
06-17 18:49:23.433 20328 20422 E ReactNativeJS:     in Route (created by Route(planet))
06-17 18:49:23.433 20328 20422 E ReactNativeJS:     in Route(planet) (created by SceneView)
06-17 18:49:23.433 20328 20422 E ReactNativeJS:     in StaticContainer
06-17 18:49:23.433 20328 20422 E ReactNativeJS:     in EnsureSingleNavigator (created by SceneView)
06-17 18:49:23.433 20328 20422 E ReactNativeJS:     in SceneView (created by SceneView)
06-17 18:49:23.433 20328 20422 E ReactNativeJS:     in RCTView (created by View)
06-17 18:49:23.433 20328 20422 E ReactNativeJS:     in View (created by DebugContainer)
06-17 18:49:23.433 20328 20422 E ReactNativeJS:     in DebugContainer (created by MaybeNestedStack)
06-17 18:49:23.433 20328 20422 E ReactNativeJS:     in MaybeNestedStack (created by SceneView)
06-17 18:49:23.433 20328 20422 E ReactNativeJS:     in RCTView (created by View)
06-17 18:49:23.433 20328 20422 E ReactNativeJS:     in View (created by SceneView)
06-17 18:49:23.433 20328 20422 E ReactNativeJS:     in RNSScreen (created by Animated(Anonymous))
06-17 18:49:23.433 20328 20422 E ReactNativeJS:     in Animated(Anonymous) (created by InnerScreen)
06-17 18:49:23.433 20328 20422 E ReactNativeJS:     in Suspender (created by Freeze)
06-17 18:49:23.433 20328 20422 E ReactNativeJS:     in Suspense (created by Freeze)
06-17 18:49:23.433 20328 20422 E ReactNativeJS:     in Freeze (created by DelayedFreeze)
06-17 18:49:23.433 20328 20422 E ReactNativeJS:     in DelayedFreeze (created by InnerScreen)
06-17 18:49:23.433 20328 20422 E ReactNativeJS:     in InnerScreen (created by Screen)
06-17 18:49:23.433 20328 20422 E ReactNativeJS:     in Screen (created by SceneView)
06-17 18:49:23.433 20328 20422 E ReactNativeJS:     in SceneView (created by NativeStackViewInner)
06-17 18:49:23.433 20328 20422 E ReactNativeJS:     in Suspender (created by Freeze)
06-17 18:49:23.433 20328 20422 E ReactNativeJS:     in Suspense (created by Freeze)
06-17 18:49:23.433 20328 20422 E ReactNativeJS:     in Freeze (created by DelayedFreeze)
06-17 18:49:23.433 20328 20422 E ReactNativeJS:     in DelayedFreeze (created by ScreenStack)
06-17 18:49:23.433 20328 20422 E ReactNativeJS:     in RNSScreenStack (created by ScreenStack)
06-17 18:49:23.433 20328 20422 E ReactNativeJS:     in ScreenStack (created by NativeStackViewInner)
06-17 18:49:23.433 20328 20422 E ReactNativeJS:     in NativeStackViewInner (created by NativeStackView)
06-17 18:49:23.433 20328 20422 E ReactNativeJS:     in RCTView (created by View)
06-17 18:49:23.433 20328 20422 E ReactNativeJS:     in View (created by SafeAreaProviderCompat)
06-17 18:49:23.433 20328 20422 E ReactNativeJS:     in SafeAreaProviderCompat (created by NativeStackView)
06-17 18:49:23.433 20328 20422 E ReactNativeJS:     in NativeStackView (created by NativeStackNavigator)
06-17 18:49:23.433 20328 20422 E ReactNativeJS:     in PreventRemoveProvider (created by NavigationContent)
06-17 18:49:23.433 20328 20422 E ReactNativeJS:     in NavigationContent
06-17 18:49:23.433 20328 20422 E ReactNativeJS:     in Unknown (created by NativeStackNavigator)
06-17 18:49:23.433 20328 20422 E ReactNativeJS:     in NativeStackNavigator
06-17 18:49:23.433 20328 20422 E ReactNativeJS:     in Unknown (created by GameLayout)
06-17 18:49:23.433 20328 20422 E ReactNativeJS:     in GameLayout
06-17 18:49:23.433 20328 20422 E ReactNativeJS:     in Unknown (created by Route((game)))
06-17 18:49:23.433 20328 20422 E ReactNativeJS:     in Suspense (created by Route((game)))
06-17 18:49:23.433 20328 20422 E ReactNativeJS:     in Route (created by Route((game)))
06-17 18:49:23.433 20328 20422 E ReactNativeJS:     in Route((game)) (created by SceneView)
06-17 18:49:23.433 20328 20422 E ReactNativeJS:     in StaticContainer
06-17 18:49:23.433 20328 20422 E ReactNativeJS:     in EnsureSingleNavigator (created by SceneView)
06-17 18:49:23.433 20328 20422 E ReactNativeJS:     in SceneView (created by SceneView)
06-17 18:49:23.433 20328 20422 E ReactNativeJS:     in RCTView (created by View)
06-17 18:49:23.433 20328 20422 E ReactNativeJS:     in View (created by DebugContainer)
06-17 18:49:23.433 20328 20422 E ReactNativeJS:     in DebugContainer (created by MaybeNestedStack)
06-17 18:49:23.433 20328 20422 E ReactNativeJS:     in MaybeNestedStack (created by SceneView)
06-17 18:49:23.433 20328 20422 E ReactNativeJS:     in RCTView (created by View)
06-17 18:49:23.433 20328 20422 E ReactNativeJS:     in View (created by SceneView)
06-17 18:49:23.433 20328 20422 E ReactNativeJS:     in RNSScreen (created by Animated(Anonymous))
06-17 18:49:23.433 20328 20422 E ReactNativeJS:     in Animated(Anonymous) (created by InnerScreen)
06-17 18:49:23.433 20328 20422 E ReactNativeJS:     in Suspender (created by Freeze)
06-17 18:49:23.433 20328 20422 E ReactNativeJS:     in Suspense (created by Freeze)
06-17 18:49:23.433 20328 20422 E ReactNativeJS:     in Freeze (created by DelayedFreeze)
06-17 18:49:23.433 20328 20422 E ReactNativeJS:     in DelayedFreeze (created by InnerScreen)
06-17 18:49:23.433 20328 20422 E ReactNativeJS:     in InnerScreen (created by Screen)
06-17 18:49:23.433 20328 20422 E ReactNativeJS:     in Screen (created by SceneView)
06-17 18:49:23.433 20328 20422 E ReactNativeJS:     in SceneView (created by NativeStackViewInner)
06-17 18:49:23.433 20328 20422 E ReactNativeJS:     in Suspender (created by Freeze)
06-17 18:49:23.433 20328 20422 E ReactNativeJS:     in Suspense (created by Freeze)
06-17 18:49:23.433 20328 20422 E ReactNativeJS:     in Freeze (created by DelayedFreeze)
06-17 18:49:23.433 20328 20422 E ReactNativeJS:     in DelayedFreeze (created by ScreenStack)
06-17 18:49:23.433 20328 20422 E ReactNativeJS:     in RNSScreenStack (created by Scree
06-17 18:49:23.716 20328 20422 W ReactNativeJS: 'This method is deprecated (as well as all React Native Firebase namespaced API) and will be removed in the next major release as part of move to match Firebase Web modular SDK API. Please see migration guide for more details: https://rnfirebase.io/migrating-to-v22 Please use `getApp()` instead.', { [Component Stack] name: 'Component Stack' }
06-17 18:49:23.738 20328 20422 W ReactNativeJS: 'This method is deprecated (as well as all React Native Firebase namespaced API) and will be removed in the next major release as part of move to match Firebase Web modular SDK API. Please see migration guide for more details: https://rnfirebase.io/migrating-to-v22 Please use `getApp()` instead.', { [Component Stack] name: 'Component Stack' }
06-17 18:49:23.755 20328 20422 W ReactNativeJS: 'This method is deprecated (as well as all React Native Firebase namespaced API) and will be removed in the next major release as part of move to match Firebase Web modular SDK API. Please see migration guide for more details: https://rnfirebase.io/migrating-to-v22. Method called was `logEvent`. Please use `logEvent()` instead.', { [Component Stack] name: 'Component Stack' }
06-17 18:49:23.809  1909  1933 I ActivityManager: Changes in 99157 19 to 3, 0 to 184
06-17 18:49:24.592 20328 20422 W ReactNativeJS: This method is deprecated (as well as all React Native Firebase namespaced API) and will be removed in the next major release as part of move to match Firebase Web modular SDK API. Please see migration guide for more details: https://rnfirebase.io/migrating-to-v22. Method called was `FieldValue`. Please use `FieldValue` instead.
06-17 18:49:24.592 20328 20422 W ReactNativeJS: This method is deprecated (as well as all React Native Firebase namespaced API) and will be removed in the next major release as part of move to match Firebase Web modular SDK API. Please see migration guide for more details: https://rnfirebase.io/migrating-to-v22. Method called was `delete`. Please use `deleteField()` instead.
06-17 18:49:24.592 20328 20422 W ReactNativeJS: This method is deprecated (as well as all React Native Firebase namespaced API) and will be removed in the next major release as part of move to match Firebase Web modular SDK API. Please see migration guide for more details: https://rnfirebase.io/migrating-to-v22. Method called was `FieldValue`. Please use `FieldValue` instead.
06-17 18:49:24.593 20328 20422 W ReactNativeJS: This method is deprecated (as well as all React Native Firebase namespaced API) and will be removed in the next major release as part of move to match Firebase Web modular SDK API. Please see migration guide for more details: https://rnfirebase.io/migrating-to-v22. Method called was `serverTimestamp`. Please use `serverTimestamp()` instead.
06-17 18:49:33.869  1909  2224 I ActivityManager: Changes in 99157 3 to 10, 184 to 0
06-17 18:51:49.872 20328 20422 W ReactNativeJS: This method is deprecated (as well as all React Native Firebase namespaced API) and will be removed in the next major release as part of move to match Firebase Web modular SDK API. Please see migration guide for more details: https://rnfirebase.io/migrating-to-v22. Method called was `FieldValue`. Please use `FieldValue` instead.
06-17 18:51:49.873 20328 20422 W ReactNativeJS: This method is deprecated (as well as all React Native Firebase namespaced API) and will be removed in the next major release as part of move to match Firebase Web modular SDK API. Please see migration guide for more details: https://rnfirebase.io/migrating-to-v22. Method called was `delete`. Please use `deleteField()` instead.
06-17 18:51:49.873 20328 20422 W ReactNativeJS: This method is deprecated (as well as all React Native Firebase namespaced API) and will be removed in the next major release as part of move to match Firebase Web modular SDK API. Please see migration guide for more details: https://rnfirebase.io/migrating-to-v22. Method called was `FieldValue`. Please use `FieldValue` instead.
06-17 18:51:49.873 20328 20422 W ReactNativeJS: This method is deprecated (as well as all React Native Firebase namespaced API) and will be removed in the next major release as part of move to match Firebase Web modular SDK API. Please see migration guide for more details: https://rnfirebase.io/migrating-to-v22. Method called was `serverTimestamp`. Please use `serverTimestamp()` instead.
06-17 18:51:50.461  1909  1973 I ActivityManager: Start proc 22715:com.android.providers.calendar/u0a115 for content provider {com.android.providers.calendar/com.android.providers.calendar.CalendarProvider2}
06-17 18:51:50.462  1909  1973 I ActivityManager: ProcessObserver broadcast disabled
06-17 18:51:50.485  1909  1973 I ActivityManager: Start proc 22716:com.samsung.android.app.reminder/u0a224 for content provider {com.samsung.android.app.reminder/com.samsung.android.app.reminder.data.provider.ReminderProvider}
06-17 18:51:50.487  1909  1973 I ActivityManager: ProcessObserver broadcast disabled
06-17 18:51:50.565  1909  3174 W ActivityManager: pid 10796 com.samsung.android.scs sent binder code 1 with flags 2 to frozen apps and got error -2147483646
06-17 18:51:50.575  1909  3174 I ActivityManager: Process com.samsung.cmh (pid 18965) early provider death
06-17 18:51:50.579  1909  3174 I ActivityManager: Process com.samsung.cmh (pid 18965) has died: cch+5 CEM (189,1217)
06-17 18:51:50.599  1909  2537 W ActivityManager: ProcessRecord{72282f8 0:com.samsung.cmh/5004} is attached to a previous process 18965
06-17 18:51:50.663  1909  1973 W ActivityManager: Slow operation: 58ms so far, now at startProcess: returned from zygote!
06-17 18:51:50.667  1909  1973 W ActivityManager: Slow operation: 62ms so far, now at startProcess: done updating battery stats
06-17 18:51:50.668  1909  1973 W ActivityManager: Slow operation: 63ms so far, now at startProcess: building log message
06-17 18:51:50.669  1909  1973 I ActivityManager: Start proc 22741:com.samsung.cmh/5004 for content provider {com.samsung.cmh/com.samsung.cmh.provider.CMHProvider}
06-17 18:51:50.670  1909  1973 W ActivityManager: Slow operation: 65ms so far, now at startProcess: starting to update pids map
06-17 18:51:50.670  1909  1973 I ActivityManager: ProcessObserver broadcast disabled
06-17 18:51:50.671  1909  1973 W ActivityManager: Slow operation: 65ms so far, now at startProcess: done updating pids map
06-17 18:51:50.788  1909  2224 I ActivityManager: Killing 16292:com.sec.android.provider.badge/u0a55 (adj 905): empty #25
06-17 18:51:50.878  1909  4356 I ActivityManager: Killing 20858:com.lguplus.appstore/u0a99 (adj 905): empty #25
06-17 18:51:50.959  1909  1973 I ActivityManager: Start proc 22802:com.samsung.faceservice/5004 for content provider {com.samsung.faceservice/com.samsung.faceservice.provider.FaceServiceProvider}
06-17 18:51:50.959  1909  1973 I ActivityManager: ProcessObserver broadcast disabled
06-17 18:51:51.080  1909  4356 W ActivityManager: Receiver with filter android.content.IntentFilter@12f157e already registered for pid 22802, callerPackage is com.samsung.faceservice
06-17 18:51:51.082  1909  4356 W ActivityManager: Receiver with filter android.content.IntentFilter@8d5b32c already registered for pid 22802, callerPackage is com.samsung.faceservice
06-17 18:51:51.085  1909  2224 I ActivityManager: Killing 20924:com.skt.skaf.OA00018282/u0a104 (adj 905): empty #25
06-17 18:51:52.663  1909  1973 I ActivityManager: Start proc 22824:com.samsung.android.kmxservice:AiPrivacy/u0a89 for content provider {com.samsung.android.kmxservice/com.samsung.android.kmxservice.ai.privacy.AiPrivacyContentProvider}
06-17 18:51:52.663  1909  1973 I ActivityManager: ProcessObserver broadcast disabled
06-17 18:51:52.814  1909  3174 I ActivityManager: Changes in 10089 19 to 5, 0 to 144
06-17 18:51:58.817  1909  1971 I ActivityManager: Changes in 10089 5 to 15, 144 to 0
06-17 18:52:18.819  1909  1972 I ActivityManager: Killing 20909:com.android.vending/u0a251 (adj 905): empty #25
06-17 18:53:57.266 20328 20422 W ReactNativeJS: This method is deprecated (as well as all React Native Firebase namespaced API) and will be removed in the next major release as part of move to match Firebase Web modular SDK API. Please see migration guide for more details: https://rnfirebase.io/migrating-to-v22. Method called was `FieldValue`. Please use `FieldValue` instead.
06-17 18:53:57.266 20328 20422 W ReactNativeJS: This method is deprecated (as well as all React Native Firebase namespaced API) and will be removed in the next major release as part of move to match Firebase Web modular SDK API. Please see migration guide for more details: https://rnfirebase.io/migrating-to-v22. Method called was `delete`. Please use `deleteField()` instead.
06-17 18:53:57.267 20328 20422 W ReactNativeJS: This method is deprecated (as well as all React Native Firebase namespaced API) and will be removed in the next major release as part of move to match Firebase Web modular SDK API. Please see migration guide for more details: https://rnfirebase.io/migrating-to-v22. Method called was `FieldValue`. Please use `FieldValue` instead.
06-17 18:53:57.267 20328 20422 W ReactNativeJS: This method is deprecated (as well as all React Native Firebase namespaced API) and will be removed in the next major release as part of move to match Firebase Web modular SDK API. Please see migration guide for more details: https://rnfirebase.io/migrating-to-v22. Method called was `serverTimestamp`. Please use `serverTimestamp()` instead.
06-17 18:56:00.178 20328 20422 W ReactNativeJS: This method is deprecated (as well as all React Native Firebase namespaced API) and will be removed in the next major release as part of move to match Firebase Web modular SDK API. Please see migration guide for more details: https://rnfirebase.io/migrating-to-v22. Method called was `FieldValue`. Please use `FieldValue` instead.
06-17 18:56:00.178 20328 20422 W ReactNativeJS: This method is deprecated (as well as all React Native Firebase namespaced API) and will be removed in the next major release as part of move to match Firebase Web modular SDK API. Please see migration guide for more details: https://rnfirebase.io/migrating-to-v22. Method called was `delete`. Please use `deleteField()` instead.
06-17 18:56:00.178 20328 20422 W ReactNativeJS: This method is deprecated (as well as all React Native Firebase namespaced API) and will be removed in the next major release as part of move to match Firebase Web modular SDK API. Please see migration guide for more details: https://rnfirebase.io/migrating-to-v22. Method called was `FieldValue`. Please use `FieldValue` instead.
06-17 18:56:00.179 20328 20422 W ReactNativeJS: This method is deprecated (as well as all React Native Firebase namespaced API) and will be removed in the next major release as part of move to match Firebase Web modular SDK API. Please see migration guide for more details: https://rnfirebase.io/migrating-to-v22. Method called was `serverTimestamp`. Please use `serverTimestamp()` instead.
06-17 18:56:06.287  1909  1972 I ActivityManager: Changes in 10096 19 to 11, 0 to 128
06-17 18:56:16.297  1909  2065 I ActivityManager: Changes in 10096 19 to 19, 128 to 0
06-17 18:56:26.286  1909  1972 I ActivityManager: Changes in 10096 19 to 11, 0 to 128
06-17 18:56:36.292  1909  2065 I ActivityManager: Changes in 10096 19 to 19, 128 to 0
06-17 18:57:35.536  1909  1973 I ActivityManager: Start proc 23064:com.ss.android.ugc.trill/u0a388 for broadcast {com.ss.android.ugc.trill/com.google.firebase.iid.FirebaseInstanceIdReceiver}
06-17 18:57:35.536  1909  1973 I ActivityManager: ProcessObserver broadcast disabled
06-17 18:57:36.899  1909  2224 I ActivityManager: Changes in 10388 19 to 11, 0 to 128
06-17 18:57:36.951  1909  2224 I ActivityManager: Killing 21083:com.android.vending:background/u0a251 (adj 905): empty #25
06-17 18:57:36.979  1909  2224 I ActivityManager: Changes in 99157 19 to 10, 0 to 128
06-17 18:57:37.008  1909  4338 I ActivityManager: Changes in 99157 19 to 10, 128 to 0
06-17 18:57:37.252  1909  1973 I ActivityManager: Start proc 23207:com.sec.android.provider.badge/u0a55 for broadcast {com.sec.android.provider.badge/com.sec.android.provider.badge.BadgeCountReceiver}
06-17 18:57:37.254  1909  1973 I ActivityManager: ProcessObserver broadcast disabled
06-17 18:57:37.400  1909  1933 I ActivityManager: Changes in 10055 19 to 11, 0 to 128
06-17 18:57:37.509  1909  1933 I ActivityManager: Changes in 10055 11 to 5, 128 to 144
06-17 18:57:43.557  1909  1971 I ActivityManager: Changes in 10055 5 to 15, 144 to 0
06-17 18:57:44.097  1909  2870 I ActivityManager: Changes in 99157 19 to 19, 0 to 128
06-17 18:57:44.114  1909  1973 I ActivityManager: Start proc 23382:com.samsung.drmboost/u0a339 for service {com.samsung.drmboost/com.samsung.drmboost.DrmEventService}
06-17 18:57:44.114  1909  1973 I ActivityManager: ProcessObserver broadcast disabled
06-17 18:57:44.258  1909  2870 I ActivityManager: Killing 18778:com.samsung.android.game.gos/u0a76 (adj 905): empty #25
06-17 18:57:47.066  1909  1973 I ActivityManager: Start proc 23400:com.android.vending/u0a251 for service {com.android.vending/com.google.android.finsky.billing.iab.InAppBillingService}
06-17 18:57:47.066  1909  1973 I ActivityManager: ProcessObserver broadcast disabled
06-17 18:57:47.339  1909  4343 I ActivityManager: Changes in 10251 19 to 10, 0 to 128
06-17 18:57:47.381  1909  2870 I ActivityManager: Killing 21442:com.google.android.projection.gearhead:shared/u0a242 (adj 905): empty #25
06-17 18:57:48.150  1909  4343 I ActivityManager: Changes in 10251 19 to 10, 128 to 0
06-17 18:57:53.772  1909  4407 I ActivityManager: Changes in 99157 19 to 10, 128 to 0
06-17 18:57:56.909  1909  2065 I ActivityManager: Changes in 10388 19 to 19, 128 to 0
06-17 18:57:57.611  1909  1973 I ActivityManager: Start proc 23528:com.android.vending:background/u0a251 for service {com.android.vending/com.google.frameworks.client.data.android.server.play.BackgroundProcessEndpointService}
06-17 18:57:57.611  1909  1973 I ActivityManager: ProcessObserver broadcast disabled
06-17 18:58:01.472 20328 20422 W ReactNativeJS: This method is deprecated (as well as all React Native Firebase namespaced API) and will be removed in the next major release as part of move to match Firebase Web modular SDK API. Please see migration guide for more details: https://rnfirebase.io/migrating-to-v22. Method called was `FieldValue`. Please use `FieldValue` instead.
06-17 18:58:01.472 20328 20422 W ReactNativeJS: This method is deprecated (as well as all React Native Firebase namespaced API) and will be removed in the next major release as part of move to match Firebase Web modular SDK API. Please see migration guide for more details: https://rnfirebase.io/migrating-to-v22. Method called was `delete`. Please use `deleteField()` instead.
06-17 18:58:01.473 20328 20422 W ReactNativeJS: This method is deprecated (as well as all React Native Firebase namespaced API) and will be removed in the next major release as part of move to match Firebase Web modular SDK API. Please see migration guide for more details: https://rnfirebase.io/migrating-to-v22. Method called was `FieldValue`. Please use `FieldValue` instead.
06-17 18:58:01.473 20328 20422 W ReactNativeJS: This method is deprecated (as well as all React Native Firebase namespaced API) and will be removed in the next major release as part of move to match Firebase Web modular SDK API. Please see migration guide for more details: https://rnfirebase.io/migrating-to-v22. Method called was `serverTimestamp`. Please use `serverTimestamp()` instead.
06-17 18:58:12.540  1909  2537 I ActivityManager: Killing 21495:com.samsung.accessory.budsunitemgr/u0a314 (adj 905): empty #25
06-17 18:58:12.545  1909  2537 I ActivityManager: Killing 21472:com.google.android.projection.gearhead:car/u0a242 (adj 905): empty #26
06-17 18:59:13.959  1909  1973 I ActivityManager: Start proc 23876:com.google.android.rkpdapp/u0a348 for service {com.google.android.rkpdapp/com.android.rkpdapp.service.RemoteProvisioningService}
06-17 18:59:13.959  1909  1973 I ActivityManager: ProcessObserver broadcast disabled
06-17 18:59:14.100  1909  4407 I ActivityManager: Changes in 10348 19 to 6, 0 to 128
06-17 18:59:14.123  1909  4407 I ActivityManager: Changes in 10348 6 to 10, 128 to 0
06-17 18:59:14.130  1909  3301 I ActivityManager: Killing 21533:com.sec.android.CcInfo/1000 (adj 905): empty #25
06-17 19:00:03.232 20328 20422 W ReactNativeJS: This method is deprecated (as well as all React Native Firebase namespaced API) and will be removed in the next major release as part of move to match Firebase Web modular SDK API. Please see migration guide for more details: https://rnfirebase.io/migrating-to-v22. Method called was `FieldValue`. Please use `FieldValue` instead.
06-17 19:00:03.233 20328 20422 W ReactNativeJS: This method is deprecated (as well as all React Native Firebase namespaced API) and will be removed in the next major release as part of move to match Firebase Web modular SDK API. Please see migration guide for more details: https://rnfirebase.io/migrating-to-v22. Method called was `delete`. Please use `deleteField()` instead.
06-17 19:00:03.234 20328 20422 W ReactNativeJS: This method is deprecated (as well as all React Native Firebase namespaced API) and will be removed in the next major release as part of move to match Firebase Web modular SDK API. Please see migration guide for more details: https://rnfirebase.io/migrating-to-v22. Method called was `FieldValue`. Please use `FieldValue` instead.
06-17 19:00:03.234 20328 20422 W ReactNativeJS: This method is deprecated (as well as all React Native Firebase namespaced API) and will be removed in the next major release as part of move to match Firebase Web modular SDK API. Please see migration guide for more details: https://rnfirebase.io/migrating-to-v22. Method called was `serverTimestamp`. Please use `serverTimestamp()` instead.
06-17 19:01:11.671  1909  1972 I ActivityManager: Changes in 10096 19 to 11, 0 to 128
06-17 19:01:11.675  1909  4407 I ActivityManager: Changes in 10096 11 to 19, 128 to 0
06-17 19:02:04.213 20328 20422 W ReactNativeJS: This method is deprecated (as well as all React Native Firebase namespaced API) and will be removed in the next major release as part of move to match Firebase Web modular SDK API. Please see migration guide for more details: https://rnfirebase.io/migrating-to-v22. Method called was `FieldValue`. Please use `FieldValue` instead.
06-17 19:02:04.213 20328 20422 W ReactNativeJS: This method is deprecated (as well as all React Native Firebase namespaced API) and will be removed in the next major release as part of move to match Firebase Web modular SDK API. Please see migration guide for more details: https://rnfirebase.io/migrating-to-v22. Method called was `delete`. Please use `deleteField()` instead.
06-17 19:02:04.214 20328 20422 W ReactNativeJS: This method is deprecated (as well as all React Native Firebase namespaced API) and will be removed in the next major release as part of move to match Firebase Web modular SDK API. Please see migration guide for more details: https://rnfirebase.io/migrating-to-v22. Method called was `FieldValue`. Please use `FieldValue` instead.
06-17 19:02:04.215 20328 20422 W ReactNativeJS: This method is deprecated (as well as all React Native Firebase namespaced API) and will be removed in the next major release as part of move to match Firebase Web modular SDK API. Please see migration guide for more details: https://rnfirebase.io/migrating-to-v22. Method called was `serverTimestamp`. Please use `serverTimestamp()` instead.
06-17 19:03:44.830  1909  1972 I ActivityManager: Changes in 10096 19 to 11, 0 to 128
06-17 19:03:44.838  1909  4174 I ActivityManager: Changes in 10096 11 to 19, 128 to 0
06-17 19:03:52.411 20328 20422 F libc    : Fatal signal 11 (SIGSEGV), code 1 (SEGV_MAPERR), fault addr 0x20 in tid 20422 (mqt_v_js), pid 20328 (.arcfire.online)
06-17 19:03:54.408 24441 24441 F DEBUG   : *** *** *** *** *** *** *** *** *** *** *** *** *** *** *** ***
06-17 19:03:54.408 24441 24441 F DEBUG   : Build fingerprint: 'samsung/a34xks/a34x:16/BP2A.250605.031.A3/A346NKSSEEZD4:user/release-keys'
06-17 19:03:54.408 24441 24441 F DEBUG   : Revision: '6'
06-17 19:03:54.408 24441 24441 F DEBUG   : ABI: 'arm64'
06-17 19:03:54.408 24441 24441 F DEBUG   : Processor: '1'
06-17 19:03:54.408 24441 24441 F DEBUG   : Timestamp: 2026-06-17 19:03:52.682469288+0900
06-17 19:03:54.408 24441 24441 F DEBUG   : Process uptime: 4175s
06-17 19:03:54.408 24441 24441 F DEBUG   : Cmdline: com.arcfire.online
06-17 19:03:54.408 24441 24441 F DEBUG   : pid: 20328, tid: 20422, name: mqt_v_js  >>> com.arcfire.online <<<
06-17 19:03:54.408 24441 24441 F DEBUG   : uid: 11051
06-17 19:03:54.408 24441 24441 F DEBUG   : tagged_addr_ctrl: 0000000000000001 (PR_TAGGED_ADDR_ENABLE)
06-17 19:03:54.408 24441 24441 F DEBUG   : signal 11 (SIGSEGV), code 1 (SEGV_MAPERR), fault addr 0x0000000000000020
06-17 19:03:54.408 24441 24441 F DEBUG   : Cause: null pointer dereference
06-17 19:03:54.408 24441 24441 F DEBUG   :     x0  0000000000000020  x1  b400007ae1e1f0f8  x2  0000007994239280  x3  0000000000000000
06-17 19:03:54.408 24441 24441 F DEBUG   :     x4  0000000000000000  x5  0000007994239078  x6  0000007994239280  x7  0000007994239080
06-17 19:03:54.408 24441 24441 F DEBUG   :     x8  0000000000000020  x9  0000007994238c70  x10 0000007994239078  x11 000000798bd1d04c
06-17 19:03:54.408 24441 24441 F DEBUG   :     x12 b400007b342d50a0  x13 0000000000000004  x14 0000000000000000  x15 0000000000000000
06-17 19:03:54.408 24441 24441 F DEBUG   :     x16 00000075661c3008  x17 0000007565972094  x18 0000007993364000  x19 0000000000000000
06-17 19:03:54.408 24441 24441 F DEBUG   :     x20 b400007a9192fcd0  x21 b400007ad1ce5950  x22 0000007994c59b28  x23 0000007994239310
06-17 19:03:54.408 24441 24441 F DEBUG   :     x24 000000799423b700  x25 0000007994239310  x26 0000000000000000  x27 b400007b342d50a0
06-17 19:03:54.408 24441 24441 F DEBUG   :     x28 0000007994c59a90  x29 0000007994238bf0
06-17 19:03:54.408 24441 24441 F DEBUG   :     lr  0000007565972088  sp  0000007994238bd0  pc  00000075659720a0  pst 00000000a0001000
06-17 19:03:54.408 24441 24441 F DEBUG   : 87 total frames
06-17 19:03:54.408 24441 24441 F DEBUG   : backtrace:
06-17 19:03:54.408 24441 24441 F DEBUG   :       #00 pc 00000000006a40a0  /data/app/~~Kj8d-duEwjQh6sq6sZm5gA==/com.arcfire.online-q-zPaLeFSPC7Lbu3DA4KxQ==/base.apk!librnskia.so (offset 0x414a000) (SkISize::width() const+12) (BuildId: a5860719700b671c6e944005d980b317d4862e34)
06-17 19:03:54.408 24441 24441 F DEBUG   :       #01 pc 00000000006a4084  /data/app/~~Kj8d-duEwjQh6sq6sZm5gA==/com.arcfire.online-q-zPaLeFSPC7Lbu3DA4KxQ==/base.apk!librnskia.so (offset 0x414a000) (SkImageInfo::width() const+24) (BuildId: a5860719700b671c6e944005d980b317d4862e34)
06-17 19:03:54.408 24441 24441 F DEBUG   :       #02 pc 00000000006a405c  /data/app/~~Kj8d-duEwjQh6sq6sZm5gA==/com.arcfire.online-q-zPaLeFSPC7Lbu3DA4KxQ==/base.apk!librnskia.so (offset 0x414a000) (SkImage::width() const+24) (BuildId: a5860719700b671c6e944005d980b317d4862e34)
06-17 19:03:54.408 24441 24441 F DEBUG   :       #03 pc 00000000006a285c  /data/app/~~Kj8d-duEwjQh6sq6sZm5gA==/com.arcfire.online-q-zPaLeFSPC7Lbu3DA4KxQ==/base.apk!librnskia.so (offset 0x414a000) (RNSkia::JsiSkImage::width(facebook::jsi::Runtime&, facebook::jsi::Value const&, facebook::jsi::Value const*, unsigned long)+76) (BuildId: a5860719700b671c6e944005d980b317d4862e34)
06-17 19:03:54.408 24441 24441 F DEBUG   :       #04 pc 000000000065e548  /data/app/~~Kj8d-duEwjQh6sq6sZm5gA==/com.arcfire.online-q-zPaLeFSPC7Lbu3DA4KxQ==/base.apk!librnskia.so (offset 0x414a000) (BuildId: a5860719700b671c6e944005d980b317d4862e34)
06-17 19:03:54.408 24441 24441 F DEBUG   :       #05 pc 000000000065e3d4  /data/app/~~Kj8d-duEwjQh6sq6sZm5gA==/com.arcfire.online-q-zPaLeFSPC7Lbu3DA4KxQ==/base.apk!librnskia.so (offset 0x414a000) (BuildId: a5860719700b671c6e944005d980b317d4862e34)
06-17 19:03:54.408 24441 24441 F DEBUG   :       #06 pc 000000000065e300  /data/app/~~Kj8d-duEwjQh6sq6sZm5gA==/com.arcfire.online-q-zPaLeFSPC7Lbu3DA4KxQ==/base.apk!librnskia.so (offset 0x414a000) (std::__ndk1::__bind_return<facebook::jsi::Value (RNJsi::JsiHostObject::*)(facebook::jsi::Runtime&, facebook::jsi::Value const&, facebook::jsi::Value const*, unsigned long), std::__ndk1::tuple<RNJsi::JsiHostObject*, std::__ndk1::placeholders::__ph<1>, std::__ndk1::placeholders::__ph<2>, std::__ndk1::placeholders::__ph<3>, std::__ndk1::placeholders::__ph<4>>, std::__ndk1::tuple<facebook::jsi::Runtime&, facebook::jsi::Value const&, facebook::jsi::Value const*&&, unsigned long&&>, __is_valid_bind_return<facebook::jsi::Value (RNJsi::JsiHostObject::*)(facebook::jsi::Runtime&, facebook::jsi::Value const&, facebook::jsi::Value const*, unsigned long), std::__ndk1::tuple<RNJsi::JsiHostObject*, std::__ndk1::placeholders::__ph<1>, std::__ndk1::placeholders::__ph<2>, std::__ndk1::placeholders::__ph<3>, std::__ndk1::placeholders::__ph<4>>, std::__ndk1::tuple<facebook::jsi::Runtime&, facebook::jsi::Value const&, facebook::jsi::Value const*&&, unsigned long&&>>::value>::type std::__ndk1::__bind<facebook::jsi::Value (RNJsi::JsiHostObject::* const&)(facebook::jsi::Runtime&, facebook::jsi::Value const&, facebook::jsi::Value const*, unsigned long), RNJsi::JsiHostObject*, std::__ndk1::placeholders::__ph<1> const&, std::__ndk1::placeholders::__ph<2> const&, std::__ndk1::placeholders::__ph<3> const&, std::__ndk1::placeholders::__ph<4> const&>::operator()<facebook::jsi::Runtime&, facebook::jsi::Value const&, facebook::jsi::Value const*, unsigned long>(facebook::jsi::Runtime&, facebook::jsi::Value const&, facebook::jsi::Value const*&&, unsigned long&&)+164) (BuildId: a5860719700b671c6e944005d980b317d4862e34)
06-17 19:03:54.408 24441 24441 F DEBUG   :       #07 pc 000000000065e238  /data/app/~~Kj8d-duEwjQh6sq6sZm5gA==/com.arcfire.online-q-zPaLeFSPC7Lbu3DA4KxQ==/base.apk!librnskia.so (offset 0x414a000) (BuildId: a5860719700b671c6e944005d980b317d4862e34)
06-17 19:03:54.408 24441 24441 F DEBUG   :       #08 pc 000000000065e18c  /data/app/~~Kj8d-duEwjQh6sq6sZm5gA==/com.arcfire.online-q-zPaLeFSPC7Lbu3DA4KxQ==/base.apk!librnskia.so (offset 0x414a000) (facebook::jsi::Value std::__ndk1::__invoke_void_return_wrapper<facebook::jsi::Value>::__call<std::__ndk1::__bind<facebook::jsi::Value (RNJsi::JsiHostObject::* const&)(facebook::jsi::Runtime&, facebook::jsi::Value const&, facebook::jsi::Value const*, unsigned long), RNJsi::JsiHostObject*, std::__ndk1::placeholders::__ph<1> const&, std::__ndk1::placeholders::__ph<2> const&, std::__ndk1::placeholders::__ph<3> const&, std::__ndk1::placeholders::__ph<4> const&>&, facebook::jsi::Runtime&, facebook::jsi::Value const&, facebook::jsi::Value const*, unsigned long>(std::__ndk1::__bind<facebook::jsi::Value (RNJsi::JsiHostObject::* const&)(facebook::jsi::Runtime&, facebook::jsi::Value const&, facebook::jsi::Value const*, unsigned long), RNJsi::JsiHostObject*, std::__ndk1::placeholders::__ph<1> const&, std::__ndk1::placeholders::__ph<2> const&, std::__ndk1::placeholders::__ph<3> const&, std::__ndk1::placeholders::__ph<4> const&>&, facebook::jsi::Runtime&, facebook::jsi::Value const&, facebook::jsi::Value const*&&, unsigned long&&)+120) (BuildId: a5860719700b671c6e944005d980b317d4862e34)
06-17 19:03:54.408 24441 24441 F DEBUG   :       #09 pc 000000000065e0f0  /data/app/~~Kj8d-duEwjQh6sq6sZm5gA==/com.arcfire.online-q-zPaLeFSPC7Lbu3DA4KxQ==/base.apk!librnskia.so (offset 0x414a000) (BuildId: a5860719700b671c6e944005d980b317d4862e34)
06-17 19:03:54.408 24441 24441 F DEBUG   :       #10 pc 000000000065ceb4  /data/app/~~Kj8d-duEwjQh6sq6sZm5gA==/com.arcfire.online-q-zPaLeFSPC7Lbu3DA4KxQ==/base.apk!librnskia.so (offset 0x414a000) (std::__ndk1::__function::__func<std::__ndk1::__bind<facebook::jsi::Value (RNJsi::JsiHostObject::* const&)(facebook::jsi::Runtime&, facebook::jsi::Value const&, facebook::jsi::Value const*, unsigned long), RNJsi::JsiHostObject*, std::__ndk1::placeholders::__ph<1> const&, std::__ndk1::placeholders::__ph<2> const&, std::__ndk1::placeholders::__ph<3> const&, std::__ndk1::placeholders::__ph<4> const&>, std::__ndk1::allocator<std::__ndk1::__bind<facebook::jsi::Value (RNJsi::JsiHostObject::* const&)(facebook::jsi::Runtime&, facebook::jsi::Value const&, facebook::jsi::Value const*, unsigned long), RNJsi::JsiHostObject*, std::__ndk1::placeholders::__ph<1> const&, std::__ndk1::placeholders::__ph<2> const&, std::__ndk1::placeholders::__ph<3> const&, std::__ndk1::placeholders::__ph<4> const&>>, facebook::jsi::Value (facebook::jsi::Runtime&, facebook::jsi::Value const&, facebook::jsi::Value const*, unsigned long)>::operator()(facebook::jsi::Runtime&, facebook::jsi::Value const&, facebook::jsi::Value const*&&, unsigned long&&)+120) (BuildId: a5860719700b671c6e944005d980b317d4862e34)
06-17 19:03:54.408 24441 24441 F DEBUG   :       #11 pc 000000000007c538  /data/app/~~Kj8d-duEwjQh6sq6sZm5gA==/com.arcfire.online-q-zPaLeFSPC7Lbu3DA4KxQ==/base.apk!libhermesinstancejni.so (offset 0x24f1000) (BuildId: 66d91c6366b8db28)
06-17 19:03:54.409 24441 24441 F DEBUG   :       #12 pc 000000000007c488  /data/app/~~Kj8d-duEwjQh6sq6sZm5gA==/com.arcfire.online-q-zPaLeFSPC7Lbu3DA4KxQ==/base.apk!libhermesinstancejni.so (offset 0x24f1000) (std::__ndk1::function<facebook::jsi::Value (facebook::jsi::Runtime&, facebook::jsi::Value const&, facebook::jsi::Value const*, unsigned long)>::operator()(facebook::jsi::Runtime&, facebook::jsi::Value const&, facebook::jsi::Value const*, unsigned long) const+72) (BuildId: 66d91c6366b8db28)
06-17 19:03:54.409 24441 24441 F DEBUG   :       #13 pc 000000000007c430  /data/app/~~Kj8d-duEwjQh6sq6sZm5gA==/com.arcfire.online-q-zPaLeFSPC7Lbu3DA4KxQ==/base.apk!libhermesinstancejni.so (offset 0x24f1000) (facebook::jsi::DecoratedHostFunction::operator()(facebook::jsi::Runtime&, facebook::jsi::Value const&, facebook::jsi::Value const*, unsigned long)+84) (BuildId: 66d91c6366b8db28)
06-17 19:03:54.409 24441 24441 F DEBUG   :       #14 pc 000000000007c3cc  /data/app/~~Kj8d-duEwjQh6sq6sZm5gA==/com.arcfire.online-q-zPaLeFSPC7Lbu3DA4KxQ==/base.apk!libhermesinstancejni.so (offset 0x24f1000) (BuildId: 66d91c6366b8db28)
06-17 19:03:54.409 24441 24441 F DEBUG   :       #15 pc 000000000007c354  /data/app/~~Kj8d-duEwjQh6sq6sZm5gA==/com.arcfire.online-q-zPaLeFSPC7Lbu3DA4KxQ==/base.apk!libhermesinstancejni.so (offset 0x24f1000) (facebook::jsi::Value std::__ndk1::__invoke_void_return_wrapper<facebook::jsi::Value, false>::__call<facebook::jsi::DecoratedHostFunction&, facebook::jsi::Runtime&, facebook::jsi::Value const&, facebook::jsi::Value const*, unsigned long>(facebook::jsi::DecoratedHostFunction&, facebook::jsi::Runtime&, facebook::jsi::Value const&, facebook::jsi::Value const*&&, unsigned long&&)+60) (BuildId: 66d91c6366b8db28)
06-17 19:03:54.409 24441 24441 F DEBUG   :       #16 pc 000000000007c308  /data/app/~~Kj8d-duEwjQh6sq6sZm5gA==/com.arcfire.online-q-zPaLeFSPC7Lbu3DA4KxQ==/base.apk!libhermesinstancejni.so (offset 0x24f1000) (BuildId: 66d91c6366b8db28)
06-17 19:03:54.409 24441 24441 F DEBUG   :       #17 pc 000000000007b24c  /data/app/~~Kj8d-duEwjQh6sq6sZm5gA==/com.arcfire.online-q-zPaLeFSPC7Lbu3DA4KxQ==/base.apk!libhermesinstancejni.so (offset 0x24f1000) (std::__ndk1::__function::__func<facebook::jsi::DecoratedHostFunction, std::__ndk1::allocator<facebook::jsi::DecoratedHostFunction>, facebook::jsi::Value (facebook::jsi::Runtime&, facebook::jsi::Value const&, facebook::jsi::Value const*, unsigned long)>::operator()(facebook::jsi::Runtime&, facebook::jsi::Value const&, facebook::jsi::Value const*&&, unsigned long&&)+64) (BuildId: 66d91c6366b8db28)
06-17 19:03:54.409 24441 24441 F DEBUG   :       #18 pc 00000000000b9278  /data/app/~~Kj8d-duEwjQh6sq6sZm5gA==/com.arcfire.online-q-zPaLeFSPC7Lbu3DA4KxQ==/base.apk!libhermes.so (offset 0x20fe000) (BuildId: 7168d7993b78e1652575c41c7fedbe59d35ceea7)
06-17 19:03:54.409 24441 24441 F DEBUG   :       #19 pc 00000000001159e4  /data/app/~~Kj8d-duEwjQh6sq6sZm5gA==/com.arcfire.online-q-zPaLeFSPC7Lbu3DA4KxQ==/base.apk!libhermes.so (offset 0x20fe000) (BuildId: 7168d7993b78e1652575c41c7fedbe59d35ceea7)
06-17 19:03:54.409 24441 24441 F DEBUG   :       #20 pc 0000000000134bec  /data/app/~~Kj8d-duEwjQh6sq6sZm5gA==/com.arcfire.online-q-zPaLeFSPC7Lbu3DA4KxQ==/base.apk!libhermes.so (offset 0x20fe000) (BuildId: 7168d7993b78e1652575c41c7fedbe59d35ceea7)
06-17 19:03:54.409 24441 24441 F DEBUG   :       #21 pc 0000000000134120  /data/app/~~Kj8d-duEwjQh6sq6sZm5gA==/com.arcfire.online-q-zPaLeFSPC7Lbu3DA4KxQ==/base.apk!libhermes.so (offset 0x20fe000) (BuildId: 7168d7993b78e1652575c41c7fedbe59d35ceea7)
06-17 19:03:54.409 24441 24441 F DEBUG   :       #22 pc 0000000000115cdc  /data/app/~~Kj8d-duEwjQh6sq6sZm5gA==/com.arcfire.online-q-zPaLeFSPC7Lbu3DA4KxQ==/base.apk!libhermes.so (offset 0x20fe000) (BuildId: 7168d7993b78e1652575c41c7fedbe59d35ceea7)
06-17 19:03:54.409 24441 24441 F DEBUG   :       #23 pc 0000000000114054  /data/app/~~Kj8d-duEwjQh6sq6sZm5gA==/com.arcfire.online-q-zPaLeFSPC7Lbu3DA4KxQ==/base.apk!libhermes.so (offset 0x20fe000) (BuildId: 7168d7993b78e1652575c41c7fedbe59d35ceea7)
06-17 19:03:54.409 24441 24441 F DEBUG   :       #24 pc 0000000000160d94  /data/app/~~Kj8d-duEwjQh6sq6sZm5gA==/com.arcfire.online-q-zPaLeFSPC7Lbu3DA4KxQ==/base.apk!libhermes.so (offset 0x20fe000) (BuildId: 7168d7993b78e1652575c41c7fedbe59d35ceea7)
06-17 19:03:54.409 24441 24441 F DEBUG   :       #25 pc 00000000001d04ec  /data/app/~~Kj8d-duEwjQh6sq6sZm5gA==/com.arcfire.online-q-zPaLeFSPC7Lbu3DA4KxQ==/base.apk!libhermes.so (offset 0x20fe000) (BuildId: 7168d7993b78e1652575c41c7fedbe59d35ceea7)
06-17 19:03:54.409 24441 24441 F DEBUG   :       #26 pc 00000000001159e4  /data/app/~~Kj8d-duEwjQh6sq6sZm5gA==/com.arcfire.online-q-zPaLeFSPC7Lbu3DA4KxQ==/base.apk!libhermes.so (offset 0x20fe000) (BuildId: 7168d7993b78e1652575c41c7fedbe59d35ceea7)
06-17 19:03:54.409 24441 24441 F DEBUG   :       #27 pc 0000000000134bec  /data/app/~~Kj8d-duEwjQh6sq6sZm5gA==/com.arcfire.online-q-zPaLeFSPC7Lbu3DA4KxQ==/base.apk!libhermes.so (offset 0x20fe000) (BuildId: 7168d7993b78e1652575c41c7fedbe59d35ceea7)
06-17 19:03:54.409 24441 24441 F DEBUG   :       #28 pc 0000000000134120  /data/app/~~Kj8d-duEwjQh6sq6sZm5gA==/com.arcfire.online-q-zPaLeFSPC7Lbu3DA4KxQ==/base.apk!libhermes.so (offset 0x20fe000) (BuildId: 7168d7993b78e1652575c41c7fedbe59d35ceea7)
06-17 19:03:54.409 24441 24441 F DEBUG   :       #29 pc 0000000000115cdc  /data/app/~~Kj8d-duEwjQh6sq6sZm5gA==/com.arcfire.online-q-zPaLeFSPC7Lbu3DA4KxQ==/base.apk!libhermes.so (offset 0x20fe000) (BuildId: 7168d7993b78e1652575c41c7fedbe59d35ceea7)
06-17 19:03:54.409 24441 24441 F DEBUG   :       #30 pc 00000000000b1438  /data/app/~~Kj8d-duEwjQh6sq6sZm5gA==/com.arcfire.online-q-zPaLeFSPC7Lbu3DA4KxQ==/base.apk!libhermes.so (offset 0x20fe000) (BuildId: 7168d7993b78e1652575c41c7fedbe59d35ceea7)
06-17 19:03:54.409 24441 24441 F DEBUG   :       #31 pc 0000000000076108  /data/app/~~Kj8d-duEwjQh6sq6sZm5gA==/com.arcfire.online-q-zPaLeFSPC7Lbu3DA4KxQ==/base.apk!libhermesinstancejni.so (offset 0x24f1000) (facebook::jsi::RuntimeDecorator<facebook::jsi::Runtime, facebook::jsi::Runtime>::call(facebook::jsi::Function const&, facebook::jsi::Value const&, facebook::jsi::Value const*, unsigned long)+72) (BuildId: 66d91c6366b8db28)
06-17 19:03:54.409 24441 24441 F DEBUG   :       #32 pc 0000000000123430  /data/app/~~Kj8d-duEwjQh6sq6sZm5gA==/com.arcfire.online-q-zPaLeFSPC7Lbu3DA4KxQ==/base.apk!librninstance.so (offset 0x3f7b000) (facebook::jsi::Function::call(facebook::jsi::Runtime&, facebook::jsi::Value const*, unsigned long) const+108) (BuildId: c5fec977a2a221c2)
06-17 19:03:54.409 24441 24441 F DEBUG   :       #33 pc 000000000014271c  /data/app/~~Kj8d-duEwjQh6sq6sZm5gA==/com.arcfire.online-q-zPaLeFSPC7Lbu3DA4KxQ==/base.apk!librninstance.so (offset 0x3f7b000) (facebook::react::TimerCallback::invoke(facebook::jsi::Runtime&)+104) (BuildId: c5fec977a2a221c2)
06-17 19:03:54.409 24441 24441 F DEBUG   :       #34 pc 000000000014b9f8  /data/app/~~Kj8d-duEwjQh6sq6sZm5gA==/com.arcfire.online-q-zPaLeFSPC7Lbu3DA4KxQ==/base.apk!librninstance.so (offset 0x3f7b000) (BuildId: c5fec977a2a221c2)
06-17 19:03:54.409 24441 24441 F DEBUG   :       #35 pc 000000000014b960  /data/app/~~Kj8d-duEwjQh6sq6sZm5gA==/com.arcfire.online-q-zPaLeFSPC7Lbu3DA4KxQ==/base.apk!librninstance.so (offset 0x3f7b000) (BuildId: c5fec977a2a221c2)
06-17 19:03:54.409 24441 24441 F DEBUG   :       #36 pc 000000000014b910  /data/app/~~Kj8d-duEwjQh6sq6sZm5gA==/com.arcfire.online-q-zPaLeFSPC7Lbu3DA4KxQ==/base.apk!librninstance.so (offset 0x3f7b000) (BuildId: c5fec977a2a221c2)
06-17 19:03:54.409 24441 24441 F DEBUG   :       #37 pc 000000000014b8e4  /data/app/~~Kj8d-duEwjQh6sq6sZm5gA==/com.arcfire.online-q-zPaLeFSPC7Lbu3DA4KxQ==/base.apk!librninstance.so (offset 0x3f7b000) (BuildId: c5fec977a2a221c2)
06-17 19:03:54.409 24441 24441 F DEBUG   :       #38 pc 000000000014a998  /data/app/~~Kj8d-duEwjQh6sq6sZm5gA==/com.arcfire.online-q-zPaLeFSPC7Lbu3DA4KxQ==/base.apk!librninstance.so (offset 0x3f7b000) (BuildId: c5fec977a2a221c2)
06-17 19:03:54.409 24441 24441 F DEBUG   :       #39 pc 0000000000450b70  /data/app/~~Kj8d-duEwjQh6sq6sZm5gA==/com.arcfire.online-q-zPaLeFSPC7Lbu3DA4KxQ==/base.apk!libfabricjni.so (offset 0x16ac000) (BuildId: 2b8d9ec72ca1338e)
06-17 19:03:54.409 24441 24441 F DEBUG   :       #40 pc 0000000000450a78  /data/app/~~Kj8d-duEwjQh6sq6sZm5gA==/com.arcfire.online-q-zPaLeFSPC7Lbu3DA4KxQ==/base.apk!libfabricjni.so (offset 0x16ac000) (std::__ndk1::function<void (facebook::jsi::Runtime&)>::operator()(facebook::jsi::Runtime&) const+28) (BuildId: 2b8d9ec72ca1338e)
06-17 19:03:54.409 24441 24441 F DEBUG   :       #41 pc 00000000005d4d30  /data/app/~~Kj8d-duEwjQh6sq6sZm5gA==/com.arcfire.online-q-zPaLeFSPC7Lbu3DA4KxQ==/base.apk!libfabricjni.so (offset 0x16ac000) (facebook::react::Task::execute(facebook::jsi::Runtime&, bool)+640) (BuildId: 2b8d9ec72ca1338e)
06-17 19:03:54.409 24441 24441 F DEBUG   :       #42 pc 00000000005cc780  /data/app/~~Kj8d-duEwjQh6sq6sZm5gA==/com.arcfire.online-q-zPaLeFSPC7Lbu3DA4KxQ==/base.apk!libfabricjni.so (offset 0x16ac000) (facebook::react::RuntimeScheduler_Modern::executeMacrotask(facebook::jsi::Runtime&, facebook::react::Task&, bool) const+76) (BuildId: 2b8d9ec72ca1338e)
06-17 19:03:54.409 24441 24441 F DEBUG   :       #43 pc 00000000005cc66c  /data/app/~~Kj8d-duEwjQh6sq6sZm5gA==/com.arcfire.online-q-zPaLeFSPC7Lbu3DA4KxQ==/base.apk!libfabricjni.so (offset 0x16ac000) (facebook::react::RuntimeScheduler_Modern::executeTask(facebook::jsi::Runtime&, facebook::react::Task&, std::__ndk1::chrono::time_point<std::__ndk1::chrono::steady_clock, std::__ndk1::chrono::duration<long long, std::__ndk1::ratio<1l, 1000000000l>>>)+172) (BuildId: 2b8d9ec72ca1338e)
06-17 19:03:54.409 24441 24441 F DEBUG   :       #44 pc 00000000005cc180  /data/app/~~Kj8d-duEwjQh6sq6sZm5gA==/com.arcfire.online-q-zPaLeFSPC7Lbu3DA4KxQ==/base.apk!libfabricjni.so (offset 0x16ac000) (facebook::react::RuntimeScheduler_Modern::startWorkLoop(facebook::jsi::Runtime&, bool)+228) (BuildId: 2b8d9ec72ca1338e)
06-17 19:03:54.409 24441 24441 F DEBUG   :       #45 pc 00000000005d45f0  /data/app/~~Kj8d-duEwjQh6sq6sZm5gA==/com.arcfire.online-q-zPaLeFSPC7Lbu3DA4KxQ==/base.apk!libfabricjni.so (offset 0x16ac000) (BuildId: 2b8d9ec72ca1338e)
06-17 19:03:54.409 24441 24441 F DEBUG   :       #46 pc 00000000005d45b8  /data/app/~~Kj8d-duEwjQh6sq6sZm5gA==/com.arcfire.online-q-zPaLeFSPC7Lbu3DA4KxQ==/base.apk!libfabricjni.so (offset 0x16ac000) (BuildId: 2b8d9ec72ca1338e)
06-17 19:03:54.409 24441 24441 F DEBUG   :       #47 pc 00000000005d4568  /data/app/~~Kj8d-duEwjQh6sq6sZm5gA==/com.arcfire.online-q-zPaLeFSPC7Lbu3DA4KxQ==/base.apk!libfabricjni.so (offset 0x16ac000) (BuildId: 2b8d9ec72ca1338e)
06-17 19:03:54.409 24441 24441 F DEBUG   :       #48 pc 00000000005d453c  /data/app/~~Kj8d-duEwjQh6sq6sZm5gA==/com.arcfire.online-q-zPaLeFSPC7Lbu3DA4KxQ==/base.apk!libfabricjni.so (offset 0x16ac000) (BuildId: 2b8d9ec72ca1338e)
06-17 19:03:54.409 24441 24441 F DEBUG   :       #49 pc 00000000005d35f8  /data/app/~~Kj8d-duEwjQh6sq6sZm5gA==/com.arcfire.online-q-zPaLeFSPC7Lbu3DA4KxQ==/base.apk!libfabricjni.so (offset 0x16ac000) (BuildId: 2b8d9ec72ca1338e)
06-17 19:03:54.409 24441 24441 F DEBUG   :       #50 pc 00000000001063d8  /data/app/~~Kj8d-duEwjQh6sq6sZm5gA==/com.arcfire.online-q-zPaLeFSPC7Lbu3DA4KxQ==/base.apk!librninstance.so (offset 0x3f7b000) (BuildId: c5fec977a2a221c2)
06-17 19:03:54.409 24441 24441 F DEBUG   :       #51 pc 0000000000104a0c  /data/app/~~Kj8d-duEwjQh6sq6sZm5gA==/com.arcfire.online-q-zPaLeFSPC7Lbu3DA4KxQ==/base.apk!librninstance.so (offset 0x3f7b000) (std::__ndk1::function<void (facebook::jsi::Runtime&)>::operator()(facebook::jsi::Runtime&) const+28) (BuildId: c5fec977a2a221c2)
06-17 19:03:54.409 24441 24441 F DEBUG   :       #52 pc 00000000001223f4  /data/app/~~Kj8d-duEwjQh6sq6sZm5gA==/com.arcfire.online-q-zPaLeFSPC7Lbu3DA4KxQ==/base.apk!librninstance.so (offset 0x3f7b000) (BuildId: c5fec977a2a221c2)
06-17 19:03:54.409 24441 24441 F DEBUG   :       #53 pc 0000000000122368  /data/app/~~Kj8d-duEwjQh6sq6sZm5gA==/com.arcfire.online-q-zPaLeFSPC7Lbu3DA4KxQ==/base.apk!librninstance.so (offset 0x3f7b000) (BuildId: c5fec977a2a221c2)
06-17 19:03:54.409 24441 24441 F DEBUG   :       #54 pc 0000000000122320  /data/app/~~Kj8d-duEwjQh6sq6sZm5gA==/com.arcfire.online-q-zPaLeFSPC7Lbu3DA4KxQ==/base.apk!librninstance.so (offset 0x3f7b000) (BuildId: c5fec977a2a221c2)
06-17 19:03:54.409 24441 24441 F DEBUG   :       #55 pc 00000000001222fc  /data/app/~~Kj8d-duEwjQh6sq6sZm5gA==/com.arcfire.online-q-zPaLeFSPC7Lbu3DA4KxQ==/base.apk!librninstance.so (offset 0x3f7b000) (BuildId: c5fec977a2a221c2)
06-17 19:03:54.409 24441 24441 F DEBUG   :       #56 pc 0000000000121308  /data/app/~~Kj8d-duEwjQh6sq6sZm5gA==/com.arcfire.online-q-zPaLeFSPC7Lbu3DA4KxQ==/base.apk!librninstance.so (offset 0x3f7b000) (BuildId: c5fec977a2a221c2)
06-17 19:03:54.409 24441 24441 F DEBUG   :       #57 pc 00000000001f70a0  /data/app/~~Kj8d-duEwjQh6sq6sZm5gA==/com.arcfire.online-q-zPaLeFSPC7Lbu3DA4KxQ==/base.apk!libreactnativejni.so (offset 0x3816000) (BuildId: 56fd9883806746a3)
06-17 19:03:54.409 24441 24441 F DEBUG   :       #58 pc 00000000001f6f88  /data/app/~~Kj8d-duEwjQh6sq6sZm5gA==/com.arcfire.online-q-zPaLeFSPC7Lbu3DA4KxQ==/base.apk!libreactnativejni.so (offset 0x3816000) (std::__ndk1::function<void ()>::operator()() const+20) (BuildId: 56fd9883806746a3)
06-17 19:03:54.409 24441 24441 F DEBUG   :       #59 pc 0000000000211c94  /data/app/~~Kj8d-duEwjQh6sq6sZm5gA==/com.arcfire.online-q-zPaLeFSPC7Lbu3DA4KxQ==/base.apk!libreactnativejni.so (offset 0x3816000) (BuildId: 56fd9883806746a3)
06-17 19:03:54.409 24441 24441 F DEBUG   :       #60 pc 0000000000211c2c  /data/app/~~Kj8d-duEwjQh6sq6sZm5gA==/com.arcfire.online-q-zPaLeFSPC7Lbu3DA4KxQ==/base.apk!libreactnativejni.so (offset 0x3816000) (BuildId: 56fd9883806746a3)
06-17 19:03:54.409 24441 24441 F DEBUG   :       #61 pc 0000000000211be4  /data/app/~~Kj8d-duEwjQh6sq6sZm5gA==/com.arcfire.online-q-zPaLeFSPC7Lbu3DA4KxQ==/base.apk!libreactnativejni.so (offset 0x3816000) (BuildId: 56fd9883806746a3)
06-17 19:03:54.409 24441 24441 F DEBUG   :       #62 pc 0000000000211bc0  /data/app/~~Kj8d-duEwjQh6sq6sZm5gA==/com.arcfire.online-q-zPaLeFSPC7Lbu3DA4KxQ==/base.apk!libreactnativejni.so (offset 0x3816000) (BuildId: 56fd9883806746a3)
06-17 19:03:54.409 24441 24441 F DEBUG   :       #63 pc 0000000000210b78  /data/app/~~Kj8d-duEwjQh6sq6sZm5gA==/com.arcfire.online-q-zPaLeFSPC7Lbu3DA4KxQ==/base.apk!libreactnativejni.so (offset 0x3816000) (BuildId: 56fd9883806746a3)
06-17 19:03:54.409 24441 24441 F DEBUG   :       #64 pc 0000000000019804  /data/app/~~Kj8d-duEwjQh6sq6sZm5gA==/com.arcfire.online-q-zPaLeFSPC7Lbu3DA4KxQ==/base.apk!libfbjni.so (offset 0x1e10000) (facebook::jni::detail::MethodWrapper<void (facebook::jni::JNativeRunnable::*)(), &facebook::jni::JNativeRunnable::run(), facebook::jni::JNativeRunnable, void>::dispatch(facebook::jni::alias_ref<facebook::jni::detail::JTypeFor<facebook::jni::HybridClass<facebook::jni::JNativeRunnable, facebook::jni::JRunnable>::JavaPart, facebook::jni::JRunnable, void>::_javaobject*>)+72) (BuildId: a22242831a7971267de570e06121acb588ce64cd)
06-17 19:03:54.409 24441 24441 F DEBUG   :       #65 pc 0000000000019744  /data/app/~~Kj8d-duEwjQh6sq6sZm5gA==/com.arcfire.online-q-zPaLeFSPC7Lbu3DA4KxQ==/base.apk!libfbjni.so (offset 0x1e10000) (facebook::jni::detail::FunctionWrapper<void (*)(facebook::jni::alias_ref<facebook::jni::detail::JTypeFor<facebook::jni::HybridClass<facebook::jni::JNativeRunnable, facebook::jni::JRunnable>::JavaPart, facebook::jni::JRunnable, void>::_javaobject*>), facebook::jni::detail::JTypeFor<facebook::jni::HybridClass<facebook::jni::JNativeRunnable, facebook::jni::JRunnable>::JavaPart, facebook::jni::JRunnable, void>::_javaobject*, void>::call(_JNIEnv*, _jobject*, void (*)(facebook::jni::alias_ref<facebook::jni::detail::JTypeFor<facebook::jni::HybridClass<facebook::jni::JNativeRunnable, facebook::jni::JRunnable>::JavaPart, facebook::jni::JRunnable, void>::_javaobject*>))+60) (BuildId: a22242831a7971267de570e06121acb588ce64cd)
06-17 19:03:54.409 24441 24441 F DEBUG   :       #66 pc 0000000000550c28  [anon_shmem:dalvik-jit-code-cache] (offset 0x2000000) (art_jni_trampoline+136)
06-17 19:03:54.410 24441 24441 F DEBUG   :       #67 pc 0000000000239410  [anon_shmem:dalvik-jit-code-cache] (offset 0x2000000) (android.os.Handler.handleCallback+128)
06-17 19:03:54.410 24441 24441 F DEBUG   :       #68 pc 0000000000061404  [anon_shmem:dalvik-jit-code-cache] (offset 0x2000000) (android.os.Handler.dispatchMessage+132)
06-17 19:03:54.410 24441 24441 F DEBUG   :       #69 pc 00000000008d7d10  [anon_shmem:dalvik-jit-code-cache] (offset 0x2000000) (com.facebook.react.bridge.queue.MessageQueueThreadHandler.dispatchMessage+128)
06-17 19:03:54.410 24441 24441 F DEBUG   :       #70 pc 000000000005fd54  [anon_shmem:dalvik-jit-code-cache] (offset 0x2000000) (android.os.Looper.loopOnce+1300)
06-17 19:03:54.410 24441 24441 F DEBUG   :       #71 pc 000000000005d420  [anon_shmem:dalvik-jit-code-cache] (offset 0x2000000) (android.os.Looper.loop+256)
06-17 19:03:54.410 24441 24441 F DEBUG   :       #72 pc 0000000000299260  /apex/com.android.art/lib64/libart.so (art_quick_invoke_static_stub+640) (BuildId: 1f156fc62660d075a8d675db850b95d5)
06-17 19:03:54.410 24441 24441 F DEBUG   :       #73 pc 000000000087bb6c  /apex/com.android.art/lib64/libart.so (bool art::interpreter::DoCall<false>(art::ArtMethod*, art::Thread*, art::ShadowFrame&, art::Instruction const*, unsigned short, bool, art::JValue*)+1884) (BuildId: 1f156fc62660d075a8d675db850b95d5)
06-17 19:03:54.410 24441 24441 F DEBUG   :       #74 pc 00000000006fd968  /apex/com.android.art/lib64/libart.so (void art::interpreter::ExecuteSwitchImplCpp<false>(art::interpreter::SwitchImplContext*)+284) (BuildId: 1f156fc62660d075a8d675db850b95d5)
06-17 19:03:54.410 24441 24441 F DEBUG   :       #75 pc 00000000002fcc98  /apex/com.android.art/lib64/libart.so (ExecuteSwitchImplAsm+8) (BuildId: 1f156fc62660d075a8d675db850b95d5)
06-17 19:03:54.410 24441 24441 F DEBUG   :       #76 pc 000000000043f294  [anon:dalvik-classes.dex extracte....arcfire.online-q-zPaLeFSPC7Lbu3DA4KxQ==/base.apk] (com.facebook.react.bridge.queue.MessageQueueThreadImpl$4.run+0)
06-17 19:03:54.410 24441 24441 F DEBUG   :       #77 pc 00000000002fc8d0  /apex/com.android.art/lib64/libart.so (art::interpreter::Execute(art::Thread*, art::CodeItemDataAccessor const&, art::ShadowFrame&, art::JValue, bool, bool) (.__uniq.112435418011751916792819755956732575238.llvm.6848007882488385806)+360) (BuildId: 1f156fc62660d075a8d675db850b95d5)
06-17 19:03:54.410 24441 24441 F DEBUG   :       #78 pc 00000000002fc254  /apex/com.android.art/lib64/libart.so (artQuickToInterpreterBridge+916) (BuildId: 1f156fc62660d075a8d675db850b95d5)
06-17 19:03:54.410 24441 24441 F DEBUG   :       #79 pc 00000000002b04d8  /apex/com.android.art/lib64/libart.so (art_quick_to_interpreter_bridge+88) (BuildId: 1f156fc62660d075a8d675db850b95d5)
06-17 19:03:54.410 24441 24441 F DEBUG   :       #80 pc 0000000000004d3c  [anon_shmem:dalvik-jit-code-cache] (offset 0x2000000) (java.lang.Thread.run+140)
06-17 19:03:54.410 24441 24441 F DEBUG   :       #81 pc 0000000000298f94  /apex/com.android.art/lib64/libart.so (art_quick_invoke_stub+612) (BuildId: 1f156fc62660d075a8d675db850b95d5)
06-17 19:03:54.410 24441 24441 F DEBUG   :       #82 pc 000000000029738c  /apex/com.android.art/lib64/libart.so (art::ArtMethod::Invoke(art::Thread*, unsigned int*, unsigned int, art::JValue*, char const*)+148) (BuildId: 1f156fc62660d075a8d675db850b95d5)
06-17 19:03:54.410 24441 24441 F DEBUG   :       #83 pc 00000000004d5fd0  /apex/com.android.art/lib64/libart.so (art::Thread::CreateCallback(void*)+1384) (BuildId: 1f156fc62660d075a8d675db850b95d5)
06-17 19:03:54.410 24441 24441 F DEBUG   :       #84 pc 00000000004d5a54  /apex/com.android.art/lib64/libart.so (art::Thread::CreateCallbackWithUffdGc(void*)+12) (BuildId: 1f156fc62660d075a8d675db850b95d5)
06-17 19:03:54.410 24441 24441 F DEBUG   :       #85 pc 0000000000080f8c  /apex/com.android.runtime/lib64/bionic/libc.so (__pthread_start(void*)+236) (BuildId: 8ff701fa7a74a8ad475206062b5b72aa)
06-17 19:03:54.410 24441 24441 F DEBUG   :       #86 pc 00000000000737f0  /apex/com.android.runtime/lib64/bionic/libc.so (__start_thread+64) (BuildId: 8ff701fa7a74a8ad475206062b5b72aa)
06-17 19:03:54.505  1909 24453 W ActivityManager: crash : com.arcfire.online,11051
06-17 19:03:54.532  1909  1963 I ActivityManager: Showing crash dialog for package com.arcfire.online u0
06-17 19:03:54.574  1909 24447 I ActivityManager: Killing 20328:com.arcfire.online/u0a1051 (adj 0): crash
06-17 19:03:54.602  1909  2537 I ActivityManager: Changes in 10147 5 to 2, 184 to 255
06-17 19:03:54.717  1909  2870 I ActivityManager: Changes in 99157 19 to 3, 0 to 184
06-17 19:03:54.721  1909  1965 W ActivityManager: setHasOverlayUi called on unknown pid: 20328
06-17 19:03:55.131  1909  2867 W ActivityManager: pid 1909 system sent binder code 7 with flags 1 to frozen apps and got error -32
06-17 19:04:03.577  1909  1972 I ActivityManager: Changes in 10096 19 to 11, 0 to 128
06-17 19:04:03.588  1909  4356 I ActivityManager: Changes in 10096 11 to 19, 128 to 0
06-17 19:04:03.597  1909  1973 I ActivityManager: Start proc 24490:com.samsung.android.game.gos/u0a76 for service {com.samsung.android.game.gos/com.samsung.android.game.gos.service.MainIntentService}
06-17 19:04:03.597  1909  1973 I ActivityManager: ProcessObserver broadcast disabled
06-17 19:04:09.783  1909  4225 I ActivityManager: Changes in 99157 3 to 10, 184 to 0
06-17 19:04:09.792  1909  4225 I ActivityManager: Killing 20741:com.google.android.cellbroadcastreceiver/u0a296 (adj 975): empty #25
06-17 19:05:21.012  1909  1973 I ActivityManager: Start proc 24542:com.arcfire.online/u0a1051 for activelaunch {com.arcfire.online/com.arcfire.online.MainActivity}
06-17 19:05:21.012  1909  1973 I ActivityManager: ProcessObserver broadcast disabled
06-17 19:05:22.142  1909  2867 I ActivityManager: Changes in 99157 19 to 3, 0 to 184
06-17 19:05:22.142  1909  2867 I ActivityManager: Changes in 11051 19 to 2, 0 to 255
06-17 19:05:22.473  1909  1965 I ActivityManager: Changes in 10147 2 to 5, 255 to 184
06-17 19:05:32.635  1909  3301 I ActivityManager: Changes in 99157 3 to 10, 184 to 0
06-17 19:06:02.278 24542 24640 W ReactNativeJS: 'This method is deprecated (as well as all React Native Firebase namespaced API) and will be removed in the next major release as part of move to match Firebase Web modular SDK API. Please see migration guide for more details: https://rnfirebase.io/migrating-to-v22 Please use `getApp()` instead.', { [Component Stack] name: 'Component Stack' }
06-17 19:06:02.296 24542 24640 W ReactNativeJS: 'This method is deprecated (as well as all React Native Firebase namespaced API) and will be removed in the next major release as part of move to match Firebase Web modular SDK API. Please see migration guide for more details: https://rnfirebase.io/migrating-to-v22 Please use `getApp()` instead.', { [Component Stack] name: 'Component Stack' }
06-17 19:06:02.311 24542 24640 W ReactNativeJS: 'This method is deprecated (as well as all React Native Firebase namespaced API) and will be removed in the next major release as part of move to match Firebase Web modular SDK API. Please see migration guide for more details: https://rnfirebase.io/migrating-to-v22. Method called was `settings`. Please use `settings()` instead.', { [Component Stack] name: 'Component Stack' }
06-17 19:06:02.333 24542 24640 W ReactNativeJS: 'This method is deprecated (as well as all React Native Firebase namespaced API) and will be removed in the next major release as part of move to match Firebase Web modular SDK API. Please see migration guide for more details: https://rnfirebase.io/migrating-to-v22 Please use `getApp()` instead.', { [Component Stack] name: 'Component Stack' }
06-17 19:06:02.343 24542 24640 W ReactNativeJS: 'This method is deprecated (as well as all React Native Firebase namespaced API) and will be removed in the next major release as part of move to match Firebase Web modular SDK API. Please see migration guide for more details: https://rnfirebase.io/migrating-to-v22. Method called was `logEvent`. Please use `logEvent()` instead.', { [Component Stack] name: 'Component Stack' }
06-17 19:06:02.475  1909  2769 I ActivityManager: Changes in 99157 19 to 3, 0 to 184
06-17 19:06:02.760 24542 24640 W ReactNativeJS: This method is deprecated (as well as all React Native Firebase namespaced API) and will be removed in the next major release as part of move to match Firebase Web modular SDK API. Please see migration guide for more details: https://rnfirebase.io/migrating-to-v22. Method called was `FieldValue`. Please use `FieldValue` instead.
06-17 19:06:02.761 24542 24640 W ReactNativeJS: This method is deprecated (as well as all React Native Firebase namespaced API) and will be removed in the next major release as part of move to match Firebase Web modular SDK API. Please see migration guide for more details: https://rnfirebase.io/migrating-to-v22. Method called was `delete`. Please use `deleteField()` instead.
06-17 19:06:02.761 24542 24640 W ReactNativeJS: This method is deprecated (as well as all React Native Firebase namespaced API) and will be removed in the next major release as part of move to match Firebase Web modular SDK API. Please see migration guide for more details: https://rnfirebase.io/migrating-to-v22. Method called was `FieldValue`. Please use `FieldValue` instead.
06-17 19:06:02.762 24542 24640 W ReactNativeJS: This method is deprecated (as well as all React Native Firebase namespaced API) and will be removed in the next major release as part of move to match Firebase Web modular SDK API. Please see migration guide for more details: https://rnfirebase.io/migrating-to-v22. Method called was `serverTimestamp`. Please use `serverTimestamp()` instead.
06-17 19:06:05.628 24542 24640 W ReactNativeJS: This method is deprecated (as well as all React Native Firebase namespaced API) and will be removed in the next major release as part of move to match Firebase Web modular SDK API. Please see migration guide for more details: https://rnfirebase.io/migrating-to-v22. Method called was `FieldValue`. Please use `FieldValue` instead.
06-17 19:06:05.628 24542 24640 W ReactNativeJS: This method is deprecated (as well as all React Native Firebase namespaced API) and will be removed in the next major release as part of move to match Firebase Web modular SDK API. Please see migration guide for more details: https://rnfirebase.io/migrating-to-v22. Method called was `delete`. Please use `deleteField()` instead.
06-17 19:06:05.629 24542 24640 W ReactNativeJS: This method is deprecated (as well as all React Native Firebase namespaced API) and will be removed in the next major release as part of move to match Firebase Web modular SDK API. Please see migration guide for more details: https://rnfirebase.io/migrating-to-v22. Method called was `FieldValue`. Please use `FieldValue` instead.
06-17 19:06:05.629 24542 24640 W ReactNativeJS: This method is deprecated (as well as all React Native Firebase namespaced API) and will be removed in the next major release as part of move to match Firebase Web modular SDK API. Please see migration guide for more details: https://rnfirebase.io/migrating-to-v22. Method called was `serverTimestamp`. Please use `serverTimestamp()` instead.
06-17 19:06:12.566  1909  2769 I ActivityManager: Changes in 99157 3 to 10, 184 to 0
06-17 19:07:32.429  1909  3301 W ActivityManager: pid 6077 com.google.android.gms.persistent sent binder code 2 with flags 1 to frozen apps and got error -32
06-17 19:07:32.467  1909  1972 I ActivityManager: Changes in 10251 19 to 11, 0 to 128
06-17 19:07:32.482  1909  3301 I ActivityManager: Changes in 10251 11 to 19, 128 to 0
06-17 19:07:32.486  1909  1973 I ActivityManager: Start proc 24842:com.android.vending:instant_app_installer/u0a251 for broadcast {com.android.vending/com.google.android.finsky.instantapps.PhenotypeUpdateReceiver}
06-17 19:07:32.486  1909  1973 I ActivityManager: ProcessObserver broadcast disabled
06-17 19:07:32.572  1909  4174 I ActivityManager: Process com.google.android.googlequicksearchbox:search (pid 15415) has died: cch+5 CEM (350,1412)
06-17 19:07:32.580  1909  2769 W ActivityManager: pid 6725 com.google.android.googlequicksearchbox:interactor sent binder code 2 with flags 1 to frozen apps and got error -32
06-17 19:07:32.674  1909  2225 I ActivityManager: Changes in 10251 19 to 11, 0 to 128
06-17 19:07:32.748  1909  2225 I ActivityManager: Changes in 10251 11 to 19, 128 to 0
06-17 19:07:32.841  1909  2225 I ActivityManager: Changes in 99157 10 to 3, 0 to 184
06-17 19:07:33.147  1909  4174 I ActivityManager: Changes in 10056 19 to 5, 0 to 144
06-17 19:07:33.181  1909  1973 I ActivityManager: Start proc 24900:com.samsung.android.app.sharelive/5026 for broadcast {com.samsung.android.app.sharelive/com.samsung.android.app.sharelive.presentation.receiver.NearbyShareReceiver}
06-17 19:07:33.181  1909  1973 I ActivityManager: ProcessObserver broadcast disabled
06-17 19:07:33.771  1909  4174 I ActivityManager: Changes in 10117 19 to 11, 0 to 128
06-17 19:07:33.771  1909  4174 I ActivityManager: Changes in 5026 19 to 11, 0 to 128
06-17 19:07:33.771  1909  4174 I ActivityManager: Changes in 5025 8 to 8, 0 to 128
06-17 19:07:33.789  1909  4174 I ActivityManager: Changes in 10117 11 to 19, 128 to 0
06-17 19:07:33.789  1909  4174 I ActivityManager: Changes in 5026 11 to 19, 128 to 0
06-17 19:07:33.789  1909  4174 I ActivityManager: Changes in 5025 8 to 8, 128 to 0
06-17 19:07:33.824  1909  1973 I ActivityManager: Start proc 24958:com.samsung.android.app.contacts/u0a120 for service {com.samsung.android.app.contacts/com.samsung.android.contacts.directdialwidget.work.DirectWidgetUpdateJobService}
06-17 19:07:33.824  1909  1973 I ActivityManager: ProcessObserver broadcast disabled
06-17 19:07:34.213  1909  2224 I ActivityManager: Changes in 10120 19 to 8, 0 to 128
06-17 19:07:34.254  1909  2867 I ActivityManager: Changes in 10120 8 to 10, 128 to 0
06-17 19:07:34.304  1909  2225 I ActivityManager: Changes in 10117 19 to 6, 0 to 128
06-17 19:07:34.431  1909  1972 I ActivityManager: Changes in 5026 19 to 11, 0 to 128
06-17 19:07:34.431  1909  1972 I ActivityManager: Changes in 5025 8 to 8, 0 to 128
06-17 19:07:34.436  1909  4338 I ActivityManager: Changes in 5026 11 to 19, 128 to 0
06-17 19:07:34.437  1909  4338 I ActivityManager: Changes in 5025 8 to 8, 128 to 0
06-17 19:07:39.216  1909  4356 I ActivityManager: Changes in 10120 19 to 8, 0 to 128
06-17 19:07:39.280  1909  4356 I ActivityManager: Changes in 10120 8 to 10, 128 to 0
06-17 19:07:39.412  1909  1971 I ActivityManager: Changes in 10056 5 to 6, 144 to 128
06-17 19:07:40.381  1909  1971 I ActivityManager: Changes in 10117 6 to 15, 128 to 0
06-17 19:07:40.394  1909  1971 I ActivityManager: Changes in 10056 6 to 15, 128 to 0
06-17 19:07:43.418  1909  1971 I ActivityManager: Changes in 10056 15 to 5, 0 to 144
06-17 19:07:43.920  1909  2065 I ActivityManager: Changes in 10120 19 to 8, 0 to 128
06-17 19:07:43.933  1909  4356 I ActivityManager: Changes in 10120 8 to 10, 128 to 0
06-17 19:07:44.210  1909  4338 I ActivityManager: Changes in 10120 19 to 8, 0 to 128
06-17 19:07:44.333  1909  4338 I ActivityManager: Changes in 10120 8 to 10, 128 to 0
06-17 19:07:44.418  1909  4338 I ActivityManager: Changes in 10117 15 to 6, 0 to 128
06-17 19:07:47.853  1909  4338 I ActivityManager: Changes in 99157 3 to 10, 184 to 0
06-17 19:07:49.473  1909  1971 I ActivityManager: Changes in 10056 5 to 6, 144 to 128
06-17 19:07:50.457  1909  1971 I ActivityManager: Changes in 10117 6 to 15, 128 to 0
06-17 19:07:50.466  1909  1971 I ActivityManager: Changes in 10056 6 to 10, 128 to 0
06-17 19:07:53.416  1909  4338 I ActivityManager: Changes in 99157 10 to 8, 0 to 128
06-17 19:07:53.425  1909  2065 I ActivityManager: Changes in 10120 10 to 8, 0 to 128
06-17 19:07:53.433  1909  4338 I ActivityManager: Changes in 99157 8 to 10, 128 to 0
06-17 19:07:53.434  1909  2225 I ActivityManager: Changes in 10056 15 to 8, 0 to 128
06-17 19:07:53.468  1909  2769 I ActivityManager: Changes in 10120 8 to 10, 128 to 0
06-17 19:07:53.468  1909  2769 I ActivityManager: Changes in 10056 8 to 10, 128 to 0
06-17 19:08:03.256  1909  1972 I ActivityManager: Waited long enough for: ServiceRecord{d150d2f u0 com.samsung.android.app.contacts/com.samsung.android.contacts.directdialwidget.work.DirectWidgetUpdateJobService c:com.samsung.android.app.contacts}
06-17 19:08:04.719 24542 24640 W ReactNativeJS: This method is deprecated (as well as all React Native Firebase namespaced API) and will be removed in the next major release as part of move to match Firebase Web modular SDK API. Please see migration guide for more details: https://rnfirebase.io/migrating-to-v22. Method called was `FieldValue`. Please use `FieldValue` instead.
06-17 19:08:04.719 24542 24640 W ReactNativeJS: This method is deprecated (as well as all React Native Firebase namespaced API) and will be removed in the next major release as part of move to match Firebase Web modular SDK API. Please see migration guide for more details: https://rnfirebase.io/migrating-to-v22. Method called was `delete`. Please use `deleteField()` instead.
06-17 19:08:04.720 24542 24640 W ReactNativeJS: This method is deprecated (as well as all React Native Firebase namespaced API) and will be removed in the next major release as part of move to match Firebase Web modular SDK API. Please see migration guide for more details: https://rnfirebase.io/migrating-to-v22. Method called was `FieldValue`. Please use `FieldValue` instead.
06-17 19:08:04.720 24542 24640 W ReactNativeJS: This method is deprecated (as well as all React Native Firebase namespaced API) and will be removed in the next major release as part of move to match Firebase Web modular SDK API. Please see migration guide for more details: https://rnfirebase.io/migrating-to-v22. Method called was `serverTimestamp`. Please use `serverTimestamp()` instead.
06-17 19:08:10.460  1909  1972 I ActivityManager: Killing 14874:com.samsung.android.privacydashboard/u0a107 (adj 975): empty #25
06-17 19:08:13.430  1909  2225 I ActivityManager: Changes in 99157 19 to 3, 0 to 184
06-17 19:08:13.444  1909  2225 I ActivityManager: Changes in 10056 15 to 5, 0 to 144
06-17 19:08:19.498  1909  1971 I ActivityManager: Changes in 10056 5 to 15, 144 to 0
06-17 19:08:28.475  1909  2769 I ActivityManager: Changes in 99157 3 to 10, 184 to 0
06-17 19:10:04.824 24542 24640 W ReactNativeJS: This method is deprecated (as well as all React Native Firebase namespaced API) and will be removed in the next major release as part of move to match Firebase Web modular SDK API. Please see migration guide for more details: https://rnfirebase.io/migrating-to-v22. Method called was `FieldValue`. Please use `FieldValue` instead.
06-17 19:10:04.824 24542 24640 W ReactNativeJS: This method is deprecated (as well as all React Native Firebase namespaced API) and will be removed in the next major release as part of move to match Firebase Web modular SDK API. Please see migration guide for more details: https://rnfirebase.io/migrating-to-v22. Method called was `delete`. Please use `deleteField()` instead.
06-17 19:10:04.825 24542 24640 W ReactNativeJS: This method is deprecated (as well as all React Native Firebase namespaced API) and will be removed in the next major release as part of move to match Firebase Web modular SDK API. Please see migration guide for more details: https://rnfirebase.io/migrating-to-v22. Method called was `FieldValue`. Please use `FieldValue` instead.
06-17 19:10:04.825 24542 24640 W ReactNativeJS: This method is deprecated (as well as all React Native Firebase namespaced API) and will be removed in the next major release as part of move to match Firebase Web modular SDK API. Please see migration guide for more details: https://rnfirebase.io/migrating-to-v22. Method called was `serverTimestamp`. Please use `serverTimestamp()` instead.
06-17 19:10:35.591 24542 24640 F libc    : Fatal signal 11 (SIGSEGV), code 1 (SEGV_MAPERR), fault addr 0x20 in tid 24640 (mqt_v_js), pid 24542 (.arcfire.online)
06-17 19:10:36.608 25124 25124 F DEBUG   : *** *** *** *** *** *** *** *** *** *** *** *** *** *** *** ***
06-17 19:10:36.608 25124 25124 F DEBUG   : Build fingerprint: 'samsung/a34xks/a34x:16/BP2A.250605.031.A3/A346NKSSEEZD4:user/release-keys'
06-17 19:10:36.608 25124 25124 F DEBUG   : Revision: '6'
06-17 19:10:36.608 25124 25124 F DEBUG   : ABI: 'arm64'
06-17 19:10:36.608 25124 25124 F DEBUG   : Processor: '6'
06-17 19:10:36.609 25124 25124 F DEBUG   : Timestamp: 2026-06-17 19:10:35.797695774+0900
06-17 19:10:36.609 25124 25124 F DEBUG   : Process uptime: 316s
06-17 19:10:36.609 25124 25124 F DEBUG   : Cmdline: com.arcfire.online
06-17 19:10:36.609 25124 25124 F DEBUG   : pid: 24542, tid: 24640, name: mqt_v_js  >>> com.arcfire.online <<<
06-17 19:10:36.609 25124 25124 F DEBUG   : uid: 11051
06-17 19:10:36.609 25124 25124 F DEBUG   : tagged_addr_ctrl: 0000000000000001 (PR_TAGGED_ADDR_ENABLE)
06-17 19:10:36.609 25124 25124 F DEBUG   : signal 11 (SIGSEGV), code 1 (SEGV_MAPERR), fault addr 0x0000000000000020
06-17 19:10:36.609 25124 25124 F DEBUG   : Cause: null pointer dereference
06-17 19:10:36.609 25124 25124 F DEBUG   :     x0  0000000000000020  x1  b400007ae1d04f78  x2  000000782c240c50  x3  0000000000000000
06-17 19:10:36.609 25124 25124 F DEBUG   :     x4  0000000000000000  x5  000000782c240a48  x6  000000782c240c50  x7  000000782c240a50
06-17 19:10:36.609 25124 25124 F DEBUG   :     x8  0000000000000020  x9  000000782c240640  x10 000000782c240a48  x11 000000781e0f504c
06-17 19:10:36.609 25124 25124 F DEBUG   :     x12 b400007ab1f058d0  x13 0000000000000004  x14 0000000000000001  x15 0000000000000001
06-17 19:10:36.609 25124 25124 F DEBUG   :     x16 000000798e530008  x17 000000798dcdf094  x18 00000078284e0000  x19 0000000000000000
06-17 19:10:36.609 25124 25124 F DEBUG   :     x20 b400007a919230d0  x21 b400007ad1b2abb0  x22 000000782b36ccc8  x23 000000782c240ce0
06-17 19:10:36.609 25124 25124 F DEBUG   :     x24 000000782c243700  x25 000000782c240ce0  x26 0000000000000001  x27 b400007ab1f058d0
06-17 19:10:36.609 25124 25124 F DEBUG   :     x28 000000782b36ca90  x29 000000782c2405c0
06-17 19:10:36.609 25124 25124 F DEBUG   :     lr  000000798dcdf088  sp  000000782c2405a0  pc  000000798dcdf0a0  pst 00000000a0001000
06-17 19:10:36.609 25124 25124 F DEBUG   : 94 total frames
06-17 19:10:36.609 25124 25124 F DEBUG   : backtrace:
06-17 19:10:36.609 25124 25124 F DEBUG   :       #00 pc 00000000006a40a0  /data/app/~~Kj8d-duEwjQh6sq6sZm5gA==/com.arcfire.online-q-zPaLeFSPC7Lbu3DA4KxQ==/base.apk!librnskia.so (offset 0x414a000) (SkISize::width() const+12) (BuildId: a5860719700b671c6e944005d980b317d4862e34)
06-17 19:10:36.609 25124 25124 F DEBUG   :       #01 pc 00000000006a4084  /data/app/~~Kj8d-duEwjQh6sq6sZm5gA==/com.arcfire.online-q-zPaLeFSPC7Lbu3DA4KxQ==/base.apk!librnskia.so (offset 0x414a000) (SkImageInfo::width() const+24) (BuildId: a5860719700b671c6e944005d980b317d4862e34)
06-17 19:10:36.609 25124 25124 F DEBUG   :       #02 pc 00000000006a405c  /data/app/~~Kj8d-duEwjQh6sq6sZm5gA==/com.arcfire.online-q-zPaLeFSPC7Lbu3DA4KxQ==/base.apk!librnskia.so (offset 0x414a000) (SkImage::width() const+24) (BuildId: a5860719700b671c6e944005d980b317d4862e34)
06-17 19:10:36.609 25124 25124 F DEBUG   :       #03 pc 00000000006a285c  /data/app/~~Kj8d-duEwjQh6sq6sZm5gA==/com.arcfire.online-q-zPaLeFSPC7Lbu3DA4KxQ==/base.apk!librnskia.so (offset 0x414a000) (RNSkia::JsiSkImage::width(facebook::jsi::Runtime&, facebook::jsi::Value const&, facebook::jsi::Value const*, unsigned long)+76) (BuildId: a5860719700b671c6e944005d980b317d4862e34)
06-17 19:10:36.609 25124 25124 F DEBUG   :       #04 pc 000000000065e548  /data/app/~~Kj8d-duEwjQh6sq6sZm5gA==/com.arcfire.online-q-zPaLeFSPC7Lbu3DA4KxQ==/base.apk!librnskia.so (offset 0x414a000) (BuildId: a5860719700b671c6e944005d980b317d4862e34)
06-17 19:10:36.609 25124 25124 F DEBUG   :       #05 pc 000000000065e3d4  /data/app/~~Kj8d-duEwjQh6sq6sZm5gA==/com.arcfire.online-q-zPaLeFSPC7Lbu3DA4KxQ==/base.apk!librnskia.so (offset 0x414a000) (BuildId: a5860719700b671c6e944005d980b317d4862e34)
06-17 19:10:36.609 25124 25124 F DEBUG   :       #06 pc 000000000065e300  /data/app/~~Kj8d-duEwjQh6sq6sZm5gA==/com.arcfire.online-q-zPaLeFSPC7Lbu3DA4KxQ==/base.apk!librnskia.so (offset 0x414a000) (std::__ndk1::__bind_return<facebook::jsi::Value (RNJsi::JsiHostObject::*)(facebook::jsi::Runtime&, facebook::jsi::Value const&, facebook::jsi::Value const*, unsigned long), std::__ndk1::tuple<RNJsi::JsiHostObject*, std::__ndk1::placeholders::__ph<1>, std::__ndk1::placeholders::__ph<2>, std::__ndk1::placeholders::__ph<3>, std::__ndk1::placeholders::__ph<4>>, std::__ndk1::tuple<facebook::jsi::Runtime&, facebook::jsi::Value const&, facebook::jsi::Value const*&&, unsigned long&&>, __is_valid_bind_return<facebook::jsi::Value (RNJsi::JsiHostObject::*)(facebook::jsi::Runtime&, facebook::jsi::Value const&, facebook::jsi::Value const*, unsigned long), std::__ndk1::tuple<RNJsi::JsiHostObject*, std::__ndk1::placeholders::__ph<1>, std::__ndk1::placeholders::__ph<2>, std::__ndk1::placeholders::__ph<3>, std::__ndk1::placeholders::__ph<4>>, std::__ndk1::tuple<facebook::jsi::Runtime&, facebook::jsi::Value const&, facebook::jsi::Value const*&&, unsigned long&&>>::value>::type std::__ndk1::__bind<facebook::jsi::Value (RNJsi::JsiHostObject::* const&)(facebook::jsi::Runtime&, facebook::jsi::Value const&, facebook::jsi::Value const*, unsigned long), RNJsi::JsiHostObject*, std::__ndk1::placeholders::__ph<1> const&, std::__ndk1::placeholders::__ph<2> const&, std::__ndk1::placeholders::__ph<3> const&, std::__ndk1::placeholders::__ph<4> const&>::operator()<facebook::jsi::Runtime&, facebook::jsi::Value const&, facebook::jsi::Value const*, unsigned long>(facebook::jsi::Runtime&, facebook::jsi::Value const&, facebook::jsi::Value const*&&, unsigned long&&)+164) (BuildId: a5860719700b671c6e944005d980b317d4862e34)
06-17 19:10:36.609 25124 25124 F DEBUG   :       #07 pc 000000000065e238  /data/app/~~Kj8d-duEwjQh6sq6sZm5gA==/com.arcfire.online-q-zPaLeFSPC7Lbu3DA4KxQ==/base.apk!librnskia.so (offset 0x414a000) (BuildId: a5860719700b671c6e944005d980b317d4862e34)
06-17 19:10:36.609 25124 25124 F DEBUG   :       #08 pc 000000000065e18c  /data/app/~~Kj8d-duEwjQh6sq6sZm5gA==/com.arcfire.online-q-zPaLeFSPC7Lbu3DA4KxQ==/base.apk!librnskia.so (offset 0x414a000) (facebook::jsi::Value std::__ndk1::__invoke_void_return_wrapper<facebook::jsi::Value>::__call<std::__ndk1::__bind<facebook::jsi::Value (RNJsi::JsiHostObject::* const&)(facebook::jsi::Runtime&, facebook::jsi::Value const&, facebook::jsi::Value const*, unsigned long), RNJsi::JsiHostObject*, std::__ndk1::placeholders::__ph<1> const&, std::__ndk1::placeholders::__ph<2> const&, std::__ndk1::placeholders::__ph<3> const&, std::__ndk1::placeholders::__ph<4> const&>&, facebook::jsi::Runtime&, facebook::jsi::Value const&, facebook::jsi::Value const*, unsigned long>(std::__ndk1::__bind<facebook::jsi::Value (RNJsi::JsiHostObject::* const&)(facebook::jsi::Runtime&, facebook::jsi::Value const&, facebook::jsi::Value const*, unsigned long), RNJsi::JsiHostObject*, std::__ndk1::placeholders::__ph<1> const&, std::__ndk1::placeholders::__ph<2> const&, std::__ndk1::placeholders::__ph<3> const&, std::__ndk1::placeholders::__ph<4> const&>&, facebook::jsi::Runtime&, facebook::jsi::Value const&, facebook::jsi::Value const*&&, unsigned long&&)+120) (BuildId: a5860719700b671c6e944005d980b317d4862e34)
06-17 19:10:36.609 25124 25124 F DEBUG   :       #09 pc 000000000065e0f0  /data/app/~~Kj8d-duEwjQh6sq6sZm5gA==/com.arcfire.online-q-zPaLeFSPC7Lbu3DA4KxQ==/base.apk!librnskia.so (offset 0x414a000) (BuildId: a5860719700b671c6e944005d980b317d4862e34)
06-17 19:10:36.609 25124 25124 F DEBUG   :       #10 pc 000000000065ceb4  /data/app/~~Kj8d-duEwjQh6sq6sZm5gA==/com.arcfire.online-q-zPaLeFSPC7Lbu3DA4KxQ==/base.apk!librnskia.so (offset 0x414a000) (std::__ndk1::__function::__func<std::__ndk1::__bind<facebook::jsi::Value (RNJsi::JsiHostObject::* const&)(facebook::jsi::Runtime&, facebook::jsi::Value const&, facebook::jsi::Value const*, unsigned long), RNJsi::JsiHostObject*, std::__ndk1::placeholders::__ph<1> const&, std::__ndk1::placeholders::__ph<2> const&, std::__ndk1::placeholders::__ph<3> const&, std::__ndk1::placeholders::__ph<4> const&>, std::__ndk1::allocator<std::__ndk1::__bind<facebook::jsi::Value (RNJsi::JsiHostObject::* const&)(facebook::jsi::Runtime&, facebook::jsi::Value const&, facebook::jsi::Value const*, unsigned long), RNJsi::JsiHostObject*, std::__ndk1::placeholders::__ph<1> const&, std::__ndk1::placeholders::__ph<2> const&, std::__ndk1::placeholders::__ph<3> const&, std::__ndk1::placeholders::__ph<4> const&>>, facebook::jsi::Value (facebook::jsi::Runtime&, facebook::jsi::Value const&, facebook::jsi::Value const*, unsigned long)>::operator()(facebook::jsi::Runtime&, facebook::jsi::Value const&, facebook::jsi::Value const*&&, unsigned long&&)+120) (BuildId: a5860719700b671c6e944005d980b317d4862e34)
06-17 19:10:36.609 25124 25124 F DEBUG   :       #11 pc 000000000007c538  /data/app/~~Kj8d-duEwjQh6sq6sZm5gA==/com.arcfire.online-q-zPaLeFSPC7Lbu3DA4KxQ==/base.apk!libhermesinstancejni.so (offset 0x24f1000) (BuildId: 66d91c6366b8db28)
06-17 19:10:36.609 25124 25124 F DEBUG   :       #12 pc 000000000007c488  /data/app/~~Kj8d-duEwjQh6sq6sZm5gA==/com.arcfire.online-q-zPaLeFSPC7Lbu3DA4KxQ==/base.apk!libhermesinstancejni.so (offset 0x24f1000) (std::__ndk1::function<facebook::jsi::Value (facebook::jsi::Runtime&, facebook::jsi::Value const&, facebook::jsi::Value const*, unsigned long)>::operator()(facebook::jsi::Runtime&, facebook::jsi::Value const&, facebook::jsi::Value const*, unsigned long) const+72) (BuildId: 66d91c6366b8db28)
06-17 19:10:36.609 25124 25124 F DEBUG   :       #13 pc 000000000007c430  /data/app/~~Kj8d-duEwjQh6sq6sZm5gA==/com.arcfire.online-q-zPaLeFSPC7Lbu3DA4KxQ==/base.apk!libhermesinstancejni.so (offset 0x24f1000) (facebook::jsi::DecoratedHostFunction::operator()(facebook::jsi::Runtime&, facebook::jsi::Value const&, facebook::jsi::Value const*, unsigned long)+84) (BuildId: 66d91c6366b8db28)
06-17 19:10:36.609 25124 25124 F DEBUG   :       #14 pc 000000000007c3cc  /data/app/~~Kj8d-duEwjQh6sq6sZm5gA==/com.arcfire.online-q-zPaLeFSPC7Lbu3DA4KxQ==/base.apk!libhermesinstancejni.so (offset 0x24f1000) (BuildId: 66d91c6366b8db28)
06-17 19:10:36.609 25124 25124 F DEBUG   :       #15 pc 000000000007c354  /data/app/~~Kj8d-duEwjQh6sq6sZm5gA==/com.arcfire.online-q-zPaLeFSPC7Lbu3DA4KxQ==/base.apk!libhermesinstancejni.so (offset 0x24f1000) (facebook::jsi::Value std::__ndk1::__invoke_void_return_wrapper<facebook::jsi::Value, false>::__call<facebook::jsi::DecoratedHostFunction&, facebook::jsi::Runtime&, facebook::jsi::Value const&, facebook::jsi::Value const*, unsigned long>(facebook::jsi::DecoratedHostFunction&, facebook::jsi::Runtime&, facebook::jsi::Value const&, facebook::jsi::Value const*&&, unsigned long&&)+60) (BuildId: 66d91c6366b8db28)
06-17 19:10:36.609 25124 25124 F DEBUG   :       #16 pc 000000000007c308  /data/app/~~Kj8d-duEwjQh6sq6sZm5gA==/com.arcfire.online-q-zPaLeFSPC7Lbu3DA4KxQ==/base.apk!libhermesinstancejni.so (offset 0x24f1000) (BuildId: 66d91c6366b8db28)
06-17 19:10:36.609 25124 25124 F DEBUG   :       #17 pc 000000000007b24c  /data/app/~~Kj8d-duEwjQh6sq6sZm5gA==/com.arcfire.online-q-zPaLeFSPC7Lbu3DA4KxQ==/base.apk!libhermesinstancejni.so (offset 0x24f1000) (std::__ndk1::__function::__func<facebook::jsi::DecoratedHostFunction, std::__ndk1::allocator<facebook::jsi::DecoratedHostFunction>, facebook::jsi::Value (facebook::jsi::Runtime&, facebook::jsi::Value const&, facebook::jsi::Value const*, unsigned long)>::operator()(facebook::jsi::Runtime&, facebook::jsi::Value const&, facebook::jsi::Value const*&&, unsigned long&&)+64) (BuildId: 66d91c6366b8db28)
06-17 19:10:36.609 25124 25124 F DEBUG   :       #18 pc 00000000000b9278  /data/app/~~Kj8d-duEwjQh6sq6sZm5gA==/com.arcfire.online-q-zPaLeFSPC7Lbu3DA4KxQ==/base.apk!libhermes.so (offset 0x20fe000) (BuildId: 7168d7993b78e1652575c41c7fedbe59d35ceea7)
06-17 19:10:36.609 25124 25124 F DEBUG   :       #19 pc 00000000001159e4  /data/app/~~Kj8d-duEwjQh6sq6sZm5gA==/com.arcfire.online-q-zPaLeFSPC7Lbu3DA4KxQ==/base.apk!libhermes.so (offset 0x20fe000) (BuildId: 7168d7993b78e1652575c41c7fedbe59d35ceea7)
06-17 19:10:36.609 25124 25124 F DEBUG   :       #20 pc 0000000000134bec  /data/app/~~Kj8d-duEwjQh6sq6sZm5gA==/com.arcfire.online-q-zPaLeFSPC7Lbu3DA4KxQ==/base.apk!libhermes.so (offset 0x20fe000) (BuildId: 7168d7993b78e1652575c41c7fedbe59d35ceea7)
06-17 19:10:36.609 25124 25124 F DEBUG   :       #21 pc 0000000000134120  /data/app/~~Kj8d-duEwjQh6sq6sZm5gA==/com.arcfire.online-q-zPaLeFSPC7Lbu3DA4KxQ==/base.apk!libhermes.so (offset 0x20fe000) (BuildId: 7168d7993b78e1652575c41c7fedbe59d35ceea7)
06-17 19:10:36.609 25124 25124 F DEBUG   :       #22 pc 0000000000115cdc  /data/app/~~Kj8d-duEwjQh6sq6sZm5gA==/com.arcfire.online-q-zPaLeFSPC7Lbu3DA4KxQ==/base.apk!libhermes.so (offset 0x20fe000) (BuildId: 7168d7993b78e1652575c41c7fedbe59d35ceea7)
06-17 19:10:36.609 25124 25124 F DEBUG   :       #23 pc 0000000000114054  /data/app/~~Kj8d-duEwjQh6sq6sZm5gA==/com.arcfire.online-q-zPaLeFSPC7Lbu3DA4KxQ==/base.apk!libhermes.so (offset 0x20fe000) (BuildId: 7168d7993b78e1652575c41c7fedbe59d35ceea7)
06-17 19:10:36.609 25124 25124 F DEBUG   :       #24 pc 0000000000160d94  /data/app/~~Kj8d-duEwjQh6sq6sZm5gA==/com.arcfire.online-q-zPaLeFSPC7Lbu3DA4KxQ==/base.apk!libhermes.so (offset 0x20fe000) (BuildId: 7168d7993b78e1652575c41c7fedbe59d35ceea7)
06-17 19:10:36.609 25124 25124 F DEBUG   :       #25 pc 00000000001d04ec  /data/app/~~Kj8d-duEwjQh6sq6sZm5gA==/com.arcfire.online-q-zPaLeFSPC7Lbu3DA4KxQ==/base.apk!libhermes.so (offset 0x20fe000) (BuildId: 7168d7993b78e1652575c41c7fedbe59d35ceea7)
06-17 19:10:36.609 25124 25124 F DEBUG   :       #26 pc 00000000001159e4  /data/app/~~Kj8d-duEwjQh6sq6sZm5gA==/com.arcfire.online-q-zPaLeFSPC7Lbu3DA4KxQ==/base.apk!libhermes.so (offset 0x20fe000) (BuildId: 7168d7993b78e1652575c41c7fedbe59d35ceea7)
06-17 19:10:36.609 25124 25124 F DEBUG   :       #27 pc 0000000000134bec  /data/app/~~Kj8d-duEwjQh6sq6sZm5gA==/com.arcfire.online-q-zPaLeFSPC7Lbu3DA4KxQ==/base.apk!libhermes.so (offset 0x20fe000) (BuildId: 7168d7993b78e1652575c41c7fedbe59d35ceea7)
06-17 19:10:36.609 25124 25124 F DEBUG   :       #28 pc 0000000000134120  /data/app/~~Kj8d-duEwjQh6sq6sZm5gA==/com.arcfire.online-q-zPaLeFSPC7Lbu3DA4KxQ==/base.apk!libhermes.so (offset 0x20fe000) (BuildId: 7168d7993b78e1652575c41c7fedbe59d35ceea7)
06-17 19:10:36.609 25124 25124 F DEBUG   :       #29 pc 0000000000115cdc  /data/app/~~Kj8d-duEwjQh6sq6sZm5gA==/com.arcfire.online-q-zPaLeFSPC7Lbu3DA4KxQ==/base.apk!libhermes.so (offset 0x20fe000) (BuildId: 7168d7993b78e1652575c41c7fedbe59d35ceea7)
06-17 19:10:36.609 25124 25124 F DEBUG   :       #30 pc 00000000000b1438  /data/app/~~Kj8d-duEwjQh6sq6sZm5gA==/com.arcfire.online-q-zPaLeFSPC7Lbu3DA4KxQ==/base.apk!libhermes.so (offset 0x20fe000) (BuildId: 7168d7993b78e1652575c41c7fedbe59d35ceea7)
06-17 19:10:36.609 25124 25124 F DEBUG   :       #31 pc 0000000000076108  /data/app/~~Kj8d-duEwjQh6sq6sZm5gA==/com.arcfire.online-q-zPaLeFSPC7Lbu3DA4KxQ==/base.apk!libhermesinstancejni.so (offset 0x24f1000) (facebook::jsi::RuntimeDecorator<facebook::jsi::Runtime, facebook::jsi::Runtime>::call(facebook::jsi::Function const&, facebook::jsi::Value const&, facebook::jsi::Value const*, unsigned long)+72) (BuildId: 66d91c6366b8db28)
06-17 19:10:36.609 25124 25124 F DEBUG   :       #32 pc 0000000000123430  /data/app/~~Kj8d-duEwjQh6sq6sZm5gA==/com.arcfire.online-q-zPaLeFSPC7Lbu3DA4KxQ==/base.apk!librninstance.so (offset 0x3f7b000) (facebook::jsi::Function::call(facebook::jsi::Runtime&, facebook::jsi::Value const*, unsigned long) const+108) (BuildId: c5fec977a2a221c2)
06-17 19:10:36.609 25124 25124 F DEBUG   :       #33 pc 000000000014271c  /data/app/~~Kj8d-duEwjQh6sq6sZm5gA==/com.arcfire.online-q-zPaLeFSPC7Lbu3DA4KxQ==/base.apk!librninstance.so (offset 0x3f7b000) (facebook::react::TimerCallback::invoke(facebook::jsi::Runtime&)+104) (BuildId: c5fec977a2a221c2)
06-17 19:10:36.609 25124 25124 F DEBUG   :       #34 pc 000000000014b9f8  /data/app/~~Kj8d-duEwjQh6sq6sZm5gA==/com.arcfire.online-q-zPaLeFSPC7Lbu3DA4KxQ==/base.apk!librninstance.so (offset 0x3f7b000) (BuildId: c5fec977a2a221c2)
06-17 19:10:36.609 25124 25124 F DEBUG   :       #35 pc 000000000014b960  /data/app/~~Kj8d-duEwjQh6sq6sZm5gA==/com.arcfire.online-q-zPaLeFSPC7Lbu3DA4KxQ==/base.apk!librninstance.so (offset 0x3f7b000) (BuildId: c5fec977a2a221c2)
06-17 19:10:36.609 25124 25124 F DEBUG   :       #36 pc 000000000014b910  /data/app/~~Kj8d-duEwjQh6sq6sZm5gA==/com.arcfire.online-q-zPaLeFSPC7Lbu3DA4KxQ==/base.apk!librninstance.so (offset 0x3f7b000) (BuildId: c5fec977a2a221c2)
06-17 19:10:36.609 25124 25124 F DEBUG   :       #37 pc 000000000014b8e4  /data/app/~~Kj8d-duEwjQh6sq6sZm5gA==/com.arcfire.online-q-zPaLeFSPC7Lbu3DA4KxQ==/base.apk!librninstance.so (offset 0x3f7b000) (BuildId: c5fec977a2a221c2)
06-17 19:10:36.609 25124 25124 F DEBUG   :       #38 pc 000000000014a998  /data/app/~~Kj8d-duEwjQh6sq6sZm5gA==/com.arcfire.online-q-zPaLeFSPC7Lbu3DA4KxQ==/base.apk!librninstance.so (offset 0x3f7b000) (BuildId: c5fec977a2a221c2)
06-17 19:10:36.609 25124 25124 F DEBUG   :       #39 pc 0000000000450b70  /data/app/~~Kj8d-duEwjQh6sq6sZm5gA==/com.arcfire.online-q-zPaLeFSPC7Lbu3DA4KxQ==/base.apk!libfabricjni.so (offset 0x16ac000) (BuildId: 2b8d9ec72ca1338e)
06-17 19:10:36.609 25124 25124 F DEBUG   :       #40 pc 0000000000450a78  /data/app/~~Kj8d-duEwjQh6sq6sZm5gA==/com.arcfire.online-q-zPaLeFSPC7Lbu3DA4KxQ==/base.apk!libfabricjni.so (offset 0x16ac000) (std::__ndk1::function<void (facebook::jsi::Runtime&)>::operator()(facebook::jsi::Runtime&) const+28) (BuildId: 2b8d9ec72ca1338e)
06-17 19:10:36.610 25124 25124 F DEBUG   :       #41 pc 00000000005d4d30  /data/app/~~Kj8d-duEwjQh6sq6sZm5gA==/com.arcfire.online-q-zPaLeFSPC7Lbu3DA4KxQ==/base.apk!libfabricjni.so (offset 0x16ac000) (facebook::react::Task::execute(facebook::jsi::Runtime&, bool)+640) (BuildId: 2b8d9ec72ca1338e)
06-17 19:10:36.610 25124 25124 F DEBUG   :       #42 pc 00000000005cc780  /data/app/~~Kj8d-duEwjQh6sq6sZm5gA==/com.arcfire.online-q-zPaLeFSPC7Lbu3DA4KxQ==/base.apk!libfabricjni.so (offset 0x16ac000) (facebook::react::RuntimeScheduler_Modern::executeMacrotask(facebook::jsi::Runtime&, facebook::react::Task&, bool) const+76) (BuildId: 2b8d9ec72ca1338e)
06-17 19:10:36.610 25124 25124 F DEBUG   :       #43 pc 00000000005cc66c  /data/app/~~Kj8d-duEwjQh6sq6sZm5gA==/com.arcfire.online-q-zPaLeFSPC7Lbu3DA4KxQ==/base.apk!libfabricjni.so (offset 0x16ac000) (facebook::react::RuntimeScheduler_Modern::executeTask(facebook::jsi::Runtime&, facebook::react::Task&, std::__ndk1::chrono::time_point<std::__ndk1::chrono::steady_clock, std::__ndk1::chrono::duration<long long, std::__ndk1::ratio<1l, 1000000000l>>>)+172) (BuildId: 2b8d9ec72ca1338e)
06-17 19:10:36.610 25124 25124 F DEBUG   :       #44 pc 00000000005cc180  /data/app/~~Kj8d-duEwjQh6sq6sZm5gA==/com.arcfire.online-q-zPaLeFSPC7Lbu3DA4KxQ==/base.apk!libfabricjni.so (offset 0x16ac000) (facebook::react::RuntimeScheduler_Modern::startWorkLoop(facebook::jsi::Runtime&, bool)+228) (BuildId: 2b8d9ec72ca1338e)
06-17 19:10:36.610 25124 25124 F DEBUG   :       #45 pc 00000000005d45f0  /data/app/~~Kj8d-duEwjQh6sq6sZm5gA==/com.arcfire.online-q-zPaLeFSPC7Lbu3DA4KxQ==/base.apk!libfabricjni.so (offset 0x16ac000) (BuildId: 2b8d9ec72ca1338e)
06-17 19:10:36.610 25124 25124 F DEBUG   :       #46 pc 00000000005d45b8  /data/app/~~Kj8d-duEwjQh6sq6sZm5gA==/com.arcfire.online-q-zPaLeFSPC7Lbu3DA4KxQ==/base.apk!libfabricjni.so (offset 0x16ac000) (BuildId: 2b8d9ec72ca1338e)
06-17 19:10:36.610 25124 25124 F DEBUG   :       #47 pc 00000000005d4568  /data/app/~~Kj8d-duEwjQh6sq6sZm5gA==/com.arcfire.online-q-zPaLeFSPC7Lbu3DA4KxQ==/base.apk!libfabricjni.so (offset 0x16ac000) (BuildId: 2b8d9ec72ca1338e)
06-17 19:10:36.610 25124 25124 F DEBUG   :       #48 pc 00000000005d453c  /data/app/~~Kj8d-duEwjQh6sq6sZm5gA==/com.arcfire.online-q-zPaLeFSPC7Lbu3DA4KxQ==/base.apk!libfabricjni.so (offset 0x16ac000) (BuildId: 2b8d9ec72ca1338e)
06-17 19:10:36.610 25124 25124 F DEBUG   :       #49 pc 00000000005d35f8  /data/app/~~Kj8d-duEwjQh6sq6sZm5gA==/com.arcfire.online-q-zPaLeFSPC7Lbu3DA4KxQ==/base.apk!libfabricjni.so (offset 0x16ac000) (BuildId: 2b8d9ec72ca1338e)
06-17 19:10:36.610 25124 25124 F DEBUG   :       #50 pc 00000000001063d8  /data/app/~~Kj8d-duEwjQh6sq6sZm5gA==/com.arcfire.online-q-zPaLeFSPC7Lbu3DA4KxQ==/base.apk!librninstance.so (offset 0x3f7b000) (BuildId: c5fec977a2a221c2)
06-17 19:10:36.610 25124 25124 F DEBUG   :       #51 pc 0000000000104a0c  /data/app/~~Kj8d-duEwjQh6sq6sZm5gA==/com.arcfire.online-q-zPaLeFSPC7Lbu3DA4KxQ==/base.apk!librninstance.so (offset 0x3f7b000) (std::__ndk1::function<void (facebook::jsi::Runtime&)>::operator()(facebook::jsi::Runtime&) const+28) (BuildId: c5fec977a2a221c2)
06-17 19:10:36.610 25124 25124 F DEBUG   :       #52 pc 00000000001223f4  /data/app/~~Kj8d-duEwjQh6sq6sZm5gA==/com.arcfire.online-q-zPaLeFSPC7Lbu3DA4KxQ==/base.apk!librninstance.so (offset 0x3f7b000) (BuildId: c5fec977a2a221c2)
06-17 19:10:36.610 25124 25124 F DEBUG   :       #53 pc 0000000000122368  /data/app/~~Kj8d-duEwjQh6sq6sZm5gA==/com.arcfire.online-q-zPaLeFSPC7Lbu3DA4KxQ==/base.apk!librninstance.so (offset 0x3f7b000) (BuildId: c5fec977a2a221c2)
06-17 19:10:36.610 25124 25124 F DEBUG   :       #54 pc 0000000000122320  /data/app/~~Kj8d-duEwjQh6sq6sZm5gA==/com.arcfire.online-q-zPaLeFSPC7Lbu3DA4KxQ==/base.apk!librninstance.so (offset 0x3f7b000) (BuildId: c5fec977a2a221c2)
06-17 19:10:36.610 25124 25124 F DEBUG   :       #55 pc 00000000001222fc  /data/app/~~Kj8d-duEwjQh6sq6sZm5gA==/com.arcfire.online-q-zPaLeFSPC7Lbu3DA4KxQ==/base.apk!librninstance.so (offset 0x3f7b000) (BuildId: c5fec977a2a221c2)
06-17 19:10:36.610 25124 25124 F DEBUG   :       #56 pc 0000000000121308  /data/app/~~Kj8d-duEwjQh6sq6sZm5gA==/com.arcfire.online-q-zPaLeFSPC7Lbu3DA4KxQ==/base.apk!librninstance.so (offset 0x3f7b000) (BuildId: c5fec977a2a221c2)
06-17 19:10:36.610 25124 25124 F DEBUG   :       #57 pc 00000000001f70a0  /data/app/~~Kj8d-duEwjQh6sq6sZm5gA==/com.arcfire.online-q-zPaLeFSPC7Lbu3DA4KxQ==/base.apk!libreactnativejni.so (offset 0x3816000) (BuildId: 56fd9883806746a3)
06-17 19:10:36.610 25124 25124 F DEBUG   :       #58 pc 00000000001f6f88  /data/app/~~Kj8d-duEwjQh6sq6sZm5gA==/com.arcfire.online-q-zPaLeFSPC7Lbu3DA4KxQ==/base.apk!libreactnativejni.so (offset 0x3816000) (std::__ndk1::function<void ()>::operator()() const+20) (BuildId: 56fd9883806746a3)
06-17 19:10:36.610 25124 25124 F DEBUG   :       #59 pc 0000000000211c94  /data/app/~~Kj8d-duEwjQh6sq6sZm5gA==/com.arcfire.online-q-zPaLeFSPC7Lbu3DA4KxQ==/base.apk!libreactnativejni.so (offset 0x3816000) (BuildId: 56fd9883806746a3)
06-17 19:10:36.610 25124 25124 F DEBUG   :       #60 pc 0000000000211c2c  /data/app/~~Kj8d-duEwjQh6sq6sZm5gA==/com.arcfire.online-q-zPaLeFSPC7Lbu3DA4KxQ==/base.apk!libreactnativejni.so (offset 0x3816000) (BuildId: 56fd9883806746a3)
06-17 19:10:36.610 25124 25124 F DEBUG   :       #61 pc 0000000000211be4  /data/app/~~Kj8d-duEwjQh6sq6sZm5gA==/com.arcfire.online-q-zPaLeFSPC7Lbu3DA4KxQ==/base.apk!libreactnativejni.so (offset 0x3816000) (BuildId: 56fd9883806746a3)
06-17 19:10:36.610 25124 25124 F DEBUG   :       #62 pc 0000000000211bc0  /data/app/~~Kj8d-duEwjQh6sq6sZm5gA==/com.arcfire.online-q-zPaLeFSPC7Lbu3DA4KxQ==/base.apk!libreactnativejni.so (offset 0x3816000) (BuildId: 56fd9883806746a3)
06-17 19:10:36.610 25124 25124 F DEBUG   :       #63 pc 0000000000210b78  /data/app/~~Kj8d-duEwjQh6sq6sZm5gA==/com.arcfire.online-q-zPaLeFSPC7Lbu3DA4KxQ==/base.apk!libreactnativejni.so (offset 0x3816000) (BuildId: 56fd9883806746a3)
06-17 19:10:36.610 25124 25124 F DEBUG   :       #64 pc 0000000000019804  /data/app/~~Kj8d-duEwjQh6sq6sZm5gA==/com.arcfire.online-q-zPaLeFSPC7Lbu3DA4KxQ==/base.apk!libfbjni.so (offset 0x1e10000) (facebook::jni::detail::MethodWrapper<void (facebook::jni::JNativeRunnable::*)(), &facebook::jni::JNativeRunnable::run(), facebook::jni::JNativeRunnable, void>::dispatch(facebook::jni::alias_ref<facebook::jni::detail::JTypeFor<facebook::jni::HybridClass<facebook::jni::JNativeRunnable, facebook::jni::JRunnable>::JavaPart, facebook::jni::JRunnable, void>::_javaobject*>)+72) (BuildId: a22242831a7971267de570e06121acb588ce64cd)
06-17 19:10:36.610 25124 25124 F DEBUG   :       #65 pc 0000000000019744  /data/app/~~Kj8d-duEwjQh6sq6sZm5gA==/com.arcfire.online-q-zPaLeFSPC7Lbu3DA4KxQ==/base.apk!libfbjni.so (offset 0x1e10000) (facebook::jni::detail::FunctionWrapper<void (*)(facebook::jni::alias_ref<facebook::jni::detail::JTypeFor<facebook::jni::HybridClass<facebook::jni::JNativeRunnable, facebook::jni::JRunnable>::JavaPart, facebook::jni::JRunnable, void>::_javaobject*>), facebook::jni::detail::JTypeFor<facebook::jni::HybridClass<facebook::jni::JNativeRunnable, facebook::jni::JRunnable>::JavaPart, facebook::jni::JRunnable, void>::_javaobject*, void>::call(_JNIEnv*, _jobject*, void (*)(facebook::jni::alias_ref<facebook::jni::detail::JTypeFor<facebook::jni::HybridClass<facebook::jni::JNativeRunnable, facebook::jni::JRunnable>::JavaPart, facebook::jni::JRunnable, void>::_javaobject*>))+60) (BuildId: a22242831a7971267de570e06121acb588ce64cd)
06-17 19:10:36.610 25124 25124 F DEBUG   :       #66 pc 00000000002b03a0  /apex/com.android.art/lib64/libart.so (art_quick_generic_jni_trampoline+144) (BuildId: 1f156fc62660d075a8d675db850b95d5)
06-17 19:10:36.610 25124 25124 F DEBUG   :       #67 pc 0000000000236c30  [anon_shmem:dalvik-jit-code-cache] (offset 0x2000000) (android.os.Handler.handleCallback+128)
06-17 19:10:36.610 25124 25124 F DEBUG   :       #68 pc 0000000000068e84  [anon_shmem:dalvik-jit-code-cache] (offset 0x2000000) (android.os.Handler.dispatchMessage+132)
06-17 19:10:36.610 25124 25124 F DEBUG   :       #69 pc 0000000000298f94  /apex/com.android.art/lib64/libart.so (art_quick_invoke_stub+612) (BuildId: 1f156fc62660d075a8d675db850b95d5)
06-17 19:10:36.610 25124 25124 F DEBUG   :       #70 pc 000000000087ba64  /apex/com.android.art/lib64/libart.so (bool art::interpreter::DoCall<false>(art::ArtMethod*, art::Thread*, art::ShadowFrame&, art::Instruction const*, unsigned short, bool, art::JValue*)+1620) (BuildId: 1f156fc62660d075a8d675db850b95d5)
06-17 19:10:36.610 25124 25124 F DEBUG   :       #71 pc 00000000006fd968  /apex/com.android.art/lib64/libart.so (void art::interpreter::ExecuteSwitchImplCpp<false>(art::interpreter::SwitchImplContext*)+284) (BuildId: 1f156fc62660d075a8d675db850b95d5)
06-17 19:10:36.610 25124 25124 F DEBUG   :       #72 pc 00000000002fcc98  /apex/com.android.art/lib64/libart.so (ExecuteSwitchImplAsm+8) (BuildId: 1f156fc62660d075a8d675db850b95d5)
06-17 19:10:36.610 25124 25124 F DEBUG   :       #73 pc 000000000043f150  [anon:dalvik-classes.dex extracte....arcfire.online-q-zPaLeFSPC7Lbu3DA4KxQ==/base.apk] (com.facebook.react.bridge.queue.MessageQueueThreadHandler.dispatchMessage+0)
06-17 19:10:36.610 25124 25124 F DEBUG   :       #74 pc 00000000002fc8d0  /apex/com.android.art/lib64/libart.so (art::interpreter::Execute(art::Thread*, art::CodeItemDataAccessor const&, art::ShadowFrame&, art::JValue, bool, bool) (.__uniq.112435418011751916792819755956732575238.llvm.6848007882488385806)+360) (BuildId: 1f156fc62660d075a8d675db850b95d5)
06-17 19:10:36.610 25124 25124 F DEBUG   :       #75 pc 00000000002fc254  /apex/com.android.art/lib64/libart.so (artQuickToInterpreterBridge+916) (BuildId: 1f156fc62660d075a8d675db850b95d5)
06-17 19:10:36.610 25124 25124 F DEBUG   :       #76 pc 00000000002b04d8  /apex/com.android.art/lib64/libart.so (art_quick_to_interpreter_bridge+88) (BuildId: 1f156fc62660d075a8d675db850b95d5)
06-17 19:10:36.610 25124 25124 F DEBUG   :       #77 pc 00000000000672f4  [anon_shmem:dalvik-jit-code-cache] (offset 0x2000000) (android.os.Looper.loopOnce+1300)
06-17 19:10:36.610 25124 25124 F DEBUG   :       #78 pc 0000000000061600  [anon_shmem:dalvik-jit-code-cache] (offset 0x2000000) (android.os.Looper.loop+256)
06-17 19:10:36.610 25124 25124 F DEBUG   :       #79 pc 0000000000299260  /apex/com.android.art/lib64/libart.so (art_quick_invoke_static_stub+640) (BuildId: 1f156fc62660d075a8d675db850b95d5)
06-17 19:10:36.610 25124 25124 F DEBUG   :       #80 pc 000000000087bb6c  /apex/com.android.art/lib64/libart.so (bool art::interpreter::DoCall<false>(art::ArtMethod*, art::Thread*, art::ShadowFrame&, art::Instruction const*, unsigned short, bool, art::JValue*)+1884) (BuildId: 1f156fc62660d075a8d675db850b95d5)
06-17 19:10:36.610 25124 25124 F DEBUG   :       #81 pc 00000000006fd968  /apex/com.android.art/lib64/libart.so (void art::interpreter::ExecuteSwitchImplCpp<false>(art::interpreter::SwitchImplContext*)+284) (BuildId: 1f156fc62660d075a8d675db850b95d5)
06-17 19:10:36.610 25124 25124 F DEBUG   :       #82 pc 00000000002fcc98  /apex/com.android.art/lib64/libart.so (ExecuteSwitchImplAsm+8) (BuildId: 1f156fc62660d075a8d675db850b95d5)
06-17 19:10:36.610 25124 25124 F DEBUG   :       #83 pc 000000000043f294  [anon:dalvik-classes.dex extracte....arcfire.online-q-zPaLeFSPC7Lbu3DA4KxQ==/base.apk] (com.facebook.react.bridge.queue.MessageQueueThreadImpl$4.run+0)
06-17 19:10:36.610 25124 25124 F DEBUG   :       #84 pc 00000000002fc8d0  /apex/com.android.art/lib64/libart.so (art::interpreter::Execute(art::Thread*, art::CodeItemDataAccessor const&, art::ShadowFrame&, art::JValue, bool, bool) (.__uniq.112435418011751916792819755956732575238.llvm.6848007882488385806)+360) (BuildId: 1f156fc62660d075a8d675db850b95d5)
06-17 19:10:36.610 25124 25124 F DEBUG   :       #85 pc 00000000002fc254  /apex/com.android.art/lib64/libart.so (artQuickToInterpreterBridge+916) (BuildId: 1f156fc62660d075a8d675db850b95d5)
06-17 19:10:36.610 25124 25124 F DEBUG   :       #86 pc 00000000002b04d8  /apex/com.android.art/lib64/libart.so (art_quick_to_interpreter_bridge+88) (BuildId: 1f156fc62660d075a8d675db850b95d5)
06-17 19:10:36.610 25124 25124 F DEBUG   :       #87 pc 000000000000499c  [anon_shmem:dalvik-jit-code-cache] (offset 0x2000000) (java.lang.Thread.run+140)
06-17 19:10:36.610 25124 25124 F DEBUG   :       #88 pc 0000000000298f94  /apex/com.android.art/lib64/libart.so (art_quick_invoke_stub+612) (BuildId: 1f156fc62660d075a8d675db850b95d5)
06-17 19:10:36.610 25124 25124 F DEBUG   :       #89 pc 000000000029738c  /apex/com.android.art/lib64/libart.so (art::ArtMethod::Invoke(art::Thread*, unsigned int*, unsigned int, art::JValue*, char const*)+148) (BuildId: 1f156fc62660d075a8d675db850b95d5)
06-17 19:10:36.610 25124 25124 F DEBUG   :       #90 pc 00000000004d5fd0  /apex/com.android.art/lib64/libart.so (art::Thread::CreateCallback(void*)+1384) (BuildId: 1f156fc62660d075a8d675db850b95d5)
06-17 19:10:36.610 25124 25124 F DEBUG   :       #91 pc 00000000004d5a54  /apex/com.android.art/lib64/libart.so (art::Thread::CreateCallbackWithUffdGc(void*)+12) (BuildId: 1f156fc62660d075a8d675db850b95d5)
06-17 19:10:36.610 25124 25124 F DEBUG   :       #92 pc 0000000000080f8c  /apex/com.android.runtime/lib64/bionic/libc.so (__pthread_start(void*)+236) (BuildId: 8ff701fa7a74a8ad475206062b5b72aa)
06-17 19:10:36.610 25124 25124 F DEBUG   :       #93 pc 00000000000737f0  /apex/com.android.runtime/lib64/bionic/libc.so (__start_thread+64) (BuildId: 8ff701fa7a74a8ad475206062b5b72aa)
06-17 19:10:36.680  1909 25130 W ActivityManager: crash : com.arcfire.online,11051
06-17 19:10:36.698  1909  1963 I ActivityManager: Showing crash dialog for package com.arcfire.online u0
06-17 19:10:36.714  1909 25127 I ActivityManager: Killing 24542:com.arcfire.online/u0a1051 (adj 0): crash
06-17 19:10:36.730  1909  2769 I ActivityManager: Changes in 10147 5 to 2, 184 to 255
06-17 19:10:37.020  1909  1965 W ActivityManager: setHasOverlayUi called on unknown pid: 24542
06-17 19:10:37.079  1909  2720 W ActivityManager: pid 1909 system sent binder code 7 with flags 1 to frozen apps and got error -32
06-17 19:10:43.882  1909  4338 I ActivityManager: PendingStartActivityUids startActivity to updateOomAdj delay:6697ms, uid:10147
06-17 19:10:48.409  1909  1973 I ActivityManager: Start proc 25156:com.arcfire.online/u0a1051 for activelaunch {com.arcfire.online/com.arcfire.online.MainActivity}
06-17 19:10:48.409  1909  1973 I ActivityManager: ProcessObserver broadcast disabled
06-17 19:10:49.461  1909  4407 I ActivityManager: Changes in 99157 19 to 3, 0 to 184
06-17 19:10:49.461  1909  4407 I ActivityManager: Changes in 11051 19 to 2, 0 to 255
06-17 19:10:49.726  1909  1965 I ActivityManager: Changes in 10147 2 to 5, 255 to 184
06-17 19:10:59.841  1909  4407 I ActivityManager: Changes in 99157 3 to 10, 184 to 0
06-17 19:11:34.302 25156 25251 W ReactNativeJS: 'This method is deprecated (as well as all React Native Firebase namespaced API) and will be removed in the next major release as part of move to match Firebase Web modular SDK API. Please see migration guide for more details: https://rnfirebase.io/migrating-to-v22 Please use `getApp()` instead.', { [Component Stack] name: 'Component Stack' }
06-17 19:11:34.320 25156 25251 W ReactNativeJS: 'This method is deprecated (as well as all React Native Firebase namespaced API) and will be removed in the next major release as part of move to match Firebase Web modular SDK API. Please see migration guide for more details: https://rnfirebase.io/migrating-to-v22 Please use `getApp()` instead.', { [Component Stack] name: 'Component Stack' }
06-17 19:11:34.335 25156 25251 W ReactNativeJS: 'This method is deprecated (as well as all React Native Firebase namespaced API) and will be removed in the next major release as part of move to match Firebase Web modular SDK API. Please see migration guide for more details: https://rnfirebase.io/migrating-to-v22. Method called was `settings`. Please use `settings()` instead.', { [Component Stack] name: 'Component Stack' }
06-17 19:11:34.357 25156 25251 W ReactNativeJS: 'This method is deprecated (as well as all React Native Firebase namespaced API) and will be removed in the next major release as part of move to match Firebase Web modular SDK API. Please see migration guide for more details: https://rnfirebase.io/migrating-to-v22 Please use `getApp()` instead.', { [Component Stack] name: 'Component Stack' }
06-17 19:11:34.368 25156 25251 W ReactNativeJS: 'This method is deprecated (as well as all React Native Firebase namespaced API) and will be removed in the next major release as part of move to match Firebase Web modular SDK API. Please see migration guide for more details: https://rnfirebase.io/migrating-to-v22. Method called was `logEvent`. Please use `logEvent()` instead.', { [Component Stack] name: 'Component Stack' }
06-17 19:11:34.475  1909  4407 I ActivityManager: Changes in 99157 19 to 3, 0 to 184
06-17 19:11:34.791 25156 25251 W ReactNativeJS: This method is deprecated (as well as all React Native Firebase namespaced API) and will be removed in the next major release as part of move to match Firebase Web modular SDK API. Please see migration guide for more details: https://rnfirebase.io/migrating-to-v22. Method called was `FieldValue`. Please use `FieldValue` instead.
06-17 19:11:34.791 25156 25251 W ReactNativeJS: This method is deprecated (as well as all React Native Firebase namespaced API) and will be removed in the next major release as part of move to match Firebase Web modular SDK API. Please see migration guide for more details: https://rnfirebase.io/migrating-to-v22. Method called was `delete`. Please use `deleteField()` instead.
06-17 19:11:34.792 25156 25251 W ReactNativeJS: This method is deprecated (as well as all React Native Firebase namespaced API) and will be removed in the next major release as part of move to match Firebase Web modular SDK API. Please see migration guide for more details: https://rnfirebase.io/migrating-to-v22. Method called was `FieldValue`. Please use `FieldValue` instead.
06-17 19:11:34.792 25156 25251 W ReactNativeJS: This method is deprecated (as well as all React Native Firebase namespaced API) and will be removed in the next major release as part of move to match Firebase Web modular SDK API. Please see migration guide for more details: https://rnfirebase.io/migrating-to-v22. Method called was `serverTimestamp`. Please use `serverTimestamp()` instead.
06-17 19:11:37.602 25156 25251 W ReactNativeJS: This method is deprecated (as well as all React Native Firebase namespaced API) and will be removed in the next major release as part of move to match Firebase Web modular SDK API. Please see migration guide for more details: https://rnfirebase.io/migrating-to-v22. Method called was `FieldValue`. Please use `FieldValue` instead.
06-17 19:11:37.602 25156 25251 W ReactNativeJS: This method is deprecated (as well as all React Native Firebase namespaced API) and will be removed in the next major release as part of move to match Firebase Web modular SDK API. Please see migration guide for more details: https://rnfirebase.io/migrating-to-v22. Method called was `delete`. Please use `deleteField()` instead.
06-17 19:11:37.602 25156 25251 W ReactNativeJS: This method is deprecated (as well as all React Native Firebase namespaced API) and will be removed in the next major release as part of move to match Firebase Web modular SDK API. Please see migration guide for more details: https://rnfirebase.io/migrating-to-v22. Method called was `FieldValue`. Please use `FieldValue` instead.
06-17 19:11:37.603 25156 25251 W ReactNativeJS: This method is deprecated (as well as all React Native Firebase namespaced API) and will be removed in the next major release as part of move to match Firebase Web modular SDK API. Please see migration guide for more details: https://rnfirebase.io/migrating-to-v22. Method called was `serverTimestamp`. Please use `serverTimestamp()` instead.
06-17 19:11:44.567  1909  4407 I ActivityManager: Changes in 99157 3 to 10, 184 to 0
06-17 19:13:45.395 25156 25251 W ReactNativeJS: This method is deprecated (as well as all React Native Firebase namespaced API) and will be removed in the next major release as part of move to match Firebase Web modular SDK API. Please see migration guide for more details: https://rnfirebase.io/migrating-to-v22. Method called was `FieldValue`. Please use `FieldValue` instead.
06-17 19:13:45.395 25156 25251 W ReactNativeJS: This method is deprecated (as well as all React Native Firebase namespaced API) and will be removed in the next major release as part of move to match Firebase Web modular SDK API. Please see migration guide for more details: https://rnfirebase.io/migrating-to-v22. Method called was `delete`. Please use `deleteField()` instead.
06-17 19:13:45.395 25156 25251 W ReactNativeJS: This method is deprecated (as well as all React Native Firebase namespaced API) and will be removed in the next major release as part of move to match Firebase Web modular SDK API. Please see migration guide for more details: https://rnfirebase.io/migrating-to-v22. Method called was `FieldValue`. Please use `FieldValue` instead.
06-17 19:13:45.396 25156 25251 W ReactNativeJS: This method is deprecated (as well as all React Native Firebase namespaced API) and will be removed in the next major release as part of move to match Firebase Web modular SDK API. Please see migration guide for more details: https://rnfirebase.io/migrating-to-v22. Method called was `serverTimestamp`. Please use `serverTimestamp()` instead.
06-17 19:13:46.078  1909  1973 I ActivityManager: Start proc 25412:com.samsung.android.privacydashboard/u0a107 for content provider {com.samsung.android.privacydashboard/com.samsung.android.privacydashboard.provider.PermissionAccessInformationContentProvider}
06-17 19:13:46.078  1909  1973 I ActivityManager: ProcessObserver broadcast disabled
06-17 19:13:46.273  1909  3174 I ActivityManager: Changes in 10107 19 to 5, 0 to 144
06-17 19:13:52.413  1909  1971 I ActivityManager: Changes in 10107 5 to 15, 144 to 0
06-17 19:14:12.417  1909  1972 I ActivityManager: Killing 22551:com.sec.android.app.shealth:remote/u0a328 (adj 905): empty #25
06-17 19:14:59.858  1909  1972 I ActivityManager: Changes in 10108 10 to 10, 0 to 128
06-17 19:14:59.868  1909  1972 I ActivityManager: Changes in 10096 19 to 11, 0 to 128
06-17 19:14:59.874  1909  2749 I ActivityManager: Changes in 10096 11 to 19, 128 to 0
06-17 19:14:59.882  1909  2749 I ActivityManager: Changes in 10108 10 to 10, 128 to 0
06-17 19:14:59.908  1909  2224 I ActivityManager: Changes in 99157 19 to 3, 0 to 184
06-17 19:15:14.943  1909  2224 I ActivityManager: Changes in 99157 3 to 10, 184 to 0
06-17 19:15:47.478 25156 25251 W ReactNativeJS: This method is deprecated (as well as all React Native Firebase namespaced API) and will be removed in the next major release as part of move to match Firebase Web modular SDK API. Please see migration guide for more details: https://rnfirebase.io/migrating-to-v22. Method called was `FieldValue`. Please use `FieldValue` instead.
06-17 19:15:47.478 25156 25251 W ReactNativeJS: This method is deprecated (as well as all React Native Firebase namespaced API) and will be removed in the next major release as part of move to match Firebase Web modular SDK API. Please see migration guide for more details: https://rnfirebase.io/migrating-to-v22. Method called was `delete`. Please use `deleteField()` instead.
06-17 19:15:47.479 25156 25251 W ReactNativeJS: This method is deprecated (as well as all React Native Firebase namespaced API) and will be removed in the next major release as part of move to match Firebase Web modular SDK API. Please see migration guide for more details: https://rnfirebase.io/migrating-to-v22. Method called was `FieldValue`. Please use `FieldValue` instead.
06-17 19:15:47.479 25156 25251 W ReactNativeJS: This method is deprecated (as well as all React Native Firebase namespaced API) and will be removed in the next major release as part of move to match Firebase Web modular SDK API. Please see migration guide for more details: https://rnfirebase.io/migrating-to-v22. Method called was `serverTimestamp`. Please use `serverTimestamp()` instead.
06-17 19:16:06.321  1909  1972 I ActivityManager: Changes in 10096 19 to 11, 0 to 128
06-17 19:16:06.343  1909  4338 I ActivityManager: Changes in 99157 19 to 5, 0 to 184
06-17 19:16:16.333  1909  2065 I ActivityManager: Changes in 10096 19 to 19, 128 to 0
06-17 19:16:21.419  1909  2749 I ActivityManager: Changes in 99157 5 to 10, 184 to 0
06-17 19:17:24.906  1909  2410 I ActivityManager: Killing 23064:com.ss.android.ugc.trill/u0a388 (adj 955): Chimera #0
06-17 19:18:59.122  1909  1973 I ActivityManager: Start proc 25605:com.google.android.googlequicksearchbox:search/u0a253 for broadcast {com.google.android.googlequicksearchbox/com.google.android.libraries.search.gcm.search.SearchProcessGcmBroadcastReceiver_Receiver}
06-17 19:18:59.122  1909  1973 I ActivityManager: ProcessObserver broadcast disabled
06-17 19:19:02.086 25156 25251 W ReactNativeJS: This method is deprecated (as well as all React Native Firebase namespaced API) and will be removed in the next major release as part of move to match Firebase Web modular SDK API. Please see migration guide for more details: https://rnfirebase.io/migrating-to-v22. Method called was `FieldValue`. Please use `FieldValue` instead.
06-17 19:19:02.086 25156 25251 W ReactNativeJS: This method is deprecated (as well as all React Native Firebase namespaced API) and will be removed in the next major release as part of move to match Firebase Web modular SDK API. Please see migration guide for more details: https://rnfirebase.io/migrating-to-v22. Method called was `delete`. Please use `deleteField()` instead.
06-17 19:19:02.086 25156 25251 W ReactNativeJS: This method is deprecated (as well as all React Native Firebase namespaced API) and will be removed in the next major release as part of move to match Firebase Web modular SDK API. Please see migration guide for more details: https://rnfirebase.io/migrating-to-v22. Method called was `FieldValue`. Please use `FieldValue` instead.
06-17 19:19:02.086 25156 25251 W ReactNativeJS: This method is deprecated (as well as all React Native Firebase namespaced API) and will be removed in the next major release as part of move to match Firebase Web modular SDK API. Please see migration guide for more details: https://rnfirebase.io/migrating-to-v22. Method called was `serverTimestamp`. Please use `serverTimestamp()` instead.
06-17 19:21:05.278 25156 25251 W ReactNativeJS: This method is deprecated (as well as all React Native Firebase namespaced API) and will be removed in the next major release as part of move to match Firebase Web modular SDK API. Please see migration guide for more details: https://rnfirebase.io/migrating-to-v22. Method called was `FieldValue`. Please use `FieldValue` instead.
06-17 19:21:05.279 25156 25251 W ReactNativeJS: This method is deprecated (as well as all React Native Firebase namespaced API) and will be removed in the next major release as part of move to match Firebase Web modular SDK API. Please see migration guide for more details: https://rnfirebase.io/migrating-to-v22. Method called was `delete`. Please use `deleteField()` instead.
06-17 19:21:05.280 25156 25251 W ReactNativeJS: This method is deprecated (as well as all React Native Firebase namespaced API) and will be removed in the next major release as part of move to match Firebase Web modular SDK API. Please see migration guide for more details: https://rnfirebase.io/migrating-to-v22. Method called was `FieldValue`. Please use `FieldValue` instead.
06-17 19:21:05.280 25156 25251 W ReactNativeJS: This method is deprecated (as well as all React Native Firebase namespaced API) and will be removed in the next major release as part of move to match Firebase Web modular SDK API. Please see migration guide for more details: https://rnfirebase.io/migrating-to-v22. Method called was `serverTimestamp`. Please use `serverTimestamp()` instead.
06-17 19:23:14.957 25156 25251 W ReactNativeJS: This method is deprecated (as well as all React Native Firebase namespaced API) and will be removed in the next major release as part of move to match Firebase Web modular SDK API. Please see migration guide for more details: https://rnfirebase.io/migrating-to-v22. Method called was `FieldValue`. Please use `FieldValue` instead.
06-17 19:23:14.958 25156 25251 W ReactNativeJS: This method is deprecated (as well as all React Native Firebase namespaced API) and will be removed in the next major release as part of move to match Firebase Web modular SDK API. Please see migration guide for more details: https://rnfirebase.io/migrating-to-v22. Method called was `delete`. Please use `deleteField()` instead.
06-17 19:23:14.958 25156 25251 W ReactNativeJS: This method is deprecated (as well as all React Native Firebase namespaced API) and will be removed in the next major release as part of move to match Firebase Web modular SDK API. Please see migration guide for more details: https://rnfirebase.io/migrating-to-v22. Method called was `FieldValue`. Please use `FieldValue` instead.
06-17 19:23:14.958 25156 25251 W ReactNativeJS: This method is deprecated (as well as all React Native Firebase namespaced API) and will be removed in the next major release as part of move to match Firebase Web modular SDK API. Please see migration guide for more details: https://rnfirebase.io/migrating-to-v22. Method called was `serverTimestamp`. Please use `serverTimestamp()` instead.
06-17 19:25:17.722 25156 25251 W ReactNativeJS: This method is deprecated (as well as all React Native Firebase namespaced API) and will be removed in the next major release as part of move to match Firebase Web modular SDK API. Please see migration guide for more details: https://rnfirebase.io/migrating-to-v22. Method called was `FieldValue`. Please use `FieldValue` instead.
06-17 19:25:17.723 25156 25251 W ReactNativeJS: This method is deprecated (as well as all React Native Firebase namespaced API) and will be removed in the next major release as part of move to match Firebase Web modular SDK API. Please see migration guide for more details: https://rnfirebase.io/migrating-to-v22. Method called was `delete`. Please use `deleteField()` instead.
06-17 19:25:17.724 25156 25251 W ReactNativeJS: This method is deprecated (as well as all React Native Firebase namespaced API) and will be removed in the next major release as part of move to match Firebase Web modular SDK API. Please see migration guide for more details: https://rnfirebase.io/migrating-to-v22. Method called was `FieldValue`. Please use `FieldValue` instead.
06-17 19:25:17.724 25156 25251 W ReactNativeJS: This method is deprecated (as well as all React Native Firebase namespaced API) and will be removed in the next major release as part of move to match Firebase Web modular SDK API. Please see migration guide for more details: https://rnfirebase.io/migrating-to-v22. Method called was `serverTimestamp`. Please use `serverTimestamp()` instead.
06-17 19:27:24.903 25156 25251 W ReactNativeJS: This method is deprecated (as well as all React Native Firebase namespaced API) and will be removed in the next major release as part of move to match Firebase Web modular SDK API. Please see migration guide for more details: https://rnfirebase.io/migrating-to-v22. Method called was `FieldValue`. Please use `FieldValue` instead.
06-17 19:27:24.904 25156 25251 W ReactNativeJS: This method is deprecated (as well as all React Native Firebase namespaced API) and will be removed in the next major release as part of move to match Firebase Web modular SDK API. Please see migration guide for more details: https://rnfirebase.io/migrating-to-v22. Method called was `delete`. Please use `deleteField()` instead.
06-17 19:27:24.904 25156 25251 W ReactNativeJS: This method is deprecated (as well as all React Native Firebase namespaced API) and will be removed in the next major release as part of move to match Firebase Web modular SDK API. Please see migration guide for more details: https://rnfirebase.io/migrating-to-v22. Method called was `FieldValue`. Please use `FieldValue` instead.
06-17 19:27:24.905 25156 25251 W ReactNativeJS: This method is deprecated (as well as all React Native Firebase namespaced API) and will be removed in the next major release as part of move to match Firebase Web modular SDK API. Please see migration guide for more details: https://rnfirebase.io/migrating-to-v22. Method called was `serverTimestamp`. Please use `serverTimestamp()` instead.
06-17 19:29:00.341 25156 25913 W ReactNativeJS: 'This method is deprecated (as well as all React Native Firebase namespaced API) and will be removed in the next major release as part of move to match Firebase Web modular SDK API. Please see migration guide for more details: https://rnfirebase.io/migrating-to-v22 Please use `getApp()` instead.', { [Component Stack] name: 'Component Stack' }
06-17 19:29:00.358 25156 25913 W ReactNativeJS: 'This method is deprecated (as well as all React Native Firebase namespaced API) and will be removed in the next major release as part of move to match Firebase Web modular SDK API. Please see migration guide for more details: https://rnfirebase.io/migrating-to-v22 Please use `getApp()` instead.', { [Component Stack] name: 'Component Stack' }
06-17 19:29:00.372 25156 25913 W ReactNativeJS: 'This method is deprecated (as well as all React Native Firebase namespaced API) and will be removed in the next major release as part of move to match Firebase Web modular SDK API. Please see migration guide for more details: https://rnfirebase.io/migrating-to-v22. Method called was `settings`. Please use `settings()` instead.', { [Component Stack] name: 'Component Stack' }
06-17 19:29:00.393 25156 25913 W ReactNativeJS: 'This method is deprecated (as well as all React Native Firebase namespaced API) and will be removed in the next major release as part of move to match Firebase Web modular SDK API. Please see migration guide for more details: https://rnfirebase.io/migrating-to-v22 Please use `getApp()` instead.', { [Component Stack] name: 'Component Stack' }
06-17 19:29:00.402 25156 25913 W ReactNativeJS: 'This method is deprecated (as well as all React Native Firebase namespaced API) and will be removed in the next major release as part of move to match Firebase Web modular SDK API. Please see migration guide for more details: https://rnfirebase.io/migrating-to-v22. Method called was `logEvent`. Please use `logEvent()` instead.', { [Component Stack] name: 'Component Stack' }
06-17 19:29:00.430  1909  4343 I ActivityManager: Changes in 99157 19 to 3, 0 to 184
06-17 19:29:00.751 25156 25913 W ReactNativeJS: This method is deprecated (as well as all React Native Firebase namespaced API) and will be removed in the next major release as part of move to match Firebase Web modular SDK API. Please see migration guide for more details: https://rnfirebase.io/migrating-to-v22. Method called was `FieldValue`. Please use `FieldValue` instead.
06-17 19:29:00.751 25156 25913 W ReactNativeJS: This method is deprecated (as well as all React Native Firebase namespaced API) and will be removed in the next major release as part of move to match Firebase Web modular SDK API. Please see migration guide for more details: https://rnfirebase.io/migrating-to-v22. Method called was `delete`. Please use `deleteField()` instead.
06-17 19:29:00.752 25156 25913 W ReactNativeJS: This method is deprecated (as well as all React Native Firebase namespaced API) and will be removed in the next major release as part of move to match Firebase Web modular SDK API. Please see migration guide for more details: https://rnfirebase.io/migrating-to-v22. Method called was `FieldValue`. Please use `FieldValue` instead.
06-17 19:29:00.753 25156 25913 W ReactNativeJS: This method is deprecated (as well as all React Native Firebase namespaced API) and will be removed in the next major release as part of move to match Firebase Web modular SDK API. Please see migration guide for more details: https://rnfirebase.io/migrating-to-v22. Method called was `serverTimestamp`. Please use `serverTimestamp()` instead.
06-17 19:29:03.323 25156 25913 W ReactNativeJS: This method is deprecated (as well as all React Native Firebase namespaced API) and will be removed in the next major release as part of move to match Firebase Web modular SDK API. Please see migration guide for more details: https://rnfirebase.io/migrating-to-v22. Method called was `FieldValue`. Please use `FieldValue` instead.
06-17 19:29:03.323 25156 25913 W ReactNativeJS: This method is deprecated (as well as all React Native Firebase namespaced API) and will be removed in the next major release as part of move to match Firebase Web modular SDK API. Please see migration guide for more details: https://rnfirebase.io/migrating-to-v22. Method called was `delete`. Please use `deleteField()` instead.
06-17 19:29:03.323 25156 25913 W ReactNativeJS: This method is deprecated (as well as all React Native Firebase namespaced API) and will be removed in the next major release as part of move to match Firebase Web modular SDK API. Please see migration guide for more details: https://rnfirebase.io/migrating-to-v22. Method called was `FieldValue`. Please use `FieldValue` instead.
06-17 19:29:03.323 25156 25913 W ReactNativeJS: This method is deprecated (as well as all React Native Firebase namespaced API) and will be removed in the next major release as part of move to match Firebase Web modular SDK API. Please see migration guide for more details: https://rnfirebase.io/migrating-to-v22. Method called was `serverTimestamp`. Please use `serverTimestamp()` instead.
06-17 19:29:10.570  1909  4343 I ActivityManager: Changes in 99157 3 to 10, 184 to 0
06-17 19:31:09.970 25156 25913 W ReactNativeJS: This method is deprecated (as well as all React Native Firebase namespaced API) and will be removed in the next major release as part of move to match Firebase Web modular SDK API. Please see migration guide for more details: https://rnfirebase.io/migrating-to-v22. Method called was `FieldValue`. Please use `FieldValue` instead.
06-17 19:31:09.970 25156 25913 W ReactNativeJS: This method is deprecated (as well as all React Native Firebase namespaced API) and will be removed in the next major release as part of move to match Firebase Web modular SDK API. Please see migration guide for more details: https://rnfirebase.io/migrating-to-v22. Method called was `delete`. Please use `deleteField()` instead.
06-17 19:31:09.971 25156 25913 W ReactNativeJS: This method is deprecated (as well as all React Native Firebase namespaced API) and will be removed in the next major release as part of move to match Firebase Web modular SDK API. Please see migration guide for more details: https://rnfirebase.io/migrating-to-v22. Method called was `FieldValue`. Please use `FieldValue` instead.
06-17 19:31:09.971 25156 25913 W ReactNativeJS: This method is deprecated (as well as all React Native Firebase namespaced API) and will be removed in the next major release as part of move to match Firebase Web modular SDK API. Please see migration guide for more details: https://rnfirebase.io/migrating-to-v22. Method called was `serverTimestamp`. Please use `serverTimestamp()` instead.
06-17 19:32:29.890  1909  1972 I ActivityManager: Changes in 10096 19 to 11, 0 to 128
06-17 19:32:29.895  1909  2867 I ActivityManager: Changes in 10096 11 to 19, 128 to 0
06-17 19:32:41.675  1909  1972 I ActivityManager: Changes in 10096 19 to 11, 0 to 128
06-17 19:32:41.681  1909  2057 I ActivityManager: Changes in 10096 11 to 19, 128 to 0
06-17 19:33:17.291 25156 25913 W ReactNativeJS: This method is deprecated (as well as all React Native Firebase namespaced API) and will be removed in the next major release as part of move to match Firebase Web modular SDK API. Please see migration guide for more details: https://rnfirebase.io/migrating-to-v22. Method called was `FieldValue`. Please use `FieldValue` instead.
06-17 19:33:17.292 25156 25913 W ReactNativeJS: This method is deprecated (as well as all React Native Firebase namespaced API) and will be removed in the next major release as part of move to match Firebase Web modular SDK API. Please see migration guide for more details: https://rnfirebase.io/migrating-to-v22. Method called was `delete`. Please use `deleteField()` instead.
06-17 19:33:17.293 25156 25913 W ReactNativeJS: This method is deprecated (as well as all React Native Firebase namespaced API) and will be removed in the next major release as part of move to match Firebase Web modular SDK API. Please see migration guide for more details: https://rnfirebase.io/migrating-to-v22. Method called was `FieldValue`. Please use `FieldValue` instead.
06-17 19:33:17.293 25156 25913 W ReactNativeJS: This method is deprecated (as well as all React Native Firebase namespaced API) and will be removed in the next major release as part of move to match Firebase Web modular SDK API. Please see migration guide for more details: https://rnfirebase.io/migrating-to-v22. Method called was `serverTimestamp`. Please use `serverTimestamp()` instead.
06-17 19:33:44.830  1909  1972 I ActivityManager: Changes in 10096 19 to 11, 0 to 128
06-17 19:33:44.833  1909  2057 I ActivityManager: Changes in 10096 11 to 19, 128 to 0
06-17 19:35:21.683 25156 25913 W ReactNativeJS: This method is deprecated (as well as all React Native Firebase namespaced API) and will be removed in the next major release as part of move to match Firebase Web modular SDK API. Please see migration guide for more details: https://rnfirebase.io/migrating-to-v22. Method called was `FieldValue`. Please use `FieldValue` instead.
06-17 19:35:21.684 25156 25913 W ReactNativeJS: This method is deprecated (as well as all React Native Firebase namespaced API) and will be removed in the next major release as part of move to match Firebase Web modular SDK API. Please see migration guide for more details: https://rnfirebase.io/migrating-to-v22. Method called was `delete`. Please use `deleteField()` instead.
06-17 19:35:21.685 25156 25913 W ReactNativeJS: This method is deprecated (as well as all React Native Firebase namespaced API) and will be removed in the next major release as part of move to match Firebase Web modular SDK API. Please see migration guide for more details: https://rnfirebase.io/migrating-to-v22. Method called was `FieldValue`. Please use `FieldValue` instead.
06-17 19:35:21.685 25156 25913 W ReactNativeJS: This method is deprecated (as well as all React Native Firebase namespaced API) and will be removed in the next major release as part of move to match Firebase Web modular SDK API. Please see migration guide for more details: https://rnfirebase.io/migrating-to-v22. Method called was `serverTimestamp`. Please use `serverTimestamp()` instead.
06-17 19:36:06.308  1909  1972 I ActivityManager: Changes in 10096 19 to 11, 0 to 128
06-17 19:36:06.334  1909  3698 I ActivityManager: Changes in 99157 19 to 5, 0 to 184
06-17 19:36:16.325  1909  2065 I ActivityManager: Changes in 10096 19 to 19, 128 to 0
06-17 19:36:21.373  1909  3698 I ActivityManager: Changes in 99157 5 to 10, 184 to 0
06-17 19:37:31.363 25156 25913 W ReactNativeJS: This method is deprecated (as well as all React Native Firebase namespaced API) and will be removed in the next major release as part of move to match Firebase Web modular SDK API. Please see migration guide for more details: https://rnfirebase.io/migrating-to-v22. Method called was `FieldValue`. Please use `FieldValue` instead.
06-17 19:37:31.364 25156 25913 W ReactNativeJS: This method is deprecated (as well as all React Native Firebase namespaced API) and will be removed in the next major release as part of move to match Firebase Web modular SDK API. Please see migration guide for more details: https://rnfirebase.io/migrating-to-v22. Method called was `delete`. Please use `deleteField()` instead.
06-17 19:37:31.364 25156 25913 W ReactNativeJS: This method is deprecated (as well as all React Native Firebase namespaced API) and will be removed in the next major release as part of move to match Firebase Web modular SDK API. Please see migration guide for more details: https://rnfirebase.io/migrating-to-v22. Method called was `FieldValue`. Please use `FieldValue` instead.
06-17 19:37:31.364 25156 25913 W ReactNativeJS: This method is deprecated (as well as all React Native Firebase namespaced API) and will be removed in the next major release as part of move to match Firebase Web modular SDK API. Please see migration guide for more details: https://rnfirebase.io/migrating-to-v22. Method called was `serverTimestamp`. Please use `serverTimestamp()` instead.
06-17 19:37:41.926 25156 25913 F libc    : Fatal signal 11 (SIGSEGV), code 1 (SEGV_MAPERR), fault addr 0x20 in tid 25913 (mqt_v_js), pid 25156 (.arcfire.online)
06-17 19:37:43.346 26164 26164 F DEBUG   : *** *** *** *** *** *** *** *** *** *** *** *** *** *** *** ***
06-17 19:37:43.346 26164 26164 F DEBUG   : Build fingerprint: 'samsung/a34xks/a34x:16/BP2A.250605.031.A3/A346NKSSEEZD4:user/release-keys'
06-17 19:37:43.346 26164 26164 F DEBUG   : Revision: '6'
06-17 19:37:43.346 26164 26164 F DEBUG   : ABI: 'arm64'
06-17 19:37:43.347 26164 26164 F DEBUG   : Processor: '6'
06-17 19:37:43.347 26164 26164 F DEBUG   : Timestamp: 2026-06-17 19:37:42.163427332+0900
06-17 19:37:43.347 26164 26164 F DEBUG   : Process uptime: 1615s
06-17 19:37:43.347 26164 26164 F DEBUG   : Cmdline: com.arcfire.online
06-17 19:37:43.347 26164 26164 F DEBUG   : pid: 25156, tid: 25913, name: mqt_v_js  >>> com.arcfire.online <<<
06-17 19:37:43.347 26164 26164 F DEBUG   : uid: 11051
06-17 19:37:43.347 26164 26164 F DEBUG   : tagged_addr_ctrl: 0000000000000001 (PR_TAGGED_ADDR_ENABLE)
06-17 19:37:43.347 26164 26164 F DEBUG   : signal 11 (SIGSEGV), code 1 (SEGV_MAPERR), fault addr 0x0000000000000020
06-17 19:37:43.347 26164 26164 F DEBUG   : Cause: null pointer dereference
06-17 19:37:43.347 26164 26164 F DEBUG   :     x0  0000000000000020  x1  b400007ae1d82318  x2  000000783074f240  x3  0000000000000000
06-17 19:37:43.347 26164 26164 F DEBUG   :     x4  0000000000000000  x5  000000783074f038  x6  000000783074f240  x7  000000783074f040
06-17 19:37:43.347 26164 26164 F DEBUG   :     x8  0000000000000020  x9  000000783074ec30  x10 000000783074f038  x11 00000078240fa04c
06-17 19:37:43.347 26164 26164 F DEBUG   :     x12 b400007ae1e29110  x13 0000000000000004  x14 0000000000000001  x15 0000000000000001
06-17 19:37:43.347 26164 26164 F DEBUG   :     x16 000000798e962008  x17 000000798e111094  x18 000000781e1d8000  x19 0000000000000000
06-17 19:37:43.347 26164 26164 F DEBUG   :     x20 b400007a919ec0d0  x21 b400007ad1c8d110  x22 0000007991b4bd70  x23 000000783074f2d0
06-17 19:37:43.347 26164 26164 F DEBUG   :     x24 0000007830751700  x25 000000783074f2d0  x26 0000000000000001  x27 b400007ae1e29110
06-17 19:37:43.347 26164 26164 F DEBUG   :     x28 0000007991b4ba90  x29 000000783074ebb0
06-17 19:37:43.347 26164 26164 F DEBUG   :     lr  000000798e111088  sp  000000783074eb90  pc  000000798e1110a0  pst 00000000a0001000
06-17 19:37:43.347 26164 26164 F DEBUG   : 87 total frames
06-17 19:37:43.347 26164 26164 F DEBUG   : backtrace:
06-17 19:37:43.347 26164 26164 F DEBUG   :       #00 pc 00000000006a40a0  /data/app/~~Kj8d-duEwjQh6sq6sZm5gA==/com.arcfire.online-q-zPaLeFSPC7Lbu3DA4KxQ==/base.apk!librnskia.so (offset 0x414a000) (SkISize::width() const+12) (BuildId: a5860719700b671c6e944005d980b317d4862e34)
06-17 19:37:43.347 26164 26164 F DEBUG   :       #01 pc 00000000006a4084  /data/app/~~Kj8d-duEwjQh6sq6sZm5gA==/com.arcfire.online-q-zPaLeFSPC7Lbu3DA4KxQ==/base.apk!librnskia.so (offset 0x414a000) (SkImageInfo::width() const+24) (BuildId: a5860719700b671c6e944005d980b317d4862e34)
06-17 19:37:43.347 26164 26164 F DEBUG   :       #02 pc 00000000006a405c  /data/app/~~Kj8d-duEwjQh6sq6sZm5gA==/com.arcfire.online-q-zPaLeFSPC7Lbu3DA4KxQ==/base.apk!librnskia.so (offset 0x414a000) (SkImage::width() const+24) (BuildId: a5860719700b671c6e944005d980b317d4862e34)
06-17 19:37:43.347 26164 26164 F DEBUG   :       #03 pc 00000000006a285c  /data/app/~~Kj8d-duEwjQh6sq6sZm5gA==/com.arcfire.online-q-zPaLeFSPC7Lbu3DA4KxQ==/base.apk!librnskia.so (offset 0x414a000) (RNSkia::JsiSkImage::width(facebook::jsi::Runtime&, facebook::jsi::Value const&, facebook::jsi::Value const*, unsigned long)+76) (BuildId: a5860719700b671c6e944005d980b317d4862e34)
06-17 19:37:43.347 26164 26164 F DEBUG   :       #04 pc 000000000065e548  /data/app/~~Kj8d-duEwjQh6sq6sZm5gA==/com.arcfire.online-q-zPaLeFSPC7Lbu3DA4KxQ==/base.apk!librnskia.so (offset 0x414a000) (BuildId: a5860719700b671c6e944005d980b317d4862e34)
06-17 19:37:43.347 26164 26164 F DEBUG   :       #05 pc 000000000065e3d4  /data/app/~~Kj8d-duEwjQh6sq6sZm5gA==/com.arcfire.online-q-zPaLeFSPC7Lbu3DA4KxQ==/base.apk!librnskia.so (offset 0x414a000) (BuildId: a5860719700b671c6e944005d980b317d4862e34)
06-17 19:37:43.347 26164 26164 F DEBUG   :       #06 pc 000000000065e300  /data/app/~~Kj8d-duEwjQh6sq6sZm5gA==/com.arcfire.online-q-zPaLeFSPC7Lbu3DA4KxQ==/base.apk!librnskia.so (offset 0x414a000) (std::__ndk1::__bind_return<facebook::jsi::Value (RNJsi::JsiHostObject::*)(facebook::jsi::Runtime&, facebook::jsi::Value const&, facebook::jsi::Value const*, unsigned long), std::__ndk1::tuple<RNJsi::JsiHostObject*, std::__ndk1::placeholders::__ph<1>, std::__ndk1::placeholders::__ph<2>, std::__ndk1::placeholders::__ph<3>, std::__ndk1::placeholders::__ph<4>>, std::__ndk1::tuple<facebook::jsi::Runtime&, facebook::jsi::Value const&, facebook::jsi::Value const*&&, unsigned long&&>, __is_valid_bind_return<facebook::jsi::Value (RNJsi::JsiHostObject::*)(facebook::jsi::Runtime&, facebook::jsi::Value const&, facebook::jsi::Value const*, unsigned long), std::__ndk1::tuple<RNJsi::JsiHostObject*, std::__ndk1::placeholders::__ph<1>, std::__ndk1::placeholders::__ph<2>, std::__ndk1::placeholders::__ph<3>, std::__ndk1::placeholders::__ph<4>>, std::__ndk1::tuple<facebook::jsi::Runtime&, facebook::jsi::Value const&, facebook::jsi::Value const*&&, unsigned long&&>>::value>::type std::__ndk1::__bind<facebook::jsi::Value (RNJsi::JsiHostObject::* const&)(facebook::jsi::Runtime&, facebook::jsi::Value const&, facebook::jsi::Value const*, unsigned long), RNJsi::JsiHostObject*, std::__ndk1::placeholders::__ph<1> const&, std::__ndk1::placeholders::__ph<2> const&, std::__ndk1::placeholders::__ph<3> const&, std::__ndk1::placeholders::__ph<4> const&>::operator()<facebook::jsi::Runtime&, facebook::jsi::Value const&, facebook::jsi::Value const*, unsigned long>(facebook::jsi::Runtime&, facebook::jsi::Value const&, facebook::jsi::Value const*&&, unsigned long&&)+164) (BuildId: a5860719700b671c6e944005d980b317d4862e34)
06-17 19:37:43.347 26164 26164 F DEBUG   :       #07 pc 000000000065e238  /data/app/~~Kj8d-duEwjQh6sq6sZm5gA==/com.arcfire.online-q-zPaLeFSPC7Lbu3DA4KxQ==/base.apk!librnskia.so (offset 0x414a000) (BuildId: a5860719700b671c6e944005d980b317d4862e34)
06-17 19:37:43.347 26164 26164 F DEBUG   :       #08 pc 000000000065e18c  /data/app/~~Kj8d-duEwjQh6sq6sZm5gA==/com.arcfire.online-q-zPaLeFSPC7Lbu3DA4KxQ==/base.apk!librnskia.so (offset 0x414a000) (facebook::jsi::Value std::__ndk1::__invoke_void_return_wrapper<facebook::jsi::Value>::__call<std::__ndk1::__bind<facebook::jsi::Value (RNJsi::JsiHostObject::* const&)(facebook::jsi::Runtime&, facebook::jsi::Value const&, facebook::jsi::Value const*, unsigned long), RNJsi::JsiHostObject*, std::__ndk1::placeholders::__ph<1> const&, std::__ndk1::placeholders::__ph<2> const&, std::__ndk1::placeholders::__ph<3> const&, std::__ndk1::placeholders::__ph<4> const&>&, facebook::jsi::Runtime&, facebook::jsi::Value const&, facebook::jsi::Value const*, unsigned long>(std::__ndk1::__bind<facebook::jsi::Value (RNJsi::JsiHostObject::* const&)(facebook::jsi::Runtime&, facebook::jsi::Value const&, facebook::jsi::Value const*, unsigned long), RNJsi::JsiHostObject*, std::__ndk1::placeholders::__ph<1> const&, std::__ndk1::placeholders::__ph<2> const&, std::__ndk1::placeholders::__ph<3> const&, std::__ndk1::placeholders::__ph<4> const&>&, facebook::jsi::Runtime&, facebook::jsi::Value const&, facebook::jsi::Value const*&&, unsigned long&&)+120) (BuildId: a5860719700b671c6e944005d980b317d4862e34)
06-17 19:37:43.347 26164 26164 F DEBUG   :       #09 pc 000000000065e0f0  /data/app/~~Kj8d-duEwjQh6sq6sZm5gA==/com.arcfire.online-q-zPaLeFSPC7Lbu3DA4KxQ==/base.apk!librnskia.so (offset 0x414a000) (BuildId: a5860719700b671c6e944005d980b317d4862e34)
06-17 19:37:43.347 26164 26164 F DEBUG   :       #10 pc 000000000065ceb4  /data/app/~~Kj8d-duEwjQh6sq6sZm5gA==/com.arcfire.online-q-zPaLeFSPC7Lbu3DA4KxQ==/base.apk!librnskia.so (offset 0x414a000) (std::__ndk1::__function::__func<std::__ndk1::__bind<facebook::jsi::Value (RNJsi::JsiHostObject::* const&)(facebook::jsi::Runtime&, facebook::jsi::Value const&, facebook::jsi::Value const*, unsigned long), RNJsi::JsiHostObject*, std::__ndk1::placeholders::__ph<1> const&, std::__ndk1::placeholders::__ph<2> const&, std::__ndk1::placeholders::__ph<3> const&, std::__ndk1::placeholders::__ph<4> const&>, std::__ndk1::allocator<std::__ndk1::__bind<facebook::jsi::Value (RNJsi::JsiHostObject::* const&)(facebook::jsi::Runtime&, facebook::jsi::Value const&, facebook::jsi::Value const*, unsigned long), RNJsi::JsiHostObject*, std::__ndk1::placeholders::__ph<1> const&, std::__ndk1::placeholders::__ph<2> const&, std::__ndk1::placeholders::__ph<3> const&, std::__ndk1::placeholders::__ph<4> const&>>, facebook::jsi::Value (facebook::jsi::Runtime&, facebook::jsi::Value const&, facebook::jsi::Value const*, unsigned long)>::operator()(facebook::jsi::Runtime&, facebook::jsi::Value const&, facebook::jsi::Value const*&&, unsigned long&&)+120) (BuildId: a5860719700b671c6e944005d980b317d4862e34)
06-17 19:37:43.347 26164 26164 F DEBUG   :       #11 pc 000000000007c538  /data/app/~~Kj8d-duEwjQh6sq6sZm5gA==/com.arcfire.online-q-zPaLeFSPC7Lbu3DA4KxQ==/base.apk!libhermesinstancejni.so (offset 0x24f1000) (BuildId: 66d91c6366b8db28)
06-17 19:37:43.347 26164 26164 F DEBUG   :       #12 pc 000000000007c488  /data/app/~~Kj8d-duEwjQh6sq6sZm5gA==/com.arcfire.online-q-zPaLeFSPC7Lbu3DA4KxQ==/base.apk!libhermesinstancejni.so (offset 0x24f1000) (std::__ndk1::function<facebook::jsi::Value (facebook::jsi::Runtime&, facebook::jsi::Value const&, facebook::jsi::Value const*, unsigned long)>::operator()(facebook::jsi::Runtime&, facebook::jsi::Value const&, facebook::jsi::Value const*, unsigned long) const+72) (BuildId: 66d91c6366b8db28)
06-17 19:37:43.347 26164 26164 F DEBUG   :       #13 pc 000000000007c430  /data/app/~~Kj8d-duEwjQh6sq6sZm5gA==/com.arcfire.online-q-zPaLeFSPC7Lbu3DA4KxQ==/base.apk!libhermesinstancejni.so (offset 0x24f1000) (facebook::jsi::DecoratedHostFunction::operator()(facebook::jsi::Runtime&, facebook::jsi::Value const&, facebook::jsi::Value const*, unsigned long)+84) (BuildId: 66d91c6366b8db28)
06-17 19:37:43.347 26164 26164 F DEBUG   :       #14 pc 000000000007c3cc  /data/app/~~Kj8d-duEwjQh6sq6sZm5gA==/com.arcfire.online-q-zPaLeFSPC7Lbu3DA4KxQ==/base.apk!libhermesinstancejni.so (offset 0x24f1000) (BuildId: 66d91c6366b8db28)
06-17 19:37:43.347 26164 26164 F DEBUG   :       #15 pc 000000000007c354  /data/app/~~Kj8d-duEwjQh6sq6sZm5gA==/com.arcfire.online-q-zPaLeFSPC7Lbu3DA4KxQ==/base.apk!libhermesinstancejni.so (offset 0x24f1000) (facebook::jsi::Value std::__ndk1::__invoke_void_return_wrapper<facebook::jsi::Value, false>::__call<facebook::jsi::DecoratedHostFunction&, facebook::jsi::Runtime&, facebook::jsi::Value const&, facebook::jsi::Value const*, unsigned long>(facebook::jsi::DecoratedHostFunction&, facebook::jsi::Runtime&, facebook::jsi::Value const&, facebook::jsi::Value const*&&, unsigned long&&)+60) (BuildId: 66d91c6366b8db28)
06-17 19:37:43.347 26164 26164 F DEBUG   :       #16 pc 000000000007c308  /data/app/~~Kj8d-duEwjQh6sq6sZm5gA==/com.arcfire.online-q-zPaLeFSPC7Lbu3DA4KxQ==/base.apk!libhermesinstancejni.so (offset 0x24f1000) (BuildId: 66d91c6366b8db28)
06-17 19:37:43.347 26164 26164 F DEBUG   :       #17 pc 000000000007b24c  /data/app/~~Kj8d-duEwjQh6sq6sZm5gA==/com.arcfire.online-q-zPaLeFSPC7Lbu3DA4KxQ==/base.apk!libhermesinstancejni.so (offset 0x24f1000) (std::__ndk1::__function::__func<facebook::jsi::DecoratedHostFunction, std::__ndk1::allocator<facebook::jsi::DecoratedHostFunction>, facebook::jsi::Value (facebook::jsi::Runtime&, facebook::jsi::Value const&, facebook::jsi::Value const*, unsigned long)>::operator()(facebook::jsi::Runtime&, facebook::jsi::Value const&, facebook::jsi::Value const*&&, unsigned long&&)+64) (BuildId: 66d91c6366b8db28)
06-17 19:37:43.347 26164 26164 F DEBUG   :       #18 pc 00000000000b9278  /data/app/~~Kj8d-duEwjQh6sq6sZm5gA==/com.arcfire.online-q-zPaLeFSPC7Lbu3DA4KxQ==/base.apk!libhermes.so (offset 0x20fe000) (BuildId: 7168d7993b78e1652575c41c7fedbe59d35ceea7)
06-17 19:37:43.347 26164 26164 F DEBUG   :       #19 pc 00000000001159e4  /data/app/~~Kj8d-duEwjQh6sq6sZm5gA==/com.arcfire.online-q-zPaLeFSPC7Lbu3DA4KxQ==/base.apk!libhermes.so (offset 0x20fe000) (BuildId: 7168d7993b78e1652575c41c7fedbe59d35ceea7)
06-17 19:37:43.347 26164 26164 F DEBUG   :       #20 pc 0000000000134bec  /data/app/~~Kj8d-duEwjQh6sq6sZm5gA==/com.arcfire.online-q-zPaLeFSPC7Lbu3DA4KxQ==/base.apk!libhermes.so (offset 0x20fe000) (BuildId: 7168d7993b78e1652575c41c7fedbe59d35ceea7)
06-17 19:37:43.347 26164 26164 F DEBUG   :       #21 pc 0000000000134120  /data/app/~~Kj8d-duEwjQh6sq6sZm5gA==/com.arcfire.online-q-zPaLeFSPC7Lbu3DA4KxQ==/base.apk!libhermes.so (offset 0x20fe000) (BuildId: 7168d7993b78e1652575c41c7fedbe59d35ceea7)
06-17 19:37:43.347 26164 26164 F DEBUG   :       #22 pc 0000000000115cdc  /data/app/~~Kj8d-duEwjQh6sq6sZm5gA==/com.arcfire.online-q-zPaLeFSPC7Lbu3DA4KxQ==/base.apk!libhermes.so (offset 0x20fe000) (BuildId: 7168d7993b78e1652575c41c7fedbe59d35ceea7)
06-17 19:37:43.347 26164 26164 F DEBUG   :       #23 pc 0000000000114054  /data/app/~~Kj8d-duEwjQh6sq6sZm5gA==/com.arcfire.online-q-zPaLeFSPC7Lbu3DA4KxQ==/base.apk!libhermes.so (offset 0x20fe000) (BuildId: 7168d7993b78e1652575c41c7fedbe59d35ceea7)
06-17 19:37:43.347 26164 26164 F DEBUG   :       #24 pc 0000000000160d94  /data/app/~~Kj8d-duEwjQh6sq6sZm5gA==/com.arcfire.online-q-zPaLeFSPC7Lbu3DA4KxQ==/base.apk!libhermes.so (offset 0x20fe000) (BuildId: 7168d7993b78e1652575c41c7fedbe59d35ceea7)
06-17 19:37:43.347 26164 26164 F DEBUG   :       #25 pc 00000000001d04ec  /data/app/~~Kj8d-duEwjQh6sq6sZm5gA==/com.arcfire.online-q-zPaLeFSPC7Lbu3DA4KxQ==/base.apk!libhermes.so (offset 0x20fe000) (BuildId: 7168d7993b78e1652575c41c7fedbe59d35ceea7)
06-17 19:37:43.347 26164 26164 F DEBUG   :       #26 pc 00000000001159e4  /data/app/~~Kj8d-duEwjQh6sq6sZm5gA==/com.arcfire.online-q-zPaLeFSPC7Lbu3DA4KxQ==/base.apk!libhermes.so (offset 0x20fe000) (BuildId: 7168d7993b78e1652575c41c7fedbe59d35ceea7)
06-17 19:37:43.347 26164 26164 F DEBUG   :       #27 pc 0000000000134bec  /data/app/~~Kj8d-duEwjQh6sq6sZm5gA==/com.arcfire.online-q-zPaLeFSPC7Lbu3DA4KxQ==/base.apk!libhermes.so (offset 0x20fe000) (BuildId: 7168d7993b78e1652575c41c7fedbe59d35ceea7)
06-17 19:37:43.347 26164 26164 F DEBUG   :       #28 pc 0000000000134120  /data/app/~~Kj8d-duEwjQh6sq6sZm5gA==/com.arcfire.online-q-zPaLeFSPC7Lbu3DA4KxQ==/base.apk!libhermes.so (offset 0x20fe000) (BuildId: 7168d7993b78e1652575c41c7fedbe59d35ceea7)
06-17 19:37:43.347 26164 26164 F DEBUG   :       #29 pc 0000000000115cdc  /data/app/~~Kj8d-duEwjQh6sq6sZm5gA==/com.arcfire.online-q-zPaLeFSPC7Lbu3DA4KxQ==/base.apk!libhermes.so (offset 0x20fe000) (BuildId: 7168d7993b78e1652575c41c7fedbe59d35ceea7)
06-17 19:37:43.347 26164 26164 F DEBUG   :       #30 pc 00000000000b1438  /data/app/~~Kj8d-duEwjQh6sq6sZm5gA==/com.arcfire.online-q-zPaLeFSPC7Lbu3DA4KxQ==/base.apk!libhermes.so (offset 0x20fe000) (BuildId: 7168d7993b78e1652575c41c7fedbe59d35ceea7)
06-17 19:37:43.347 26164 26164 F DEBUG   :       #31 pc 0000000000076108  /data/app/~~Kj8d-duEwjQh6sq6sZm5gA==/com.arcfire.online-q-zPaLeFSPC7Lbu3DA4KxQ==/base.apk!libhermesinstancejni.so (offset 0x24f1000) (facebook::jsi::RuntimeDecorator<facebook::jsi::Runtime, facebook::jsi::Runtime>::call(facebook::jsi::Function const&, facebook::jsi::Value const&, facebook::jsi::Value const*, unsigned long)+72) (BuildId: 66d91c6366b8db28)
06-17 19:37:43.347 26164 26164 F DEBUG   :       #32 pc 0000000000123430  /data/app/~~Kj8d-duEwjQh6sq6sZm5gA==/com.arcfire.online-q-zPaLeFSPC7Lbu3DA4KxQ==/base.apk!librninstance.so (offset 0x3f7b000) (facebook::jsi::Function::call(facebook::jsi::Runtime&, facebook::jsi::Value const*, unsigned long) const+108) (BuildId: c5fec977a2a221c2)
06-17 19:37:43.347 26164 26164 F DEBUG   :       #33 pc 000000000014271c  /data/app/~~Kj8d-duEwjQh6sq6sZm5gA==/com.arcfire.online-q-zPaLeFSPC7Lbu3DA4KxQ==/base.apk!librninstance.so (offset 0x3f7b000) (facebook::react::TimerCallback::invoke(facebook::jsi::Runtime&)+104) (BuildId: c5fec977a2a221c2)
06-17 19:37:43.347 26164 26164 F DEBUG   :       #34 pc 000000000014b9f8  /data/app/~~Kj8d-duEwjQh6sq6sZm5gA==/com.arcfire.online-q-zPaLeFSPC7Lbu3DA4KxQ==/base.apk!librninstance.so (offset 0x3f7b000) (BuildId: c5fec977a2a221c2)
06-17 19:37:43.347 26164 26164 F DEBUG   :       #35 pc 000000000014b960  /data/app/~~Kj8d-duEwjQh6sq6sZm5gA==/com.arcfire.online-q-zPaLeFSPC7Lbu3DA4KxQ==/base.apk!librninstance.so (offset 0x3f7b000) (BuildId: c5fec977a2a221c2)
06-17 19:37:43.347 26164 26164 F DEBUG   :       #36 pc 000000000014b910  /data/app/~~Kj8d-duEwjQh6sq6sZm5gA==/com.arcfire.online-q-zPaLeFSPC7Lbu3DA4KxQ==/base.apk!librninstance.so (offset 0x3f7b000) (BuildId: c5fec977a2a221c2)
06-17 19:37:43.347 26164 26164 F DEBUG   :       #37 pc 000000000014b8e4  /data/app/~~Kj8d-duEwjQh6sq6sZm5gA==/com.arcfire.online-q-zPaLeFSPC7Lbu3DA4KxQ==/base.apk!librninstance.so (offset 0x3f7b000) (BuildId: c5fec977a2a221c2)
06-17 19:37:43.347 26164 26164 F DEBUG   :       #38 pc 000000000014a998  /data/app/~~Kj8d-duEwjQh6sq6sZm5gA==/com.arcfire.online-q-zPaLeFSPC7Lbu3DA4KxQ==/base.apk!librninstance.so (offset 0x3f7b000) (BuildId: c5fec977a2a221c2)
06-17 19:37:43.347 26164 26164 F DEBUG   :       #39 pc 0000000000450b70  /data/app/~~Kj8d-duEwjQh6sq6sZm5gA==/com.arcfire.online-q-zPaLeFSPC7Lbu3DA4KxQ==/base.apk!libfabricjni.so (offset 0x16ac000) (BuildId: 2b8d9ec72ca1338e)
06-17 19:37:43.347 26164 26164 F DEBUG   :       #40 pc 0000000000450a78  /data/app/~~Kj8d-duEwjQh6sq6sZm5gA==/com.arcfire.online-q-zPaLeFSPC7Lbu3DA4KxQ==/base.apk!libfabricjni.so (offset 0x16ac000) (std::__ndk1::function<void (facebook::jsi::Runtime&)>::operator()(facebook::jsi::Runtime&) const+28) (BuildId: 2b8d9ec72ca1338e)
06-17 19:37:43.347 26164 26164 F DEBUG   :       #41 pc 00000000005d4d30  /data/app/~~Kj8d-duEwjQh6sq6sZm5gA==/com.arcfire.online-q-zPaLeFSPC7Lbu3DA4KxQ==/base.apk!libfabricjni.so (offset 0x16ac000) (facebook::react::Task::execute(facebook::jsi::Runtime&, bool)+640) (BuildId: 2b8d9ec72ca1338e)
06-17 19:37:43.347 26164 26164 F DEBUG   :       #42 pc 00000000005cc780  /data/app/~~Kj8d-duEwjQh6sq6sZm5gA==/com.arcfire.online-q-zPaLeFSPC7Lbu3DA4KxQ==/base.apk!libfabricjni.so (offset 0x16ac000) (facebook::react::RuntimeScheduler_Modern::executeMacrotask(facebook::jsi::Runtime&, facebook::react::Task&, bool) const+76) (BuildId: 2b8d9ec72ca1338e)
06-17 19:37:43.347 26164 26164 F DEBUG   :       #43 pc 00000000005cc66c  /data/app/~~Kj8d-duEwjQh6sq6sZm5gA==/com.arcfire.online-q-zPaLeFSPC7Lbu3DA4KxQ==/base.apk!libfabricjni.so (offset 0x16ac000) (facebook::react::RuntimeScheduler_Modern::executeTask(facebook::jsi::Runtime&, facebook::react::Task&, std::__ndk1::chrono::time_point<std::__ndk1::chrono::steady_clock, std::__ndk1::chrono::duration<long long, std::__ndk1::ratio<1l, 1000000000l>>>)+172) (BuildId: 2b8d9ec72ca1338e)
06-17 19:37:43.347 26164 26164 F DEBUG   :       #44 pc 00000000005cc180  /data/app/~~Kj8d-duEwjQh6sq6sZm5gA==/com.arcfire.online-q-zPaLeFSPC7Lbu3DA4KxQ==/base.apk!libfabricjni.so (offset 0x16ac000) (facebook::react::RuntimeScheduler_Modern::startWorkLoop(facebook::jsi::Runtime&, bool)+228) (BuildId: 2b8d9ec72ca1338e)
06-17 19:37:43.347 26164 26164 F DEBUG   :       #45 pc 00000000005d45f0  /data/app/~~Kj8d-duEwjQh6sq6sZm5gA==/com.arcfire.online-q-zPaLeFSPC7Lbu3DA4KxQ==/base.apk!libfabricjni.so (offset 0x16ac000) (BuildId: 2b8d9ec72ca1338e)
06-17 19:37:43.348 26164 26164 F DEBUG   :       #46 pc 00000000005d45b8  /data/app/~~Kj8d-duEwjQh6sq6sZm5gA==/com.arcfire.online-q-zPaLeFSPC7Lbu3DA4KxQ==/base.apk!libfabricjni.so (offset 0x16ac000) (BuildId: 2b8d9ec72ca1338e)
06-17 19:37:43.348 26164 26164 F DEBUG   :       #47 pc 00000000005d4568  /data/app/~~Kj8d-duEwjQh6sq6sZm5gA==/com.arcfire.online-q-zPaLeFSPC7Lbu3DA4KxQ==/base.apk!libfabricjni.so (offset 0x16ac000) (BuildId: 2b8d9ec72ca1338e)
06-17 19:37:43.348 26164 26164 F DEBUG   :       #48 pc 00000000005d453c  /data/app/~~Kj8d-duEwjQh6sq6sZm5gA==/com.arcfire.online-q-zPaLeFSPC7Lbu3DA4KxQ==/base.apk!libfabricjni.so (offset 0x16ac000) (BuildId: 2b8d9ec72ca1338e)
06-17 19:37:43.348 26164 26164 F DEBUG   :       #49 pc 00000000005d35f8  /data/app/~~Kj8d-duEwjQh6sq6sZm5gA==/com.arcfire.online-q-zPaLeFSPC7Lbu3DA4KxQ==/base.apk!libfabricjni.so (offset 0x16ac000) (BuildId: 2b8d9ec72ca1338e)
06-17 19:37:43.348 26164 26164 F DEBUG   :       #50 pc 00000000001063d8  /data/app/~~Kj8d-duEwjQh6sq6sZm5gA==/com.arcfire.online-q-zPaLeFSPC7Lbu3DA4KxQ==/base.apk!librninstance.so (offset 0x3f7b000) (BuildId: c5fec977a2a221c2)
06-17 19:37:43.348 26164 26164 F DEBUG   :       #51 pc 0000000000104a0c  /data/app/~~Kj8d-duEwjQh6sq6sZm5gA==/com.arcfire.online-q-zPaLeFSPC7Lbu3DA4KxQ==/base.apk!librninstance.so (offset 0x3f7b000) (std::__ndk1::function<void (facebook::jsi::Runtime&)>::operator()(facebook::jsi::Runtime&) const+28) (BuildId: c5fec977a2a221c2)
06-17 19:37:43.348 26164 26164 F DEBUG   :       #52 pc 00000000001223f4  /data/app/~~Kj8d-duEwjQh6sq6sZm5gA==/com.arcfire.online-q-zPaLeFSPC7Lbu3DA4KxQ==/base.apk!librninstance.so (offset 0x3f7b000) (BuildId: c5fec977a2a221c2)
06-17 19:37:43.348 26164 26164 F DEBUG   :       #53 pc 0000000000122368  /data/app/~~Kj8d-duEwjQh6sq6sZm5gA==/com.arcfire.online-q-zPaLeFSPC7Lbu3DA4KxQ==/base.apk!librninstance.so (offset 0x3f7b000) (BuildId: c5fec977a2a221c2)
06-17 19:37:43.348 26164 26164 F DEBUG   :       #54 pc 0000000000122320  /data/app/~~Kj8d-duEwjQh6sq6sZm5gA==/com.arcfire.online-q-zPaLeFSPC7Lbu3DA4KxQ==/base.apk!librninstance.so (offset 0x3f7b000) (BuildId: c5fec977a2a221c2)
06-17 19:37:43.348 26164 26164 F DEBUG   :       #55 pc 00000000001222fc  /data/app/~~Kj8d-duEwjQh6sq6sZm5gA==/com.arcfire.online-q-zPaLeFSPC7Lbu3DA4KxQ==/base.apk!librninstance.so (offset 0x3f7b000) (BuildId: c5fec977a2a221c2)
06-17 19:37:43.348 26164 26164 F DEBUG   :       #56 pc 0000000000121308  /data/app/~~Kj8d-duEwjQh6sq6sZm5gA==/com.arcfire.online-q-zPaLeFSPC7Lbu3DA4KxQ==/base.apk!librninstance.so (offset 0x3f7b000) (BuildId: c5fec977a2a221c2)
06-17 19:37:43.348 26164 26164 F DEBUG   :       #57 pc 00000000001f70a0  /data/app/~~Kj8d-duEwjQh6sq6sZm5gA==/com.arcfire.online-q-zPaLeFSPC7Lbu3DA4KxQ==/base.apk!libreactnativejni.so (offset 0x3816000) (BuildId: 56fd9883806746a3)
06-17 19:37:43.348 26164 26164 F DEBUG   :       #58 pc 00000000001f6f88  /data/app/~~Kj8d-duEwjQh6sq6sZm5gA==/com.arcfire.online-q-zPaLeFSPC7Lbu3DA4KxQ==/base.apk!libreactnativejni.so (offset 0x3816000) (std::__ndk1::function<void ()>::operator()() const+20) (BuildId: 56fd9883806746a3)
06-17 19:37:43.348 26164 26164 F DEBUG   :       #59 pc 0000000000211c94  /data/app/~~Kj8d-duEwjQh6sq6sZm5gA==/com.arcfire.online-q-zPaLeFSPC7Lbu3DA4KxQ==/base.apk!libreactnativejni.so (offset 0x3816000) (BuildId: 56fd9883806746a3)
06-17 19:37:43.348 26164 26164 F DEBUG   :       #60 pc 0000000000211c2c  /data/app/~~Kj8d-duEwjQh6sq6sZm5gA==/com.arcfire.online-q-zPaLeFSPC7Lbu3DA4KxQ==/base.apk!libreactnativejni.so (offset 0x3816000) (BuildId: 56fd9883806746a3)
06-17 19:37:43.348 26164 26164 F DEBUG   :       #61 pc 0000000000211be4  /data/app/~~Kj8d-duEwjQh6sq6sZm5gA==/com.arcfire.online-q-zPaLeFSPC7Lbu3DA4KxQ==/base.apk!libreactnativejni.so (offset 0x3816000) (BuildId: 56fd9883806746a3)
06-17 19:37:43.348 26164 26164 F DEBUG   :       #62 pc 0000000000211bc0  /data/app/~~Kj8d-duEwjQh6sq6sZm5gA==/com.arcfire.online-q-zPaLeFSPC7Lbu3DA4KxQ==/base.apk!libreactnativejni.so (offset 0x3816000) (BuildId: 56fd9883806746a3)
06-17 19:37:43.348 26164 26164 F DEBUG   :       #63 pc 0000000000210b78  /data/app/~~Kj8d-duEwjQh6sq6sZm5gA==/com.arcfire.online-q-zPaLeFSPC7Lbu3DA4KxQ==/base.apk!libreactnativejni.so (offset 0x3816000) (BuildId: 56fd9883806746a3)
06-17 19:37:43.348 26164 26164 F DEBUG   :       #64 pc 0000000000019804  /data/app/~~Kj8d-duEwjQh6sq6sZm5gA==/com.arcfire.online-q-zPaLeFSPC7Lbu3DA4KxQ==/base.apk!libfbjni.so (offset 0x1e10000) (facebook::jni::detail::MethodWrapper<void (facebook::jni::JNativeRunnable::*)(), &facebook::jni::JNativeRunnable::run(), facebook::jni::JNativeRunnable, void>::dispatch(facebook::jni::alias_ref<facebook::jni::detail::JTypeFor<facebook::jni::HybridClass<facebook::jni::JNativeRunnable, facebook::jni::JRunnable>::JavaPart, facebook::jni::JRunnable, void>::_javaobject*>)+72) (BuildId: a22242831a7971267de570e06121acb588ce64cd)
06-17 19:37:43.348 26164 26164 F DEBUG   :       #65 pc 0000000000019744  /data/app/~~Kj8d-duEwjQh6sq6sZm5gA==/com.arcfire.online-q-zPaLeFSPC7Lbu3DA4KxQ==/base.apk!libfbjni.so (offset 0x1e10000) (facebook::jni::detail::FunctionWrapper<void (*)(facebook::jni::alias_ref<facebook::jni::detail::JTypeFor<facebook::jni::HybridClass<facebook::jni::JNativeRunnable, facebook::jni::JRunnable>::JavaPart, facebook::jni::JRunnable, void>::_javaobject*>), facebook::jni::detail::JTypeFor<facebook::jni::HybridClass<facebook::jni::JNativeRunnable, facebook::jni::JRunnable>::JavaPart, facebook::jni::JRunnable, void>::_javaobject*, void>::call(_JNIEnv*, _jobject*, void (*)(facebook::jni::alias_ref<facebook::jni::detail::JTypeFor<facebook::jni::HybridClass<facebook::jni::JNativeRunnable, facebook::jni::JRunnable>::JavaPart, facebook::jni::JRunnable, void>::_javaobject*>))+60) (BuildId: a22242831a7971267de570e06121acb588ce64cd)
06-17 19:37:43.348 26164 26164 F DEBUG   :       #66 pc 00000000002b03a0  /apex/com.android.art/lib64/libart.so (art_quick_generic_jni_trampoline+144) (BuildId: 1f156fc62660d075a8d675db850b95d5)
06-17 19:37:43.348 26164 26164 F DEBUG   :       #67 pc 0000000000232860  [anon_shmem:dalvik-jit-code-cache] (offset 0x2000000) (android.os.Handler.handleCallback+128)
06-17 19:37:43.348 26164 26164 F DEBUG   :       #68 pc 0000000000064c74  [anon_shmem:dalvik-jit-code-cache] (offset 0x2000000) (android.os.Handler.dispatchMessage+132)
06-17 19:37:43.348 26164 26164 F DEBUG   :       #69 pc 00000000008d0110  [anon_shmem:dalvik-jit-code-cache] (offset 0x2000000) (com.facebook.react.bridge.queue.MessageQueueThreadHandler.dispatchMessage+128)
06-17 19:37:43.348 26164 26164 F DEBUG   :       #70 pc 0000000000062da4  [anon_shmem:dalvik-jit-code-cache] (offset 0x2000000) (android.os.Looper.loopOnce+1300)
06-17 19:37:43.348 26164 26164 F DEBUG   :       #71 pc 000000000005fe80  [anon_shmem:dalvik-jit-code-cache] (offset 0x2000000) (android.os.Looper.loop+256)
06-17 19:37:43.348 26164 26164 F DEBUG   :       #72 pc 0000000000299260  /apex/com.android.art/lib64/libart.so (art_quick_invoke_static_stub+640) (BuildId: 1f156fc62660d075a8d675db850b95d5)
06-17 19:37:43.348 26164 26164 F DEBUG   :       #73 pc 000000000087bb6c  /apex/com.android.art/lib64/libart.so (bool art::interpreter::DoCall<false>(art::ArtMethod*, art::Thread*, art::ShadowFrame&, art::Instruction const*, unsigned short, bool, art::JValue*)+1884) (BuildId: 1f156fc62660d075a8d675db850b95d5)
06-17 19:37:43.348 26164 26164 F DEBUG   :       #74 pc 00000000006fd968  /apex/com.android.art/lib64/libart.so (void art::interpreter::ExecuteSwitchImplCpp<false>(art::interpreter::SwitchImplContext*)+284) (BuildId: 1f156fc62660d075a8d675db850b95d5)
06-17 19:37:43.348 26164 26164 F DEBUG   :       #75 pc 00000000002fcc98  /apex/com.android.art/lib64/libart.so (ExecuteSwitchImplAsm+8) (BuildId: 1f156fc62660d075a8d675db850b95d5)
06-17 19:37:43.348 26164 26164 F DEBUG   :       #76 pc 000000000043f294  [anon:dalvik-classes.dex extracte....arcfire.online-q-zPaLeFSPC7Lbu3DA4KxQ==/base.apk] (com.facebook.react.bridge.queue.MessageQueueThreadImpl$4.run+0)
06-17 19:37:43.348 26164 26164 F DEBUG   :       #77 pc 00000000002fc8d0  /apex/com.android.art/lib64/libart.so (art::interpreter::Execute(art::Thread*, art::CodeItemDataAccessor const&, art::ShadowFrame&, art::JValue, bool, bool) (.__uniq.112435418011751916792819755956732575238.llvm.6848007882488385806)+360) (BuildId: 1f156fc62660d075a8d675db850b95d5)
06-17 19:37:43.348 26164 26164 F DEBUG   :       #78 pc 00000000002fc254  /apex/com.android.art/lib64/libart.so (artQuickToInterpreterBridge+916) (BuildId: 1f156fc62660d075a8d675db850b95d5)
06-17 19:37:43.348 26164 26164 F DEBUG   :       #79 pc 00000000002b04d8  /apex/com.android.art/lib64/libart.so (art_quick_to_interpreter_bridge+88) (BuildId: 1f156fc62660d075a8d675db850b95d5)
06-17 19:37:43.348 26164 26164 F DEBUG   :       #80 pc 000000000000499c  [anon_shmem:dalvik-jit-code-cache] (offset 0x2000000) (java.lang.Thread.run+140)
06-17 19:37:43.348 26164 26164 F DEBUG   :       #81 pc 0000000000298f94  /apex/com.android.art/lib64/libart.so (art_quick_invoke_stub+612) (BuildId: 1f156fc62660d075a8d675db850b95d5)
06-17 19:37:43.348 26164 26164 F DEBUG   :       #82 pc 000000000029738c  /apex/com.android.art/lib64/libart.so (art::ArtMethod::Invoke(art::Thread*, unsigned int*, unsigned int, art::JValue*, char const*)+148) (BuildId: 1f156fc62660d075a8d675db850b95d5)
06-17 19:37:43.348 26164 26164 F DEBUG   :       #83 pc 00000000004d5fd0  /apex/com.android.art/lib64/libart.so (art::Thread::CreateCallback(void*)+1384) (BuildId: 1f156fc62660d075a8d675db850b95d5)
06-17 19:37:43.348 26164 26164 F DEBUG   :       #84 pc 00000000004d5a54  /apex/com.android.art/lib64/libart.so (art::Thread::CreateCallbackWithUffdGc(void*)+12) (BuildId: 1f156fc62660d075a8d675db850b95d5)
06-17 19:37:43.348 26164 26164 F DEBUG   :       #85 pc 0000000000080f8c  /apex/com.android.runtime/lib64/bionic/libc.so (__pthread_start(void*)+236) (BuildId: 8ff701fa7a74a8ad475206062b5b72aa)
06-17 19:37:43.348 26164 26164 F DEBUG   :       #86 pc 00000000000737f0  /apex/com.android.runtime/lib64/bionic/libc.so (__start_thread+64) (BuildId: 8ff701fa7a74a8ad475206062b5b72aa)
06-17 19:37:43.418  1909 26174 W ActivityManager: crash : com.arcfire.online,11051
06-17 19:37:43.432  1909  1963 I ActivityManager: Showing crash dialog for package com.arcfire.online u0
06-17 19:37:43.442  1909 26171 I ActivityManager: Killing 25156:com.arcfire.online/u0a1051 (adj 0): crash
06-17 19:37:43.459  1909  1963 I ActivityManager: Changes in 10147 5 to 2, 184 to 255
06-17 19:37:43.717  1909  2057 I ActivityManager: Changes in 99157 19 to 3, 0 to 184
06-17 19:37:43.820  1909  2057 W ActivityManager: pid 1909 system sent binder code 7 with flags 1 to frozen apps and got error -32
06-17 19:37:43.853  1909  1965 W ActivityManager: setHasOverlayUi called on unknown pid: 25156
06-17 19:37:58.784  1909  1933 I ActivityManager: Changes in 99157 3 to 10, 184 to 0
06-17 19:38:40.779  1909  1935 I ActivityManager: Changes in 99157 19 to 3, 0 to 184
06-17 19:38:55.811  1909  1935 I ActivityManager: Changes in 99157 3 to 10, 184 to 0
06-17 19:39:52.991  1909  4341 W ActivityManager: pid 10796 com.samsung.android.scs sent binder code 1 with flags 2 to frozen apps and got error -2147483646
06-17 19:39:52.993  1909  1972 I ActivityManager: Killing 22741:com.samsung.cmh/5004 (adj 925): Sync transaction while frozen
06-17 19:39:53.004  1909  4225 I ActivityManager: Process com.samsung.cmh (pid 22741) early provider death
06-17 19:39:53.009  1909  4225 W ActivityManager: ProcessRecord{6894b29 0:com.samsung.cmh/5004} is attached to a previous process 22741
06-17 19:39:53.042  1909  1973 I ActivityManager: Start proc 26242:com.samsung.cmh/5004 for content provider {com.samsung.cmh/com.samsung.cmh.provider.CMHProvider}
06-17 19:39:53.042  1909  1973 I ActivityManager: ProcessObserver broadcast disabled
06-17 19:39:53.331  1909  4341 W ActivityManager: pid 26242 com.samsung.cmh sent binder code 21 with flags 2 to frozen apps and got error -2147483646
06-17 19:41:02.696  1909  1973 I ActivityManager: Start proc 26305:com.google.android.apps.restore/u0a249 for service {com.google.android.apps.restore/androidx.work.impl.background.systemjob.SystemJobService}
06-17 19:41:02.697  1909  1973 I ActivityManager: ProcessObserver broadcast disabled
06-17 19:41:02.730  1909  2187 I ActivityManager: Changes in 99157 19 to 8, 0 to 128
06-17 19:41:02.747  1909  1933 I ActivityManager: Changes in 10056 19 to 8, 0 to 128
06-17 19:41:02.767  1909  1973 I ActivityManager: Start proc 26323:com.google.android.syncadapters.calendar/u0a257 for service {com.google.android.syncadapters.calendar/com.google.android.syncadapters.calendar.CalendarSyncAdapterService}
06-17 19:41:02.767  1909  1973 I ActivityManager: ProcessObserver broadcast disabled
06-17 19:41:02.797  1909  4341 I ActivityManager: Changes in 10251 19 to 8, 0 to 128
06-17 19:41:02.830  1909  1973 I ActivityManager: Start proc 26356:com.samsung.aasaservice/1000 for service {com.samsung.aasaservice/com.samsung.aasaservice.AASAJobService}
06-17 19:41:02.830  1909  1973 I ActivityManager: ProcessObserver broadcast disabled
06-17 19:41:02.913  1909  1973 I ActivityManager: Start proc 26372:com.google.android.apps.tachyon/u0a254 for service {com.google.android.apps.tachyon/androidx.work.impl.background.systemjob.SystemJobService}
06-17 19:41:02.913  1909  1973 I ActivityManager: ProcessObserver broadcast disabled
06-17 19:41:02.982  1909  3606 I ActivityManager: Changes in 10257 19 to 8, 0 to 128
06-17 19:41:02.995  1909  1973 I ActivityManager: Start proc 26400:com.samsung.android.sm.devicesecurity/u0a214 for service {com.samsung.android.sm.devicesecurity/androidx.work.impl.background.systemjob.SystemJobService}
06-17 19:41:02.996  1909  1973 I ActivityManager: ProcessObserver broadcast disabled
06-17 19:41:03.054  1909  1935 I ActivityManager: Changes in 10115 19 to 8, 0 to 128
06-17 19:41:03.075  1909  4211 I ActivityManager: Changes in 10251 8 to 10, 128 to 0
06-17 19:41:03.076  1909  4342 I ActivityManager: Changes in 10249 19 to 8, 0 to 128
06-17 19:41:03.084  1909  4211 I ActivityManager: Changes in 5004 19 to 8, 0 to 128
06-17 19:41:03.119  1909  1973 I ActivityManager: Start proc 26452:com.samsung.android.privateaccesstokens/u0a198 for service {com.samsung.android.privateaccesstokens/com.samsung.android.privateaccesstokens.components.services.PATService}
06-17 19:41:03.120  1909  1973 I ActivityManager: ProcessObserver broadcast disabled
06-17 19:41:03.128  1909  2720 I ActivityManager: Changes in 5004 8 to 10, 128 to 0
06-17 19:41:03.244  1909  2749 I ActivityManager: Changes in 10249 8 to 10, 128 to 0
06-17 19:41:03.245  1909  2720 I ActivityManager: Changes in 10198 19 to 8, 0 to 128
06-17 19:41:03.270  1909  2720 I ActivityManager: Changes in 10214 19 to 8, 0 to 128
06-17 19:41:03.317  1909  4342 I ActivityManager: Changes in 10198 8 to 10, 128 to 0
06-17 19:41:03.324  1909  1973 I ActivityManager: Start proc 26503:com.google.android.partnersetup/u0a243 for service {com.google.android.partnersetup/com.google.android.partnersetup.InstalledAppJobService}
06-17 19:41:03.325  1909  1973 I ActivityManager: ProcessObserver broadcast disabled
06-17 19:41:03.416  1909  1973 I ActivityManager: Start proc 26529:com.google.android.apps.turbo:aab/u0a250 for service {com.google.android.apps.turbo/com.google.android.libraries.smartbattery.appusage.library.InferAppBucketsJob}
06-17 19:41:03.416  1909  1973 I ActivityManager: ProcessObserver broadcast disabled
06-17 19:41:03.419  1909  2720 I ActivityManager: Changes in 10251 19 to 8, 0 to 128
06-17 19:41:03.425  1909  4342 I ActivityManager: Changes in 10214 8 to 10, 128 to 0
06-17 19:41:03.480  1909  3174 I ActivityManager: Changes in 10243 19 to 8, 0 to 128
06-17 19:41:03.512  1909  2224 I ActivityManager: Changes in 10243 8 to 10, 128 to 0
06-17 19:41:03.518  1909  2224 I ActivityManager: Killing 22716:com.samsung.android.app.reminder/u0a224 (adj 905): empty #25
06-17 19:41:03.525  1909  1973 I ActivityManager: Start proc 26571:com.samsung.android.mobileservice/u0a119 for service {com.samsung.android.mobileservice/com.samsung.android.mobileservice.localcontact.presentation.service.ContactDataObserverService}
06-17 19:41:03.525  1909  1973 I ActivityManager: ProcessObserver broadcast disabled
06-17 19:41:03.556  1909  4225 I ActivityManager: Changes in 10250 19 to 8, 0 to 128
06-17 19:41:03.672  1909  1935 I ActivityManager: Changes in 10254 19 to 8, 0 to 128
06-17 19:41:03.753  1909  3434 I ActivityManager: Changes in 10254 8 to 10, 128 to 0
06-17 19:41:03.760  1909  4211 I ActivityManager: Killing 22824:com.samsung.android.kmxservice:AiPrivacy/u0a89 (adj 975): empty #25
06-17 19:41:03.793  1909  4211 I ActivityManager: Changes in 10119 19 to 8, 0 to 128
06-17 19:41:03.815  1909  1909 I ActivityManager: Changes in 10119 8 to 10, 128 to 0
06-17 19:41:03.818  1909  2224 I ActivityManager: Killing 23207:com.sec.android.provider.badge/u0a55 (adj 975): empty #25
06-17 19:41:03.826  1909  1973 I ActivityManager: Start proc 26639:com.samsung.sait.sohservice/1000 for service {com.samsung.sait.sohservice/androidx.work.impl.background.systemjob.SystemJobService}
06-17 19:41:03.827  1909  1973 I ActivityManager: ProcessObserver broadcast disabled
06-17 19:41:03.839  1909  1973 I ActivityManager: Start proc 26642:com.google.android.as.oss/u0a248 for service {com.google.android.as.oss/com.google.android.gms.learning.internal.training.InAppJobService}
06-17 19:41:03.839  1909  1973 I ActivityManager: ProcessObserver broadcast disabled
06-17 19:41:03.895  1909  1971 I ActivityManager: Changes in 10056 8 to 5, 128 to 144
06-17 19:41:03.933  1909  1972 I ActivityManager: com.samsung.android.app.telephonyui is exempt from freezer by list
06-17 19:41:03.948  1909  1973 I ActivityManager: Start proc 26675:com.samsung.android.app.telephonyui/1001 for broadcast {com.samsung.android.app.telephonyui/com.samsung.android.app.telephonyui.netsettings.ui.receiver.SimManagerInfoReceiver}
06-17 19:41:03.949  1909  1973 I ActivityManager: ProcessObserver broadcast disabled
06-17 19:41:04.067  1909  3606 I ActivityManager: Killing 23382:com.samsung.drmboost/u0a339 (adj 975): empty #25
06-17 19:41:04.122  1909  3174 I ActivityManager: Changes in 10248 19 to 8, 0 to 128
06-17 19:41:04.173  1909  4338 I ActivityManager: Killing 22802:com.samsung.faceservice/5004 (adj 0): Sync transaction while in frozen state
06-17 19:41:04.175  1909  4338 I ActivityManager: Changes in 5004 19 to 8, 0 to 128
06-17 19:41:04.176  1909  1973 I ActivityManager: Start proc 26737:com.samsung.mfcontents/u0a95 for service {com.samsung.mfcontents/com.samsung.mfcontents.scheduler.MFCJobService}
06-17 19:41:04.176  1909  1973 I ActivityManager: ProcessObserver broadcast disabled
06-17 19:41:04.196  1909  4338 W ActivityManager: Scheduling restart of crashed service com.samsung.faceservice/androidx.work.impl.background.systemjob.SystemJobService in 1000ms for connection
06-17 19:41:04.200  1909  1935 I ActivityManager: Changes in 10248 8 to 10, 128 to 0
06-17 19:41:04.222  1909  1973 I ActivityManager: Start proc 26751:com.google.android.gms.unstable/u0a252 for service {com.google.android.gms/com.google.android.gms.droidguard.DroidGuardService}
06-17 19:41:04.222  1909  1973 I ActivityManager: ProcessObserver broadcast disabled
06-17 19:41:04.309  1909  1973 W ActivityManager: Slow operation: 102ms so far, now at startProcess: done updating battery stats
06-17 19:41:04.309  1909  1973 W ActivityManager: Slow operation: 103ms so far, now at startProcess: building log message
06-17 19:41:04.309  1909  1973 I ActivityManager: Start proc 26765:com.lguplus.appstore/u0a99 for service {com.lguplus.appstore/androidx.work.impl.background.systemjob.SystemJobService}
06-17 19:41:04.309  1909  1973 W ActivityManager: Slow operation: 103ms so far, now at startProcess: starting to update pids map
06-17 19:41:04.309  1909  1973 I ActivityManager: ProcessObserver broadcast disabled
06-17 19:41:04.309  1909  1973 W ActivityManager: Slow operation: 103ms so far, now at startProcess: done updating pids map
06-17 19:41:04.387  1909  3606 I ActivityManager: Changes in 10095 19 to 8, 0 to 128
06-17 19:41:04.401  1909  4407 I ActivityManager: Changes in 10095 8 to 10, 128 to 0
06-17 19:41:04.404  1909  4407 I ActivityManager: Changes in 10120 10 to 8, 0 to 128
06-17 19:41:04.409  1909  3606 I ActivityManager: Killing 23876:com.google.android.rkpdapp/u0a348 (adj 965): empty #25
06-17 19:41:04.415  1909  2224 I ActivityManager: Changes in 10120 8 to 10, 128 to 0
06-17 19:41:04.421  1909  2224 I ActivityManager: Changes in 10116 19 to 8, 0 to 128
06-17 19:41:04.463  1909  4211 I ActivityManager: Changes in 10250 8 to 10, 128 to 0
06-17 19:41:04.469  1909  1935 I ActivityManager: Killing 24490:com.samsung.android.game.gos/u0a76 (adj 965): empty #25
06-17 19:41:04.485  1909  4225 I ActivityManager: Changes in 10116 8 to 10, 128 to 0
06-17 19:41:04.494  1909  4211 I ActivityManager: Killing 24842:com.android.vending:instant_app_installer/u0a251 (adj 955): empty #25
06-17 19:41:04.499  1909  4211 I ActivityManager: Killing 24900:com.samsung.android.app.sharelive/5026 (adj 955): empty #25
06-17 19:41:04.716  1909  4211 I ActivityManager: Changes in 99157 8 to 3, 128 to 184
06-17 19:41:04.789  1909  1973 I ActivityManager: Start proc 26873:com.sec.android.provider.badge/u0a55 for broadcast {com.sec.android.provider.badge/com.sec.android.provider.badge.BadgeCountReceiver}
06-17 19:41:04.789  1909  1973 I ActivityManager: ProcessObserver broadcast disabled
06-17 19:41:04.834  1909  2224 I ActivityManager: Changes in 10099 19 to 8, 0 to 128
06-17 19:41:04.855  1909  1935 I ActivityManager: Changes in 10251 8 to 3, 128 to 184
06-17 19:41:04.875  1909  1935 I ActivityManager: Changes in 10055 19 to 11, 0 to 128
06-17 19:41:04.879  1909  1933 I ActivityManager: Changes in 10243 19 to 8, 0 to 128
06-17 19:41:04.885  1909  2224 I ActivityManager: Changes in 10099 8 to 10, 128 to 0
06-17 19:41:04.887  1909  2224 I ActivityManager: Changes in 10119 19 to 8, 0 to 128
06-17 19:41:04.898  1909  1935 I ActivityManager: Changes in 10117 19 to 6, 0 to 128
06-17 19:41:04.924  1909  3606 I ActivityManager: Changes in 10055 11 to 3, 128 to 144
06-17 19:41:04.936  1909  2224 I ActivityManager: Changes in 10243 8 to 10, 128 to 0
06-17 19:41:04.954  1909  4211 E ActivityManager: Sending non-protected broadcast com.sec.android.intent.action.APP_HQM_SEND_REQ from system 3994:com.sec.android.diagmonagent/1000 pkg com.sec.android.diagmonagent
06-17 19:41:04.954  1909  4211 E ActivityManager: java.lang.Throwable
06-17 19:41:04.954  1909  4211 E ActivityManager: 	at com.android.server.am.BroadcastController.checkBroadcastFromSystem(qb/108940926 802103cef46cde14cb0d3b748d2076734c471a17d4b8e991ffa01c0e15de42a9:252)
06-17 19:41:04.954  1909  4211 E ActivityManager: 	at com.android.server.am.BroadcastController.broadcastIntentLockedTraced(qb/108940926 802103cef46cde14cb0d3b748d2076734c471a17d4b8e991ffa01c0e15de42a9:344)
06-17 19:41:04.954  1909  4211 E ActivityManager: 	at com.android.server.am.BroadcastController.broadcastIntentLocked(qb/108940926 802103cef46cde14cb0d3b748d2076734c471a17d4b8e991ffa01c0e15de42a9:18)
06-17 19:41:04.954  1909  4211 E ActivityManager: 	at com.android.server.am.ActivityManagerService.broadcastIntentWithFeature(qb/108940926 802103cef46cde14cb0d3b748d2076734c471a17d4b8e991ffa01c0e15de42a9:149)
06-17 19:41:04.954  1909  4211 E ActivityManager: 	at android.app.IActivityManager$Stub.onTransact$broadcastIntentWithFeature$(IActivityManager.java:12412)
06-17 19:41:04.954  1909  4211 E ActivityManager: 	at android.app.IActivityManager$Stub.onTransact(IActivityManager.java:3205)
06-17 19:41:04.954  1909  4211 E ActivityManager: 	at com.android.server.am.ActivityManagerService.onTransact(qb/108940926 802103cef46cde14cb0d3b748d2076734c471a17d4b8e991ffa01c0e15de42a9:425)
06-17 19:41:04.954  1909  4211 E ActivityManager: 	at android.os.Binder.execTransactInternal(Binder.java:1462)
06-17 19:41:04.954  1909  4211 E ActivityManager: 	at android.os.Binder.execTransact(Binder.java:1401)
06-17 19:41:04.963  1909  1909 I ActivityManager: Changes in 10099 19 to 8, 0 to 128
06-17 19:41:04.970  1909  4211 E ActivityManager: Sending non-protected broadcast com.sec.android.intent.action.APP_HQM_SEND_REQ from system 3994:com.sec.android.diagmonagent/1000 pkg com.sec.android.diagmonagent
06-17 19:41:04.970  1909  4211 E ActivityManager: java.lang.Throwable
06-17 19:41:04.970  1909  4211 E ActivityManager: 	at com.android.server.am.BroadcastController.checkBroadcastFromSystem(qb/108940926 802103cef46cde14cb0d3b748d2076734c471a17d4b8e991ffa01c0e15de42a9:252)
06-17 19:41:04.970  1909  4211 E ActivityManager: 	at com.android.server.am.BroadcastController.broadcastIntentLockedTraced(qb/108940926 802103cef46cde14cb0d3b748d2076734c471a17d4b8e991ffa01c0e15de42a9:344)
06-17 19:41:04.970  1909  4211 E ActivityManager: 	at com.android.server.am.BroadcastController.broadcastIntentLocked(qb/108940926 802103cef46cde14cb0d3b748d2076734c471a17d4b8e991ffa01c0e15de42a9:18)
06-17 19:41:04.970  1909  4211 E ActivityManager: 	at com.android.server.am.ActivityManagerService.broadcastIntentWithFeature(qb/108940926 802103cef46cde14cb0d3b748d2076734c471a17d4b8e991ffa01c0e15de42a9:149)
06-17 19:41:04.970  1909  4211 E ActivityManager: 	at android.app.IActivityManager$Stub.onTransact$broadcastIntentWithFeature$(IActivityManager.java:12412)
06-17 19:41:04.970  1909  4211 E ActivityManager: 	at android.app.IActivityManager$Stub.onTransact(IActivityManager.java:3205)
06-17 19:41:04.970  1909  4211 E ActivityManager: 	at com.android.server.am.ActivityManagerService.onTransact(qb/108940926 802103cef46cde14cb0d3b748d2076734c471a17d4b8e991ffa01c0e15de42a9:425)
06-17 19:41:04.970  1909  4211 E ActivityManager: 	at android.os.Binder.execTransactInternal(Binder.java:1462)
06-17 19:41:04.970  1909  4211 E ActivityManager: 	at android.os.Binder.execTransact(Binder.java:1401)
06-17 19:41:04.974  1909  1933 E ActivityManager: Sending non-protected broadcast com.sec.android.intent.action.APP_HQM_SEND_REQ from system 3994:com.sec.android.diagmonagent/1000 pkg com.sec.android.diagmonagent
06-17 19:41:04.974  1909  1933 E ActivityManager: java.lang.Throwable
06-17 19:41:04.974  1909  1933 E ActivityManager: 	at com.android.server.am.BroadcastController.checkBroadcastFromSystem(qb/108940926 802103cef46cde14cb0d3b748d2076734c471a17d4b8e991ffa01c0e15de42a9:252)
06-17 19:41:04.974  1909  1933 E ActivityManager: 	at com.android.server.am.BroadcastController.broadcastIntentLockedTraced(qb/108940926 802103cef46cde14cb0d3b748d2076734c471a17d4b8e991ffa01c0e15de42a9:344)
06-17 19:41:04.974  1909  1933 E ActivityManager: 	at com.android.server.am.BroadcastController.broadcastIntentLocked(qb/108940926 802103cef46cde14cb0d3b748d2076734c471a17d4b8e991ffa01c0e15de42a9:18)
06-17 19:41:04.974  1909  1933 E ActivityManager: 	at com.android.server.am.ActivityManagerService.broadcastIntentWithFeature(qb/108940926 802103cef46cde14cb0d3b748d2076734c471a17d4b8e991ffa01c0e15de42a9:149)
06-17 19:41:04.974  1909  1933 E ActivityManager: 	at android.app.IActivityManager$Stub.onTransact$broadcastIntentWithFeature$(IActivityManager.java:12412)
06-17 19:41:04.974  1909  1933 E ActivityManager: 	at android.app.IActivityManager$Stub.onTransact(IActivityManager.java:3205)
06-17 19:41:04.974  1909  1933 E ActivityManager: 	at com.android.server.am.ActivityManagerService.onTransact(qb/108940926 802103cef46cde14cb0d3b748d2076734c471a17d4b8e991ffa01c0e15de42a9:425)
06-17 19:41:04.974  1909  1933 E ActivityManager: 	at android.os.Binder.execTransactInternal(Binder.java:1462)
06-17 19:41:04.974  1909  1933 E ActivityManager: 	at android.os.Binder.execTransact(Binder.java:1401)
06-17 19:41:04.978  1909  2749 E ActivityManager: Sending non-protected broadcast com.sec.android.intent.action.APP_HQM_SEND_REQ from system 3994:com.sec.android.diagmonagent/1000 pkg com.sec.android.diagmonagent
06-17 19:41:04.978  1909  2749 E ActivityManager: java.lang.Throwable
06-17 19:41:04.978  1909  2749 E ActivityManager: 	at com.android.server.am.BroadcastController.checkBroadcastFromSystem(qb/108940926 802103cef46cde14cb0d3b748d2076734c471a17d4b8e991ffa01c0e15de42a9:252)
06-17 19:41:04.978  1909  2749 E ActivityManager: 	at com.android.server.am.BroadcastController.broadcastIntentLockedTraced(qb/108940926 802103cef46cde14cb0d3b748d2076734c471a17d4b8e991ffa01c0e15de42a9:344)
06-17 19:41:04.978  1909  2749 E ActivityManager: 	at com.android.server.am.BroadcastController.broadcastIntentLocked(qb/108940926 802103cef46cde14cb0d3b748d2076734c471a17d4b8e991ffa01c0e15de42a9:18)
06-17 19:41:04.978  1909  2749 E ActivityManager: 	at com.android.server.am.ActivityManagerService.broadcastIntentWithFeature(qb/108940926 802103cef46cde14cb0d3b748d2076734c471a17d4b8e991ffa01c0e15de42a9:149)
06-17 19:41:04.978  1909  2749 E ActivityManager: 	at android.app.IActivityManager$Stub.onTransact$broadcastIntentWithFeature$(IActivityManager.java:12412)
06-17 19:41:04.978  1909  2749 E ActivityManager: 	at android.app.IActivityManager$Stub.onTransact(IActivityManager.java:3205)
06-17 19:41:04.978  1909  2749 E ActivityManager: 	at com.android.server.am.ActivityManagerService.onTransact(qb/108940926 802103cef46cde14cb0d3b748d2076734c471a17d4b8e991ffa01c0e15de42a9:425)
06-17 19:41:04.978  1909  2749 E ActivityManager: 	at android.os.Binder.execTransactInternal(Binder.java:1462)
06-17 19:41:04.978  1909  2749 E ActivityManager: 	at android.os.Binder.execTransact(Binder.java:1401)
06-17 19:41:04.985  1909  4211 E ActivityManager: Sending non-protected broadcast com.sec.android.intent.action.APP_HQM_SEND_REQ from system 3994:com.sec.android.diagmonagent/1000 pkg com.sec.android.diagmonagent
06-17 19:41:04.985  1909  4211 E ActivityManager: java.lang.Throwable
06-17 19:41:04.985  1909  4211 E ActivityManager: 	at com.android.server.am.BroadcastController.checkBroadcastFromSystem(qb/108940926 802103cef46cde14cb0d3b748d2076734c471a17d4b8e991ffa01c0e15de42a9:252)
06-17 19:41:04.985  1909  4211 E ActivityManager: 	at com.android.server.am.BroadcastController.broadcastIntentLockedTraced(qb/108940926 802103cef46cde14cb0d3b748d2076734c471a17d4b8e991ffa01c0e15de42a9:344)
06-17 19:41:04.985  1909  4211 E ActivityManager: 	at com.android.server.am.BroadcastController.broadcastIntentLocked(qb/108940926 802103cef46cde14cb0d3b748d2076734c471a17d4b8e991ffa01c0e15de42a9:18)
06-17 19:41:04.985  1909  4211 E ActivityManager: 	at com.android.server.am.ActivityManagerService.broadcastIntentWithFeature(qb/108940926 802103cef46cde14cb0d3b748d2076734c471a17d4b8e991ffa01c0e15de42a9:149)
06-17 19:41:04.985  1909  4211 E ActivityManager: 	at android.app.IActivityManager$Stub.onTransact$broadcastIntentWithFeature$(IActivityManager.java:12412)
06-17 19:41:04.985  1909  4211 E ActivityManager: 	at android.app.IActivityManager$Stub.onTransact(IActivityManager.java:3205)
06-17 19:41:04.985  1909  4211 E ActivityManager: 	at com.android.server.am.ActivityManagerService.onTransact(qb/108940926 802103cef46cde14cb0d3b748d2076734c471a17d4b8e991ffa01c0e15de42a9:425)
06-17 19:41:04.985  1909  4211 E ActivityManager: 	at android.os.Binder.execTransactInternal(Binder.java:1462)
06-17 19:41:04.985  1909  4211 E ActivityManager: 	at android.os.Binder.execTransact(Binder.java:1401)
06-17 19:41:05.038  1909  2065 I ActivityManager: Changes in 10243 19 to 8, 0 to 128
06-17 19:41:05.066  1909  2224 I ActivityManager: Changes in 10095 19 to 8, 0 to 128
06-17 19:41:05.071  1909  2749 I ActivityManager: Changes in 10243 8 to 10, 128 to 0
06-17 19:41:05.079  1909  2224 I ActivityManager: Changes in 10095 8 to 10, 128 to 0
06-17 19:41:05.103  1909  1933 I ActivityManager: Changes in 10099 8 to 10, 128 to 0
06-17 19:41:05.162  1909  2065 I ActivityManager: Changes in 10243 19 to 8, 0 to 128
06-17 19:41:05.210  1909  1973 I ActivityManager: Start proc 26937:com.samsung.faceservice/5004 for service {com.samsung.faceservice/androidx.work.impl.background.systemjob.SystemJobService}
06-17 19:41:05.210  1909  1973 I ActivityManager: ProcessObserver broadcast disabled
06-17 19:41:05.258  1909  2749 I ActivityManager: Changes in 5004 8 to 19, 128 to 0
06-17 19:41:05.310  1909  1933 I ActivityManager: Changes in 5004 19 to 8, 0 to 128
06-17 19:41:05.319  1909  1933 I ActivityManager: Changes in 10243 8 to 10, 128 to 0
06-17 19:41:05.348  1909  1935 I ActivityManager: Changes in 5004 8 to 10, 128 to 0
06-17 19:41:06.607  1909  1935 I ActivityManager: Changes in 10119 8 to 10, 128 to 0
06-17 19:41:06.610  1909  1935 I ActivityManager: Killing 25412:com.samsung.android.privacydashboard/u0a107 (adj 945): empty #25
06-17 19:41:06.924  1909  2187 I ActivityManager: Changes in 10257 8 to 10, 128 to 0
06-17 19:41:06.924  1909  2187 I ActivityManager: Changes in 10115 8 to 10, 128 to 0
06-17 19:41:06.929  1909  1933 I ActivityManager: Killing 9479:com.samsung.android.ce/u0a96 (adj 915): empty #25
06-17 19:41:06.931  1909  1933 I ActivityManager: Killing 25605:com.google.android.googlequicksearchbox:search/u0a253 (adj 935): empty #26
06-17 19:41:06.950  1909  2187 I ActivityManager: Changes in 10257 19 to 8, 0 to 128
06-17 19:41:06.950  1909  2187 I ActivityManager: Changes in 10115 19 to 8, 0 to 128
06-17 19:41:07.331  1909  2187 I ActivityManager: Changes in 10257 8 to 10, 128 to 0
06-17 19:41:07.331  1909  2187 I ActivityManager: Changes in 10115 8 to 10, 128 to 0
06-17 19:41:07.342  1909  2187 I ActivityManager: Changes in 10257 19 to 8, 0 to 128
06-17 19:41:07.342  1909  2187 I ActivityManager: Changes in 10115 19 to 8, 0 to 128
06-17 19:41:07.787  1909  2065 I ActivityManager: Changes in 10116 19 to 8, 0 to 128
06-17 19:41:07.845  1909  2187 I ActivityManager: Changes in 10257 8 to 10, 128 to 0
06-17 19:41:07.850  1909  2057 I ActivityManager: Changes in 10116 8 to 10, 128 to 0
06-17 19:41:07.850  1909  2057 I ActivityManager: Changes in 10115 8 to 10, 128 to 0
06-17 19:41:08.383  1909  4342 I ActivityManager: Changes in 10115 19 to 5, 0 to 144
06-17 19:41:08.445  1909  1973 I ActivityManager: Start proc 26982:com.samsung.android.calendar/u0a222 for content provider {com.samsung.android.calendar/com.samsung.android.app.calendar.model.settings.provider.PreferenceProvider}
06-17 19:41:08.445  1909  1973 I ActivityManager: ProcessObserver broadcast disabled
06-17 19:41:08.765  1909  3606 I ActivityManager: Changes in 10222 19 to 5, 0 to 144
06-17 19:41:08.775  1909  1973 I ActivityManager: Start proc 27004:com.samsung.android.app.reminder/u0a224 for content provider {com.samsung.android.app.reminder/com.samsung.android.app.reminder.data.provider.ReminderProvider}
06-17 19:41:08.775  1909  1973 I ActivityManager: ProcessObserver broadcast disabled
06-17 19:41:08.901  1909  2065 I ActivityManager: Changes in 10119 19 to 8, 0 to 128
06-17 19:41:08.915  1909  3606 I ActivityManager: Changes in 10119 8 to 10, 128 to 0
06-17 19:41:08.937  1909  2057 I ActivityManager: Changes in 10119 19 to 8, 0 to 128
06-17 19:41:09.013  1909  2057 I ActivityManager: Changes in 10224 19 to 5, 0 to 144
06-17 19:41:09.090  1909  3606 I ActivityManager: Changes in 10119 8 to 10, 128 to 0
06-17 19:41:09.095  1909  2187 I ActivityManager: Changes in 10119 10 to 8, 0 to 128
06-17 19:41:09.178  1909  2187 I ActivityManager: Changes in 10119 8 to 10, 128 to 0
06-17 19:41:10.085  1909  1973 I ActivityManager: Start proc 27076:com.samsung.android.stickercenter/1000 for content provider {com.samsung.android.stickercenter/com.samsung.android.stickercenter.service.StickerProvider}
06-17 19:41:10.085  1909  1973 I ActivityManager: ProcessObserver broadcast disabled
06-17 19:41:10.919  1909  1971 I ActivityManager: Changes in 10117 6 to 15, 128 to 0
06-17 19:41:10.930  1909  1971 I ActivityManager: Changes in 10056 5 to 10, 144 to 0
06-17 19:41:10.945  1909  1971 I ActivityManager: Changes in 10055 3 to 15, 144 to 0
06-17 19:41:12.805  1909  2065 I ActivityManager: Changes in 10119 19 to 8, 0 to 128
06-17 19:41:12.806  1909  2065 I ActivityManager: Changes in 10056 10 to 8, 0 to 128
06-17 19:41:12.872  1909  4174 I ActivityManager: Changes in 10119 8 to 10, 128 to 0
06-17 19:41:12.872  1909  4174 I ActivityManager: Changes in 10056 8 to 10, 128 to 0
06-17 19:41:13.906  1909  2065 I ActivityManager: Changes in 10120 10 to 8, 0 to 128
06-17 19:41:13.906  1909  2065 I ActivityManager: Changes in 10056 10 to 8, 0 to 128
06-17 19:41:13.921  1909  2065 I ActivityManager: Changes in 10119 19 to 8, 0 to 128
06-17 19:41:13.963  1909  4338 I ActivityManager: Changes in 10120 8 to 10, 128 to 0
06-17 19:41:14.016  1909  1935 I ActivityManager: Changes in 10119 8 to 10, 128 to 0
06-17 19:41:14.016  1909  1935 I ActivityManager: Changes in 10056 8 to 10, 128 to 0
06-17 19:41:14.540  1909  1971 I ActivityManager: Changes in 10056 10 to 5, 0 to 144
06-17 19:41:14.766  1909  1971 I ActivityManager: Changes in 10224 5 to 15, 144 to 0
06-17 19:41:14.767  1909  1971 I ActivityManager: Changes in 10222 5 to 15, 144 to 0
06-17 19:41:14.773  1909  1971 I ActivityManager: Changes in 10115 5 to 15, 144 to 0
06-17 19:41:15.043  1909  2065 I ActivityManager: Changes in 10120 10 to 8, 0 to 128
06-17 19:41:15.051  1909  2065 I ActivityManager: Changes in 10116 19 to 8, 0 to 128
06-17 19:41:15.062  1909  3434 I ActivityManager: Changes in 10120 8 to 10, 128 to 0
06-17 19:41:15.094  1909  4407 I ActivityManager: Changes in 10116 8 to 10, 128 to 0
06-17 19:41:15.125  1909  2187 I ActivityManager: Changes in 10257 19 to 8, 0 to 128
06-17 19:41:15.131  1909  4407 I ActivityManager: Changes in 10115 15 to 8, 0 to 128
06-17 19:41:15.542  1909  4407 I ActivityManager: Changes in 10117 15 to 6, 0 to 128
06-17 19:41:16.669  1909  2187 I ActivityManager: Changes in 10257 8 to 10, 128 to 0
06-17 19:41:16.669  1909  2187 I ActivityManager: Changes in 10115 8 to 10, 128 to 0
06-17 19:41:16.680  1909  4407 I ActivityManager: Killing 17847:com.samsung.android.scloud/5009 (adj 905): empty #25
06-17 19:41:16.694  1909  2187 I ActivityManager: Changes in 10257 19 to 8, 0 to 128
06-17 19:41:16.694  1909  2187 I ActivityManager: Changes in 10115 15 to 8, 0 to 128
06-17 19:41:17.335  1909  2187 I ActivityManager: Changes in 10257 8 to 10, 128 to 0
06-17 19:41:17.336  1909  2187 I ActivityManager: Changes in 10115 8 to 10, 128 to 0
06-17 19:41:17.773  1909  2065 I ActivityManager: Changes in 10116 19 to 8, 0 to 128
06-17 19:41:17.801  1909  2224 I ActivityManager: Changes in 10115 15 to 8, 0 to 128
06-17 19:41:17.865  1909  4227 I ActivityManager: Changes in 10116 8 to 10, 128 to 0
06-17 19:41:17.865  1909  4227 I ActivityManager: Changes in 10115 8 to 10, 128 to 0
06-17 19:41:18.271  1909  2224 I ActivityManager: Changes in 10115 15 to 5, 0 to 144
06-17 19:41:18.297  1909  2224 I ActivityManager: Changes in 10222 15 to 5, 0 to 144
06-17 19:41:19.311  1909  3301 I ActivityManager: Changes in 10224 19 to 5, 0 to 144
06-17 19:41:19.545  1909  2065 I ActivityManager: Changes in 10119 19 to 8, 0 to 128
06-17 19:41:19.574  1909  2057 I ActivityManager: Changes in 10119 8 to 10, 128 to 0
06-17 19:41:19.589  1909  4340 I ActivityManager: Changes in 10119 19 to 8, 0 to 128
06-17 19:41:19.716  1909  2187 I ActivityManager: Changes in 10119 8 to 10, 128 to 0
06-17 19:41:19.728  1909  2057 I ActivityManager: Changes in 99157 3 to 10, 184 to 0
06-17 19:41:19.729  1909  2057 I ActivityManager: Changes in 10251 3 to 10, 184 to 0
06-17 19:41:19.732  1909  2224 I ActivityManager: Killing 26242:com.samsung.cmh/5004 (adj 905): empty #25
06-17 19:41:21.561  1909  1971 I ActivityManager: Changes in 10117 6 to 15, 128 to 0
06-17 19:41:21.565  1909  1971 I ActivityManager: Changes in 10056 5 to 10, 144 to 0
06-17 19:41:22.273  1909  2065 I ActivityManager: Changes in 10119 19 to 8, 0 to 128
06-17 19:41:22.273  1909  2065 I ActivityManager: Changes in 10056 10 to 8, 0 to 128
06-17 19:41:22.323  1909  2776 I ActivityManager: Changes in 10119 8 to 10, 128 to 0
06-17 19:41:22.323  1909  2776 I ActivityManager: Changes in 10056 8 to 10, 128 to 0
06-17 19:41:23.964  1909  2224 I ActivityManager: Changes in 99157 19 to 8, 0 to 128
06-17 19:41:23.979  1909  4407 I ActivityManager: Changes in 99157 8 to 10, 128 to 0
06-17 19:41:24.325  1909  1971 I ActivityManager: Changes in 10224 5 to 15, 144 to 0
06-17 19:41:24.326  1909  1971 I ActivityManager: Changes in 10222 5 to 15, 144 to 0
06-17 19:41:24.330  1909  1971 I ActivityManager: Changes in 10115 5 to 15, 144 to 0
06-17 19:41:24.546  1909  2065 I ActivityManager: Changes in 10120 10 to 8, 0 to 128
06-17 19:41:24.562  1909  2065 I ActivityManager: Changes in 10119 19 to 8, 0 to 128
06-17 19:41:24.563  1909  2065 I ActivityManager: Changes in 10115 15 to 8, 0 to 128
06-17 19:41:24.563  1909  2065 I ActivityManager: Changes in 10056 15 to 8, 0 to 128
06-17 19:41:24.632  1909  2224 I ActivityManager: Changes in 10119 8 to 10, 128 to 0
06-17 19:41:24.633  1909  2224 I ActivityManager: Changes in 10115 8 to 10, 128 to 0
06-17 19:41:24.645  1909  4407 I ActivityManager: Changes in 10120 8 to 10, 128 to 0
06-17 19:41:24.646  1909  4407 I ActivityManager: Changes in 10056 8 to 10, 128 to 0
06-17 19:41:25.403  1909  1971 I ActivityManager: Killing 26305:com.google.android.apps.restore/u0a249 (adj 905): empty #25
06-17 19:41:25.412  1909  1971 I ActivityManager: Killing 26452:com.samsung.android.privateaccesstokens/u0a198 (adj 905): empty #25
06-17 19:41:25.444  1909  2057 W ActivityManager: Scheduling restart of crashed service com.samsung.android.privateaccesstokens/.components.services.PATService in 1000ms for connection
06-17 19:41:26.486  1909  1973 I ActivityManager: Start proc 27150:com.samsung.android.privateaccesstokens/u0a198 for service {com.samsung.android.privateaccesstokens/com.samsung.android.privateaccesstokens.components.services.PATService}
06-17 19:41:26.486  1909  1973 I ActivityManager: ProcessObserver broadcast disabled
06-17 19:41:26.580  1909  4407 I ActivityManager: Killing 26356:com.samsung.aasaservice/1000 (adj 905): empty #25
06-17 19:41:30.953  1909  1972 I ActivityManager: Killing 26400:com.samsung.android.sm.devicesecurity/u0a214 (adj 905): empty #25
06-17 19:41:41.569  1909  1972 I ActivityManager: Killing 26372:com.google.android.apps.tachyon/u0a254 (adj 905): empty #25
06-17 19:41:44.329  1909  1972 I ActivityManager: Killing 26639:com.samsung.sait.sohservice/1000 (adj 905): empty #25
06-17 19:41:44.562  1909  4174 I ActivityManager: Changes in 99157 19 to 3, 0 to 184
06-17 19:41:44.578  1909  4174 I ActivityManager: Changes in 10056 15 to 5, 0 to 144
06-17 19:41:50.642  1909  1971 I ActivityManager: Changes in 10056 5 to 15, 144 to 0
06-17 19:41:52.614  1909  1973 I ActivityManager: Start proc 27184:com.arcfire.online/u0a1051 for activelaunch {com.arcfire.online/com.arcfire.online.MainActivity}
06-17 19:41:52.615  1909  1973 I ActivityManager: ProcessObserver broadcast disabled
06-17 19:41:52.756  1909  1973 I ActivityManager: Start proc 27203:com.android.vending:instant_app_installer/u0a251 for service {com.android.vending/com.google.android.finsky.instantapps.metrics.LogFlushJob}
06-17 19:41:52.757  1909  1973 I ActivityManager: ProcessObserver broadcast disabled
06-17 19:41:52.785  1909  1973 I ActivityManager: Start proc 27204:com.samsung.android.sm.devicesecurity/u0a214 for service {com.samsung.android.sm.devicesecurity/com.samsung.android.sm.devicesecurity.BackgroundUpdateJobService}
06-17 19:41:52.803  1909  1973 I ActivityManager: ProcessObserver broadcast disabled
06-17 19:41:52.803  1909  1973 W ActivityManager: Slow operation: 63ms so far, now at startProcess: done updating pids map
06-17 19:41:52.918  1909  2776 I ActivityManager: Changes in 10214 19 to 8, 0 to 128
06-17 19:41:52.959  1909  2776 I ActivityManager: Changes in 10251 19 to 8, 0 to 128
06-17 19:41:53.288  1909  4338 I ActivityManager: Changes in 10251 8 to 10, 128 to 0
06-17 19:41:53.706  1909  3606 I ActivityManager: Changes in 11051 19 to 2, 0 to 255
06-17 19:41:54.002  1909  1965 I ActivityManager: Changes in 10147 2 to 5, 255 to 184
06-17 19:41:54.586  1909  1972 I ActivityManager: Changes in 10108 10 to 10, 0 to 128
06-17 19:41:54.592  1909  4338 I ActivityManager: Changes in 10108 10 to 10, 128 to 0
06-17 19:42:08.269  1909  2769 I ActivityManager: Changes in 99157 3 to 10, 184 to 0
06-17 19:42:08.274  1909  2749 I ActivityManager: Killing 26675:com.samsung.android.app.telephonyui/1001 (adj 975): empty #25
06-17 19:42:08.276  1909  2749 I ActivityManager: Killing 26642:com.google.android.as.oss/u0a248 (adj 985): empty #26
06-17 19:42:09.194  1909  2769 I ActivityManager: Changes in 10214 8 to 10, 128 to 0
06-17 19:42:19.205  1909  1972 I ActivityManager: Killing 26529:com.google.android.apps.turbo:aab/u0a250 (adj 975): empty #25
06-17 19:42:42.915 27184 27346 W ReactNativeJS: 'This method is deprecated (as well as all React Native Firebase namespaced API) and will be removed in the next major release as part of move to match Firebase Web modular SDK API. Please see migration guide for more details: https://rnfirebase.io/migrating-to-v22 Please use `getApp()` instead.', { [Component Stack] name: 'Component Stack' }
06-17 19:42:42.967 27184 27346 W ReactNativeJS: 'This method is deprecated (as well as all React Native Firebase namespaced API) and will be removed in the next major release as part of move to match Firebase Web modular SDK API. Please see migration guide for more details: https://rnfirebase.io/migrating-to-v22 Please use `getApp()` instead.', { [Component Stack] name: 'Component Stack' }
06-17 19:42:42.986 27184 27346 W ReactNativeJS: 'This method is deprecated (as well as all React Native Firebase namespaced API) and will be removed in the next major release as part of move to match Firebase Web modular SDK API. Please see migration guide for more details: https://rnfirebase.io/migrating-to-v22. Method called was `settings`. Please use `settings()` instead.', { [Component Stack] name: 'Component Stack' }
06-17 19:42:43.021 27184 27346 W ReactNativeJS: 'This method is deprecated (as well as all React Native Firebase namespaced API) and will be removed in the next major release as part of move to match Firebase Web modular SDK API. Please see migration guide for more details: https://rnfirebase.io/migrating-to-v22 Please use `getApp()` instead.', { [Component Stack] name: 'Component Stack' }
06-17 19:42:43.035 27184 27346 W ReactNativeJS: 'This method is deprecated (as well as all React Native Firebase namespaced API) and will be removed in the next major release as part of move to match Firebase Web modular SDK API. Please see migration guide for more details: https://rnfirebase.io/migrating-to-v22. Method called was `logEvent`. Please use `logEvent()` instead.', { [Component Stack] name: 'Component Stack' }
06-17 19:42:43.109  1909  2749 I ActivityManager: Changes in 99157 19 to 3, 0 to 184
06-17 19:42:43.501 27184 27346 W ReactNativeJS: This method is deprecated (as well as all React Native Firebase namespaced API) and will be removed in the next major release as part of move to match Firebase Web modular SDK API. Please see migration guide for more details: https://rnfirebase.io/migrating-to-v22. Method called was `FieldValue`. Please use `FieldValue` instead.
06-17 19:42:43.501 27184 27346 W ReactNativeJS: This method is deprecated (as well as all React Native Firebase namespaced API) and will be removed in the next major release as part of move to match Firebase Web modular SDK API. Please see migration guide for more details: https://rnfirebase.io/migrating-to-v22. Method called was `delete`. Please use `deleteField()` instead.
06-17 19:42:43.502 27184 27346 W ReactNativeJS: This method is deprecated (as well as all React Native Firebase namespaced API) and will be removed in the next major release as part of move to match Firebase Web modular SDK API. Please see migration guide for more details: https://rnfirebase.io/migrating-to-v22. Method called was `FieldValue`. Please use `FieldValue` instead.
06-17 19:42:43.503 27184 27346 W ReactNativeJS: This method is deprecated (as well as all React Native Firebase namespaced API) and will be removed in the next major release as part of move to match Firebase Web modular SDK API. Please see migration guide for more details: https://rnfirebase.io/migrating-to-v22. Method called was `serverTimestamp`. Please use `serverTimestamp()` instead.
06-17 19:42:46.757 27184 27346 W ReactNativeJS: This method is deprecated (as well as all React Native Firebase namespaced API) and will be removed in the next major release as part of move to match Firebase Web modular SDK API. Please see migration guide for more details: https://rnfirebase.io/migrating-to-v22. Method called was `FieldValue`. Please use `FieldValue` instead.
06-17 19:42:46.757 27184 27346 W ReactNativeJS: This method is deprecated (as well as all React Native Firebase namespaced API) and will be removed in the next major release as part of move to match Firebase Web modular SDK API. Please see migration guide for more details: https://rnfirebase.io/migrating-to-v22. Method called was `delete`. Please use `deleteField()` instead.
06-17 19:42:46.757 27184 27346 W ReactNativeJS: This method is deprecated (as well as all React Native Firebase namespaced API) and will be removed in the next major release as part of move to match Firebase Web modular SDK API. Please see migration guide for more details: https://rnfirebase.io/migrating-to-v22. Method called was `FieldValue`. Please use `FieldValue` instead.
06-17 19:42:46.758 27184 27346 W ReactNativeJS: This method is deprecated (as well as all React Native Firebase namespaced API) and will be removed in the next major release as part of move to match Firebase Web modular SDK API. Please see migration guide for more details: https://rnfirebase.io/migrating-to-v22. Method called was `serverTimestamp`. Please use `serverTimestamp()` instead.
06-17 19:42:53.205  1909  2769 I ActivityManager: Changes in 99157 3 to 10, 184 to 0
06-17 19:43:55.435  1909  1973 I ActivityManager: Start proc 27514:com.samsung.android.privacydashboard/u0a107 for content provider {com.samsung.android.privacydashboard/com.samsung.android.privacydashboard.provider.PermissionAccessInformationContentProvider}
06-17 19:43:55.435  1909  1973 I ActivityManager: ProcessObserver broadcast disabled
06-17 19:43:55.580  1909  4338 I ActivityManager: Changes in 10107 19 to 5, 0 to 144
06-17 19:44:01.699  1909  1971 I ActivityManager: Changes in 10107 5 to 15, 144 to 0
06-17 19:44:12.130  1909  1973 I ActivityManager: Start proc 27548:com.samsung.android.ce/u0a96 for broadcast {com.samsung.android.mcfds/com.samsung.android.ce.ContextEngineReceiver}
06-17 19:44:12.131  1909  1973 I ActivityManager: ProcessObserver broadcast disabled
06-17 19:44:12.494  1909  4338 I ActivityManager: Changes in 10096 19 to 11, 0 to 128
06-17 19:44:12.504  1909  4338 I ActivityManager: Killing 23528:com.android.vending:background/u0a251 (adj 975): empty #25
06-17 19:44:12.507  1909  4338 I ActivityManager: Changes in 10096 11 to 19, 128 to 0
06-17 19:44:12.686  1909  1972 I ActivityManager: Changes in 10096 19 to 11, 0 to 128
06-17 19:44:12.694  1909  4338 I ActivityManager: Changes in 10096 11 to 19, 128 to 0
06-17 19:44:12.699  1909  1972 I ActivityManager: Changes in 10096 19 to 11, 0 to 128
06-17 19:44:12.701  1909  2749 I ActivityManager: Changes in 10096 11 to 19, 128 to 0
06-17 19:44:12.787  1909  1973 I ActivityManager: Start proc 27625:com.sec.android.app.shealth/u0a328 for content provider {com.sec.android.app.shealth/com.samsung.android.app.shealth.insights.healthcontext.HealthContextProvider}
06-17 19:44:12.787  1909  1973 I ActivityManager: ProcessObserver broadcast disabled
06-17 19:44:12.802  1909  1973 I ActivityManager: Start proc 27626:com.samsung.aasaservice/1000 for broadcast {com.samsung.aasaservice/com.samsung.aasaservice.AASAUpdateReceiver}
06-17 19:44:12.802  1909  1973 I ActivityManager: ProcessObserver broadcast disabled
06-17 19:44:12.983  1909  2776 I ActivityManager: Changes in 10198 19 to 11, 0 to 128
06-17 19:44:13.011  1909  2776 I ActivityManager: Killing 26873:com.sec.android.provider.badge/u0a55 (adj 965): empty #25
06-17 19:44:13.015  1909  2776 I ActivityManager: Changes in 10198 11 to 19, 128 to 0
06-17 19:44:13.636  1909  1973 I ActivityManager: Start proc 27686:com.sec.android.app.shealth:remote/u0a328 for service {com.sec.android.app.shealth/com.samsung.android.service.health.HealthService}
06-17 19:44:13.636  1909  1973 I ActivityManager: ProcessObserver broadcast disabled
06-17 19:44:13.721  1909  1973 I ActivityManager: Start proc 27699:com.samsung.android.mcfds/u0a96 for content provider {com.samsung.android.mcfds/com.samsung.android.mcfds.handler.client.ClientProvider}
06-17 19:44:13.721  1909  1973 I ActivityManager: ProcessObserver broadcast disabled
06-17 19:44:13.950  1909  2776 I ActivityManager: Killing 26737:com.samsung.mfcontents/u0a95 (adj 965): empty #25
06-17 19:44:13.952  1909  2776 I ActivityManager: Killing 12524:com.samsung.android.dqagent/1000 (adj 965): empty #26
06-17 19:44:14.053  1909  2776 I ActivityManager: Killing 26765:com.lguplus.appstore/u0a99 (adj 955): empty #25
06-17 19:44:14.069  1909  2776 I ActivityManager: Changes in 10328 19 to 5, 0 to 184
06-17 19:44:14.070  1909  2776 I ActivityManager: Changes in 10117 19 to 5, 0 to 144
06-17 19:44:14.070  1909  2776 I ActivityManager: Changes in 10096 19 to 5, 0 to 184
06-17 19:44:19.610  1909  1971 I ActivityManager: Changes in 10328 5 to 15, 184 to 0
06-17 19:44:19.611  1909  1971 I ActivityManager: Changes in 10117 5 to 15, 144 to 0
06-17 19:44:24.125  1909  4338 I ActivityManager: Changes in 10096 5 to 10, 184 to 0
06-17 19:44:40.629  1909  1972 I ActivityManager: Killing 26503:com.google.android.partnersetup/u0a243 (adj 955): empty #25
06-17 19:44:44.205  1909  1972 I ActivityManager: Changes in 10096 19 to 11, 0 to 128
06-17 19:44:44.210  1909  3606 I ActivityManager: Changes in 10096 11 to 19, 128 to 0
06-17 19:44:47.860 27184 27346 W ReactNativeJS: This method is deprecated (as well as all React Native Firebase namespaced API) and will be removed in the next major release as part of move to match Firebase Web modular SDK API. Please see migration guide for more details: https://rnfirebase.io/migrating-to-v22. Method called was `FieldValue`. Please use `FieldValue` instead.
06-17 19:44:47.860 27184 27346 W ReactNativeJS: This method is deprecated (as well as all React Native Firebase namespaced API) and will be removed in the next major release as part of move to match Firebase Web modular SDK API. Please see migration guide for more details: https://rnfirebase.io/migrating-to-v22. Method called was `delete`. Please use `deleteField()` instead.
06-17 19:44:47.861 27184 27346 W ReactNativeJS: This method is deprecated (as well as all React Native Firebase namespaced API) and will be removed in the next major release as part of move to match Firebase Web modular SDK API. Please see migration guide for more details: https://rnfirebase.io/migrating-to-v22. Method called was `FieldValue`. Please use `FieldValue` instead.
06-17 19:44:47.861 27184 27346 W ReactNativeJS: This method is deprecated (as well as all React Native Firebase namespaced API) and will be removed in the next major release as part of move to match Firebase Web modular SDK API. Please see migration guide for more details: https://rnfirebase.io/migrating-to-v22. Method called was `serverTimestamp`. Please use `serverTimestamp()` instead.
06-17 19:45:18.408  1909  1972 I ActivityManager: Changes in 10096 19 to 11, 0 to 128
06-17 19:45:28.429  1909  2065 I ActivityManager: Changes in 10096 19 to 19, 128 to 0
06-17 19:45:38.657  1909  1972 I ActivityManager: Changes in 10096 19 to 11, 0 to 128
06-17 19:45:48.669  1909  2065 I ActivityManager: Changes in 10096 19 to 19, 128 to 0
06-17 19:46:53.041 27184 27346 W ReactNativeJS: This method is deprecated (as well as all React Native Firebase namespaced API) and will be removed in the next major release as part of move to match Firebase Web modular SDK API. Please see migration guide for more details: https://rnfirebase.io/migrating-to-v22. Method called was `FieldValue`. Please use `FieldValue` instead.
06-17 19:46:53.041 27184 27346 W ReactNativeJS: This method is deprecated (as well as all React Native Firebase namespaced API) and will be removed in the next major release as part of move to match Firebase Web modular SDK API. Please see migration guide for more details: https://rnfirebase.io/migrating-to-v22. Method called was `delete`. Please use `deleteField()` instead.
06-17 19:46:53.042 27184 27346 W ReactNativeJS: This method is deprecated (as well as all React Native Firebase namespaced API) and will be removed in the next major release as part of move to match Firebase Web modular SDK API. Please see migration guide for more details: https://rnfirebase.io/migrating-to-v22. Method called was `FieldValue`. Please use `FieldValue` instead.
06-17 19:46:53.042 27184 27346 W ReactNativeJS: This method is deprecated (as well as all React Native Firebase namespaced API) and will be removed in the next major release as part of move to match Firebase Web modular SDK API. Please see migration guide for more details: https://rnfirebase.io/migrating-to-v22. Method called was `serverTimestamp`. Please use `serverTimestamp()` instead.
06-17 19:48:54.877 27184 27346 W ReactNativeJS: This method is deprecated (as well as all React Native Firebase namespaced API) and will be removed in the next major release as part of move to match Firebase Web modular SDK API. Please see migration guide for more details: https://rnfirebase.io/migrating-to-v22. Method called was `FieldValue`. Please use `FieldValue` instead.
06-17 19:48:54.878 27184 27346 W ReactNativeJS: This method is deprecated (as well as all React Native Firebase namespaced API) and will be removed in the next major release as part of move to match Firebase Web modular SDK API. Please see migration guide for more details: https://rnfirebase.io/migrating-to-v22. Method called was `delete`. Please use `deleteField()` instead.
06-17 19:48:54.878 27184 27346 W ReactNativeJS: This method is deprecated (as well as all React Native Firebase namespaced API) and will be removed in the next major release as part of move to match Firebase Web modular SDK API. Please see migration guide for more details: https://rnfirebase.io/migrating-to-v22. Method called was `FieldValue`. Please use `FieldValue` instead.
06-17 19:48:54.878 27184 27346 W ReactNativeJS: This method is deprecated (as well as all React Native Firebase namespaced API) and will be removed in the next major release as part of move to match Firebase Web modular SDK API. Please see migration guide for more details: https://rnfirebase.io/migrating-to-v22. Method called was `serverTimestamp`. Please use `serverTimestamp()` instead.
06-17 19:50:55.870 27184 27346 W ReactNativeJS: This method is deprecated (as well as all React Native Firebase namespaced API) and will be removed in the next major release as part of move to match Firebase Web modular SDK API. Please see migration guide for more details: https://rnfirebase.io/migrating-to-v22. Method called was `FieldValue`. Please use `FieldValue` instead.
06-17 19:50:55.871 27184 27346 W ReactNativeJS: This method is deprecated (as well as all React Native Firebase namespaced API) and will be removed in the next major release as part of move to match Firebase Web modular SDK API. Please see migration guide for more details: https://rnfirebase.io/migrating-to-v22. Method called was `delete`. Please use `deleteField()` instead.
06-17 19:50:55.871 27184 27346 W ReactNativeJS: This method is deprecated (as well as all React Native Firebase namespaced API) and will be removed in the next major release as part of move to match Firebase Web modular SDK API. Please see migration guide for more details: https://rnfirebase.io/migrating-to-v22. Method called was `FieldValue`. Please use `FieldValue` instead.
06-17 19:50:55.872 27184 27346 W ReactNativeJS: This method is deprecated (as well as all React Native Firebase namespaced API) and will be removed in the next major release as part of move to match Firebase Web modular SDK API. Please see migration guide for more details: https://rnfirebase.io/migrating-to-v22. Method called was `serverTimestamp`. Please use `serverTimestamp()` instead.
06-17 19:53:02.176 27184 27346 W ReactNativeJS: This method is deprecated (as well as all React Native Firebase namespaced API) and will be removed in the next major release as part of move to match Firebase Web modular SDK API. Please see migration guide for more details: https://rnfirebase.io/migrating-to-v22. Method called was `FieldValue`. Please use `FieldValue` instead.
06-17 19:53:02.177 27184 27346 W ReactNativeJS: This method is deprecated (as well as all React Native Firebase namespaced API) and will be removed in the next major release as part of move to match Firebase Web modular SDK API. Please see migration guide for more details: https://rnfirebase.io/migrating-to-v22. Method called was `delete`. Please use `deleteField()` instead.
06-17 19:53:02.177 27184 27346 W ReactNativeJS: This method is deprecated (as well as all React Native Firebase namespaced API) and will be removed in the next major release as part of move to match Firebase Web modular SDK API. Please see migration guide for more details: https://rnfirebase.io/migrating-to-v22. Method called was `FieldValue`. Please use `FieldValue` instead.
06-17 19:53:02.178 27184 27346 W ReactNativeJS: This method is deprecated (as well as all React Native Firebase namespaced API) and will be removed in the next major release as part of move to match Firebase Web modular SDK API. Please see migration guide for more details: https://rnfirebase.io/migrating-to-v22. Method called was `serverTimestamp`. Please use `serverTimestamp()` instead.
06-17 19:54:48.403  1909  1973 I ActivityManager: Start proc 28112:com.google.android.googlequicksearchbox:search/u0a253 for broadcast {com.google.android.googlequicksearchbox/com.google.android.libraries.search.gcm.search.SearchProcessGcmBroadcastReceiver_Receiver}
06-17 19:54:48.403  1909  1973 I ActivityManager: ProcessObserver broadcast disabled
06-17 19:54:48.638  1909  4338 I ActivityManager: Killing 26751:com.google.android.gms.unstable/u0a252 (adj 945): empty #25
06-17 19:55:02.200 27184 27346 W ReactNativeJS: This method is deprecated (as well as all React Native Firebase namespaced API) and will be removed in the next major release as part of move to match Firebase Web modular SDK API. Please see migration guide for more details: https://rnfirebase.io/migrating-to-v22. Method called was `FieldValue`. Please use `FieldValue` instead.
06-17 19:55:02.201 27184 27346 W ReactNativeJS: This method is deprecated (as well as all React Native Firebase namespaced API) and will be removed in the next major release as part of move to match Firebase Web modular SDK API. Please see migration guide for more details: https://rnfirebase.io/migrating-to-v22. Method called was `delete`. Please use `deleteField()` instead.
06-17 19:55:02.202 27184 27346 W ReactNativeJS: This method is deprecated (as well as all React Native Firebase namespaced API) and will be removed in the next major release as part of move to match Firebase Web modular SDK API. Please see migration guide for more details: https://rnfirebase.io/migrating-to-v22. Method called was `FieldValue`. Please use `FieldValue` instead.
06-17 19:55:02.202 27184 27346 W ReactNativeJS: This method is deprecated (as well as all React Native Firebase namespaced API) and will be removed in the next major release as part of move to match Firebase Web modular SDK API. Please see migration guide for more details: https://rnfirebase.io/migrating-to-v22. Method called was `serverTimestamp`. Please use `serverTimestamp()` instead.
06-17 19:57:08.560 27184 27346 W ReactNativeJS: This method is deprecated (as well as all React Native Firebase namespaced API) and will be removed in the next major release as part of move to match Firebase Web modular SDK API. Please see migration guide for more details: https://rnfirebase.io/migrating-to-v22. Method called was `FieldValue`. Please use `FieldValue` instead.
06-17 19:57:08.560 27184 27346 W ReactNativeJS: This method is deprecated (as well as all React Native Firebase namespaced API) and will be removed in the next major release as part of move to match Firebase Web modular SDK API. Please see migration guide for more details: https://rnfirebase.io/migrating-to-v22. Method called was `delete`. Please use `deleteField()` instead.
06-17 19:57:08.561 27184 27346 W ReactNativeJS: This method is deprecated (as well as all React Native Firebase namespaced API) and will be removed in the next major release as part of move to match Firebase Web modular SDK API. Please see migration guide for more details: https://rnfirebase.io/migrating-to-v22. Method called was `FieldValue`. Please use `FieldValue` instead.
06-17 19:57:08.561 27184 27346 W ReactNativeJS: This method is deprecated (as well as all React Native Firebase namespaced API) and will be removed in the next major release as part of move to match Firebase Web modular SDK API. Please see migration guide for more details: https://rnfirebase.io/migrating-to-v22. Method called was `serverTimestamp`. Please use `serverTimestamp()` instead.
06-17 19:59:09.176 27184 27346 W ReactNativeJS: This method is deprecated (as well as all React Native Firebase namespaced API) and will be removed in the next major release as part of move to match Firebase Web modular SDK API. Please see migration guide for more details: https://rnfirebase.io/migrating-to-v22. Method called was `FieldValue`. Please use `FieldValue` instead.
06-17 19:59:09.176 27184 27346 W ReactNativeJS: This method is deprecated (as well as all React Native Firebase namespaced API) and will be removed in the next major release as part of move to match Firebase Web modular SDK API. Please see migration guide for more details: https://rnfirebase.io/migrating-to-v22. Method called was `delete`. Please use `deleteField()` instead.
06-17 19:59:09.182 27184 27346 W ReactNativeJS: This method is deprecated (as well as all React Native Firebase namespaced API) and will be removed in the next major release as part of move to match Firebase Web modular SDK API. Please see migration guide for more details: https://rnfirebase.io/migrating-to-v22. Method called was `FieldValue`. Please use `FieldValue` instead.
06-17 19:59:09.182 27184 27346 W ReactNativeJS: This method is deprecated (as well as all React Native Firebase namespaced API) and will be removed in the next major release as part of move to match Firebase Web modular SDK API. Please see migration guide for more details: https://rnfirebase.io/migrating-to-v22. Method called was `serverTimestamp`. Please use `serverTimestamp()` instead.
06-17 19:59:15.337  1909  2410 I ActivityManager: Killing 27203:com.android.vending:instant_app_installer/u0a251 (adj 905): Chimera #0
06-17 19:59:15.339  1909  2410 I ActivityManager: Killing 23400:com.android.vending/u0a251 (adj 925): Chimera #0
06-17 20:00:18.184  1909  2410 I ActivityManager: Killing 26982:com.samsung.android.calendar/u0a222 (adj 935): Chimera #0
06-17 20:01:09.224 27184 27346 W ReactNativeJS: This method is deprecated (as well as all React Native Firebase namespaced API) and will be removed in the next major release as part of move to match Firebase Web modular SDK API. Please see migration guide for more details: https://rnfirebase.io/migrating-to-v22. Method called was `FieldValue`. Please use `FieldValue` instead.
06-17 20:01:09.225 27184 27346 W ReactNativeJS: This method is deprecated (as well as all React Native Firebase namespaced API) and will be removed in the next major release as part of move to match Firebase Web modular SDK API. Please see migration guide for more details: https://rnfirebase.io/migrating-to-v22. Method called was `delete`. Please use `deleteField()` instead.
06-17 20:01:09.225 27184 27346 W ReactNativeJS: This method is deprecated (as well as all React Native Firebase namespaced API) and will be removed in the next major release as part of move to match Firebase Web modular SDK API. Please see migration guide for more details: https://rnfirebase.io/migrating-to-v22. Method called was `FieldValue`. Please use `FieldValue` instead.
06-17 20:01:09.226 27184 27346 W ReactNativeJS: This method is deprecated (as well as all React Native Firebase namespaced API) and will be removed in the next major release as part of move to match Firebase Web modular SDK API. Please see migration guide for more details: https://rnfirebase.io/migrating-to-v22. Method called was `serverTimestamp`. Please use `serverTimestamp()` instead.
06-17 20:01:42.695  1909  1972 I ActivityManager: Changes in 10096 19 to 11, 0 to 128
06-17 20:01:42.697  1909  4206 I ActivityManager: Changes in 10096 11 to 19, 128 to 0
06-17 20:01:42.711  1909  1973 I ActivityManager: Start proc 28385:com.samsung.android.game.gos/u0a76 for service {com.samsung.android.game.gos/com.samsung.android.game.gos.service.MainIntentService}
06-17 20:01:42.712  1909  1973 I ActivityManager: ProcessObserver broadcast disabled
06-17 20:03:16.538 27184 27346 W ReactNativeJS: This method is deprecated (as well as all React Native Firebase namespaced API) and will be removed in the next major release as part of move to match Firebase Web modular SDK API. Please see migration guide for more details: https://rnfirebase.io/migrating-to-v22. Method called was `FieldValue`. Please use `FieldValue` instead.
06-17 20:03:16.539 27184 27346 W ReactNativeJS: This method is deprecated (as well as all React Native Firebase namespaced API) and will be removed in the next major release as part of move to match Firebase Web modular SDK API. Please see migration guide for more details: https://rnfirebase.io/migrating-to-v22. Method called was `delete`. Please use `deleteField()` instead.
06-17 20:03:16.539 27184 27346 W ReactNativeJS: This method is deprecated (as well as all React Native Firebase namespaced API) and will be removed in the next major release as part of move to match Firebase Web modular SDK API. Please see migration guide for more details: https://rnfirebase.io/migrating-to-v22. Method called was `FieldValue`. Please use `FieldValue` instead.
06-17 20:03:16.540 27184 27346 W ReactNativeJS: This method is deprecated (as well as all React Native Firebase namespaced API) and will be removed in the next major release as part of move to match Firebase Web modular SDK API. Please see migration guide for more details: https://rnfirebase.io/migrating-to-v22. Method called was `serverTimestamp`. Please use `serverTimestamp()` instead.
06-17 20:03:44.830  1909  1972 I ActivityManager: Changes in 10096 19 to 11, 0 to 128
06-17 20:03:44.835  1909  2057 I ActivityManager: Changes in 10096 11 to 19, 128 to 0
06-17 20:05:18.408  1909  1972 I ActivityManager: Changes in 10096 19 to 11, 0 to 128
06-17 20:05:18.434  1909  1935 I ActivityManager: Changes in 99157 19 to 5, 0 to 184
06-17 20:05:21.483 27184 27346 W ReactNativeJS: This method is deprecated (as well as all React Native Firebase namespaced API) and will be removed in the next major release as part of move to match Firebase Web modular SDK API. Please see migration guide for more details: https://rnfirebase.io/migrating-to-v22. Method called was `FieldValue`. Please use `FieldValue` instead.
06-17 20:05:21.484 27184 27346 W ReactNativeJS: This method is deprecated (as well as all React Native Firebase namespaced API) and will be removed in the next major release as part of move to match Firebase Web modular SDK API. Please see migration guide for more details: https://rnfirebase.io/migrating-to-v22. Method called was `delete`. Please use `deleteField()` instead.
06-17 20:05:21.484 27184 27346 W ReactNativeJS: This method is deprecated (as well as all React Native Firebase namespaced API) and will be removed in the next major release as part of move to match Firebase Web modular SDK API. Please see migration guide for more details: https://rnfirebase.io/migrating-to-v22. Method called was `FieldValue`. Please use `FieldValue` instead.
06-17 20:05:21.485 27184 27346 W ReactNativeJS: This method is deprecated (as well as all React Native Firebase namespaced API) and will be removed in the next major release as part of move to match Firebase Web modular SDK API. Please see migration guide for more details: https://rnfirebase.io/migrating-to-v22. Method called was `serverTimestamp`. Please use `serverTimestamp()` instead.
06-17 20:05:28.429  1909  2065 I ActivityManager: Changes in 10096 19 to 19, 128 to 0
06-17 20:05:33.502  1909  4206 I ActivityManager: Changes in 99157 5 to 10, 184 to 0
06-17 20:07:52.536 27184 27346 W ReactNativeJS: This method is deprecated (as well as all React Native Firebase namespaced API) and will be removed in the next major release as part of move to match Firebase Web modular SDK API. Please see migration guide for more details: https://rnfirebase.io/migrating-to-v22. Method called was `FieldValue`. Please use `FieldValue` instead.
06-17 20:07:52.536 27184 27346 W ReactNativeJS: This method is deprecated (as well as all React Native Firebase namespaced API) and will be removed in the next major release as part of move to match Firebase Web modular SDK API. Please see migration guide for more details: https://rnfirebase.io/migrating-to-v22. Method called was `delete`. Please use `deleteField()` instead.
06-17 20:07:52.536 27184 27346 W ReactNativeJS: This method is deprecated (as well as all React Native Firebase namespaced API) and will be removed in the next major release as part of move to match Firebase Web modular SDK API. Please see migration guide for more details: https://rnfirebase.io/migrating-to-v22. Method called was `FieldValue`. Please use `FieldValue` instead.
06-17 20:07:52.537 27184 27346 W ReactNativeJS: This method is deprecated (as well as all React Native Firebase namespaced API) and will be removed in the next major release as part of move to match Firebase Web modular SDK API. Please see migration guide for more details: https://rnfirebase.io/migrating-to-v22. Method called was `serverTimestamp`. Please use `serverTimestamp()` instead.
06-17 20:10:05.643 27184 27346 W ReactNativeJS: This method is deprecated (as well as all React Native Firebase namespaced API) and will be removed in the next major release as part of move to match Firebase Web modular SDK API. Please see migration guide for more details: https://rnfirebase.io/migrating-to-v22. Method called was `FieldValue`. Please use `FieldValue` instead.
06-17 20:10:05.644 27184 27346 W ReactNativeJS: This method is deprecated (as well as all React Native Firebase namespaced API) and will be removed in the next major release as part of move to match Firebase Web modular SDK API. Please see migration guide for more details: https://rnfirebase.io/migrating-to-v22. Method called was `delete`. Please use `deleteField()` instead.
06-17 20:10:05.645 27184 27346 W ReactNativeJS: This method is deprecated (as well as all React Native Firebase namespaced API) and will be removed in the next major release as part of move to match Firebase Web modular SDK API. Please see migration guide for more details: https://rnfirebase.io/migrating-to-v22. Method called was `FieldValue`. Please use `FieldValue` instead.
06-17 20:10:05.645 27184 27346 W ReactNativeJS: This method is deprecated (as well as all React Native Firebase namespaced API) and will be removed in the next major release as part of move to match Firebase Web modular SDK API. Please see migration guide for more details: https://rnfirebase.io/migrating-to-v22. Method called was `serverTimestamp`. Please use `serverTimestamp()` instead.
06-17 20:12:06.221 27184 27346 W ReactNativeJS: This method is deprecated (as well as all React Native Firebase namespaced API) and will be removed in the next major release as part of move to match Firebase Web modular SDK API. Please see migration guide for more details: https://rnfirebase.io/migrating-to-v22. Method called was `FieldValue`. Please use `FieldValue` instead.
06-17 20:12:06.221 27184 27346 W ReactNativeJS: This method is deprecated (as well as all React Native Firebase namespaced API) and will be removed in the next major release as part of move to match Firebase Web modular SDK API. Please see migration guide for more details: https://rnfirebase.io/migrating-to-v22. Method called was `delete`. Please use `deleteField()` instead.
06-17 20:12:06.222 27184 27346 W ReactNativeJS: This method is deprecated (as well as all React Native Firebase namespaced API) and will be removed in the next major release as part of move to match Firebase Web modular SDK API. Please see migration guide for more details: https://rnfirebase.io/migrating-to-v22. Method called was `FieldValue`. Please use `FieldValue` instead.
06-17 20:12:06.222 27184 27346 W ReactNativeJS: This method is deprecated (as well as all React Native Firebase namespaced API) and will be removed in the next major release as part of move to match Firebase Web modular SDK API. Please see migration guide for more details: https://rnfirebase.io/migrating-to-v22. Method called was `serverTimestamp`. Please use `serverTimestamp()` instead.
06-17 20:14:07.580  1909  9411 I ActivityManager: Changes in 10107 19 to 5, 0 to 144
06-17 20:14:10.632 27184 27346 W ReactNativeJS: This method is deprecated (as well as all React Native Firebase namespaced API) and will be removed in the next major release as part of move to match Firebase Web modular SDK API. Please see migration guide for more details: https://rnfirebase.io/migrating-to-v22. Method called was `FieldValue`. Please use `FieldValue` instead.
06-17 20:14:10.632 27184 27346 W ReactNativeJS: This method is deprecated (as well as all React Native Firebase namespaced API) and will be removed in the next major release as part of move to match Firebase Web modular SDK API. Please see migration guide for more details: https://rnfirebase.io/migrating-to-v22. Method called was `delete`. Please use `deleteField()` instead.
06-17 20:14:10.633 27184 27346 W ReactNativeJS: This method is deprecated (as well as all React Native Firebase namespaced API) and will be removed in the next major release as part of move to match Firebase Web modular SDK API. Please see migration guide for more details: https://rnfirebase.io/migrating-to-v22. Method called was `FieldValue`. Please use `FieldValue` instead.
06-17 20:14:10.634 27184 27346 W ReactNativeJS: This method is deprecated (as well as all React Native Firebase namespaced API) and will be removed in the next major release as part of move to match Firebase Web modular SDK API. Please see migration guide for more details: https://rnfirebase.io/migrating-to-v22. Method called was `serverTimestamp`. Please use `serverTimestamp()` instead.
06-17 20:14:13.645  1909  1971 I ActivityManager: Changes in 10107 5 to 15, 144 to 0
06-17 20:14:29.412  1909  1935 I ActivityManager: Changes in 99157 19 to 8, 0 to 128
06-17 20:14:29.465  1909  1935 I ActivityManager: Changes in 99157 8 to 10, 128 to 0
06-17 20:14:29.634  1909  2057 I ActivityManager: Changes in 99157 19 to 5, 0 to 184
06-17 20:14:34.087  1909  3050 W ActivityManager: pid 6077 com.google.android.gms.persistent sent binder code 2 with flags 1 to frozen apps and got error -32
06-17 20:14:34.442  1909  1973 I ActivityManager: Start proc 28812:com.samsung.android.app.sharelive/5026 for broadcast {com.samsung.android.app.sharelive/com.samsung.android.app.sharelive.presentation.receiver.NearbyShareReceiver}
06-17 20:14:34.442  1909  1973 I ActivityManager: ProcessObserver broadcast disabled
06-17 20:14:34.951  1909  3434 I ActivityManager: Changes in 10117 19 to 11, 0 to 128
06-17 20:14:34.953  1909  3434 I ActivityManager: Changes in 5026 19 to 11, 0 to 128
06-17 20:14:34.954  1909  3434 I ActivityManager: Changes in 5025 8 to 8, 0 to 128
06-17 20:14:34.979  1909  4206 I ActivityManager: Changes in 10117 11 to 19, 128 to 0
06-17 20:14:34.979  1909  4206 I ActivityManager: Changes in 5026 11 to 19, 128 to 0
06-17 20:14:34.979  1909  4206 I ActivityManager: Changes in 5025 8 to 8, 128 to 0
06-17 20:14:44.758  1909  4356 I ActivityManager: Changes in 99157 5 to 10, 184 to 0
06-17 20:16:19.981 27184 27346 W ReactNativeJS: This method is deprecated (as well as all React Native Firebase namespaced API) and will be removed in the next major release as part of move to match Firebase Web modular SDK API. Please see migration guide for more details: https://rnfirebase.io/migrating-to-v22. Method called was `FieldValue`. Please use `FieldValue` instead.
06-17 20:16:19.981 27184 27346 W ReactNativeJS: This method is deprecated (as well as all React Native Firebase namespaced API) and will be removed in the next major release as part of move to match Firebase Web modular SDK API. Please see migration guide for more details: https://rnfirebase.io/migrating-to-v22. Method called was `delete`. Please use `deleteField()` instead.
06-17 20:16:19.982 27184 27346 W ReactNativeJS: This method is deprecated (as well as all React Native Firebase namespaced API) and will be removed in the next major release as part of move to match Firebase Web modular SDK API. Please see migration guide for more details: https://rnfirebase.io/migrating-to-v22. Method called was `FieldValue`. Please use `FieldValue` instead.
06-17 20:16:19.982 27184 27346 W ReactNativeJS: This method is deprecated (as well as all React Native Firebase namespaced API) and will be removed in the next major release as part of move to match Firebase Web modular SDK API. Please see migration guide for more details: https://rnfirebase.io/migrating-to-v22. Method called was `serverTimestamp`. Please use `serverTimestamp()` instead.
06-17 20:18:21.319 27184 27346 W ReactNativeJS: This method is deprecated (as well as all React Native Firebase namespaced API) and will be removed in the next major release as part of move to match Firebase Web modular SDK API. Please see migration guide for more details: https://rnfirebase.io/migrating-to-v22. Method called was `FieldValue`. Please use `FieldValue` instead.
06-17 20:18:21.320 27184 27346 W ReactNativeJS: This method is deprecated (as well as all React Native Firebase namespaced API) and will be removed in the next major release as part of move to match Firebase Web modular SDK API. Please see migration guide for more details: https://rnfirebase.io/migrating-to-v22. Method called was `delete`. Please use `deleteField()` instead.
06-17 20:18:21.320 27184 27346 W ReactNativeJS: This method is deprecated (as well as all React Native Firebase namespaced API) and will be removed in the next major release as part of move to match Firebase Web modular SDK API. Please see migration guide for more details: https://rnfirebase.io/migrating-to-v22. Method called was `FieldValue`. Please use `FieldValue` instead.
06-17 20:18:21.321 27184 27346 W ReactNativeJS: This method is deprecated (as well as all React Native Firebase namespaced API) and will be removed in the next major release as part of move to match Firebase Web modular SDK API. Please see migration guide for more details: https://rnfirebase.io/migrating-to-v22. Method called was `serverTimestamp`. Please use `serverTimestamp()` instead.
06-17 20:19:12.708  1909  1972 I ActivityManager: Changes in 10108 10 to 10, 0 to 128
06-17 20:19:12.713  1909  1972 I ActivityManager: Changes in 10096 19 to 11, 0 to 128
06-17 20:19:12.714  1909  2057 I ActivityManager: Changes in 10108 10 to 10, 128 to 0
06-17 20:19:12.723  1909  2057 I ActivityManager: Changes in 10096 11 to 19, 128 to 0
06-17 20:20:31.759 27184 27346 W ReactNativeJS: This method is deprecated (as well as all React Native Firebase namespaced API) and will be removed in the next major release as part of move to match Firebase Web modular SDK API. Please see migration guide for more details: https://rnfirebase.io/migrating-to-v22. Method called was `FieldValue`. Please use `FieldValue` instead.
06-17 20:20:31.760 27184 27346 W ReactNativeJS: This method is deprecated (as well as all React Native Firebase namespaced API) and will be removed in the next major release as part of move to match Firebase Web modular SDK API. Please see migration guide for more details: https://rnfirebase.io/migrating-to-v22. Method called was `delete`. Please use `deleteField()` instead.
06-17 20:20:31.761 27184 27346 W ReactNativeJS: This method is deprecated (as well as all React Native Firebase namespaced API) and will be removed in the next major release as part of move to match Firebase Web modular SDK API. Please see migration guide for more details: https://rnfirebase.io/migrating-to-v22. Method called was `FieldValue`. Please use `FieldValue` instead.
06-17 20:20:31.761 27184 27346 W ReactNativeJS: This method is deprecated (as well as all React Native Firebase namespaced API) and will be removed in the next major release as part of move to match Firebase Web modular SDK API. Please see migration guide for more details: https://rnfirebase.io/migrating-to-v22. Method called was `serverTimestamp`. Please use `serverTimestamp()` instead.
06-17 20:22:36.143 27184 27346 W ReactNativeJS: This method is deprecated (as well as all React Native Firebase namespaced API) and will be removed in the next major release as part of move to match Firebase Web modular SDK API. Please see migration guide for more details: https://rnfirebase.io/migrating-to-v22. Method called was `FieldValue`. Please use `FieldValue` instead.
06-17 20:22:36.144 27184 27346 W ReactNativeJS: This method is deprecated (as well as all React Native Firebase namespaced API) and will be removed in the next major release as part of move to match Firebase Web modular SDK API. Please see migration guide for more details: https://rnfirebase.io/migrating-to-v22. Method called was `delete`. Please use `deleteField()` instead.
06-17 20:22:36.144 27184 27346 W ReactNativeJS: This method is deprecated (as well as all React Native Firebase namespaced API) and will be removed in the next major release as part of move to match Firebase Web modular SDK API. Please see migration guide for more details: https://rnfirebase.io/migrating-to-v22. Method called was `FieldValue`. Please use `FieldValue` instead.
06-17 20:22:36.145 27184 27346 W ReactNativeJS: This method is deprecated (as well as all React Native Firebase namespaced API) and will be removed in the next major release as part of move to match Firebase Web modular SDK API. Please see migration guide for more details: https://rnfirebase.io/migrating-to-v22. Method called was `serverTimestamp`. Please use `serverTimestamp()` instead.
06-17 20:24:57.694  1909  1972 I ActivityManager: Changes in 10096 19 to 11, 0 to 128
06-17 20:24:57.699  1909  1935 I ActivityManager: Changes in 10096 11 to 19, 128 to 0
06-17 20:25:06.598 27184 27346 W ReactNativeJS: This method is deprecated (as well as all React Native Firebase namespaced API) and will be removed in the next major release as part of move to match Firebase Web modular SDK API. Please see migration guide for more details: https://rnfirebase.io/migrating-to-v22. Method called was `FieldValue`. Please use `FieldValue` instead.
06-17 20:25:06.598 27184 27346 W ReactNativeJS: This method is deprecated (as well as all React Native Firebase namespaced API) and will be removed in the next major release as part of move to match Firebase Web modular SDK API. Please see migration guide for more details: https://rnfirebase.io/migrating-to-v22. Method called was `delete`. Please use `deleteField()` instead.
06-17 20:25:06.599 27184 27346 W ReactNativeJS: This method is deprecated (as well as all React Native Firebase namespaced API) and will be removed in the next major release as part of move to match Firebase Web modular SDK API. Please see migration guide for more details: https://rnfirebase.io/migrating-to-v22. Method called was `FieldValue`. Please use `FieldValue` instead.
06-17 20:25:06.599 27184 27346 W ReactNativeJS: This method is deprecated (as well as all React Native Firebase namespaced API) and will be removed in the next major release as part of move to match Firebase Web modular SDK API. Please see migration guide for more details: https://rnfirebase.io/migrating-to-v22. Method called was `serverTimestamp`. Please use `serverTimestamp()` instead.
06-17 20:25:18.413  1909  1972 I ActivityManager: Changes in 10096 19 to 11, 0 to 128
06-17 20:25:18.424  1909  1935 I ActivityManager: Changes in 99157 19 to 5, 0 to 184
06-17 20:25:28.424  1909  2065 I ActivityManager: Changes in 10096 19 to 19, 128 to 0
06-17 20:25:33.485  1909  3434 I ActivityManager: Changes in 99157 5 to 10, 184 to 0
06-17 20:27:36.766  1909  1935 I ActivityManager: Changes in 99157 19 to 8, 0 to 128
06-17 20:27:36.795  1909  2057 I ActivityManager: Changes in 99157 8 to 10, 128 to 0
06-17 20:27:36.898  1909  1935 I ActivityManager: Changes in 99157 19 to 8, 0 to 128
06-17 20:27:36.995  1909  3050 I ActivityManager: Changes in 99157 8 to 10, 128 to 0
06-17 20:28:04.711  1909  1972 I ActivityManager: Changes in 10096 19 to 11, 0 to 128
06-17 20:28:04.722  1909  4206 I ActivityManager: Changes in 10096 11 to 19, 128 to 0
06-17 20:33:44.827  1909  1972 I ActivityManager: Changes in 10096 19 to 11, 0 to 128
06-17 20:33:44.833  1909  2057 I ActivityManager: Changes in 10096 11 to 19, 128 to 0
06-17 20:34:19.355  1909  3050 I ActivityManager: com.samsung.android.app.telephonyui is exempt from freezer by list
06-17 20:34:19.369  1909  1973 I ActivityManager: Start proc 29463:com.samsung.android.app.telephonyui/1001 for content provider {com.samsung.android.app.telephonyui/com.samsung.android.app.telephonyui.provider.InternalContentProvider}
06-17 20:34:19.369  1909  1973 I ActivityManager: ProcessObserver broadcast disabled
06-17 20:36:42.738  1909  1972 I ActivityManager: Changes in 10096 19 to 11, 0 to 128
06-17 20:36:42.746  1909  3050 I ActivityManager: Changes in 10096 11 to 19, 128 to 0
06-17 20:39:07.221 27184 27346 E ReactNativeJS: ReferenceError: Property 'COLORS' doesn't exist
06-17 20:39:12.588  1909  1965 I ActivityManager: Changes in 10147 5 to 2, 184 to 255
06-17 20:39:13.277  1909  1965 I ActivityManager: Changes in 11051 2 to 15, 255 to 128
06-17 20:39:13.411  1909  1935 I ActivityManager: Changes in 99157 19 to 10, 0 to 128
06-17 20:39:13.441  1909  4356 I ActivityManager: Changes in 99157 15 to 15, 128 to 0
06-17 20:39:13.442  1909  4356 I ActivityManager: Changes in 11051 15 to 15, 128 to 0
06-17 20:39:15.052  1909  1965 I ActivityManager: Killing 15281:com.sec.android.gallery3d/u0a124 (adj 905): remove task
06-17 20:39:15.059  1909  1965 I ActivityManager: Killing 26323:com.google.android.syncadapters.calendar/u0a257 (adj 985): empty #25
06-17 20:39:15.063  1909  1965 I ActivityManager: Killing 27184:com.arcfire.online/u0a1051 (adj 905): remove task
06-17 20:39:15.146  1909  1965 I ActivityManager: Changes in 99156 6 to 3, 0 to 184
06-17 20:39:15.149  1909  1965 I ActivityManager: Changes in 10275 6 to 2, 0 to 255
06-17 20:39:15.150  1909  1965 I ActivityManager: Changes in 10266 19 to 19, 0 to 128
06-17 20:39:15.360  1909  1965 W ActivityManager: setHasOverlayUi called on unknown pid: 15281
06-17 20:39:15.583  1909  1965 W ActivityManager: setHasOverlayUi called on unknown pid: 27184
06-17 20:39:15.665  1909  1965 I ActivityManager: Changes in 99156 3 to 6, 184 to 128
06-17 20:39:15.665  1909  1965 I ActivityManager: Changes in 10275 2 to 6, 255 to 128
06-17 20:39:15.674  1909  2057 I ActivityManager: Changes in 99156 6 to 6, 128 to 0
06-17 20:39:15.675  1909  2057 I ActivityManager: Changes in 10275 6 to 6, 128 to 0
06-17 20:39:15.675  1909  2057 I ActivityManager: Changes in 10266 17 to 17, 128 to 0
06-17 20:40:28.074  1909  1973 I ActivityManager: Start proc 29757:com.samsung.android.dqagent/1000 for broadcast {com.samsung.android.dqagent/com.samsung.android.dqagent.receiver.DQADataReceiver}
06-17 20:40:28.074  1909  1973 I ActivityManager: ProcessObserver broadcast disabled
06-17 20:40:28.265  1909  1973 I ActivityManager: Start proc 29780:com.ss.android.ugc.trill/u0a388 for broadcast {com.ss.android.ugc.trill/com.google.firebase.iid.FirebaseInstanceIdReceiver}
06-17 20:40:28.265  1909  1973 I ActivityManager: ProcessObserver broadcast disabled
06-17 20:40:28.348  1909  2720 I ActivityManager: Changes in 99157 6 to 3, 0 to 184
06-17 20:40:28.859  1909  1973 I ActivityManager: Start proc 29832:com.android.vending/u0a251 for service {com.android.vending/com.google.android.finsky.contentfilterui.ContentFiltersService}
06-17 20:40:28.859  1909  1973 I ActivityManager: ProcessObserver broadcast disabled
06-17 20:40:29.215  1909  3050 I ActivityManager: Changes in 10251 19 to 3, 0 to 184
06-17 20:40:29.354  1909  3050 I ActivityManager: Changes in 10251 3 to 10, 184 to 0
06-17 20:40:29.392  1909  2720 I ActivityManager: Changes in 10388 19 to 11, 0 to 128
06-17 20:40:29.631  1909  1973 I ActivityManager: Start proc 30006:com.sec.android.provider.badge/u0a55 for broadcast {com.sec.android.provider.badge/com.sec.android.provider.badge.BadgeCountReceiver}
06-17 20:40:29.631  1909  1973 I ActivityManager: ProcessObserver broadcast disabled
06-17 20:40:29.707  1909  1972 I ActivityManager: Changes in 10251 19 to 11, 0 to 128
06-17 20:40:29.719  1909  2057 I ActivityManager: Changes in 10251 11 to 19, 128 to 0
06-17 20:40:29.723  1909  2057 I ActivityManager: Changes in 10055 19 to 11, 0 to 128
06-17 20:40:29.767  1909  2769 I ActivityManager: Changes in 10055 11 to 3, 128 to 144
06-17 20:40:35.790  1909  1971 I ActivityManager: Changes in 10055 3 to 15, 144 to 0
06-17 20:40:36.118  1909  1973 I ActivityManager: Start proc 30159:com.samsung.drmboost/u0a339 for service {com.samsung.drmboost/com.samsung.drmboost.DrmEventService}
06-17 20:40:36.118  1909  1973 I ActivityManager: ProcessObserver broadcast disabled
06-17 20:40:36.187  1909  2057 I ActivityManager: Killing 27004:com.samsung.android.app.reminder/u0a224 (adj 995): empty #25
06-17 20:40:39.347  1909  1973 I ActivityManager: Start proc 30219:com.android.vending:background/u0a251 for service {com.android.vending/com.google.frameworks.client.data.android.server.play.BackgroundProcessEndpointService}
06-17 20:40:39.347  1909  1973 I ActivityManager: ProcessObserver broadcast disabled
06-17 20:40:39.481  1909  4174 I ActivityManager: Changes in 10251 19 to 10, 0 to 128
06-17 20:40:39.515  1909  2057 I ActivityManager: Killing 27076:com.samsung.android.stickercenter/1000 (adj 985): empty #25
06-17 20:40:40.089  1909  3174 I ActivityManager: Changes in 10251 19 to 10, 128 to 0
06-17 20:40:43.371  1909  4225 I ActivityManager: Changes in 99157 3 to 6, 184 to 128
06-17 20:40:45.549  1909  4225 I ActivityManager: Changes in 99157 6 to 6, 128 to 0
06-17 20:40:49.402  1909  2065 I ActivityManager: Changes in 10388 19 to 19, 128 to 0
06-17 20:40:55.801  1909  1972 I ActivityManager: Killing 22715:com.android.providers.calendar/u0a115 (adj 985): empty #25
06-17 20:41:01.367  1909  1973 I ActivityManager: Start proc 30397:com.google.android.rkpdapp/u0a348 for service {com.google.android.rkpdapp/com.android.rkpdapp.service.RemoteProvisioningService}
06-17 20:41:01.367  1909  1973 I ActivityManager: ProcessObserver broadcast disabled
06-17 20:41:01.465  1909  4174 I ActivityManager: Changes in 10348 19 to 6, 0 to 128
06-17 20:41:01.482  1909  2769 I ActivityManager: Changes in 10348 6 to 10, 128 to 0
06-17 20:41:01.485  1909  4225 I ActivityManager: Killing 26571:com.samsung.android.mobileservice/u0a119 (adj 985): empty #25
06-17 20:41:02.919  1909  2057 I ActivityManager: Process com.samsung.android.spay (pid 7554) has died: cch+95 SVC (285,1788)
06-17 20:41:02.923  1909  2057 W ActivityManager: Scheduling restart of crashed service com.samsung.android.spay/com.ubivelox.hcesupport.library.internal.service.ApduService in 1000ms for start-requested
06-17 20:41:03.973  1909  1973 I ActivityManager: Start proc 30428:com.samsung.android.spay/u0a333 for service {com.samsung.android.spay/com.ubivelox.hcesupport.library.internal.service.ApduService}
06-17 20:41:03.973  1909  1973 I ActivityManager: ProcessObserver broadcast disabled
06-17 20:41:05.397  1909  1972 I ActivityManager: Changes in 10055 19 to 11, 0 to 128
06-17 20:41:05.400  1909  4206 I ActivityManager: Changes in 10055 11 to 3, 128 to 144
06-17 20:41:05.534  1909  1973 I ActivityManager: Start proc 30538:com.samsung.android.app.watchmanager:remote/u0a327 for service {com.samsung.android.app.watchmanager/com.samsung.android.app.twatchmanager.plugininfoservice.PluginInfoProvideService}
06-17 20:41:05.535  1909  1973 I ActivityManager: ProcessObserver broadcast disabled
06-17 20:41:05.705  1909  1973 I ActivityManager: Start proc 30571:com.samsung.android.app.watchmanager:contentprovider/u0a327 for content provider {com.samsung.android.app.watchmanager/com.samsung.android.app.twatchmanager.contentprovider.BaseContentProvider}
06-17 20:41:05.705  1909  1973 I ActivityManager: ProcessObserver broadcast disabled
06-17 20:41:05.899  1909  3050 I ActivityManager: Killing 27204:com.samsung.android.sm.devicesecurity/u0a214 (adj 975): empty #25
06-17 20:41:11.429  1909  1971 I ActivityManager: Changes in 10055 3 to 15, 144 to 0
06-17 20:41:30.464  1909  1972 I ActivityManager: Waited long enough for: ServiceRecord{7ece435 u0 com.samsung.android.spay/.wearablewallet.lcm.WatchLongLifeLog c:com.samsung.android.spay}
06-17 20:41:31.431  1909  1972 I ActivityManager: Killing 27150:com.samsung.android.privateaccesstokens/u0a198 (adj 965): empty #25
06-17 20:41:31.472  1909  4356 W ActivityManager: Scheduling restart of crashed service com.samsung.android.privateaccesstokens/.components.services.PATService in 1000ms for connection
06-17 20:41:32.509  1909  1973 I ActivityManager: Start proc 30641:com.samsung.android.privateaccesstokens/u0a198 for service {com.samsung.android.privateaccesstokens/com.samsung.android.privateaccesstokens.components.services.PATService}
06-17 20:41:32.509  1909  1973 I ActivityManager: ProcessObserver broadcast disabled
06-17 20:41:32.603  1909  4211 I ActivityManager: Killing 27626:com.samsung.aasaservice/1000 (adj 965): empty #25
06-17 20:41:57.653  1909  1973 I ActivityManager: Start proc 30779:com.arcfire.online/u0a1051 for activelaunch {com.arcfire.online/com.arcfire.online.MainActivity}
06-17 20:41:57.653  1909  1973 I ActivityManager: ProcessObserver broadcast disabled
06-17 20:41:58.719  1909  1973 I ActivityManager: Start proc 30815:com.android.providers.calendar/u0a115 for content provider {com.android.providers.calendar/com.android.providers.calendar.CalendarProvider2}
06-17 20:41:58.721  1909  1973 I ActivityManager: ProcessObserver broadcast disabled
06-17 20:41:58.764  1909  1973 W ActivityManager: Slow operation: 54ms so far, now at startProcess: done updating battery stats
06-17 20:41:58.764  1909  1973 W ActivityManager: Slow operation: 55ms so far, now at startProcess: building log message
06-17 20:41:58.764  1909  1973 I ActivityManager: Start proc 30822:com.samsung.android.app.reminder/u0a224 for content provider {com.samsung.android.app.reminder/com.samsung.android.app.reminder.data.provider.ReminderProvider}
06-17 20:41:58.764  1909  1973 W ActivityManager: Slow operation: 55ms so far, now at startProcess: starting to update pids map
06-17 20:41:58.764  1909  1973 I ActivityManager: ProcessObserver broadcast disabled
06-17 20:41:58.764  1909  1973 W ActivityManager: Slow operation: 55ms so far, now at startProcess: done updating pids map
06-17 20:41:58.789  1909  1973 W ActivityManager: Slow operation: 51ms so far, now at startProcess: returned from zygote!
06-17 20:41:58.796  1909  4206 I ActivityManager: Changes in 99157 6 to 3, 0 to 184
06-17 20:41:58.797  1909  4206 I ActivityManager: Changes in 11051 19 to 2, 0 to 255
06-17 20:41:58.834  1909  1973 W ActivityManager: Slow operation: 95ms so far, now at startProcess: done updating battery stats
06-17 20:41:58.834  1909  1973 W ActivityManager: Slow operation: 96ms so far, now at startProcess: building log message
06-17 20:41:58.834  1909  1973 I ActivityManager: Start proc 30833:com.sec.android.gallery3d/u0a124 for content provider {com.sec.android.gallery3d/com.samsung.android.gallery.app.provider.LocalProvider2}
06-17 20:41:58.834  1909  1973 W ActivityManager: Slow operation: 96ms so far, now at startProcess: starting to update pids map
06-17 20:41:58.837  1909  1973 I ActivityManager: ProcessObserver broadcast disabled
06-17 20:41:58.837  1909  1973 W ActivityManager: Slow operation: 99ms so far, now at startProcess: done updating pids map
06-17 20:41:58.870  1909  1973 I ActivityManager: Start proc 30867:com.samsung.cmh/5004 for content provider {com.samsung.cmh/com.samsung.cmh.provider.CMHProvider}
06-17 20:41:58.870  1909  1973 I ActivityManager: ProcessObserver broadcast disabled
06-17 20:41:58.962  1909  2720 I ActivityManager: Killing 27686:com.sec.android.app.shealth:remote/u0a328 (adj 985): empty #25
06-17 20:41:59.141  1909  4206 I ActivityManager: Killing 27625:com.sec.android.app.shealth/u0a328 (adj 985): empty #25
06-17 20:41:59.148  1909  4206 I ActivityManager: Killing 27699:com.samsung.android.mcfds/u0a96 (adj 975): empty #25
06-17 20:41:59.212  1909  3050 I ActivityManager: Killing 27514:com.samsung.android.privacydashboard/u0a107 (adj 975): empty #25
06-17 20:41:59.276  1909  1965 I ActivityManager: Changes in 10147 2 to 5, 255 to 184
06-17 20:41:59.501  1909  4206 W ActivityManager: pid 30867 com.samsung.cmh sent binder code 21 with flags 2 to frozen apps and got error -2147483646
06-17 20:41:59.502  1909  1972 I ActivityManager: Killing 26937:com.samsung.faceservice/5004 (adj 905): Sync transaction while frozen
06-17 20:42:09.190  1909  2057 I ActivityManager: Changes in 99157 3 to 6, 184 to 0
06-17 20:42:38.993 30779 31004 W ReactNativeJS: 'This method is deprecated (as well as all React Native Firebase namespaced API) and will be removed in the next major release as part of move to match Firebase Web modular SDK API. Please see migration guide for more details: https://rnfirebase.io/migrating-to-v22 Please use `getApp()` instead.', { [Component Stack] name: 'Component Stack' }
06-17 20:42:39.011 30779 31004 W ReactNativeJS: 'This method is deprecated (as well as all React Native Firebase namespaced API) and will be removed in the next major release as part of move to match Firebase Web modular SDK API. Please see migration guide for more details: https://rnfirebase.io/migrating-to-v22 Please use `getApp()` instead.', { [Component Stack] name: 'Component Stack' }
06-17 20:42:39.026 30779 31004 W ReactNativeJS: 'This method is deprecated (as well as all React Native Firebase namespaced API) and will be removed in the next major release as part of move to match Firebase Web modular SDK API. Please see migration guide for more details: https://rnfirebase.io/migrating-to-v22. Method called was `settings`. Please use `settings()` instead.', { [Component Stack] name: 'Component Stack' }
06-17 20:42:39.047 30779 31004 W ReactNativeJS: 'This method is deprecated (as well as all React Native Firebase namespaced API) and will be removed in the next major release as part of move to match Firebase Web modular SDK API. Please see migration guide for more details: https://rnfirebase.io/migrating-to-v22 Please use `getApp()` instead.', { [Component Stack] name: 'Component Stack' }
06-17 20:42:39.058 30779 31004 W ReactNativeJS: 'This method is deprecated (as well as all React Native Firebase namespaced API) and will be removed in the next major release as part of move to match Firebase Web modular SDK API. Please see migration guide for more details: https://rnfirebase.io/migrating-to-v22. Method called was `logEvent`. Please use `logEvent()` instead.', { [Component Stack] name: 'Component Stack' }
06-17 20:42:39.182  1909  2057 I ActivityManager: Changes in 99157 6 to 3, 0 to 184
06-17 20:42:39.470 30779 31004 W ReactNativeJS: This method is deprecated (as well as all React Native Firebase namespaced API) and will be removed in the next major release as part of move to match Firebase Web modular SDK API. Please see migration guide for more details: https://rnfirebase.io/migrating-to-v22. Method called was `FieldValue`. Please use `FieldValue` instead.
06-17 20:42:39.470 30779 31004 W ReactNativeJS: This method is deprecated (as well as all React Native Firebase namespaced API) and will be removed in the next major release as part of move to match Firebase Web modular SDK API. Please see migration guide for more details: https://rnfirebase.io/migrating-to-v22. Method called was `delete`. Please use `deleteField()` instead.
06-17 20:42:39.471 30779 31004 W ReactNativeJS: This method is deprecated (as well as all React Native Firebase namespaced API) and will be removed in the next major release as part of move to match Firebase Web modular SDK API. Please see migration guide for more details: https://rnfirebase.io/migrating-to-v22. Method called was `FieldValue`. Please use `FieldValue` instead.
06-17 20:42:39.472 30779 31004 W ReactNativeJS: This method is deprecated (as well as all React Native Firebase namespaced API) and will be removed in the next major release as part of move to match Firebase Web modular SDK API. Please see migration guide for more details: https://rnfirebase.io/migrating-to-v22. Method called was `serverTimestamp`. Please use `serverTimestamp()` instead.
06-17 20:42:42.494 30779 31004 W ReactNativeJS: This method is deprecated (as well as all React Native Firebase namespaced API) and will be removed in the next major release as part of move to match Firebase Web modular SDK API. Please see migration guide for more details: https://rnfirebase.io/migrating-to-v22. Method called was `FieldValue`. Please use `FieldValue` instead.
06-17 20:42:42.495 30779 31004 W ReactNativeJS: This method is deprecated (as well as all React Native Firebase namespaced API) and will be removed in the next major release as part of move to match Firebase Web modular SDK API. Please see migration guide for more details: https://rnfirebase.io/migrating-to-v22. Method called was `delete`. Please use `deleteField()` instead.
06-17 20:42:42.495 30779 31004 W ReactNativeJS: This method is deprecated (as well as all React Native Firebase namespaced API) and will be removed in the next major release as part of move to match Firebase Web modular SDK API. Please see migration guide for more details: https://rnfirebase.io/migrating-to-v22. Method called was `FieldValue`. Please use `FieldValue` instead.
06-17 20:42:42.495 30779 31004 W ReactNativeJS: This method is deprecated (as well as all React Native Firebase namespaced API) and will be removed in the next major release as part of move to match Firebase Web modular SDK API. Please see migration guide for more details: https://rnfirebase.io/migrating-to-v22. Method called was `serverTimestamp`. Please use `serverTimestamp()` instead.
06-17 20:42:49.276  1909  1935 I ActivityManager: Changes in 99157 3 to 6, 184 to 0
06-17 20:44:15.731  1909  1973 I ActivityManager: Start proc 31161:com.samsung.android.privacydashboard/u0a107 for content provider {com.samsung.android.privacydashboard/com.samsung.android.privacydashboard.provider.PermissionAccessInformationContentProvider}
06-17 20:44:15.731  1909  1973 I ActivityManager: ProcessObserver broadcast disabled
06-17 20:44:15.961  1909  4341 I ActivityManager: Changes in 10107 19 to 5, 0 to 144
06-17 20:44:21.241  1909  4206 I ActivityManager: Killing 22435:com.osp.app.signin/u0a117 (adj 985): empty #25
06-17 20:44:22.049  1909  1971 I ActivityManager: Changes in 10107 5 to 15, 144 to 0
06-17 20:44:42.053  1909  1972 I ActivityManager: Killing 28812:com.samsung.android.app.sharelive/5026 (adj 975): empty #25
06-17 20:44:43.337 30779 31004 W ReactNativeJS: This method is deprecated (as well as all React Native Firebase namespaced API) and will be removed in the next major release as part of move to match Firebase Web modular SDK API. Please see migration guide for more details: https://rnfirebase.io/migrating-to-v22. Method called was `FieldValue`. Please use `FieldValue` instead.
06-17 20:44:43.337 30779 31004 W ReactNativeJS: This method is deprecated (as well as all React Native Firebase namespaced API) and will be removed in the next major release as part of move to match Firebase Web modular SDK API. Please see migration guide for more details: https://rnfirebase.io/migrating-to-v22. Method called was `delete`. Please use `deleteField()` instead.
06-17 20:44:43.338 30779 31004 W ReactNativeJS: This method is deprecated (as well as all React Native Firebase namespaced API) and will be removed in the next major release as part of move to match Firebase Web modular SDK API. Please see migration guide for more details: https://rnfirebase.io/migrating-to-v22. Method called was `FieldValue`. Please use `FieldValue` instead.
06-17 20:44:43.338 30779 31004 W ReactNativeJS: This method is deprecated (as well as all React Native Firebase namespaced API) and will be removed in the next major release as part of move to match Firebase Web modular SDK API. Please see migration guide for more details: https://rnfirebase.io/migrating-to-v22. Method called was `serverTimestamp`. Please use `serverTimestamp()` instead.
06-17 20:45:18.413  1909  1972 I ActivityManager: Changes in 10096 19 to 11, 0 to 128
06-17 20:45:18.436  1909  2720 I ActivityManager: Changes in 99157 19 to 3, 0 to 184
06-17 20:45:28.429  1909  2065 I ActivityManager: Changes in 10096 19 to 19, 128 to 0
06-17 20:45:33.507  1909  2720 I ActivityManager: Changes in 99157 3 to 10, 184 to 0
06-17 20:46:44.325 30779 31004 W ReactNativeJS: This method is deprecated (as well as all React Native Firebase namespaced API) and will be removed in the next major release as part of move to match Firebase Web modular SDK API. Please see migration guide for more details: https://rnfirebase.io/migrating-to-v22. Method called was `FieldValue`. Please use `FieldValue` instead.
06-17 20:46:44.326 30779 31004 W ReactNativeJS: This method is deprecated (as well as all React Native Firebase namespaced API) and will be removed in the next major release as part of move to match Firebase Web modular SDK API. Please see migration guide for more details: https://rnfirebase.io/migrating-to-v22. Method called was `delete`. Please use `deleteField()` instead.
06-17 20:46:44.326 30779 31004 W ReactNativeJS: This method is deprecated (as well as all React Native Firebase namespaced API) and will be removed in the next major release as part of move to match Firebase Web modular SDK API. Please see migration guide for more details: https://rnfirebase.io/migrating-to-v22. Method called was `FieldValue`. Please use `FieldValue` instead.
06-17 20:46:44.327 30779 31004 W ReactNativeJS: This method is deprecated (as well as all React Native Firebase namespaced API) and will be removed in the next major release as part of move to match Firebase Web modular SDK API. Please see migration guide for more details: https://rnfirebase.io/migrating-to-v22. Method called was `serverTimestamp`. Please use `serverTimestamp()` instead.
06-17 20:48:45.835 30779 31004 W ReactNativeJS: This method is deprecated (as well as all React Native Firebase namespaced API) and will be removed in the next major release as part of move to match Firebase Web modular SDK API. Please see migration guide for more details: https://rnfirebase.io/migrating-to-v22. Method called was `FieldValue`. Please use `FieldValue` instead.
06-17 20:48:45.836 30779 31004 W ReactNativeJS: This method is deprecated (as well as all React Native Firebase namespaced API) and will be removed in the next major release as part of move to match Firebase Web modular SDK API. Please see migration guide for more details: https://rnfirebase.io/migrating-to-v22. Method called was `delete`. Please use `deleteField()` instead.
06-17 20:48:45.836 30779 31004 W ReactNativeJS: This method is deprecated (as well as all React Native Firebase namespaced API) and will be removed in the next major release as part of move to match Firebase Web modular SDK API. Please see migration guide for more details: https://rnfirebase.io/migrating-to-v22. Method called was `FieldValue`. Please use `FieldValue` instead.
06-17 20:48:45.837 30779 31004 W ReactNativeJS: This method is deprecated (as well as all React Native Firebase namespaced API) and will be removed in the next major release as part of move to match Firebase Web modular SDK API. Please see migration guide for more details: https://rnfirebase.io/migrating-to-v22. Method called was `serverTimestamp`. Please use `serverTimestamp()` instead.
06-17 20:50:18.425  1909  4206 I ActivityManager: Changes in 99157 19 to 8, 0 to 128
06-17 20:50:18.614  1909  2057 I ActivityManager: Changes in 99157 8 to 5, 128 to 184
06-17 20:50:33.663  1909  3606 I ActivityManager: Changes in 99157 5 to 10, 184 to 0
06-17 20:50:46.041 30779 31004 W ReactNativeJS: This method is deprecated (as well as all React Native Firebase namespaced API) and will be removed in the next major release as part of move to match Firebase Web modular SDK API. Please see migration guide for more details: https://rnfirebase.io/migrating-to-v22. Method called was `FieldValue`. Please use `FieldValue` instead.
06-17 20:50:46.042 30779 31004 W ReactNativeJS: This method is deprecated (as well as all React Native Firebase namespaced API) and will be removed in the next major release as part of move to match Firebase Web modular SDK API. Please see migration guide for more details: https://rnfirebase.io/migrating-to-v22. Method called was `delete`. Please use `deleteField()` instead.
06-17 20:50:46.042 30779 31004 W ReactNativeJS: This method is deprecated (as well as all React Native Firebase namespaced API) and will be removed in the next major release as part of move to match Firebase Web modular SDK API. Please see migration guide for more details: https://rnfirebase.io/migrating-to-v22. Method called was `FieldValue`. Please use `FieldValue` instead.
06-17 20:50:46.042 30779 31004 W ReactNativeJS: This method is deprecated (as well as all React Native Firebase namespaced API) and will be removed in the next major release as part of move to match Firebase Web modular SDK API. Please see migration guide for more details: https://rnfirebase.io/migrating-to-v22. Method called was `serverTimestamp`. Please use `serverTimestamp()` instead.
06-17 20:52:37.425  1909  1972 I ActivityManager: Changes in 10108 10 to 10, 0 to 128
06-17 20:52:37.428  1909  1972 I ActivityManager: Changes in 10096 19 to 11, 0 to 128
06-17 20:52:37.430  1909  4227 I ActivityManager: Changes in 10108 10 to 10, 128 to 0
06-17 20:52:37.432  1909  4227 I ActivityManager: Changes in 10096 11 to 19, 128 to 0
06-17 20:52:52.336 30779 31004 W ReactNativeJS: This method is deprecated (as well as all React Native Firebase namespaced API) and will be removed in the next major release as part of move to match Firebase Web modular SDK API. Please see migration guide for more details: https://rnfirebase.io/migrating-to-v22. Method called was `FieldValue`. Please use `FieldValue` instead.
06-17 20:52:52.336 30779 31004 W ReactNativeJS: This method is deprecated (as well as all React Native Firebase namespaced API) and will be removed in the next major release as part of move to match Firebase Web modular SDK API. Please see migration guide for more details: https://rnfirebase.io/migrating-to-v22. Method called was `delete`. Please use `deleteField()` instead.
06-17 20:52:52.337 30779 31004 W ReactNativeJS: This method is deprecated (as well as all React Native Firebase namespaced API) and will be removed in the next major release as part of move to match Firebase Web modular SDK API. Please see migration guide for more details: https://rnfirebase.io/migrating-to-v22. Method called was `FieldValue`. Please use `FieldValue` instead.
06-17 20:52:52.337 30779 31004 W ReactNativeJS: This method is deprecated (as well as all React Native Firebase namespaced API) and will be removed in the next major release as part of move to match Firebase Web modular SDK API. Please see migration guide for more details: https://rnfirebase.io/migrating-to-v22. Method called was `serverTimestamp`. Please use `serverTimestamp()` instead.
06-17 20:54:53.457 30779 31004 W ReactNativeJS: This method is deprecated (as well as all React Native Firebase namespaced API) and will be removed in the next major release as part of move to match Firebase Web modular SDK API. Please see migration guide for more details: https://rnfirebase.io/migrating-to-v22. Method called was `FieldValue`. Please use `FieldValue` instead.
06-17 20:54:53.457 30779 31004 W ReactNativeJS: This method is deprecated (as well as all React Native Firebase namespaced API) and will be removed in the next major release as part of move to match Firebase Web modular SDK API. Please see migration guide for more details: https://rnfirebase.io/migrating-to-v22. Method called was `delete`. Please use `deleteField()` instead.
06-17 20:54:53.458 30779 31004 W ReactNativeJS: This method is deprecated (as well as all React Native Firebase namespaced API) and will be removed in the next major release as part of move to match Firebase Web modular SDK API. Please see migration guide for more details: https://rnfirebase.io/migrating-to-v22. Method called was `FieldValue`. Please use `FieldValue` instead.
06-17 20:54:53.458 30779 31004 W ReactNativeJS: This method is deprecated (as well as all React Native Firebase namespaced API) and will be removed in the next major release as part of move to match Firebase Web modular SDK API. Please see migration guide for more details: https://rnfirebase.io/migrating-to-v22. Method called was `serverTimestamp`. Please use `serverTimestamp()` instead.
06-17 20:57:02.865 30779 31004 W ReactNativeJS: This method is deprecated (as well as all React Native Firebase namespaced API) and will be removed in the next major release as part of move to match Firebase Web modular SDK API. Please see migration guide for more details: https://rnfirebase.io/migrating-to-v22. Method called was `FieldValue`. Please use `FieldValue` instead.
06-17 20:57:02.866 30779 31004 W ReactNativeJS: This method is deprecated (as well as all React Native Firebase namespaced API) and will be removed in the next major release as part of move to match Firebase Web modular SDK API. Please see migration guide for more details: https://rnfirebase.io/migrating-to-v22. Method called was `delete`. Please use `deleteField()` instead.
06-17 20:57:02.866 30779 31004 W ReactNativeJS: This method is deprecated (as well as all React Native Firebase namespaced API) and will be removed in the next major release as part of move to match Firebase Web modular SDK API. Please see migration guide for more details: https://rnfirebase.io/migrating-to-v22. Method called was `FieldValue`. Please use `FieldValue` instead.
06-17 20:57:02.866 30779 31004 W ReactNativeJS: This method is deprecated (as well as all React Native Firebase namespaced API) and will be removed in the next major release as part of move to match Firebase Web modular SDK API. Please see migration guide for more details: https://rnfirebase.io/migrating-to-v22. Method called was `serverTimestamp`. Please use `serverTimestamp()` instead.
06-17 20:59:09.311 30779 31004 W ReactNativeJS: This method is deprecated (as well as all React Native Firebase namespaced API) and will be removed in the next major release as part of move to match Firebase Web modular SDK API. Please see migration guide for more details: https://rnfirebase.io/migrating-to-v22. Method called was `FieldValue`. Please use `FieldValue` instead.
06-17 20:59:09.312 30779 31004 W ReactNativeJS: This method is deprecated (as well as all React Native Firebase namespaced API) and will be removed in the next major release as part of move to match Firebase Web modular SDK API. Please see migration guide for more details: https://rnfirebase.io/migrating-to-v22. Method called was `delete`. Please use `deleteField()` instead.
06-17 20:59:09.312 30779 31004 W ReactNativeJS: This method is deprecated (as well as all React Native Firebase namespaced API) and will be removed in the next major release as part of move to match Firebase Web modular SDK API. Please see migration guide for more details: https://rnfirebase.io/migrating-to-v22. Method called was `FieldValue`. Please use `FieldValue` instead.
06-17 20:59:09.313 30779 31004 W ReactNativeJS: This method is deprecated (as well as all React Native Firebase namespaced API) and will be removed in the next major release as part of move to match Firebase Web modular SDK API. Please see migration guide for more details: https://rnfirebase.io/migrating-to-v22. Method called was `serverTimestamp`. Please use `serverTimestamp()` instead.
06-17 20:59:57.700  1909  1972 I ActivityManager: Changes in 10096 19 to 11, 0 to 128
06-17 20:59:57.703  1909  4341 I ActivityManager: Changes in 10096 11 to 19, 128 to 0
06-17 21:02:55.811 30779 31004 W ReactNativeJS: This method is deprecated (as well as all React Native Firebase namespaced API) and will be removed in the next major release as part of move to match Firebase Web modular SDK API. Please see migration guide for more details: https://rnfirebase.io/migrating-to-v22. Method called was `FieldValue`. Please use `FieldValue` instead.
06-17 21:02:55.811 30779 31004 W ReactNativeJS: This method is deprecated (as well as all React Native Firebase namespaced API) and will be removed in the next major release as part of move to match Firebase Web modular SDK API. Please see migration guide for more details: https://rnfirebase.io/migrating-to-v22. Method called was `delete`. Please use `deleteField()` instead.
06-17 21:02:55.812 30779 31004 W ReactNativeJS: This method is deprecated (as well as all React Native Firebase namespaced API) and will be removed in the next major release as part of move to match Firebase Web modular SDK API. Please see migration guide for more details: https://rnfirebase.io/migrating-to-v22. Method called was `FieldValue`. Please use `FieldValue` instead.
06-17 21:02:55.812 30779 31004 W ReactNativeJS: This method is deprecated (as well as all React Native Firebase namespaced API) and will be removed in the next major release as part of move to match Firebase Web modular SDK API. Please see migration guide for more details: https://rnfirebase.io/migrating-to-v22. Method called was `serverTimestamp`. Please use `serverTimestamp()` instead.
06-17 21:03:44.837  1909  1972 I ActivityManager: Changes in 10096 19 to 11, 0 to 128
06-17 21:03:44.843  1909  2057 I ActivityManager: Changes in 10096 11 to 19, 128 to 0
06-17 21:05:18.416  1909  1972 I ActivityManager: Changes in 10096 19 to 11, 0 to 128
06-17 21:05:18.428  1909  3606 I ActivityManager: Changes in 99157 19 to 5, 0 to 184
06-17 21:05:28.428  1909  2065 I ActivityManager: Changes in 10096 19 to 19, 128 to 0
06-17 21:05:33.464  1909  2057 I ActivityManager: Changes in 99157 5 to 10, 184 to 0
06-17 21:08:56.051  1909  1972 I ActivityManager: Changes in 10251 19 to 11, 0 to 128
06-17 21:08:56.060  1909  1972 I ActivityManager: Changes in 10096 19 to 11, 0 to 128
06-17 21:08:56.070  1909  1935 I ActivityManager: Changes in 10096 11 to 19, 128 to 0
06-17 21:08:56.102  1909  2057 I ActivityManager: Changes in 99157 19 to 5, 0 to 184
06-17 21:08:58.449  1909  4341 I ActivityManager: Changes in 10251 11 to 19, 128 to 0
06-17 21:09:11.169  1909  3606 I ActivityManager: Changes in 99157 5 to 10, 184 to 0
06-17 21:13:29.067  1909  1972 I ActivityManager: Changes in 99157 19 to 11, 0 to 128
06-17 21:13:29.091  1909  4206 I ActivityManager: Changes in 99157 11 to 19, 128 to 0
06-17 21:14:21.320  1909  9411 I ActivityManager: Changes in 10107 19 to 5, 0 to 144
06-17 21:14:27.380  1909  1971 I ActivityManager: Changes in 10107 5 to 15, 144 to 0
06-17 21:21:09.282  1909  1972 I ActivityManager: Changes in 10108 10 to 10, 0 to 128
06-17 21:21:09.288  1909  2720 I ActivityManager: Changes in 10108 10 to 10, 128 to 0
06-17 21:21:09.290  1909  1972 I ActivityManager: Changes in 10096 19 to 11, 0 to 128
06-17 21:21:09.295  1909  2720 I ActivityManager: Changes in 10096 11 to 19, 128 to 0
06-17 21:21:09.316  1909  2720 I ActivityManager: Changes in 99157 19 to 5, 0 to 184
06-17 21:21:24.444  1909  4206 I ActivityManager: Changes in 99157 5 to 10, 184 to 0
06-17 21:24:00.226  1909  4227 I ActivityManager: Changes in 10096 19 to 5, 0 to 184
06-17 21:24:10.311  1909  4206 I ActivityManager: Changes in 10096 5 to 10, 184 to 0
06-17 21:24:39.716  1909  1972 I ActivityManager: Changes in 99157 19 to 19, 0 to 128
06-17 21:24:39.728  1909  1972 I ActivityManager: Changes in 10108 10 to 10, 0 to 128
06-17 21:24:39.729  1909  1973 I ActivityManager: Start proc 32443:com.google.android.projection.gearhead:shared/u0a242 for broadcast {com.google.android.projection.gearhead/com.google.android.apps.auto.wireless.bluetooth.WifiBluetoothReceiver}
06-17 21:24:39.729  1909  1973 I ActivityManager: ProcessObserver broadcast disabled
06-17 21:24:40.024  1909  1935 I ActivityManager: Changes in 10242 19 to 11, 0 to 128
06-17 21:24:40.045  1909  1973 I ActivityManager: Start proc 32469:com.google.android.projection.gearhead:car/u0a242 for broadcast {com.google.android.projection.gearhead/com.google.android.apps.auto.carservice.gmscorecompat.CarBluetoothReceiver}
06-17 21:24:40.045  1909  1973 I ActivityManager: ProcessObserver broadcast disabled
06-17 21:24:40.158  1909  1973 I ActivityManager: Start proc 32492:com.samsung.accessory.budsunitemgr/u0a314 for broadcast {com.samsung.accessory.budsunitemgr/com.samsung.accessory.hearablemgr.budsplugin.receiver.BluetoothReceiver}
06-17 21:24:40.158  1909  1973 I ActivityManager: ProcessObserver broadcast disabled
06-17 21:24:40.317  1909  4227 I ActivityManager: Changes in 10056 19 to 6, 0 to 128
06-17 21:24:40.562  1909  4227 I ActivityManager: Changes in 10314 19 to 11, 0 to 128
06-17 21:24:40.562  1909  4227 I ActivityManager: Changes in 10076 19 to 11, 0 to 128
06-17 21:24:40.584  1909  1973 I ActivityManager: Start proc 32521:com.sec.android.CcInfo/1000 for broadcast {com.sec.android.CcInfo/com.sec.android.CcInfo.WifiConnectionReceiver}
06-17 21:24:40.584  1909  1973 I ActivityManager: ProcessObserver broadcast disabled
06-17 21:24:40.621  1909  4227 I ActivityManager: Changes in 10076 11 to 10, 128 to 0
06-17 21:24:40.648  1909  1935 I ActivityManager: Killing 29463:com.samsung.android.app.telephonyui/1001 (adj 965): empty #25
06-17 21:24:40.717  1909  3606 I ActivityManager: Killing 29757:com.samsung.android.dqagent/1000 (adj 905): empty #25
06-17 21:24:43.607  1909  1973 I ActivityManager: Start proc 32549:com.samsung.android.dqagent/1000 for broadcast {com.samsung.android.dqagent/com.samsung.android.dqagent.receiver.DQADataReceiver}
06-17 21:24:43.608  1909  1973 I ActivityManager: ProcessObserver broadcast disabled
06-17 21:24:43.831  1909  1935 I ActivityManager: Killing 29780:com.ss.android.ugc.trill/u0a388 (adj 955): empty #25
06-17 21:24:46.396  1909  1971 I ActivityManager: Changes in 10056 6 to 15, 128 to 0
06-17 21:24:50.298  1909  2057 I ActivityManager: Killing 30397:com.google.android.rkpdapp/u0a348 (adj 935): empty #25
06-17 21:24:50.303  1909  2057 I ActivityManager: Killing 30159:com.samsung.drmboost/u0a339 (adj 955): empty #26
06-17 21:25:03.293  1909  2065 I ActivityManager: Changes in 99157 19 to 19, 128 to 0
06-17 21:25:03.305  1909  2065 I ActivityManager: Changes in 10242 19 to 19, 128 to 0
06-17 21:25:03.312  1909  2065 I ActivityManager: Changes in 10314 19 to 19, 128 to 0
06-17 21:25:03.323  1909  2065 I ActivityManager: Changes in 10108 10 to 10, 128 to 0
06-17 21:25:18.418  1909  1972 I ActivityManager: Changes in 10096 19 to 11, 0 to 128
06-17 21:25:18.427  1909  1935 I ActivityManager: Changes in 99157 19 to 5, 0 to 184
06-17 21:25:28.430  1909  2065 I ActivityManager: Changes in 10096 19 to 19, 128 to 0
06-17 21:25:33.493  1909  2057 I ActivityManager: Changes in 99157 5 to 10, 184 to 0
06-17 21:30:55.317  1909  1935 I ActivityManager: Changes in 99157 10 to 5, 0 to 184
06-17 21:31:10.472  1909  2867 I ActivityManager: Changes in 99157 5 to 10, 184 to 0
06-17 21:33:44.833  1909  1972 I ActivityManager: Changes in 10096 19 to 11, 0 to 128
06-17 21:33:44.838  1909  2224 I ActivityManager: Changes in 10096 11 to 19, 128 to 0
06-17 21:38:39.303  1909  1972 I ActivityManager: Changes in 10096 19 to 11, 0 to 128
06-17 21:38:39.313  1909  4356 I ActivityManager: Changes in 10096 11 to 19, 128 to 0
06-17 21:42:47.725  1909  2867 I ActivityManager: Changes in 99157 19 to 8, 0 to 128
06-17 21:42:48.239  1909  2803 I ActivityManager: Changes in 99157 8 to 10, 128 to 0
06-17 21:44:33.855  1909  9411 I ActivityManager: Changes in 10107 19 to 5, 0 to 144
06-17 21:44:39.934  1909  1971 I ActivityManager: Changes in 10107 5 to 15, 144 to 0
06-17 21:45:18.416  1909  1972 I ActivityManager: Changes in 10096 19 to 11, 0 to 128
06-17 21:45:18.434  1909  4356 I ActivityManager: Changes in 99157 19 to 5, 0 to 184
06-17 21:45:28.428  1909  2065 I ActivityManager: Changes in 10096 19 to 19, 128 to 0
06-17 21:45:33.491  1909  2803 I ActivityManager: Changes in 99157 5 to 10, 184 to 0
06-17 21:48:52.778  1909  1972 I ActivityManager: Changes in 10096 19 to 11, 0 to 128
06-17 21:48:52.786  1909  2537 I ActivityManager: Changes in 10096 11 to 19, 128 to 0
06-17 21:48:52.833  1909  1973 I ActivityManager: Start proc 1104:com.sec.android.app.shealth:remote/u0a328 for service {com.sec.android.app.shealth/com.samsung.android.service.health.data.phd.PrivilegedHealthService}
06-17 21:48:52.834  1909  1973 I ActivityManager: ProcessObserver broadcast disabled
06-17 21:48:53.511  1909  1973 I ActivityManager: Start proc 1131:com.osp.app.signin/u0a117 for content provider {com.osp.app.signin/com.samsung.android.samsungaccount.utils.accounts.AccountManagerProvider}
06-17 21:48:53.512  1909  1973 I ActivityManager: ProcessObserver broadcast disabled
06-17 21:48:53.558  1909  4356 I ActivityManager: Killing 30006:com.sec.android.provider.badge/u0a55 (adj 935): empty #25
06-17 21:48:54.052  1909  2867 I ActivityManager: Killing 30571:com.samsung.android.app.watchmanager:contentprovider/u0a327 (adj 935): empty #25
06-17 21:50:20.863  1909  1972 I ActivityManager: Changes in 10108 10 to 10, 0 to 128
06-17 21:50:20.866  1909  4356 I ActivityManager: Changes in 10108 10 to 10, 128 to 0
06-17 21:50:20.869  1909  1972 I ActivityManager: Changes in 10115 19 to 11, 0 to 128
06-17 21:50:20.874  1909  1972 I ActivityManager: Changes in 10096 19 to 11, 0 to 128
06-17 21:50:20.880  1909  4356 I ActivityManager: Changes in 10096 11 to 19, 128 to 0
06-17 21:50:20.942  1909  2537 I ActivityManager: Changes in 10115 11 to 19, 128 to 0
06-17 21:58:29.450  1909  1973 I ActivityManager: Start proc 1862:com.ss.android.ugc.trill/u0a388 for broadcast {com.ss.android.ugc.trill/com.google.firebase.iid.FirebaseInstanceIdReceiver}
06-17 21:58:29.450  1909  1973 I ActivityManager: ProcessObserver broadcast disabled
06-17 21:58:30.076  1909  4211 I ActivityManager: Changes in 10388 19 to 11, 0 to 128
06-17 21:58:30.110  1909  4211 I ActivityManager: Killing 30538:com.samsung.android.app.watchmanager:remote/u0a327 (adj 925): empty #25
06-17 21:58:30.155  1909  4356 I ActivityManager: Changes in 99157 19 to 19, 0 to 128
06-17 21:58:30.176  1909  4211 I ActivityManager: Changes in 99157 10 to 10, 128 to 0
06-17 21:58:30.272  1909  1973 I ActivityManager: Start proc 2155:com.sec.android.provider.badge/u0a55 for broadcast {com.sec.android.provider.badge/com.sec.android.provider.badge.BadgeCountReceiver}
06-17 21:58:30.272  1909  1973 I ActivityManager: ProcessObserver broadcast disabled
06-17 21:58:30.367  1909  2537 I ActivityManager: Changes in 10055 19 to 11, 0 to 128
06-17 21:58:30.455  1909  2224 I ActivityManager: Changes in 10055 11 to 5, 128 to 144
06-17 21:58:36.493  1909  1971 I ActivityManager: Changes in 10055 5 to 15, 144 to 0
06-17 21:58:36.543  1909  1971 I ActivityManager: Changes in 99157 19 to 19, 0 to 128
06-17 21:58:36.994  1909  1973 I ActivityManager: Start proc 2430:com.samsung.drmboost/u0a339 for service {com.samsung.drmboost/com.samsung.drmboost.DrmEventService}
06-17 21:58:36.994  1909  1973 I ActivityManager: ProcessObserver broadcast disabled
06-17 21:58:37.098  1909  2803 I ActivityManager: Killing 30641:com.samsung.android.privateaccesstokens/u0a198 (adj 925): empty #25
06-17 21:58:40.302  1909  4211 I ActivityManager: Changes in 10251 19 to 19, 0 to 128
06-17 21:58:40.837  1909  4211 I ActivityManager: Changes in 10251 19 to 10, 128 to 0
06-17 21:58:46.576  1909  4211 I ActivityManager: Changes in 99157 19 to 10, 128 to 0
06-17 21:58:50.085  1909  2065 I ActivityManager: Changes in 10388 19 to 19, 128 to 0
06-17 21:58:56.494  1909  1972 I ActivityManager: Killing 30219:com.android.vending:background/u0a251 (adj 925): empty #25
06-17 21:59:02.716  1909  1973 I ActivityManager: Start proc 2693:com.google.android.rkpdapp/u0a348 for service {com.google.android.rkpdapp/com.android.rkpdapp.service.RemoteProvisioningService}
06-17 21:59:02.716  1909  1973 I ActivityManager: ProcessObserver broadcast disabled
06-17 21:59:02.818  1909  3174 I ActivityManager: Changes in 10348 19 to 6, 0 to 128
06-17 21:59:02.834  1909  3174 I ActivityManager: Changes in 10348 6 to 10, 128 to 0
06-17 21:59:02.841  1909  4341 I ActivityManager: Killing 30822:com.samsung.android.app.reminder/u0a224 (adj 915): empty #25
06-17 22:02:01.651  1909  1972 I ActivityManager: Changes in 10096 19 to 11, 0 to 128
06-17 22:02:01.654  1909  3174 I ActivityManager: Changes in 10096 11 to 19, 128 to 0
06-17 22:02:45.483  1909  1973 I ActivityManager: Start proc 3529:com.android.vending:background/u0a251 for service {com.android.vending/com.google.android.finsky.appcontentservice.engage.AppEngageServiceV2}
06-17 22:02:45.483  1909  1973 I ActivityManager: ProcessObserver broadcast disabled
06-17 22:02:45.790  1909  4341 I ActivityManager: Killing 30833:com.sec.android.gallery3d/u0a124 (adj 915): empty #25
06-17 22:03:44.833  1909  1972 I ActivityManager: Changes in 10096 19 to 11, 0 to 128
06-17 22:03:44.837  1909  2867 I ActivityManager: Changes in 10096 11 to 19, 128 to 0
06-17 22:04:34.022  1909  1973 I ActivityManager: Start proc 3781:com.lguplus.appstore/u0a99 for broadcast {com.lguplus.appstore/com.onestore.android.shopclient.specific.alarm.UpgradeAlarmReceiver}
06-17 22:04:34.022  1909  1973 I ActivityManager: ProcessObserver broadcast disabled
06-17 22:04:34.568  1909  1972 I ActivityManager: Changes in 10055 19 to 11, 0 to 128
06-17 22:04:34.576  1909  2867 I ActivityManager: Changes in 10055 11 to 5, 128 to 144
06-17 22:04:34.658  1909  4227 I ActivityManager: Changes in 99157 11 to 11, 0 to 128
06-17 22:04:34.659  1909  4227 I ActivityManager: Changes in 10099 11 to 11, 0 to 128
06-17 22:04:34.692  1909  2867 I ActivityManager: Changes in 10251 19 to 10, 0 to 128
06-17 22:04:34.769  1909  1973 I ActivityManager: Start proc 3845:com.skt.skaf.OA00018282/u0a104 for content provider {com.skt.skaf.OA00018282/com.onestore.utils.ApiContentProvider}
06-17 22:04:34.769  1909  1973 I ActivityManager: ProcessObserver broadcast disabled
06-17 22:04:36.066  1909  4341 I ActivityManager: Changes in 10104 19 to 10, 0 to 128
06-17 22:04:36.116  1909  4211 I ActivityManager: Killing 32443:com.google.android.projection.gearhead:shared/u0a242 (adj 905): empty #25
06-17 22:04:40.630  1909  1971 I ActivityManager: Changes in 10055 5 to 15, 144 to 0
06-17 22:04:41.044  1909  1971 I ActivityManager: Changes in 10104 19 to 19, 128 to 0
06-17 22:04:44.668  1909  2065 I ActivityManager: Changes in 99157 19 to 19, 128 to 0
06-17 22:04:44.669  1909  2065 I ActivityManager: Changes in 10251 19 to 19, 128 to 0
06-17 22:04:44.669  1909  2065 I ActivityManager: Changes in 10099 19 to 19, 128 to 0
06-17 22:05:00.633  1909  1972 I ActivityManager: Killing 32469:com.google.android.projection.gearhead:car/u0a242 (adj 905): empty #25
06-17 22:05:18.414  1909  1972 I ActivityManager: Changes in 10096 19 to 11, 0 to 128
06-17 22:05:18.441  1909  4338 I ActivityManager: Changes in 99157 19 to 5, 0 to 184
06-17 22:05:28.429  1909  2065 I ActivityManager: Changes in 10096 19 to 19, 128 to 0
06-17 22:05:33.506  1909  4338 I ActivityManager: Changes in 99157 5 to 10, 184 to 0
06-17 22:08:20.172  1909  3434 I ActivityManager: Changes in 99157 19 to 5, 0 to 184
06-17 22:08:35.217  1909  2769 I ActivityManager: Changes in 99157 5 to 10, 184 to 0
06-17 22:13:31.804  1909  1973 I ActivityManager: Start proc 4404:com.samsung.android.sm.provider/1000 for content provider {com.samsung.android.lool/com.samsung.android.sm.database.SmProvider}
06-17 22:13:31.804  1909  1973 I ActivityManager: ProcessObserver broadcast disabled
06-17 22:13:58.050  1909  1972 I ActivityManager: Killing 32492:com.samsung.accessory.budsunitemgr/u0a314 (adj 905): empty #25
06-17 22:14:42.531  1909  9411 I ActivityManager: Changes in 10107 19 to 5, 0 to 144
06-17 22:14:48.593  1909  1971 I ActivityManager: Changes in 10107 5 to 15, 144 to 0
06-17 22:19:31.670  1909  1972 I ActivityManager: Changes in 10108 10 to 10, 0 to 128
06-17 22:19:31.672  1909  4206 I ActivityManager: Changes in 10108 10 to 10, 128 to 0
06-17 22:19:31.675  1909  1972 I ActivityManager: Changes in 10096 19 to 11, 0 to 128
06-17 22:19:31.678  1909  4206 I ActivityManager: Changes in 10096 11 to 19, 128 to 0
06-17 22:25:18.414  1909  1972 I ActivityManager: Changes in 10096 19 to 11, 0 to 128
06-17 22:25:18.433  1909  4341 I ActivityManager: Changes in 99157 19 to 5, 0 to 184
06-17 22:25:28.425  1909  2065 I ActivityManager: Changes in 10096 19 to 19, 128 to 0
06-17 22:25:33.496  1909  2769 I ActivityManager: Changes in 99157 5 to 10, 184 to 0
06-17 22:30:45.994  1909  1972 I ActivityManager: Changes in 10096 19 to 11, 0 to 128
06-17 22:30:46.001  1909  4341 I ActivityManager: Changes in 10096 11 to 19, 128 to 0
06-17 22:30:46.093  1909  4338 I ActivityManager: Changes in 99157 19 to 8, 0 to 128
06-17 22:30:46.159  1909  4206 I ActivityManager: Changes in 99157 8 to 10, 128 to 0
06-17 22:30:46.283  1909  4341 I ActivityManager: Changes in 99157 19 to 8, 0 to 128
06-17 22:30:46.497  1909  2224 I ActivityManager: Changes in 99157 8 to 10, 128 to 0
06-17 22:30:46.541  1909  4206 I ActivityManager: Changes in 99157 19 to 5, 0 to 184
06-17 22:31:01.550  1909  1933 I ActivityManager: Changes in 99157 5 to 10, 184 to 0
06-17 22:33:44.832  1909  1972 I ActivityManager: Changes in 10096 19 to 11, 0 to 128
06-17 22:33:44.836  1909  1933 I ActivityManager: Changes in 10096 11 to 19, 128 to 0
06-17 22:34:47.026 30779 31004 W ReactNativeJS: This method is deprecated (as well as all React Native Firebase namespaced API) and will be removed in the next major release as part of move to match Firebase Web modular SDK API. Please see migration guide for more details: https://rnfirebase.io/migrating-to-v22. Method called was `FieldValue`. Please use `FieldValue` instead.
06-17 22:34:47.026 30779 31004 W ReactNativeJS: This method is deprecated (as well as all React Native Firebase namespaced API) and will be removed in the next major release as part of move to match Firebase Web modular SDK API. Please see migration guide for more details: https://rnfirebase.io/migrating-to-v22. Method called was `delete`. Please use `deleteField()` instead.
06-17 22:34:47.027 30779 31004 W ReactNativeJS: This method is deprecated (as well as all React Native Firebase namespaced API) and will be removed in the next major release as part of move to match Firebase Web modular SDK API. Please see migration guide for more details: https://rnfirebase.io/migrating-to-v22. Method called was `FieldValue`. Please use `FieldValue` instead.
06-17 22:34:47.027 30779 31004 W ReactNativeJS: This method is deprecated (as well as all React Native Firebase namespaced API) and will be removed in the next major release as part of move to match Firebase Web modular SDK API. Please see migration guide for more details: https://rnfirebase.io/migrating-to-v22. Method called was `serverTimestamp`. Please use `serverTimestamp()` instead.
06-17 22:34:52.816  1909  1965 I ActivityManager: Changes in 10147 5 to 2, 184 to 255
06-17 22:34:53.503  1909  1965 I ActivityManager: Changes in 11051 2 to 15, 255 to 128
06-17 22:34:53.591  1909  4341 I ActivityManager: Changes in 99157 19 to 10, 0 to 128
06-17 22:34:53.619  1909  4341 I ActivityManager: Changes in 99157 15 to 15, 128 to 0
06-17 22:34:53.624  1909  4341 I ActivityManager: Changes in 11051 15 to 15, 128 to 0
06-17 22:34:55.899  1909  1973 I ActivityManager: Start proc 5560:com.android.settings/1000 for activelaunch {com.android.settings/com.android.settings.Settings}
06-17 22:34:55.899  1909  1973 I ActivityManager: ProcessObserver broadcast disabled
06-17 22:34:56.208  1909  2224 I ActivityManager: Changes in 10117 19 to 3, 0 to 144
06-17 22:34:56.445  1909  1965 I ActivityManager: Changes in 10147 2 to 5, 255 to 184
06-17 22:34:56.650  1909  1965 I ActivityManager: Killing 11317:com.google.android.webview:sandboxed_process0:org.chromium.content.app.SandboxedProcessService0:0/u0a275i156 (adj 910): remove task
06-17 22:34:56.832  1909  1973 I ActivityManager: Start proc 5671:com.google.android.webview:sandboxed_process0:org.chromium.content.app.SandboxedProcessService0:1/u0i158 for  {com.eonsoft.ScreenON/org.chromium.content.app.SandboxedProcessService0:1}
06-17 22:34:56.832  1909  1973 I ActivityManager: ProcessObserver broadcast disabled
06-17 22:34:56.839  5671  5671 E libc    : SetHeapTaggingLevel: re-enabling tagging after it was disabled is not supported
06-17 22:34:57.242  1909  4338 I ActivityManager: Killing 5671:com.google.android.webview:sandboxed_process0:org.chromium.content.app.SandboxedProcessService0:1/u0a275i158 (adj 0): isolated not needed
06-17 22:34:57.935  1909  1973 I ActivityManager: Start proc 5718:com.samsung.android.scloud/5009 for content provider {com.samsung.android.scloud/com.samsung.android.scloud.app.manifest.SCloudStatusProvider}
06-17 22:34:57.935  1909  1973 I ActivityManager: ProcessObserver broadcast disabled
06-17 22:34:58.336  1909  1933 I ActivityManager: Changes in 5004 19 to 5, 0 to 144
06-17 22:34:58.551  1909  4341 I ActivityManager: Changes in 10120 10 to 5, 0 to 144
06-17 22:34:58.570  1909  1973 I ActivityManager: Start proc 5893:com.samsung.android.aremoji/u0a50 for content provider {com.samsung.android.aremoji/com.samsung.android.aremoji.home.sync.SamsungCloudProvider}
06-17 22:34:58.570  1909  1973 I ActivityManager: ProcessObserver broadcast disabled
06-17 22:34:58.571  1909  4338 I ActivityManager: Changes in 10328 19 to 5, 0 to 144
06-17 22:34:58.609  1909  1973 I ActivityManager: Start proc 5904:com.samsung.android.app.reminder/u0a224 for content provider {com.samsung.android.app.reminder/com.samsung.android.app.reminder.data.sync.CloudConnectionProvider}
06-17 22:34:58.610  1909  1973 I ActivityManager: ProcessObserver broadcast disabled
06-17 22:34:58.641  1909  1973 W ActivityManager: Slow operation: 54ms so far, now at startProcess: returned from zygote!
06-17 22:34:58.676  1909  4206 W ActivityManager: Slow operation: 51ms so far, now at attachApplicationLocked: immediately after bindApplication
06-17 22:34:58.676  1909  4206 W ActivityManager: Slow operation: 51ms so far, now at attachApplicationLocked: after updateLruProcessLocked
06-17 22:34:58.679  1909  4206 W ActivityManager: Slow operation: 54ms so far, now at attachApplicationLocked: after updateOomAdjLocked
06-17 22:34:58.681  1909  1973 W ActivityManager: Slow operation: 93ms so far, now at startProcess: done updating battery stats
06-17 22:34:58.681  1909  1973 W ActivityManager: Slow operation: 94ms so far, now at startProcess: building log message
06-17 22:34:58.681  1909  1973 I ActivityManager: Start proc 5934:com.samsung.android.samsungpass/u0a127 for content provider {com.samsung.android.samsungpass/com.samsung.android.samsungpass.websignin.signindb.SCSyncSettingLibraryProvider}
06-17 22:34:58.681  1909  1973 W ActivityManager: Slow operation: 94ms so far, now at startProcess: starting to update pids map
06-17 22:34:58.682  1909  1973 I ActivityManager: ProcessObserver broadcast disabled
06-17 22:34:58.682  1909  1973 W ActivityManager: Slow operation: 95ms so far, now at startProcess: done updating pids map
06-17 22:34:58.682  1909  1973 W ActivityManager: Slow operation: 87ms so far, now at startProcess: asking zygote to start proc
06-17 22:34:58.702  1909  1973 W ActivityManager: Slow operation: 106ms so far, now at startProcess: returned from zygote!
06-17 22:34:58.702  1909  1973 W ActivityManager: Slow operation: 107ms so far, now at startProcess: done updating battery stats
06-17 22:34:58.702  1909  1973 W ActivityManager: Slow operation: 107ms so far, now at startProcess: building log message
06-17 22:34:58.702  1909  1973 I ActivityManager: Start proc 5952:com.samsung.android.calendar/u0a222 for content provider {com.samsung.android.calendar/com.samsung.android.libcalendar.platform.samsungcloud.RPCSettingProvider}
06-17 22:34:58.702  1909  1973 W ActivityManager: Slow operation: 107ms so far, now at startProcess: starting to update pids map
06-17 22:34:58.702  1909  1973 I ActivityManager: ProcessObserver broadcast disabled
06-17 22:34:58.702  1909  1973 W ActivityManager: Slow operation: 107ms so far, now at startProcess: done updating pids map
06-17 22:34:58.703  1909  1973 W ActivityManager: Slow operation: 100ms so far, now at startProcess: asking zygote to start proc
06-17 22:34:58.729  1909  1973 W ActivityManager: Slow operation: 127ms so far, now at startProcess: returned from zygote!
06-17 22:34:58.737  1909  1973 W ActivityManager: Slow operation: 134ms so far, now at startProcess: done updating battery stats
06-17 22:34:58.738  1909  1973 W ActivityManager: Slow operation: 136ms so far, now at startProcess: building log message
06-17 22:34:58.739  1909  1973 I ActivityManager: Start proc 5955:com.samsung.android.app.notes/u0a326 for content provider {com.samsung.android.app.notes/com.samsung.android.support.senl.nt.app.sync.cloudsettings.callee.NotesSyncRpcProvider}
06-17 22:34:58.739  1909  1973 W ActivityManager: Slow operation: 137ms so far, now at startProcess: starting to update pids map
06-17 22:34:58.739  1909  1973 I ActivityManager: ProcessObserver broadcast disabled
06-17 22:34:58.739  1909  1973 W ActivityManager: Slow operation: 137ms so far, now at startProcess: done updating pids map
06-17 22:34:58.739  1909  1973 W ActivityManager: Slow operation: 117ms so far, now at startProcess: asking zygote to start proc
06-17 22:34:58.760  1909  1973 W ActivityManager: Slow operation: 138ms so far, now at startProcess: returned from zygote!
06-17 22:34:58.760  1909  1973 W ActivityManager: Slow operation: 138ms so far, now at startProcess: done updating battery stats
06-17 22:34:58.761  1909  1973 W ActivityManager: Slow operation: 138ms so far, now at startProcess: building log message
06-17 22:34:58.761  1909  1973 I ActivityManager: Start proc 5967:com.sec.android.app.sbrowser/u0a330 for content provider {com.sec.android.app.sbrowser/com.sec.android.app.sbrowser.sync.SamsungCloudSyncSettingProvider}
06-17 22:34:58.761  1909  1973 W ActivityManager: Slow operation: 139ms so far, now at startProcess: starting to update pids map
06-17 22:34:58.763  1909  1973 I ActivityManager: ProcessObserver broadcast disabled
06-17 22:34:58.764  1909  1973 W ActivityManager: Slow operation: 141ms so far, now at startProcess: done updating pids map
06-17 22:34:59.028  1909  1973 I ActivityManager: Start proc 6004:com.samsung.android.stickercenter/1000 for service {com.samsung.android.stickercenter/com.samsung.android.stickercenter.StickerCenterService}
06-17 22:34:59.028  1909  1973 I ActivityManager: ProcessObserver broadcast disabled
06-17 22:34:59.069  1909  4206 I ActivityManager: Changes in 10050 19 to 5, 0 to 144
06-17 22:34:59.183  1909  4206 I ActivityManager: Changes in 10222 19 to 5, 0 to 144
06-17 22:34:59.184  1909  4206 I ActivityManager: Changes in 10115 19 to 5, 0 to 144
06-17 22:34:59.350  1909  4356 I ActivityManager: Changes in 10224 19 to 5, 0 to 144
06-17 22:34:59.391  1909  4206 I ActivityManager: Changes in 10127 19 to 5, 0 to 144
06-17 22:34:59.397  1909  1973 I ActivityManager: Start proc 6105:com.samsung.android.authfw/5278 for service {com.samsung.android.authfw/com.samsung.android.authfw.pass.PassService}
06-17 22:34:59.397  1909  1973 I ActivityManager: ProcessObserver broadcast disabled
06-17 22:34:59.450  1909  4206 I ActivityManager: Changes in 99157 10 to 5, 0 to 184
06-17 22:34:59.451  1909  4206 I ActivityManager: Changes in 10330 19 to 5, 0 to 144
06-17 22:34:59.562  1909  4206 I ActivityManager: Changes in 5278 19 to 5, 0 to 184
06-17 22:34:59.784  1909  4206 I ActivityManager: Changes in 10326 19 to 5, 0 to 144
06-17 22:34:59.892  1909  1973 I ActivityManager: Start proc 6161:com.sec.android.app.sbrowser:privileged_process0/u0a330 for service {com.sec.android.app.sbrowser/org.chromium.content.app.PrivilegedProcessService0}
06-17 22:34:59.892  1909  1973 I ActivityManager: ProcessObserver broadcast disabled
06-17 22:34:59.982  1909  4206 I ActivityManager: Changes in 10330 5 to 5, 144 to 184
06-17 22:35:00.461  1909  1973 I ActivityManager: Start proc 6276:com.samsung.android.sm.devicesecurity/u0a214 for content provider {com.samsung.android.sm.devicesecurity/com.samsung.android.sm.devicesecurity.DeviceSecurityProvider}
06-17 22:35:00.461  1909  1973 I ActivityManager: ProcessObserver broadcast disabled
06-17 22:35:00.504  1909  1973 I ActivityManager: Start proc 6297:com.samsung.android.voc/u0a329 for content provider {com.samsung.android.voc/com.samsung.android.voc.diagnosis.provider.SamsungMembersDiagnosisProvider}
06-17 22:35:00.504  1909  1973 I ActivityManager: ProcessObserver broadcast disabled
06-17 22:35:00.632  1909  1962 I ActivityManager: SwappinessController() - new value is lower than default value, go back to default
06-17 22:35:00.634  1909  1962 I ActivityManager: SwappinessController() - changed from 130 -> 130
06-17 22:35:00.657  1909  4206 I ActivityManager: Changes in 10214 19 to 3, 0 to 144
06-17 22:35:01.208  1909  2224 I ActivityManager: Changes in 10329 19 to 3, 0 to 144
06-17 22:35:02.778  1909  2769 I ActivityManager: Changes in 10117 5 to 5, 144 to 184
06-17 22:35:03.656  1909  3174 I ActivityManager: Changes in 10117 5 to 5, 184 to 144
06-17 22:35:04.368  1909  1971 I ActivityManager: Changes in 5004 5 to 15, 144 to 0
06-17 22:35:04.660  1909  1971 I ActivityManager: Changes in 10328 5 to 15, 144 to 0
06-17 22:35:05.333  1909  1971 I ActivityManager: Changes in 99157 5 to 6, 184 to 0
06-17 22:35:05.334  1909  1971 I ActivityManager: Changes in 10330 5 to 15, 184 to 0
06-17 22:35:05.335  1909  1971 I ActivityManager: Changes in 10326 5 to 15, 144 to 0
06-17 22:35:05.335  1909  1971 I ActivityManager: Changes in 10224 5 to 15, 144 to 0
06-17 22:35:05.335  1909  1971 I ActivityManager: Changes in 10222 5 to 15, 144 to 0
06-17 22:35:05.335  1909  1971 I ActivityManager: Changes in 10127 5 to 15, 144 to 0
06-17 22:35:05.335  1909  1971 I ActivityManager: Changes in 10120 5 to 10, 144 to 0
06-17 22:35:05.335  1909  1971 I ActivityManager: Changes in 10117 5 to 15, 144 to 0
06-17 22:35:05.335  1909  1971 I ActivityManager: Changes in 10115 5 to 15, 144 to 0
06-17 22:35:05.336  1909  1971 I ActivityManager: Changes in 10050 5 to 15, 144 to 0
06-17 22:35:05.336  1909  1971 I ActivityManager: Changes in 5278 5 to 15, 184 to 0
06-17 22:35:06.845  1909  1971 I ActivityManager: Changes in 10214 3 to 15, 144 to 0
06-17 22:35:07.150  1909  1971 I ActivityManager: Changes in 10329 3 to 15, 144 to 0
06-17 22:35:07.809  1909  1965 I ActivityManager: Changes in 10147 5 to 2, 184 to 255
06-17 22:35:08.624  1909  1971 I ActivityManager: Killing 32521:com.sec.android.CcInfo/1000 (adj 985): empty #25
06-17 22:35:08.648  1909  1971 I ActivityManager: Killing 28385:com.samsung.android.game.gos/u0a76 (adj 975): empty #25
06-17 22:35:08.701  1909  1965 I ActivityManager: Changes in 11051 16 to 2, 0 to 255
06-17 22:35:08.765  1909  4206 I ActivityManager: Changes in 99157 6 to 3, 0 to 184
06-17 22:35:08.805  1909  1971 I ActivityManager: Killing 1862:com.ss.android.ugc.trill/u0a388 (adj 985): empty #25
06-17 22:35:10.179  1909  4356 I ActivityManager: Changes in 10147 2 to 5, 255 to 184
06-17 22:35:20.920  1909  4356 I ActivityManager: Changes in 99157 3 to 6, 184 to 0
06-17 22:35:23.178  1909  1972 I ActivityManager: Killing 2430:com.samsung.drmboost/u0a339 (adj 985): empty #25
06-17 22:35:24.371  1909  1972 I ActivityManager: Killing 2693:com.google.android.rkpdapp/u0a348 (adj 985): empty #25
06-17 22:35:25.372  1909  1972 I ActivityManager: Killing 2155:com.sec.android.provider.badge/u0a55 (adj 975): empty #25
06-17 22:35:25.375  1909  1972 I ActivityManager: Killing 3529:com.android.vending:background/u0a251 (adj 975): empty #26
06-17 22:35:27.785  1909  1972 I ActivityManager: Killing 29832:com.android.vending/u0a251 (adj 965): empty #25
06-17 22:35:27.787  1909  1972 I ActivityManager: Killing 3845:com.skt.skaf.OA00018282/u0a104 (adj 965): empty #26
06-17 22:35:27.787  1909  1972 I ActivityManager: Killing 3781:com.lguplus.appstore/u0a99 (adj 975): empty #27
06-17 22:37:20.562 30779 31004 W ReactNativeJS: This method is deprecated (as well as all React Native Firebase namespaced API) and will be removed in the next major release as part of move to match Firebase Web modular SDK API. Please see migration guide for more details: https://rnfirebase.io/migrating-to-v22. Method called was `FieldValue`. Please use `FieldValue` instead.
06-17 22:37:20.562 30779 31004 W ReactNativeJS: This method is deprecated (as well as all React Native Firebase namespaced API) and will be removed in the next major release as part of move to match Firebase Web modular SDK API. Please see migration guide for more details: https://rnfirebase.io/migrating-to-v22. Method called was `delete`. Please use `deleteField()` instead.
06-17 22:37:20.563 30779 31004 W ReactNativeJS: This method is deprecated (as well as all React Native Firebase namespaced API) and will be removed in the next major release as part of move to match Firebase Web modular SDK API. Please see migration guide for more details: https://rnfirebase.io/migrating-to-v22. Method called was `FieldValue`. Please use `FieldValue` instead.
06-17 22:37:20.563 30779 31004 W ReactNativeJS: This method is deprecated (as well as all React Native Firebase namespaced API) and will be removed in the next major release as part of move to match Firebase Web modular SDK API. Please see migration guide for more details: https://rnfirebase.io/migrating-to-v22. Method called was `serverTimestamp`. Please use `serverTimestamp()` instead.
06-17 22:40:02.007  1909  4174 I ActivityManager: Killing 28112:com.google.android.googlequicksearchbox:search/u0a253 (adj 955): empty #25
06-17 22:40:02.011  1909  4174 I ActivityManager: Killing 31161:com.samsung.android.privacydashboard/u0a107 (adj 965): empty #26
06-17 22:42:04.719  1909  1965 I ActivityManager: Changes in 10147 5 to 2, 184 to 255
06-17 22:42:05.317  1909  1965 I ActivityManager: Changes in 11051 2 to 15, 255 to 128
06-17 22:42:05.443  1909  2537 I ActivityManager: Changes in 99157 19 to 10, 0 to 128
06-17 22:42:05.468  1909  2537 I ActivityManager: Changes in 99157 15 to 15, 128 to 0
06-17 22:42:05.468  1909  2537 I ActivityManager: Changes in 11051 15 to 15, 128 to 0
06-17 22:42:06.525  1909  1965 I ActivityManager: Changes in 99157 15 to 3, 0 to 184
06-17 22:42:06.525  1909  1965 I ActivityManager: Changes in 11051 15 to 2, 0 to 255
06-17 22:42:06.818  1909  1965 I ActivityManager: Changes in 10147 2 to 5, 255 to 184
06-17 22:42:07.727 30779 31004 W ReactNativeJS: This method is deprecated (as well as all React Native Firebase namespaced API) and will be removed in the next major release as part of move to match Firebase Web modular SDK API. Please see migration guide for more details: https://rnfirebase.io/migrating-to-v22. Method called was `FieldValue`. Please use `FieldValue` instead.
06-17 22:42:07.728 30779 31004 W ReactNativeJS: This method is deprecated (as well as all React Native Firebase namespaced API) and will be removed in the next major release as part of move to match Firebase Web modular SDK API. Please see migration guide for more details: https://rnfirebase.io/migrating-to-v22. Method called was `delete`. Please use `deleteField()` instead.
06-17 22:42:07.728 30779 31004 W ReactNativeJS: This method is deprecated (as well as all React Native Firebase namespaced API) and will be removed in the next major release as part of move to match Firebase Web modular SDK API. Please see migration guide for more details: https://rnfirebase.io/migrating-to-v22. Method called was `FieldValue`. Please use `FieldValue` instead.
06-17 22:42:07.729 30779 31004 W ReactNativeJS: This method is deprecated (as well as all React Native Firebase namespaced API) and will be removed in the next major release as part of move to match Firebase Web modular SDK API. Please see migration guide for more details: https://rnfirebase.io/migrating-to-v22. Method called was `serverTimestamp`. Please use `serverTimestamp()` instead.
06-17 22:42:13.434 30779 31004 W ReactNativeJS: Cannot connect to Metro.
06-17 22:42:13.434 30779 31004 W ReactNativeJS: 
06-17 22:42:13.434 30779 31004 W ReactNativeJS: Try the following to fix the issue:
06-17 22:42:13.434 30779 31004 W ReactNativeJS: - Ensure that Metro is running and available on the same network
06-17 22:42:13.434 30779 31004 W ReactNativeJS: - Ensure that your device/emulator is connected to your machine and has USB debugging enabled - run 'adb devices' to see a list of connected devices
06-17 22:42:13.434 30779 31004 W ReactNativeJS: - If you're on a physical device connected to the same machine, run 'adb reverse tcp:8081 tcp:8081' to forward requests from your device
06-17 22:42:13.434 30779 31004 W ReactNativeJS: - If your device is on the same Wi-Fi network, set 'Debug server host & port for device' in 'Dev settings' to your machine's IP address and the port of the local dev server - e.g. 10.0.1.1:8081
06-17 22:42:13.434 30779 31004 W ReactNativeJS: 
06-17 22:42:13.434 30779 31004 W ReactNativeJS: URL: localhost:8081
06-17 22:42:13.434 30779 31004 W ReactNativeJS: 
06-17 22:42:13.434 30779 31004 W ReactNativeJS: Error: null
06-17 22:42:16.563  1909  4356 I ActivityManager: Changes in 99157 3 to 10, 184 to 0
06-17 22:42:18.518  1909  1965 I ActivityManager: Changes in 10147 5 to 2, 184 to 255
06-17 22:42:18.518  1909  1965 I ActivityManager: updateOomAdj start time is before than pendingPid added, don't delete it
06-17 22:42:19.149  1909  1965 I ActivityManager: Changes in 11051 2 to 15, 255 to 128
06-17 22:42:19.253  1909  2776 I ActivityManager: Changes in 99157 19 to 10, 0 to 128
06-17 22:42:19.287  1909  3434 I ActivityManager: Changes in 99157 15 to 15, 128 to 0
06-17 22:42:19.287  1909  3434 I ActivityManager: Changes in 11051 15 to 15, 128 to 0
06-17 22:42:20.088  1909  1965 I ActivityManager: Killing 27548:com.samsung.android.ce/u0a96 (adj 985): empty #25
06-17 22:42:20.091  1909  1965 I ActivityManager: Killing 30779:com.arcfire.online/u0a1051 (adj 905): remove task
06-17 22:42:20.129  1909  1965 I ActivityManager: Changes in 10275 6 to 2, 0 to 255
06-17 22:42:20.131  1909  1965 I ActivityManager: Changes in 10266 19 to 19, 0 to 128
06-17 22:42:20.143  1909  1965 I ActivityManager: Killing 5560:com.android.settings/1000 (adj 850): remove task
06-17 22:42:20.269  1909  1965 W ActivityManager: setHasOverlayUi called on unknown pid: 5560
06-17 22:42:20.520  1909  1965 I ActivityManager: Changes in 10275 2 to 6, 255 to 128
06-17 22:42:20.551  1909  4343 I ActivityManager: Changes in 10275 6 to 6, 128 to 0
06-17 22:42:20.551  1909  4343 I ActivityManager: Changes in 10266 17 to 17, 128 to 0
06-17 22:42:20.643  1909  1965 W ActivityManager: setHasOverlayUi called on unknown pid: 30779
06-17 22:42:20.722  7137  7137 E libc    : SetHeapTaggingLevel: re-enabling tagging after it was disabled is not supported
06-17 22:42:20.724  1909  1973 I ActivityManager: Start proc 7137:com.google.android.webview:sandboxed_process0:org.chromium.content.app.SandboxedProcessService0:2/u0i159 for  {com.eonsoft.ScreenON/org.chromium.content.app.SandboxedProcessService0:2}
06-17 22:42:20.724  1909  1973 I ActivityManager: ProcessObserver broadcast disabled
06-17 22:42:20.753  1909  1972 I ActivityManager: Changes in 99157 6 to 6, 0 to 128
06-17 22:42:20.756  1909  2057 I ActivityManager: Changes in 99157 6 to 6, 128 to 0
