--------- beginning of main
06-15 14:43:02.323 15137 29777 W ReactNativeJS: This method is deprecated (as well as all React Native Firebase namespaced API) and will be removed in the next major release as part of move to match Firebase Web modular SDK API. Please see migration guide for more details: https://rnfirebase.io/migrating-to-v22. Method called was `FieldValue`. Please use `FieldValue` instead.
06-15 14:43:02.323 15137 29777 W ReactNativeJS: This method is deprecated (as well as all React Native Firebase namespaced API) and will be removed in the next major release as part of move to match Firebase Web modular SDK API. Please see migration guide for more details: https://rnfirebase.io/migrating-to-v22. Method called was `delete`. Please use `deleteField()` instead.
06-15 14:43:02.324 15137 29777 W ReactNativeJS: This method is deprecated (as well as all React Native Firebase namespaced API) and will be removed in the next major release as part of move to match Firebase Web modular SDK API. Please see migration guide for more details: https://rnfirebase.io/migrating-to-v22. Method called was `FieldValue`. Please use `FieldValue` instead.
06-15 14:43:02.324 15137 29777 W ReactNativeJS: This method is deprecated (as well as all React Native Firebase namespaced API) and will be removed in the next major release as part of move to match Firebase Web modular SDK API. Please see migration guide for more details: https://rnfirebase.io/migrating-to-v22. Method called was `serverTimestamp`. Please use `serverTimestamp()` instead.
--------- beginning of system
06-15 14:44:50.618  1909  3434 I ActivityManager: Changes in 99097 19 to 5, 0 to 184
06-15 14:45:05.686  1909  4343 I ActivityManager: Changes in 99097 5 to 10, 184 to 0
06-15 14:45:08.538 15137 29777 W ReactNativeJS: This method is deprecated (as well as all React Native Firebase namespaced API) and will be removed in the next major release as part of move to match Firebase Web modular SDK API. Please see migration guide for more details: https://rnfirebase.io/migrating-to-v22. Method called was `FieldValue`. Please use `FieldValue` instead.
06-15 14:45:08.538 15137 29777 W ReactNativeJS: This method is deprecated (as well as all React Native Firebase namespaced API) and will be removed in the next major release as part of move to match Firebase Web modular SDK API. Please see migration guide for more details: https://rnfirebase.io/migrating-to-v22. Method called was `delete`. Please use `deleteField()` instead.
06-15 14:45:08.538 15137 29777 W ReactNativeJS: This method is deprecated (as well as all React Native Firebase namespaced API) and will be removed in the next major release as part of move to match Firebase Web modular SDK API. Please see migration guide for more details: https://rnfirebase.io/migrating-to-v22. Method called was `FieldValue`. Please use `FieldValue` instead.
06-15 14:45:08.539 15137 29777 W ReactNativeJS: This method is deprecated (as well as all React Native Firebase namespaced API) and will be removed in the next major release as part of move to match Firebase Web modular SDK API. Please see migration guide for more details: https://rnfirebase.io/migrating-to-v22. Method called was `serverTimestamp`. Please use `serverTimestamp()` instead.
06-15 14:46:40.743 15137 29777 W ReactNativeJS: 'This method is deprecated (as well as all React Native Firebase namespaced API) and will be removed in the next major release as part of move to match Firebase Web modular SDK API. Please see migration guide for more details: https://rnfirebase.io/migrating-to-v22 Please use `getApp()` instead.', { [Component Stack] name: 'Component Stack' }
06-15 14:46:40.758 15137 29777 W ReactNativeJS: 'This method is deprecated (as well as all React Native Firebase namespaced API) and will be removed in the next major release as part of move to match Firebase Web modular SDK API. Please see migration guide for more details: https://rnfirebase.io/migrating-to-v22 Please use `getApp()` instead.', { [Component Stack] name: 'Component Stack' }
06-15 14:46:40.777 15137 29777 W ReactNativeJS: 'This method is deprecated (as well as all React Native Firebase namespaced API) and will be removed in the next major release as part of move to match Firebase Web modular SDK API. Please see migration guide for more details: https://rnfirebase.io/migrating-to-v22. Method called was `logEvent`. Please use `logEvent()` instead.', { [Component Stack] name: 'Component Stack' }
06-15 14:46:40.827  1909  4206 I ActivityManager: Changes in 99097 19 to 3, 0 to 184
06-15 14:46:41.626 15137 29777 W ReactNativeJS: This method is deprecated (as well as all React Native Firebase namespaced API) and will be removed in the next major release as part of move to match Firebase Web modular SDK API. Please see migration guide for more details: https://rnfirebase.io/migrating-to-v22. Method called was `FieldValue`. Please use `FieldValue` instead.
06-15 14:46:41.626 15137 29777 W ReactNativeJS: This method is deprecated (as well as all React Native Firebase namespaced API) and will be removed in the next major release as part of move to match Firebase Web modular SDK API. Please see migration guide for more details: https://rnfirebase.io/migrating-to-v22. Method called was `delete`. Please use `deleteField()` instead.
06-15 14:46:41.627 15137 29777 W ReactNativeJS: This method is deprecated (as well as all React Native Firebase namespaced API) and will be removed in the next major release as part of move to match Firebase Web modular SDK API. Please see migration guide for more details: https://rnfirebase.io/migrating-to-v22. Method called was `FieldValue`. Please use `FieldValue` instead.
06-15 14:46:41.627 15137 29777 W ReactNativeJS: This method is deprecated (as well as all React Native Firebase namespaced API) and will be removed in the next major release as part of move to match Firebase Web modular SDK API. Please see migration guide for more details: https://rnfirebase.io/migrating-to-v22. Method called was `serverTimestamp`. Please use `serverTimestamp()` instead.
06-15 14:46:50.941  1909  4206 I ActivityManager: Changes in 99097 3 to 10, 184 to 0
06-15 14:47:18.853 15137 29777 W ReactNativeJS: 'This method is deprecated (as well as all React Native Firebase namespaced API) and will be removed in the next major release as part of move to match Firebase Web modular SDK API. Please see migration guide for more details: https://rnfirebase.io/migrating-to-v22 Please use `getApp()` instead.', { [Component Stack] name: 'Component Stack' }
06-15 14:47:18.876 15137 29777 W ReactNativeJS: 'This method is deprecated (as well as all React Native Firebase namespaced API) and will be removed in the next major release as part of move to match Firebase Web modular SDK API. Please see migration guide for more details: https://rnfirebase.io/migrating-to-v22 Please use `getApp()` instead.', { [Component Stack] name: 'Component Stack' }
06-15 14:47:18.903 15137 29777 W ReactNativeJS: 'This method is deprecated (as well as all React Native Firebase namespaced API) and will be removed in the next major release as part of move to match Firebase Web modular SDK API. Please see migration guide for more details: https://rnfirebase.io/migrating-to-v22. Method called was `logEvent`. Please use `logEvent()` instead.', { [Component Stack] name: 'Component Stack' }
06-15 14:47:18.949  1909  4206 I ActivityManager: Changes in 99097 19 to 3, 0 to 184
06-15 14:47:19.689 15137 29777 W ReactNativeJS: This method is deprecated (as well as all React Native Firebase namespaced API) and will be removed in the next major release as part of move to match Firebase Web modular SDK API. Please see migration guide for more details: https://rnfirebase.io/migrating-to-v22. Method called was `FieldValue`. Please use `FieldValue` instead.
06-15 14:47:19.689 15137 29777 W ReactNativeJS: This method is deprecated (as well as all React Native Firebase namespaced API) and will be removed in the next major release as part of move to match Firebase Web modular SDK API. Please see migration guide for more details: https://rnfirebase.io/migrating-to-v22. Method called was `delete`. Please use `deleteField()` instead.
06-15 14:47:19.689 15137 29777 W ReactNativeJS: This method is deprecated (as well as all React Native Firebase namespaced API) and will be removed in the next major release as part of move to match Firebase Web modular SDK API. Please see migration guide for more details: https://rnfirebase.io/migrating-to-v22. Method called was `FieldValue`. Please use `FieldValue` instead.
06-15 14:47:19.690 15137 29777 W ReactNativeJS: This method is deprecated (as well as all React Native Firebase namespaced API) and will be removed in the next major release as part of move to match Firebase Web modular SDK API. Please see migration guide for more details: https://rnfirebase.io/migrating-to-v22. Method called was `serverTimestamp`. Please use `serverTimestamp()` instead.
06-15 14:47:21.062 15137 29777 W ReactNativeJS: This method is deprecated (as well as all React Native Firebase namespaced API) and will be removed in the next major release as part of move to match Firebase Web modular SDK API. Please see migration guide for more details: https://rnfirebase.io/migrating-to-v22. Method called was `FieldValue`. Please use `FieldValue` instead.
06-15 14:47:21.063 15137 29777 W ReactNativeJS: This method is deprecated (as well as all React Native Firebase namespaced API) and will be removed in the next major release as part of move to match Firebase Web modular SDK API. Please see migration guide for more details: https://rnfirebase.io/migrating-to-v22. Method called was `delete`. Please use `deleteField()` instead.
06-15 14:47:21.065 15137 29777 W ReactNativeJS: This method is deprecated (as well as all React Native Firebase namespaced API) and will be removed in the next major release as part of move to match Firebase Web modular SDK API. Please see migration guide for more details: https://rnfirebase.io/migrating-to-v22. Method called was `FieldValue`. Please use `FieldValue` instead.
06-15 14:47:21.067 15137 29777 W ReactNativeJS: This method is deprecated (as well as all React Native Firebase namespaced API) and will be removed in the next major release as part of move to match Firebase Web modular SDK API. Please see migration guide for more details: https://rnfirebase.io/migrating-to-v22. Method called was `serverTimestamp`. Please use `serverTimestamp()` instead.
06-15 14:47:29.058  1909  4206 I ActivityManager: Changes in 99097 3 to 10, 184 to 0
06-15 14:50:14.990  1909  1965 I ActivityManager: Changes in 10147 5 to 2, 184 to 255
06-15 14:50:15.384  1909  1965 I ActivityManager: Killing 26234:com.google.android.youtube/u0a271 (adj 985): empty #25
06-15 14:50:15.799  1909  1965 I ActivityManager: Changes in 11042 2 to 15, 255 to 128
06-15 14:50:15.973  1909  4211 I ActivityManager: Changes in 99097 19 to 10, 0 to 128
06-15 14:50:15.990  1909  4211 I ActivityManager: Changes in 99097 15 to 15, 128 to 0
06-15 14:50:15.990  1909  4211 I ActivityManager: Changes in 11042 15 to 15, 128 to 0
06-15 14:50:17.897  1909  1973 I ActivityManager: Start proc 30399:com.android.settings/1000 for activelaunch {com.android.settings/com.android.settings.Settings}
06-15 14:50:17.898  1909  1973 I ActivityManager: ProcessObserver broadcast disabled
06-15 14:50:18.285  1909  4211 I ActivityManager: Changes in 10117 19 to 3, 0 to 144
06-15 14:50:18.625  1909  1965 I ActivityManager: Changes in 10147 2 to 5, 255 to 184
06-15 14:50:19.607  1909  1973 I ActivityManager: Start proc 30517:com.samsung.android.app.routines:RoutineUIProcess/u0a53 for next-top-activity {com.samsung.android.app.routines/com.samsung.android.app.routines.ui.main.DynamicSettingsMenuLaunchActivity}
06-15 14:50:19.607  1909  1973 I ActivityManager: ProcessObserver broadcast disabled
06-15 14:50:19.865  1909  1973 I ActivityManager: Start proc 30534:com.samsung.android.app.routines/u0a53 for content provider {com.samsung.android.app.routines/com.samsung.android.app.routines.domainmodel.routinecontentprovider.RoutineContentProvider}
06-15 14:50:19.865  1909  1973 I ActivityManager: ProcessObserver broadcast disabled
06-15 14:50:20.007  1909  3698 I ActivityManager: Changes in 5009 19 to 5, 0 to 144
06-15 14:50:20.101  1909  3698 I ActivityManager: Changes in 10120 10 to 5, 0 to 144
06-15 14:50:20.196  1909  1973 W ActivityManager: Slow operation: 75ms so far, now at startProcess: done updating battery stats
06-15 14:50:20.196  1909  1973 W ActivityManager: Slow operation: 75ms so far, now at startProcess: building log message
06-15 14:50:20.196  1909  1973 I ActivityManager: Start proc 30619:com.samsung.android.app.reminder/u0a224 for content provider {com.samsung.android.app.reminder/com.samsung.android.app.reminder.data.sync.CloudConnectionProvider}
06-15 14:50:20.196  1909  1973 W ActivityManager: Slow operation: 75ms so far, now at startProcess: starting to update pids map
06-15 14:50:20.198  1909  1973 I ActivityManager: ProcessObserver broadcast disabled
06-15 14:50:20.198  1909  1973 W ActivityManager: Slow operation: 77ms so far, now at startProcess: done updating pids map
06-15 14:50:20.198  1909  1973 W ActivityManager: Slow operation: 69ms so far, now at startProcess: asking zygote to start proc
06-15 14:50:20.218  1909  1973 W ActivityManager: Slow operation: 89ms so far, now at startProcess: returned from zygote!
06-15 14:50:20.218  1909  1973 W ActivityManager: Slow operation: 89ms so far, now at startProcess: done updating battery stats
06-15 14:50:20.218  1909  1973 W ActivityManager: Slow operation: 89ms so far, now at startProcess: building log message
06-15 14:50:20.218  1909  1973 I ActivityManager: Start proc 30630:com.samsung.android.samsungpass/u0a127 for content provider {com.samsung.android.samsungpass/com.samsung.android.samsungpass.websignin.signindb.SCSyncSettingLibraryProvider}
06-15 14:50:20.218  1909  1973 W ActivityManager: Slow operation: 89ms so far, now at startProcess: starting to update pids map
06-15 14:50:20.218  1909  1973 I ActivityManager: ProcessObserver broadcast disabled
06-15 14:50:20.218  1909  1973 W ActivityManager: Slow operation: 89ms so far, now at startProcess: done updating pids map
06-15 14:50:20.218  1909  1973 W ActivityManager: Slow operation: 54ms so far, now at startProcess: asking zygote to start proc
06-15 14:50:20.233  1909  1973 W ActivityManager: Slow operation: 69ms so far, now at startProcess: returned from zygote!
06-15 14:50:20.233  1909  1973 W ActivityManager: Slow operation: 69ms so far, now at startProcess: done updating battery stats
06-15 14:50:20.233  1909  1973 W ActivityManager: Slow operation: 69ms so far, now at startProcess: building log message
06-15 14:50:20.233  1909  1973 I ActivityManager: Start proc 30631:com.samsung.android.calendar/u0a222 for content provider {com.samsung.android.calendar/com.samsung.android.libcalendar.platform.samsungcloud.RPCSettingProvider}
06-15 14:50:20.233  1909  1973 W ActivityManager: Slow operation: 69ms so far, now at startProcess: starting to update pids map
06-15 14:50:20.233  1909  1973 I ActivityManager: ProcessObserver broadcast disabled
06-15 14:50:20.233  1909  1973 W ActivityManager: Slow operation: 70ms so far, now at startProcess: done updating pids map
06-15 14:50:20.233  1909  1973 W ActivityManager: Slow operation: 66ms so far, now at startProcess: asking zygote to start proc
06-15 14:50:20.253  1909  1973 W ActivityManager: Slow operation: 85ms so far, now at startProcess: returned from zygote!
06-15 14:50:20.255  1909  1973 W ActivityManager: Slow operation: 87ms so far, now at startProcess: done updating battery stats
06-15 14:50:20.255  1909  1973 W ActivityManager: Slow operation: 87ms so far, now at startProcess: building log message
06-15 14:50:20.255  1909  1973 I ActivityManager: Start proc 30632:com.sec.android.app.sbrowser/u0a330 for content provider {com.sec.android.app.sbrowser/com.sec.android.app.sbrowser.sync.SamsungCloudSyncSettingProvider}
06-15 14:50:20.255  1909  1973 W ActivityManager: Slow operation: 87ms so far, now at startProcess: starting to update pids map
06-15 14:50:20.256  1909  1973 I ActivityManager: ProcessObserver broadcast disabled
06-15 14:50:20.256  1909  1973 W ActivityManager: Slow operation: 88ms so far, now at startProcess: done updating pids map
06-15 14:50:20.256  1909  1973 W ActivityManager: Slow operation: 71ms so far, now at startProcess: asking zygote to start proc
06-15 14:50:20.268  1909  1973 W ActivityManager: Slow operation: 83ms so far, now at startProcess: returned from zygote!
06-15 14:50:20.274  1909  1973 W ActivityManager: Slow operation: 89ms so far, now at startProcess: done updating battery stats
06-15 14:50:20.275  1909  1973 W ActivityManager: Slow operation: 90ms so far, now at startProcess: building log message
06-15 14:50:20.275  1909  1973 I ActivityManager: Start proc 30633:com.samsung.android.app.notes/u0a326 for content provider {com.samsung.android.app.notes/com.samsung.android.support.senl.nt.app.sync.cloudsettings.callee.NotesSyncRpcProvider}
06-15 14:50:20.275  1909  1973 W ActivityManager: Slow operation: 90ms so far, now at startProcess: starting to update pids map
06-15 14:50:20.277  1909  1973 I ActivityManager: ProcessObserver broadcast disabled
06-15 14:50:20.277  1909  1973 W ActivityManager: Slow operation: 92ms so far, now at startProcess: done updating pids map
06-15 14:50:20.277  1909  1973 W ActivityManager: Slow operation: 86ms so far, now at startProcess: asking zygote to start proc
06-15 14:50:20.300  1909  1973 W ActivityManager: Slow operation: 109ms so far, now at startProcess: returned from zygote!
06-15 14:50:20.346  1909  1973 W ActivityManager: Slow operation: 155ms so far, now at startProcess: done updating battery stats
06-15 14:50:20.346  1909  1973 W ActivityManager: Slow operation: 155ms so far, now at startProcess: building log message
06-15 14:50:20.346  1909  1973 I ActivityManager: Start proc 30649:com.sec.android.app.shealth:remote/u0a328 for content provider {com.sec.android.app.shealth/com.samsung.android.service.health.server.SCloudSettingProvider}
06-15 14:50:20.346  1909  1973 W ActivityManager: Slow operation: 156ms so far, now at startProcess: starting to update pids map
06-15 14:50:20.346  1909  1973 I ActivityManager: ProcessObserver broadcast disabled
06-15 14:50:20.347  1909  1973 W ActivityManager: Slow operation: 156ms so far, now at startProcess: done updating pids map
06-15 14:50:20.347  1909  1973 W ActivityManager: Slow operation: 153ms so far, now at startProcess: asking zygote to start proc
06-15 14:50:20.374  1909  1973 W ActivityManager: Slow operation: 180ms so far, now at startProcess: returned from zygote!
06-15 14:50:20.374  1909  1973 W ActivityManager: Slow operation: 180ms so far, now at startProcess: done updating battery stats
06-15 14:50:20.375  1909  1973 W ActivityManager: Slow operation: 182ms so far, now at startProcess: building log message
06-15 14:50:20.377  1909  1973 I ActivityManager: Start proc 30695:com.samsung.android.aremoji/u0a50 for content provider {com.samsung.android.aremoji/com.samsung.android.aremoji.home.sync.SamsungCloudProvider}
06-15 14:50:20.377  1909  1973 W ActivityManager: Slow operation: 183ms so far, now at startProcess: starting to update pids map
06-15 14:50:20.388  1909  1973 I ActivityManager: ProcessObserver broadcast disabled
06-15 14:50:20.388  1909  1973 W ActivityManager: Slow operation: 194ms so far, now at startProcess: done updating pids map
06-15 14:50:20.604  1909  2870 I ActivityManager: Changes in 10224 19 to 5, 0 to 144
06-15 14:50:20.742  1909  2410 I ActivityManager: Killing 28639:com.sec.android.gallery3d/u0a124 (adj 975): Chimera #0
06-15 14:50:20.748  1909  2410 I ActivityManager: Killing 29168:com.google.android.apps.tachyon/u0a254 (adj 965): Chimera #0
06-15 14:50:20.754  1909  2410 I ActivityManager: Killing 28369:com.google.android.as.oss/u0a248 (adj 965): Chimera #0
06-15 14:50:20.788  1909  2720 I ActivityManager: Changes in 10108 10 to 3, 0 to 144
06-15 14:50:20.959  1909  1973 I ActivityManager: Start proc 30753:com.samsung.android.stickercenter/1000 for service {com.samsung.android.stickercenter/com.samsung.android.stickercenter.StickerCenterService}
06-15 14:50:20.960  1909  1973 I ActivityManager: ProcessObserver broadcast disabled
06-15 14:50:21.046  1909  3698 I ActivityManager: Changes in 10050 19 to 5, 0 to 144
06-15 14:50:21.089  1909  3301 I ActivityManager: Changes in 10222 19 to 5, 0 to 144
06-15 14:50:21.144  1909  1973 I ActivityManager: Start proc 30781:com.android.providers.calendar/u0a115 for content provider {com.android.providers.calendar/com.android.providers.calendar.CalendarProvider2}
06-15 14:50:21.144  1909  1973 I ActivityManager: ProcessObserver broadcast disabled
06-15 14:50:21.351  1909  1973 I ActivityManager: Start proc 30836:com.samsung.android.authfw/5278 for service {com.samsung.android.authfw/com.samsung.android.authfw.pass.PassService}
06-15 14:50:21.351  1909  1973 I ActivityManager: ProcessObserver broadcast disabled
06-15 14:50:21.362  1909  3301 I ActivityManager: Changes in 10127 19 to 5, 0 to 144
06-15 14:50:21.405  1909  4225 I ActivityManager: Changes in 10115 19 to 5, 0 to 144
06-15 14:50:21.575  1909  3301 I ActivityManager: Changes in 99097 19 to 5, 0 to 184
06-15 14:50:21.575  1909  3301 I ActivityManager: Changes in 10330 19 to 5, 0 to 144
06-15 14:50:21.695  1909  4211 I ActivityManager: Changes in 5278 19 to 5, 0 to 184
06-15 14:50:21.724  1909  1973 I ActivityManager: Start proc 30876:com.samsung.android.app.parentalcare/u0a199 for content provider {com.samsung.android.app.parentalcare/com.samsung.android.app.parentalcare.provider.CareContentProvider}
06-15 14:50:21.724  1909  1973 I ActivityManager: ProcessObserver broadcast disabled
06-15 14:50:21.780  1909  1973 I ActivityManager: Start proc 30889:com.samsung.android.service.stplatform/u0a138 for service {com.samsung.android.service.stplatform/com.samsung.android.service.stplatform.external.connector.hub.ConnectorService}
06-15 14:50:21.781  1909  1973 I ActivityManager: ProcessObserver broadcast disabled
06-15 14:50:21.953  1909  1965 I ActivityManager: Changes in 10108 3 to 10, 144 to 128
06-15 14:50:21.966  1909  4211 I ActivityManager: Changes in 10326 19 to 5, 0 to 144
06-15 14:50:22.112  1909  2870 I ActivityManager: Changes in 10328 19 to 5, 0 to 144
06-15 14:50:22.139  1909  2870 I ActivityManager: Changes in 10199 19 to 19, 0 to 128
06-15 14:50:22.195  1909  2870 I ActivityManager: Changes in 10138 19 to 10, 0 to 128
06-15 14:50:22.229  1909  1973 I ActivityManager: Start proc 31014:com.sec.android.app.sbrowser:privileged_process0/u0a330 for service {com.sec.android.app.sbrowser/org.chromium.content.app.PrivilegedProcessService0}
06-15 14:50:22.230  1909  1973 I ActivityManager: ProcessObserver broadcast disabled
06-15 14:50:22.319  1909  1933 I ActivityManager: Changes in 10330 5 to 5, 144 to 184
06-15 14:50:22.398  1909  1965 I ActivityManager: Changes in 10199 19 to 19, 128 to 0
06-15 14:50:22.398  1909  1965 I ActivityManager: Changes in 10138 8 to 8, 128 to 0
06-15 14:50:22.398  1909  1965 I ActivityManager: Changes in 10108 10 to 10, 128 to 0
06-15 14:50:23.334  1909  1933 I ActivityManager: Changes in 10056 19 to 5, 0 to 144
06-15 14:50:24.790  1909  1933 I ActivityManager: Changes in 10117 5 to 5, 144 to 184
06-15 14:50:25.383  1909  4211 I ActivityManager: Changes in 10117 5 to 5, 184 to 144
06-15 14:50:26.249  1909  1973 I ActivityManager: Start proc 31185:com.samsung.android.sm.provider/1000 for content provider {com.samsung.android.lool/com.samsung.android.sm.database.SmProvider}
06-15 14:50:26.249  1909  1973 I ActivityManager: ProcessObserver broadcast disabled
06-15 14:50:26.438  1909  1973 I ActivityManager: Start proc 31208:com.samsung.android.sm.devicesecurity/u0a214 for content provider {com.samsung.android.sm.devicesecurity/com.samsung.android.sm.devicesecurity.DeviceSecurityProvider}
06-15 14:50:26.438  1909  1973 I ActivityManager: ProcessObserver broadcast disabled
06-15 14:50:26.469  1909  1973 I ActivityManager: Start proc 31220:com.samsung.android.voc/u0a329 for content provider {com.samsung.android.voc/com.samsung.android.voc.diagnosis.provider.SamsungMembersDiagnosisProvider}
06-15 14:50:26.477  1909  1973 I ActivityManager: ProcessObserver broadcast disabled
06-15 14:50:26.675  1909  3301 I ActivityManager: Changes in 10214 19 to 3, 0 to 144
06-15 14:50:26.722  1909  1971 I ActivityManager: Changes in 10120 5 to 10, 144 to 0
06-15 14:50:27.012  1909  4211 I ActivityManager: Changes in 10329 19 to 3, 0 to 144
06-15 14:50:27.315  1909  1971 I ActivityManager: Changes in 99097 5 to 15, 184 to 0
06-15 14:50:27.316  1909  1971 I ActivityManager: Changes in 10330 5 to 15, 184 to 0
06-15 14:50:27.316  1909  1971 I ActivityManager: Changes in 10328 5 to 15, 144 to 0
06-15 14:50:27.316  1909  1971 I ActivityManager: Changes in 10326 5 to 15, 144 to 0
06-15 14:50:27.317  1909  1971 I ActivityManager: Changes in 10224 5 to 15, 144 to 0
06-15 14:50:27.317  1909  1971 I ActivityManager: Changes in 10222 5 to 15, 144 to 0
06-15 14:50:27.317  1909  1971 I ActivityManager: Changes in 10127 5 to 15, 144 to 0
06-15 14:50:27.317  1909  1971 I ActivityManager: Changes in 10117 5 to 8, 144 to 0
06-15 14:50:27.317  1909  1971 I ActivityManager: Changes in 10115 5 to 15, 144 to 0
06-15 14:50:27.317  1909  1971 I ActivityManager: Changes in 10056 5 to 15, 144 to 0
06-15 14:50:27.317  1909  1971 I ActivityManager: Changes in 10050 5 to 15, 144 to 0
06-15 14:50:27.317  1909  1971 I ActivityManager: Changes in 5278 5 to 15, 184 to 0
06-15 14:50:27.417  1909  1971 I ActivityManager: Changes in 5009 5 to 15, 144 to 0
06-15 14:50:28.348  1909  2537 I ActivityManager: Changes in 99097 19 to 5, 0 to 184
06-15 14:50:30.133  1909  1971 I ActivityManager: Killing 27366:com.samsung.android.mobileservice/u0a119 (adj 975): empty #25
06-15 14:50:30.136  1909  1971 I ActivityManager: Killing 29061:com.samsung.android.dqagent/1000 (adj 975): empty #26
06-15 14:50:30.521  1909  1971 I ActivityManager: Killing 29434:com.google.android.setupwizard/u0a279 (adj 965): empty #25
06-15 14:50:30.523  1909  1971 I ActivityManager: Killing 29281:com.samsung.android.messaging/u0a130 (adj 965): empty #26
06-15 14:50:30.741  1909  2410 I ActivityManager: Killing 29690:com.samsung.android.privacydashboard/u0a107 (adj 955): Chimera #0
06-15 14:50:30.743  1909  2410 I ActivityManager: Killing 29646:com.sec.android.provider.badge/u0a55 (adj 965): Chimera #0
06-15 14:50:30.750  1909  2410 I ActivityManager: Killing 27930:com.samsung.mfcontents/u0a95 (adj 945): Chimera #0
06-15 14:50:30.756  1909  2410 I ActivityManager: Killing 29032:com.samsung.faceservice/5004 (adj 925): Chimera #0
06-15 14:50:32.772  1909  1971 I ActivityManager: Changes in 10214 3 to 15, 144 to 0
06-15 14:50:32.969  1909  1971 I ActivityManager: Changes in 10329 3 to 15, 144 to 0
06-15 14:50:35.414  1909  1965 I ActivityManager: Changes in 10147 5 to 2, 184 to 255
06-15 14:50:35.414  1909  1965 I ActivityManager: updateOomAdj start time is before than pendingPid added, don't delete it
06-15 14:50:36.365  1909  1965 I ActivityManager: Changes in 11042 16 to 2, 0 to 255
06-15 14:50:36.730  1909  1965 I ActivityManager: Changes in 10147 2 to 5, 255 to 184
06-15 14:50:37.750 15137 29777 W ReactNativeJS: This method is deprecated (as well as all React Native Firebase namespaced API) and will be removed in the next major release as part of move to match Firebase Web modular SDK API. Please see migration guide for more details: https://rnfirebase.io/migrating-to-v22. Method called was `FieldValue`. Please use `FieldValue` instead.
06-15 14:50:37.750 15137 29777 W ReactNativeJS: This method is deprecated (as well as all React Native Firebase namespaced API) and will be removed in the next major release as part of move to match Firebase Web modular SDK API. Please see migration guide for more details: https://rnfirebase.io/migrating-to-v22. Method called was `delete`. Please use `deleteField()` instead.
06-15 14:50:37.751 15137 29777 W ReactNativeJS: This method is deprecated (as well as all React Native Firebase namespaced API) and will be removed in the next major release as part of move to match Firebase Web modular SDK API. Please see migration guide for more details: https://rnfirebase.io/migrating-to-v22. Method called was `FieldValue`. Please use `FieldValue` instead.
06-15 14:50:37.751 15137 29777 W ReactNativeJS: This method is deprecated (as well as all React Native Firebase namespaced API) and will be removed in the next major release as part of move to match Firebase Web modular SDK API. Please see migration guide for more details: https://rnfirebase.io/migrating-to-v22. Method called was `serverTimestamp`. Please use `serverTimestamp()` instead.
06-15 14:50:46.757  1909  2776 I ActivityManager: Changes in 99097 3 to 10, 184 to 0
06-15 14:50:47.263  1909  1972 I ActivityManager: Killing 29789:com.samsung.android.app.telephonyui/1001 (adj 975): empty #25
06-15 14:50:48.267  1909  1972 I ActivityManager: Killing 30024:com.skt.skaf.OA00018282/u0a104 (adj 965): empty #25
06-15 14:50:48.269  1909  1972 I ActivityManager: Killing 28022:com.google.android.googlequicksearchbox:search/u0a253 (adj 975): empty #26
06-15 14:50:48.272  1909  1972 I ActivityManager: Killing 29788:com.samsung.android.game.gos/u0a76 (adj 975): empty #27
06-15 14:50:52.772  1909  1972 I ActivityManager: Killing 29583:com.lguplus.appstore/u0a99 (adj 965): empty #25
06-15 14:50:53.774  1909  1972 I ActivityManager: Killing 28983:com.samsung.cmh/5004 (adj 955): empty #25
06-15 14:50:53.776  1909  1972 I ActivityManager: Killing 25367:com.samsung.android.scs/u0a116 (adj 965): empty #26
06-15 14:54:29.994 15137 29777 W ReactNativeJS: This method is deprecated (as well as all React Native Firebase namespaced API) and will be removed in the next major release as part of move to match Firebase Web modular SDK API. Please see migration guide for more details: https://rnfirebase.io/migrating-to-v22. Method called was `FieldValue`. Please use `FieldValue` instead.
06-15 14:54:29.996 15137 29777 W ReactNativeJS: This method is deprecated (as well as all React Native Firebase namespaced API) and will be removed in the next major release as part of move to match Firebase Web modular SDK API. Please see migration guide for more details: https://rnfirebase.io/migrating-to-v22. Method called was `delete`. Please use `deleteField()` instead.
06-15 14:54:29.997 15137 29777 W ReactNativeJS: This method is deprecated (as well as all React Native Firebase namespaced API) and will be removed in the next major release as part of move to match Firebase Web modular SDK API. Please see migration guide for more details: https://rnfirebase.io/migrating-to-v22. Method called was `FieldValue`. Please use `FieldValue` instead.
06-15 14:54:29.998 15137 29777 W ReactNativeJS: This method is deprecated (as well as all React Native Firebase namespaced API) and will be removed in the next major release as part of move to match Firebase Web modular SDK API. Please see migration guide for more details: https://rnfirebase.io/migrating-to-v22. Method called was `serverTimestamp`. Please use `serverTimestamp()` instead.
06-15 14:59:09.821 15137 29777 W ReactNativeJS: This method is deprecated (as well as all React Native Firebase namespaced API) and will be removed in the next major release as part of move to match Firebase Web modular SDK API. Please see migration guide for more details: https://rnfirebase.io/migrating-to-v22. Method called was `FieldValue`. Please use `FieldValue` instead.
06-15 14:59:09.821 15137 29777 W ReactNativeJS: This method is deprecated (as well as all React Native Firebase namespaced API) and will be removed in the next major release as part of move to match Firebase Web modular SDK API. Please see migration guide for more details: https://rnfirebase.io/migrating-to-v22. Method called was `delete`. Please use `deleteField()` instead.
06-15 14:59:09.821 15137 29777 W ReactNativeJS: This method is deprecated (as well as all React Native Firebase namespaced API) and will be removed in the next major release as part of move to match Firebase Web modular SDK API. Please see migration guide for more details: https://rnfirebase.io/migrating-to-v22. Method called was `FieldValue`. Please use `FieldValue` instead.
06-15 14:59:09.822 15137 29777 W ReactNativeJS: This method is deprecated (as well as all React Native Firebase namespaced API) and will be removed in the next major release as part of move to match Firebase Web modular SDK API. Please see migration guide for more details: https://rnfirebase.io/migrating-to-v22. Method called was `serverTimestamp`. Please use `serverTimestamp()` instead.
06-15 15:01:30.693 15137 29777 W ReactNativeJS: This method is deprecated (as well as all React Native Firebase namespaced API) and will be removed in the next major release as part of move to match Firebase Web modular SDK API. Please see migration guide for more details: https://rnfirebase.io/migrating-to-v22. Method called was `FieldValue`. Please use `FieldValue` instead.
06-15 15:01:30.695 15137 29777 W ReactNativeJS: This method is deprecated (as well as all React Native Firebase namespaced API) and will be removed in the next major release as part of move to match Firebase Web modular SDK API. Please see migration guide for more details: https://rnfirebase.io/migrating-to-v22. Method called was `delete`. Please use `deleteField()` instead.
06-15 15:01:30.696 15137 29777 W ReactNativeJS: This method is deprecated (as well as all React Native Firebase namespaced API) and will be removed in the next major release as part of move to match Firebase Web modular SDK API. Please see migration guide for more details: https://rnfirebase.io/migrating-to-v22. Method called was `FieldValue`. Please use `FieldValue` instead.
06-15 15:01:30.699 15137 29777 W ReactNativeJS: This method is deprecated (as well as all React Native Firebase namespaced API) and will be removed in the next major release as part of move to match Firebase Web modular SDK API. Please see migration guide for more details: https://rnfirebase.io/migrating-to-v22. Method called was `serverTimestamp`. Please use `serverTimestamp()` instead.
06-15 15:01:48.668  1909  1973 I ActivityManager: Start proc 31619:com.samsung.android.privacydashboard/u0a107 for content provider {com.samsung.android.privacydashboard/com.samsung.android.privacydashboard.provider.PermissionAccessInformationContentProvider}
06-15 15:01:48.669  1909  1973 I ActivityManager: ProcessObserver broadcast disabled
06-15 15:01:48.831  1909  3698 I ActivityManager: Changes in 10107 19 to 5, 0 to 144
06-15 15:01:54.937  1909  1971 I ActivityManager: Changes in 10107 5 to 15, 144 to 0
06-15 15:02:14.939  1909  1972 I ActivityManager: Killing 31902:com.samsung.android.ce/u0a96 (adj 955): empty #25
06-15 15:03:31.287 15137 29777 W ReactNativeJS: This method is deprecated (as well as all React Native Firebase namespaced API) and will be removed in the next major release as part of move to match Firebase Web modular SDK API. Please see migration guide for more details: https://rnfirebase.io/migrating-to-v22. Method called was `FieldValue`. Please use `FieldValue` instead.
06-15 15:03:31.287 15137 29777 W ReactNativeJS: This method is deprecated (as well as all React Native Firebase namespaced API) and will be removed in the next major release as part of move to match Firebase Web modular SDK API. Please see migration guide for more details: https://rnfirebase.io/migrating-to-v22. Method called was `delete`. Please use `deleteField()` instead.
06-15 15:03:31.288 15137 29777 W ReactNativeJS: This method is deprecated (as well as all React Native Firebase namespaced API) and will be removed in the next major release as part of move to match Firebase Web modular SDK API. Please see migration guide for more details: https://rnfirebase.io/migrating-to-v22. Method called was `FieldValue`. Please use `FieldValue` instead.
06-15 15:03:31.289 15137 29777 W ReactNativeJS: This method is deprecated (as well as all React Native Firebase namespaced API) and will be removed in the next major release as part of move to match Firebase Web modular SDK API. Please see migration guide for more details: https://rnfirebase.io/migrating-to-v22. Method called was `serverTimestamp`. Please use `serverTimestamp()` instead.
06-15 15:03:34.803  1909  1972 I ActivityManager: Changes in 10108 10 to 10, 0 to 128
06-15 15:03:34.814  1909  3050 I ActivityManager: Changes in 10108 10 to 10, 128 to 0
06-15 15:03:34.819  1909  1973 I ActivityManager: Start proc 31678:com.samsung.android.game.gos/u0a76 for service {com.samsung.android.game.gos/com.samsung.android.game.gos.service.MainIntentService}
06-15 15:03:34.819  1909  1973 I ActivityManager: ProcessObserver broadcast disabled
06-15 15:03:34.849  1909  1973 I ActivityManager: Start proc 31680:com.samsung.android.ce/u0a96 for broadcast {com.samsung.android.mcfds/com.samsung.android.ce.ContextEngineReceiver}
06-15 15:03:34.854  1909  1973 I ActivityManager: ProcessObserver broadcast disabled
06-15 15:03:35.172  1909  3050 I ActivityManager: Killing 30630:com.samsung.android.samsungpass/u0a127 (adj 955): empty #25
06-15 15:03:35.197  1909  2867 I ActivityManager: Killing 30631:com.samsung.android.calendar/u0a222 (adj 945): empty #25
06-15 15:03:35.555  1909  1973 I ActivityManager: Start proc 31832:com.sec.android.app.shealth/u0a328 for content provider {com.sec.android.app.shealth/com.samsung.android.app.shealth.insights.healthcontext.HealthContextProvider}
06-15 15:03:35.560  1909  1973 I ActivityManager: ProcessObserver broadcast disabled
06-15 15:03:35.963  1909  4338 I ActivityManager: Changes in 10096 6 to 5, 128 to 184
06-15 15:03:36.018  1909  2870 I ActivityManager: Changes in 10328 19 to 5, 0 to 184
06-15 15:03:36.018  1909  2870 I ActivityManager: Changes in 10117 19 to 5, 0 to 144
06-15 15:03:41.805  1909  1971 I ActivityManager: Changes in 10328 5 to 15, 184 to 0
06-15 15:03:41.806  1909  1971 I ActivityManager: Changes in 10117 5 to 15, 144 to 0
06-15 15:03:46.015  1909  2867 I ActivityManager: Changes in 10096 5 to 6, 184 to 128
06-15 15:04:02.325  1909  1972 I ActivityManager: Killing 30632:com.sec.android.app.sbrowser/u0a330 (adj 945): empty #25
06-15 15:04:02.437  1909  1935 I ActivityManager: Process com.sec.android.app.sbrowser:privileged_process0 (pid 31014) has died: fg  SVC (316,1310)
06-15 15:04:50.623  1909  3301 I ActivityManager: Changes in 99097 19 to 5, 0 to 184
06-15 15:05:05.687  1909  4226 I ActivityManager: Changes in 99097 5 to 10, 184 to 0
06-15 15:05:31.698 15137 29777 W ReactNativeJS: This method is deprecated (as well as all React Native Firebase namespaced API) and will be removed in the next major release as part of move to match Firebase Web modular SDK API. Please see migration guide for more details: https://rnfirebase.io/migrating-to-v22. Method called was `FieldValue`. Please use `FieldValue` instead.
06-15 15:05:31.700 15137 29777 W ReactNativeJS: This method is deprecated (as well as all React Native Firebase namespaced API) and will be removed in the next major release as part of move to match Firebase Web modular SDK API. Please see migration guide for more details: https://rnfirebase.io/migrating-to-v22. Method called was `delete`. Please use `deleteField()` instead.
06-15 15:05:31.701 15137 29777 W ReactNativeJS: This method is deprecated (as well as all React Native Firebase namespaced API) and will be removed in the next major release as part of move to match Firebase Web modular SDK API. Please see migration guide for more details: https://rnfirebase.io/migrating-to-v22. Method called was `FieldValue`. Please use `FieldValue` instead.
06-15 15:05:31.703 15137 29777 W ReactNativeJS: This method is deprecated (as well as all React Native Firebase namespaced API) and will be removed in the next major release as part of move to match Firebase Web modular SDK API. Please see migration guide for more details: https://rnfirebase.io/migrating-to-v22. Method called was `serverTimestamp`. Please use `serverTimestamp()` instead.
06-15 15:06:47.735  1909  1973 I ActivityManager: Start proc 31999:com.google.android.googlequicksearchbox:search/u0a253 for broadcast {com.google.android.googlequicksearchbox/com.google.android.libraries.search.gcm.search.SearchProcessGcmBroadcastReceiver_Receiver}
06-15 15:06:47.735  1909  1973 I ActivityManager: ProcessObserver broadcast disabled
06-15 15:06:48.117  1909  1935 I ActivityManager: Changes in 99097 19 to 10, 0 to 128
06-15 15:06:48.123  1909  4407 I ActivityManager: Changes in 99097 10 to 10, 128 to 0
06-15 15:07:32.307 15137 29777 W ReactNativeJS: This method is deprecated (as well as all React Native Firebase namespaced API) and will be removed in the next major release as part of move to match Firebase Web modular SDK API. Please see migration guide for more details: https://rnfirebase.io/migrating-to-v22. Method called was `FieldValue`. Please use `FieldValue` instead.
06-15 15:07:32.307 15137 29777 W ReactNativeJS: This method is deprecated (as well as all React Native Firebase namespaced API) and will be removed in the next major release as part of move to match Firebase Web modular SDK API. Please see migration guide for more details: https://rnfirebase.io/migrating-to-v22. Method called was `delete`. Please use `deleteField()` instead.
06-15 15:07:32.308 15137 29777 W ReactNativeJS: This method is deprecated (as well as all React Native Firebase namespaced API) and will be removed in the next major release as part of move to match Firebase Web modular SDK API. Please see migration guide for more details: https://rnfirebase.io/migrating-to-v22. Method called was `FieldValue`. Please use `FieldValue` instead.
06-15 15:07:32.308 15137 29777 W ReactNativeJS: This method is deprecated (as well as all React Native Firebase namespaced API) and will be removed in the next major release as part of move to match Firebase Web modular SDK API. Please see migration guide for more details: https://rnfirebase.io/migrating-to-v22. Method called was `serverTimestamp`. Please use `serverTimestamp()` instead.
06-15 15:09:32.999 15137 29777 W ReactNativeJS: This method is deprecated (as well as all React Native Firebase namespaced API) and will be removed in the next major release as part of move to match Firebase Web modular SDK API. Please see migration guide for more details: https://rnfirebase.io/migrating-to-v22. Method called was `FieldValue`. Please use `FieldValue` instead.
06-15 15:09:33.000 15137 29777 W ReactNativeJS: This method is deprecated (as well as all React Native Firebase namespaced API) and will be removed in the next major release as part of move to match Firebase Web modular SDK API. Please see migration guide for more details: https://rnfirebase.io/migrating-to-v22. Method called was `delete`. Please use `deleteField()` instead.
06-15 15:09:33.001 15137 29777 W ReactNativeJS: This method is deprecated (as well as all React Native Firebase namespaced API) and will be removed in the next major release as part of move to match Firebase Web modular SDK API. Please see migration guide for more details: https://rnfirebase.io/migrating-to-v22. Method called was `FieldValue`. Please use `FieldValue` instead.
06-15 15:09:33.004 15137 29777 W ReactNativeJS: This method is deprecated (as well as all React Native Firebase namespaced API) and will be removed in the next major release as part of move to match Firebase Web modular SDK API. Please see migration guide for more details: https://rnfirebase.io/migrating-to-v22. Method called was `serverTimestamp`. Please use `serverTimestamp()` instead.
06-15 15:11:33.852 15137 29777 W ReactNativeJS: This method is deprecated (as well as all React Native Firebase namespaced API) and will be removed in the next major release as part of move to match Firebase Web modular SDK API. Please see migration guide for more details: https://rnfirebase.io/migrating-to-v22. Method called was `FieldValue`. Please use `FieldValue` instead.
06-15 15:11:33.852 15137 29777 W ReactNativeJS: This method is deprecated (as well as all React Native Firebase namespaced API) and will be removed in the next major release as part of move to match Firebase Web modular SDK API. Please see migration guide for more details: https://rnfirebase.io/migrating-to-v22. Method called was `delete`. Please use `deleteField()` instead.
06-15 15:11:33.853 15137 29777 W ReactNativeJS: This method is deprecated (as well as all React Native Firebase namespaced API) and will be removed in the next major release as part of move to match Firebase Web modular SDK API. Please see migration guide for more details: https://rnfirebase.io/migrating-to-v22. Method called was `FieldValue`. Please use `FieldValue` instead.
06-15 15:11:33.853 15137 29777 W ReactNativeJS: This method is deprecated (as well as all React Native Firebase namespaced API) and will be removed in the next major release as part of move to match Firebase Web modular SDK API. Please see migration guide for more details: https://rnfirebase.io/migrating-to-v22. Method called was `serverTimestamp`. Please use `serverTimestamp()` instead.
06-15 15:13:34.015 15137 29777 W ReactNativeJS: This method is deprecated (as well as all React Native Firebase namespaced API) and will be removed in the next major release as part of move to match Firebase Web modular SDK API. Please see migration guide for more details: https://rnfirebase.io/migrating-to-v22. Method called was `FieldValue`. Please use `FieldValue` instead.
06-15 15:13:34.017 15137 29777 W ReactNativeJS: This method is deprecated (as well as all React Native Firebase namespaced API) and will be removed in the next major release as part of move to match Firebase Web modular SDK API. Please see migration guide for more details: https://rnfirebase.io/migrating-to-v22. Method called was `delete`. Please use `deleteField()` instead.
06-15 15:13:34.019 15137 29777 W ReactNativeJS: This method is deprecated (as well as all React Native Firebase namespaced API) and will be removed in the next major release as part of move to match Firebase Web modular SDK API. Please see migration guide for more details: https://rnfirebase.io/migrating-to-v22. Method called was `FieldValue`. Please use `FieldValue` instead.
06-15 15:13:34.019 15137 29777 W ReactNativeJS: This method is deprecated (as well as all React Native Firebase namespaced API) and will be removed in the next major release as part of move to match Firebase Web modular SDK API. Please see migration guide for more details: https://rnfirebase.io/migrating-to-v22. Method called was `serverTimestamp`. Please use `serverTimestamp()` instead.
06-15 15:15:34.859 15137 29777 W ReactNativeJS: This method is deprecated (as well as all React Native Firebase namespaced API) and will be removed in the next major release as part of move to match Firebase Web modular SDK API. Please see migration guide for more details: https://rnfirebase.io/migrating-to-v22. Method called was `FieldValue`. Please use `FieldValue` instead.
06-15 15:15:34.859 15137 29777 W ReactNativeJS: This method is deprecated (as well as all React Native Firebase namespaced API) and will be removed in the next major release as part of move to match Firebase Web modular SDK API. Please see migration guide for more details: https://rnfirebase.io/migrating-to-v22. Method called was `delete`. Please use `deleteField()` instead.
06-15 15:15:34.859 15137 29777 W ReactNativeJS: This method is deprecated (as well as all React Native Firebase namespaced API) and will be removed in the next major release as part of move to match Firebase Web modular SDK API. Please see migration guide for more details: https://rnfirebase.io/migrating-to-v22. Method called was `FieldValue`. Please use `FieldValue` instead.
06-15 15:15:34.860 15137 29777 W ReactNativeJS: This method is deprecated (as well as all React Native Firebase namespaced API) and will be removed in the next major release as part of move to match Firebase Web modular SDK API. Please see migration guide for more details: https://rnfirebase.io/migrating-to-v22. Method called was `serverTimestamp`. Please use `serverTimestamp()` instead.
06-15 15:16:38.261  1909  2225 I ActivityManager: Changes in 99097 19 to 5, 0 to 184
06-15 15:16:38.802  1909  1935 W ActivityManager: Unable to start service Intent { act=com.google.android.gms.lockbox.service.START xflg=0x4 pkg=com.google.android.gms } U=0: not found
06-15 15:16:38.806  1909  1935 W ActivityManager: Unbind failed: could not find connection for android.os.BinderProxy@ee07be6
06-15 15:16:53.473  1909  2225 I ActivityManager: Changes in 99097 5 to 10, 184 to 0
06-15 15:17:35.584 15137 29777 W ReactNativeJS: This method is deprecated (as well as all React Native Firebase namespaced API) and will be removed in the next major release as part of move to match Firebase Web modular SDK API. Please see migration guide for more details: https://rnfirebase.io/migrating-to-v22. Method called was `FieldValue`. Please use `FieldValue` instead.
06-15 15:17:35.587 15137 29777 W ReactNativeJS: This method is deprecated (as well as all React Native Firebase namespaced API) and will be removed in the next major release as part of move to match Firebase Web modular SDK API. Please see migration guide for more details: https://rnfirebase.io/migrating-to-v22. Method called was `delete`. Please use `deleteField()` instead.
06-15 15:17:35.590 15137 29777 W ReactNativeJS: This method is deprecated (as well as all React Native Firebase namespaced API) and will be removed in the next major release as part of move to match Firebase Web modular SDK API. Please see migration guide for more details: https://rnfirebase.io/migrating-to-v22. Method called was `FieldValue`. Please use `FieldValue` instead.
06-15 15:17:35.592 15137 29777 W ReactNativeJS: This method is deprecated (as well as all React Native Firebase namespaced API) and will be removed in the next major release as part of move to match Firebase Web modular SDK API. Please see migration guide for more details: https://rnfirebase.io/migrating-to-v22. Method called was `serverTimestamp`. Please use `serverTimestamp()` instead.
06-15 15:19:36.589 15137 29777 W ReactNativeJS: This method is deprecated (as well as all React Native Firebase namespaced API) and will be removed in the next major release as part of move to match Firebase Web modular SDK API. Please see migration guide for more details: https://rnfirebase.io/migrating-to-v22. Method called was `FieldValue`. Please use `FieldValue` instead.
06-15 15:19:36.590 15137 29777 W ReactNativeJS: This method is deprecated (as well as all React Native Firebase namespaced API) and will be removed in the next major release as part of move to match Firebase Web modular SDK API. Please see migration guide for more details: https://rnfirebase.io/migrating-to-v22. Method called was `delete`. Please use `deleteField()` instead.
06-15 15:19:36.594 15137 29777 W ReactNativeJS: This method is deprecated (as well as all React Native Firebase namespaced API) and will be removed in the next major release as part of move to match Firebase Web modular SDK API. Please see migration guide for more details: https://rnfirebase.io/migrating-to-v22. Method called was `FieldValue`. Please use `FieldValue` instead.
06-15 15:19:36.595 15137 29777 W ReactNativeJS: This method is deprecated (as well as all React Native Firebase namespaced API) and will be removed in the next major release as part of move to match Firebase Web modular SDK API. Please see migration guide for more details: https://rnfirebase.io/migrating-to-v22. Method called was `serverTimestamp`. Please use `serverTimestamp()` instead.
06-15 15:21:05.686  1909  1935 I ActivityManager: Changes in 99097 19 to 5, 0 to 184
06-15 15:21:20.749  1909  4356 I ActivityManager: Changes in 99097 5 to 10, 184 to 0
06-15 15:21:37.206 15137 29777 W ReactNativeJS: This method is deprecated (as well as all React Native Firebase namespaced API) and will be removed in the next major release as part of move to match Firebase Web modular SDK API. Please see migration guide for more details: https://rnfirebase.io/migrating-to-v22. Method called was `FieldValue`. Please use `FieldValue` instead.
06-15 15:21:37.207 15137 29777 W ReactNativeJS: This method is deprecated (as well as all React Native Firebase namespaced API) and will be removed in the next major release as part of move to match Firebase Web modular SDK API. Please see migration guide for more details: https://rnfirebase.io/migrating-to-v22. Method called was `delete`. Please use `deleteField()` instead.
06-15 15:21:37.207 15137 29777 W ReactNativeJS: This method is deprecated (as well as all React Native Firebase namespaced API) and will be removed in the next major release as part of move to match Firebase Web modular SDK API. Please see migration guide for more details: https://rnfirebase.io/migrating-to-v22. Method called was `FieldValue`. Please use `FieldValue` instead.
06-15 15:21:37.207 15137 29777 W ReactNativeJS: This method is deprecated (as well as all React Native Firebase namespaced API) and will be removed in the next major release as part of move to match Firebase Web modular SDK API. Please see migration guide for more details: https://rnfirebase.io/migrating-to-v22. Method called was `serverTimestamp`. Please use `serverTimestamp()` instead.
06-15 15:23:37.536 15137 29777 W ReactNativeJS: This method is deprecated (as well as all React Native Firebase namespaced API) and will be removed in the next major release as part of move to match Firebase Web modular SDK API. Please see migration guide for more details: https://rnfirebase.io/migrating-to-v22. Method called was `FieldValue`. Please use `FieldValue` instead.
06-15 15:23:37.539 15137 29777 W ReactNativeJS: This method is deprecated (as well as all React Native Firebase namespaced API) and will be removed in the next major release as part of move to match Firebase Web modular SDK API. Please see migration guide for more details: https://rnfirebase.io/migrating-to-v22. Method called was `delete`. Please use `deleteField()` instead.
06-15 15:23:37.540 15137 29777 W ReactNativeJS: This method is deprecated (as well as all React Native Firebase namespaced API) and will be removed in the next major release as part of move to match Firebase Web modular SDK API. Please see migration guide for more details: https://rnfirebase.io/migrating-to-v22. Method called was `FieldValue`. Please use `FieldValue` instead.
06-15 15:23:37.541 15137 29777 W ReactNativeJS: This method is deprecated (as well as all React Native Firebase namespaced API) and will be removed in the next major release as part of move to match Firebase Web modular SDK API. Please see migration guide for more details: https://rnfirebase.io/migrating-to-v22. Method called was `serverTimestamp`. Please use `serverTimestamp()` instead.
06-15 15:24:50.628  1909  2225 I ActivityManager: Changes in 99097 19 to 5, 0 to 184
06-15 15:25:05.696  1909  4407 I ActivityManager: Changes in 99097 5 to 10, 184 to 0
06-15 15:25:38.093 15137 29777 W ReactNativeJS: This method is deprecated (as well as all React Native Firebase namespaced API) and will be removed in the next major release as part of move to match Firebase Web modular SDK API. Please see migration guide for more details: https://rnfirebase.io/migrating-to-v22. Method called was `FieldValue`. Please use `FieldValue` instead.
06-15 15:25:38.095 15137 29777 W ReactNativeJS: This method is deprecated (as well as all React Native Firebase namespaced API) and will be removed in the next major release as part of move to match Firebase Web modular SDK API. Please see migration guide for more details: https://rnfirebase.io/migrating-to-v22. Method called was `delete`. Please use `deleteField()` instead.
06-15 15:25:38.097 15137 29777 W ReactNativeJS: This method is deprecated (as well as all React Native Firebase namespaced API) and will be removed in the next major release as part of move to match Firebase Web modular SDK API. Please see migration guide for more details: https://rnfirebase.io/migrating-to-v22. Method called was `FieldValue`. Please use `FieldValue` instead.
06-15 15:25:38.097 15137 29777 W ReactNativeJS: This method is deprecated (as well as all React Native Firebase namespaced API) and will be removed in the next major release as part of move to match Firebase Web modular SDK API. Please see migration guide for more details: https://rnfirebase.io/migrating-to-v22. Method called was `serverTimestamp`. Please use `serverTimestamp()` instead.
06-15 15:27:38.645 15137 29777 W ReactNativeJS: This method is deprecated (as well as all React Native Firebase namespaced API) and will be removed in the next major release as part of move to match Firebase Web modular SDK API. Please see migration guide for more details: https://rnfirebase.io/migrating-to-v22. Method called was `FieldValue`. Please use `FieldValue` instead.
06-15 15:27:38.647 15137 29777 W ReactNativeJS: This method is deprecated (as well as all React Native Firebase namespaced API) and will be removed in the next major release as part of move to match Firebase Web modular SDK API. Please see migration guide for more details: https://rnfirebase.io/migrating-to-v22. Method called was `delete`. Please use `deleteField()` instead.
06-15 15:27:38.649 15137 29777 W ReactNativeJS: This method is deprecated (as well as all React Native Firebase namespaced API) and will be removed in the next major release as part of move to match Firebase Web modular SDK API. Please see migration guide for more details: https://rnfirebase.io/migrating-to-v22. Method called was `FieldValue`. Please use `FieldValue` instead.
06-15 15:27:38.652 15137 29777 W ReactNativeJS: This method is deprecated (as well as all React Native Firebase namespaced API) and will be removed in the next major release as part of move to match Firebase Web modular SDK API. Please see migration guide for more details: https://rnfirebase.io/migrating-to-v22. Method called was `serverTimestamp`. Please use `serverTimestamp()` instead.
06-15 15:29:39.895 15137 29777 W ReactNativeJS: This method is deprecated (as well as all React Native Firebase namespaced API) and will be removed in the next major release as part of move to match Firebase Web modular SDK API. Please see migration guide for more details: https://rnfirebase.io/migrating-to-v22. Method called was `FieldValue`. Please use `FieldValue` instead.
06-15 15:29:39.896 15137 29777 W ReactNativeJS: This method is deprecated (as well as all React Native Firebase namespaced API) and will be removed in the next major release as part of move to match Firebase Web modular SDK API. Please see migration guide for more details: https://rnfirebase.io/migrating-to-v22. Method called was `delete`. Please use `deleteField()` instead.
06-15 15:29:39.896 15137 29777 W ReactNativeJS: This method is deprecated (as well as all React Native Firebase namespaced API) and will be removed in the next major release as part of move to match Firebase Web modular SDK API. Please see migration guide for more details: https://rnfirebase.io/migrating-to-v22. Method called was `FieldValue`. Please use `FieldValue` instead.
06-15 15:29:39.897 15137 29777 W ReactNativeJS: This method is deprecated (as well as all React Native Firebase namespaced API) and will be removed in the next major release as part of move to match Firebase Web modular SDK API. Please see migration guide for more details: https://rnfirebase.io/migrating-to-v22. Method called was `serverTimestamp`. Please use `serverTimestamp()` instead.
06-15 15:31:40.020 15137 29777 W ReactNativeJS: This method is deprecated (as well as all React Native Firebase namespaced API) and will be removed in the next major release as part of move to match Firebase Web modular SDK API. Please see migration guide for more details: https://rnfirebase.io/migrating-to-v22. Method called was `FieldValue`. Please use `FieldValue` instead.
06-15 15:31:40.022 15137 29777 W ReactNativeJS: This method is deprecated (as well as all React Native Firebase namespaced API) and will be removed in the next major release as part of move to match Firebase Web modular SDK API. Please see migration guide for more details: https://rnfirebase.io/migrating-to-v22. Method called was `delete`. Please use `deleteField()` instead.
06-15 15:31:40.024 15137 29777 W ReactNativeJS: This method is deprecated (as well as all React Native Firebase namespaced API) and will be removed in the next major release as part of move to match Firebase Web modular SDK API. Please see migration guide for more details: https://rnfirebase.io/migrating-to-v22. Method called was `FieldValue`. Please use `FieldValue` instead.
06-15 15:31:40.026 15137 29777 W ReactNativeJS: This method is deprecated (as well as all React Native Firebase namespaced API) and will be removed in the next major release as part of move to match Firebase Web modular SDK API. Please see migration guide for more details: https://rnfirebase.io/migrating-to-v22. Method called was `serverTimestamp`. Please use `serverTimestamp()` instead.
06-15 15:31:48.873  1909  9411 I ActivityManager: Changes in 10107 19 to 5, 0 to 144
06-15 15:31:54.931  1909  1971 I ActivityManager: Changes in 10107 5 to 15, 144 to 0
06-15 15:33:40.708 15137 29777 W ReactNativeJS: This method is deprecated (as well as all React Native Firebase namespaced API) and will be removed in the next major release as part of move to match Firebase Web modular SDK API. Please see migration guide for more details: https://rnfirebase.io/migrating-to-v22. Method called was `FieldValue`. Please use `FieldValue` instead.
06-15 15:33:40.710 15137 29777 W ReactNativeJS: This method is deprecated (as well as all React Native Firebase namespaced API) and will be removed in the next major release as part of move to match Firebase Web modular SDK API. Please see migration guide for more details: https://rnfirebase.io/migrating-to-v22. Method called was `delete`. Please use `deleteField()` instead.
06-15 15:33:40.713 15137 29777 W ReactNativeJS: This method is deprecated (as well as all React Native Firebase namespaced API) and will be removed in the next major release as part of move to match Firebase Web modular SDK API. Please see migration guide for more details: https://rnfirebase.io/migrating-to-v22. Method called was `FieldValue`. Please use `FieldValue` instead.
06-15 15:33:40.714 15137 29777 W ReactNativeJS: This method is deprecated (as well as all React Native Firebase namespaced API) and will be removed in the next major release as part of move to match Firebase Web modular SDK API. Please see migration guide for more details: https://rnfirebase.io/migrating-to-v22. Method called was `serverTimestamp`. Please use `serverTimestamp()` instead.
06-15 15:35:41.235 15137 29777 W ReactNativeJS: This method is deprecated (as well as all React Native Firebase namespaced API) and will be removed in the next major release as part of move to match Firebase Web modular SDK API. Please see migration guide for more details: https://rnfirebase.io/migrating-to-v22. Method called was `FieldValue`. Please use `FieldValue` instead.
06-15 15:35:41.237 15137 29777 W ReactNativeJS: This method is deprecated (as well as all React Native Firebase namespaced API) and will be removed in the next major release as part of move to match Firebase Web modular SDK API. Please see migration guide for more details: https://rnfirebase.io/migrating-to-v22. Method called was `delete`. Please use `deleteField()` instead.
06-15 15:35:41.239 15137 29777 W ReactNativeJS: This method is deprecated (as well as all React Native Firebase namespaced API) and will be removed in the next major release as part of move to match Firebase Web modular SDK API. Please see migration guide for more details: https://rnfirebase.io/migrating-to-v22. Method called was `FieldValue`. Please use `FieldValue` instead.
06-15 15:35:41.240 15137 29777 W ReactNativeJS: This method is deprecated (as well as all React Native Firebase namespaced API) and will be removed in the next major release as part of move to match Firebase Web modular SDK API. Please see migration guide for more details: https://rnfirebase.io/migrating-to-v22. Method called was `serverTimestamp`. Please use `serverTimestamp()` instead.
06-15 15:37:42.016 15137 29777 W ReactNativeJS: This method is deprecated (as well as all React Native Firebase namespaced API) and will be removed in the next major release as part of move to match Firebase Web modular SDK API. Please see migration guide for more details: https://rnfirebase.io/migrating-to-v22. Method called was `FieldValue`. Please use `FieldValue` instead.
06-15 15:37:42.018 15137 29777 W ReactNativeJS: This method is deprecated (as well as all React Native Firebase namespaced API) and will be removed in the next major release as part of move to match Firebase Web modular SDK API. Please see migration guide for more details: https://rnfirebase.io/migrating-to-v22. Method called was `delete`. Please use `deleteField()` instead.
06-15 15:37:42.019 15137 29777 W ReactNativeJS: This method is deprecated (as well as all React Native Firebase namespaced API) and will be removed in the next major release as part of move to match Firebase Web modular SDK API. Please see migration guide for more details: https://rnfirebase.io/migrating-to-v22. Method called was `FieldValue`. Please use `FieldValue` instead.
06-15 15:37:42.021 15137 29777 W ReactNativeJS: This method is deprecated (as well as all React Native Firebase namespaced API) and will be removed in the next major release as part of move to match Firebase Web modular SDK API. Please see migration guide for more details: https://rnfirebase.io/migrating-to-v22. Method called was `serverTimestamp`. Please use `serverTimestamp()` instead.
06-15 15:38:35.658  1909  1972 I ActivityManager: Changes in 10108 10 to 10, 0 to 128
06-15 15:38:35.663  1909  2225 I ActivityManager: Changes in 10108 10 to 10, 128 to 0
06-15 15:39:42.498 15137 29777 W ReactNativeJS: This method is deprecated (as well as all React Native Firebase namespaced API) and will be removed in the next major release as part of move to match Firebase Web modular SDK API. Please see migration guide for more details: https://rnfirebase.io/migrating-to-v22. Method called was `FieldValue`. Please use `FieldValue` instead.
06-15 15:39:42.499 15137 29777 W ReactNativeJS: This method is deprecated (as well as all React Native Firebase namespaced API) and will be removed in the next major release as part of move to match Firebase Web modular SDK API. Please see migration guide for more details: https://rnfirebase.io/migrating-to-v22. Method called was `delete`. Please use `deleteField()` instead.
06-15 15:39:42.499 15137 29777 W ReactNativeJS: This method is deprecated (as well as all React Native Firebase namespaced API) and will be removed in the next major release as part of move to match Firebase Web modular SDK API. Please see migration guide for more details: https://rnfirebase.io/migrating-to-v22. Method called was `FieldValue`. Please use `FieldValue` instead.
06-15 15:39:42.500 15137 29777 W ReactNativeJS: This method is deprecated (as well as all React Native Firebase namespaced API) and will be removed in the next major release as part of move to match Firebase Web modular SDK API. Please see migration guide for more details: https://rnfirebase.io/migrating-to-v22. Method called was `serverTimestamp`. Please use `serverTimestamp()` instead.
06-15 15:41:43.030 15137 29777 W ReactNativeJS: This method is deprecated (as well as all React Native Firebase namespaced API) and will be removed in the next major release as part of move to match Firebase Web modular SDK API. Please see migration guide for more details: https://rnfirebase.io/migrating-to-v22. Method called was `FieldValue`. Please use `FieldValue` instead.
06-15 15:41:43.030 15137 29777 W ReactNativeJS: This method is deprecated (as well as all React Native Firebase namespaced API) and will be removed in the next major release as part of move to match Firebase Web modular SDK API. Please see migration guide for more details: https://rnfirebase.io/migrating-to-v22. Method called was `delete`. Please use `deleteField()` instead.
06-15 15:41:43.031 15137 29777 W ReactNativeJS: This method is deprecated (as well as all React Native Firebase namespaced API) and will be removed in the next major release as part of move to match Firebase Web modular SDK API. Please see migration guide for more details: https://rnfirebase.io/migrating-to-v22. Method called was `FieldValue`. Please use `FieldValue` instead.
06-15 15:41:43.031 15137 29777 W ReactNativeJS: This method is deprecated (as well as all React Native Firebase namespaced API) and will be removed in the next major release as part of move to match Firebase Web modular SDK API. Please see migration guide for more details: https://rnfirebase.io/migrating-to-v22. Method called was `serverTimestamp`. Please use `serverTimestamp()` instead.
06-15 15:42:30.389  1909  1972 I ActivityManager: Changes in 99097 19 to 11, 0 to 128
06-15 15:42:30.415  1909  1935 I ActivityManager: Changes in 99097 11 to 19, 128 to 0
06-15 15:43:44.269 15137 29777 W ReactNativeJS: This method is deprecated (as well as all React Native Firebase namespaced API) and will be removed in the next major release as part of move to match Firebase Web modular SDK API. Please see migration guide for more details: https://rnfirebase.io/migrating-to-v22. Method called was `FieldValue`. Please use `FieldValue` instead.
06-15 15:43:44.270 15137 29777 W ReactNativeJS: This method is deprecated (as well as all React Native Firebase namespaced API) and will be removed in the next major release as part of move to match Firebase Web modular SDK API. Please see migration guide for more details: https://rnfirebase.io/migrating-to-v22. Method called was `delete`. Please use `deleteField()` instead.
06-15 15:43:44.272 15137 29777 W ReactNativeJS: This method is deprecated (as well as all React Native Firebase namespaced API) and will be removed in the next major release as part of move to match Firebase Web modular SDK API. Please see migration guide for more details: https://rnfirebase.io/migrating-to-v22. Method called was `FieldValue`. Please use `FieldValue` instead.
06-15 15:43:44.273 15137 29777 W ReactNativeJS: This method is deprecated (as well as all React Native Firebase namespaced API) and will be removed in the next major release as part of move to match Firebase Web modular SDK API. Please see migration guide for more details: https://rnfirebase.io/migrating-to-v22. Method called was `serverTimestamp`. Please use `serverTimestamp()` instead.
06-15 15:44:50.630  1909  1935 I ActivityManager: Changes in 99097 19 to 5, 0 to 184
06-15 15:45:05.693  1909  1935 I ActivityManager: Changes in 99097 5 to 10, 184 to 0
06-15 15:45:44.914 15137 29777 W ReactNativeJS: This method is deprecated (as well as all React Native Firebase namespaced API) and will be removed in the next major release as part of move to match Firebase Web modular SDK API. Please see migration guide for more details: https://rnfirebase.io/migrating-to-v22. Method called was `FieldValue`. Please use `FieldValue` instead.
06-15 15:45:44.915 15137 29777 W ReactNativeJS: This method is deprecated (as well as all React Native Firebase namespaced API) and will be removed in the next major release as part of move to match Firebase Web modular SDK API. Please see migration guide for more details: https://rnfirebase.io/migrating-to-v22. Method called was `delete`. Please use `deleteField()` instead.
06-15 15:45:44.915 15137 29777 W ReactNativeJS: This method is deprecated (as well as all React Native Firebase namespaced API) and will be removed in the next major release as part of move to match Firebase Web modular SDK API. Please see migration guide for more details: https://rnfirebase.io/migrating-to-v22. Method called was `FieldValue`. Please use `FieldValue` instead.
06-15 15:45:44.916 15137 29777 W ReactNativeJS: This method is deprecated (as well as all React Native Firebase namespaced API) and will be removed in the next major release as part of move to match Firebase Web modular SDK API. Please see migration guide for more details: https://rnfirebase.io/migrating-to-v22. Method called was `serverTimestamp`. Please use `serverTimestamp()` instead.
06-15 15:46:30.262  1909  1935 I ActivityManager: Changes in 10096 6 to 5, 128 to 184
06-15 15:46:40.323  1909  4227 I ActivityManager: Changes in 10096 5 to 6, 184 to 128
06-15 15:47:45.670 15137 29777 W ReactNativeJS: This method is deprecated (as well as all React Native Firebase namespaced API) and will be removed in the next major release as part of move to match Firebase Web modular SDK API. Please see migration guide for more details: https://rnfirebase.io/migrating-to-v22. Method called was `FieldValue`. Please use `FieldValue` instead.
06-15 15:47:45.671 15137 29777 W ReactNativeJS: This method is deprecated (as well as all React Native Firebase namespaced API) and will be removed in the next major release as part of move to match Firebase Web modular SDK API. Please see migration guide for more details: https://rnfirebase.io/migrating-to-v22. Method called was `delete`. Please use `deleteField()` instead.
06-15 15:47:45.671 15137 29777 W ReactNativeJS: This method is deprecated (as well as all React Native Firebase namespaced API) and will be removed in the next major release as part of move to match Firebase Web modular SDK API. Please see migration guide for more details: https://rnfirebase.io/migrating-to-v22. Method called was `FieldValue`. Please use `FieldValue` instead.
06-15 15:47:45.672 15137 29777 W ReactNativeJS: This method is deprecated (as well as all React Native Firebase namespaced API) and will be removed in the next major release as part of move to match Firebase Web modular SDK API. Please see migration guide for more details: https://rnfirebase.io/migrating-to-v22. Method called was `serverTimestamp`. Please use `serverTimestamp()` instead.
06-15 15:49:54.961 15137 29777 W ReactNativeJS: This method is deprecated (as well as all React Native Firebase namespaced API) and will be removed in the next major release as part of move to match Firebase Web modular SDK API. Please see migration guide for more details: https://rnfirebase.io/migrating-to-v22. Method called was `FieldValue`. Please use `FieldValue` instead.
06-15 15:49:54.962 15137 29777 W ReactNativeJS: This method is deprecated (as well as all React Native Firebase namespaced API) and will be removed in the next major release as part of move to match Firebase Web modular SDK API. Please see migration guide for more details: https://rnfirebase.io/migrating-to-v22. Method called was `delete`. Please use `deleteField()` instead.
06-15 15:49:54.963 15137 29777 W ReactNativeJS: This method is deprecated (as well as all React Native Firebase namespaced API) and will be removed in the next major release as part of move to match Firebase Web modular SDK API. Please see migration guide for more details: https://rnfirebase.io/migrating-to-v22. Method called was `FieldValue`. Please use `FieldValue` instead.
06-15 15:49:54.964 15137 29777 W ReactNativeJS: This method is deprecated (as well as all React Native Firebase namespaced API) and will be removed in the next major release as part of move to match Firebase Web modular SDK API. Please see migration guide for more details: https://rnfirebase.io/migrating-to-v22. Method called was `serverTimestamp`. Please use `serverTimestamp()` instead.
06-15 15:52:38.134  1909  4211 I ActivityManager: Changes in 99097 19 to 5, 0 to 184
06-15 15:52:49.519 15137 29777 W ReactNativeJS: 'This method is deprecated (as well as all React Native Firebase namespaced API) and will be removed in the next major release as part of move to match Firebase Web modular SDK API. Please see migration guide for more details: https://rnfirebase.io/migrating-to-v22 Please use `getApp()` instead.', { [Component Stack] name: 'Component Stack' }
06-15 15:52:49.534 15137 29777 W ReactNativeJS: 'This method is deprecated (as well as all React Native Firebase namespaced API) and will be removed in the next major release as part of move to match Firebase Web modular SDK API. Please see migration guide for more details: https://rnfirebase.io/migrating-to-v22 Please use `getApp()` instead.', { [Component Stack] name: 'Component Stack' }
06-15 15:52:49.554 15137 29777 W ReactNativeJS: 'This method is deprecated (as well as all React Native Firebase namespaced API) and will be removed in the next major release as part of move to match Firebase Web modular SDK API. Please see migration guide for more details: https://rnfirebase.io/migrating-to-v22. Method called was `logEvent`. Please use `logEvent()` instead.', { [Component Stack] name: 'Component Stack' }
06-15 15:52:50.517 15137 29777 W ReactNativeJS: This method is deprecated (as well as all React Native Firebase namespaced API) and will be removed in the next major release as part of move to match Firebase Web modular SDK API. Please see migration guide for more details: https://rnfirebase.io/migrating-to-v22. Method called was `FieldValue`. Please use `FieldValue` instead.
06-15 15:52:50.518 15137 29777 W ReactNativeJS: This method is deprecated (as well as all React Native Firebase namespaced API) and will be removed in the next major release as part of move to match Firebase Web modular SDK API. Please see migration guide for more details: https://rnfirebase.io/migrating-to-v22. Method called was `delete`. Please use `deleteField()` instead.
06-15 15:52:50.518 15137 29777 W ReactNativeJS: This method is deprecated (as well as all React Native Firebase namespaced API) and will be removed in the next major release as part of move to match Firebase Web modular SDK API. Please see migration guide for more details: https://rnfirebase.io/migrating-to-v22. Method called was `FieldValue`. Please use `FieldValue` instead.
06-15 15:52:50.518 15137 29777 W ReactNativeJS: This method is deprecated (as well as all React Native Firebase namespaced API) and will be removed in the next major release as part of move to match Firebase Web modular SDK API. Please see migration guide for more details: https://rnfirebase.io/migrating-to-v22. Method called was `serverTimestamp`. Please use `serverTimestamp()` instead.
06-15 15:52:51.183 15137 29777 W ReactNativeJS: 'This method is deprecated (as well as all React Native Firebase namespaced API) and will be removed in the next major release as part of move to match Firebase Web modular SDK API. Please see migration guide for more details: https://rnfirebase.io/migrating-to-v22 Please use `getApp()` instead.', { [Component Stack] name: 'Component Stack' }
06-15 15:52:51.204 15137 29777 W ReactNativeJS: 'This method is deprecated (as well as all React Native Firebase namespaced API) and will be removed in the next major release as part of move to match Firebase Web modular SDK API. Please see migration guide for more details: https://rnfirebase.io/migrating-to-v22 Please use `getApp()` instead.', { [Component Stack] name: 'Component Stack' }
06-15 15:52:51.219 15137 29777 W ReactNativeJS: 'This method is deprecated (as well as all React Native Firebase namespaced API) and will be removed in the next major release as part of move to match Firebase Web modular SDK API. Please see migration guide for more details: https://rnfirebase.io/migrating-to-v22. Method called was `logEvent`. Please use `logEvent()` instead.', { [Component Stack] name: 'Component Stack' }
06-15 15:52:51.926 15137 29777 W ReactNativeJS: This method is deprecated (as well as all React Native Firebase namespaced API) and will be removed in the next major release as part of move to match Firebase Web modular SDK API. Please see migration guide for more details: https://rnfirebase.io/migrating-to-v22. Method called was `FieldValue`. Please use `FieldValue` instead.
06-15 15:52:51.927 15137 29777 W ReactNativeJS: This method is deprecated (as well as all React Native Firebase namespaced API) and will be removed in the next major release as part of move to match Firebase Web modular SDK API. Please see migration guide for more details: https://rnfirebase.io/migrating-to-v22. Method called was `delete`. Please use `deleteField()` instead.
06-15 15:52:51.927 15137 29777 W ReactNativeJS: This method is deprecated (as well as all React Native Firebase namespaced API) and will be removed in the next major release as part of move to match Firebase Web modular SDK API. Please see migration guide for more details: https://rnfirebase.io/migrating-to-v22. Method called was `FieldValue`. Please use `FieldValue` instead.
06-15 15:52:51.928 15137 29777 W ReactNativeJS: This method is deprecated (as well as all React Native Firebase namespaced API) and will be removed in the next major release as part of move to match Firebase Web modular SDK API. Please see migration guide for more details: https://rnfirebase.io/migrating-to-v22. Method called was `serverTimestamp`. Please use `serverTimestamp()` instead.
06-15 15:52:52.906 15137 29777 W ReactNativeJS: 'This method is deprecated (as well as all React Native Firebase namespaced API) and will be removed in the next major release as part of move to match Firebase Web modular SDK API. Please see migration guide for more details: https://rnfirebase.io/migrating-to-v22 Please use `getApp()` instead.', { [Component Stack] name: 'Component Stack' }
06-15 15:52:52.926 15137 29777 W ReactNativeJS: 'This method is deprecated (as well as all React Native Firebase namespaced API) and will be removed in the next major release as part of move to match Firebase Web modular SDK API. Please see migration guide for more details: https://rnfirebase.io/migrating-to-v22 Please use `getApp()` instead.', { [Component Stack] name: 'Component Stack' }
06-15 15:52:52.941 15137 29777 W ReactNativeJS: 'This method is deprecated (as well as all React Native Firebase namespaced API) and will be removed in the next major release as part of move to match Firebase Web modular SDK API. Please see migration guide for more details: https://rnfirebase.io/migrating-to-v22. Method called was `logEvent`. Please use `logEvent()` instead.', { [Component Stack] name: 'Component Stack' }
06-15 15:52:53.652 15137 29777 W ReactNativeJS: This method is deprecated (as well as all React Native Firebase namespaced API) and will be removed in the next major release as part of move to match Firebase Web modular SDK API. Please see migration guide for more details: https://rnfirebase.io/migrating-to-v22. Method called was `FieldValue`. Please use `FieldValue` instead.
06-15 15:52:53.653 15137 29777 W ReactNativeJS: This method is deprecated (as well as all React Native Firebase namespaced API) and will be removed in the next major release as part of move to match Firebase Web modular SDK API. Please see migration guide for more details: https://rnfirebase.io/migrating-to-v22. Method called was `delete`. Please use `deleteField()` instead.
06-15 15:52:53.653 15137 29777 W ReactNativeJS: This method is deprecated (as well as all React Native Firebase namespaced API) and will be removed in the next major release as part of move to match Firebase Web modular SDK API. Please see migration guide for more details: https://rnfirebase.io/migrating-to-v22. Method called was `FieldValue`. Please use `FieldValue` instead.
06-15 15:52:53.654 15137 29777 W ReactNativeJS: This method is deprecated (as well as all React Native Firebase namespaced API) and will be removed in the next major release as part of move to match Firebase Web modular SDK API. Please see migration guide for more details: https://rnfirebase.io/migrating-to-v22. Method called was `serverTimestamp`. Please use `serverTimestamp()` instead.
06-15 15:52:55.050 15137 29777 W ReactNativeJS: 'This method is deprecated (as well as all React Native Firebase namespaced API) and will be removed in the next major release as part of move to match Firebase Web modular SDK API. Please see migration guide for more details: https://rnfirebase.io/migrating-to-v22 Please use `getApp()` instead.', { [Component Stack] name: 'Component Stack' }
06-15 15:52:55.071 15137 29777 W ReactNativeJS: 'This method is deprecated (as well as all React Native Firebase namespaced API) and will be removed in the next major release as part of move to match Firebase Web modular SDK API. Please see migration guide for more details: https://rnfirebase.io/migrating-to-v22 Please use `getApp()` instead.', { [Component Stack] name: 'Component Stack' }
06-15 15:52:55.086 15137 29777 W ReactNativeJS: 'This method is deprecated (as well as all React Native Firebase namespaced API) and will be removed in the next major release as part of move to match Firebase Web modular SDK API. Please see migration guide for more details: https://rnfirebase.io/migrating-to-v22. Method called was `logEvent`. Please use `logEvent()` instead.', { [Component Stack] name: 'Component Stack' }
06-15 15:52:55.792 15137 29777 W ReactNativeJS: This method is deprecated (as well as all React Native Firebase namespaced API) and will be removed in the next major release as part of move to match Firebase Web modular SDK API. Please see migration guide for more details: https://rnfirebase.io/migrating-to-v22. Method called was `FieldValue`. Please use `FieldValue` instead.
06-15 15:52:55.793 15137 29777 W ReactNativeJS: This method is deprecated (as well as all React Native Firebase namespaced API) and will be removed in the next major release as part of move to match Firebase Web modular SDK API. Please see migration guide for more details: https://rnfirebase.io/migrating-to-v22. Method called was `delete`. Please use `deleteField()` instead.
06-15 15:52:55.793 15137 29777 W ReactNativeJS: This method is deprecated (as well as all React Native Firebase namespaced API) and will be removed in the next major release as part of move to match Firebase Web modular SDK API. Please see migration guide for more details: https://rnfirebase.io/migrating-to-v22. Method called was `FieldValue`. Please use `FieldValue` instead.
06-15 15:52:55.794 15137 29777 W ReactNativeJS: This method is deprecated (as well as all React Native Firebase namespaced API) and will be removed in the next major release as part of move to match Firebase Web modular SDK API. Please see migration guide for more details: https://rnfirebase.io/migrating-to-v22. Method called was `serverTimestamp`. Please use `serverTimestamp()` instead.
06-15 15:52:56.768 15137 29777 W ReactNativeJS: 'This method is deprecated (as well as all React Native Firebase namespaced API) and will be removed in the next major release as part of move to match Firebase Web modular SDK API. Please see migration guide for more details: https://rnfirebase.io/migrating-to-v22 Please use `getApp()` instead.', { [Component Stack] name: 'Component Stack' }
06-15 15:52:56.783 15137 29777 W ReactNativeJS: 'This method is deprecated (as well as all React Native Firebase namespaced API) and will be removed in the next major release as part of move to match Firebase Web modular SDK API. Please see migration guide for more details: https://rnfirebase.io/migrating-to-v22 Please use `getApp()` instead.', { [Component Stack] name: 'Component Stack' }
06-15 15:52:56.803 15137 29777 W ReactNativeJS: 'This method is deprecated (as well as all React Native Firebase namespaced API) and will be removed in the next major release as part of move to match Firebase Web modular SDK API. Please see migration guide for more details: https://rnfirebase.io/migrating-to-v22. Method called was `logEvent`. Please use `logEvent()` instead.', { [Component Stack] name: 'Component Stack' }
06-15 15:52:57.470 15137 29777 W ReactNativeJS: This method is deprecated (as well as all React Native Firebase namespaced API) and will be removed in the next major release as part of move to match Firebase Web modular SDK API. Please see migration guide for more details: https://rnfirebase.io/migrating-to-v22. Method called was `FieldValue`. Please use `FieldValue` instead.
06-15 15:52:57.470 15137 29777 W ReactNativeJS: This method is deprecated (as well as all React Native Firebase namespaced API) and will be removed in the next major release as part of move to match Firebase Web modular SDK API. Please see migration guide for more details: https://rnfirebase.io/migrating-to-v22. Method called was `delete`. Please use `deleteField()` instead.
06-15 15:52:57.471 15137 29777 W ReactNativeJS: This method is deprecated (as well as all React Native Firebase namespaced API) and will be removed in the next major release as part of move to match Firebase Web modular SDK API. Please see migration guide for more details: https://rnfirebase.io/migrating-to-v22. Method called was `FieldValue`. Please use `FieldValue` instead.
06-15 15:52:57.471 15137 29777 W ReactNativeJS: This method is deprecated (as well as all React Native Firebase namespaced API) and will be removed in the next major release as part of move to match Firebase Web modular SDK API. Please see migration guide for more details: https://rnfirebase.io/migrating-to-v22. Method called was `serverTimestamp`. Please use `serverTimestamp()` instead.
06-15 15:52:58.881 15137 29777 W ReactNativeJS: This method is deprecated (as well as all React Native Firebase namespaced API) and will be removed in the next major release as part of move to match Firebase Web modular SDK API. Please see migration guide for more details: https://rnfirebase.io/migrating-to-v22. Method called was `FieldValue`. Please use `FieldValue` instead.
06-15 15:52:58.882 15137 29777 W ReactNativeJS: This method is deprecated (as well as all React Native Firebase namespaced API) and will be removed in the next major release as part of move to match Firebase Web modular SDK API. Please see migration guide for more details: https://rnfirebase.io/migrating-to-v22. Method called was `delete`. Please use `deleteField()` instead.
06-15 15:52:58.884 15137 29777 W ReactNativeJS: This method is deprecated (as well as all React Native Firebase namespaced API) and will be removed in the next major release as part of move to match Firebase Web modular SDK API. Please see migration guide for more details: https://rnfirebase.io/migrating-to-v22. Method called was `FieldValue`. Please use `FieldValue` instead.
06-15 15:52:58.885 15137 29777 W ReactNativeJS: This method is deprecated (as well as all React Native Firebase namespaced API) and will be removed in the next major release as part of move to match Firebase Web modular SDK API. Please see migration guide for more details: https://rnfirebase.io/migrating-to-v22. Method called was `serverTimestamp`. Please use `serverTimestamp()` instead.
06-15 15:53:02.946 15137 29777 W ReactNativeJS: 'This method is deprecated (as well as all React Native Firebase namespaced API) and will be removed in the next major release as part of move to match Firebase Web modular SDK API. Please see migration guide for more details: https://rnfirebase.io/migrating-to-v22 Please use `getApp()` instead.', { [Component Stack] name: 'Component Stack' }
06-15 15:53:02.965 15137 29777 W ReactNativeJS: 'This method is deprecated (as well as all React Native Firebase namespaced API) and will be removed in the next major release as part of move to match Firebase Web modular SDK API. Please see migration guide for more details: https://rnfirebase.io/migrating-to-v22 Please use `getApp()` instead.', { [Component Stack] name: 'Component Stack' }
06-15 15:53:02.980 15137 29777 W ReactNativeJS: 'This method is deprecated (as well as all React Native Firebase namespaced API) and will be removed in the next major release as part of move to match Firebase Web modular SDK API. Please see migration guide for more details: https://rnfirebase.io/migrating-to-v22. Method called was `logEvent`. Please use `logEvent()` instead.', { [Component Stack] name: 'Component Stack' }
06-15 15:53:03.586 15137 29777 W ReactNativeJS: This method is deprecated (as well as all React Native Firebase namespaced API) and will be removed in the next major release as part of move to match Firebase Web modular SDK API. Please see migration guide for more details: https://rnfirebase.io/migrating-to-v22. Method called was `FieldValue`. Please use `FieldValue` instead.
06-15 15:53:03.587 15137 29777 W ReactNativeJS: This method is deprecated (as well as all React Native Firebase namespaced API) and will be removed in the next major release as part of move to match Firebase Web modular SDK API. Please see migration guide for more details: https://rnfirebase.io/migrating-to-v22. Method called was `delete`. Please use `deleteField()` instead.
06-15 15:53:03.587 15137 29777 W ReactNativeJS: This method is deprecated (as well as all React Native Firebase namespaced API) and will be removed in the next major release as part of move to match Firebase Web modular SDK API. Please see migration guide for more details: https://rnfirebase.io/migrating-to-v22. Method called was `FieldValue`. Please use `FieldValue` instead.
06-15 15:53:03.588 15137 29777 W ReactNativeJS: This method is deprecated (as well as all React Native Firebase namespaced API) and will be removed in the next major release as part of move to match Firebase Web modular SDK API. Please see migration guide for more details: https://rnfirebase.io/migrating-to-v22. Method called was `serverTimestamp`. Please use `serverTimestamp()` instead.
06-15 15:53:06.708 15137 29777 W ReactNativeJS: 'This method is deprecated (as well as all React Native Firebase namespaced API) and will be removed in the next major release as part of move to match Firebase Web modular SDK API. Please see migration guide for more details: https://rnfirebase.io/migrating-to-v22 Please use `getApp()` instead.', { [Component Stack] name: 'Component Stack' }
06-15 15:53:06.723 15137 29777 W ReactNativeJS: 'This method is deprecated (as well as all React Native Firebase namespaced API) and will be removed in the next major release as part of move to match Firebase Web modular SDK API. Please see migration guide for more details: https://rnfirebase.io/migrating-to-v22 Please use `getApp()` instead.', { [Component Stack] name: 'Component Stack' }
06-15 15:53:06.745 15137 29777 W ReactNativeJS: 'This method is deprecated (as well as all React Native Firebase namespaced API) and will be removed in the next major release as part of move to match Firebase Web modular SDK API. Please see migration guide for more details: https://rnfirebase.io/migrating-to-v22. Method called was `logEvent`. Please use `logEvent()` instead.', { [Component Stack] name: 'Component Stack' }
06-15 15:53:07.473 15137 29777 W ReactNativeJS: This method is deprecated (as well as all React Native Firebase namespaced API) and will be removed in the next major release as part of move to match Firebase Web modular SDK API. Please see migration guide for more details: https://rnfirebase.io/migrating-to-v22. Method called was `FieldValue`. Please use `FieldValue` instead.
06-15 15:53:07.474 15137 29777 W ReactNativeJS: This method is deprecated (as well as all React Native Firebase namespaced API) and will be removed in the next major release as part of move to match Firebase Web modular SDK API. Please see migration guide for more details: https://rnfirebase.io/migrating-to-v22. Method called was `delete`. Please use `deleteField()` instead.
06-15 15:53:07.474 15137 29777 W ReactNativeJS: This method is deprecated (as well as all React Native Firebase namespaced API) and will be removed in the next major release as part of move to match Firebase Web modular SDK API. Please see migration guide for more details: https://rnfirebase.io/migrating-to-v22. Method called was `FieldValue`. Please use `FieldValue` instead.
06-15 15:53:07.475 15137 29777 W ReactNativeJS: This method is deprecated (as well as all React Native Firebase namespaced API) and will be removed in the next major release as part of move to match Firebase Web modular SDK API. Please see migration guide for more details: https://rnfirebase.io/migrating-to-v22. Method called was `serverTimestamp`. Please use `serverTimestamp()` instead.
06-15 15:53:16.830  1909  2867 I ActivityManager: Changes in 99097 3 to 10, 184 to 0
06-15 15:53:24.641 15137 29777 W ReactNativeJS: 'This method is deprecated (as well as all React Native Firebase namespaced API) and will be removed in the next major release as part of move to match Firebase Web modular SDK API. Please see migration guide for more details: https://rnfirebase.io/migrating-to-v22 Please use `getApp()` instead.', { [Component Stack] name: 'Component Stack' }
06-15 15:53:24.661 15137 29777 W ReactNativeJS: 'This method is deprecated (as well as all React Native Firebase namespaced API) and will be removed in the next major release as part of move to match Firebase Web modular SDK API. Please see migration guide for more details: https://rnfirebase.io/migrating-to-v22 Please use `getApp()` instead.', { [Component Stack] name: 'Component Stack' }
06-15 15:53:24.677 15137 29777 W ReactNativeJS: 'This method is deprecated (as well as all React Native Firebase namespaced API) and will be removed in the next major release as part of move to match Firebase Web modular SDK API. Please see migration guide for more details: https://rnfirebase.io/migrating-to-v22. Method called was `logEvent`. Please use `logEvent()` instead.', { [Component Stack] name: 'Component Stack' }
06-15 15:53:24.726  1909  2749 I ActivityManager: Changes in 99097 19 to 3, 0 to 184
06-15 15:53:25.465 15137 29777 W ReactNativeJS: This method is deprecated (as well as all React Native Firebase namespaced API) and will be removed in the next major release as part of move to match Firebase Web modular SDK API. Please see migration guide for more details: https://rnfirebase.io/migrating-to-v22. Method called was `FieldValue`. Please use `FieldValue` instead.
06-15 15:53:25.466 15137 29777 W ReactNativeJS: This method is deprecated (as well as all React Native Firebase namespaced API) and will be removed in the next major release as part of move to match Firebase Web modular SDK API. Please see migration guide for more details: https://rnfirebase.io/migrating-to-v22. Method called was `delete`. Please use `deleteField()` instead.
06-15 15:53:25.466 15137 29777 W ReactNativeJS: This method is deprecated (as well as all React Native Firebase namespaced API) and will be removed in the next major release as part of move to match Firebase Web modular SDK API. Please see migration guide for more details: https://rnfirebase.io/migrating-to-v22. Method called was `FieldValue`. Please use `FieldValue` instead.
06-15 15:53:25.467 15137 29777 W ReactNativeJS: This method is deprecated (as well as all React Native Firebase namespaced API) and will be removed in the next major release as part of move to match Firebase Web modular SDK API. Please see migration guide for more details: https://rnfirebase.io/migrating-to-v22. Method called was `serverTimestamp`. Please use `serverTimestamp()` instead.
06-15 15:53:34.834  1909  2749 I ActivityManager: Changes in 99097 3 to 10, 184 to 0
06-15 15:56:05.682  1909  1972 I ActivityManager: Changes in 10115 19 to 11, 0 to 128
06-15 15:56:05.703  1909  1972 I ActivityManager: Changes in 10108 10 to 10, 0 to 128
06-15 15:56:05.718  1909  3174 I ActivityManager: Changes in 10108 10 to 10, 128 to 0
06-15 15:56:05.766  1909  2867 I ActivityManager: Changes in 99097 19 to 5, 0 to 184
06-15 15:56:05.780  1909  4226 I ActivityManager: Changes in 10115 11 to 19, 128 to 0
06-15 15:56:06.759  1909  1973 I ActivityManager: Start proc 1194:com.samsung.android.dqagent/1000 for broadcast {com.samsung.android.dqagent/com.samsung.android.dqagent.receiver.DQADataReceiver}
06-15 15:56:06.759  1909  1973 I ActivityManager: ProcessObserver broadcast disabled
06-15 15:56:11.834  1909  1973 I ActivityManager: Start proc 1216:com.samsung.android.app.aodservice/u0a53 for broadcast {com.samsung.android.app.aodservice/com.samsung.android.app.aodservice.AODBroadcastReceiver}
06-15 15:56:11.834  1909  1973 I ActivityManager: ProcessObserver broadcast disabled
06-15 15:56:11.918  1909  1973 I ActivityManager: Start proc 1228:com.sec.android.daemonapp:weather_content_provider/u0a215 for content provider {com.sec.android.daemonapp/com.sec.android.daemonapp.provider.SystemLevelContentProvider}
06-15 15:56:11.918  1909  1973 I ActivityManager: ProcessObserver broadcast disabled
06-15 15:56:12.499  1909  1973 I ActivityManager: Start proc 1268:com.sec.android.daemonapp/u0a215 for service {com.sec.android.daemonapp/androidx.room.MultiInstanceInvalidationService}
06-15 15:56:12.499  1909  1973 I ActivityManager: ProcessObserver broadcast disabled
06-15 15:56:12.519  1909  4226 I ActivityManager: Changes in 10215 19 to 5, 0 to 144
06-15 15:56:12.916  1909  2749 I ActivityManager: Changes in 10215 5 to 5, 144 to 184
06-15 15:56:12.958  1909  1935 I ActivityManager: Changes in 10108 10 to 5, 0 to 144
06-15 15:56:18.555  1909  1971 I ActivityManager: Changes in 10215 5 to 15, 184 to 0
06-15 15:56:18.555  1909  1971 I ActivityManager: Changes in 10108 5 to 10, 144 to 0
06-15 15:56:20.836  1909  4226 I ActivityManager: Changes in 99097 5 to 10, 184 to 0
06-15 15:56:20.839  1909  4226 I ActivityManager: Killing 30695:com.samsung.android.aremoji/u0a50 (adj 945): empty #25
06-15 15:56:37.965  1909  1972 I ActivityManager: Killing 30619:com.samsung.android.app.reminder/u0a224 (adj 905): empty #25
06-15 15:56:38.967  1909  1972 I ActivityManager: Killing 30876:com.samsung.android.app.parentalcare/u0a199 (adj 915): empty #25
06-15 15:56:38.969  1909  1972 I ActivityManager: Killing 30534:com.samsung.android.app.routines/u0a53 (adj 925): empty #26
06-15 16:00:00.012  1909  2094 E ActivityManager: Sending non-protected broadcast ACTION_EXACT_NOTI_NOW_UPDATE_TIME from system 1909:system/1000 pkg android
06-15 16:00:00.012  1909  2094 E ActivityManager: java.lang.Throwable
06-15 16:00:00.012  1909  2094 E ActivityManager: 	at com.android.server.am.BroadcastController.checkBroadcastFromSystem(qb/108940926 802103cef46cde14cb0d3b748d2076734c471a17d4b8e991ffa01c0e15de42a9:252)
06-15 16:00:00.012  1909  2094 E ActivityManager: 	at com.android.server.am.BroadcastController.broadcastIntentLockedTraced(qb/108940926 802103cef46cde14cb0d3b748d2076734c471a17d4b8e991ffa01c0e15de42a9:344)
06-15 16:00:00.012  1909  2094 E ActivityManager: 	at com.android.server.am.BroadcastController.broadcastIntentLocked(qb/108940926 802103cef46cde14cb0d3b748d2076734c471a17d4b8e991ffa01c0e15de42a9:18)
06-15 16:00:00.012  1909  2094 E ActivityManager: 	at com.android.server.am.BroadcastController.broadcastIntentInPackage(qb/108940926 802103cef46cde14cb0d3b748d2076734c471a17d4b8e991ffa01c0e15de42a9:86)
06-15 16:00:00.012  1909  2094 E ActivityManager: 	at com.android.server.am.ActivityManagerService$LocalService.broadcastIntentInPackage(qb/108940926 802103cef46cde14cb0d3b748d2076734c471a17d4b8e991ffa01c0e15de42a9:59)
06-15 16:00:00.012  1909  2094 E ActivityManager: 	at com.android.server.am.PendingIntentRecord.sendInner(qb/108940926 802103cef46cde14cb0d3b748d2076734c471a17d4b8e991ffa01c0e15de42a9:133)
06-15 16:00:00.012  1909  2094 E ActivityManager: 	at com.android.server.am.ActivityManagerService.sendIntentSender(qb/108940926 802103cef46cde14cb0d3b748d2076734c471a17d4b8e991ffa01c0e15de42a9:17)
06-15 16:00:00.012  1909  2094 E ActivityManager: 	at com.android.server.am.ActivityManagerService.sendIntentSender(qb/108940926 802103cef46cde14cb0d3b748d2076734c471a17d4b8e991ffa01c0e15de42a9:1)
06-15 16:00:00.012  1909  2094 E ActivityManager: 	at android.app.PendingIntent.sendAndReturnResult(PendingIntent.java:1133)
06-15 16:00:00.012  1909  2094 E ActivityManager: 	at android.app.PendingIntent.send(PendingIntent.java:1099)
06-15 16:00:00.012  1909  2094 E ActivityManager: 	at com.android.server.alarm.AlarmManagerService$DeliveryTracker.deliverLocked(qb/108940926 802103cef46cde14cb0d3b748d2076734c471a17d4b8e991ffa01c0e15de42a9:112)
06-15 16:00:00.012  1909  2094 E ActivityManager: 	at com.android.server.alarm.AlarmManagerService.deliverAlarmsLocked(qb/108940926 802103cef46cde14cb0d3b748d2076734c471a17d4b8e991ffa01c0e15de42a9:75)
06-15 16:00:00.012  1909  2094 E ActivityManager: 	at com.android.server.alarm.AlarmManagerService$AlarmThread.run(qb/108940926 802103cef46cde14cb0d3b748d2076734c471a17d4b8e991ffa01c0e15de42a9:720)
06-15 16:00:01.034  1909  7404 I ActivityManager: Changes in 10108 10 to 5, 0 to 144
06-15 16:00:07.083  1909  1971 I ActivityManager: Changes in 10108 5 to 10, 144 to 0
06-15 16:01:49.172  1909  9411 I ActivityManager: Changes in 10107 19 to 5, 0 to 144
06-15 16:01:55.237  1909  1971 I ActivityManager: Changes in 10107 5 to 15, 144 to 0
06-15 16:02:25.748  1909  1973 I ActivityManager: Start proc 1913:com.ss.android.ugc.trill/u0a388 for broadcast {com.ss.android.ugc.trill/com.google.firebase.iid.FirebaseInstanceIdReceiver}
06-15 16:02:25.748  1909  1973 I ActivityManager: ProcessObserver broadcast disabled
06-15 16:02:26.964  1909  4226 I ActivityManager: Changes in 10388 19 to 11, 0 to 128
06-15 16:02:26.994  1909  4226 I ActivityManager: Killing 30517:com.samsung.android.app.routines:RoutineUIProcess/u0a53 (adj 915): empty #25
06-15 16:02:27.090  1909  1965 W ActivityManager: setHasOverlayUi called on unknown pid: 30517
06-15 16:02:27.126  1909  2749 I ActivityManager: Changes in 99097 19 to 10, 0 to 128
06-15 16:02:27.155  1909  2749 I ActivityManager: Changes in 99097 10 to 10, 128 to 0
06-15 16:02:27.319  1909  1973 I ActivityManager: Start proc 2208:com.sec.android.provider.badge/u0a55 for broadcast {com.sec.android.provider.badge/com.sec.android.provider.badge.BadgeCountReceiver}
06-15 16:02:27.319  1909  1973 I ActivityManager: ProcessObserver broadcast disabled
06-15 16:02:27.441  1909  4226 I ActivityManager: Changes in 10055 19 to 11, 0 to 128
06-15 16:02:27.505  1909  4226 I ActivityManager: Changes in 10055 11 to 5, 128 to 144
06-15 16:02:33.557  1909  1971 I ActivityManager: Changes in 10055 5 to 15, 144 to 0
06-15 16:02:34.293  1909  2749 I ActivityManager: Changes in 99097 19 to 19, 0 to 128
06-15 16:02:34.310  1909  1973 I ActivityManager: Start proc 2592:com.samsung.drmboost/u0a339 for service {com.samsung.drmboost/com.samsung.drmboost.DrmEventService}
06-15 16:02:34.313  1909  1973 I ActivityManager: ProcessObserver broadcast disabled
06-15 16:02:34.433  1909  2749 I ActivityManager: Killing 30633:com.samsung.android.app.notes/u0a326 (adj 905): empty #25
06-15 16:02:43.819  1909  2803 I ActivityManager: Changes in 99097 19 to 10, 128 to 0
06-15 16:02:46.978  1909  2065 I ActivityManager: Changes in 10388 19 to 19, 128 to 0
06-15 16:02:53.560  1909  1972 I ActivityManager: Killing 31185:com.samsung.android.sm.provider/1000 (adj 905): empty #25
06-15 16:02:59.218  1909  1973 I ActivityManager: Start proc 2894:com.google.android.rkpdapp/u0a348 for service {com.google.android.rkpdapp/com.android.rkpdapp.service.RemoteProvisioningService}
06-15 16:02:59.218  1909  1973 I ActivityManager: ProcessObserver broadcast disabled
06-15 16:02:59.354  1909  2803 I ActivityManager: Changes in 10348 19 to 6, 0 to 128
06-15 16:02:59.371  1909  4226 I ActivityManager: Changes in 10348 6 to 10, 128 to 0
06-15 16:02:59.374  1909  3698 I ActivityManager: Killing 31208:com.samsung.android.sm.devicesecurity/u0a214 (adj 905): empty #25
06-15 16:04:50.646  1909  4226 I ActivityManager: Changes in 99097 19 to 5, 0 to 184
06-15 16:05:05.720  1909  2803 I ActivityManager: Changes in 99097 5 to 10, 184 to 0
06-15 16:05:24.463 15137 29777 W ReactNativeJS: This method is deprecated (as well as all React Native Firebase namespaced API) and will be removed in the next major release as part of move to match Firebase Web modular SDK API. Please see migration guide for more details: https://rnfirebase.io/migrating-to-v22. Method called was `FieldValue`. Please use `FieldValue` instead.
06-15 16:05:24.463 15137 29777 W ReactNativeJS: This method is deprecated (as well as all React Native Firebase namespaced API) and will be removed in the next major release as part of move to match Firebase Web modular SDK API. Please see migration guide for more details: https://rnfirebase.io/migrating-to-v22. Method called was `delete`. Please use `deleteField()` instead.
06-15 16:05:24.464 15137 29777 W ReactNativeJS: This method is deprecated (as well as all React Native Firebase namespaced API) and will be removed in the next major release as part of move to match Firebase Web modular SDK API. Please see migration guide for more details: https://rnfirebase.io/migrating-to-v22. Method called was `FieldValue`. Please use `FieldValue` instead.
06-15 16:05:24.464 15137 29777 W ReactNativeJS: This method is deprecated (as well as all React Native Firebase namespaced API) and will be removed in the next major release as part of move to match Firebase Web modular SDK API. Please see migration guide for more details: https://rnfirebase.io/migrating-to-v22. Method called was `serverTimestamp`. Please use `serverTimestamp()` instead.
06-15 16:07:05.186  1909  1972 I ActivityManager: Changes in 10388 19 to 11, 0 to 128
06-15 16:07:05.269  1909  1972 I ActivityManager: Changes in 10055 19 to 11, 0 to 128
06-15 16:07:05.282  1909  2803 I ActivityManager: Changes in 99097 19 to 10, 0 to 128
06-15 16:07:05.289  1909  2803 I ActivityManager: Changes in 10055 11 to 19, 128 to 0
06-15 16:07:05.294  1909  3174 I ActivityManager: Changes in 10055 19 to 5, 0 to 144
06-15 16:07:11.330  1909  1971 I ActivityManager: Changes in 10055 5 to 15, 144 to 0
06-15 16:07:15.385  1909  2803 I ActivityManager: Changes in 99097 19 to 10, 128 to 0
06-15 16:07:25.208  1909  2065 I ActivityManager: Changes in 10388 19 to 19, 128 to 0
06-15 16:07:41.044 15137 29777 W ReactNativeJS: This method is deprecated (as well as all React Native Firebase namespaced API) and will be removed in the next major release as part of move to match Firebase Web modular SDK API. Please see migration guide for more details: https://rnfirebase.io/migrating-to-v22. Method called was `FieldValue`. Please use `FieldValue` instead.
06-15 16:07:41.045 15137 29777 W ReactNativeJS: This method is deprecated (as well as all React Native Firebase namespaced API) and will be removed in the next major release as part of move to match Firebase Web modular SDK API. Please see migration guide for more details: https://rnfirebase.io/migrating-to-v22. Method called was `delete`. Please use `deleteField()` instead.
06-15 16:07:41.049 15137 29777 W ReactNativeJS: This method is deprecated (as well as all React Native Firebase namespaced API) and will be removed in the next major release as part of move to match Firebase Web modular SDK API. Please see migration guide for more details: https://rnfirebase.io/migrating-to-v22. Method called was `FieldValue`. Please use `FieldValue` instead.
06-15 16:07:41.051 15137 29777 W ReactNativeJS: This method is deprecated (as well as all React Native Firebase namespaced API) and will be removed in the next major release as part of move to match Firebase Web modular SDK API. Please see migration guide for more details: https://rnfirebase.io/migrating-to-v22. Method called was `serverTimestamp`. Please use `serverTimestamp()` instead.
06-15 16:10:20.941 15137 29777 W ReactNativeJS: This method is deprecated (as well as all React Native Firebase namespaced API) and will be removed in the next major release as part of move to match Firebase Web modular SDK API. Please see migration guide for more details: https://rnfirebase.io/migrating-to-v22. Method called was `FieldValue`. Please use `FieldValue` instead.
06-15 16:10:20.943 15137 29777 W ReactNativeJS: This method is deprecated (as well as all React Native Firebase namespaced API) and will be removed in the next major release as part of move to match Firebase Web modular SDK API. Please see migration guide for more details: https://rnfirebase.io/migrating-to-v22. Method called was `delete`. Please use `deleteField()` instead.
06-15 16:10:20.945 15137 29777 W ReactNativeJS: This method is deprecated (as well as all React Native Firebase namespaced API) and will be removed in the next major release as part of move to match Firebase Web modular SDK API. Please see migration guide for more details: https://rnfirebase.io/migrating-to-v22. Method called was `FieldValue`. Please use `FieldValue` instead.
06-15 16:10:20.947 15137 29777 W ReactNativeJS: This method is deprecated (as well as all React Native Firebase namespaced API) and will be removed in the next major release as part of move to match Firebase Web modular SDK API. Please see migration guide for more details: https://rnfirebase.io/migrating-to-v22. Method called was `serverTimestamp`. Please use `serverTimestamp()` instead.
06-15 16:12:36.157 15137 29777 W ReactNativeJS: This method is deprecated (as well as all React Native Firebase namespaced API) and will be removed in the next major release as part of move to match Firebase Web modular SDK API. Please see migration guide for more details: https://rnfirebase.io/migrating-to-v22. Method called was `FieldValue`. Please use `FieldValue` instead.
06-15 16:12:36.157 15137 29777 W ReactNativeJS: This method is deprecated (as well as all React Native Firebase namespaced API) and will be removed in the next major release as part of move to match Firebase Web modular SDK API. Please see migration guide for more details: https://rnfirebase.io/migrating-to-v22. Method called was `delete`. Please use `deleteField()` instead.
06-15 16:12:36.158 15137 29777 W ReactNativeJS: This method is deprecated (as well as all React Native Firebase namespaced API) and will be removed in the next major release as part of move to match Firebase Web modular SDK API. Please see migration guide for more details: https://rnfirebase.io/migrating-to-v22. Method called was `FieldValue`. Please use `FieldValue` instead.
06-15 16:12:36.158 15137 29777 W ReactNativeJS: This method is deprecated (as well as all React Native Firebase namespaced API) and will be removed in the next major release as part of move to match Firebase Web modular SDK API. Please see migration guide for more details: https://rnfirebase.io/migrating-to-v22. Method called was `serverTimestamp`. Please use `serverTimestamp()` instead.
06-15 16:15:24.463 15137 29777 W ReactNativeJS: 'This method is deprecated (as well as all React Native Firebase namespaced API) and will be removed in the next major release as part of move to match Firebase Web modular SDK API. Please see migration guide for more details: https://rnfirebase.io/migrating-to-v22 Please use `getApp()` instead.', { [Component Stack] name: 'Component Stack' }
06-15 16:15:24.481 15137 29777 W ReactNativeJS: 'This method is deprecated (as well as all React Native Firebase namespaced API) and will be removed in the next major release as part of move to match Firebase Web modular SDK API. Please see migration guide for more details: https://rnfirebase.io/migrating-to-v22 Please use `getApp()` instead.', { [Component Stack] name: 'Component Stack' }
06-15 16:15:24.496 15137 29777 W ReactNativeJS: 'This method is deprecated (as well as all React Native Firebase namespaced API) and will be removed in the next major release as part of move to match Firebase Web modular SDK API. Please see migration guide for more details: https://rnfirebase.io/migrating-to-v22. Method called was `logEvent`. Please use `logEvent()` instead.', { [Component Stack] name: 'Component Stack' }
06-15 16:15:24.534  1909  2867 I ActivityManager: Changes in 99097 19 to 3, 0 to 184
06-15 16:15:25.378 15137 29777 W ReactNativeJS: This method is deprecated (as well as all React Native Firebase namespaced API) and will be removed in the next major release as part of move to match Firebase Web modular SDK API. Please see migration guide for more details: https://rnfirebase.io/migrating-to-v22. Method called was `FieldValue`. Please use `FieldValue` instead.
06-15 16:15:25.378 15137 29777 W ReactNativeJS: This method is deprecated (as well as all React Native Firebase namespaced API) and will be removed in the next major release as part of move to match Firebase Web modular SDK API. Please see migration guide for more details: https://rnfirebase.io/migrating-to-v22. Method called was `delete`. Please use `deleteField()` instead.
06-15 16:15:25.378 15137 29777 W ReactNativeJS: This method is deprecated (as well as all React Native Firebase namespaced API) and will be removed in the next major release as part of move to match Firebase Web modular SDK API. Please see migration guide for more details: https://rnfirebase.io/migrating-to-v22. Method called was `FieldValue`. Please use `FieldValue` instead.
06-15 16:15:25.378 15137 29777 W ReactNativeJS: This method is deprecated (as well as all React Native Firebase namespaced API) and will be removed in the next major release as part of move to match Firebase Web modular SDK API. Please see migration guide for more details: https://rnfirebase.io/migrating-to-v22. Method called was `serverTimestamp`. Please use `serverTimestamp()` instead.
06-15 16:15:25.852 15137 29777 W ReactNativeJS: 'This method is deprecated (as well as all React Native Firebase namespaced API) and will be removed in the next major release as part of move to match Firebase Web modular SDK API. Please see migration guide for more details: https://rnfirebase.io/migrating-to-v22 Please use `getApp()` instead.', { [Component Stack] name: 'Component Stack' }
06-15 16:15:25.874 15137 29777 W ReactNativeJS: 'This method is deprecated (as well as all React Native Firebase namespaced API) and will be removed in the next major release as part of move to match Firebase Web modular SDK API. Please see migration guide for more details: https://rnfirebase.io/migrating-to-v22 Please use `getApp()` instead.', { [Component Stack] name: 'Component Stack' }
06-15 16:15:25.888 15137 29777 W ReactNativeJS: 'This method is deprecated (as well as all React Native Firebase namespaced API) and will be removed in the next major release as part of move to match Firebase Web modular SDK API. Please see migration guide for more details: https://rnfirebase.io/migrating-to-v22. Method called was `logEvent`. Please use `logEvent()` instead.', { [Component Stack] name: 'Component Stack' }
06-15 16:15:26.804 15137 29777 W ReactNativeJS: 'This method is deprecated (as well as all React Native Firebase namespaced API) and will be removed in the next major release as part of move to match Firebase Web modular SDK API. Please see migration guide for more details: https://rnfirebase.io/migrating-to-v22 Please use `getApp()` instead.', { [Component Stack] name: 'Component Stack' }
06-15 16:15:26.819 15137 29777 W ReactNativeJS: 'This method is deprecated (as well as all React Native Firebase namespaced API) and will be removed in the next major release as part of move to match Firebase Web modular SDK API. Please see migration guide for more details: https://rnfirebase.io/migrating-to-v22 Please use `getApp()` instead.', { [Component Stack] name: 'Component Stack' }
06-15 16:15:26.837 15137 29777 W ReactNativeJS: 'This method is deprecated (as well as all React Native Firebase namespaced API) and will be removed in the next major release as part of move to match Firebase Web modular SDK API. Please see migration guide for more details: https://rnfirebase.io/migrating-to-v22. Method called was `logEvent`. Please use `logEvent()` instead.', { [Component Stack] name: 'Component Stack' }
06-15 16:15:27.484 15137 29777 W ReactNativeJS: This method is deprecated (as well as all React Native Firebase namespaced API) and will be removed in the next major release as part of move to match Firebase Web modular SDK API. Please see migration guide for more details: https://rnfirebase.io/migrating-to-v22. Method called was `FieldValue`. Please use `FieldValue` instead.
06-15 16:15:27.484 15137 29777 W ReactNativeJS: This method is deprecated (as well as all React Native Firebase namespaced API) and will be removed in the next major release as part of move to match Firebase Web modular SDK API. Please see migration guide for more details: https://rnfirebase.io/migrating-to-v22. Method called was `delete`. Please use `deleteField()` instead.
06-15 16:15:27.484 15137 29777 W ReactNativeJS: This method is deprecated (as well as all React Native Firebase namespaced API) and will be removed in the next major release as part of move to match Firebase Web modular SDK API. Please see migration guide for more details: https://rnfirebase.io/migrating-to-v22. Method called was `FieldValue`. Please use `FieldValue` instead.
06-15 16:15:27.485 15137 29777 W ReactNativeJS: This method is deprecated (as well as all React Native Firebase namespaced API) and will be removed in the next major release as part of move to match Firebase Web modular SDK API. Please see migration guide for more details: https://rnfirebase.io/migrating-to-v22. Method called was `serverTimestamp`. Please use `serverTimestamp()` instead.
06-15 16:15:27.823 15137 29777 W ReactNativeJS: This method is deprecated (as well as all React Native Firebase namespaced API) and will be removed in the next major release as part of move to match Firebase Web modular SDK API. Please see migration guide for more details: https://rnfirebase.io/migrating-to-v22. Method called was `FieldValue`. Please use `FieldValue` instead.
06-15 16:15:27.823 15137 29777 W ReactNativeJS: This method is deprecated (as well as all React Native Firebase namespaced API) and will be removed in the next major release as part of move to match Firebase Web modular SDK API. Please see migration guide for more details: https://rnfirebase.io/migrating-to-v22. Method called was `delete`. Please use `deleteField()` instead.
06-15 16:15:27.824 15137 29777 W ReactNativeJS: This method is deprecated (as well as all React Native Firebase namespaced API) and will be removed in the next major release as part of move to match Firebase Web modular SDK API. Please see migration guide for more details: https://rnfirebase.io/migrating-to-v22. Method called was `FieldValue`. Please use `FieldValue` instead.
06-15 16:15:27.824 15137 29777 W ReactNativeJS: This method is deprecated (as well as all React Native Firebase namespaced API) and will be removed in the next major release as part of move to match Firebase Web modular SDK API. Please see migration guide for more details: https://rnfirebase.io/migrating-to-v22. Method called was `serverTimestamp`. Please use `serverTimestamp()` instead.
06-15 16:15:28.634 15137 29777 W ReactNativeJS: 'This method is deprecated (as well as all React Native Firebase namespaced API) and will be removed in the next major release as part of move to match Firebase Web modular SDK API. Please see migration guide for more details: https://rnfirebase.io/migrating-to-v22 Please use `getApp()` instead.', { [Component Stack] name: 'Component Stack' }
06-15 16:15:28.649 15137 29777 W ReactNativeJS: 'This method is deprecated (as well as all React Native Firebase namespaced API) and will be removed in the next major release as part of move to match Firebase Web modular SDK API. Please see migration guide for more details: https://rnfirebase.io/migrating-to-v22 Please use `getApp()` instead.', { [Component Stack] name: 'Component Stack' }
06-15 16:15:28.668 15137 29777 W ReactNativeJS: 'This method is deprecated (as well as all React Native Firebase namespaced API) and will be removed in the next major release as part of move to match Firebase Web modular SDK API. Please see migration guide for more details: https://rnfirebase.io/migrating-to-v22. Method called was `logEvent`. Please use `logEvent()` instead.', { [Component Stack] name: 'Component Stack' }
06-15 16:15:29.028 15137 29777 E ReactNativeJS: TypeError: Cannot read property 'clear' of undefined
06-15 16:15:29.028 15137 29777 E ReactNativeJS: 
06-15 16:15:29.028 15137 29777 E ReactNativeJS: This error is located at:
06-15 16:15:29.028 15137 29777 E ReactNativeJS:     in RootLayout
06-15 16:15:29.028 15137 29777 E ReactNativeJS:     in Unknown (created by Route())
06-15 16:15:29.028 15137 29777 E ReactNativeJS:     in Suspense (created by Route())
06-15 16:15:29.028 15137 29777 E ReactNativeJS:     in Route (created by Route())
06-15 16:15:29.028 15137 29777 E ReactNativeJS:     in Route() (created by ContextNavigator)
06-15 16:15:29.028 15137 29777 E ReactNativeJS:     in RNCSafeAreaProvider (created by SafeAreaProvider)
06-15 16:15:29.028 15137 29777 E ReactNativeJS:     in SafeAreaProvider (created by wrapper)
06-15 16:15:29.028 15137 29777 E ReactNativeJS:     in wrapper (created by ContextNavigator)
06-15 16:15:29.028 15137 29777 E ReactNativeJS:     in EnsureSingleNavigator
06-15 16:15:29.028 15137 29777 E ReactNativeJS:     in BaseNavigationContainer
06-15 16:15:29.028 15137 29777 E ReactNativeJS:     in ThemeProvider
06-15 16:15:29.028 15137 29777 E ReactNativeJS:     in NavigationContainerInner (created by ContextNavigator)
06-15 16:15:29.028 15137 29777 E ReactNativeJS:     in ContextNavigator (created by ExpoRoot)
06-15 16:15:29.028 15137 29777 E ReactNativeJS:     in ExpoRoot (created by App)
06-15 16:15:29.028 15137 29777 E ReactNativeJS:     in App (created by ErrorOverlay)
06-15 16:15:29.028 15137 29777 E ReactNativeJS:     in ErrorToastContainer (created by ErrorOverlay)
06-15 16:15:29.028 15137 29777 E ReactNativeJS:     in ErrorOverlay (created by withDevTools(ErrorOverlay))
06-15 16:15:29.028 15137 29777 E ReactNativeJS:     in withDevTools(ErrorOverlay)
06-15 16:15:29.028 15137 29777 E ReactNativeJS:     in RCTView (created by View)
06-15 16:15:29.028 15137 29777 E ReactNativeJS:     in View (created by AppContainer)
06-15 16:15:29.028 15137 29777 E ReactNativeJS:     in RCTView (created by View)
06-15 16:15:29.028 15137 29777 E ReactNativeJS:     in View (created by AppContainer)
06-15 16:15:29.028 15137 29777 E ReactNativeJS:     in AppContainer
06-15 16:15:29.028 15137 29777 E ReactNativeJS:     in main(RootComponent)
06-15 16:15:29.048 15137 29777 E ReactNativeJS: TypeError: Cannot read property 'clear' of undefined
06-15 16:15:29.048 15137 29777 E ReactNativeJS: 
06-15 16:15:29.048 15137 29777 E ReactNativeJS: This error is located at:
06-15 16:15:29.048 15137 29777 E ReactNativeJS:     in RootLayout
06-15 16:15:29.048 15137 29777 E ReactNativeJS:     in Unknown (created by Route())
06-15 16:15:29.048 15137 29777 E ReactNativeJS:     in Suspense (created by Route())
06-15 16:15:29.048 15137 29777 E ReactNativeJS:     in Route (created by Route())
06-15 16:15:29.048 15137 29777 E ReactNativeJS:     in Route() (created by ContextNavigator)
06-15 16:15:29.048 15137 29777 E ReactNativeJS:     in RNCSafeAreaProvider (created by SafeAreaProvider)
06-15 16:15:29.048 15137 29777 E ReactNativeJS:     in SafeAreaProvider (created by wrapper)
06-15 16:15:29.048 15137 29777 E ReactNativeJS:     in wrapper (created by ContextNavigator)
06-15 16:15:29.048 15137 29777 E ReactNativeJS:     in EnsureSingleNavigator
06-15 16:15:29.048 15137 29777 E ReactNativeJS:     in BaseNavigationContainer
06-15 16:15:29.048 15137 29777 E ReactNativeJS:     in ThemeProvider
06-15 16:15:29.048 15137 29777 E ReactNativeJS:     in NavigationContainerInner (created by ContextNavigator)
06-15 16:15:29.048 15137 29777 E ReactNativeJS:     in ContextNavigator (created by ExpoRoot)
06-15 16:15:29.048 15137 29777 E ReactNativeJS:     in ExpoRoot (created by App)
06-15 16:15:29.048 15137 29777 E ReactNativeJS:     in App (created by ErrorOverlay)
06-15 16:15:29.048 15137 29777 E ReactNativeJS:     in ErrorToastContainer (created by ErrorOverlay)
06-15 16:15:29.048 15137 29777 E ReactNativeJS:     in ErrorOverlay (created by withDevTools(ErrorOverlay))
06-15 16:15:29.048 15137 29777 E ReactNativeJS:     in withDevTools(ErrorOverlay)
06-15 16:15:29.048 15137 29777 E ReactNativeJS:     in RCTView (created by View)
06-15 16:15:29.048 15137 29777 E ReactNativeJS:     in View (created by AppContainer)
06-15 16:15:29.048 15137 29777 E ReactNativeJS:     in RCTView (created by View)
06-15 16:15:29.048 15137 29777 E ReactNativeJS:     in View (created by AppContainer)
06-15 16:15:29.048 15137 29777 E ReactNativeJS:     in AppContainer
06-15 16:15:29.048 15137 29777 E ReactNativeJS:     in main(RootComponent)
06-15 16:15:29.573 15137 29777 E ReactNativeJS: TypeError: Cannot read property 'clear' of undefined
06-15 16:15:29.573 15137 29777 E ReactNativeJS: 
06-15 16:15:29.573 15137 29777 E ReactNativeJS: This error is located at:
06-15 16:15:29.573 15137 29777 E ReactNativeJS:     in RootLayout
06-15 16:15:29.573 15137 29777 E ReactNativeJS:     in Unknown (created by Route())
06-15 16:15:29.573 15137 29777 E ReactNativeJS:     in Suspense (created by Route())
06-15 16:15:29.573 15137 29777 E ReactNativeJS:     in Route (created by Route())
06-15 16:15:29.573 15137 29777 E ReactNativeJS:     in Route() (created by ContextNavigator)
06-15 16:15:29.573 15137 29777 E ReactNativeJS:     in RNCSafeAreaProvider (created by SafeAreaProvider)
06-15 16:15:29.573 15137 29777 E ReactNativeJS:     in SafeAreaProvider (created by wrapper)
06-15 16:15:29.573 15137 29777 E ReactNativeJS:     in wrapper (created by ContextNavigator)
06-15 16:15:29.573 15137 29777 E ReactNativeJS:     in EnsureSingleNavigator
06-15 16:15:29.573 15137 29777 E ReactNativeJS:     in BaseNavigationContainer
06-15 16:15:29.573 15137 29777 E ReactNativeJS:     in ThemeProvider
06-15 16:15:29.573 15137 29777 E ReactNativeJS:     in NavigationContainerInner (created by ContextNavigator)
06-15 16:15:29.573 15137 29777 E ReactNativeJS:     in ContextNavigator (created by ExpoRoot)
06-15 16:15:29.573 15137 29777 E ReactNativeJS:     in ExpoRoot (created by App)
06-15 16:15:29.573 15137 29777 E ReactNativeJS:     in App (created by ErrorOverlay)
06-15 16:15:29.573 15137 29777 E ReactNativeJS:     in ErrorToastContainer (created by ErrorOverlay)
06-15 16:15:29.573 15137 29777 E ReactNativeJS:     in ErrorOverlay (created by withDevTools(ErrorOverlay))
06-15 16:15:29.573 15137 29777 E ReactNativeJS:     in withDevTools(ErrorOverlay)
06-15 16:15:29.573 15137 29777 E ReactNativeJS:     in RCTView (created by View)
06-15 16:15:29.573 15137 29777 E ReactNativeJS:     in View (created by AppContainer)
06-15 16:15:29.573 15137 29777 E ReactNativeJS:     in RCTView (created by View)
06-15 16:15:29.573 15137 29777 E ReactNativeJS:     in View (created by AppContainer)
06-15 16:15:29.573 15137 29777 E ReactNativeJS:     in AppContainer
06-15 16:15:29.573 15137 29777 E ReactNativeJS:     in main(RootComponent)
06-15 16:15:29.575 15137 29777 E ReactNativeJS: TypeError: Cannot read property 'clear' of undefined
06-15 16:15:29.575 15137 29777 E ReactNativeJS: 
06-15 16:15:29.575 15137 29777 E ReactNativeJS: This error is located at:
06-15 16:15:29.575 15137 29777 E ReactNativeJS:     in RootLayout
06-15 16:15:29.575 15137 29777 E ReactNativeJS:     in Unknown (created by Route())
06-15 16:15:29.575 15137 29777 E ReactNativeJS:     in Suspense (created by Route())
06-15 16:15:29.575 15137 29777 E ReactNativeJS:     in Route (created by Route())
06-15 16:15:29.575 15137 29777 E ReactNativeJS:     in Route() (created by ContextNavigator)
06-15 16:15:29.575 15137 29777 E ReactNativeJS:     in RNCSafeAreaProvider (created by SafeAreaProvider)
06-15 16:15:29.575 15137 29777 E ReactNativeJS:     in SafeAreaProvider (created by wrapper)
06-15 16:15:29.575 15137 29777 E ReactNativeJS:     in wrapper (created by ContextNavigator)
06-15 16:15:29.575 15137 29777 E ReactNativeJS:     in EnsureSingleNavigator
06-15 16:15:29.575 15137 29777 E ReactNativeJS:     in BaseNavigationContainer
06-15 16:15:29.575 15137 29777 E ReactNativeJS:     in ThemeProvider
06-15 16:15:29.575 15137 29777 E ReactNativeJS:     in NavigationContainerInner (created by ContextNavigator)
06-15 16:15:29.575 15137 29777 E ReactNativeJS:     in ContextNavigator (created by ExpoRoot)
06-15 16:15:29.575 15137 29777 E ReactNativeJS:     in ExpoRoot (created by App)
06-15 16:15:29.575 15137 29777 E ReactNativeJS:     in App (created by ErrorOverlay)
06-15 16:15:29.575 15137 29777 E ReactNativeJS:     in ErrorToastContainer (created by ErrorOverlay)
06-15 16:15:29.575 15137 29777 E ReactNativeJS:     in ErrorOverlay (created by withDevTools(ErrorOverlay))
06-15 16:15:29.575 15137 29777 E ReactNativeJS:     in withDevTools(ErrorOverlay)
06-15 16:15:29.575 15137 29777 E ReactNativeJS:     in RCTView (created by View)
06-15 16:15:29.575 15137 29777 E ReactNativeJS:     in View (created by AppContainer)
06-15 16:15:29.575 15137 29777 E ReactNativeJS:     in RCTView (created by View)
06-15 16:15:29.575 15137 29777 E ReactNativeJS:     in View (created by AppContainer)
06-15 16:15:29.575 15137 29777 E ReactNativeJS:     in AppContainer
06-15 16:15:29.575 15137 29777 E ReactNativeJS:     in main(RootComponent)
06-15 16:15:29.722 15137 29777 W ReactNativeJS: This method is deprecated (as well as all React Native Firebase namespaced API) and will be removed in the next major release as part of move to match Firebase Web modular SDK API. Please see migration guide for more details: https://rnfirebase.io/migrating-to-v22. Method called was `FieldValue`. Please use `FieldValue` instead.
06-15 16:15:29.722 15137 29777 W ReactNativeJS: This method is deprecated (as well as all React Native Firebase namespaced API) and will be removed in the next major release as part of move to match Firebase Web modular SDK API. Please see migration guide for more details: https://rnfirebase.io/migrating-to-v22. Method called was `delete`. Please use `deleteField()` instead.
06-15 16:15:29.722 15137 29777 W ReactNativeJS: This method is deprecated (as well as all React Native Firebase namespaced API) and will be removed in the next major release as part of move to match Firebase Web modular SDK API. Please see migration guide for more details: https://rnfirebase.io/migrating-to-v22. Method called was `FieldValue`. Please use `FieldValue` instead.
06-15 16:15:29.723 15137 29777 W ReactNativeJS: This method is deprecated (as well as all React Native Firebase namespaced API) and will be removed in the next major release as part of move to match Firebase Web modular SDK API. Please see migration guide for more details: https://rnfirebase.io/migrating-to-v22. Method called was `serverTimestamp`. Please use `serverTimestamp()` instead.
06-15 16:15:31.681 15137 29777 W ReactNativeJS: This method is deprecated (as well as all React Native Firebase namespaced API) and will be removed in the next major release as part of move to match Firebase Web modular SDK API. Please see migration guide for more details: https://rnfirebase.io/migrating-to-v22. Method called was `FieldValue`. Please use `FieldValue` instead.
06-15 16:15:31.682 15137 29777 W ReactNativeJS: This method is deprecated (as well as all React Native Firebase namespaced API) and will be removed in the next major release as part of move to match Firebase Web modular SDK API. Please see migration guide for more details: https://rnfirebase.io/migrating-to-v22. Method called was `delete`. Please use `deleteField()` instead.
06-15 16:15:31.683 15137 29777 W ReactNativeJS: This method is deprecated (as well as all React Native Firebase namespaced API) and will be removed in the next major release as part of move to match Firebase Web modular SDK API. Please see migration guide for more details: https://rnfirebase.io/migrating-to-v22. Method called was `FieldValue`. Please use `FieldValue` instead.
06-15 16:15:31.686 15137 29777 W ReactNativeJS: This method is deprecated (as well as all React Native Firebase namespaced API) and will be removed in the next major release as part of move to match Firebase Web modular SDK API. Please see migration guide for more details: https://rnfirebase.io/migrating-to-v22. Method called was `serverTimestamp`. Please use `serverTimestamp()` instead.
06-15 16:15:31.958 15137 29777 W ReactNativeJS: 'This method is deprecated (as well as all React Native Firebase namespaced API) and will be removed in the next major release as part of move to match Firebase Web modular SDK API. Please see migration guide for more details: https://rnfirebase.io/migrating-to-v22 Please use `getApp()` instead.', { [Component Stack] name: 'Component Stack' }
06-15 16:15:31.978 15137 29777 W ReactNativeJS: 'This method is deprecated (as well as all React Native Firebase namespaced API) and will be removed in the next major release as part of move to match Firebase Web modular SDK API. Please see migration guide for more details: https://rnfirebase.io/migrating-to-v22 Please use `getApp()` instead.', { [Component Stack] name: 'Component Stack' }
06-15 16:15:31.992 15137 29777 W ReactNativeJS: 'This method is deprecated (as well as all React Native Firebase namespaced API) and will be removed in the next major release as part of move to match Firebase Web modular SDK API. Please see migration guide for more details: https://rnfirebase.io/migrating-to-v22. Method called was `logEvent`. Please use `logEvent()` instead.', { [Component Stack] name: 'Component Stack' }
06-15 16:15:32.152 15137 29777 W ReactNativeJS: This method is deprecated (as well as all React Native Firebase namespaced API) and will be removed in the next major release as part of move to match Firebase Web modular SDK API. Please see migration guide for more details: https://rnfirebase.io/migrating-to-v22. Method called was `FieldValue`. Please use `FieldValue` instead.
06-15 16:15:32.152 15137 29777 W ReactNativeJS: This method is deprecated (as well as all React Native Firebase namespaced API) and will be removed in the next major release as part of move to match Firebase Web modular SDK API. Please see migration guide for more details: https://rnfirebase.io/migrating-to-v22. Method called was `delete`. Please use `deleteField()` instead.
06-15 16:15:32.152 15137 29777 W ReactNativeJS: This method is deprecated (as well as all React Native Firebase namespaced API) and will be removed in the next major release as part of move to match Firebase Web modular SDK API. Please see migration guide for more details: https://rnfirebase.io/migrating-to-v22. Method called was `FieldValue`. Please use `FieldValue` instead.
06-15 16:15:32.153 15137 29777 W ReactNativeJS: This method is deprecated (as well as all React Native Firebase namespaced API) and will be removed in the next major release as part of move to match Firebase Web modular SDK API. Please see migration guide for more details: https://rnfirebase.io/migrating-to-v22. Method called was `serverTimestamp`. Please use `serverTimestamp()` instead.
06-15 16:15:34.324 15137 29777 W ReactNativeJS: 'This method is deprecated (as well as all React Native Firebase namespaced API) and will be removed in the next major release as part of move to match Firebase Web modular SDK API. Please see migration guide for more details: https://rnfirebase.io/migrating-to-v22 Please use `getApp()` instead.', { [Component Stack] name: 'Component Stack' }
06-15 16:15:34.339 15137 29777 W ReactNativeJS: 'This method is deprecated (as well as all React Native Firebase namespaced API) and will be removed in the next major release as part of move to match Firebase Web modular SDK API. Please see migration guide for more details: https://rnfirebase.io/migrating-to-v22 Please use `getApp()` instead.', { [Component Stack] name: 'Component Stack' }
06-15 16:15:34.358 15137 29777 W ReactNativeJS: 'This method is deprecated (as well as all React Native Firebase namespaced API) and will be removed in the next major release as part of move to match Firebase Web modular SDK API. Please see migration guide for more details: https://rnfirebase.io/migrating-to-v22. Method called was `logEvent`. Please use `logEvent()` instead.', { [Component Stack] name: 'Component Stack' }
06-15 16:15:34.823 15137 29777 W ReactNativeJS: This method is deprecated (as well as all React Native Firebase namespaced API) and will be removed in the next major release as part of move to match Firebase Web modular SDK API. Please see migration guide for more details: https://rnfirebase.io/migrating-to-v22. Method called was `FieldValue`. Please use `FieldValue` instead.
06-15 16:15:34.823 15137 29777 W ReactNativeJS: This method is deprecated (as well as all React Native Firebase namespaced API) and will be removed in the next major release as part of move to match Firebase Web modular SDK API. Please see migration guide for more details: https://rnfirebase.io/migrating-to-v22. Method called was `delete`. Please use `deleteField()` instead.
06-15 16:15:34.823 15137 29777 W ReactNativeJS: This method is deprecated (as well as all React Native Firebase namespaced API) and will be removed in the next major release as part of move to match Firebase Web modular SDK API. Please see migration guide for more details: https://rnfirebase.io/migrating-to-v22. Method called was `FieldValue`. Please use `FieldValue` instead.
06-15 16:15:34.824 15137 29777 W ReactNativeJS: This method is deprecated (as well as all React Native Firebase namespaced API) and will be removed in the next major release as part of move to match Firebase Web modular SDK API. Please see migration guide for more details: https://rnfirebase.io/migrating-to-v22. Method called was `serverTimestamp`. Please use `serverTimestamp()` instead.
06-15 16:15:36.023 15137 29777 W ReactNativeJS: 'This method is deprecated (as well as all React Native Firebase namespaced API) and will be removed in the next major release as part of move to match Firebase Web modular SDK API. Please see migration guide for more details: https://rnfirebase.io/migrating-to-v22 Please use `getApp()` instead.', { [Component Stack] name: 'Component Stack' }
06-15 16:15:36.097 15137 29777 W ReactNativeJS: 'This method is deprecated (as well as all React Native Firebase namespaced API) and will be removed in the next major release as part of move to match Firebase Web modular SDK API. Please see migration guide for more details: https://rnfirebase.io/migrating-to-v22 Please use `getApp()` instead.', { [Component Stack] name: 'Component Stack' }
06-15 16:15:36.113 15137 29777 W ReactNativeJS: 'This method is deprecated (as well as all React Native Firebase namespaced API) and will be removed in the next major release as part of move to match Firebase Web modular SDK API. Please see migration guide for more details: https://rnfirebase.io/migrating-to-v22. Method called was `logEvent`. Please use `logEvent()` instead.', { [Component Stack] name: 'Component Stack' }
06-15 16:15:36.575 15137 29777 W ReactNativeJS: This method is deprecated (as well as all React Native Firebase namespaced API) and will be removed in the next major release as part of move to match Firebase Web modular SDK API. Please see migration guide for more details: https://rnfirebase.io/migrating-to-v22. Method called was `FieldValue`. Please use `FieldValue` instead.
06-15 16:15:36.575 15137 29777 W ReactNativeJS: This method is deprecated (as well as all React Native Firebase namespaced API) and will be removed in the next major release as part of move to match Firebase Web modular SDK API. Please see migration guide for more details: https://rnfirebase.io/migrating-to-v22. Method called was `delete`. Please use `deleteField()` instead.
06-15 16:15:36.575 15137 29777 W ReactNativeJS: This method is deprecated (as well as all React Native Firebase namespaced API) and will be removed in the next major release as part of move to match Firebase Web modular SDK API. Please see migration guide for more details: https://rnfirebase.io/migrating-to-v22. Method called was `FieldValue`. Please use `FieldValue` instead.
06-15 16:15:36.576 15137 29777 W ReactNativeJS: This method is deprecated (as well as all React Native Firebase namespaced API) and will be removed in the next major release as part of move to match Firebase Web modular SDK API. Please see migration guide for more details: https://rnfirebase.io/migrating-to-v22. Method called was `serverTimestamp`. Please use `serverTimestamp()` instead.
06-15 16:15:45.091 15137 29777 W ReactNativeJS: 'This method is deprecated (as well as all React Native Firebase namespaced API) and will be removed in the next major release as part of move to match Firebase Web modular SDK API. Please see migration guide for more details: https://rnfirebase.io/migrating-to-v22 Please use `getApp()` instead.', { [Component Stack] name: 'Component Stack' }
06-15 16:15:45.112 15137 29777 W ReactNativeJS: 'This method is deprecated (as well as all React Native Firebase namespaced API) and will be removed in the next major release as part of move to match Firebase Web modular SDK API. Please see migration guide for more details: https://rnfirebase.io/migrating-to-v22 Please use `getApp()` instead.', { [Component Stack] name: 'Component Stack' }
06-15 16:15:45.125 15137 29777 W ReactNativeJS: 'This method is deprecated (as well as all React Native Firebase namespaced API) and will be removed in the next major release as part of move to match Firebase Web modular SDK API. Please see migration guide for more details: https://rnfirebase.io/migrating-to-v22. Method called was `logEvent`. Please use `logEvent()` instead.', { [Component Stack] name: 'Component Stack' }
06-15 16:15:45.555 15137 29777 W ReactNativeJS: This method is deprecated (as well as all React Native Firebase namespaced API) and will be removed in the next major release as part of move to match Firebase Web modular SDK API. Please see migration guide for more details: https://rnfirebase.io/migrating-to-v22. Method called was `FieldValue`. Please use `FieldValue` instead.
06-15 16:15:45.556 15137 29777 W ReactNativeJS: This method is deprecated (as well as all React Native Firebase namespaced API) and will be removed in the next major release as part of move to match Firebase Web modular SDK API. Please see migration guide for more details: https://rnfirebase.io/migrating-to-v22. Method called was `delete`. Please use `deleteField()` instead.
06-15 16:15:45.556 15137 29777 W ReactNativeJS: This method is deprecated (as well as all React Native Firebase namespaced API) and will be removed in the next major release as part of move to match Firebase Web modular SDK API. Please see migration guide for more details: https://rnfirebase.io/migrating-to-v22. Method called was `FieldValue`. Please use `FieldValue` instead.
06-15 16:15:45.556 15137 29777 W ReactNativeJS: This method is deprecated (as well as all React Native Firebase namespaced API) and will be removed in the next major release as part of move to match Firebase Web modular SDK API. Please see migration guide for more details: https://rnfirebase.io/migrating-to-v22. Method called was `serverTimestamp`. Please use `serverTimestamp()` instead.
06-15 16:15:49.220 15137 29777 W ReactNativeJS: 'This method is deprecated (as well as all React Native Firebase namespaced API) and will be removed in the next major release as part of move to match Firebase Web modular SDK API. Please see migration guide for more details: https://rnfirebase.io/migrating-to-v22 Please use `getApp()` instead.', { [Component Stack] name: 'Component Stack' }
06-15 16:15:49.241 15137 29777 W ReactNativeJS: 'This method is deprecated (as well as all React Native Firebase namespaced API) and will be removed in the next major release as part of move to match Firebase Web modular SDK API. Please see migration guide for more details: https://rnfirebase.io/migrating-to-v22 Please use `getApp()` instead.', { [Component Stack] name: 'Component Stack' }
06-15 16:15:49.260 15137 29777 W ReactNativeJS: 'This method is deprecated (as well as all React Native Firebase namespaced API) and will be removed in the next major release as part of move to match Firebase Web modular SDK API. Please see migration guide for more details: https://rnfirebase.io/migrating-to-v22. Method called was `settings`. Please use `settings()` instead.', { [Component Stack] name: 'Component Stack' }
06-15 16:15:49.274 15137 29777 W ReactNativeJS: 'This method is deprecated (as well as all React Native Firebase namespaced API) and will be removed in the next major release as part of move to match Firebase Web modular SDK API. Please see migration guide for more details: https://rnfirebase.io/migrating-to-v22 Please use `getApp()` instead.', { [Component Stack] name: 'Component Stack' }
06-15 16:15:49.291 15137 29777 W ReactNativeJS: 'This method is deprecated (as well as all React Native Firebase namespaced API) and will be removed in the next major release as part of move to match Firebase Web modular SDK API. Please see migration guide for more details: https://rnfirebase.io/migrating-to-v22. Method called was `logEvent`. Please use `logEvent()` instead.', { [Component Stack] name: 'Component Stack' }
06-15 16:15:49.791 15137 29777 W ReactNativeJS: This method is deprecated (as well as all React Native Firebase namespaced API) and will be removed in the next major release as part of move to match Firebase Web modular SDK API. Please see migration guide for more details: https://rnfirebase.io/migrating-to-v22. Method called was `FieldValue`. Please use `FieldValue` instead.
06-15 16:15:49.791 15137 29777 W ReactNativeJS: This method is deprecated (as well as all React Native Firebase namespaced API) and will be removed in the next major release as part of move to match Firebase Web modular SDK API. Please see migration guide for more details: https://rnfirebase.io/migrating-to-v22. Method called was `delete`. Please use `deleteField()` instead.
06-15 16:15:49.791 15137 29777 W ReactNativeJS: This method is deprecated (as well as all React Native Firebase namespaced API) and will be removed in the next major release as part of move to match Firebase Web modular SDK API. Please see migration guide for more details: https://rnfirebase.io/migrating-to-v22. Method called was `FieldValue`. Please use `FieldValue` instead.
06-15 16:15:49.792 15137 29777 W ReactNativeJS: This method is deprecated (as well as all React Native Firebase namespaced API) and will be removed in the next major release as part of move to match Firebase Web modular SDK API. Please see migration guide for more details: https://rnfirebase.io/migrating-to-v22. Method called was `serverTimestamp`. Please use `serverTimestamp()` instead.
06-15 16:15:59.366  1909  2803 I ActivityManager: Changes in 99097 3 to 10, 184 to 0
06-15 16:16:33.643 15137 29777 E ReactNativeJS: ReferenceError: Property 'WORLD_OBJECT_DEFENSE_ZONE_STROKE' doesn't exist
06-15 16:16:55.571  1909  2803 I ActivityManager: Changes in 99097 19 to 5, 0 to 184
06-15 16:17:10.596  1909  2803 I ActivityManager: Changes in 99097 5 to 10, 184 to 0
06-15 16:17:50.182  1909  2410 I ActivityManager: Killing 1913:com.ss.android.ugc.trill/u0a388 (adj 905): Chimera #0
06-15 16:18:52.991  1909  4341 I ActivityManager: Process com.google.android.googlequicksearchbox:googleapp (pid 29913) has died: cch CACC(575,1221)
06-15 16:18:52.996  1909  4341 W ActivityManager: Scheduling restart of crashed service com.google.android.googlequicksearchbox/com.google.android.apps.gsa.nowoverlayservice.DrawerOverlayService in 1000ms for connection
06-15 16:18:53.110  1909  1973 I ActivityManager: Start proc 4349:com.google.android.syncadapters.calendar/u0a257 for service {com.google.android.syncadapters.calendar/com.google.android.libraries.notifications.entrypoints.scheduled.ScheduledTaskService}
06-15 16:18:53.114  1909  1973 I ActivityManager: ProcessObserver broadcast disabled
06-15 16:18:53.119  1909  2187 I ActivityManager: Changes in 99097 19 to 8, 0 to 128
06-15 16:18:53.156  1909  1973 I ActivityManager: Start proc 4353:com.samsung.android.mobileservice/u0a119 for service {com.samsung.android.mobileservice/com.samsung.android.mobileservice.policy.presentation.service.GetPolicyJobService}
06-15 16:18:53.156  1909  1973 I ActivityManager: ProcessObserver broadcast disabled
06-15 16:18:53.185  1909  2187 I ActivityManager: Changes in 99097 8 to 10, 128 to 0
06-15 16:18:53.230  1909  1973 I ActivityManager: Start proc 4382:com.samsung.faceservice/5004 for service {com.samsung.faceservice/androidx.work.impl.background.systemjob.SystemJobService}
06-15 16:18:53.230  1909  1973 I ActivityManager: ProcessObserver broadcast disabled
06-15 16:18:53.306  1909  1973 I ActivityManager: Start proc 4401:com.google.android.as.oss/u0a248 for service {com.google.android.as.oss/com.google.android.gms.learning.internal.training.InAppJobService}
06-15 16:18:53.306  1909  1973 I ActivityManager: ProcessObserver broadcast disabled
06-15 16:18:53.358  1909  4343 I ActivityManager: Changes in 10257 19 to 8, 0 to 128
06-15 16:18:53.386  1909  4343 I ActivityManager: Changes in 5004 19 to 8, 0 to 128
06-15 16:18:53.445  1909  4341 I ActivityManager: Changes in 5004 8 to 10, 128 to 0
06-15 16:18:53.489  1909  4341 I ActivityManager: Changes in 10119 19 to 8, 0 to 128
06-15 16:18:53.543  1909  4341 I ActivityManager: Changes in 10248 19 to 8, 0 to 128
06-15 16:18:53.568  1909  3050 I ActivityManager: Changes in 10115 19 to 8, 0 to 128
06-15 16:18:53.596  1909  3434 I ActivityManager: Changes in 10257 8 to 10, 128 to 0
06-15 16:18:53.632  1909  3434 I ActivityManager: Changes in 10248 8 to 10, 128 to 0
06-15 16:18:53.638  1909  1973 I ActivityManager: Start proc 4531:com.lguplus.appstore/u0a99 for service {com.lguplus.appstore/androidx.work.impl.background.systemjob.SystemJobService}
06-15 16:18:53.639  1909  1973 I ActivityManager: ProcessObserver broadcast disabled
06-15 16:18:53.645  1909  2776 I ActivityManager: Killing 31220:com.samsung.android.voc/u0a329 (adj 905): empty #25
06-15 16:18:53.660  1909  1973 I ActivityManager: Start proc 4536:com.samsung.mfcontents/u0a95 for service {com.samsung.mfcontents/com.samsung.mfcontents.scheduler.MFCJobService}
06-15 16:18:53.660  1909  1973 I ActivityManager: ProcessObserver broadcast disabled
06-15 16:18:53.695  1909  1973 I ActivityManager: Start proc 4553:com.samsung.android.scs/u0a116 for service {com.samsung.android.scs/androidx.work.impl.background.systemjob.SystemJobService}
06-15 16:18:53.695  1909  1973 I ActivityManager: ProcessObserver broadcast disabled
06-15 16:18:53.757  1909  2776 I ActivityManager: Changes in 10095 19 to 8, 0 to 128
06-15 16:18:53.771  1909  2776 I ActivityManager: Changes in 10095 8 to 10, 128 to 0
06-15 16:18:53.779  1909  1935 I ActivityManager: Killing 30889:com.samsung.android.service.stplatform/u0a138 (adj 905): empty #25
06-15 16:18:53.886  1909  3050 I ActivityManager: Changes in 10116 19 to 8, 0 to 128
06-15 16:18:54.010  1909  3301 I ActivityManager: Changes in 10116 8 to 10, 128 to 0
06-15 16:18:54.015  1909  3301 I ActivityManager: Changes in 10095 19 to 8, 0 to 128
06-15 16:18:54.031  1909  3301 I ActivityManager: Changes in 10095 8 to 10, 128 to 0
06-15 16:18:54.047  1909  3301 I ActivityManager: Killing 30836:com.samsung.android.authfw/5278 (adj 905): empty #25
06-15 16:18:54.136  1909  3301 I ActivityManager: Changes in 10119 8 to 10, 128 to 0
06-15 16:18:54.136  1909  3301 I ActivityManager: Changes in 10115 8 to 10, 128 to 0
06-15 16:18:54.139  1909  1972 I ActivityManager: Changes in 10055 19 to 11, 0 to 128
06-15 16:18:54.143  1909  2057 I ActivityManager: Changes in 10055 11 to 5, 128 to 144
06-15 16:18:54.155  1909  4225 I ActivityManager: Killing 29270:com.osp.app.signin/u0a117 (adj 905): empty #25
06-15 16:18:54.163  1909  1973 I ActivityManager: Start proc 4648:com.samsung.android.app.sharelive/5026 for service {com.samsung.android.app.sharelive/com.samsung.android.mobileservice.policy.presentation.service.GetPolicyJobService}
06-15 16:18:54.164  1909  1973 I ActivityManager: ProcessObserver broadcast disabled
06-15 16:18:54.190  1909  1973 I ActivityManager: Start proc 4652:com.sec.android.app.samsungapps/u0a86 for service {com.sec.android.app.samsungapps/com.sec.android.app.samsungapps.jobscheduling.PollJobService}
06-15 16:18:54.191  1909  1973 I ActivityManager: ProcessObserver broadcast disabled
06-15 16:18:54.232  1909  2225 I ActivityManager: Changes in 99097 19 to 8, 0 to 128
06-15 16:18:54.232  1909  2225 I ActivityManager: Changes in 10099 19 to 8, 0 to 128
06-15 16:18:54.329  1909  1973 I ActivityManager: Start proc 4700:com.skt.skaf.OA00018282/u0a104 for content provider {com.skt.skaf.OA00018282/com.onestore.utils.ApiContentProvider}
06-15 16:18:54.329  1909  1973 I ActivityManager: ProcessObserver broadcast disabled
06-15 16:18:54.460  1909  1973 I ActivityManager: Start proc 4719:com.google.android.partnersetup/u0a243 for service {com.google.android.partnersetup/com.google.android.partnersetup.InstalledAppJobService}
06-15 16:18:54.461  1909  1973 I ActivityManager: ProcessObserver broadcast disabled
06-15 16:18:54.520  1909  1973 I ActivityManager: Start proc 4734:com.facebook.katana/u0a356 for service {com.facebook.katana/androidx.work.impl.background.systemjob.SystemJobService}
06-15 16:18:54.520  1909  1973 I ActivityManager: ProcessObserver broadcast disabled
06-15 16:18:54.594  1909  2225 I ActivityManager: Changes in 10243 19 to 8, 0 to 128
06-15 16:18:54.760  1909  4225 I ActivityManager: Changes in 10243 8 to 10, 128 to 0
06-15 16:18:54.780  1909  1973 I ActivityManager: Start proc 4803:com.osp.app.signin/u0a117 for content provider {com.osp.app.signin/com.samsung.android.samsungaccount.utils.accounts.AccountManagerProvider}
06-15 16:18:54.780  1909  1973 I ActivityManager: ProcessObserver broadcast disabled
06-15 16:18:54.789  1909  2057 I ActivityManager: Changes in 5026 19 to 8, 0 to 128
06-15 16:18:54.789  1909  2057 I ActivityManager: Changes in 5025 8 to 8, 0 to 128
06-15 16:18:54.918  1909  2057 I ActivityManager: Changes in 10356 19 to 8, 0 to 128
06-15 16:18:55.345  1909  1973 I ActivityManager: Start proc 4967:com.sec.android.gallery3d/u0a124 for content provider {com.sec.android.gallery3d/com.samsung.android.gallery.app.provider.LocalProvider2}
06-15 16:18:55.345  1909  1973 I ActivityManager: ProcessObserver broadcast disabled
06-15 16:18:55.365  1909  1973 I ActivityManager: Start proc 4977:com.samsung.android.app.reminder/u0a224 for content provider {com.samsung.android.app.reminder/com.samsung.android.app.reminder.data.provider.ReminderProvider}
06-15 16:18:55.366  1909  1973 I ActivityManager: ProcessObserver broadcast disabled
06-15 16:18:55.466  1909  2225 I ActivityManager: Changes in 5026 8 to 10, 128 to 0
06-15 16:18:55.474  1909  2225 I ActivityManager: Changes in 5025 8 to 8, 128 to 0
06-15 16:18:55.475  1909  1972 I ActivityManager: Changes in 5026 10 to 11, 0 to 128
06-15 16:18:55.475  1909  1972 I ActivityManager: Changes in 5025 8 to 8, 0 to 128
06-15 16:18:55.488  1909  2225 I ActivityManager: Changes in 10116 19 to 8, 0 to 128
06-15 16:18:55.488  1909  2225 I ActivityManager: Changes in 10115 19 to 8, 0 to 128
06-15 16:18:55.488  1909  2225 I ActivityManager: Changes in 10066 19 to 8, 0 to 128
06-15 16:18:55.488  1909  2225 I ActivityManager: Changes in 10056 19 to 8, 0 to 128
06-15 16:18:55.514  1909  2867 I ActivityManager: Changes in 5026 11 to 19, 128 to 0
06-15 16:18:55.514  1909  2867 I ActivityManager: Changes in 5025 8 to 8, 128 to 0
06-15 16:18:55.653  1909  1973 I ActivityManager: Start proc 5038:com.samsung.cmh/5004 for content provider {com.samsung.cmh/com.samsung.cmh.provider.CMHProvider}
06-15 16:18:55.653  1909  1973 I ActivityManager: ProcessObserver broadcast disabled
06-15 16:18:55.691  1909  4343 I ActivityManager: Changes in 10356 8 to 10, 128 to 0
06-15 16:18:55.730  1909  2225 I ActivityManager: Changes in 10086 19 to 8, 0 to 128
06-15 16:18:55.745  1909  4343 I ActivityManager: Changes in 10104 19 to 8, 0 to 128
06-15 16:18:55.768  1909  2867 I ActivityManager: Changes in 10086 8 to 10, 128 to 0
06-15 16:18:55.892  1909  2225 I ActivityManager: Changes in 5004 19 to 8, 0 to 128
06-15 16:18:55.930  1909  3050 I ActivityManager: Killing 31832:com.sec.android.app.shealth/u0a328 (adj 905): empty #25
06-15 16:18:55.950  1909  2225 I ActivityManager: Changes in 10224 19 to 8, 0 to 128
06-15 16:18:55.967  1909  3301 I ActivityManager: Changes in 10124 19 to 8, 0 to 128
06-15 16:18:55.999  1909  1973 I ActivityManager: Start proc 5137:com.google.android.apps.turbo:aab/u0a250 for service {com.google.android.apps.turbo/com.google.android.libraries.smartbattery.appusage.library.InferAppBucketsJob}
06-15 16:18:55.999  1909  1973 I ActivityManager: ProcessObserver broadcast disabled
06-15 16:18:56.036  1909  1973 I ActivityManager: Start proc 5159:com.samsung.android.app.parentalcare/u0a199 for service {com.samsung.android.app.parentalcare/com.samsung.android.sdk.smp.SmpJobService}
06-15 16:18:56.036  1909  1973 I ActivityManager: ProcessObserver broadcast disabled
06-15 16:18:56.117  1909  1973 I ActivityManager: Start proc 5184:com.ss.android.ugc.trill/u0a388 for service {com.ss.android.ugc.trill/com.google.android.datatransport.runtime.scheduling.jobscheduling.JobInfoSchedulerService}
06-15 16:18:56.117  1909  1973 I ActivityManager: ProcessObserver broadcast disabled
06-15 16:18:56.170  1909  3050 I ActivityManager: Changes in 10250 19 to 8, 0 to 128
06-15 16:18:56.200  1909  2187 I ActivityManager: Changes in 10257 19 to 8, 0 to 128
06-15 16:18:56.219  1909  4341 I ActivityManager: Changes in 10224 8 to 10, 128 to 0
06-15 16:18:56.220  1909  4341 I ActivityManager: Changes in 10124 8 to 10, 128 to 0
06-15 16:18:56.220  1909  4341 I ActivityManager: Changes in 10116 8 to 10, 128 to 0
06-15 16:18:56.220  1909  4341 I ActivityManager: Changes in 10115 8 to 10, 128 to 0
06-15 16:18:56.220  1909  4341 I ActivityManager: Changes in 10066 8 to 10, 128 to 0
06-15 16:18:56.220  1909  4341 I ActivityManager: Changes in 10056 8 to 10, 128 to 0
06-15 16:18:56.220  1909  4341 I ActivityManager: Changes in 5004 8 to 10, 128 to 0
06-15 16:18:56.225  1909  4341 I ActivityManager: Changes in 10243 19 to 8, 0 to 128
06-15 16:18:56.237  1909  2867 I ActivityManager: Killing 1228:com.sec.android.daemonapp:weather_content_provider/u0a215 (adj 905): empty #25
06-15 16:18:56.240  1909  2867 I ActivityManager: Killing 31678:com.samsung.android.game.gos/u0a76 (adj 905): empty #26
06-15 16:18:56.240  1909  2867 I ActivityManager: Killing 30649:com.sec.android.app.shealth:remote/u0a328 (adj 905): empty #27
06-15 16:18:56.277  1909  3698 I ActivityManager: Changes in 10115 19 to 8, 0 to 128
06-15 16:18:56.386  1909  3301 I ActivityManager: Changes in 10199 19 to 8, 0 to 128
06-15 16:18:56.483  1909  3050 I ActivityManager: Changes in 10243 8 to 10, 128 to 0
06-15 16:18:56.487  1909  3050 I ActivityManager: Changes in 10117 19 to 8, 0 to 128
06-15 16:18:56.487  1909  3050 I ActivityManager: Changes in 10086 19 to 8, 0 to 128
06-15 16:18:56.539  1909  3301 I ActivityManager: Changes in 10117 8 to 10, 128 to 0
06-15 16:18:56.540  1909  3301 I ActivityManager: Changes in 10086 8 to 10, 128 to 0
06-15 16:18:56.549  1909  3301 I ActivityManager: Changes in 10117 19 to 8, 0 to 128
06-15 16:18:56.550  1909  3301 I ActivityManager: Changes in 10086 19 to 8, 0 to 128
06-15 16:18:56.918  1909  3434 I ActivityManager: Changes in 10388 19 to 8, 0 to 128
06-15 16:18:57.221  1909  2776 I ActivityManager: Changes in 10250 8 to 10, 128 to 0
06-15 16:18:57.233  1909  2776 I ActivityManager: Changes in 10066 19 to 8, 0 to 128
06-15 16:18:57.234  1909  2776 I ActivityManager: Changes in 5004 19 to 8, 0 to 128
06-15 16:18:57.266  1909  2776 I ActivityManager: Changes in 10066 8 to 10, 128 to 0
06-15 16:18:57.267  1909  2776 I ActivityManager: Changes in 5004 8 to 10, 128 to 0
06-15 16:18:57.276  1909  2776 I ActivityManager: Changes in 10243 19 to 8, 0 to 128
06-15 16:18:57.306  1909  2057 I ActivityManager: Changes in 10243 8 to 10, 128 to 0
06-15 16:18:57.360  1909  2057 I ActivityManager: Changes in 10104 8 to 10, 128 to 0
06-15 16:18:57.360  1909  2057 I ActivityManager: Changes in 10099 8 to 10, 128 to 0
06-15 16:18:57.376  1909  2776 I ActivityManager: Killing 1216:com.samsung.android.app.aodservice/u0a53 (adj 905): empty #25
06-15 16:18:57.418  1909  2057 I ActivityManager: Changes in 99097 8 to 4, 128 to 184
06-15 16:18:57.478  1909  2776 I ActivityManager: Changes in 10388 8 to 10, 128 to 0
06-15 16:18:57.485  1909  2776 I ActivityManager: Killing 1268:com.sec.android.daemonapp/u0a215 (adj 905): empty #25
06-15 16:18:57.829  1909  3301 I ActivityManager: Changes in 10243 19 to 8, 0 to 128
06-15 16:18:57.911  1909  3301 I ActivityManager: Changes in 10199 8 to 10, 128 to 0
06-15 16:18:57.936  1909  2065 I ActivityManager: Changes in 10250 19 to 8, 0 to 128
06-15 16:18:58.145  1909  3301 I ActivityManager: Changes in 10250 8 to 10, 128 to 0
06-15 16:18:58.233  1909  2867 I ActivityManager: Changes in 10243 8 to 10, 128 to 0
06-15 16:18:58.238  1909  2867 I ActivityManager: Killing 30753:com.samsung.android.stickercenter/1000 (adj 905): empty #25
06-15 16:18:58.844  1909  2187 I ActivityManager: Changes in 10257 8 to 10, 128 to 0
06-15 16:18:58.844  1909  2187 I ActivityManager: Changes in 10115 8 to 10, 128 to 0
06-15 16:18:58.850  1909  4341 I ActivityManager: Killing 2592:com.samsung.drmboost/u0a339 (adj 905): empty #25
06-15 16:18:58.851  1909  4341 I ActivityManager: Killing 31619:com.samsung.android.privacydashboard/u0a107 (adj 905): empty #26
06-15 16:18:58.861  1909  2187 I ActivityManager: Changes in 10257 19 to 8, 0 to 128
06-15 16:18:58.861  1909  2187 I ActivityManager: Changes in 10115 19 to 8, 0 to 128
06-15 16:18:59.251  1909  2187 I ActivityManager: Changes in 10257 8 to 10, 128 to 0
06-15 16:18:59.251  1909  2187 I ActivityManager: Changes in 10115 8 to 10, 128 to 0
06-15 16:18:59.705  1909  2065 I ActivityManager: Changes in 10224 19 to 8, 0 to 128
06-15 16:18:59.706  1909  2065 I ActivityManager: Changes in 10124 19 to 8, 0 to 128
06-15 16:18:59.706  1909  2065 I ActivityManager: Changes in 10116 19 to 8, 0 to 128
06-15 16:18:59.706  1909  2065 I ActivityManager: Changes in 10115 19 to 8, 0 to 128
06-15 16:18:59.706  1909  2065 I ActivityManager: Changes in 10066 19 to 8, 0 to 128
06-15 16:18:59.706  1909  2065 I ActivityManager: Changes in 10056 19 to 8, 0 to 128
06-15 16:18:59.706  1909  2065 I ActivityManager: Changes in 5004 19 to 8, 0 to 128
06-15 16:18:59.771  1909  3434 I ActivityManager: Changes in 10224 8 to 10, 128 to 0
06-15 16:18:59.771  1909  3434 I ActivityManager: Changes in 10124 8 to 10, 128 to 0
06-15 16:18:59.771  1909  3434 I ActivityManager: Changes in 10116 8 to 10, 128 to 0
06-15 16:18:59.771  1909  3434 I ActivityManager: Changes in 10115 8 to 10, 128 to 0
06-15 16:18:59.771  1909  3434 I ActivityManager: Changes in 10066 8 to 10, 128 to 0
06-15 16:18:59.771  1909  3434 I ActivityManager: Changes in 10056 8 to 10, 128 to 0
06-15 16:18:59.771  1909  3434 I ActivityManager: Changes in 5004 8 to 10, 128 to 0
06-15 16:19:00.186  1909  1971 I ActivityManager: Changes in 10055 5 to 15, 144 to 0
06-15 16:19:00.274  1909  2057 I ActivityManager: Changes in 10115 19 to 5, 0 to 144
06-15 16:19:00.315  1909  1973 I ActivityManager: Start proc 5685:com.samsung.android.calendar/u0a222 for content provider {com.samsung.android.calendar/com.samsung.android.app.calendar.model.settings.provider.PreferenceProvider}
06-15 16:19:00.315  1909  1973 I ActivityManager: ProcessObserver broadcast disabled
06-15 16:19:00.608  1909  2057 I ActivityManager: Changes in 10224 19 to 5, 0 to 144
06-15 16:19:00.609  1909  2057 I ActivityManager: Changes in 10222 19 to 5, 0 to 144
06-15 16:19:01.461  1909  1973 I ActivityManager: Start proc 5792:com.samsung.android.stickercenter/1000 for content provider {com.samsung.android.stickercenter/com.samsung.android.stickercenter.service.StickerProvider}
06-15 16:19:01.461  1909  1973 I ActivityManager: ProcessObserver broadcast disabled
06-15 16:19:01.554  1909  1973 I ActivityManager: Start proc 5812:com.samsung.android.scs:text/u0a116 for content provider {com.samsung.android.scs/com.samsung.android.scs.ai.text.TextProvider}
06-15 16:19:01.554  1909  1973 I ActivityManager: ProcessObserver broadcast disabled
06-15 16:19:01.605  1909  1972 I ActivityManager: Changes in 10055 15 to 11, 0 to 128
06-15 16:19:01.613  1909  2867 I ActivityManager: Changes in 10055 11 to 5, 128 to 144
06-15 16:19:01.648  1909  2776 I ActivityManager: Changes in 10116 19 to 5, 0 to 144
06-15 16:19:01.678  1909  1971 I ActivityManager: Changes in 10117 8 to 15, 128 to 0
06-15 16:19:04.140  1909  2776 I ActivityManager: Changes in 5009 19 to 5, 0 to 144
06-15 16:19:04.187  1909  1973 I ActivityManager: Start proc 5952:com.samsung.drmboost/u0a339 for service {com.samsung.drmboost/com.samsung.drmboost.DrmEventService}
06-15 16:19:04.188  1909  1973 I ActivityManager: ProcessObserver broadcast disabled
06-15 16:19:04.208  1909  2065 I ActivityManager: Changes in 10119 19 to 8, 0 to 128
06-15 16:19:04.262  1909  3434 I ActivityManager: Changes in 10119 8 to 10, 128 to 0
06-15 16:19:06.626  1909  1971 I ActivityManager: Changes in 10224 5 to 15, 144 to 0
06-15 16:19:06.627  1909  1971 I ActivityManager: Changes in 10222 5 to 15, 144 to 0
06-15 16:19:06.627  1909  1971 I ActivityManager: Changes in 10116 5 to 15, 144 to 0
06-15 16:19:06.628  1909  1971 I ActivityManager: Changes in 5009 5 to 15, 144 to 0
06-15 16:19:06.631  1909  1971 I ActivityManager: Changes in 10115 5 to 15, 144 to 0
06-15 16:19:07.443  1909  4343 I ActivityManager: Changes in 99097 4 to 10, 184 to 0
06-15 16:19:07.462  1909  1971 I ActivityManager: Killing 2894:com.google.android.rkpdapp/u0a348 (adj 905): empty #25
06-15 16:19:07.610  1909  1971 I ActivityManager: Killing 25422:com.samsung.android.scloud/5009 (adj 905): empty #25
06-15 16:19:07.639  1909  1971 I ActivityManager: Changes in 10055 5 to 15, 144 to 0
06-15 16:19:07.803  1909  1971 I ActivityManager: Killing 31680:com.samsung.android.ce/u0a96 (adj 905): empty #25
06-15 16:19:10.202  1909  1971 I ActivityManager: Killing 31999:com.google.android.googlequicksearchbox:search/u0a253 (adj 905): empty #25
06-15 16:19:21.681  1909  1972 I ActivityManager: Killing 4401:com.google.android.as.oss/u0a248 (adj 905): empty #25
06-15 16:19:26.630  1909  1972 I ActivityManager: Killing 4536:com.samsung.mfcontents/u0a95 (adj 905): empty #25
06-15 16:19:27.627  1909  1972 I ActivityManager: Killing 4648:com.samsung.android.app.sharelive/5026 (adj 905): empty #25
06-15 16:19:28.632  1909  1972 I ActivityManager: Killing 1194:com.samsung.android.dqagent/1000 (adj 905): empty #25
06-15 16:20:18.131  1909  4211 I ActivityManager: Changes in 10086 8 to 10, 128 to 0
06-15 16:20:18.138  1909  3050 I ActivityManager: Killing 4803:com.osp.app.signin/u0a117 (adj 905): empty #25
06-15 16:20:22.151 15137  6079 W ReactNativeJS: 'This method is deprecated (as well as all React Native Firebase namespaced API) and will be removed in the next major release as part of move to match Firebase Web modular SDK API. Please see migration guide for more details: https://rnfirebase.io/migrating-to-v22 Please use `getApp()` instead.', { [Component Stack] name: 'Component Stack' }
06-15 16:20:22.174 15137  6079 W ReactNativeJS: 'This method is deprecated (as well as all React Native Firebase namespaced API) and will be removed in the next major release as part of move to match Firebase Web modular SDK API. Please see migration guide for more details: https://rnfirebase.io/migrating-to-v22 Please use `getApp()` instead.', { [Component Stack] name: 'Component Stack' }
06-15 16:20:22.194 15137  6079 W ReactNativeJS: 'This method is deprecated (as well as all React Native Firebase namespaced API) and will be removed in the next major release as part of move to match Firebase Web modular SDK API. Please see migration guide for more details: https://rnfirebase.io/migrating-to-v22. Method called was `settings`. Please use `settings()` instead.', { [Component Stack] name: 'Component Stack' }
06-15 16:20:22.222 15137  6079 W ReactNativeJS: 'This method is deprecated (as well as all React Native Firebase namespaced API) and will be removed in the next major release as part of move to match Firebase Web modular SDK API. Please see migration guide for more details: https://rnfirebase.io/migrating-to-v22 Please use `getApp()` instead.', { [Component Stack] name: 'Component Stack' }
06-15 16:20:22.236 15137  6079 W ReactNativeJS: 'This method is deprecated (as well as all React Native Firebase namespaced API) and will be removed in the next major release as part of move to match Firebase Web modular SDK API. Please see migration guide for more details: https://rnfirebase.io/migrating-to-v22. Method called was `logEvent`. Please use `logEvent()` instead.', { [Component Stack] name: 'Component Stack' }
06-15 16:20:22.261  1909  3698 I ActivityManager: Changes in 99097 19 to 3, 0 to 184
06-15 16:20:22.587 15137  6079 W ReactNativeJS: This method is deprecated (as well as all React Native Firebase namespaced API) and will be removed in the next major release as part of move to match Firebase Web modular SDK API. Please see migration guide for more details: https://rnfirebase.io/migrating-to-v22. Method called was `FieldValue`. Please use `FieldValue` instead.
06-15 16:20:22.588 15137  6079 W ReactNativeJS: This method is deprecated (as well as all React Native Firebase namespaced API) and will be removed in the next major release as part of move to match Firebase Web modular SDK API. Please see migration guide for more details: https://rnfirebase.io/migrating-to-v22. Method called was `delete`. Please use `deleteField()` instead.
06-15 16:20:22.589 15137  6079 W ReactNativeJS: This method is deprecated (as well as all React Native Firebase namespaced API) and will be removed in the next major release as part of move to match Firebase Web modular SDK API. Please see migration guide for more details: https://rnfirebase.io/migrating-to-v22. Method called was `FieldValue`. Please use `FieldValue` instead.
06-15 16:20:22.589 15137  6079 W ReactNativeJS: This method is deprecated (as well as all React Native Firebase namespaced API) and will be removed in the next major release as part of move to match Firebase Web modular SDK API. Please see migration guide for more details: https://rnfirebase.io/migrating-to-v22. Method called was `serverTimestamp`. Please use `serverTimestamp()` instead.
06-15 16:20:24.811  1909  1973 I ActivityManager: Start proc 6371:com.google.android.rkpdapp/u0a348 for service {com.google.android.rkpdapp/com.android.rkpdapp.service.RemoteProvisioningService}
06-15 16:20:24.812  1909  1973 I ActivityManager: ProcessObserver broadcast disabled
06-15 16:20:24.929  1909  3698 I ActivityManager: Changes in 10348 19 to 6, 0 to 128
06-15 16:20:24.943  1909  4211 I ActivityManager: Changes in 10348 6 to 10, 128 to 0
06-15 16:20:25.125 15137  6079 W ReactNativeJS: This method is deprecated (as well as all React Native Firebase namespaced API) and will be removed in the next major release as part of move to match Firebase Web modular SDK API. Please see migration guide for more details: https://rnfirebase.io/migrating-to-v22. Method called was `FieldValue`. Please use `FieldValue` instead.
06-15 16:20:25.125 15137  6079 W ReactNativeJS: This method is deprecated (as well as all React Native Firebase namespaced API) and will be removed in the next major release as part of move to match Firebase Web modular SDK API. Please see migration guide for more details: https://rnfirebase.io/migrating-to-v22. Method called was `delete`. Please use `deleteField()` instead.
06-15 16:20:25.126 15137  6079 W ReactNativeJS: This method is deprecated (as well as all React Native Firebase namespaced API) and will be removed in the next major release as part of move to match Firebase Web modular SDK API. Please see migration guide for more details: https://rnfirebase.io/migrating-to-v22. Method called was `FieldValue`. Please use `FieldValue` instead.
06-15 16:20:25.126 15137  6079 W ReactNativeJS: This method is deprecated (as well as all React Native Firebase namespaced API) and will be removed in the next major release as part of move to match Firebase Web modular SDK API. Please see migration guide for more details: https://rnfirebase.io/migrating-to-v22. Method called was `serverTimestamp`. Please use `serverTimestamp()` instead.
06-15 16:20:30.006  1909  1972 I ActivityManager: Changes in 10099 19 to 11, 0 to 128
06-15 16:20:30.063  1909  4211 I ActivityManager: Changes in 10104 19 to 8, 0 to 128
06-15 16:20:32.317  1909  2803 I ActivityManager: Changes in 99097 3 to 10, 184 to 0
06-15 16:20:32.327  1909  3174 I ActivityManager: Killing 4382:com.samsung.faceservice/5004 (adj 905): empty #25
06-15 16:20:36.089  1909  1971 I ActivityManager: Changes in 10104 19 to 19, 128 to 0
06-15 16:20:40.014  1909  2065 I ActivityManager: Changes in 10099 19 to 19, 128 to 0
06-15 16:21:35.486  1909  4343 I ActivityManager: Changes in 10356 19 to 8, 0 to 128
06-15 16:21:35.503  1909  2803 I ActivityManager: Changes in 10356 8 to 10, 128 to 0
06-15 16:21:52.251 15137  6079 E ReactNativeJS: ReferenceError: Property 'WORLD_OBJECT_DEFENSE_ZONE_FILL' doesn't exist
06-15 16:22:31.565  1909  1972 I ActivityManager: Changes in 10108 10 to 10, 0 to 128
06-15 16:22:31.585  1909  2065 I ActivityManager: Changes in 10356 19 to 8, 0 to 128
06-15 16:22:31.593  1909  3698 I ActivityManager: Changes in 10108 10 to 10, 128 to 0
06-15 16:22:31.602  1909  1973 I ActivityManager: Start proc 6668:com.samsung.mfcontents/u0a95 for service {com.samsung.mfcontents/com.samsung.mfcontents.scheduler.MFCJobService}
06-15 16:22:31.609  1909  1973 I ActivityManager: ProcessObserver broadcast disabled
06-15 16:22:31.686  1909  4211 I ActivityManager: Changes in 10095 19 to 8, 0 to 128
06-15 16:22:31.701  1909  3698 I ActivityManager: Changes in 10095 8 to 10, 128 to 0
06-15 16:22:31.890  1909  4211 I ActivityManager: Changes in 10356 8 to 10, 128 to 0
06-15 16:22:31.897  1909  4211 I ActivityManager: Killing 5184:com.ss.android.ugc.trill/u0a388 (adj 905): empty #25
06-15 16:23:00.667 15137  6652 W ReactNativeJS: 'This method is deprecated (as well as all React Native Firebase namespaced API) and will be removed in the next major release as part of move to match Firebase Web modular SDK API. Please see migration guide for more details: https://rnfirebase.io/migrating-to-v22 Please use `getApp()` instead.', { [Component Stack] name: 'Component Stack' }
06-15 16:23:00.691 15137  6652 W ReactNativeJS: 'This method is deprecated (as well as all React Native Firebase namespaced API) and will be removed in the next major release as part of move to match Firebase Web modular SDK API. Please see migration guide for more details: https://rnfirebase.io/migrating-to-v22 Please use `getApp()` instead.', { [Component Stack] name: 'Component Stack' }
06-15 16:23:00.710 15137  6652 W ReactNativeJS: 'This method is deprecated (as well as all React Native Firebase namespaced API) and will be removed in the next major release as part of move to match Firebase Web modular SDK API. Please see migration guide for more details: https://rnfirebase.io/migrating-to-v22. Method called was `settings`. Please use `settings()` instead.', { [Component Stack] name: 'Component Stack' }
06-15 16:23:00.738 15137  6652 W ReactNativeJS: 'This method is deprecated (as well as all React Native Firebase namespaced API) and will be removed in the next major release as part of move to match Firebase Web modular SDK API. Please see migration guide for more details: https://rnfirebase.io/migrating-to-v22 Please use `getApp()` instead.', { [Component Stack] name: 'Component Stack' }
06-15 16:23:00.752 15137  6652 W ReactNativeJS: 'This method is deprecated (as well as all React Native Firebase namespaced API) and will be removed in the next major release as part of move to match Firebase Web modular SDK API. Please see migration guide for more details: https://rnfirebase.io/migrating-to-v22. Method called was `logEvent`. Please use `logEvent()` instead.', { [Component Stack] name: 'Component Stack' }
06-15 16:23:00.778  1909  4227 I ActivityManager: Changes in 99097 19 to 3, 0 to 184
06-15 16:23:01.149 15137  6652 W ReactNativeJS: This method is deprecated (as well as all React Native Firebase namespaced API) and will be removed in the next major release as part of move to match Firebase Web modular SDK API. Please see migration guide for more details: https://rnfirebase.io/migrating-to-v22. Method called was `FieldValue`. Please use `FieldValue` instead.
06-15 16:23:01.149 15137  6652 W ReactNativeJS: This method is deprecated (as well as all React Native Firebase namespaced API) and will be removed in the next major release as part of move to match Firebase Web modular SDK API. Please see migration guide for more details: https://rnfirebase.io/migrating-to-v22. Method called was `delete`. Please use `deleteField()` instead.
06-15 16:23:01.150 15137  6652 W ReactNativeJS: This method is deprecated (as well as all React Native Firebase namespaced API) and will be removed in the next major release as part of move to match Firebase Web modular SDK API. Please see migration guide for more details: https://rnfirebase.io/migrating-to-v22. Method called was `FieldValue`. Please use `FieldValue` instead.
06-15 16:23:01.150 15137  6652 W ReactNativeJS: This method is deprecated (as well as all React Native Firebase namespaced API) and will be removed in the next major release as part of move to match Firebase Web modular SDK API. Please see migration guide for more details: https://rnfirebase.io/migrating-to-v22. Method called was `serverTimestamp`. Please use `serverTimestamp()` instead.
06-15 16:23:03.679 15137  6652 W ReactNativeJS: This method is deprecated (as well as all React Native Firebase namespaced API) and will be removed in the next major release as part of move to match Firebase Web modular SDK API. Please see migration guide for more details: https://rnfirebase.io/migrating-to-v22. Method called was `FieldValue`. Please use `FieldValue` instead.
06-15 16:23:03.679 15137  6652 W ReactNativeJS: This method is deprecated (as well as all React Native Firebase namespaced API) and will be removed in the next major release as part of move to match Firebase Web modular SDK API. Please see migration guide for more details: https://rnfirebase.io/migrating-to-v22. Method called was `delete`. Please use `deleteField()` instead.
06-15 16:23:03.679 15137  6652 W ReactNativeJS: This method is deprecated (as well as all React Native Firebase namespaced API) and will be removed in the next major release as part of move to match Firebase Web modular SDK API. Please see migration guide for more details: https://rnfirebase.io/migrating-to-v22. Method called was `FieldValue`. Please use `FieldValue` instead.
06-15 16:23:03.679 15137  6652 W ReactNativeJS: This method is deprecated (as well as all React Native Firebase namespaced API) and will be removed in the next major release as part of move to match Firebase Web modular SDK API. Please see migration guide for more details: https://rnfirebase.io/migrating-to-v22. Method called was `serverTimestamp`. Please use `serverTimestamp()` instead.
06-15 16:23:10.829  1909  3698 I ActivityManager: Changes in 99097 3 to 10, 184 to 0
06-15 16:23:24.079  1909  1973 I ActivityManager: Start proc 6725:com.google.android.googlequicksearchbox:search/u0a253 for service {com.google.android.googlequicksearchbox/androidx.work.impl.background.systemjob.SystemJobService}
06-15 16:23:24.084  1909  1973 I ActivityManager: ProcessObserver broadcast disabled
06-15 16:23:24.834  1909  4227 I ActivityManager: Killing 5159:com.samsung.android.app.parentalcare/u0a199 (adj 905): empty #25
06-15 16:23:24.975  1909  1973 I ActivityManager: Start proc 6773:com.google.android.googlequicksearchbox:googleapp/u0a253 for service {com.google.android.googlequicksearchbox/com.google.android.libraries.search.integrations.tiktok.RemoteWorkerService_googleapp}
06-15 16:23:24.975  1909  1973 I ActivityManager: ProcessObserver broadcast disabled
06-15 16:23:25.131  1909  1933 I ActivityManager: Killing 5137:com.google.android.apps.turbo:aab/u0a250 (adj 905): empty #25
06-15 16:27:45.428  1909  1972 I ActivityManager: Changes in 10356 19 to 11, 0 to 128
06-15 16:27:45.435  1909  1973 I ActivityManager: Start proc 7333:com.samsung.android.ce/u0a96 for broadcast {com.samsung.android.mcfds/com.samsung.android.ce.ContextEngineReceiver}
06-15 16:27:45.435  1909  1973 I ActivityManager: ProcessObserver broadcast disabled
06-15 16:27:45.450  1909  1933 I ActivityManager: Changes in 10356 11 to 19, 128 to 0
06-15 16:27:45.819  1909  4226 I ActivityManager: Killing 4719:com.google.android.partnersetup/u0a243 (adj 905): empty #25
06-15 16:27:46.281  1909  2803 I ActivityManager: Changes in 10096 6 to 5, 128 to 184
06-15 16:27:56.340  1909  2870 I ActivityManager: Changes in 10096 5 to 6, 184 to 128
06-15 16:29:07.626 15137  6652 W ReactNativeJS: This method is deprecated (as well as all React Native Firebase namespaced API) and will be removed in the next major release as part of move to match Firebase Web modular SDK API. Please see migration guide for more details: https://rnfirebase.io/migrating-to-v22. Method called was `FieldValue`. Please use `FieldValue` instead.
06-15 16:29:07.626 15137  6652 W ReactNativeJS: This method is deprecated (as well as all React Native Firebase namespaced API) and will be removed in the next major release as part of move to match Firebase Web modular SDK API. Please see migration guide for more details: https://rnfirebase.io/migrating-to-v22. Method called was `delete`. Please use `deleteField()` instead.
06-15 16:29:07.626 15137  6652 W ReactNativeJS: This method is deprecated (as well as all React Native Firebase namespaced API) and will be removed in the next major release as part of move to match Firebase Web modular SDK API. Please see migration guide for more details: https://rnfirebase.io/migrating-to-v22. Method called was `FieldValue`. Please use `FieldValue` instead.
06-15 16:29:07.627 15137  6652 W ReactNativeJS: This method is deprecated (as well as all React Native Firebase namespaced API) and will be removed in the next major release as part of move to match Firebase Web modular SDK API. Please see migration guide for more details: https://rnfirebase.io/migrating-to-v22. Method called was `serverTimestamp`. Please use `serverTimestamp()` instead.
06-15 16:31:27.951  1909  2803 I ActivityManager: Changes in 99097 19 to 5, 0 to 184
06-15 16:31:43.025  1909  1933 I ActivityManager: Changes in 99097 5 to 10, 184 to 0
06-15 16:31:49.511  1909  1973 I ActivityManager: Start proc 7598:com.samsung.android.privacydashboard/u0a107 for content provider {com.samsung.android.privacydashboard/com.samsung.android.privacydashboard.provider.PermissionAccessInformationContentProvider}
06-15 16:31:49.511  1909  1973 I ActivityManager: ProcessObserver broadcast disabled
06-15 16:31:49.682  1909  1933 I ActivityManager: Changes in 10107 19 to 5, 0 to 144
06-15 16:31:55.790  1909  1971 I ActivityManager: Changes in 10107 5 to 15, 144 to 0
06-15 16:32:15.793  1909  1972 I ActivityManager: Killing 4967:com.sec.android.gallery3d/u0a124 (adj 905): empty #25
06-15 16:35:50.365 15137  6652 W ReactNativeJS: This method is deprecated (as well as all React Native Firebase namespaced API) and will be removed in the next major release as part of move to match Firebase Web modular SDK API. Please see migration guide for more details: https://rnfirebase.io/migrating-to-v22. Method called was `FieldValue`. Please use `FieldValue` instead.
06-15 16:35:50.365 15137  6652 W ReactNativeJS: This method is deprecated (as well as all React Native Firebase namespaced API) and will be removed in the next major release as part of move to match Firebase Web modular SDK API. Please see migration guide for more details: https://rnfirebase.io/migrating-to-v22. Method called was `delete`. Please use `deleteField()` instead.
06-15 16:35:50.366 15137  6652 W ReactNativeJS: This method is deprecated (as well as all React Native Firebase namespaced API) and will be removed in the next major release as part of move to match Firebase Web modular SDK API. Please see migration guide for more details: https://rnfirebase.io/migrating-to-v22. Method called was `FieldValue`. Please use `FieldValue` instead.
06-15 16:35:50.366 15137  6652 W ReactNativeJS: This method is deprecated (as well as all React Native Firebase namespaced API) and will be removed in the next major release as part of move to match Firebase Web modular SDK API. Please see migration guide for more details: https://rnfirebase.io/migrating-to-v22. Method called was `serverTimestamp`. Please use `serverTimestamp()` instead.
06-15 16:38:31.472 15137  6652 W ReactNativeJS: This method is deprecated (as well as all React Native Firebase namespaced API) and will be removed in the next major release as part of move to match Firebase Web modular SDK API. Please see migration guide for more details: https://rnfirebase.io/migrating-to-v22. Method called was `FieldValue`. Please use `FieldValue` instead.
06-15 16:38:31.474 15137  6652 W ReactNativeJS: This method is deprecated (as well as all React Native Firebase namespaced API) and will be removed in the next major release as part of move to match Firebase Web modular SDK API. Please see migration guide for more details: https://rnfirebase.io/migrating-to-v22. Method called was `delete`. Please use `deleteField()` instead.
06-15 16:38:31.475 15137  6652 W ReactNativeJS: This method is deprecated (as well as all React Native Firebase namespaced API) and will be removed in the next major release as part of move to match Firebase Web modular SDK API. Please see migration guide for more details: https://rnfirebase.io/migrating-to-v22. Method called was `FieldValue`. Please use `FieldValue` instead.
06-15 16:38:31.477 15137  6652 W ReactNativeJS: This method is deprecated (as well as all React Native Firebase namespaced API) and will be removed in the next major release as part of move to match Firebase Web modular SDK API. Please see migration guide for more details: https://rnfirebase.io/migrating-to-v22. Method called was `serverTimestamp`. Please use `serverTimestamp()` instead.
06-15 16:41:21.691 15137  6652 W ReactNativeJS: This method is deprecated (as well as all React Native Firebase namespaced API) and will be removed in the next major release as part of move to match Firebase Web modular SDK API. Please see migration guide for more details: https://rnfirebase.io/migrating-to-v22. Method called was `FieldValue`. Please use `FieldValue` instead.
06-15 16:41:21.693 15137  6652 W ReactNativeJS: This method is deprecated (as well as all React Native Firebase namespaced API) and will be removed in the next major release as part of move to match Firebase Web modular SDK API. Please see migration guide for more details: https://rnfirebase.io/migrating-to-v22. Method called was `delete`. Please use `deleteField()` instead.
06-15 16:41:21.694 15137  6652 W ReactNativeJS: This method is deprecated (as well as all React Native Firebase namespaced API) and will be removed in the next major release as part of move to match Firebase Web modular SDK API. Please see migration guide for more details: https://rnfirebase.io/migrating-to-v22. Method called was `FieldValue`. Please use `FieldValue` instead.
06-15 16:41:21.696 15137  6652 W ReactNativeJS: This method is deprecated (as well as all React Native Firebase namespaced API) and will be removed in the next major release as part of move to match Firebase Web modular SDK API. Please see migration guide for more details: https://rnfirebase.io/migrating-to-v22. Method called was `serverTimestamp`. Please use `serverTimestamp()` instead.
06-15 16:47:21.708  1909  1973 I ActivityManager: Start proc 8032:com.google.android.webview:sandboxed_process0:org.chromium.content.app.SandboxedProcessService0:0/u0i114 for  {com.google.android.googlequicksearchbox/org.chromium.content.app.SandboxedProcessService0:0}
06-15 16:47:21.709  1909  1973 I ActivityManager: ProcessObserver broadcast disabled
06-15 16:47:21.711  8032  8032 E libc    : SetHeapTaggingLevel: re-enabling tagging after it was disabled is not supported
06-15 16:47:21.767  1909  2870 I ActivityManager: Killing 4349:com.google.android.syncadapters.calendar/u0a257 (adj 905): empty #25
06-15 16:47:24.279  1909  1973 I ActivityManager: Start proc 8116:com.google.android.webview:webview_service/u0a263 for service {com.google.android.webview/org.chromium.android_webview.services.VariationsSeedServer}
06-15 16:47:24.279  1909  1973 I ActivityManager: ProcessObserver broadcast disabled
06-15 16:47:24.400  1909  4206 I ActivityManager: Killing 4977:com.samsung.android.app.reminder/u0a224 (adj 905): empty #25
06-15 16:48:23.778  1909  4206 I ActivityManager: Changes in 99097 19 to 8, 0 to 128
06-15 16:48:23.832  1909  4206 I ActivityManager: Changes in 99097 8 to 5, 128 to 184
06-15 16:48:38.860  1909  2870 I ActivityManager: Changes in 99097 5 to 10, 184 to 0
06-15 16:51:27.931  1909  3174 I ActivityManager: Changes in 99097 19 to 5, 0 to 184
06-15 16:51:42.997  1909  3174 I ActivityManager: Changes in 99097 5 to 10, 184 to 0
06-15 16:54:47.243  1909  1972 I ActivityManager: Changes in 99114 19 to 19, 0 to 128
06-15 16:54:47.380  1909  2870 I ActivityManager: Changes in 99097 19 to 10, 0 to 128
06-15 16:54:47.765  1909  2803 I ActivityManager: Changes in 99114 19 to 19, 128 to 0
06-15 16:54:47.765  1909  2803 I ActivityManager: Changes in 99097 11 to 19, 128 to 0
06-15 16:54:47.768  1909  1972 I ActivityManager: Changes in 99114 19 to 19, 0 to 128
06-15 16:54:47.768  1909  1972 I ActivityManager: Changes in 99097 19 to 11, 0 to 128
06-15 16:54:47.795  1909  3174 I ActivityManager: Changes in 99114 19 to 19, 128 to 0
06-15 16:54:47.795  1909  3174 I ActivityManager: Changes in 99097 11 to 19, 128 to 0
06-15 17:01:49.755  1909  9411 I ActivityManager: Changes in 10107 19 to 5, 0 to 144
06-15 17:01:55.804  1909  1971 I ActivityManager: Changes in 10107 5 to 15, 144 to 0
06-15 17:02:37.011 15137  6652 W ReactNativeJS: This method is deprecated (as well as all React Native Firebase namespaced API) and will be removed in the next major release as part of move to match Firebase Web modular SDK API. Please see migration guide for more details: https://rnfirebase.io/migrating-to-v22. Method called was `FieldValue`. Please use `FieldValue` instead.
06-15 17:02:37.011 15137  6652 W ReactNativeJS: This method is deprecated (as well as all React Native Firebase namespaced API) and will be removed in the next major release as part of move to match Firebase Web modular SDK API. Please see migration guide for more details: https://rnfirebase.io/migrating-to-v22. Method called was `delete`. Please use `deleteField()` instead.
06-15 17:02:37.011 15137  6652 W ReactNativeJS: This method is deprecated (as well as all React Native Firebase namespaced API) and will be removed in the next major release as part of move to match Firebase Web modular SDK API. Please see migration guide for more details: https://rnfirebase.io/migrating-to-v22. Method called was `FieldValue`. Please use `FieldValue` instead.
06-15 17:02:37.012 15137  6652 W ReactNativeJS: This method is deprecated (as well as all React Native Firebase namespaced API) and will be removed in the next major release as part of move to match Firebase Web modular SDK API. Please see migration guide for more details: https://rnfirebase.io/migrating-to-v22. Method called was `serverTimestamp`. Please use `serverTimestamp()` instead.
06-15 17:02:46.224  1909  1972 I ActivityManager: Changes in 10108 10 to 10, 0 to 128
06-15 17:02:46.228  1909  2776 I ActivityManager: Changes in 10108 10 to 10, 128 to 0
06-15 17:02:46.234  1909  1973 I ActivityManager: Start proc 8626:com.samsung.android.game.gos/u0a76 for service {com.samsung.android.game.gos/com.samsung.android.game.gos.service.MainIntentService}
06-15 17:02:46.236  1909  1973 I ActivityManager: ProcessObserver broadcast disabled
06-15 17:02:46.692  1909  2803 I ActivityManager: Killing 5685:com.samsung.android.calendar/u0a222 (adj 905): empty #25
06-15 17:11:27.939  1909  3698 I ActivityManager: Changes in 99097 19 to 5, 0 to 184
06-15 17:11:42.982  1909  3174 I ActivityManager: Changes in 99097 5 to 10, 184 to 0
06-15 17:16:37.647  1909  2776 I ActivityManager: Changes in 99097 19 to 8, 0 to 128
06-15 17:16:38.239  1909  2803 I ActivityManager: Changes in 99097 8 to 10, 128 to 0
06-15 17:16:39.600  1909  3698 I ActivityManager: Changes in 99097 19 to 5, 0 to 184
06-15 17:16:43.924  1909  2803 W ActivityManager: pid 6960 com.google.android.gms.persistent sent binder code 2 with flags 1 to frozen apps and got error -32
06-15 17:16:59.264  1909  4174 I ActivityManager: Changes in 99097 5 to 10, 184 to 0
06-15 17:17:01.820 15137  6652 W ReactNativeJS: This method is deprecated (as well as all React Native Firebase namespaced API) and will be removed in the next major release as part of move to match Firebase Web modular SDK API. Please see migration guide for more details: https://rnfirebase.io/migrating-to-v22. Method called was `FieldValue`. Please use `FieldValue` instead.
06-15 17:17:01.821 15137  6652 W ReactNativeJS: This method is deprecated (as well as all React Native Firebase namespaced API) and will be removed in the next major release as part of move to match Firebase Web modular SDK API. Please see migration guide for more details: https://rnfirebase.io/migrating-to-v22. Method called was `delete`. Please use `deleteField()` instead.
06-15 17:17:01.821 15137  6652 W ReactNativeJS: This method is deprecated (as well as all React Native Firebase namespaced API) and will be removed in the next major release as part of move to match Firebase Web modular SDK API. Please see migration guide for more details: https://rnfirebase.io/migrating-to-v22. Method called was `FieldValue`. Please use `FieldValue` instead.
06-15 17:17:01.821 15137  6652 W ReactNativeJS: This method is deprecated (as well as all React Native Firebase namespaced API) and will be removed in the next major release as part of move to match Firebase Web modular SDK API. Please see migration guide for more details: https://rnfirebase.io/migrating-to-v22. Method called was `serverTimestamp`. Please use `serverTimestamp()` instead.
06-15 17:19:01.271  1909  3174 I ActivityManager: Changes in 99097 19 to 5, 0 to 184
06-15 17:19:01.501  1909  3174 I ActivityManager: Changes in 10348 19 to 6, 0 to 128
06-15 17:19:01.514  1909  3174 I ActivityManager: Changes in 10348 6 to 10, 128 to 0
06-15 17:19:02.133  1909  4174 I ActivityManager: Changes in 10348 19 to 6, 0 to 128
06-15 17:19:02.142  1909  3174 I ActivityManager: Changes in 10348 6 to 10, 128 to 0
06-15 17:19:16.308  1909  3174 I ActivityManager: Changes in 99097 5 to 10, 184 to 0
06-15 17:20:16.288  1909  3698 I ActivityManager: Changes in 99097 19 to 5, 0 to 184
06-15 17:20:31.336  1909  3698 I ActivityManager: Changes in 99097 5 to 10, 184 to 0
06-15 17:30:47.864  1909  1972 I ActivityManager: Changes in 99114 19 to 19, 0 to 128
06-15 17:30:48.058  1909  3174 I ActivityManager: Changes in 99114 19 to 19, 128 to 0
06-15 17:30:48.125  1909  3174 I ActivityManager: Process com.google.android.webview:sandboxed_process0:org.chromium.content.app.SandboxedProcessService0:0 (pid 8032) has died: cch+5 CEM (260,1422)
06-15 17:30:48.128  1909  3174 W ActivityManager: Scheduling restart of crashed service com.google.android.googlequicksearchbox/org.chromium.content.app.SandboxedProcessService0:0 in 1000ms for connection
06-15 17:30:48.164  1909  3698 I ActivityManager: Process com.google.android.googlequicksearchbox:googleapp (pid 6773) has died: cch+5 CEM (283,1422)
06-15 17:31:27.948  1909  4356 I ActivityManager: Changes in 99097 19 to 5, 0 to 184
06-15 17:31:43.009  1909  4226 I ActivityManager: Changes in 99097 5 to 10, 184 to 0
06-15 17:31:50.057  1909  9411 I ActivityManager: Changes in 10107 19 to 5, 0 to 144
06-15 17:31:56.114  1909  1971 I ActivityManager: Changes in 10107 5 to 15, 144 to 0
06-15 17:34:17.634  1909  4356 I ActivityManager: com.samsung.android.app.telephonyui is exempt from freezer by list
06-15 17:34:17.648  1909  1973 I ActivityManager: Start proc 9365:com.samsung.android.app.telephonyui/1001 for content provider {com.samsung.android.app.telephonyui/com.samsung.android.app.telephonyui.provider.InternalContentProvider}
06-15 17:34:17.648  1909  1973 I ActivityManager: ProcessObserver broadcast disabled
06-15 17:34:42.370  1909  2065 I ActivityManager: Changes in 10122 10 to 10, 128 to 0
06-15 17:37:46.271  1909  1972 I ActivityManager: Changes in 10108 10 to 10, 0 to 128
06-15 17:37:46.281  1909  4356 I ActivityManager: Changes in 10108 10 to 10, 128 to 0
06-15 17:37:46.920  1909  3698 I ActivityManager: Changes in 99097 19 to 8, 0 to 128
06-15 17:37:46.985  1909  2224 I ActivityManager: Changes in 99097 8 to 10, 128 to 0
06-15 17:37:47.019  1909  2224 I ActivityManager: Changes in 99097 10 to 5, 0 to 184
06-15 17:38:02.065  1909  4226 I ActivityManager: Changes in 99097 5 to 10, 184 to 0
06-15 17:43:24.549 15137  6652 W ReactNativeJS: 'This method is deprecated (as well as all React Native Firebase namespaced API) and will be removed in the next major release as part of move to match Firebase Web modular SDK API. Please see migration guide for more details: https://rnfirebase.io/migrating-to-v22 Please use `getApp()` instead.', { [Component Stack] name: 'Component Stack' }
06-15 17:43:24.567 15137  6652 W ReactNativeJS: 'This method is deprecated (as well as all React Native Firebase namespaced API) and will be removed in the next major release as part of move to match Firebase Web modular SDK API. Please see migration guide for more details: https://rnfirebase.io/migrating-to-v22 Please use `getApp()` instead.', { [Component Stack] name: 'Component Stack' }
06-15 17:43:24.589 15137  6652 W ReactNativeJS: 'This method is deprecated (as well as all React Native Firebase namespaced API) and will be removed in the next major release as part of move to match Firebase Web modular SDK API. Please see migration guide for more details: https://rnfirebase.io/migrating-to-v22. Method called was `logEvent`. Please use `logEvent()` instead.', { [Component Stack] name: 'Component Stack' }
06-15 17:43:24.628  1909  2224 I ActivityManager: Changes in 99097 19 to 3, 0 to 184
06-15 17:43:25.506 15137  6652 W ReactNativeJS: 'This method is deprecated (as well as all React Native Firebase namespaced API) and will be removed in the next major release as part of move to match Firebase Web modular SDK API. Please see migration guide for more details: https://rnfirebase.io/migrating-to-v22 Please use `getApp()` instead.', { [Component Stack] name: 'Component Stack' }
06-15 17:43:25.522 15137  6652 W ReactNativeJS: 'This method is deprecated (as well as all React Native Firebase namespaced API) and will be removed in the next major release as part of move to match Firebase Web modular SDK API. Please see migration guide for more details: https://rnfirebase.io/migrating-to-v22 Please use `getApp()` instead.', { [Component Stack] name: 'Component Stack' }
06-15 17:43:25.541 15137  6652 W ReactNativeJS: 'This method is deprecated (as well as all React Native Firebase namespaced API) and will be removed in the next major release as part of move to match Firebase Web modular SDK API. Please see migration guide for more details: https://rnfirebase.io/migrating-to-v22. Method called was `logEvent`. Please use `logEvent()` instead.', { [Component Stack] name: 'Component Stack' }
06-15 17:43:26.268 15137  6652 W ReactNativeJS: This method is deprecated (as well as all React Native Firebase namespaced API) and will be removed in the next major release as part of move to match Firebase Web modular SDK API. Please see migration guide for more details: https://rnfirebase.io/migrating-to-v22. Method called was `FieldValue`. Please use `FieldValue` instead.
06-15 17:43:26.268 15137  6652 W ReactNativeJS: This method is deprecated (as well as all React Native Firebase namespaced API) and will be removed in the next major release as part of move to match Firebase Web modular SDK API. Please see migration guide for more details: https://rnfirebase.io/migrating-to-v22. Method called was `delete`. Please use `deleteField()` instead.
06-15 17:43:26.269 15137  6652 W ReactNativeJS: This method is deprecated (as well as all React Native Firebase namespaced API) and will be removed in the next major release as part of move to match Firebase Web modular SDK API. Please see migration guide for more details: https://rnfirebase.io/migrating-to-v22. Method called was `FieldValue`. Please use `FieldValue` instead.
06-15 17:43:26.269 15137  6652 W ReactNativeJS: This method is deprecated (as well as all React Native Firebase namespaced API) and will be removed in the next major release as part of move to match Firebase Web modular SDK API. Please see migration guide for more details: https://rnfirebase.io/migrating-to-v22. Method called was `serverTimestamp`. Please use `serverTimestamp()` instead.
06-15 17:43:26.654 15137  6652 W ReactNativeJS: This method is deprecated (as well as all React Native Firebase namespaced API) and will be removed in the next major release as part of move to match Firebase Web modular SDK API. Please see migration guide for more details: https://rnfirebase.io/migrating-to-v22. Method called was `FieldValue`. Please use `FieldValue` instead.
06-15 17:43:26.654 15137  6652 W ReactNativeJS: This method is deprecated (as well as all React Native Firebase namespaced API) and will be removed in the next major release as part of move to match Firebase Web modular SDK API. Please see migration guide for more details: https://rnfirebase.io/migrating-to-v22. Method called was `delete`. Please use `deleteField()` instead.
06-15 17:43:26.655 15137  6652 W ReactNativeJS: This method is deprecated (as well as all React Native Firebase namespaced API) and will be removed in the next major release as part of move to match Firebase Web modular SDK API. Please see migration guide for more details: https://rnfirebase.io/migrating-to-v22. Method called was `FieldValue`. Please use `FieldValue` instead.
06-15 17:43:26.655 15137  6652 W ReactNativeJS: This method is deprecated (as well as all React Native Firebase namespaced API) and will be removed in the next major release as part of move to match Firebase Web modular SDK API. Please see migration guide for more details: https://rnfirebase.io/migrating-to-v22. Method called was `serverTimestamp`. Please use `serverTimestamp()` instead.
06-15 17:43:28.454 15137  6652 W ReactNativeJS: This method is deprecated (as well as all React Native Firebase namespaced API) and will be removed in the next major release as part of move to match Firebase Web modular SDK API. Please see migration guide for more details: https://rnfirebase.io/migrating-to-v22. Method called was `FieldValue`. Please use `FieldValue` instead.
06-15 17:43:28.456 15137  6652 W ReactNativeJS: This method is deprecated (as well as all React Native Firebase namespaced API) and will be removed in the next major release as part of move to match Firebase Web modular SDK API. Please see migration guide for more details: https://rnfirebase.io/migrating-to-v22. Method called was `delete`. Please use `deleteField()` instead.
06-15 17:43:28.458 15137  6652 W ReactNativeJS: This method is deprecated (as well as all React Native Firebase namespaced API) and will be removed in the next major release as part of move to match Firebase Web modular SDK API. Please see migration guide for more details: https://rnfirebase.io/migrating-to-v22. Method called was `FieldValue`. Please use `FieldValue` instead.
06-15 17:43:28.459 15137  6652 W ReactNativeJS: This method is deprecated (as well as all React Native Firebase namespaced API) and will be removed in the next major release as part of move to match Firebase Web modular SDK API. Please see migration guide for more details: https://rnfirebase.io/migrating-to-v22. Method called was `serverTimestamp`. Please use `serverTimestamp()` instead.
06-15 17:43:35.629  1909  2776 I ActivityManager: Changes in 99097 3 to 10, 184 to 0
06-15 17:43:40.854 15137  6652 W ReactNativeJS: 'This method is deprecated (as well as all React Native Firebase namespaced API) and will be removed in the next major release as part of move to match Firebase Web modular SDK API. Please see migration guide for more details: https://rnfirebase.io/migrating-to-v22 Please use `getApp()` instead.', { [Component Stack] name: 'Component Stack' }
06-15 17:43:40.872 15137  6652 W ReactNativeJS: 'This method is deprecated (as well as all React Native Firebase namespaced API) and will be removed in the next major release as part of move to match Firebase Web modular SDK API. Please see migration guide for more details: https://rnfirebase.io/migrating-to-v22 Please use `getApp()` instead.', { [Component Stack] name: 'Component Stack' }
06-15 17:43:40.895 15137  6652 W ReactNativeJS: 'This method is deprecated (as well as all React Native Firebase namespaced API) and will be removed in the next major release as part of move to match Firebase Web modular SDK API. Please see migration guide for more details: https://rnfirebase.io/migrating-to-v22. Method called was `settings`. Please use `settings()` instead.', { [Component Stack] name: 'Component Stack' }
06-15 17:43:40.917 15137  6652 W ReactNativeJS: 'This method is deprecated (as well as all React Native Firebase namespaced API) and will be removed in the next major release as part of move to match Firebase Web modular SDK API. Please see migration guide for more details: https://rnfirebase.io/migrating-to-v22 Please use `getApp()` instead.', { [Component Stack] name: 'Component Stack' }
06-15 17:43:40.932 15137  6652 W ReactNativeJS: 'This method is deprecated (as well as all React Native Firebase namespaced API) and will be removed in the next major release as part of move to match Firebase Web modular SDK API. Please see migration guide for more details: https://rnfirebase.io/migrating-to-v22. Method called was `logEvent`. Please use `logEvent()` instead.', { [Component Stack] name: 'Component Stack' }
06-15 17:44:04.937  1909  1973 I ActivityManager: Start proc 9633:com.samsung.android.dqagent/1000 for broadcast {com.samsung.android.dqagent/com.samsung.android.dqagent.receiver.DQADataReceiver}
06-15 17:44:04.937  1909  1973 I ActivityManager: ProcessObserver broadcast disabled
06-15 17:44:33.194 15137  9621 W ReactNativeJS: 'This method is deprecated (as well as all React Native Firebase namespaced API) and will be removed in the next major release as part of move to match Firebase Web modular SDK API. Please see migration guide for more details: https://rnfirebase.io/migrating-to-v22 Please use `getApp()` instead.', { [Component Stack] name: 'Component Stack' }
06-15 17:44:33.215 15137  9621 W ReactNativeJS: 'This method is deprecated (as well as all React Native Firebase namespaced API) and will be removed in the next major release as part of move to match Firebase Web modular SDK API. Please see migration guide for more details: https://rnfirebase.io/migrating-to-v22 Please use `getApp()` instead.', { [Component Stack] name: 'Component Stack' }
06-15 17:44:33.232 15137  9621 W ReactNativeJS: 'This method is deprecated (as well as all React Native Firebase namespaced API) and will be removed in the next major release as part of move to match Firebase Web modular SDK API. Please see migration guide for more details: https://rnfirebase.io/migrating-to-v22. Method called was `settings`. Please use `settings()` instead.', { [Component Stack] name: 'Component Stack' }
06-15 17:44:33.258 15137  9621 W ReactNativeJS: 'This method is deprecated (as well as all React Native Firebase namespaced API) and will be removed in the next major release as part of move to match Firebase Web modular SDK API. Please see migration guide for more details: https://rnfirebase.io/migrating-to-v22 Please use `getApp()` instead.', { [Component Stack] name: 'Component Stack' }
06-15 17:44:33.270 15137  9621 W ReactNativeJS: 'This method is deprecated (as well as all React Native Firebase namespaced API) and will be removed in the next major release as part of move to match Firebase Web modular SDK API. Please see migration guide for more details: https://rnfirebase.io/migrating-to-v22. Method called was `logEvent`. Please use `logEvent()` instead.', { [Component Stack] name: 'Component Stack' }
06-15 17:44:33.298  1909  2776 I ActivityManager: Changes in 99097 19 to 3, 0 to 184
06-15 17:44:33.631 15137  9621 W ReactNativeJS: This method is deprecated (as well as all React Native Firebase namespaced API) and will be removed in the next major release as part of move to match Firebase Web modular SDK API. Please see migration guide for more details: https://rnfirebase.io/migrating-to-v22. Method called was `FieldValue`. Please use `FieldValue` instead.
06-15 17:44:33.632 15137  9621 W ReactNativeJS: This method is deprecated (as well as all React Native Firebase namespaced API) and will be removed in the next major release as part of move to match Firebase Web modular SDK API. Please see migration guide for more details: https://rnfirebase.io/migrating-to-v22. Method called was `delete`. Please use `deleteField()` instead.
06-15 17:44:33.633 15137  9621 W ReactNativeJS: This method is deprecated (as well as all React Native Firebase namespaced API) and will be removed in the next major release as part of move to match Firebase Web modular SDK API. Please see migration guide for more details: https://rnfirebase.io/migrating-to-v22. Method called was `FieldValue`. Please use `FieldValue` instead.
06-15 17:44:33.633 15137  9621 W ReactNativeJS: This method is deprecated (as well as all React Native Firebase namespaced API) and will be removed in the next major release as part of move to match Firebase Web modular SDK API. Please see migration guide for more details: https://rnfirebase.io/migrating-to-v22. Method called was `serverTimestamp`. Please use `serverTimestamp()` instead.
06-15 17:44:36.140 15137  9621 W ReactNativeJS: This method is deprecated (as well as all React Native Firebase namespaced API) and will be removed in the next major release as part of move to match Firebase Web modular SDK API. Please see migration guide for more details: https://rnfirebase.io/migrating-to-v22. Method called was `FieldValue`. Please use `FieldValue` instead.
06-15 17:44:36.140 15137  9621 W ReactNativeJS: This method is deprecated (as well as all React Native Firebase namespaced API) and will be removed in the next major release as part of move to match Firebase Web modular SDK API. Please see migration guide for more details: https://rnfirebase.io/migrating-to-v22. Method called was `delete`. Please use `deleteField()` instead.
06-15 17:44:36.140 15137  9621 W ReactNativeJS: This method is deprecated (as well as all React Native Firebase namespaced API) and will be removed in the next major release as part of move to match Firebase Web modular SDK API. Please see migration guide for more details: https://rnfirebase.io/migrating-to-v22. Method called was `FieldValue`. Please use `FieldValue` instead.
06-15 17:44:36.140 15137  9621 W ReactNativeJS: This method is deprecated (as well as all React Native Firebase namespaced API) and will be removed in the next major release as part of move to match Firebase Web modular SDK API. Please see migration guide for more details: https://rnfirebase.io/migrating-to-v22. Method called was `serverTimestamp`. Please use `serverTimestamp()` instead.
06-15 17:44:43.353  1909  2224 I ActivityManager: Changes in 99097 3 to 10, 184 to 0
06-15 17:49:53.164 15137  9621 W ReactNativeJS: This method is deprecated (as well as all React Native Firebase namespaced API) and will be removed in the next major release as part of move to match Firebase Web modular SDK API. Please see migration guide for more details: https://rnfirebase.io/migrating-to-v22. Method called was `FieldValue`. Please use `FieldValue` instead.
06-15 17:49:53.166 15137  9621 W ReactNativeJS: This method is deprecated (as well as all React Native Firebase namespaced API) and will be removed in the next major release as part of move to match Firebase Web modular SDK API. Please see migration guide for more details: https://rnfirebase.io/migrating-to-v22. Method called was `delete`. Please use `deleteField()` instead.
06-15 17:49:53.170 15137  9621 W ReactNativeJS: This method is deprecated (as well as all React Native Firebase namespaced API) and will be removed in the next major release as part of move to match Firebase Web modular SDK API. Please see migration guide for more details: https://rnfirebase.io/migrating-to-v22. Method called was `FieldValue`. Please use `FieldValue` instead.
06-15 17:49:53.172 15137  9621 W ReactNativeJS: This method is deprecated (as well as all React Native Firebase namespaced API) and will be removed in the next major release as part of move to match Firebase Web modular SDK API. Please see migration guide for more details: https://rnfirebase.io/migrating-to-v22. Method called was `serverTimestamp`. Please use `serverTimestamp()` instead.
06-15 17:51:09.916 15137  6645 E ReactNativeJS: { [Error: TransformError src\systems\planetaryDefense\planetDefenseSatelliteDevelopment.ts: Duplicate declaration "isPlanetDefenseSatelliteInstalled"
06-15 17:51:09.916 15137  6645 E ReactNativeJS: [0m [90m 69 |[39m }
06-15 17:51:09.916 15137  6645 E ReactNativeJS:  [90m 70 |[39m
06-15 17:51:09.916 15137  6645 E ReactNativeJS: [31m[1m>[22m[39m[90m 71 |[39m [36mexport[39m [36mfunction[39m isPlanetDefenseSatelliteInstalled(planetId[33m:[39m string)[33m:[39m boolean {
06-15 17:51:09.916 15137  6645 E ReactNativeJS:  [90m    |[39m                 [31m[1m^[22m[39m[31m[1m^[22m[39m[31m[1m^[22m[39m[31m[1m^[22m[39m[31m[1m^[22m[39m[31m[1m^[22m[39m[31m[1m^[22m[39m[31m[1m^[22m[39m[31m[1m^[22m[39m[31m[1m^[22m[39m[31m[1m^[22m[39m[31m[1m^[22m[39m[31m[1m^[22m[39m[31m[1m^[22m[39m[31m[1m^[22m[39m[31m[1m^[22m[39m[31m[1m^[22m[39m[31m[1m^[22m[39m[31m[1m^[22m[39m[31m[1m^[22m[39m[31m[1m^[22m[39m[31m[1m^[22m[39m[31m[1m^[22m[39m[31m[1m^[22m[39m[31m[1m^[22m[39m[31m[1m^[22m[39m[31m[1m^[22m[39m[31m[1m^[22m[39m[31m[1m^[22m[39m[31m[1m^[22m[39m[31m[1m^[22m[39m[31m[1m^[22m[39m[31m[1m^[22m[39m
06-15 17:51:09.916 15137  6645 E ReactNativeJS:  [90m 72 |[39m   [36mreturn[39m readPlanetDefenseSatelliteDetail(planetId)[33m.[39minstalled[33m;[39m
06-15 17:51:09.916 15137  6645 E ReactNativeJS:  [90m 73 |[39m }
06-15 17:51:09.916 15137  6645 E ReactNativeJS:  [90m 74 |[39m[0m] preventSymbolication: true }
06-15 17:51:09.928 15137  6645 E ReactNativeJS: { [Error: TransformError src\systems\planetaryDefense\planetDefenseSatelliteDevelopment.ts: Duplicate declaration "isPlanetDefenseSatelliteInstalled"
06-15 17:51:09.928 15137  6645 E ReactNativeJS: [0m [90m 69 |[39m }
06-15 17:51:09.928 15137  6645 E ReactNativeJS:  [90m 70 |[39m
06-15 17:51:09.928 15137  6645 E ReactNativeJS: [31m[1m>[22m[39m[90m 71 |[39m [36mexport[39m [36mfunction[39m isPlanetDefenseSatelliteInstalled(planetId[33m:[39m string)[33m:[39m boolean {
06-15 17:51:09.928 15137  6645 E ReactNativeJS:  [90m    |[39m                 [31m[1m^[22m[39m[31m[1m^[22m[39m[31m[1m^[22m[39m[31m[1m^[22m[39m[31m[1m^[22m[39m[31m[1m^[22m[39m[31m[1m^[22m[39m[31m[1m^[22m[39m[31m[1m^[22m[39m[31m[1m^[22m[39m[31m[1m^[22m[39m[31m[1m^[22m[39m[31m[1m^[22m[39m[31m[1m^[22m[39m[31m[1m^[22m[39m[31m[1m^[22m[39m[31m[1m^[22m[39m[31m[1m^[22m[39m[31m[1m^[22m[39m[31m[1m^[22m[39m[31m[1m^[22m[39m[31m[1m^[22m[39m[31m[1m^[22m[39m[31m[1m^[22m[39m[31m[1m^[22m[39m[31m[1m^[22m[39m[31m[1m^[22m[39m[31m[1m^[22m[39m[31m[1m^[22m[39m[31m[1m^[22m[39m[31m[1m^[22m[39m[31m[1m^[22m[39m[31m[1m^[22m[39m
06-15 17:51:09.928 15137  6645 E ReactNativeJS:  [90m 72 |[39m   [36mreturn[39m readPlanetDefenseSatelliteDetail(planetId)[33m.[39minstalled[33m;[39m
06-15 17:51:09.928 15137  6645 E ReactNativeJS:  [90m 73 |[39m }
06-15 17:51:09.928 15137  6645 E ReactNativeJS:  [90m 74 |[39m[0m] preventSymbolication: true }
06-15 17:51:27.939  1909  4356 I ActivityManager: Changes in 99097 19 to 5, 0 to 184
06-15 17:51:32.637 15137  9836 W ReactNativeJS: 'Require cycle: src\\systems\\planetaryDefense\\planetDefenseSatelliteLevel.ts -> src\\systems\\planetaryDefense\\planetDefenseSatelliteDevelopment.ts -> src\\systems\\planetaryDefense\\planetDefenseSatelliteLevel.ts\n\nRequire cycles are allowed, but can result in uninitialized values. Consider refactoring to remove the need for a cycle.', { [Component Stack] name: 'Component Stack' }
06-15 17:51:33.006 15137  9836 E ReactNativeJS: { [Error: TransformError src\systems\planetaryDefense\planetDefenseSatelliteDevelopment.ts: Duplicate declaration "isPlanetDefenseSatelliteInstalled"
06-15 17:51:33.006 15137  9836 E ReactNativeJS: [0m [90m 69 |[39m }
06-15 17:51:33.006 15137  9836 E ReactNativeJS:  [90m 70 |[39m
06-15 17:51:33.006 15137  9836 E ReactNativeJS: [31m[1m>[22m[39m[90m 71 |[39m [36mexport[39m [36mfunction[39m isPlanetDefenseSatelliteInstalled(planetId[33m:[39m string)[33m:[39m boolean {
06-15 17:51:33.006 15137  9836 E ReactNativeJS:  [90m    |[39m                 [31m[1m^[22m[39m[31m[1m^[22m[39m[31m[1m^[22m[39m[31m[1m^[22m[39m[31m[1m^[22m[39m[31m[1m^[22m[39m[31m[1m^[22m[39m[31m[1m^[22m[39m[31m[1m^[22m[39m[31m[1m^[22m[39m[31m[1m^[22m[39m[31m[1m^[22m[39m[31m[1m^[22m[39m[31m[1m^[22m[39m[31m[1m^[22m[39m[31m[1m^[22m[39m[31m[1m^[22m[39m[31m[1m^[22m[39m[31m[1m^[22m[39m[31m[1m^[22m[39m[31m[1m^[22m[39m[31m[1m^[22m[39m[31m[1m^[22m[39m[31m[1m^[22m[39m[31m[1m^[22m[39m[31m[1m^[22m[39m[31m[1m^[22m[39m[31m[1m^[22m[39m[31m[1m^[22m[39m[31m[1m^[22m[39m[31m[1m^[22m[39m[31m[1m^[22m[39m[31m[1m^[22m[39m
06-15 17:51:33.006 15137  9836 E ReactNativeJS:  [90m 72 |[39m   [36mreturn[39m readPlanetDefenseSatelliteDetail(planetId)[33m.[39minstalled[33m;[39m
06-15 17:51:33.006 15137  9836 E ReactNativeJS:  [90m 73 |[39m }
06-15 17:51:33.006 15137  9836 E ReactNativeJS:  [90m 74 |[39m[0m] preventSymbolication: true }
06-15 17:51:33.013 15137  9836 E ReactNativeJS: { [Error: TransformError src\systems\planetaryDefense\planetDefenseSatelliteDevelopment.ts: Duplicate declaration "isPlanetDefenseSatelliteInstalled"
06-15 17:51:33.013 15137  9836 E ReactNativeJS: [0m [90m 69 |[39m }
06-15 17:51:33.013 15137  9836 E ReactNativeJS:  [90m 70 |[39m
06-15 17:51:33.013 15137  9836 E ReactNativeJS: [31m[1m>[22m[39m[90m 71 |[39m [36mexport[39m [36mfunction[39m isPlanetDefenseSatelliteInstalled(planetId[33m:[39m string)[33m:[39m boolean {
06-15 17:51:33.013 15137  9836 E ReactNativeJS:  [90m    |[39m                 [31m[1m^[22m[39m[31m[1m^[22m[39m[31m[1m^[22m[39m[31m[1m^[22m[39m[31m[1m^[22m[39m[31m[1m^[22m[39m[31m[1m^[22m[39m[31m[1m^[22m[39m[31m[1m^[22m[39m[31m[1m^[22m[39m[31m[1m^[22m[39m[31m[1m^[22m[39m[31m[1m^[22m[39m[31m[1m^[22m[39m[31m[1m^[22m[39m[31m[1m^[22m[39m[31m[1m^[22m[39m[31m[1m^[22m[39m[31m[1m^[22m[39m[31m[1m^[22m[39m[31m[1m^[22m[39m[31m[1m^[22m[39m[31m[1m^[22m[39m[31m[1m^[22m[39m[31m[1m^[22m[39m[31m[1m^[22m[39m[31m[1m^[22m[39m[31m[1m^[22m[39m[31m[1m^[22m[39m[31m[1m^[22m[39m[31m[1m^[22m[39m[31m[1m^[22m[39m[31m[1m^[22m[39m
06-15 17:51:33.013 15137  9836 E ReactNativeJS:  [90m 72 |[39m   [36mreturn[39m readPlanetDefenseSatelliteDetail(planetId)[33m.[39minstalled[33m;[39m
06-15 17:51:33.013 15137  9836 E ReactNativeJS:  [90m 73 |[39m }
06-15 17:51:33.013 15137  9836 E ReactNativeJS:  [90m 74 |[39m[0m] preventSymbolication: true }
06-15 17:51:33.431 15137  9836 W ReactNativeJS: 'This method is deprecated (as well as all React Native Firebase namespaced API) and will be removed in the next major release as part of move to match Firebase Web modular SDK API. Please see migration guide for more details: https://rnfirebase.io/migrating-to-v22 Please use `getApp()` instead.', { [Component Stack] name: 'Component Stack' }
06-15 17:51:33.447 15137  9836 W ReactNativeJS: 'This method is deprecated (as well as all React Native Firebase namespaced API) and will be removed in the next major release as part of move to match Firebase Web modular SDK API. Please see migration guide for more details: https://rnfirebase.io/migrating-to-v22 Please use `getApp()` instead.', { [Component Stack] name: 'Component Stack' }
06-15 17:51:33.466 15137  9836 W ReactNativeJS: 'This method is deprecated (as well as all React Native Firebase namespaced API) and will be removed in the next major release as part of move to match Firebase Web modular SDK API. Please see migration guide for more details: https://rnfirebase.io/migrating-to-v22. Method called was `settings`. Please use `settings()` instead.', { [Component Stack] name: 'Component Stack' }
06-15 17:51:33.488 15137  9836 W ReactNativeJS: 'This method is deprecated (as well as all React Native Firebase namespaced API) and will be removed in the next major release as part of move to match Firebase Web modular SDK API. Please see migration guide for more details: https://rnfirebase.io/migrating-to-v22 Please use `getApp()` instead.', { [Component Stack] name: 'Component Stack' }
06-15 17:51:33.503 15137  9836 W ReactNativeJS: 'This method is deprecated (as well as all React Native Firebase namespaced API) and will be removed in the next major release as part of move to match Firebase Web modular SDK API. Please see migration guide for more details: https://rnfirebase.io/migrating-to-v22. Method called was `logEvent`. Please use `logEvent()` instead.', { [Component Stack] name: 'Component Stack' }
06-15 17:51:33.577 15137  9836 W ReactNativeJS: 'This method is deprecated (as well as all React Native Firebase namespaced API) and will be removed in the next major release as part of move to match Firebase Web modular SDK API. Please see migration guide for more details: https://rnfirebase.io/migrating-to-v22 Please use `getApp()` instead.', { [Component Stack] name: 'Component Stack' }
06-15 17:51:33.590 15137  9836 W ReactNativeJS: 'This method is deprecated (as well as all React Native Firebase namespaced API) and will be removed in the next major release as part of move to match Firebase Web modular SDK API. Please see migration guide for more details: https://rnfirebase.io/migrating-to-v22 Please use `getApp()` instead.', { [Component Stack] name: 'Component Stack' }
06-15 17:51:33.607 15137  9836 W ReactNativeJS: 'This method is deprecated (as well as all React Native Firebase namespaced API) and will be removed in the next major release as part of move to match Firebase Web modular SDK API. Please see migration guide for more details: https://rnfirebase.io/migrating-to-v22. Method called was `logEvent`. Please use `logEvent()` instead.', { [Component Stack] name: 'Component Stack' }
06-15 17:51:33.980 15137  9836 W ReactNativeJS: This method is deprecated (as well as all React Native Firebase namespaced API) and will be removed in the next major release as part of move to match Firebase Web modular SDK API. Please see migration guide for more details: https://rnfirebase.io/migrating-to-v22. Method called was `FieldValue`. Please use `FieldValue` instead.
06-15 17:51:33.980 15137  9836 W ReactNativeJS: This method is deprecated (as well as all React Native Firebase namespaced API) and will be removed in the next major release as part of move to match Firebase Web modular SDK API. Please see migration guide for more details: https://rnfirebase.io/migrating-to-v22. Method called was `delete`. Please use `deleteField()` instead.
06-15 17:51:33.981 15137  9836 W ReactNativeJS: This method is deprecated (as well as all React Native Firebase namespaced API) and will be removed in the next major release as part of move to match Firebase Web modular SDK API. Please see migration guide for more details: https://rnfirebase.io/migrating-to-v22. Method called was `FieldValue`. Please use `FieldValue` instead.
06-15 17:51:33.981 15137  9836 W ReactNativeJS: This method is deprecated (as well as all React Native Firebase namespaced API) and will be removed in the next major release as part of move to match Firebase Web modular SDK API. Please see migration guide for more details: https://rnfirebase.io/migrating-to-v22. Method called was `serverTimestamp`. Please use `serverTimestamp()` instead.
06-15 17:51:34.028 15137  9836 W ReactNativeJS: This method is deprecated (as well as all React Native Firebase namespaced API) and will be removed in the next major release as part of move to match Firebase Web modular SDK API. Please see migration guide for more details: https://rnfirebase.io/migrating-to-v22. Method called was `FieldValue`. Please use `FieldValue` instead.
06-15 17:51:34.028 15137  9836 W ReactNativeJS: This method is deprecated (as well as all React Native Firebase namespaced API) and will be removed in the next major release as part of move to match Firebase Web modular SDK API. Please see migration guide for more details: https://rnfirebase.io/migrating-to-v22. Method called was `delete`. Please use `deleteField()` instead.
06-15 17:51:34.029 15137  9836 W ReactNativeJS: This method is deprecated (as well as all React Native Firebase namespaced API) and will be removed in the next major release as part of move to match Firebase Web modular SDK API. Please see migration guide for more details: https://rnfirebase.io/migrating-to-v22. Method called was `FieldValue`. Please use `FieldValue` instead.
06-15 17:51:34.029 15137  9836 W ReactNativeJS: This method is deprecated (as well as all React Native Firebase namespaced API) and will be removed in the next major release as part of move to match Firebase Web modular SDK API. Please see migration guide for more details: https://rnfirebase.io/migrating-to-v22. Method called was `serverTimestamp`. Please use `serverTimestamp()` instead.
06-15 17:51:35.075 15137  9836 W ReactNativeJS: 'This method is deprecated (as well as all React Native Firebase namespaced API) and will be removed in the next major release as part of move to match Firebase Web modular SDK API. Please see migration guide for more details: https://rnfirebase.io/migrating-to-v22 Please use `getApp()` instead.', { [Component Stack] name: 'Component Stack' }
06-15 17:51:35.094 15137  9836 W ReactNativeJS: 'This method is deprecated (as well as all React Native Firebase namespaced API) and will be removed in the next major release as part of move to match Firebase Web modular SDK API. Please see migration guide for more details: https://rnfirebase.io/migrating-to-v22 Please use `getApp()` instead.', { [Component Stack] name: 'Component Stack' }
06-15 17:51:35.107 15137  9836 W ReactNativeJS: 'This method is deprecated (as well as all React Native Firebase namespaced API) and will be removed in the next major release as part of move to match Firebase Web modular SDK API. Please see migration guide for more details: https://rnfirebase.io/migrating-to-v22. Method called was `logEvent`. Please use `logEvent()` instead.', { [Component Stack] name: 'Component Stack' }
06-15 17:51:35.490 15137  9836 W ReactNativeJS: This method is deprecated (as well as all React Native Firebase namespaced API) and will be removed in the next major release as part of move to match Firebase Web modular SDK API. Please see migration guide for more details: https://rnfirebase.io/migrating-to-v22. Method called was `FieldValue`. Please use `FieldValue` instead.
06-15 17:51:35.491 15137  9836 W ReactNativeJS: This method is deprecated (as well as all React Native Firebase namespaced API) and will be removed in the next major release as part of move to match Firebase Web modular SDK API. Please see migration guide for more details: https://rnfirebase.io/migrating-to-v22. Method called was `delete`. Please use `deleteField()` instead.
06-15 17:51:35.491 15137  9836 W ReactNativeJS: This method is deprecated (as well as all React Native Firebase namespaced API) and will be removed in the next major release as part of move to match Firebase Web modular SDK API. Please see migration guide for more details: https://rnfirebase.io/migrating-to-v22. Method called was `FieldValue`. Please use `FieldValue` instead.
06-15 17:51:35.491 15137  9836 W ReactNativeJS: This method is deprecated (as well as all React Native Firebase namespaced API) and will be removed in the next major release as part of move to match Firebase Web modular SDK API. Please see migration guide for more details: https://rnfirebase.io/migrating-to-v22. Method called was `serverTimestamp`. Please use `serverTimestamp()` instead.
06-15 17:51:37.691 15137  9836 W ReactNativeJS: This method is deprecated (as well as all React Native Firebase namespaced API) and will be removed in the next major release as part of move to match Firebase Web modular SDK API. Please see migration guide for more details: https://rnfirebase.io/migrating-to-v22. Method called was `FieldValue`. Please use `FieldValue` instead.
06-15 17:51:37.692 15137  9836 W ReactNativeJS: This method is deprecated (as well as all React Native Firebase namespaced API) and will be removed in the next major release as part of move to match Firebase Web modular SDK API. Please see migration guide for more details: https://rnfirebase.io/migrating-to-v22. Method called was `delete`. Please use `deleteField()` instead.
06-15 17:51:37.692 15137  9836 W ReactNativeJS: This method is deprecated (as well as all React Native Firebase namespaced API) and will be removed in the next major release as part of move to match Firebase Web modular SDK API. Please see migration guide for more details: https://rnfirebase.io/migrating-to-v22. Method called was `FieldValue`. Please use `FieldValue` instead.
06-15 17:51:37.692 15137  9836 W ReactNativeJS: This method is deprecated (as well as all React Native Firebase namespaced API) and will be removed in the next major release as part of move to match Firebase Web modular SDK API. Please see migration guide for more details: https://rnfirebase.io/migrating-to-v22. Method called was `serverTimestamp`. Please use `serverTimestamp()` instead.
06-15 17:51:43.551 15137  9836 W ReactNativeJS: 'This method is deprecated (as well as all React Native Firebase namespaced API) and will be removed in the next major release as part of move to match Firebase Web modular SDK API. Please see migration guide for more details: https://rnfirebase.io/migrating-to-v22 Please use `getApp()` instead.', { [Component Stack] name: 'Component Stack' }
06-15 17:51:43.564 15137  9836 W ReactNativeJS: 'This method is deprecated (as well as all React Native Firebase namespaced API) and will be removed in the next major release as part of move to match Firebase Web modular SDK API. Please see migration guide for more details: https://rnfirebase.io/migrating-to-v22 Please use `getApp()` instead.', { [Component Stack] name: 'Component Stack' }
06-15 17:51:43.582 15137  9836 W ReactNativeJS: 'This method is deprecated (as well as all React Native Firebase namespaced API) and will be removed in the next major release as part of move to match Firebase Web modular SDK API. Please see migration guide for more details: https://rnfirebase.io/migrating-to-v22. Method called was `logEvent`. Please use `logEvent()` instead.', { [Component Stack] name: 'Component Stack' }
06-15 17:51:43.943 15137  9836 W ReactNativeJS: This method is deprecated (as well as all React Native Firebase namespaced API) and will be removed in the next major release as part of move to match Firebase Web modular SDK API. Please see migration guide for more details: https://rnfirebase.io/migrating-to-v22. Method called was `FieldValue`. Please use `FieldValue` instead.
06-15 17:51:43.944 15137  9836 W ReactNativeJS: This method is deprecated (as well as all React Native Firebase namespaced API) and will be removed in the next major release as part of move to match Firebase Web modular SDK API. Please see migration guide for more details: https://rnfirebase.io/migrating-to-v22. Method called was `delete`. Please use `deleteField()` instead.
06-15 17:51:43.944 15137  9836 W ReactNativeJS: This method is deprecated (as well as all React Native Firebase namespaced API) and will be removed in the next major release as part of move to match Firebase Web modular SDK API. Please see migration guide for more details: https://rnfirebase.io/migrating-to-v22. Method called was `FieldValue`. Please use `FieldValue` instead.
06-15 17:51:43.944 15137  9836 W ReactNativeJS: This method is deprecated (as well as all React Native Firebase namespaced API) and will be removed in the next major release as part of move to match Firebase Web modular SDK API. Please see migration guide for more details: https://rnfirebase.io/migrating-to-v22. Method called was `serverTimestamp`. Please use `serverTimestamp()` instead.
06-15 17:51:53.624  1909  3698 I ActivityManager: Changes in 99097 3 to 10, 184 to 0
06-15 17:52:36.249 15137  9836 W ReactNativeJS: 'This method is deprecated (as well as all React Native Firebase namespaced API) and will be removed in the next major release as part of move to match Firebase Web modular SDK API. Please see migration guide for more details: https://rnfirebase.io/migrating-to-v22 Please use `getApp()` instead.', { [Component Stack] name: 'Component Stack' }
06-15 17:52:36.260 15137  9836 W ReactNativeJS: 'This method is deprecated (as well as all React Native Firebase namespaced API) and will be removed in the next major release as part of move to match Firebase Web modular SDK API. Please see migration guide for more details: https://rnfirebase.io/migrating-to-v22 Please use `getApp()` instead.', { [Component Stack] name: 'Component Stack' }
06-15 17:52:36.274 15137  9836 W ReactNativeJS: 'This method is deprecated (as well as all React Native Firebase namespaced API) and will be removed in the next major release as part of move to match Firebase Web modular SDK API. Please see migration guide for more details: https://rnfirebase.io/migrating-to-v22. Method called was `logEvent`. Please use `logEvent()` instead.', { [Component Stack] name: 'Component Stack' }
06-15 17:52:36.289  1909  2224 I ActivityManager: Changes in 99097 19 to 3, 0 to 184
06-15 17:52:36.593 15137  9836 W ReactNativeJS: This method is deprecated (as well as all React Native Firebase namespaced API) and will be removed in the next major release as part of move to match Firebase Web modular SDK API. Please see migration guide for more details: https://rnfirebase.io/migrating-to-v22. Method called was `FieldValue`. Please use `FieldValue` instead.
06-15 17:52:36.593 15137  9836 W ReactNativeJS: This method is deprecated (as well as all React Native Firebase namespaced API) and will be removed in the next major release as part of move to match Firebase Web modular SDK API. Please see migration guide for more details: https://rnfirebase.io/migrating-to-v22. Method called was `delete`. Please use `deleteField()` instead.
06-15 17:52:36.594 15137  9836 W ReactNativeJS: This method is deprecated (as well as all React Native Firebase namespaced API) and will be removed in the next major release as part of move to match Firebase Web modular SDK API. Please see migration guide for more details: https://rnfirebase.io/migrating-to-v22. Method called was `FieldValue`. Please use `FieldValue` instead.
06-15 17:52:36.594 15137  9836 W ReactNativeJS: This method is deprecated (as well as all React Native Firebase namespaced API) and will be removed in the next major release as part of move to match Firebase Web modular SDK API. Please see migration guide for more details: https://rnfirebase.io/migrating-to-v22. Method called was `serverTimestamp`. Please use `serverTimestamp()` instead.
06-15 17:52:38.462 15137  9836 W ReactNativeJS: 'This method is deprecated (as well as all React Native Firebase namespaced API) and will be removed in the next major release as part of move to match Firebase Web modular SDK API. Please see migration guide for more details: https://rnfirebase.io/migrating-to-v22 Please use `getApp()` instead.', { [Component Stack] name: 'Component Stack' }
06-15 17:52:38.477 15137  9836 W ReactNativeJS: 'This method is deprecated (as well as all React Native Firebase namespaced API) and will be removed in the next major release as part of move to match Firebase Web modular SDK API. Please see migration guide for more details: https://rnfirebase.io/migrating-to-v22 Please use `getApp()` instead.', { [Component Stack] name: 'Component Stack' }
06-15 17:52:38.487 15137  9836 W ReactNativeJS: 'This method is deprecated (as well as all React Native Firebase namespaced API) and will be removed in the next major release as part of move to match Firebase Web modular SDK API. Please see migration guide for more details: https://rnfirebase.io/migrating-to-v22. Method called was `logEvent`. Please use `logEvent()` instead.', { [Component Stack] name: 'Component Stack' }
06-15 17:52:38.796 15137  9836 W ReactNativeJS: This method is deprecated (as well as all React Native Firebase namespaced API) and will be removed in the next major release as part of move to match Firebase Web modular SDK API. Please see migration guide for more details: https://rnfirebase.io/migrating-to-v22. Method called was `FieldValue`. Please use `FieldValue` instead.
06-15 17:52:38.796 15137  9836 W ReactNativeJS: This method is deprecated (as well as all React Native Firebase namespaced API) and will be removed in the next major release as part of move to match Firebase Web modular SDK API. Please see migration guide for more details: https://rnfirebase.io/migrating-to-v22. Method called was `delete`. Please use `deleteField()` instead.
06-15 17:52:38.796 15137  9836 W ReactNativeJS: This method is deprecated (as well as all React Native Firebase namespaced API) and will be removed in the next major release as part of move to match Firebase Web modular SDK API. Please see migration guide for more details: https://rnfirebase.io/migrating-to-v22. Method called was `FieldValue`. Please use `FieldValue` instead.
06-15 17:52:38.797 15137  9836 W ReactNativeJS: This method is deprecated (as well as all React Native Firebase namespaced API) and will be removed in the next major release as part of move to match Firebase Web modular SDK API. Please see migration guide for more details: https://rnfirebase.io/migrating-to-v22. Method called was `serverTimestamp`. Please use `serverTimestamp()` instead.
06-15 17:52:39.128 15137  9836 W ReactNativeJS: 'This method is deprecated (as well as all React Native Firebase namespaced API) and will be removed in the next major release as part of move to match Firebase Web modular SDK API. Please see migration guide for more details: https://rnfirebase.io/migrating-to-v22 Please use `getApp()` instead.', { [Component Stack] name: 'Component Stack' }
06-15 17:52:39.138 15137  9836 W ReactNativeJS: 'This method is deprecated (as well as all React Native Firebase namespaced API) and will be removed in the next major release as part of move to match Firebase Web modular SDK API. Please see migration guide for more details: https://rnfirebase.io/migrating-to-v22 Please use `getApp()` instead.', { [Component Stack] name: 'Component Stack' }
06-15 17:52:39.151 15137  9836 W ReactNativeJS: 'This method is deprecated (as well as all React Native Firebase namespaced API) and will be removed in the next major release as part of move to match Firebase Web modular SDK API. Please see migration guide for more details: https://rnfirebase.io/migrating-to-v22. Method called was `logEvent`. Please use `logEvent()` instead.', { [Component Stack] name: 'Component Stack' }
06-15 17:52:39.438 15137  9836 W ReactNativeJS: This method is deprecated (as well as all React Native Firebase namespaced API) and will be removed in the next major release as part of move to match Firebase Web modular SDK API. Please see migration guide for more details: https://rnfirebase.io/migrating-to-v22. Method called was `FieldValue`. Please use `FieldValue` instead.
06-15 17:52:39.438 15137  9836 W ReactNativeJS: This method is deprecated (as well as all React Native Firebase namespaced API) and will be removed in the next major release as part of move to match Firebase Web modular SDK API. Please see migration guide for more details: https://rnfirebase.io/migrating-to-v22. Method called was `delete`. Please use `deleteField()` instead.
06-15 17:52:39.438 15137  9836 W ReactNativeJS: This method is deprecated (as well as all React Native Firebase namespaced API) and will be removed in the next major release as part of move to match Firebase Web modular SDK API. Please see migration guide for more details: https://rnfirebase.io/migrating-to-v22. Method called was `FieldValue`. Please use `FieldValue` instead.
06-15 17:52:39.439 15137  9836 W ReactNativeJS: This method is deprecated (as well as all React Native Firebase namespaced API) and will be removed in the next major release as part of move to match Firebase Web modular SDK API. Please see migration guide for more details: https://rnfirebase.io/migrating-to-v22. Method called was `serverTimestamp`. Please use `serverTimestamp()` instead.
06-15 17:52:40.223 15137  9836 W ReactNativeJS: 'This method is deprecated (as well as all React Native Firebase namespaced API) and will be removed in the next major release as part of move to match Firebase Web modular SDK API. Please see migration guide for more details: https://rnfirebase.io/migrating-to-v22 Please use `getApp()` instead.', { [Component Stack] name: 'Component Stack' }
06-15 17:52:40.238 15137  9836 W ReactNativeJS: 'This method is deprecated (as well as all React Native Firebase namespaced API) and will be removed in the next major release as part of move to match Firebase Web modular SDK API. Please see migration guide for more details: https://rnfirebase.io/migrating-to-v22 Please use `getApp()` instead.', { [Component Stack] name: 'Component Stack' }
06-15 17:52:40.248 15137  9836 W ReactNativeJS: 'This method is deprecated (as well as all React Native Firebase namespaced API) and will be removed in the next major release as part of move to match Firebase Web modular SDK API. Please see migration guide for more details: https://rnfirebase.io/migrating-to-v22. Method called was `logEvent`. Please use `logEvent()` instead.', { [Component Stack] name: 'Component Stack' }
06-15 17:52:40.548 15137  9836 W ReactNativeJS: This method is deprecated (as well as all React Native Firebase namespaced API) and will be removed in the next major release as part of move to match Firebase Web modular SDK API. Please see migration guide for more details: https://rnfirebase.io/migrating-to-v22. Method called was `FieldValue`. Please use `FieldValue` instead.
06-15 17:52:40.548 15137  9836 W ReactNativeJS: This method is deprecated (as well as all React Native Firebase namespaced API) and will be removed in the next major release as part of move to match Firebase Web modular SDK API. Please see migration guide for more details: https://rnfirebase.io/migrating-to-v22. Method called was `delete`. Please use `deleteField()` instead.
06-15 17:52:40.548 15137  9836 W ReactNativeJS: This method is deprecated (as well as all React Native Firebase namespaced API) and will be removed in the next major release as part of move to match Firebase Web modular SDK API. Please see migration guide for more details: https://rnfirebase.io/migrating-to-v22. Method called was `FieldValue`. Please use `FieldValue` instead.
06-15 17:52:40.549 15137  9836 W ReactNativeJS: This method is deprecated (as well as all React Native Firebase namespaced API) and will be removed in the next major release as part of move to match Firebase Web modular SDK API. Please see migration guide for more details: https://rnfirebase.io/migrating-to-v22. Method called was `serverTimestamp`. Please use `serverTimestamp()` instead.
06-15 17:52:47.187  1909  1973 I ActivityManager: Start proc 9925:com.samsung.android.app.reminder/u0a224 for content provider {com.samsung.android.app.reminder/com.samsung.android.app.reminder.data.provider.ReminderProvider}
06-15 17:52:47.188  1909  1973 I ActivityManager: ProcessObserver broadcast disabled
06-15 17:52:47.207  1909  1973 I ActivityManager: Start proc 9926:com.sec.android.gallery3d/u0a124 for content provider {com.sec.android.gallery3d/com.samsung.android.gallery.app.provider.LocalProvider2}
06-15 17:52:47.211  1909  1973 I ActivityManager: ProcessObserver broadcast disabled
06-15 17:52:47.261  1909  2776 W ActivityManager: pid 4553 com.samsung.android.scs sent binder code 1 with flags 2 to frozen apps and got error -2147483646
06-15 17:52:47.262  1909  4227 I ActivityManager: Process com.samsung.cmh (pid 5038) early provider death
06-15 17:52:47.266  1909  4227 I ActivityManager: Process com.samsung.cmh (pid 5038) has died: cch+5 CEM (227,1435)
06-15 17:52:47.277  1909  1933 W ActivityManager: ProcessRecord{c9f6b46 0:com.samsung.cmh/5004} is attached to a previous process 5038
06-15 17:52:47.322  1909  1973 I ActivityManager: Start proc 9950:com.samsung.cmh/5004 for content provider {com.samsung.cmh/com.samsung.cmh.provider.CMHProvider}
06-15 17:52:47.322  1909  1973 I ActivityManager: ProcessObserver broadcast disabled
06-15 17:52:47.728  1909  1973 I ActivityManager: Start proc 10036:com.samsung.faceservice/5004 for content provider {com.samsung.faceservice/com.samsung.faceservice.provider.FaceServiceProvider}
06-15 17:52:47.728  1909  1973 I ActivityManager: ProcessObserver broadcast disabled
06-15 17:52:47.866  1909  4226 W ActivityManager: Receiver with filter android.content.IntentFilter@ae19b06 already registered for pid 10036, callerPackage is com.samsung.faceservice
06-15 17:52:47.866  1909  4227 W ActivityManager: Receiver with filter android.content.IntentFilter@77247f4 already registered for pid 10036, callerPackage is com.samsung.faceservice
06-15 17:52:47.878  1909  1933 I ActivityManager: Killing 5792:com.samsung.android.stickercenter/1000 (adj 905): empty #25
06-15 17:52:50.311  1909  1933 I ActivityManager: Changes in 99097 3 to 10, 184 to 0
06-15 17:52:50.318  1909  3698 I ActivityManager: Killing 2208:com.sec.android.provider.badge/u0a55 (adj 905): empty #25
06-15 17:52:50.319  1909  3698 I ActivityManager: Killing 5812:com.samsung.android.scs:text/u0a116 (adj 905): empty #26
06-15 17:52:56.674 15137  9836 W ReactNativeJS: 'This method is deprecated (as well as all React Native Firebase namespaced API) and will be removed in the next major release as part of move to match Firebase Web modular SDK API. Please see migration guide for more details: https://rnfirebase.io/migrating-to-v22 Please use `getApp()` instead.', { [Component Stack] name: 'Component Stack' }
06-15 17:52:56.689 15137  9836 W ReactNativeJS: 'This method is deprecated (as well as all React Native Firebase namespaced API) and will be removed in the next major release as part of move to match Firebase Web modular SDK API. Please see migration guide for more details: https://rnfirebase.io/migrating-to-v22 Please use `getApp()` instead.', { [Component Stack] name: 'Component Stack' }
06-15 17:52:56.699 15137  9836 W ReactNativeJS: 'This method is deprecated (as well as all React Native Firebase namespaced API) and will be removed in the next major release as part of move to match Firebase Web modular SDK API. Please see migration guide for more details: https://rnfirebase.io/migrating-to-v22. Method called was `logEvent`. Please use `logEvent()` instead.', { [Component Stack] name: 'Component Stack' }
06-15 17:52:56.729  1909  3698 I ActivityManager: Changes in 99097 19 to 3, 0 to 184
06-15 17:52:57.014 15137  9836 W ReactNativeJS: This method is deprecated (as well as all React Native Firebase namespaced API) and will be removed in the next major release as part of move to match Firebase Web modular SDK API. Please see migration guide for more details: https://rnfirebase.io/migrating-to-v22. Method called was `FieldValue`. Please use `FieldValue` instead.
06-15 17:52:57.014 15137  9836 W ReactNativeJS: This method is deprecated (as well as all React Native Firebase namespaced API) and will be removed in the next major release as part of move to match Firebase Web modular SDK API. Please see migration guide for more details: https://rnfirebase.io/migrating-to-v22. Method called was `delete`. Please use `deleteField()` instead.
06-15 17:52:57.014 15137  9836 W ReactNativeJS: This method is deprecated (as well as all React Native Firebase namespaced API) and will be removed in the next major release as part of move to match Firebase Web modular SDK API. Please see migration guide for more details: https://rnfirebase.io/migrating-to-v22. Method called was `FieldValue`. Please use `FieldValue` instead.
06-15 17:52:57.014 15137  9836 W ReactNativeJS: This method is deprecated (as well as all React Native Firebase namespaced API) and will be removed in the next major release as part of move to match Firebase Web modular SDK API. Please see migration guide for more details: https://rnfirebase.io/migrating-to-v22. Method called was `serverTimestamp`. Please use `serverTimestamp()` instead.
06-15 17:53:05.461 15137  6645 E ReactNativeJS: { [Error: undefined Unable to resolve module ../../planet/PlanetHubActionGaugeSlot from D:\arcfire20260607\src\ui\overlay\content\PlanetDevelopmentOverlayContent.tsx: 
06-15 17:53:05.461 15137  6645 E ReactNativeJS: 
06-15 17:53:05.461 15137  6645 E ReactNativeJS: None of these files exist:
06-15 17:53:05.461 15137  6645 E ReactNativeJS:   * src\ui\planet\PlanetHubActionGaugeSlot(.android.ts|.native.ts|.ts|.android.tsx|.native.tsx|.tsx|.android.mjs|.native.mjs|.mjs|.android.js|.native.js|.js|.android.jsx|.native.jsx|.jsx|.android.json|.native.json|.json|.android.cjs|.native.cjs|.cjs|.android.scss|.native.scss|.scss|.android.sass|.native.sass|.sass|.android.css|.native.css|.css)
06-15 17:53:05.461 15137  6645 E ReactNativeJS:   * src\ui\planet\PlanetHubActionGaugeSlot
06-15 17:53:05.461 15137  6645 E ReactNativeJS: [0m [90m  9 |[39m [36mimport[39m { showArcAlert } [36mfrom[39m [32m'../../../utils/showArcAlert'[39m[33m;[39m
06-15 17:53:05.461 15137  6645 E ReactNativeJS:  [90m 10 |[39m [36mimport[39m { [33mFONTS[39m[33m,[39m [33mOVERLAY_TOKENS[39m[33m,[39m [33mSPACING[39m } [36mfrom[39m [32m'../../../utils/theme'[39m[33m;[39m
06-15 17:53:05.461 15137  6645 E ReactNativeJS: [31m[1m>[22m[39m[90m 11 |[39m [36mimport[39m { [33mPlanetHubDigitalGauge[39m } [36mfrom[39m [32m'../../planet/PlanetHubActionGaugeSlot'[39m[33m;[39m
06-15 17:53:05.461 15137  6645 E ReactNativeJS:  [90m    |[39m                                        [31m[1m^[22m[39m
06-15 17:53:05.461 15137  6645 E ReactNativeJS:  [90m 12 |[39m [36mimport[39m {
06-15 17:53:05.461 15137  6645 E ReactNativeJS:  [90m 13 |[39m   buildDefenseSatelliteDevSnapshot[33m,[39m
06-15 17:53:05.461 15137  6645 E ReactNativeJS:  [90m 14 |[39m   formatDefenseSatelliteDurationLabel[33m,[39m[0m] preventSymbolication: true }
06-15 17:53:05.468 15137  6645 E ReactNativeJS: { [Error: undefined Unable to resolve module ../../planet/PlanetHubActionGaugeSlot from D:\arcfire20260607\src\ui\overlay\content\PlanetDevelopmentOverlayContent.tsx: 
06-15 17:53:05.468 15137  6645 E ReactNativeJS: 
06-15 17:53:05.468 15137  6645 E ReactNativeJS: None of these files exist:
06-15 17:53:05.468 15137  6645 E ReactNativeJS:   * src\ui\planet\PlanetHubActionGaugeSlot(.android.ts|.native.ts|.ts|.android.tsx|.native.tsx|.tsx|.android.mjs|.native.mjs|.mjs|.android.js|.native.js|.js|.android.jsx|.native.jsx|.jsx|.android.json|.native.json|.json|.android.cjs|.native.cjs|.cjs|.android.scss|.native.scss|.scss|.android.sass|.native.sass|.sass|.android.css|.native.css|.css)
06-15 17:53:05.468 15137  6645 E ReactNativeJS:   * src\ui\planet\PlanetHubActionGaugeSlot
06-15 17:53:05.468 15137  6645 E ReactNativeJS: [0m [90m  9 |[39m [36mimport[39m { showArcAlert } [36mfrom[39m [32m'../../../utils/showArcAlert'[39m[33m;[39m
06-15 17:53:05.468 15137  6645 E ReactNativeJS:  [90m 10 |[39m [36mimport[39m { [33mFONTS[39m[33m,[39m [33mOVERLAY_TOKENS[39m[33m,[39m [33mSPACING[39m } [36mfrom[39m [32m'../../../utils/theme'[39m[33m;[39m
06-15 17:53:05.468 15137  6645 E ReactNativeJS: [31m[1m>[22m[39m[90m 11 |[39m [36mimport[39m { [33mPlanetHubDigitalGauge[39m } [36mfrom[39m [32m'../../planet/PlanetHubActionGaugeSlot'[39m[33m;[39m
06-15 17:53:05.468 15137  6645 E ReactNativeJS:  [90m    |[39m                                        [31m[1m^[22m[39m
06-15 17:53:05.468 15137  6645 E ReactNativeJS:  [90m 12 |[39m [36mimport[39m {
06-15 17:53:05.468 15137  6645 E ReactNativeJS:  [90m 13 |[39m   buildDefenseSatelliteDevSnapshot[33m,[39m
06-15 17:53:05.468 15137  6645 E ReactNativeJS:  [90m 14 |[39m   formatDefenseSatelliteDurationLabel[33m,[39m[0m] preventSymbolication: true }
06-15 17:53:05.490 15137  9836 E ReactNativeJS: { [Error: undefined Unable to resolve module ../../planet/PlanetHubActionGaugeSlot from D:\arcfire20260607\src\ui\overlay\content\PlanetDevelopmentOverlayContent.tsx: 
06-15 17:53:05.490 15137  9836 E ReactNativeJS: 
06-15 17:53:05.490 15137  9836 E ReactNativeJS: None of these files exist:
06-15 17:53:05.490 15137  9836 E ReactNativeJS:   * src\ui\planet\PlanetHubActionGaugeSlot(.android.ts|.native.ts|.ts|.android.tsx|.native.tsx|.tsx|.android.mjs|.native.mjs|.mjs|.android.js|.native.js|.js|.android.jsx|.native.jsx|.jsx|.android.json|.native.json|.json|.android.cjs|.native.cjs|.cjs|.android.scss|.native.scss|.scss|.android.sass|.native.sass|.sass|.android.css|.native.css|.css)
06-15 17:53:05.490 15137  9836 E ReactNativeJS:   * src\ui\planet\PlanetHubActionGaugeSlot
06-15 17:53:05.490 15137  9836 E ReactNativeJS: [0m [90m  9 |[39m [36mimport[39m { showArcAlert } [36mfrom[39m [32m'../../../utils/showArcAlert'[39m[33m;[39m
06-15 17:53:05.490 15137  9836 E ReactNativeJS:  [90m 10 |[39m [36mimport[39m { [33mFONTS[39m[33m,[39m [33mOVERLAY_TOKENS[39m[33m,[39m [33mSPACING[39m } [36mfrom[39m [32m'../../../utils/theme'[39m[33m;[39m
06-15 17:53:05.490 15137  9836 E ReactNativeJS: [31m[1m>[22m[39m[90m 11 |[39m [36mimport[39m { [33mPlanetHubDigitalGauge[39m } [36mfrom[39m [32m'../../planet/PlanetHubActionGaugeSlot'[39m[33m;[39m
06-15 17:53:05.490 15137  9836 E ReactNativeJS:  [90m    |[39m                                        [31m[1m^[22m[39m
06-15 17:53:05.490 15137  9836 E ReactNativeJS:  [90m 12 |[39m [36mimport[39m {
06-15 17:53:05.490 15137  9836 E ReactNativeJS:  [90m 13 |[39m   buildDefenseSatelliteDevSnapshot[33m,[39m
06-15 17:53:05.490 15137  9836 E ReactNativeJS:  [90m 14 |[39m   formatDefenseSatelliteDurationLabel[33m,[39m[0m] preventSymbolication: true }
06-15 17:53:05.502 15137  9836 E ReactNativeJS: { [Error: undefined Unable to resolve module ../../planet/PlanetHubActionGaugeSlot from D:\arcfire20260607\src\ui\overlay\content\PlanetDevelopmentOverlayContent.tsx: 
06-15 17:53:05.502 15137  9836 E ReactNativeJS: 
06-15 17:53:05.502 15137  9836 E ReactNativeJS: None of these files exist:
06-15 17:53:05.502 15137  9836 E ReactNativeJS:   * src\ui\planet\PlanetHubActionGaugeSlot(.android.ts|.native.ts|.ts|.android.tsx|.native.tsx|.tsx|.android.mjs|.native.mjs|.mjs|.android.js|.native.js|.js|.android.jsx|.native.jsx|.jsx|.android.json|.native.json|.json|.android.cjs|.native.cjs|.cjs|.android.scss|.native.scss|.scss|.android.sass|.native.sass|.sass|.android.css|.native.css|.css)
06-15 17:53:05.502 15137  9836 E ReactNativeJS:   * src\ui\planet\PlanetHubActionGaugeSlot
06-15 17:53:05.502 15137  9836 E ReactNativeJS: [0m [90m  9 |[39m [36mimport[39m { showArcAlert } [36mfrom[39m [32m'../../../utils/showArcAlert'[39m[33m;[39m
06-15 17:53:05.502 15137  9836 E ReactNativeJS:  [90m 10 |[39m [36mimport[39m { [33mFONTS[39m[33m,[39m [33mOVERLAY_TOKENS[39m[33m,[39m [33mSPACING[39m } [36mfrom[39m [32m'../../../utils/theme'[39m[33m;[39m
06-15 17:53:05.502 15137  9836 E ReactNativeJS: [31m[1m>[22m[39m[90m 11 |[39m [36mimport[39m { [33mPlanetHubDigitalGauge[39m } [36mfrom[39m [32m'../../planet/PlanetHubActionGaugeSlot'[39m[33m;[39m
06-15 17:53:05.502 15137  9836 E ReactNativeJS:  [90m    |[39m                                        [31m[1m^[22m[39m
06-15 17:53:05.502 15137  9836 E ReactNativeJS:  [90m 12 |[39m [36mimport[39m {
06-15 17:53:05.502 15137  9836 E ReactNativeJS:  [90m 13 |[39m   buildDefenseSatelliteDevSnapshot[33m,[39m
06-15 17:53:05.502 15137  9836 E ReactNativeJS:  [90m 14 |[39m   formatDefenseSatelliteDurationLabel[33m,[39m[0m] preventSymbolication: true }
06-15 17:53:06.789  1909  2776 I ActivityManager: Changes in 99097 3 to 10, 184 to 0
06-15 17:53:06.858 15137  6645 E ReactNativeJS: { [Error: undefined Unable to resolve module ../../planet/PlanetHubActionGaugeSlot from D:\arcfire20260607\src\ui\overlay\content\PlanetDevelopmentOverlayContent.tsx: 
06-15 17:53:06.858 15137  6645 E ReactNativeJS: 
06-15 17:53:06.858 15137  6645 E ReactNativeJS: None of these files exist:
06-15 17:53:06.858 15137  6645 E ReactNativeJS:   * src\ui\planet\PlanetHubActionGaugeSlot(.android.ts|.native.ts|.ts|.android.tsx|.native.tsx|.tsx|.android.mjs|.native.mjs|.mjs|.android.js|.native.js|.js|.android.jsx|.native.jsx|.jsx|.android.json|.native.json|.json|.android.cjs|.native.cjs|.cjs|.android.scss|.native.scss|.scss|.android.sass|.native.sass|.sass|.android.css|.native.css|.css)
06-15 17:53:06.858 15137  6645 E ReactNativeJS:   * src\ui\planet\PlanetHubActionGaugeSlot
06-15 17:53:06.858 15137  6645 E ReactNativeJS: [0m [90m  9 |[39m [36mimport[39m { showArcAlert } [36mfrom[39m [32m'../../../utils/showArcAlert'[39m[33m;[39m
06-15 17:53:06.858 15137  6645 E ReactNativeJS:  [90m 10 |[39m [36mimport[39m { [33mFONTS[39m[33m,[39m [33mOVERLAY_TOKENS[39m[33m,[39m [33mSPACING[39m } [36mfrom[39m [32m'../../../utils/theme'[39m[33m;[39m
06-15 17:53:06.858 15137  6645 E ReactNativeJS: [31m[1m>[22m[39m[90m 11 |[39m [36mimport[39m { [33mPlanetHubDigitalGauge[39m } [36mfrom[39m [32m'../../planet/PlanetHubActionGaugeSlot'[39m[33m;[39m
06-15 17:53:06.858 15137  6645 E ReactNativeJS:  [90m    |[39m                                        [31m[1m^[22m[39m
06-15 17:53:06.858 15137  6645 E ReactNativeJS:  [90m 12 |[39m [36mimport[39m {
06-15 17:53:06.858 15137  6645 E ReactNativeJS:  [90m 13 |[39m   buildDefenseSatelliteDevSnapshot[33m,[39m
06-15 17:53:06.858 15137  6645 E ReactNativeJS:  [90m 14 |[39m   formatDefenseSatelliteDurationLabel[33m,[39m[0m] preventSymbolication: true }
06-15 17:53:06.875 15137  9836 E ReactNativeJS: { [Error: undefined Unable to resolve module ../../planet/PlanetHubActionGaugeSlot from D:\arcfire20260607\src\ui\overlay\content\PlanetDevelopmentOverlayContent.tsx: 
06-15 17:53:06.875 15137  9836 E ReactNativeJS: 
06-15 17:53:06.875 15137  9836 E ReactNativeJS: None of these files exist:
06-15 17:53:06.875 15137  9836 E ReactNativeJS:   * src\ui\planet\PlanetHubActionGaugeSlot(.android.ts|.native.ts|.ts|.android.tsx|.native.tsx|.tsx|.android.mjs|.native.mjs|.mjs|.android.js|.native.js|.js|.android.jsx|.native.jsx|.jsx|.android.json|.native.json|.json|.android.cjs|.native.cjs|.cjs|.android.scss|.native.scss|.scss|.android.sass|.native.sass|.sass|.android.css|.native.css|.css)
06-15 17:53:06.875 15137  9836 E ReactNativeJS:   * src\ui\planet\PlanetHubActionGaugeSlot
06-15 17:53:06.875 15137  9836 E ReactNativeJS: [0m [90m  9 |[39m [36mimport[39m { showArcAlert } [36mfrom[39m [32m'../../../utils/showArcAlert'[39m[33m;[39m
06-15 17:53:06.875 15137  9836 E ReactNativeJS:  [90m 10 |[39m [36mimport[39m { [33mFONTS[39m[33m,[39m [33mOVERLAY_TOKENS[39m[33m,[39m [33mSPACING[39m } [36mfrom[39m [32m'../../../utils/theme'[39m[33m;[39m
06-15 17:53:06.875 15137  9836 E ReactNativeJS: [31m[1m>[22m[39m[90m 11 |[39m [36mimport[39m { [33mPlanetHubDigitalGauge[39m } [36mfrom[39m [32m'../../planet/PlanetHubActionGaugeSlot'[39m[33m;[39m
06-15 17:53:06.875 15137  9836 E ReactNativeJS:  [90m    |[39m                                        [31m[1m^[22m[39m
06-15 17:53:06.875 15137  9836 E ReactNativeJS:  [90m 12 |[39m [36mimport[39m {
06-15 17:53:06.875 15137  9836 E ReactNativeJS:  [90m 13 |[39m   buildDefenseSatelliteDevSnapshot[33m,[39m
06-15 17:53:06.875 15137  9836 E ReactNativeJS:  [90m 14 |[39m   formatDefenseSatelliteDurationLabel[33m,[39m[0m] preventSymbolication: true }
06-15 17:53:08.183 15137  6645 E ReactNativeJS: { [Error: undefined Unable to resolve module ../../planet/PlanetHubActionGaugeSlot from D:\arcfire20260607\src\ui\overlay\content\PlanetDevelopmentOverlayContent.tsx: 
06-15 17:53:08.183 15137  6645 E ReactNativeJS: 
06-15 17:53:08.183 15137  6645 E ReactNativeJS: None of these files exist:
06-15 17:53:08.183 15137  6645 E ReactNativeJS:   * src\ui\planet\PlanetHubActionGaugeSlot(.android.ts|.native.ts|.ts|.android.tsx|.native.tsx|.tsx|.android.mjs|.native.mjs|.mjs|.android.js|.native.js|.js|.android.jsx|.native.jsx|.jsx|.android.json|.native.json|.json|.android.cjs|.native.cjs|.cjs|.android.scss|.native.scss|.scss|.android.sass|.native.sass|.sass|.android.css|.native.css|.css)
06-15 17:53:08.183 15137  6645 E ReactNativeJS:   * src\ui\planet\PlanetHubActionGaugeSlot
06-15 17:53:08.183 15137  6645 E ReactNativeJS: [0m [90m  9 |[39m [36mimport[39m { showArcAlert } [36mfrom[39m [32m'../../../utils/showArcAlert'[39m[33m;[39m
06-15 17:53:08.183 15137  6645 E ReactNativeJS:  [90m 10 |[39m [36mimport[39m { [33mFONTS[39m[33m,[39m [33mOVERLAY_TOKENS[39m[33m,[39m [33mSPACING[39m } [36mfrom[39m [32m'../../../utils/theme'[39m[33m;[39m
06-15 17:53:08.183 15137  6645 E ReactNativeJS: [31m[1m>[22m[39m[90m 11 |[39m [36mimport[39m { [33mPlanetHubDigitalGauge[39m } [36mfrom[39m [32m'../../planet/PlanetHubActionGaugeSlot'[39m[33m;[39m
06-15 17:53:08.183 15137  6645 E ReactNativeJS:  [90m    |[39m                                        [31m[1m^[22m[39m
06-15 17:53:08.183 15137  6645 E ReactNativeJS:  [90m 12 |[39m [36mimport[39m {
06-15 17:53:08.183 15137  6645 E ReactNativeJS:  [90m 13 |[39m   buildDefenseSatelliteDevSnapshot[33m,[39m
06-15 17:53:08.183 15137  6645 E ReactNativeJS:  [90m 14 |[39m   formatDefenseSatelliteDurationLabel[33m,[39m[0m] preventSymbolication: true }
06-15 17:53:08.201 15137  9836 E ReactNativeJS: { [Error: undefined Unable to resolve module ../../planet/PlanetHubActionGaugeSlot from D:\arcfire20260607\src\ui\overlay\content\PlanetDevelopmentOverlayContent.tsx: 
06-15 17:53:08.201 15137  9836 E ReactNativeJS: 
06-15 17:53:08.201 15137  9836 E ReactNativeJS: None of these files exist:
06-15 17:53:08.201 15137  9836 E ReactNativeJS:   * src\ui\planet\PlanetHubActionGaugeSlot(.android.ts|.native.ts|.ts|.android.tsx|.native.tsx|.tsx|.android.mjs|.native.mjs|.mjs|.android.js|.native.js|.js|.android.jsx|.native.jsx|.jsx|.android.json|.native.json|.json|.android.cjs|.native.cjs|.cjs|.android.scss|.native.scss|.scss|.android.sass|.native.sass|.sass|.android.css|.native.css|.css)
06-15 17:53:08.201 15137  9836 E ReactNativeJS:   * src\ui\planet\PlanetHubActionGaugeSlot
06-15 17:53:08.201 15137  9836 E ReactNativeJS: [0m [90m  9 |[39m [36mimport[39m { showArcAlert } [36mfrom[39m [32m'../../../utils/showArcAlert'[39m[33m;[39m
06-15 17:53:08.201 15137  9836 E ReactNativeJS:  [90m 10 |[39m [36mimport[39m { [33mFONTS[39m[33m,[39m [33mOVERLAY_TOKENS[39m[33m,[39m [33mSPACING[39m } [36mfrom[39m [32m'../../../utils/theme'[39m[33m;[39m
06-15 17:53:08.201 15137  9836 E ReactNativeJS: [31m[1m>[22m[39m[90m 11 |[39m [36mimport[39m { [33mPlanetHubDigitalGauge[39m } [36mfrom[39m [32m'../../planet/PlanetHubActionGaugeSlot'[39m[33m;[39m
06-15 17:53:08.201 15137  9836 E ReactNativeJS:  [90m    |[39m                                        [31m[1m^[22m[39m
06-15 17:53:08.201 15137  9836 E ReactNativeJS:  [90m 12 |[39m [36mimport[39m {
06-15 17:53:08.201 15137  9836 E ReactNativeJS:  [90m 13 |[39m   buildDefenseSatelliteDevSnapshot[33m,[39m
06-15 17:53:08.201 15137  9836 E ReactNativeJS:  [90m 14 |[39m   formatDefenseSatelliteDurationLabel[33m,[39m[0m] preventSymbolication: true }
06-15 17:53:37.063 15137  6645 E ReactNativeJS: { [Error: undefined Unable to resolve module ../../planet/PlanetHubActionGaugeSlot from D:\arcfire20260607\src\ui\overlay\content\PlanetDevelopmentOverlayContent.tsx: 
06-15 17:53:37.063 15137  6645 E ReactNativeJS: 
06-15 17:53:37.063 15137  6645 E ReactNativeJS: None of these files exist:
06-15 17:53:37.063 15137  6645 E ReactNativeJS:   * src\ui\planet\PlanetHubActionGaugeSlot(.android.ts|.native.ts|.ts|.android.tsx|.native.tsx|.tsx|.android.mjs|.native.mjs|.mjs|.android.js|.native.js|.js|.android.jsx|.native.jsx|.jsx|.android.json|.native.json|.json|.android.cjs|.native.cjs|.cjs|.android.scss|.native.scss|.scss|.android.sass|.native.sass|.sass|.android.css|.native.css|.css)
06-15 17:53:37.063 15137  6645 E ReactNativeJS:   * src\ui\planet\PlanetHubActionGaugeSlot
06-15 17:53:37.063 15137  6645 E ReactNativeJS: [0m [90m  9 |[39m [36mimport[39m { showArcAlert } [36mfrom[39m [32m'../../../utils/showArcAlert'[39m[33m;[39m
06-15 17:53:37.063 15137  6645 E ReactNativeJS:  [90m 10 |[39m [36mimport[39m { [33mFONTS[39m[33m,[39m [33mOVERLAY_TOKENS[39m[33m,[39m [33mSPACING[39m } [36mfrom[39m [32m'../../../utils/theme'[39m[33m;[39m
06-15 17:53:37.063 15137  6645 E ReactNativeJS: [31m[1m>[22m[39m[90m 11 |[39m [36mimport[39m { [33mPlanetHubDigitalGauge[39m } [36mfrom[39m [32m'../../planet/PlanetHubActionGaugeSlot'[39m[33m;[39m
06-15 17:53:37.063 15137  6645 E ReactNativeJS:  [90m    |[39m                                        [31m[1m^[22m[39m
06-15 17:53:37.063 15137  6645 E ReactNativeJS:  [90m 12 |[39m [36mimport[39m {
06-15 17:53:37.063 15137  6645 E ReactNativeJS:  [90m 13 |[39m   buildDefenseSatelliteDevSnapshot[33m,[39m
06-15 17:53:37.063 15137  6645 E ReactNativeJS:  [90m 14 |[39m   formatDefenseSatelliteDurationLabel[33m,[39m[0m] preventSymbolication: true }
06-15 17:53:37.091 15137  9836 E ReactNativeJS: { [Error: undefined Unable to resolve module ../../planet/PlanetHubActionGaugeSlot from D:\arcfire20260607\src\ui\overlay\content\PlanetDevelopmentOverlayContent.tsx: 
06-15 17:53:37.091 15137  9836 E ReactNativeJS: 
06-15 17:53:37.091 15137  9836 E ReactNativeJS: None of these files exist:
06-15 17:53:37.091 15137  9836 E ReactNativeJS:   * src\ui\planet\PlanetHubActionGaugeSlot(.android.ts|.native.ts|.ts|.android.tsx|.native.tsx|.tsx|.android.mjs|.native.mjs|.mjs|.android.js|.native.js|.js|.android.jsx|.native.jsx|.jsx|.android.json|.native.json|.json|.android.cjs|.native.cjs|.cjs|.android.scss|.native.scss|.scss|.android.sass|.native.sass|.sass|.android.css|.native.css|.css)
06-15 17:53:37.091 15137  9836 E ReactNativeJS:   * src\ui\planet\PlanetHubActionGaugeSlot
06-15 17:53:37.091 15137  9836 E ReactNativeJS: [0m [90m  9 |[39m [36mimport[39m { showArcAlert } [36mfrom[39m [32m'../../../utils/showArcAlert'[39m[33m;[39m
06-15 17:53:37.091 15137  9836 E ReactNativeJS:  [90m 10 |[39m [36mimport[39m { [33mFONTS[39m[33m,[39m [33mOVERLAY_TOKENS[39m[33m,[39m [33mSPACING[39m } [36mfrom[39m [32m'../../../utils/theme'[39m[33m;[39m
06-15 17:53:37.091 15137  9836 E ReactNativeJS: [31m[1m>[22m[39m[90m 11 |[39m [36mimport[39m { [33mPlanetHubDigitalGauge[39m } [36mfrom[39m [32m'../../planet/PlanetHubActionGaugeSlot'[39m[33m;[39m
06-15 17:53:37.091 15137  9836 E ReactNativeJS:  [90m    |[39m                                        [31m[1m^[22m[39m
06-15 17:53:37.091 15137  9836 E ReactNativeJS:  [90m 12 |[39m [36mimport[39m {
06-15 17:53:37.091 15137  9836 E ReactNativeJS:  [90m 13 |[39m   buildDefenseSatelliteDevSnapshot[33m,[39m
06-15 17:53:37.091 15137  9836 E ReactNativeJS:  [90m 14 |[39m   formatDefenseSatelliteDurationLabel[33m,[39m[0m] preventSymbolication: true }
06-15 17:53:38.691 15137  6645 E ReactNativeJS: { [Error: undefined Unable to resolve module ../../planet/PlanetHubActionGaugeSlot from D:\arcfire20260607\src\ui\overlay\content\PlanetDevelopmentOverlayContent.tsx: 
06-15 17:53:38.691 15137  6645 E ReactNativeJS: 
06-15 17:53:38.691 15137  6645 E ReactNativeJS: None of these files exist:
06-15 17:53:38.691 15137  6645 E ReactNativeJS:   * src\ui\planet\PlanetHubActionGaugeSlot(.android.ts|.native.ts|.ts|.android.tsx|.native.tsx|.tsx|.android.mjs|.native.mjs|.mjs|.android.js|.native.js|.js|.android.jsx|.native.jsx|.jsx|.android.json|.native.json|.json|.android.cjs|.native.cjs|.cjs|.android.scss|.native.scss|.scss|.android.sass|.native.sass|.sass|.android.css|.native.css|.css)
06-15 17:53:38.691 15137  6645 E ReactNativeJS:   * src\ui\planet\PlanetHubActionGaugeSlot
06-15 17:53:38.691 15137  6645 E ReactNativeJS: [0m [90m  9 |[39m [36mimport[39m { showArcAlert } [36mfrom[39m [32m'../../../utils/showArcAlert'[39m[33m;[39m
06-15 17:53:38.691 15137  6645 E ReactNativeJS:  [90m 10 |[39m [36mimport[39m { [33mFONTS[39m[33m,[39m [33mOVERLAY_TOKENS[39m[33m,[39m [33mSPACING[39m } [36mfrom[39m [32m'../../../utils/theme'[39m[33m;[39m
06-15 17:53:38.691 15137  6645 E ReactNativeJS: [31m[1m>[22m[39m[90m 11 |[39m [36mimport[39m { [33mPlanetHubDigitalGauge[39m } [36mfrom[39m [32m'../../planet/PlanetHubActionGaugeSlot'[39m[33m;[39m
06-15 17:53:38.691 15137  6645 E ReactNativeJS:  [90m    |[39m                                        [31m[1m^[22m[39m
06-15 17:53:38.691 15137  6645 E ReactNativeJS:  [90m 12 |[39m [36mimport[39m {
06-15 17:53:38.691 15137  6645 E ReactNativeJS:  [90m 13 |[39m   buildDefenseSatelliteDevSnapshot[33m,[39m
06-15 17:53:38.691 15137  6645 E ReactNativeJS:  [90m 14 |[39m   formatDefenseSatelliteDurationLabel[33m,[39m[0m] preventSymbolication: true }
06-15 17:53:38.699 15137  9836 E ReactNativeJS: { [Error: undefined Unable to resolve module ../../planet/PlanetHubActionGaugeSlot from D:\arcfire20260607\src\ui\overlay\content\PlanetDevelopmentOverlayContent.tsx: 
06-15 17:53:38.699 15137  9836 E ReactNativeJS: 
06-15 17:53:38.699 15137  9836 E ReactNativeJS: None of these files exist:
06-15 17:53:38.699 15137  9836 E ReactNativeJS:   * src\ui\planet\PlanetHubActionGaugeSlot(.android.ts|.native.ts|.ts|.android.tsx|.native.tsx|.tsx|.android.mjs|.native.mjs|.mjs|.android.js|.native.js|.js|.android.jsx|.native.jsx|.jsx|.android.json|.native.json|.json|.android.cjs|.native.cjs|.cjs|.android.scss|.native.scss|.scss|.android.sass|.native.sass|.sass|.android.css|.native.css|.css)
06-15 17:53:38.699 15137  9836 E ReactNativeJS:   * src\ui\planet\PlanetHubActionGaugeSlot
06-15 17:53:38.699 15137  9836 E ReactNativeJS: [0m [90m  9 |[39m [36mimport[39m { showArcAlert } [36mfrom[39m [32m'../../../utils/showArcAlert'[39m[33m;[39m
06-15 17:53:38.699 15137  9836 E ReactNativeJS:  [90m 10 |[39m [36mimport[39m { [33mFONTS[39m[33m,[39m [33mOVERLAY_TOKENS[39m[33m,[39m [33mSPACING[39m } [36mfrom[39m [32m'../../../utils/theme'[39m[33m;[39m
06-15 17:53:38.699 15137  9836 E ReactNativeJS: [31m[1m>[22m[39m[90m 11 |[39m [36mimport[39m { [33mPlanetHubDigitalGauge[39m } [36mfrom[39m [32m'../../planet/PlanetHubActionGaugeSlot'[39m[33m;[39m
06-15 17:53:38.699 15137  9836 E ReactNativeJS:  [90m    |[39m                                        [31m[1m^[22m[39m
06-15 17:53:38.699 15137  9836 E ReactNativeJS:  [90m 12 |[39m [36mimport[39m {
06-15 17:53:38.699 15137  9836 E ReactNativeJS:  [90m 13 |[39m   buildDefenseSatelliteDevSnapshot[33m,[39m
06-15 17:53:38.699 15137  9836 E ReactNativeJS:  [90m 14 |[39m   formatDefenseSatelliteDurationLabel[33m,[39m[0m] preventSymbolication: true }
06-15 17:53:47.026  1909  3698 I ActivityManager: Changes in 10356 19 to 8, 0 to 128
06-15 17:53:47.038  1909  2187 I ActivityManager: Changes in 99097 19 to 8, 0 to 128
06-15 17:53:47.111  1909  3698 I ActivityManager: Changes in 5004 19 to 8, 0 to 128
06-15 17:53:47.158  1909  1973 I ActivityManager: Start proc 10194:com.google.android.as.oss/u0a248 for service {com.google.android.as.oss/com.google.android.gms.learning.internal.training.InAppJobService}
06-15 17:53:47.159  1909  1973 I ActivityManager: ProcessObserver broadcast disabled
06-15 17:53:47.172  1909  1973 I ActivityManager: Start proc 10198:com.google.android.syncadapters.calendar/u0a257 for service {com.google.android.syncadapters.calendar/com.google.android.syncadapters.calendar.CalendarSyncAdapterService}
06-15 17:53:47.172  1909  1973 I ActivityManager: ProcessObserver broadcast disabled
06-15 17:53:47.219  1909  3698 I ActivityManager: Changes in 5004 8 to 10, 128 to 0
06-15 17:53:47.227  1909  2187 I ActivityManager: Changes in 99097 8 to 10, 128 to 0
06-15 17:53:47.341  1909  4226 I ActivityManager: Changes in 10257 19 to 8, 0 to 128
06-15 17:53:47.348  1909  2224 I ActivityManager: Changes in 10356 8 to 10, 128 to 0
06-15 17:53:47.378  1909  4226 I ActivityManager: Changes in 10115 19 to 8, 0 to 128
06-15 17:53:47.401  1909  4356 I ActivityManager: Changes in 10248 19 to 8, 0 to 128
06-15 17:53:47.432  1909  1972 I ActivityManager: Changes in 10108 10 to 10, 0 to 128
06-15 17:53:47.437  1909  4356 I ActivityManager: Changes in 10108 10 to 10, 128 to 0
06-15 17:53:47.470  1909  1973 I ActivityManager: Start proc 10277:com.google.android.partnersetup/u0a243 for service {com.google.android.partnersetup/com.google.android.partnersetup.InstalledAppJobService}
06-15 17:53:47.471  1909  1973 I ActivityManager: ProcessObserver broadcast disabled
06-15 17:53:47.519  1909  4226 I ActivityManager: Changes in 10095 19 to 8, 0 to 128
06-15 17:53:47.528  1909  1973 I ActivityManager: Start proc 10290:com.google.android.apps.turbo:aab/u0a250 for service {com.google.android.apps.turbo/com.google.android.libraries.smartbattery.appusage.library.InferAppBucketsJob}
06-15 17:53:47.532  1909  1973 I ActivityManager: ProcessObserver broadcast disabled
06-15 17:53:47.560  1909  4356 I ActivityManager: Changes in 10356 19 to 8, 0 to 128
06-15 17:53:47.571  1909  2776 I ActivityManager: Changes in 10095 8 to 10, 128 to 0
06-15 17:53:47.576  1909  2776 I ActivityManager: Changes in 5004 19 to 8, 0 to 128
06-15 17:53:47.596  1909  4226 I ActivityManager: Changes in 10248 8 to 10, 128 to 0
06-15 17:53:47.617  1909  3050 I ActivityManager: Changes in 5004 8 to 10, 128 to 0
06-15 17:53:47.618  1909  1973 I ActivityManager: Start proc 10308:com.samsung.aasaservice/1000 for service {com.samsung.aasaservice/com.samsung.aasaservice.AASAJobService}
06-15 17:53:47.618  1909  1973 I ActivityManager: ProcessObserver broadcast disabled
06-15 17:53:47.721  1909  2224 I ActivityManager: Changes in 10243 19 to 8, 0 to 128
06-15 17:53:47.727  1909  2224 I ActivityManager: Changes in 10250 19 to 8, 0 to 128
06-15 17:53:47.742  1909  1973 I ActivityManager: Start proc 10336:com.samsung.android.intellivoiceservice/u0a121 for service {com.samsung.android.intellivoiceservice/androidx.work.impl.background.systemjob.SystemJobService}
06-15 17:53:47.744  1909  1973 I ActivityManager: ProcessObserver broadcast disabled
06-15 17:53:47.758  1909  4226 I ActivityManager: Changes in 10243 8 to 10, 128 to 0
06-15 17:53:47.762  1909  4226 I ActivityManager: Changes in 10095 19 to 8, 0 to 128
06-15 17:53:47.779  1909  2720 I ActivityManager: Changes in 10095 8 to 10, 128 to 0
06-15 17:53:47.802  1909  1973 I ActivityManager: Start proc 10350:com.microsoft.appmanager/u0a151 for service {com.microsoft.appmanager/androidx.work.impl.background.systemjob.SystemJobService}
06-15 17:53:47.802  1909  1973 I ActivityManager: ProcessObserver broadcast disabled
06-15 17:53:47.881  1909  1973 I ActivityManager: Start proc 10371:com.samsung.android.privateaccesstokens/u0a198 for service {com.samsung.android.privateaccesstokens/com.samsung.android.privateaccesstokens.components.services.PATService}
06-15 17:53:47.884  1909  1973 I ActivityManager: ProcessObserver broadcast disabled
06-15 17:53:47.933  1909  3050 I ActivityManager: Killing 5952:com.samsung.drmboost/u0a339 (adj 905): empty #25
06-15 17:53:48.015  1909  1933 I ActivityManager: Changes in 10121 19 to 8, 0 to 128
06-15 17:53:48.061  1909  2720 I ActivityManager: Killing 4353:com.samsung.android.mobileservice/u0a119 (adj 905): empty #25
06-15 17:53:48.227  1909  1933 I ActivityManager: Changes in 10250 8 to 10, 128 to 0
06-15 17:53:48.230  1909  1933 I ActivityManager: Changes in 10243 19 to 8, 0 to 128
06-15 17:53:48.278  1909  1933 I ActivityManager: Changes in 10243 8 to 10, 128 to 0
06-15 17:53:48.283  1909  4343 I ActivityManager: Killing 4652:com.sec.android.app.samsungapps/u0a86 (adj 905): empty #25
06-15 17:53:48.311  1909  4343 I ActivityManager: Changes in 10121 8 to 10, 128 to 0
06-15 17:53:48.326  1909  2224 I ActivityManager: Killing 4700:com.skt.skaf.OA00018282/u0a104 (adj 905): empty #25
06-15 17:53:48.330  1909  1973 I ActivityManager: Start proc 10456:com.google.android.apps.tachyon/u0a254 for service {com.google.android.apps.tachyon/androidx.work.impl.background.systemjob.SystemJobService}
06-15 17:53:48.330  1909  1973 I ActivityManager: ProcessObserver broadcast disabled
06-15 17:53:48.379  1909  1973 I ActivityManager: Start proc 10469:com.samsung.android.mdx/u0a94 for content provider {com.samsung.android.mdx/com.samsung.android.mdx.windowslink.tileservice.StateContentProvider}
06-15 17:53:48.380  1909  1973 I ActivityManager: ProcessObserver broadcast disabled
06-15 17:53:48.386  1909  3301 I ActivityManager: Changes in 10356 8 to 10, 128 to 0
06-15 17:53:48.389  1909  3301 I ActivityManager: Changes in 10243 19 to 8, 0 to 128
06-15 17:53:48.420  1909  1933 I ActivityManager: Changes in 10243 8 to 10, 128 to 0
06-15 17:53:48.424  1909  1933 I ActivityManager: Killing 4531:com.lguplus.appstore/u0a99 (adj 905): empty #25
06-15 17:53:48.523  1909  2065 I ActivityManager: Changes in 10243 19 to 8, 0 to 128
06-15 17:53:48.544  1909  3301 I ActivityManager: Changes in 99097 19 to 8, 0 to 128
06-15 17:53:48.567  1909  1973 I ActivityManager: Start proc 10504:com.samsung.android.app.routines/u0a53 for content provider {com.samsung.android.app.routines/com.samsung.android.app.routines.domainmodel.routineinfoprovider.RoutineInfoProvider}
06-15 17:53:48.569  1909  1973 I ActivityManager: ProcessObserver broadcast disabled
06-15 17:53:48.714  1909  1973 I ActivityManager: Start proc 10558:com.samsung.android.messaging/u0a130 for service {com.samsung.android.messaging/com.samsung.android.messaging.externalservice.rcs.RcsExternalService}
06-15 17:53:48.714  1909  1973 I ActivityManager: ProcessObserver broadcast disabled
06-15 17:53:48.750  1909  4343 I ActivityManager: Changes in 10151 19 to 8, 0 to 128
06-15 17:53:48.750  1909  4343 I ActivityManager: Changes in 10094 19 to 8, 0 to 128
06-15 17:53:48.786  1909  1933 I ActivityManager: Changes in 99097 8 to 10, 128 to 0
06-15 17:53:48.786  1909  1933 I ActivityManager: Changes in 10243 8 to 10, 128 to 0
06-15 17:53:48.958  1909  3050 I ActivityManager: Changes in 99097 10 to 8, 0 to 128
06-15 17:53:48.958  1909  3050 I ActivityManager: Changes in 10254 19 to 8, 0 to 128
06-15 17:53:49.223  1909  3050 I ActivityManager: Changes in 10130 19 to 8, 0 to 128
06-15 17:53:49.284  1909  1973 I ActivityManager: Start proc 10684:com.samsung.android.mobileservice/u0a119 for content provider {com.samsung.android.mobileservice/com.samsung.android.mobileservice.supportedservice.capability.provider.MobileServiceCapabilityProvider}
06-15 17:53:49.285  1909  1973 I ActivityManager: ProcessObserver broadcast disabled
06-15 17:53:49.401  1909  4227 I ActivityManager: Changes in 99097 8 to 10, 128 to 0
06-15 17:53:49.402  1909  4227 I ActivityManager: Changes in 10254 8 to 10, 128 to 0
06-15 17:53:49.408  1909  3301 I ActivityManager: Killing 8116:com.google.android.webview:webview_service/u0a263 (adj 905): empty #25
06-15 17:53:49.514  1909  1973 I ActivityManager: Start proc 10728:com.osp.app.signin/u0a117 for content provider {com.osp.app.signin/com.samsung.android.samsungaccount.mobileservice.provider.SamsungAccountCapabilityProvider}
06-15 17:53:49.515  1909  1973 I ActivityManager: ProcessObserver broadcast disabled
06-15 17:53:49.546  1909  3301 I ActivityManager: Changes in 10119 19 to 8, 0 to 128
06-15 17:53:49.573  1909  3174 I ActivityManager: Changes in 10151 8 to 10, 128 to 0
06-15 17:53:49.573  1909  3174 I ActivityManager: Changes in 10130 8 to 10, 128 to 0
06-15 17:53:49.573  1909  3174 I ActivityManager: Changes in 10094 8 to 10, 128 to 0
06-15 17:53:49.578  1909  3301 I ActivityManager: Killing 6725:com.google.android.googlequicksearchbox:search/u0a253 (adj 905): empty #25
06-15 17:53:49.580  1909  3301 I ActivityManager: Killing 25928:com.samsung.android.scpm/5009 (adj 905): empty #26
06-15 17:53:49.580  1909  3301 I ActivityManager: Killing 7598:com.samsung.android.privacydashboard/u0a107 (adj 905): empty #27
06-15 17:53:49.582  1909  3301 I ActivityManager: Killing 6371:com.google.android.rkpdapp/u0a348 (adj 905): empty #28
06-15 17:53:49.583  1909  2224 I ActivityManager: Changes in 10119 8 to 10, 128 to 0
06-15 17:53:49.598  1909  2224 I ActivityManager: Killing 9925:com.samsung.android.app.reminder/u0a224 (adj 905): empty #25
06-15 17:53:49.690  1909  3050 W ActivityManager: pid 8210 com.google.android.googlequicksearchbox:interactor sent binder code 2 with flags 1 to frozen apps and got error -32
06-15 17:53:50.127  1909  3698 I ActivityManager: Changes in 99097 10 to 8, 0 to 128
06-15 17:53:50.128  1909  3698 I ActivityManager: Changes in 10117 19 to 8, 0 to 128
06-15 17:53:50.154  1909  3050 I ActivityManager: Changes in 99097 8 to 10, 128 to 0
06-15 17:53:50.154  1909  3050 I ActivityManager: Changes in 10117 8 to 10, 128 to 0
06-15 17:53:50.794  1909  2187 I ActivityManager: Changes in 10257 8 to 10, 128 to 0
06-15 17:53:50.794  1909  2187 I ActivityManager: Changes in 10115 8 to 10, 128 to 0
06-15 17:53:50.800  1909  1933 I ActivityManager: Killing 9926:com.sec.android.gallery3d/u0a124 (adj 905): empty #25
06-15 17:53:50.819  1909  2187 I ActivityManager: Changes in 10257 19 to 8, 0 to 128
06-15 17:53:50.819  1909  2187 I ActivityManager: Changes in 10115 19 to 8, 0 to 128
06-15 17:53:51.587  1909  2065 I ActivityManager: Changes in 10116 19 to 8, 0 to 128
06-15 17:53:52.098  1909  4226 I ActivityManager: Changes in 10115 8 to 5, 128 to 144
06-15 17:53:52.122  1909  1973 I ActivityManager: Start proc 10871:com.samsung.android.calendar/u0a222 for content provider {com.samsung.android.calendar/com.samsung.android.app.calendar.model.settings.provider.PreferenceProvider}
06-15 17:53:52.122  1909  1973 I ActivityManager: ProcessObserver broadcast disabled
06-15 17:53:52.341  1909  1933 I ActivityManager: Changes in 10222 19 to 5, 0 to 144
06-15 17:53:52.362  1909  1973 I ActivityManager: Start proc 10907:com.samsung.android.app.reminder/u0a224 for content provider {com.samsung.android.app.reminder/com.samsung.android.app.reminder.data.provider.ReminderProvider}
06-15 17:53:52.362  1909  1973 I ActivityManager: ProcessObserver broadcast disabled
06-15 17:53:52.490  1909  2720 I ActivityManager: Changes in 10224 19 to 5, 0 to 144
06-15 17:53:52.673 15137  6645 E ReactNativeJS: { [Error: undefined Unable to resolve module ../../planet/PlanetHubActionGaugeSlot from D:\arcfire20260607\src\ui\overlay\content\PlanetDevelopmentOverlayContent.tsx: 
06-15 17:53:52.673 15137  6645 E ReactNativeJS: 
06-15 17:53:52.673 15137  6645 E ReactNativeJS: None of these files exist:
06-15 17:53:52.673 15137  6645 E ReactNativeJS:   * src\ui\planet\PlanetHubActionGaugeSlot(.android.ts|.native.ts|.ts|.android.tsx|.native.tsx|.tsx|.android.mjs|.native.mjs|.mjs|.android.js|.native.js|.js|.android.jsx|.native.jsx|.jsx|.android.json|.native.json|.json|.android.cjs|.native.cjs|.cjs|.android.scss|.native.scss|.scss|.android.sass|.native.sass|.sass|.android.css|.native.css|.css)
06-15 17:53:52.673 15137  6645 E ReactNativeJS:   * src\ui\planet\PlanetHubActionGaugeSlot
06-15 17:53:52.673 15137  6645 E ReactNativeJS: [0m [90m  9 |[39m [36mimport[39m { showArcAlert } [36mfrom[39m [32m'../../../utils/showArcAlert'[39m[33m;[39m
06-15 17:53:52.673 15137  6645 E ReactNativeJS:  [90m 10 |[39m [36mimport[39m { [33mFONTS[39m[33m,[39m [33mOVERLAY_TOKENS[39m[33m,[39m [33mSPACING[39m } [36mfrom[39m [32m'../../../utils/theme'[39m[33m;[39m
06-15 17:53:52.673 15137  6645 E ReactNativeJS: [31m[1m>[22m[39m[90m 11 |[39m [36mimport[39m { [33mPlanetHubDigitalGauge[39m } [36mfrom[39m [32m'../../planet/PlanetHubActionGaugeSlot'[39m[33m;[39m
06-15 17:53:52.673 15137  6645 E ReactNativeJS:  [90m    |[39m                                        [31m[1m^[22m[39m
06-15 17:53:52.673 15137  6645 E ReactNativeJS:  [90m 12 |[39m [36mimport[39m {
06-15 17:53:52.673 15137  6645 E ReactNativeJS:  [90m 13 |[39m   buildDefenseSatelliteDevSnapshot[33m,[39m
06-15 17:53:52.673 15137  6645 E ReactNativeJS:  [90m 14 |[39m   formatDefenseSatelliteDurationLabel[33m,[39m[0m] preventSymbolication: true }
06-15 17:53:52.680 15137  9836 E ReactNativeJS: { [Error: undefined Unable to resolve module ../../planet/PlanetHubActionGaugeSlot from D:\arcfire20260607\src\ui\overlay\content\PlanetDevelopmentOverlayContent.tsx: 
06-15 17:53:52.680 15137  9836 E ReactNativeJS: 
06-15 17:53:52.680 15137  9836 E ReactNativeJS: None of these files exist:
06-15 17:53:52.680 15137  9836 E ReactNativeJS:   * src\ui\planet\PlanetHubActionGaugeSlot(.android.ts|.native.ts|.ts|.android.tsx|.native.tsx|.tsx|.android.mjs|.native.mjs|.mjs|.android.js|.native.js|.js|.android.jsx|.native.jsx|.jsx|.android.json|.native.json|.json|.android.cjs|.native.cjs|.cjs|.android.scss|.native.scss|.scss|.android.sass|.native.sass|.sass|.android.css|.native.css|.css)
06-15 17:53:52.680 15137  9836 E ReactNativeJS:   * src\ui\planet\PlanetHubActionGaugeSlot
06-15 17:53:52.680 15137  9836 E ReactNativeJS: [0m [90m  9 |[39m [36mimport[39m { showArcAlert } [36mfrom[39m [32m'../../../utils/showArcAlert'[39m[33m;[39m
06-15 17:53:52.680 15137  9836 E ReactNativeJS:  [90m 10 |[39m [36mimport[39m { [33mFONTS[39m[33m,[39m [33mOVERLAY_TOKENS[39m[33m,[39m [33mSPACING[39m } [36mfrom[39m [32m'../../../utils/theme'[39m[33m;[39m
06-15 17:53:52.680 15137  9836 E ReactNativeJS: [31m[1m>[22m[39m[90m 11 |[39m [36mimport[39m { [33mPlanetHubDigitalGauge[39m } [36mfrom[39m [32m'../../planet/PlanetHubActionGaugeSlot'[39m[33m;[39m
06-15 17:53:52.680 15137  9836 E ReactNativeJS:  [90m    |[39m                                        [31m[1m^[22m[39m
06-15 17:53:52.680 15137  9836 E ReactNativeJS:  [90m 12 |[39m [36mimport[39m {
06-15 17:53:52.680 15137  9836 E ReactNativeJS:  [90m 13 |[39m   buildDefenseSatelliteDevSnapshot[33m,[39m
06-15 17:53:52.680 15137  9836 E ReactNativeJS:  [90m 14 |[39m   formatDefenseSatelliteDurationLabel[33m,[39m[0m] preventSymbolication: true }
06-15 17:53:53.307  1909  1973 I ActivityManager: Start proc 10973:com.samsung.android.stickercenter/1000 for content provider {com.samsung.android.stickercenter/com.samsung.android.stickercenter.service.StickerProvider}
06-15 17:53:53.307  1909  1973 I ActivityManager: ProcessObserver broadcast disabled
06-15 17:53:53.392  1909  1973 I ActivityManager: Start proc 10992:com.samsung.android.scs:text/u0a116 for content provider {com.samsung.android.scs/com.samsung.android.scs.ai.text.TextProvider}
06-15 17:53:53.392  1909  1973 I ActivityManager: ProcessObserver broadcast disabled
06-15 17:53:53.495  1909  3174 I ActivityManager: Changes in 10116 8 to 5, 128 to 144
06-15 17:53:55.877  1909  1973 I ActivityManager: Start proc 11032:com.samsung.android.scpm/5009 for content provider {com.samsung.android.scpm/com.samsung.scsp.common.ScpmProvider}
06-15 17:53:55.877  1909  1973 I ActivityManager: ProcessObserver broadcast disabled
06-15 17:53:56.087  1909  2065 I ActivityManager: Changes in 10119 19 to 8, 0 to 128
06-15 17:53:56.094  1909  2224 I ActivityManager: Changes in 5009 19 to 5, 0 to 144
06-15 17:53:56.110  1909  2224 I ActivityManager: Changes in 99097 10 to 5, 0 to 184
06-15 17:53:56.110  1909  2224 I ActivityManager: Changes in 10117 19 to 5, 0 to 144
06-15 17:53:56.155  1909  3698 I ActivityManager: Changes in 10119 8 to 10, 128 to 0
06-15 17:53:56.445  1909  2187 I ActivityManager: Changes in 10257 8 to 10, 128 to 0
06-15 17:53:56.471  1909  2187 I ActivityManager: Changes in 10257 19 to 8, 0 to 128
06-15 17:53:56.920  1909  2187 I ActivityManager: Changes in 10257 8 to 10, 128 to 0
06-15 17:53:58.356  1909  1971 I ActivityManager: Changes in 99097 5 to 15, 184 to 0
06-15 17:53:58.357  1909  1971 I ActivityManager: Changes in 10224 5 to 15, 144 to 0
06-15 17:53:58.358  1909  1971 I ActivityManager: Changes in 10222 5 to 15, 144 to 0
06-15 17:53:58.362  1909  1971 I ActivityManager: Changes in 10117 5 to 15, 144 to 0
06-15 17:53:58.362  1909  1971 I ActivityManager: Changes in 10116 5 to 8, 144 to 128
06-15 17:53:58.362  1909  1971 I ActivityManager: Changes in 5009 5 to 15, 144 to 0
06-15 17:53:58.366  1909  1971 I ActivityManager: Changes in 10115 5 to 8, 144 to 128
06-15 17:53:58.402  1909  1971 I ActivityManager: Changes in 10115 8 to 15, 128 to 0
06-15 17:53:58.844  1909  2065 I ActivityManager: Changes in 99097 15 to 8, 0 to 128
06-15 17:53:58.844  1909  2065 I ActivityManager: Changes in 10224 15 to 8, 0 to 128
06-15 17:53:58.844  1909  2065 I ActivityManager: Changes in 10222 15 to 8, 0 to 128
06-15 17:53:58.844  1909  2065 I ActivityManager: Changes in 10117 15 to 8, 0 to 128
06-15 17:53:58.845  1909  2065 I ActivityManager: Changes in 10115 15 to 8, 0 to 128
06-15 17:53:58.845  1909  2065 I ActivityManager: Changes in 5009 15 to 8, 0 to 128
06-15 17:53:59.202  1909  2720 I ActivityManager: Changes in 99097 11 to 15, 128 to 0
06-15 17:53:59.204  1909  2720 I ActivityManager: Changes in 10224 11 to 15, 128 to 0
06-15 17:53:59.204  1909  2720 I ActivityManager: Changes in 10222 11 to 15, 128 to 0
06-15 17:53:59.204  1909  2720 I ActivityManager: Changes in 10117 11 to 15, 128 to 0
06-15 17:53:59.204  1909  2720 I ActivityManager: Changes in 10115 11 to 15, 128 to 0
06-15 17:53:59.204  1909  2720 I ActivityManager: Changes in 5009 11 to 15, 128 to 0
06-15 17:53:59.524  1909  3698 I ActivityManager: Changes in 10115 15 to 8, 0 to 128
06-15 17:54:01.373  1909  1972 I ActivityManager: Changes in 10224 15 to 11, 0 to 128
06-15 17:54:01.373  1909  1972 I ActivityManager: Changes in 10222 15 to 11, 0 to 128
06-15 17:54:01.373  1909  1972 I ActivityManager: Changes in 10117 15 to 11, 0 to 128
06-15 17:54:01.373  1909  1972 I ActivityManager: Changes in 5009 15 to 11, 0 to 128
06-15 17:54:01.384  1909  3301 I ActivityManager: Changes in 10224 11 to 15, 128 to 0
06-15 17:54:01.384  1909  3301 I ActivityManager: Changes in 10222 11 to 15, 128 to 0
06-15 17:54:01.384  1909  3301 I ActivityManager: Changes in 10117 11 to 15, 128 to 0
06-15 17:54:01.384  1909  3301 I ActivityManager: Changes in 5009 11 to 15, 128 to 0
06-15 17:54:01.838  1909  2065 I ActivityManager: Changes in 10119 19 to 8, 0 to 128
06-15 17:54:01.893  1909  2224 I ActivityManager: Changes in 10119 8 to 10, 128 to 0
06-15 17:54:02.144  1909  1971 I ActivityManager: Killing 10036:com.samsung.faceservice/5004 (adj 905): empty #25
06-15 17:54:02.420 15137  9836 E ReactNativeJS: { [Error: undefined Unable to resolve module ../../planet/PlanetHubActionGaugeSlot from D:\arcfire20260607\src\ui\overlay\content\PlanetDevelopmentOverlayContent.tsx: 
06-15 17:54:02.420 15137  9836 E ReactNativeJS: 
06-15 17:54:02.420 15137  9836 E ReactNativeJS: None of these files exist:
06-15 17:54:02.420 15137  9836 E ReactNativeJS:   * src\ui\planet\PlanetHubActionGaugeSlot(.android.ts|.native.ts|.ts|.android.tsx|.native.tsx|.tsx|.android.mjs|.native.mjs|.mjs|.android.js|.native.js|.js|.android.jsx|.native.jsx|.jsx|.android.json|.native.json|.json|.android.cjs|.native.cjs|.cjs|.android.scss|.native.scss|.scss|.android.sass|.native.sass|.sass|.android.css|.native.css|.css)
06-15 17:54:02.420 15137  9836 E ReactNativeJS:   * src\ui\planet\PlanetHubActionGaugeSlot
06-15 17:54:02.420 15137  9836 E ReactNativeJS: [0m [90m  9 |[39m [36mimport[39m { showArcAlert } [36mfrom[39m [32m'../../../utils/showArcAlert'[39m[33m;[39m
06-15 17:54:02.420 15137  9836 E ReactNativeJS:  [90m 10 |[39m [36mimport[39m { [33mFONTS[39m[33m,[39m [33mOVERLAY_TOKENS[39m[33m,[39m [33mSPACING[39m } [36mfrom[39m [32m'../../../utils/theme'[39m[33m;[39m
06-15 17:54:02.420 15137  9836 E ReactNativeJS: [31m[1m>[22m[39m[90m 11 |[39m [36mimport[39m { [33mPlanetHubDigitalGauge[39m } [36mfrom[39m [32m'../../planet/PlanetHubActionGaugeSlot'[39m[33m;[39m
06-15 17:54:02.420 15137  9836 E ReactNativeJS:  [90m    |[39m                                        [31m[1m^[22m[39m
06-15 17:54:02.420 15137  9836 E ReactNativeJS:  [90m 12 |[39m [36mimport[39m {
06-15 17:54:02.420 15137  9836 E ReactNativeJS:  [90m 13 |[39m   buildDefenseSatelliteDevSnapshot[33m,[39m
06-15 17:54:02.420 15137  9836 E ReactNativeJS:  [90m 14 |[39m   formatDefenseSatelliteDurationLabel[33m,[39m[0m] preventSymbolication: true }
06-15 17:54:02.426 15137  6645 E ReactNativeJS: { [Error: undefined Unable to resolve module ../../planet/PlanetHubActionGaugeSlot from D:\arcfire20260607\src\ui\overlay\content\PlanetDevelopmentOverlayContent.tsx: 
06-15 17:54:02.426 15137  6645 E ReactNativeJS: 
06-15 17:54:02.426 15137  6645 E ReactNativeJS: None of these files exist:
06-15 17:54:02.426 15137  6645 E ReactNativeJS:   * src\ui\planet\PlanetHubActionGaugeSlot(.android.ts|.native.ts|.ts|.android.tsx|.native.tsx|.tsx|.android.mjs|.native.mjs|.mjs|.android.js|.native.js|.js|.android.jsx|.native.jsx|.jsx|.android.json|.native.json|.json|.android.cjs|.native.cjs|.cjs|.android.scss|.native.scss|.scss|.android.sass|.native.sass|.sass|.android.css|.native.css|.css)
06-15 17:54:02.426 15137  6645 E ReactNativeJS:   * src\ui\planet\PlanetHubActionGaugeSlot
06-15 17:54:02.426 15137  6645 E ReactNativeJS: [0m [90m  9 |[39m [36mimport[39m { showArcAlert } [36mfrom[39m [32m'../../../utils/showArcAlert'[39m[33m;[39m
06-15 17:54:02.426 15137  6645 E ReactNativeJS:  [90m 10 |[39m [36mimport[39m { [33mFONTS[39m[33m,[39m [33mOVERLAY_TOKENS[39m[33m,[39m [33mSPACING[39m } [36mfrom[39m [32m'../../../utils/theme'[39m[33m;[39m
06-15 17:54:02.426 15137  6645 E ReactNativeJS: [31m[1m>[22m[39m[90m 11 |[39m [36mimport[39m { [33mPlanetHubDigitalGauge[39m } [36mfrom[39m [32m'../../planet/PlanetHubActionGaugeSlot'[39m[33m;[39m
06-15 17:54:02.426 15137  6645 E ReactNativeJS:  [90m    |[39m                                        [31m[1m^[22m[39m
06-15 17:54:02.426 15137  6645 E ReactNativeJS:  [90m 12 |[39m [36mimport[39m {
06-15 17:54:02.426 15137  6645 E ReactNativeJS:  [90m 13 |[39m   buildDefenseSatelliteDevSnapshot[33m,[39m
06-15 17:54:02.426 15137  6645 E ReactNativeJS:  [90m 14 |[39m   formatDefenseSatelliteDurationLabel[33m,[39m[0m] preventSymbolication: true }
06-15 17:54:04.669  1909  3301 I ActivityManager: Changes in 10116 8 to 10, 128 to 0
06-15 17:54:04.684  1909  3301 I ActivityManager: Killing 9633:com.samsung.android.dqagent/1000 (adj 905): empty #25
06-15 17:54:05.036  1909  1971 I ActivityManager: Killing 8626:com.samsung.android.game.gos/u0a76 (adj 905): empty #25
06-15 17:54:05.046  1909  1971 I ActivityManager: Killing 10194:com.google.android.as.oss/u0a248 (adj 905): empty #25
06-15 17:54:05.167  1909  1971 I ActivityManager: Killing 9950:com.samsung.cmh/5004 (adj 905): empty #25
06-15 17:54:11.373  1909  2065 I ActivityManager: Changes in 10115 15 to 15, 128 to 0
06-15 17:54:18.355  1909  1972 I ActivityManager: Killing 6668:com.samsung.mfcontents/u0a95 (adj 905): empty #25
06-15 17:54:19.355  1909  1972 I ActivityManager: Killing 10308:com.samsung.aasaservice/1000 (adj 905): empty #25
06-15 17:54:33.461 15137  9836 W ReactNativeJS: 'This method is deprecated (as well as all React Native Firebase namespaced API) and will be removed in the next major release as part of move to match Firebase Web modular SDK API. Please see migration guide for more details: https://rnfirebase.io/migrating-to-v22 Please use `getApp()` instead.', { [Component Stack] name: 'Component Stack' }
06-15 17:54:33.475 15137  9836 W ReactNativeJS: 'This method is deprecated (as well as all React Native Firebase namespaced API) and will be removed in the next major release as part of move to match Firebase Web modular SDK API. Please see migration guide for more details: https://rnfirebase.io/migrating-to-v22 Please use `getApp()` instead.', { [Component Stack] name: 'Component Stack' }
06-15 17:54:33.485 15137  9836 W ReactNativeJS: 'This method is deprecated (as well as all React Native Firebase namespaced API) and will be removed in the next major release as part of move to match Firebase Web modular SDK API. Please see migration guide for more details: https://rnfirebase.io/migrating-to-v22. Method called was `logEvent`. Please use `logEvent()` instead.', { [Component Stack] name: 'Component Stack' }
06-15 17:54:33.505  1909  3050 I ActivityManager: Changes in 99097 19 to 3, 0 to 184
06-15 17:54:33.803 15137  9836 W ReactNativeJS: This method is deprecated (as well as all React Native Firebase namespaced API) and will be removed in the next major release as part of move to match Firebase Web modular SDK API. Please see migration guide for more details: https://rnfirebase.io/migrating-to-v22. Method called was `FieldValue`. Please use `FieldValue` instead.
06-15 17:54:33.803 15137  9836 W ReactNativeJS: This method is deprecated (as well as all React Native Firebase namespaced API) and will be removed in the next major release as part of move to match Firebase Web modular SDK API. Please see migration guide for more details: https://rnfirebase.io/migrating-to-v22. Method called was `delete`. Please use `deleteField()` instead.
06-15 17:54:33.803 15137  9836 W ReactNativeJS: This method is deprecated (as well as all React Native Firebase namespaced API) and will be removed in the next major release as part of move to match Firebase Web modular SDK API. Please see migration guide for more details: https://rnfirebase.io/migrating-to-v22. Method called was `FieldValue`. Please use `FieldValue` instead.
06-15 17:54:33.803 15137  9836 W ReactNativeJS: This method is deprecated (as well as all React Native Firebase namespaced API) and will be removed in the next major release as part of move to match Firebase Web modular SDK API. Please see migration guide for more details: https://rnfirebase.io/migrating-to-v22. Method called was `serverTimestamp`. Please use `serverTimestamp()` instead.
06-15 17:54:34.952 15137  9836 W ReactNativeJS: This method is deprecated (as well as all React Native Firebase namespaced API) and will be removed in the next major release as part of move to match Firebase Web modular SDK API. Please see migration guide for more details: https://rnfirebase.io/migrating-to-v22. Method called was `FieldValue`. Please use `FieldValue` instead.
06-15 17:54:34.953 15137  9836 W ReactNativeJS: This method is deprecated (as well as all React Native Firebase namespaced API) and will be removed in the next major release as part of move to match Firebase Web modular SDK API. Please see migration guide for more details: https://rnfirebase.io/migrating-to-v22. Method called was `delete`. Please use `deleteField()` instead.
06-15 17:54:34.953 15137  9836 W ReactNativeJS: This method is deprecated (as well as all React Native Firebase namespaced API) and will be removed in the next major release as part of move to match Firebase Web modular SDK API. Please see migration guide for more details: https://rnfirebase.io/migrating-to-v22. Method called was `FieldValue`. Please use `FieldValue` instead.
06-15 17:54:34.954 15137  9836 W ReactNativeJS: This method is deprecated (as well as all React Native Firebase namespaced API) and will be removed in the next major release as part of move to match Firebase Web modular SDK API. Please see migration guide for more details: https://rnfirebase.io/migrating-to-v22. Method called was `serverTimestamp`. Please use `serverTimestamp()` instead.
06-15 17:54:43.554  1909  2224 I ActivityManager: Changes in 99097 3 to 10, 184 to 0
06-15 17:54:49.882  1909  3050 I ActivityManager: Changes in 10115 19 to 5, 0 to 144
06-15 17:54:49.907  1909  3050 I ActivityManager: Changes in 10222 19 to 5, 0 to 144
06-15 17:54:55.922  1909  1971 I ActivityManager: Changes in 10222 5 to 15, 144 to 0
06-15 17:54:55.936  1909  1971 I ActivityManager: Changes in 10115 5 to 15, 144 to 0
06-15 17:59:18.497  1909  1973 I ActivityManager: Start proc 11271:com.samsung.aasaservice/1000 for service {com.samsung.aasaservice/com.samsung.aasaservice.AASAJobService}
06-15 17:59:18.497  1909  1973 I ActivityManager: ProcessObserver broadcast disabled
06-15 17:59:18.610  1909  2537 I ActivityManager: Changes in 10198 19 to 8, 0 to 128
06-15 17:59:18.653  1909  2537 I ActivityManager: Changes in 5009 19 to 8, 0 to 128
06-15 17:59:18.785  1909  3050 I ActivityManager: Changes in 10198 8 to 10, 128 to 0
06-15 17:59:18.785  1909  3050 I ActivityManager: Changes in 5009 8 to 10, 128 to 0
06-15 17:59:18.795  1909  3050 I ActivityManager: Killing 10290:com.google.android.apps.turbo:aab/u0a250 (adj 905): empty #25
06-15 17:59:39.153 15137  9836 W ReactNativeJS: This method is deprecated (as well as all React Native Firebase namespaced API) and will be removed in the next major release as part of move to match Firebase Web modular SDK API. Please see migration guide for more details: https://rnfirebase.io/migrating-to-v22. Method called was `FieldValue`. Please use `FieldValue` instead.
06-15 17:59:39.154 15137  9836 W ReactNativeJS: This method is deprecated (as well as all React Native Firebase namespaced API) and will be removed in the next major release as part of move to match Firebase Web modular SDK API. Please see migration guide for more details: https://rnfirebase.io/migrating-to-v22. Method called was `delete`. Please use `deleteField()` instead.
06-15 17:59:39.154 15137  9836 W ReactNativeJS: This method is deprecated (as well as all React Native Firebase namespaced API) and will be removed in the next major release as part of move to match Firebase Web modular SDK API. Please see migration guide for more details: https://rnfirebase.io/migrating-to-v22. Method called was `FieldValue`. Please use `FieldValue` instead.
06-15 17:59:39.155 15137  9836 W ReactNativeJS: This method is deprecated (as well as all React Native Firebase namespaced API) and will be removed in the next major release as part of move to match Firebase Web modular SDK API. Please see migration guide for more details: https://rnfirebase.io/migrating-to-v22. Method called was `serverTimestamp`. Please use `serverTimestamp()` instead.
06-15 18:00:53.249  1909  2308 I ActivityManager: Changes in 5009 19 to 5, 0 to 144
06-15 18:01:10.702  1909  1971 I ActivityManager: Changes in 5009 5 to 15, 144 to 0
06-15 18:01:50.402  1909  1973 I ActivityManager: Start proc 11342:com.samsung.android.privacydashboard/u0a107 for content provider {com.samsung.android.privacydashboard/com.samsung.android.privacydashboard.provider.PermissionAccessInformationContentProvider}
06-15 18:01:50.404  1909  1973 I ActivityManager: ProcessObserver broadcast disabled
06-15 18:01:50.537  1909  2776 I ActivityManager: Changes in 10107 19 to 5, 0 to 144
06-15 18:01:56.643  1909  1971 I ActivityManager: Changes in 10107 5 to 15, 144 to 0
06-15 18:02:16.646  1909  1972 I ActivityManager: Killing 10336:com.samsung.android.intellivoiceservice/u0a121 (adj 905): empty #25
06-15 18:03:45.099 15137  9836 W ReactNativeJS: This method is deprecated (as well as all React Native Firebase namespaced API) and will be removed in the next major release as part of move to match Firebase Web modular SDK API. Please see migration guide for more details: https://rnfirebase.io/migrating-to-v22. Method called was `FieldValue`. Please use `FieldValue` instead.
06-15 18:03:45.100 15137  9836 W ReactNativeJS: This method is deprecated (as well as all React Native Firebase namespaced API) and will be removed in the next major release as part of move to match Firebase Web modular SDK API. Please see migration guide for more details: https://rnfirebase.io/migrating-to-v22. Method called was `delete`. Please use `deleteField()` instead.
06-15 18:03:45.100 15137  9836 W ReactNativeJS: This method is deprecated (as well as all React Native Firebase namespaced API) and will be removed in the next major release as part of move to match Firebase Web modular SDK API. Please see migration guide for more details: https://rnfirebase.io/migrating-to-v22. Method called was `FieldValue`. Please use `FieldValue` instead.
06-15 18:03:45.101 15137  9836 W ReactNativeJS: This method is deprecated (as well as all React Native Firebase namespaced API) and will be removed in the next major release as part of move to match Firebase Web modular SDK API. Please see migration guide for more details: https://rnfirebase.io/migrating-to-v22. Method called was `serverTimestamp`. Please use `serverTimestamp()` instead.
06-15 18:05:35.990  1909  1973 I ActivityManager: Start proc 11440:com.lguplus.appstore/u0a99 for service {com.lguplus.appstore/androidx.work.impl.background.systemjob.SystemJobService}
06-15 18:05:35.991  1909  1973 I ActivityManager: ProcessObserver broadcast disabled
06-15 18:05:36.008  1909  1973 I ActivityManager: Start proc 11441:com.samsung.mfcontents/u0a95 for service {com.samsung.mfcontents/com.samsung.mfcontents.scheduler.MFCJobService}
06-15 18:05:36.008  1909  1973 I ActivityManager: ProcessObserver broadcast disabled
06-15 18:05:36.110  1909  3698 I ActivityManager: Changes in 10095 19 to 8, 0 to 128
06-15 18:05:36.130  1909  3050 I ActivityManager: Changes in 10095 8 to 10, 128 to 0
06-15 18:05:36.137  1909  3698 I ActivityManager: Killing 10277:com.google.android.partnersetup/u0a243 (adj 905): empty #25
06-15 18:05:36.481  1909  1973 I ActivityManager: Start proc 11494:com.sec.android.provider.badge/u0a55 for broadcast {com.sec.android.provider.badge/com.sec.android.provider.badge.BadgeCountReceiver}
06-15 18:05:36.481  1909  1973 I ActivityManager: ProcessObserver broadcast disabled
06-15 18:05:36.542  1909  2776 I ActivityManager: Changes in 99097 19 to 8, 0 to 128
06-15 18:05:36.542  1909  2776 I ActivityManager: Changes in 10099 19 to 8, 0 to 128
06-15 18:05:36.568  1909  4206 I ActivityManager: Changes in 10055 19 to 11, 0 to 128
06-15 18:05:36.571  1909  4206 I ActivityManager: Changes in 99097 8 to 10, 128 to 0
06-15 18:05:36.571  1909  4206 I ActivityManager: Changes in 10099 8 to 10, 128 to 0
06-15 18:05:36.577  1909  3050 I ActivityManager: Killing 9365:com.samsung.android.app.telephonyui/1001 (adj 905): empty #25
06-15 18:05:36.602  1909  3050 I ActivityManager: Changes in 99097 19 to 8, 0 to 128
06-15 18:05:36.602  1909  3050 I ActivityManager: Changes in 10099 19 to 8, 0 to 128
06-15 18:05:36.644  1909  2224 I ActivityManager: Changes in 10055 11 to 5, 128 to 144
06-15 18:05:36.671  1909  2776 I ActivityManager: Changes in 99097 8 to 10, 128 to 0
06-15 18:05:36.672  1909  2776 I ActivityManager: Changes in 10099 8 to 10, 128 to 0
06-15 18:05:42.675  1909  1971 I ActivityManager: Changes in 10055 5 to 15, 144 to 0
06-15 18:06:02.679  1909  1972 I ActivityManager: Killing 10456:com.google.android.apps.tachyon/u0a254 (adj 905): empty #25
06-15 18:06:47.608 15137  9836 W ReactNativeJS: This method is deprecated (as well as all React Native Firebase namespaced API) and will be removed in the next major release as part of move to match Firebase Web modular SDK API. Please see migration guide for more details: https://rnfirebase.io/migrating-to-v22. Method called was `FieldValue`. Please use `FieldValue` instead.
06-15 18:06:47.609 15137  9836 W ReactNativeJS: This method is deprecated (as well as all React Native Firebase namespaced API) and will be removed in the next major release as part of move to match Firebase Web modular SDK API. Please see migration guide for more details: https://rnfirebase.io/migrating-to-v22. Method called was `delete`. Please use `deleteField()` instead.
06-15 18:06:47.610 15137  9836 W ReactNativeJS: This method is deprecated (as well as all React Native Firebase namespaced API) and will be removed in the next major release as part of move to match Firebase Web modular SDK API. Please see migration guide for more details: https://rnfirebase.io/migrating-to-v22. Method called was `FieldValue`. Please use `FieldValue` instead.
06-15 18:06:47.610 15137  9836 W ReactNativeJS: This method is deprecated (as well as all React Native Firebase namespaced API) and will be removed in the next major release as part of move to match Firebase Web modular SDK API. Please see migration guide for more details: https://rnfirebase.io/migrating-to-v22. Method called was `serverTimestamp`. Please use `serverTimestamp()` instead.
06-15 18:06:47.693  1909  1973 I ActivityManager: Start proc 11543:com.google.android.googlequicksearchbox:googleapp/u0a253 for broadcast {com.google.android.googlequicksearchbox/com.google.firebase.iid.FirebaseInstanceIdReceiver}
06-15 18:06:47.693  1909  1973 I ActivityManager: ProcessObserver broadcast disabled
06-15 18:06:47.932  1909  4341 I ActivityManager: Changes in 99097 19 to 11, 0 to 128
06-15 18:06:48.561  1909  4174 I ActivityManager: Killing 10504:com.samsung.android.app.routines/u0a53 (adj 905): empty #25
06-15 18:06:48.563  1909  4174 I ActivityManager: Changes in 99097 11 to 19, 128 to 0
06-15 18:06:48.584  1909  1973 I ActivityManager: Start proc 11626:com.google.android.googlequicksearchbox:search/u0a253 for broadcast {com.google.android.googlequicksearchbox/com.google.android.libraries.search.gcm.search.SearchProcessGcmBroadcastReceiver_Receiver}
06-15 18:06:48.584  1909  1973 I ActivityManager: ProcessObserver broadcast disabled
06-15 18:06:48.735  1909  2057 I ActivityManager: Killing 10469:com.samsung.android.mdx/u0a94 (adj 905): empty #25
06-15 18:06:48.879  1909  1973 I ActivityManager: Start proc 11672:com.google.android.webview:sandboxed_process0:org.chromium.content.app.SandboxedProcessService0:0/u0i115 for  {com.google.android.googlequicksearchbox/org.chromium.content.app.SandboxedProcessService0:0}
06-15 18:06:48.879  1909  1973 I ActivityManager: ProcessObserver broadcast disabled
06-15 18:06:48.883 11672 11672 E libc    : SetHeapTaggingLevel: re-enabling tagging after it was disabled is not supported
06-15 18:06:48.944  1909  2720 I ActivityManager: Killing 10558:com.samsung.android.messaging/u0a130 (adj 905): empty #25
06-15 18:06:48.994  1909  2720 W ActivityManager: Scheduling restart of crashed service com.samsung.android.messaging/.externalservice.rcs.RcsExternalService in 1000ms for connection
06-15 18:06:50.010  1909  1973 I ActivityManager: Start proc 11762:com.samsung.android.messaging/u0a130 for service {com.samsung.android.messaging/com.samsung.android.messaging.externalservice.rcs.RcsExternalService}
06-15 18:06:50.010  1909  1973 I ActivityManager: ProcessObserver broadcast disabled
06-15 18:06:58.183  1909  4174 I ActivityManager: Killing 10350:com.microsoft.appmanager/u0a151 (adj 905): empty #25
06-15 18:08:31.838  1909  1973 I ActivityManager: Start proc 11851:com.samsung.cmh/5004 for service {com.samsung.cmh/com.samsung.cmh.core.cmhjobservice.CMHJobService}
06-15 18:08:31.841  1909  1973 I ActivityManager: ProcessObserver broadcast disabled
06-15 18:08:31.931  1909  2720 I ActivityManager: Changes in 5004 19 to 8, 0 to 128
06-15 18:08:31.944  1909  4338 I ActivityManager: Changes in 5004 8 to 10, 128 to 0
06-15 18:08:31.949  1909  4338 I ActivityManager: Killing 10728:com.osp.app.signin/u0a117 (adj 905): empty #25
06-15 18:08:31.973  1909  4338 I ActivityManager: Changes in 5004 19 to 8, 0 to 128
06-15 18:08:31.981  1909  2720 I ActivityManager: Changes in 5004 8 to 10, 128 to 0
06-15 18:08:32.092  1909  1973 I ActivityManager: Start proc 11903:com.samsung.faceservice/5004 for content provider {com.samsung.faceservice/com.samsung.faceservice.provider.FaceServiceProvider}
06-15 18:08:32.092  1909  1973 I ActivityManager: ProcessObserver broadcast disabled
06-15 18:08:32.200  1909  2720 W ActivityManager: Receiver with filter android.content.IntentFilter@2368bc8 already registered for pid 11903, callerPackage is com.samsung.faceservice
06-15 18:08:32.203  1909  2225 W ActivityManager: Receiver with filter android.content.IntentFilter@6e3dc47 already registered for pid 11903, callerPackage is com.samsung.faceservice
06-15 18:08:32.205  1909  3050 I ActivityManager: Killing 10198:com.google.android.syncadapters.calendar/u0a257 (adj 905): empty #25
06-15 18:08:50.853 15137  9836 W ReactNativeJS: This method is deprecated (as well as all React Native Firebase namespaced API) and will be removed in the next major release as part of move to match Firebase Web modular SDK API. Please see migration guide for more details: https://rnfirebase.io/migrating-to-v22. Method called was `FieldValue`. Please use `FieldValue` instead.
06-15 18:08:50.855 15137  9836 W ReactNativeJS: This method is deprecated (as well as all React Native Firebase namespaced API) and will be removed in the next major release as part of move to match Firebase Web modular SDK API. Please see migration guide for more details: https://rnfirebase.io/migrating-to-v22. Method called was `delete`. Please use `deleteField()` instead.
06-15 18:08:50.855 15137  9836 W ReactNativeJS: This method is deprecated (as well as all React Native Firebase namespaced API) and will be removed in the next major release as part of move to match Firebase Web modular SDK API. Please see migration guide for more details: https://rnfirebase.io/migrating-to-v22. Method called was `FieldValue`. Please use `FieldValue` instead.
06-15 18:08:50.856 15137  9836 W ReactNativeJS: This method is deprecated (as well as all React Native Firebase namespaced API) and will be removed in the next major release as part of move to match Firebase Web modular SDK API. Please see migration guide for more details: https://rnfirebase.io/migrating-to-v22. Method called was `serverTimestamp`. Please use `serverTimestamp()` instead.
06-15 18:09:24.341  1909  1973 I ActivityManager: Start proc 11934:com.google.android.as.oss/u0a248 for service {com.google.android.as.oss/com.google.android.gms.learning.internal.training.InAppJobService}
06-15 18:09:24.341  1909  1973 I ActivityManager: ProcessObserver broadcast disabled
06-15 18:09:24.511  1909  2720 I ActivityManager: Changes in 10248 19 to 8, 0 to 128
06-15 18:09:24.563  1909  2749 I ActivityManager: Changes in 10248 8 to 10, 128 to 0
06-15 18:09:24.569  1909  2749 I ActivityManager: Killing 10907:com.samsung.android.app.reminder/u0a224 (adj 905): empty #25
06-15 18:11:27.970  1909  2749 I ActivityManager: Changes in 99097 19 to 5, 0 to 184
06-15 18:11:43.033  1909  4227 I ActivityManager: Changes in 99097 5 to 10, 184 to 0
06-15 18:16:37.942  1909  2749 I ActivityManager: Changes in 99097 19 to 5, 0 to 184
06-15 18:16:52.960  1909  4227 I ActivityManager: Changes in 99097 5 to 10, 184 to 0
06-15 18:18:55.743  1909  2065 I ActivityManager: Changes in 10356 19 to 8, 0 to 128
06-15 18:18:55.794  1909  4227 I ActivityManager: Changes in 10356 8 to 10, 128 to 0
06-15 18:18:55.801  1909  2065 I ActivityManager: Changes in 10356 10 to 8, 0 to 128
06-15 18:18:55.855  1909  2749 I ActivityManager: Changes in 10356 8 to 10, 128 to 0
06-15 18:18:57.408  1909  1973 I ActivityManager: Start proc 12179:com.skt.skaf.OA00018282/u0a104 for content provider {com.skt.skaf.OA00018282/com.onestore.utils.ApiContentProvider}
06-15 18:18:57.408  1909  1973 I ActivityManager: ProcessObserver broadcast disabled
06-15 18:18:58.756  1909  2720 I ActivityManager: Killing 10973:com.samsung.android.stickercenter/1000 (adj 905): empty #25
06-15 18:20:28.756  1909  2065 I ActivityManager: Changes in 10095 19 to 8, 0 to 128
06-15 18:20:28.773  1909  4227 I ActivityManager: Changes in 10095 8 to 10, 128 to 0
06-15 18:23:49.576 15137  9836 W ReactNativeJS: This method is deprecated (as well as all React Native Firebase namespaced API) and will be removed in the next major release as part of move to match Firebase Web modular SDK API. Please see migration guide for more details: https://rnfirebase.io/migrating-to-v22. Method called was `FieldValue`. Please use `FieldValue` instead.
06-15 18:23:49.577 15137  9836 W ReactNativeJS: This method is deprecated (as well as all React Native Firebase namespaced API) and will be removed in the next major release as part of move to match Firebase Web modular SDK API. Please see migration guide for more details: https://rnfirebase.io/migrating-to-v22. Method called was `delete`. Please use `deleteField()` instead.
06-15 18:23:49.578 15137  9836 W ReactNativeJS: This method is deprecated (as well as all React Native Firebase namespaced API) and will be removed in the next major release as part of move to match Firebase Web modular SDK API. Please see migration guide for more details: https://rnfirebase.io/migrating-to-v22. Method called was `FieldValue`. Please use `FieldValue` instead.
06-15 18:23:49.579 15137  9836 W ReactNativeJS: This method is deprecated (as well as all React Native Firebase namespaced API) and will be removed in the next major release as part of move to match Firebase Web modular SDK API. Please see migration guide for more details: https://rnfirebase.io/migrating-to-v22. Method called was `serverTimestamp`. Please use `serverTimestamp()` instead.
06-15 18:25:43.427  1909  1972 I ActivityManager: Changes in 10108 10 to 10, 0 to 128
06-15 18:25:43.434  1909  2065 I ActivityManager: Changes in 5004 19 to 8, 0 to 128
06-15 18:25:43.440  1909  3050 I ActivityManager: Changes in 10108 10 to 10, 128 to 0
06-15 18:25:43.461  1909  2065 I ActivityManager: Changes in 10248 19 to 8, 0 to 128
06-15 18:25:43.519  1909  2749 I ActivityManager: Changes in 5004 8 to 10, 128 to 0
06-15 18:25:43.534  1909  4225 I ActivityManager: Changes in 10248 8 to 10, 128 to 0
06-15 18:27:10.629 15137  9836 W ReactNativeJS: This method is deprecated (as well as all React Native Firebase namespaced API) and will be removed in the next major release as part of move to match Firebase Web modular SDK API. Please see migration guide for more details: https://rnfirebase.io/migrating-to-v22. Method called was `FieldValue`. Please use `FieldValue` instead.
06-15 18:27:10.629 15137  9836 W ReactNativeJS: This method is deprecated (as well as all React Native Firebase namespaced API) and will be removed in the next major release as part of move to match Firebase Web modular SDK API. Please see migration guide for more details: https://rnfirebase.io/migrating-to-v22. Method called was `delete`. Please use `deleteField()` instead.
06-15 18:27:10.629 15137  9836 W ReactNativeJS: This method is deprecated (as well as all React Native Firebase namespaced API) and will be removed in the next major release as part of move to match Firebase Web modular SDK API. Please see migration guide for more details: https://rnfirebase.io/migrating-to-v22. Method called was `FieldValue`. Please use `FieldValue` instead.
06-15 18:27:10.630 15137  9836 W ReactNativeJS: This method is deprecated (as well as all React Native Firebase namespaced API) and will be removed in the next major release as part of move to match Firebase Web modular SDK API. Please see migration guide for more details: https://rnfirebase.io/migrating-to-v22. Method called was `serverTimestamp`. Please use `serverTimestamp()` instead.
06-15 18:29:31.427  1909  1973 I ActivityManager: Start proc 12619:com.ss.android.ugc.trill/u0a388 for broadcast {com.ss.android.ugc.trill/com.google.firebase.iid.FirebaseInstanceIdReceiver}
06-15 18:29:31.427  1909  1973 I ActivityManager: ProcessObserver broadcast disabled
06-15 18:29:32.637  1909  4341 I ActivityManager: Changes in 10388 19 to 11, 0 to 128
06-15 18:29:32.684  1909  4341 I ActivityManager: Changes in 99097 19 to 8, 0 to 128
06-15 18:29:32.742  1909  4227 I ActivityManager: Changes in 99097 8 to 10, 128 to 0
06-15 18:29:32.915  1909  1972 I ActivityManager: Changes in 10055 19 to 11, 0 to 128
06-15 18:29:32.937  1909  4341 I ActivityManager: Changes in 10055 11 to 5, 128 to 144
06-15 18:29:38.958  1909  1971 I ActivityManager: Changes in 10055 5 to 15, 144 to 0
06-15 18:29:39.334  1909  1971 I ActivityManager: Changes in 99097 19 to 19, 0 to 128
06-15 18:29:39.723  1909  1973 I ActivityManager: Start proc 13010:com.samsung.drmboost/u0a339 for service {com.samsung.drmboost/com.samsung.drmboost.DrmEventService}
06-15 18:29:39.724  1909  1973 I ActivityManager: ProcessObserver broadcast disabled
06-15 18:29:39.842  1909  4227 I ActivityManager: Killing 10992:com.samsung.android.scs:text/u0a116 (adj 905): empty #25
06-15 18:29:49.201  1909  2749 I ActivityManager: Changes in 99097 19 to 10, 128 to 0
06-15 18:29:52.649  1909  2065 I ActivityManager: Changes in 10388 19 to 19, 128 to 0
06-15 18:29:58.964  1909  1972 I ActivityManager: Killing 10684:com.samsung.android.mobileservice/u0a119 (adj 905): empty #25
06-15 18:30:02.213  1909  1973 I ActivityManager: Start proc 13140:com.google.android.rkpdapp/u0a348 for service {com.google.android.rkpdapp/com.android.rkpdapp.service.RemoteProvisioningService}
06-15 18:30:02.213  1909  1973 I ActivityManager: ProcessObserver broadcast disabled
06-15 18:30:02.330  1909  4225 I ActivityManager: Changes in 10348 19 to 6, 0 to 128
06-15 18:30:02.346  1909  3050 I ActivityManager: Changes in 10348 6 to 10, 128 to 0
06-15 18:30:02.347  1909  4225 I ActivityManager: Killing 30781:com.android.providers.calendar/u0a115 (adj 905): empty #25
06-15 18:30:11.047 15137  9836 W ReactNativeJS: 'This method is deprecated (as well as all React Native Firebase namespaced API) and will be removed in the next major release as part of move to match Firebase Web modular SDK API. Please see migration guide for more details: https://rnfirebase.io/migrating-to-v22 Please use `getApp()` instead.', { [Component Stack] name: 'Component Stack' }
06-15 18:30:11.062 15137  9836 W ReactNativeJS: 'This method is deprecated (as well as all React Native Firebase namespaced API) and will be removed in the next major release as part of move to match Firebase Web modular SDK API. Please see migration guide for more details: https://rnfirebase.io/migrating-to-v22 Please use `getApp()` instead.', { [Component Stack] name: 'Component Stack' }
06-15 18:30:11.082 15137  9836 W ReactNativeJS: 'This method is deprecated (as well as all React Native Firebase namespaced API) and will be removed in the next major release as part of move to match Firebase Web modular SDK API. Please see migration guide for more details: https://rnfirebase.io/migrating-to-v22. Method called was `logEvent`. Please use `logEvent()` instead.', { [Component Stack] name: 'Component Stack' }
06-15 18:30:11.128  1909  4227 I ActivityManager: Changes in 99097 19 to 3, 0 to 184
06-15 18:30:12.012 15137  9836 W ReactNativeJS: This method is deprecated (as well as all React Native Firebase namespaced API) and will be removed in the next major release as part of move to match Firebase Web modular SDK API. Please see migration guide for more details: https://rnfirebase.io/migrating-to-v22. Method called was `FieldValue`. Please use `FieldValue` instead.
06-15 18:30:12.012 15137  9836 W ReactNativeJS: This method is deprecated (as well as all React Native Firebase namespaced API) and will be removed in the next major release as part of move to match Firebase Web modular SDK API. Please see migration guide for more details: https://rnfirebase.io/migrating-to-v22. Method called was `delete`. Please use `deleteField()` instead.
06-15 18:30:12.013 15137  9836 W ReactNativeJS: This method is deprecated (as well as all React Native Firebase namespaced API) and will be removed in the next major release as part of move to match Firebase Web modular SDK API. Please see migration guide for more details: https://rnfirebase.io/migrating-to-v22. Method called was `FieldValue`. Please use `FieldValue` instead.
06-15 18:30:12.013 15137  9836 W ReactNativeJS: This method is deprecated (as well as all React Native Firebase namespaced API) and will be removed in the next major release as part of move to match Firebase Web modular SDK API. Please see migration guide for more details: https://rnfirebase.io/migrating-to-v22. Method called was `serverTimestamp`. Please use `serverTimestamp()` instead.
06-15 18:30:13.421 15137  9836 W ReactNativeJS: This method is deprecated (as well as all React Native Firebase namespaced API) and will be removed in the next major release as part of move to match Firebase Web modular SDK API. Please see migration guide for more details: https://rnfirebase.io/migrating-to-v22. Method called was `FieldValue`. Please use `FieldValue` instead.
06-15 18:30:13.421 15137  9836 W ReactNativeJS: This method is deprecated (as well as all React Native Firebase namespaced API) and will be removed in the next major release as part of move to match Firebase Web modular SDK API. Please see migration guide for more details: https://rnfirebase.io/migrating-to-v22. Method called was `delete`. Please use `deleteField()` instead.
06-15 18:30:13.422 15137  9836 W ReactNativeJS: This method is deprecated (as well as all React Native Firebase namespaced API) and will be removed in the next major release as part of move to match Firebase Web modular SDK API. Please see migration guide for more details: https://rnfirebase.io/migrating-to-v22. Method called was `FieldValue`. Please use `FieldValue` instead.
06-15 18:30:13.422 15137  9836 W ReactNativeJS: This method is deprecated (as well as all React Native Firebase namespaced API) and will be removed in the next major release as part of move to match Firebase Web modular SDK API. Please see migration guide for more details: https://rnfirebase.io/migrating-to-v22. Method called was `serverTimestamp`. Please use `serverTimestamp()` instead.
06-15 18:30:21.229  1909  3050 I ActivityManager: Changes in 99097 3 to 10, 184 to 0
06-15 18:30:25.791 15137  6645 E ReactNativeJS: { [Error: TransformError SyntaxError: D:\arcfire20260607\src\ui\overlay\content\PlanetDevelopmentOverlayContent.tsx: Unexpected token (399:0)
06-15 18:30:25.791 15137  6645 E ReactNativeJS: 
06-15 18:30:25.791 15137  6645 E ReactNativeJS: [0m [90m 397 |[39m   }[33m,[39m
06-15 18:30:25.791 15137  6645 E ReactNativeJS:  [90m 398 |[39m })[33m;[39m
06-15 18:30:25.791 15137  6645 E ReactNativeJS: [31m[1m>[22m[39m[90m 399 |[39m
06-15 18:30:25.791 15137  6645 E ReactNativeJS:  [90m     |[39m [31m[1m^[22m[39m[0m] preventSymbolication: true }
06-15 18:30:25.798 15137  6645 E ReactNativeJS: { [Error: TransformError SyntaxError: D:\arcfire20260607\src\ui\overlay\content\PlanetDevelopmentOverlayContent.tsx: Unexpected token (399:0)
06-15 18:30:25.798 15137  6645 E ReactNativeJS: 
06-15 18:30:25.798 15137  6645 E ReactNativeJS: [0m [90m 397 |[39m   }[33m,[39m
06-15 18:30:25.798 15137  6645 E ReactNativeJS:  [90m 398 |[39m })[33m;[39m
06-15 18:30:25.798 15137  6645 E ReactNativeJS: [31m[1m>[22m[39m[90m 399 |[39m
06-15 18:30:25.798 15137  6645 E ReactNativeJS:  [90m     |[39m [31m[1m^[22m[39m[0m] preventSymbolication: true }
06-15 18:30:25.818 15137  9836 E ReactNativeJS: { [Error: TransformError SyntaxError: D:\arcfire20260607\src\ui\overlay\content\PlanetDevelopmentOverlayContent.tsx: Unexpected token (399:0)
06-15 18:30:25.818 15137  9836 E ReactNativeJS: 
06-15 18:30:25.818 15137  9836 E ReactNativeJS: [0m [90m 397 |[39m   }[33m,[39m
06-15 18:30:25.818 15137  9836 E ReactNativeJS:  [90m 398 |[39m })[33m;[39m
06-15 18:30:25.818 15137  9836 E ReactNativeJS: [31m[1m>[22m[39m[90m 399 |[39m
06-15 18:30:25.818 15137  9836 E ReactNativeJS:  [90m     |[39m [31m[1m^[22m[39m[0m] preventSymbolication: true }
06-15 18:30:25.829 15137  9836 E ReactNativeJS: { [Error: TransformError SyntaxError: D:\arcfire20260607\src\ui\overlay\content\PlanetDevelopmentOverlayContent.tsx: Unexpected token (399:0)
06-15 18:30:25.829 15137  9836 E ReactNativeJS: 
06-15 18:30:25.829 15137  9836 E ReactNativeJS: [0m [90m 397 |[39m   }[33m,[39m
06-15 18:30:25.829 15137  9836 E ReactNativeJS:  [90m 398 |[39m })[33m;[39m
06-15 18:30:25.829 15137  9836 E ReactNativeJS: [31m[1m>[22m[39m[90m 399 |[39m
06-15 18:30:25.829 15137  9836 E ReactNativeJS:  [90m     |[39m [31m[1m^[22m[39m[0m] preventSymbolication: true }
06-15 18:31:27.960  1909  4341 I ActivityManager: Changes in 99097 19 to 5, 0 to 184
06-15 18:31:43.006  1909  3050 I ActivityManager: Changes in 99097 5 to 10, 184 to 0
06-15 18:31:50.601  1909  9411 I ActivityManager: Changes in 10107 19 to 5, 0 to 144
06-15 18:31:56.644  1909  1971 I ActivityManager: Changes in 10107 5 to 15, 144 to 0
06-15 18:32:24.980 15137  9836 E ReactNativeJS: ReferenceError: Property 'handlePressDefenseSatellite' doesn't exist
06-15 18:32:24.980 15137  9836 E ReactNativeJS: 
06-15 18:32:24.980 15137  9836 E ReactNativeJS: This error is located at:
06-15 18:32:24.980 15137  9836 E ReactNativeJS:     in PlanetMainScanActionRow (created by PlanetScreen)
06-15 18:32:24.980 15137  9836 E ReactNativeJS:     in RCTView (created by View)
06-15 18:32:24.980 15137  9836 E ReactNativeJS:     in View (created by PlanetScreen)
06-15 18:32:24.980 15137  9836 E ReactNativeJS:     in RCTView (created by View)
06-15 18:32:24.980 15137  9836 E ReactNativeJS:     in View (created by PlanetScreen)
06-15 18:32:24.980 15137  9836 E ReactNativeJS:     in RCTView (created by View)
06-15 18:32:24.980 15137  9836 E ReactNativeJS:     in View (created by PlanetScreen)
06-15 18:32:24.980 15137  9836 E ReactNativeJS:     in RCTView (created by View)
06-15 18:32:24.980 15137  9836 E ReactNativeJS:     in View (created by PlanetScreen)
06-15 18:32:24.980 15137  9836 E ReactNativeJS:     in RCTView (created by View)
06-15 18:32:24.980 15137  9836 E ReactNativeJS:     in View (created by StageShellInner)
06-15 18:32:24.980 15137  9836 E ReactNativeJS:     in RNCSafeAreaView
06-15 18:32:24.980 15137  9836 E ReactNativeJS:     in Unknown (created by StageShellInner)
06-15 18:32:24.980 15137  9836 E ReactNativeJS:     in StageShellInner (created by PlanetScreen)
06-15 18:32:24.980 15137  9836 E ReactNativeJS:     in PlanetCapitalCombatRoot (created by PlanetScreen)
06-15 18:32:24.980 15137  9836 E ReactNativeJS:     in PlanetScreen
06-15 18:32:24.980 15137  9836 E ReactNativeJS:     in Unknown (created by Route(planet))
06-15 18:32:24.980 15137  9836 E ReactNativeJS:     in Suspense (created by Route(planet))
06-15 18:32:24.980 15137  9836 E ReactNativeJS:     in Route (created by Route(planet))
06-15 18:32:24.980 15137  9836 E ReactNativeJS:     in Route(planet) (created by SceneView)
06-15 18:32:24.980 15137  9836 E ReactNativeJS:     in StaticContainer
06-15 18:32:24.980 15137  9836 E ReactNativeJS:     in EnsureSingleNavigator (created by SceneView)
06-15 18:32:24.980 15137  9836 E ReactNativeJS:     in SceneView (created by SceneView)
06-15 18:32:24.980 15137  9836 E ReactNativeJS:     in RCTView (created by View)
06-15 18:32:24.980 15137  9836 E ReactNativeJS:     in View (created by DebugContainer)
06-15 18:32:24.980 15137  9836 E ReactNativeJS:     in DebugContainer (created by MaybeNestedStack)
06-15 18:32:24.980 15137  9836 E ReactNativeJS:     in MaybeNestedStack (created by SceneView)
06-15 18:32:24.980 15137  9836 E ReactNativeJS:     in RCTView (created by View)
06-15 18:32:24.980 15137  9836 E ReactNativeJS:     in View (created by SceneView)
06-15 18:32:24.980 15137  9836 E ReactNativeJS:     in RNSScreen (created by Animated(Anonymous))
06-15 18:32:24.980 15137  9836 E ReactNativeJS:     in Animated(Anonymous) (created by InnerScreen)
06-15 18:32:24.980 15137  9836 E ReactNativeJS:     in Suspender (created by Freeze)
06-15 18:32:24.980 15137  9836 E ReactNativeJS:     in Suspense (created by Freeze)
06-15 18:32:24.980 15137  9836 E ReactNativeJS:     in Freeze (created by DelayedFreeze)
06-15 18:32:24.980 15137  9836 E ReactNativeJS:     in DelayedFreeze (created by InnerScreen)
06-15 18:32:24.980 15137  9836 E ReactNativeJS:     in InnerScreen (created by Screen)
06-15 18:32:24.980 15137  9836 E ReactNativeJS:     in Screen (created by SceneView)
06-15 18:32:24.980 15137  9836 E ReactNativeJS:     in SceneView (created by NativeStackViewInner)
06-15 18:32:24.980 15137  9836 E ReactNativeJS:     in Suspender (created by Freeze)
06-15 18:32:24.980 15137  9836 E ReactNativeJS:     in Suspense (created by Freeze)
06-15 18:32:24.980 15137  9836 E ReactNativeJS:     in Freeze (created by DelayedFreeze)
06-15 18:32:24.980 15137  9836 E ReactNativeJS:     in DelayedFreeze (created by ScreenStack)
06-15 18:32:24.980 15137  9836 E ReactNativeJS:     in RNSScreenStack (created by ScreenStack)
06-15 18:32:24.980 15137  9836 E ReactNativeJS:     in ScreenStack (created by NativeStackViewInner)
06-15 18:32:24.980 15137  9836 E ReactNativeJS:     in NativeStackViewInner (created by NativeStackView)
06-15 18:32:24.980 15137  9836 E ReactNativeJS:     in RCTView (created by View)
06-15 18:32:24.980 15137  9836 E ReactNativeJS:     in View (created by SafeAreaProviderCompat)
06-15 18:32:24.980 15137  9836 E ReactNativeJS:     in SafeAreaProviderCompat (created by NativeStackView)
06-15 18:32:24.980 15137  9836 E ReactNativeJS:     in NativeStackView (created by NativeStackNavigator)
06-15 18:32:24.980 15137  9836 E ReactNativeJS:     in PreventRemoveProvider (created by NavigationContent)
06-15 18:32:24.980 15137  9836 E ReactNativeJS:     in NavigationContent
06-15 18:32:24.980 15137  9836 E ReactNativeJS:     in Unknown (created by NativeStackNavigator)
06-15 18:32:24.980 15137  9836 E ReactNativeJS:     in NativeStackNavigator
06-15 18:32:24.980 15137  9836 E ReactNativeJS:     in Unknown (created by GameLayout)
06-15 18:32:24.980 15137  9836 E ReactNativeJS:     in GameLayout
06-15 18:32:24.980 15137  9836 E ReactNativeJS:     in Unknown (created by Route((game)))
06-15 18:32:24.980 15137  9836 E ReactNativeJS:     in Suspense (created by Route((game)))
06-15 18:32:24.980 15137  9836 E ReactNativeJS:     in Route (created by Route((game)))
06-15 18:32:24.980 15137  9836 E ReactNativeJS:     in Route((game)) (created by SceneView)
06-15 18:32:24.980 15137  9836 E ReactNativeJS:     in StaticContainer
06-15 18:32:24.980 15137  9836 E ReactNativeJS:     in EnsureSingleNavigator (created by SceneView)
06-15 18:32:24.980 15137  9836 E ReactNativeJS:     in SceneView (created by SceneView)
06-15 18:32:24.980 15137  9836 E ReactNativeJS:     in RCTView (created by View)
06-15 18:32:24.980 15137  9836 E ReactNativeJS:     in View (created by DebugContainer)
06-15 18:32:24.980 15137  9836 E ReactNativeJS:     in DebugContainer (created by MaybeNestedStack)
06-15 18:32:24.980 15137  9836 E ReactNativeJS:     in MaybeNestedStack (created by SceneView)
06-15 18:32:24.980 15137  9836 E ReactNativeJS:     in RCTView (created by View)
06-15 18:32:24.980 15137  9836 E ReactNativeJS:     in View (created by SceneView)
06-15 18:32:24.980 15137  9836 E ReactNativeJS:     in RNSScreen (created by Animated(Anonymous))
06-15 18:32:24.980 15137  9836 E ReactNativeJS:     in Animated(Anonymous) (created by InnerScreen)
06-15 18:32:24.980 15137  9836 E ReactNativeJS:     in Suspender (created by Freeze)
06-15 18:32:24.980 15137  9836 E ReactNativeJS:     in Suspense (created by Freeze)
06-15 18:32:24.980 15137  9836 E ReactNativeJS:     in Freeze (created by DelayedFreeze)
06-15 18:32:24.980 15137  9836 E ReactNativeJS:     in DelayedFreeze (created by InnerScreen)
06-15 18:32:24.980 15137  9836 E ReactNativeJS:     in InnerScreen (created by Screen)
06-15 18:32:24.980 15137  9836 E ReactNativeJS:     in Screen (created by SceneView)
06-15 18:32:24.980 15137  9836 E ReactNativeJS:     in SceneView (created by NativeStackViewInner)
06-15 18:32:24.980 15137  9836 E ReactNativeJS:     in Suspender (created by Freeze)
06-15 18:32:24.980 15137  9836 E ReactNativeJS:     in Suspense (created by Freeze)
06-15 18:32:24.980 15137  9836 E ReactNativeJS:     in Freeze (created by DelayedFreeze)
06-15 18:32:24.980 15137  9836 E ReactNativeJS:     in DelayedFreeze (created by ScreenStack)
06-15 18:32:24.980 15137  9836 E ReactNativeJS:     in RNSScreenStack (created by ScreenStack)
06-15 18:32:24.980 15137  9836 E ReactNativeJS:     in ScreenStack (created by NativeStackViewInner)
06-15 18:32:24.980 15137  9836 E ReactNativeJS:     in NativeStackViewInner (created by NativeStackView)
06-15 18:32:24.980 15137  9836 E ReactNativeJS:     in RCTView (created by View)
06-15 18:32:24.980 15137  9836 E ReactNativeJS:     in View (created by SafeAreaProviderCompat)
06-15 18:32:24.980 15137  9836 E ReactNativeJS:     in SafeAreaProviderCompat (created by NativeStackView)
06-15 18:32:24.980 15137  9836 E ReactNativeJS:     in NativeStackView (created by NativeStackNavigator)
06-15 18:32:24.980 15137  9836 E ReactNativeJS:     in PreventRemoveProvider (created by NavigationContent)
06-15 18:32:24.980 15137  9836 E ReactNativeJS:     in NavigationContent
06-15 18:32:24.980 15137  9836 E ReactNativeJS:     in Unknown (created by NativeStackNavigator)
06-15 18:32:24.980 15137  9836 E ReactNativeJS:     in NativeStackNavigator
06-15 18:32:24.980 15137  9836 E ReactNativeJS:     in Unknown (created by RootLayout)
06-15 18:32:24.980 15137  9836 E ReactNativeJS:     in RNGestureHandlerRootView (created by GestureHandlerRootView)
06-15 18:32:24.980 15137  9836 E ReactNativeJS:     in GestureHandlerRootView (created by RootLay
06-15 18:32:24.998 15137  9836 E ReactNativeJS: ReferenceError: Property 'handlePressDefenseSatellite' doesn't exist
06-15 18:32:24.998 15137  9836 E ReactNativeJS: 
06-15 18:32:24.998 15137  9836 E ReactNativeJS: This error is located at:
06-15 18:32:24.998 15137  9836 E ReactNativeJS:     in PlanetMainScanActionRow (created by PlanetScreen)
06-15 18:32:24.998 15137  9836 E ReactNativeJS:     in RCTView (created by View)
06-15 18:32:24.998 15137  9836 E ReactNativeJS:     in View (created by PlanetScreen)
06-15 18:32:24.998 15137  9836 E ReactNativeJS:     in RCTView (created by View)
06-15 18:32:24.998 15137  9836 E ReactNativeJS:     in View (created by PlanetScreen)
06-15 18:32:24.998 15137  9836 E ReactNativeJS:     in RCTView (created by View)
06-15 18:32:24.998 15137  9836 E ReactNativeJS:     in View (created by PlanetScreen)
06-15 18:32:24.998 15137  9836 E ReactNativeJS:     in RCTView (created by View)
06-15 18:32:24.998 15137  9836 E ReactNativeJS:     in View (created by PlanetScreen)
06-15 18:32:24.998 15137  9836 E ReactNativeJS:     in RCTView (created by View)
06-15 18:32:24.998 15137  9836 E ReactNativeJS:     in View (created by StageShellInner)
06-15 18:32:24.998 15137  9836 E ReactNativeJS:     in RNCSafeAreaView
06-15 18:32:24.998 15137  9836 E ReactNativeJS:     in Unknown (created by StageShellInner)
06-15 18:32:24.998 15137  9836 E ReactNativeJS:     in StageShellInner (created by PlanetScreen)
06-15 18:32:24.998 15137  9836 E ReactNativeJS:     in PlanetCapitalCombatRoot (created by PlanetScreen)
06-15 18:32:24.998 15137  9836 E ReactNativeJS:     in PlanetScreen
06-15 18:32:24.998 15137  9836 E ReactNativeJS:     in Unknown (created by Route(planet))
06-15 18:32:24.998 15137  9836 E ReactNativeJS:     in Suspense (created by Route(planet))
06-15 18:32:24.998 15137  9836 E ReactNativeJS:     in Route (created by Route(planet))
06-15 18:32:24.998 15137  9836 E ReactNativeJS:     in Route(planet) (created by SceneView)
06-15 18:32:24.998 15137  9836 E ReactNativeJS:     in StaticContainer
06-15 18:32:24.998 15137  9836 E ReactNativeJS:     in EnsureSingleNavigator (created by SceneView)
06-15 18:32:24.998 15137  9836 E ReactNativeJS:     in SceneView (created by SceneView)
06-15 18:32:24.998 15137  9836 E ReactNativeJS:     in RCTView (created by View)
06-15 18:32:24.998 15137  9836 E ReactNativeJS:     in View (created by DebugContainer)
06-15 18:32:24.998 15137  9836 E ReactNativeJS:     in DebugContainer (created by MaybeNestedStack)
06-15 18:32:24.998 15137  9836 E ReactNativeJS:     in MaybeNestedStack (created by SceneView)
06-15 18:32:24.998 15137  9836 E ReactNativeJS:     in RCTView (created by View)
06-15 18:32:24.998 15137  9836 E ReactNativeJS:     in View (created by SceneView)
06-15 18:32:24.998 15137  9836 E ReactNativeJS:     in RNSScreen (created by Animated(Anonymous))
06-15 18:32:24.998 15137  9836 E ReactNativeJS:     in Animated(Anonymous) (created by InnerScreen)
06-15 18:32:24.998 15137  9836 E ReactNativeJS:     in Suspender (created by Freeze)
06-15 18:32:24.998 15137  9836 E ReactNativeJS:     in Suspense (created by Freeze)
06-15 18:32:24.998 15137  9836 E ReactNativeJS:     in Freeze (created by DelayedFreeze)
06-15 18:32:24.998 15137  9836 E ReactNativeJS:     in DelayedFreeze (created by InnerScreen)
06-15 18:32:24.998 15137  9836 E ReactNativeJS:     in InnerScreen (created by Screen)
06-15 18:32:24.998 15137  9836 E ReactNativeJS:     in Screen (created by SceneView)
06-15 18:32:24.998 15137  9836 E ReactNativeJS:     in SceneView (created by NativeStackViewInner)
06-15 18:32:24.998 15137  9836 E ReactNativeJS:     in Suspender (created by Freeze)
06-15 18:32:24.998 15137  9836 E ReactNativeJS:     in Suspense (created by Freeze)
06-15 18:32:24.998 15137  9836 E ReactNativeJS:     in Freeze (created by DelayedFreeze)
06-15 18:32:24.998 15137  9836 E ReactNativeJS:     in DelayedFreeze (created by ScreenStack)
06-15 18:32:24.998 15137  9836 E ReactNativeJS:     in RNSScreenStack (created by ScreenStack)
06-15 18:32:24.998 15137  9836 E ReactNativeJS:     in ScreenStack (created by NativeStackViewInner)
06-15 18:32:24.998 15137  9836 E ReactNativeJS:     in NativeStackViewInner (created by NativeStackView)
06-15 18:32:24.998 15137  9836 E ReactNativeJS:     in RCTView (created by View)
06-15 18:32:24.998 15137  9836 E ReactNativeJS:     in View (created by SafeAreaProviderCompat)
06-15 18:32:24.998 15137  9836 E ReactNativeJS:     in SafeAreaProviderCompat (created by NativeStackView)
06-15 18:32:24.998 15137  9836 E ReactNativeJS:     in NativeStackView (created by NativeStackNavigator)
06-15 18:32:24.998 15137  9836 E ReactNativeJS:     in PreventRemoveProvider (created by NavigationContent)
06-15 18:32:24.998 15137  9836 E ReactNativeJS:     in NavigationContent
06-15 18:32:24.998 15137  9836 E ReactNativeJS:     in Unknown (created by NativeStackNavigator)
06-15 18:32:24.998 15137  9836 E ReactNativeJS:     in NativeStackNavigator
06-15 18:32:24.998 15137  9836 E ReactNativeJS:     in Unknown (created by GameLayout)
06-15 18:32:24.998 15137  9836 E ReactNativeJS:     in GameLayout
06-15 18:32:24.998 15137  9836 E ReactNativeJS:     in Unknown (created by Route((game)))
06-15 18:32:24.998 15137  9836 E ReactNativeJS:     in Suspense (created by Route((game)))
06-15 18:32:24.998 15137  9836 E ReactNativeJS:     in Route (created by Route((game)))
06-15 18:32:24.998 15137  9836 E ReactNativeJS:     in Route((game)) (created by SceneView)
06-15 18:32:24.998 15137  9836 E ReactNativeJS:     in StaticContainer
06-15 18:32:24.998 15137  9836 E ReactNativeJS:     in EnsureSingleNavigator (created by SceneView)
06-15 18:32:24.998 15137  9836 E ReactNativeJS:     in SceneView (created by SceneView)
06-15 18:32:24.998 15137  9836 E ReactNativeJS:     in RCTView (created by View)
06-15 18:32:24.998 15137  9836 E ReactNativeJS:     in View (created by DebugContainer)
06-15 18:32:24.998 15137  9836 E ReactNativeJS:     in DebugContainer (created by MaybeNestedStack)
06-15 18:32:24.998 15137  9836 E ReactNativeJS:     in MaybeNestedStack (created by SceneView)
06-15 18:32:24.998 15137  9836 E ReactNativeJS:     in RCTView (created by View)
06-15 18:32:24.998 15137  9836 E ReactNativeJS:     in View (created by SceneView)
06-15 18:32:24.998 15137  9836 E ReactNativeJS:     in RNSScreen (created by Animated(Anonymous))
06-15 18:32:24.998 15137  9836 E ReactNativeJS:     in Animated(Anonymous) (created by InnerScreen)
06-15 18:32:24.998 15137  9836 E ReactNativeJS:     in Suspender (created by Freeze)
06-15 18:32:24.998 15137  9836 E ReactNativeJS:     in Suspense (created by Freeze)
06-15 18:32:24.998 15137  9836 E ReactNativeJS:     in Freeze (created by DelayedFreeze)
06-15 18:32:24.998 15137  9836 E ReactNativeJS:     in DelayedFreeze (created by InnerScreen)
06-15 18:32:24.998 15137  9836 E ReactNativeJS:     in InnerScreen (created by Screen)
06-15 18:32:24.998 15137  9836 E ReactNativeJS:     in Screen (created by SceneView)
06-15 18:32:24.998 15137  9836 E ReactNativeJS:     in SceneView (created by NativeStackViewInner)
06-15 18:32:24.998 15137  9836 E ReactNativeJS:     in Suspender (created by Freeze)
06-15 18:32:24.998 15137  9836 E ReactNativeJS:     in Suspense (created by Freeze)
06-15 18:32:24.998 15137  9836 E ReactNativeJS:     in Freeze (created by DelayedFreeze)
06-15 18:32:24.998 15137  9836 E ReactNativeJS:     in DelayedFreeze (created by ScreenStack)
06-15 18:32:24.998 15137  9836 E ReactNativeJS:     in RNSScreenStack (created by ScreenStack)
06-15 18:32:24.998 15137  9836 E ReactNativeJS:     in ScreenStack (created by NativeStackViewInner)
06-15 18:32:24.998 15137  9836 E ReactNativeJS:     in NativeStackViewInner (created by NativeStackView)
06-15 18:32:24.998 15137  9836 E ReactNativeJS:     in RCTView (created by View)
06-15 18:32:24.998 15137  9836 E ReactNativeJS:     in View (created by SafeAreaProviderCompat)
06-15 18:32:24.998 15137  9836 E ReactNativeJS:     in SafeAreaProviderCompat (created by NativeStackView)
06-15 18:32:24.998 15137  9836 E ReactNativeJS:     in NativeStackView (created by NativeStackNavigator)
06-15 18:32:24.998 15137  9836 E ReactNativeJS:     in PreventRemoveProvider (created by NavigationContent)
06-15 18:32:24.998 15137  9836 E ReactNativeJS:     in NavigationContent
06-15 18:32:24.998 15137  9836 E ReactNativeJS:     in Unknown (created by NativeStackNavigator)
06-15 18:32:24.998 15137  9836 E ReactNativeJS:     in NativeStackNavigator
06-15 18:32:24.998 15137  9836 E ReactNativeJS:     in Unknown (created by RootLayout)
06-15 18:32:24.998 15137  9836 E ReactNativeJS:     in RNGestureHandlerRootView (created by GestureHandlerRootView)
06-15 18:32:24.998 15137  9836 E ReactNativeJS:     in GestureHandlerRootView (created by RootLay
06-15 18:32:26.234 15137  9836 W ReactNativeJS: This method is deprecated (as well as all React Native Firebase namespaced API) and will be removed in the next major release as part of move to match Firebase Web modular SDK API. Please see migration guide for more details: https://rnfirebase.io/migrating-to-v22. Method called was `FieldValue`. Please use `FieldValue` instead.
06-15 18:32:26.234 15137  9836 W ReactNativeJS: This method is deprecated (as well as all React Native Firebase namespaced API) and will be removed in the next major release as part of move to match Firebase Web modular SDK API. Please see migration guide for more details: https://rnfirebase.io/migrating-to-v22. Method called was `delete`. Please use `deleteField()` instead.
06-15 18:32:26.235 15137  9836 W ReactNativeJS: This method is deprecated (as well as all React Native Firebase namespaced API) and will be removed in the next major release as part of move to match Firebase Web modular SDK API. Please see migration guide for more details: https://rnfirebase.io/migrating-to-v22. Method called was `FieldValue`. Please use `FieldValue` instead.
06-15 18:32:26.235 15137  9836 W ReactNativeJS: This method is deprecated (as well as all React Native Firebase namespaced API) and will be removed in the next major release as part of move to match Firebase Web modular SDK API. Please see migration guide for more details: https://rnfirebase.io/migrating-to-v22. Method called was `serverTimestamp`. Please use `serverTimestamp()` instead.
06-15 18:32:28.356 15137  9836 W ReactNativeJS: 'This method is deprecated (as well as all React Native Firebase namespaced API) and will be removed in the next major release as part of move to match Firebase Web modular SDK API. Please see migration guide for more details: https://rnfirebase.io/migrating-to-v22 Please use `getApp()` instead.', { [Component Stack] name: 'Component Stack' }
06-15 18:32:28.375 15137  9836 W ReactNativeJS: 'This method is deprecated (as well as all React Native Firebase namespaced API) and will be removed in the next major release as part of move to match Firebase Web modular SDK API. Please see migration guide for more details: https://rnfirebase.io/migrating-to-v22 Please use `getApp()` instead.', { [Component Stack] name: 'Component Stack' }
06-15 18:32:28.387 15137  9836 W ReactNativeJS: 'This method is deprecated (as well as all React Native Firebase namespaced API) and will be removed in the next major release as part of move to match Firebase Web modular SDK API. Please see migration guide for more details: https://rnfirebase.io/migrating-to-v22. Method called was `logEvent`. Please use `logEvent()` instead.', { [Component Stack] name: 'Component Stack' }
06-15 18:32:28.424  1909  4225 I ActivityManager: Changes in 99097 19 to 3, 0 to 184
06-15 18:32:28.533 15137  9836 W ReactNativeJS: This method is deprecated (as well as all React Native Firebase namespaced API) and will be removed in the next major release as part of move to match Firebase Web modular SDK API. Please see migration guide for more details: https://rnfirebase.io/migrating-to-v22. Method called was `FieldValue`. Please use `FieldValue` instead.
06-15 18:32:28.534 15137  9836 W ReactNativeJS: This method is deprecated (as well as all React Native Firebase namespaced API) and will be removed in the next major release as part of move to match Firebase Web modular SDK API. Please see migration guide for more details: https://rnfirebase.io/migrating-to-v22. Method called was `delete`. Please use `deleteField()` instead.
06-15 18:32:28.534 15137  9836 W ReactNativeJS: This method is deprecated (as well as all React Native Firebase namespaced API) and will be removed in the next major release as part of move to match Firebase Web modular SDK API. Please see migration guide for more details: https://rnfirebase.io/migrating-to-v22. Method called was `FieldValue`. Please use `FieldValue` instead.
06-15 18:32:28.534 15137  9836 W ReactNativeJS: This method is deprecated (as well as all React Native Firebase namespaced API) and will be removed in the next major release as part of move to match Firebase Web modular SDK API. Please see migration guide for more details: https://rnfirebase.io/migrating-to-v22. Method called was `serverTimestamp`. Please use `serverTimestamp()` instead.
06-15 18:32:38.477  1909  4225 I ActivityManager: Changes in 99097 3 to 10, 184 to 0
06-15 18:35:36.835  1909  2065 I ActivityManager: Changes in 10095 19 to 8, 0 to 128
06-15 18:35:36.842  1909  2065 I ActivityManager: Changes in 10099 19 to 8, 0 to 128
06-15 18:35:36.856  1909  4225 I ActivityManager: Changes in 10095 8 to 10, 128 to 0
06-15 18:35:36.870  1909  4225 I ActivityManager: Changes in 10099 8 to 10, 128 to 0
06-15 18:36:04.533 15137  9836 W ReactNativeJS: This method is deprecated (as well as all React Native Firebase namespaced API) and will be removed in the next major release as part of move to match Firebase Web modular SDK API. Please see migration guide for more details: https://rnfirebase.io/migrating-to-v22. Method called was `FieldValue`. Please use `FieldValue` instead.
06-15 18:36:04.533 15137  9836 W ReactNativeJS: This method is deprecated (as well as all React Native Firebase namespaced API) and will be removed in the next major release as part of move to match Firebase Web modular SDK API. Please see migration guide for more details: https://rnfirebase.io/migrating-to-v22. Method called was `delete`. Please use `deleteField()` instead.
06-15 18:36:04.534 15137  9836 W ReactNativeJS: This method is deprecated (as well as all React Native Firebase namespaced API) and will be removed in the next major release as part of move to match Firebase Web modular SDK API. Please see migration guide for more details: https://rnfirebase.io/migrating-to-v22. Method called was `FieldValue`. Please use `FieldValue` instead.
06-15 18:36:04.534 15137  9836 W ReactNativeJS: This method is deprecated (as well as all React Native Firebase namespaced API) and will be removed in the next major release as part of move to match Firebase Web modular SDK API. Please see migration guide for more details: https://rnfirebase.io/migrating-to-v22. Method called was `serverTimestamp`. Please use `serverTimestamp()` instead.
06-15 18:38:13.144  1909  1965 I ActivityManager: Changes in 10147 5 to 2, 184 to 255
06-15 18:38:13.578  1909  1965 I ActivityManager: Changes in 10122 10 to 6, 0 to 128
06-15 18:38:13.987  1909  1965 I ActivityManager: Changes in 11042 2 to 15, 255 to 128
06-15 18:38:14.132  1909  4341 I ActivityManager: Changes in 99097 19 to 10, 0 to 128
06-15 18:38:14.187  1909  2720 I ActivityManager: Changes in 99097 15 to 15, 128 to 0
06-15 18:38:14.188  1909  2720 I ActivityManager: Changes in 11042 15 to 15, 128 to 0
06-15 18:38:15.033  1909  2720 I ActivityManager: Changes in 10147 2 to 5, 255 to 184
06-15 18:38:15.389  1909  1973 I ActivityManager: Start proc 14010:com.samsung.android.sm.devicesecurity/u0a214 for content provider {com.samsung.android.sm.devicesecurity/com.samsung.android.sm.devicesecurity.DeviceSecurityProvider}
06-15 18:38:15.389  1909  1973 I ActivityManager: ProcessObserver broadcast disabled
06-15 18:38:15.407  1909  1973 I ActivityManager: Start proc 14011:com.samsung.android.sm.provider/1000 for content provider {com.samsung.android.lool/com.samsung.android.sm.database.SmProvider}
06-15 18:38:15.408  1909  1973 I ActivityManager: ProcessObserver broadcast disabled
06-15 18:38:15.425  1909  1973 I ActivityManager: Start proc 14013:com.samsung.android.voc/u0a329 for content provider {com.samsung.android.voc/com.samsung.android.voc.diagnosis.provider.SamsungMembersDiagnosisProvider}
06-15 18:38:15.441  1909  1973 I ActivityManager: ProcessObserver broadcast disabled
06-15 18:38:15.657  1909  2749 I ActivityManager: Changes in 10214 19 to 3, 0 to 144
06-15 18:38:16.142  1909  2776 I ActivityManager: Changes in 10329 19 to 3, 0 to 144
06-15 18:38:21.801  1909  1971 I ActivityManager: Changes in 10214 3 to 15, 144 to 0
06-15 18:38:22.092  1909  1971 I ActivityManager: Changes in 10329 3 to 15, 144 to 0
06-15 18:38:24.440  1909  1965 I ActivityManager: Changes in 10147 5 to 2, 184 to 255
06-15 18:38:25.287  1909  1965 I ActivityManager: Changes in 99097 19 to 3, 0 to 184
06-15 18:38:25.287  1909  1965 I ActivityManager: Changes in 11042 16 to 2, 0 to 255
06-15 18:38:25.587  1909  1965 I ActivityManager: Changes in 10147 2 to 5, 255 to 184
06-15 18:38:26.521 15137  9836 W ReactNativeJS: This method is deprecated (as well as all React Native Firebase namespaced API) and will be removed in the next major release as part of move to match Firebase Web modular SDK API. Please see migration guide for more details: https://rnfirebase.io/migrating-to-v22. Method called was `FieldValue`. Please use `FieldValue` instead.
06-15 18:38:26.521 15137  9836 W ReactNativeJS: This method is deprecated (as well as all React Native Firebase namespaced API) and will be removed in the next major release as part of move to match Firebase Web modular SDK API. Please see migration guide for more details: https://rnfirebase.io/migrating-to-v22. Method called was `delete`. Please use `deleteField()` instead.
06-15 18:38:26.525 15137  9836 W ReactNativeJS: This method is deprecated (as well as all React Native Firebase namespaced API) and will be removed in the next major release as part of move to match Firebase Web modular SDK API. Please see migration guide for more details: https://rnfirebase.io/migrating-to-v22. Method called was `FieldValue`. Please use `FieldValue` instead.
06-15 18:38:26.526 15137  9836 W ReactNativeJS: This method is deprecated (as well as all React Native Firebase namespaced API) and will be removed in the next major release as part of move to match Firebase Web modular SDK API. Please see migration guide for more details: https://rnfirebase.io/migrating-to-v22. Method called was `serverTimestamp`. Please use `serverTimestamp()` instead.
06-15 18:38:35.611  1909  4225 I ActivityManager: Changes in 99097 3 to 10, 184 to 0
06-15 18:38:42.456  1909  1972 I ActivityManager: Killing 11271:com.samsung.aasaservice/1000 (adj 965): empty #25
06-15 18:38:42.460  1909  1972 I ActivityManager: Killing 10371:com.samsung.android.privateaccesstokens/u0a198 (adj 975): empty #26
06-15 18:38:42.463  1909  1972 I ActivityManager: Killing 10871:com.samsung.android.calendar/u0a222 (adj 975): empty #27
06-15 18:38:42.506  1909  2720 W ActivityManager: pid 1909 system sent binder code 12 with flags 1 to frozen apps and got error -32
06-15 18:38:42.508  1909  2720 W ActivityManager: Exception when unbinding service com.samsung.android.privateaccesstokens/.components.services.PATService
06-15 18:38:42.508  1909  2720 W ActivityManager: android.os.DeadObjectException
06-15 18:38:42.508  1909  2720 W ActivityManager: 	at android.os.BinderProxy.transactNative(Native Method)
06-15 18:38:42.508  1909  2720 W ActivityManager: 	at android.os.BinderProxy.transact(BinderProxy.java:661)
06-15 18:38:42.508  1909  2720 W ActivityManager: 	at android.app.IApplicationThread$Stub$Proxy.scheduleUnbindService(IApplicationThread.java:2033)
06-15 18:38:42.508  1909  2720 W ActivityManager: 	at android.app.IApplicationThread$Delegator.scheduleUnbindService(IApplicationThread.java:323)
06-15 18:38:42.508  1909  2720 W ActivityManager: 	at com.android.server.am.ActiveServices.removeConnectionLocked(qb/108940926 802103cef46cde14cb0d3b748d2076734c471a17d4b8e991ffa01c0e15de42a9:817)
06-15 18:38:42.508  1909  2720 W ActivityManager: 	at com.android.server.am.ActiveServices.killServicesLocked(qb/108940926 802103cef46cde14cb0d3b748d2076734c471a17d4b8e991ffa01c0e15de42a9:23)
06-15 18:38:42.508  1909  2720 W ActivityManager: 	at com.android.server.am.ActivityManagerService.cleanUpApplicationRecordLocked(qb/108940926 802103cef46cde14cb0d3b748d2076734c471a17d4b8e991ffa01c0e15de42a9:161)
06-15 18:38:42.508  1909  2720 W ActivityManager: 	at com.android.server.am.ActivityManagerService.handleAppDiedLocked(qb/108940926 802103cef46cde14cb0d3b748d2076734c471a17d4b8e991ffa01c0e15de42a9:193)
06-15 18:38:42.508  1909  2720 W ActivityManager: 	at com.android.server.am.ActivityManagerService.appDiedLocked(qb/108940926 802103cef46cde14cb0d3b748d2076734c471a17d4b8e991ffa01c0e15de42a9:570)
06-15 18:38:42.508  1909  2720 W ActivityManager: 	at com.android.server.am.ActivityManagerService$AppDeathRecipient.binderDied(qb/108940926 802103cef46cde14cb0d3b748d2076734c471a17d4b8e991ffa01c0e15de42a9:17)
06-15 18:38:42.508  1909  2720 W ActivityManager: 	at android.os.IBinder$DeathRecipient.binderDied(IBinder.java:346)
06-15 18:38:42.508  1909  2720 W ActivityManager: 	at android.os.BinderProxy.sendDeathNotice(BinderProxy.java:848)
06-15 18:40:57.641 15137  9836 W ReactNativeJS: 'This method is deprecated (as well as all React Native Firebase namespaced API) and will be removed in the next major release as part of move to match Firebase Web modular SDK API. Please see migration guide for more details: https://rnfirebase.io/migrating-to-v22 Please use `getApp()` instead.', { [Component Stack] name: 'Component Stack' }
06-15 18:40:57.663 15137  9836 W ReactNativeJS: 'This method is deprecated (as well as all React Native Firebase namespaced API) and will be removed in the next major release as part of move to match Firebase Web modular SDK API. Please see migration guide for more details: https://rnfirebase.io/migrating-to-v22 Please use `getApp()` instead.', { [Component Stack] name: 'Component Stack' }
06-15 18:40:57.677 15137  9836 W ReactNativeJS: 'This method is deprecated (as well as all React Native Firebase namespaced API) and will be removed in the next major release as part of move to match Firebase Web modular SDK API. Please see migration guide for more details: https://rnfirebase.io/migrating-to-v22. Method called was `logEvent`. Please use `logEvent()` instead.', { [Component Stack] name: 'Component Stack' }
06-15 18:40:57.717  1909  3174 I ActivityManager: Changes in 99097 19 to 3, 0 to 184
06-15 18:40:58.538 15137  9836 W ReactNativeJS: This method is deprecated (as well as all React Native Firebase namespaced API) and will be removed in the next major release as part of move to match Firebase Web modular SDK API. Please see migration guide for more details: https://rnfirebase.io/migrating-to-v22. Method called was `FieldValue`. Please use `FieldValue` instead.
06-15 18:40:58.538 15137  9836 W ReactNativeJS: This method is deprecated (as well as all React Native Firebase namespaced API) and will be removed in the next major release as part of move to match Firebase Web modular SDK API. Please see migration guide for more details: https://rnfirebase.io/migrating-to-v22. Method called was `delete`. Please use `deleteField()` instead.
06-15 18:40:58.538 15137  9836 W ReactNativeJS: This method is deprecated (as well as all React Native Firebase namespaced API) and will be removed in the next major release as part of move to match Firebase Web modular SDK API. Please see migration guide for more details: https://rnfirebase.io/migrating-to-v22. Method called was `FieldValue`. Please use `FieldValue` instead.
06-15 18:40:58.539 15137  9836 W ReactNativeJS: This method is deprecated (as well as all React Native Firebase namespaced API) and will be removed in the next major release as part of move to match Firebase Web modular SDK API. Please see migration guide for more details: https://rnfirebase.io/migrating-to-v22. Method called was `serverTimestamp`. Please use `serverTimestamp()` instead.
06-15 18:40:59.954 15137  9836 W ReactNativeJS: This method is deprecated (as well as all React Native Firebase namespaced API) and will be removed in the next major release as part of move to match Firebase Web modular SDK API. Please see migration guide for more details: https://rnfirebase.io/migrating-to-v22. Method called was `FieldValue`. Please use `FieldValue` instead.
06-15 18:40:59.954 15137  9836 W ReactNativeJS: This method is deprecated (as well as all React Native Firebase namespaced API) and will be removed in the next major release as part of move to match Firebase Web modular SDK API. Please see migration guide for more details: https://rnfirebase.io/migrating-to-v22. Method called was `delete`. Please use `deleteField()` instead.
06-15 18:40:59.954 15137  9836 W ReactNativeJS: This method is deprecated (as well as all React Native Firebase namespaced API) and will be removed in the next major release as part of move to match Firebase Web modular SDK API. Please see migration guide for more details: https://rnfirebase.io/migrating-to-v22. Method called was `FieldValue`. Please use `FieldValue` instead.
06-15 18:40:59.955 15137  9836 W ReactNativeJS: This method is deprecated (as well as all React Native Firebase namespaced API) and will be removed in the next major release as part of move to match Firebase Web modular SDK API. Please see migration guide for more details: https://rnfirebase.io/migrating-to-v22. Method called was `serverTimestamp`. Please use `serverTimestamp()` instead.
06-15 18:41:07.830  1909  4356 I ActivityManager: Changes in 99097 3 to 10, 184 to 0
06-15 18:42:47.657  1909  1972 I ActivityManager: Changes in 99115 19 to 19, 0 to 128
06-15 18:42:48.068  1909  3174 I ActivityManager: Changes in 99115 19 to 19, 128 to 0
06-15 18:48:49.885  1909  1973 I ActivityManager: Start proc 14715:com.sec.android.app.shealth:remote/u0a328 for service {com.sec.android.app.shealth/com.samsung.android.service.health.data.phd.PrivilegedHealthService}
06-15 18:48:49.885  1909  1973 I ActivityManager: ProcessObserver broadcast disabled
06-15 18:48:50.677  1909  1973 I ActivityManager: Start proc 14743:com.osp.app.signin/u0a117 for content provider {com.osp.app.signin/com.samsung.android.samsungaccount.utils.accounts.AccountManagerProvider}
06-15 18:48:50.677  1909  1973 I ActivityManager: ProcessObserver broadcast disabled
06-15 18:48:50.740  1909  4356 I ActivityManager: Killing 11672:com.google.android.webview:sandboxed_process0:org.chromium.content.app.SandboxedProcessService0:0/u0a253i115 (adj 905): empty #25
06-15 18:48:50.791  1909  3050 W ActivityManager: Scheduling restart of crashed service com.google.android.googlequicksearchbox/org.chromium.content.app.SandboxedProcessService0:0 in 1000ms for connection
06-15 18:48:51.425  1909  3174 I ActivityManager: Killing 11762:com.samsung.android.messaging/u0a130 (adj 965): empty #25
06-15 18:49:05.860  1909  1973 I ActivityManager: Start proc 14831:com.samsung.android.game.gos/u0a76 for service {com.samsung.android.game.gos/com.samsung.android.game.gos.service.MainIntentService}
06-15 18:49:05.861  1909  1973 I ActivityManager: ProcessObserver broadcast disabled
06-15 18:49:05.921  1909  2537 I ActivityManager: Changes in 99097 19 to 8, 0 to 128
06-15 18:49:05.992  1909  1973 I ActivityManager: Start proc 14844:com.google.android.gms.unstable/u0a252 for service {com.google.android.gms/com.google.android.gms.droidguard.DroidGuardService}
06-15 18:49:05.992  1909  1973 I ActivityManager: ProcessObserver broadcast disabled
06-15 18:49:07.936  1909  2057 I ActivityManager: Changes in 10348 19 to 6, 0 to 128
06-15 18:49:07.953  1909  2776 I ActivityManager: Changes in 10348 6 to 10, 128 to 0
06-15 18:49:09.162  1909  2410 I ActivityManager: Killing 12619:com.ss.android.ugc.trill/u0a388 (adj 925): Chimera #0
06-15 18:49:10.648  1909  2057 I ActivityManager: Changes in 99097 8 to 10, 128 to 0
06-15 18:49:10.653  1909  3050 I ActivityManager: Killing 12179:com.skt.skaf.OA00018282/u0a104 (adj 945): empty #25
06-15 18:49:10.716  1909  1935 I ActivityManager: Changes in 99097 19 to 5, 0 to 184
06-15 18:49:25.764  1909  4174 I ActivityManager: Changes in 99097 5 to 10, 184 to 0
06-15 18:50:46.574 15137  9836 W ReactNativeJS: This method is deprecated (as well as all React Native Firebase namespaced API) and will be removed in the next major release as part of move to match Firebase Web modular SDK API. Please see migration guide for more details: https://rnfirebase.io/migrating-to-v22. Method called was `FieldValue`. Please use `FieldValue` instead.
06-15 18:50:46.575 15137  9836 W ReactNativeJS: This method is deprecated (as well as all React Native Firebase namespaced API) and will be removed in the next major release as part of move to match Firebase Web modular SDK API. Please see migration guide for more details: https://rnfirebase.io/migrating-to-v22. Method called was `delete`. Please use `deleteField()` instead.
06-15 18:50:46.575 15137  9836 W ReactNativeJS: This method is deprecated (as well as all React Native Firebase namespaced API) and will be removed in the next major release as part of move to match Firebase Web modular SDK API. Please see migration guide for more details: https://rnfirebase.io/migrating-to-v22. Method called was `FieldValue`. Please use `FieldValue` instead.
06-15 18:50:46.576 15137  9836 W ReactNativeJS: This method is deprecated (as well as all React Native Firebase namespaced API) and will be removed in the next major release as part of move to match Firebase Web modular SDK API. Please see migration guide for more details: https://rnfirebase.io/migrating-to-v22. Method called was `serverTimestamp`. Please use `serverTimestamp()` instead.
06-15 18:51:00.525  1909  3698 I ActivityManager: Changes in 99097 19 to 5, 0 to 184
06-15 18:51:15.592  1909  2057 I ActivityManager: Changes in 99097 5 to 10, 184 to 0
06-15 18:53:12.654 15137  9836 W ReactNativeJS: This method is deprecated (as well as all React Native Firebase namespaced API) and will be removed in the next major release as part of move to match Firebase Web modular SDK API. Please see migration guide for more details: https://rnfirebase.io/migrating-to-v22. Method called was `FieldValue`. Please use `FieldValue` instead.
06-15 18:53:12.655 15137  9836 W ReactNativeJS: This method is deprecated (as well as all React Native Firebase namespaced API) and will be removed in the next major release as part of move to match Firebase Web modular SDK API. Please see migration guide for more details: https://rnfirebase.io/migrating-to-v22. Method called was `delete`. Please use `deleteField()` instead.
06-15 18:53:12.655 15137  9836 W ReactNativeJS: This method is deprecated (as well as all React Native Firebase namespaced API) and will be removed in the next major release as part of move to match Firebase Web modular SDK API. Please see migration guide for more details: https://rnfirebase.io/migrating-to-v22. Method called was `FieldValue`. Please use `FieldValue` instead.
06-15 18:53:12.655 15137  9836 W ReactNativeJS: This method is deprecated (as well as all React Native Firebase namespaced API) and will be removed in the next major release as part of move to match Firebase Web modular SDK API. Please see migration guide for more details: https://rnfirebase.io/migrating-to-v22. Method called was `serverTimestamp`. Please use `serverTimestamp()` instead.
06-15 18:55:47.210 15137  9836 W ReactNativeJS: This method is deprecated (as well as all React Native Firebase namespaced API) and will be removed in the next major release as part of move to match Firebase Web modular SDK API. Please see migration guide for more details: https://rnfirebase.io/migrating-to-v22. Method called was `FieldValue`. Please use `FieldValue` instead.
06-15 18:55:47.212 15137  9836 W ReactNativeJS: This method is deprecated (as well as all React Native Firebase namespaced API) and will be removed in the next major release as part of move to match Firebase Web modular SDK API. Please see migration guide for more details: https://rnfirebase.io/migrating-to-v22. Method called was `delete`. Please use `deleteField()` instead.
06-15 18:55:47.214 15137  9836 W ReactNativeJS: This method is deprecated (as well as all React Native Firebase namespaced API) and will be removed in the next major release as part of move to match Firebase Web modular SDK API. Please see migration guide for more details: https://rnfirebase.io/migrating-to-v22. Method called was `FieldValue`. Please use `FieldValue` instead.
06-15 18:55:47.216 15137  9836 W ReactNativeJS: This method is deprecated (as well as all React Native Firebase namespaced API) and will be removed in the next major release as part of move to match Firebase Web modular SDK API. Please see migration guide for more details: https://rnfirebase.io/migrating-to-v22. Method called was `serverTimestamp`. Please use `serverTimestamp()` instead.
06-15 18:59:19.035 15137  9836 W ReactNativeJS: This method is deprecated (as well as all React Native Firebase namespaced API) and will be removed in the next major release as part of move to match Firebase Web modular SDK API. Please see migration guide for more details: https://rnfirebase.io/migrating-to-v22. Method called was `FieldValue`. Please use `FieldValue` instead.
06-15 18:59:19.037 15137  9836 W ReactNativeJS: This method is deprecated (as well as all React Native Firebase namespaced API) and will be removed in the next major release as part of move to match Firebase Web modular SDK API. Please see migration guide for more details: https://rnfirebase.io/migrating-to-v22. Method called was `delete`. Please use `deleteField()` instead.
06-15 18:59:19.038 15137  9836 W ReactNativeJS: This method is deprecated (as well as all React Native Firebase namespaced API) and will be removed in the next major release as part of move to match Firebase Web modular SDK API. Please see migration guide for more details: https://rnfirebase.io/migrating-to-v22. Method called was `FieldValue`. Please use `FieldValue` instead.
06-15 18:59:19.039 15137  9836 W ReactNativeJS: This method is deprecated (as well as all React Native Firebase namespaced API) and will be removed in the next major release as part of move to match Firebase Web modular SDK API. Please see migration guide for more details: https://rnfirebase.io/migrating-to-v22. Method called was `serverTimestamp`. Please use `serverTimestamp()` instead.
06-15 19:01:50.925  1909  9411 I ActivityManager: Changes in 10107 19 to 5, 0 to 144
06-15 19:01:57.005  1909  1971 I ActivityManager: Changes in 10107 5 to 15, 144 to 0
06-15 19:02:48.067 15137  9836 W ReactNativeJS: This method is deprecated (as well as all React Native Firebase namespaced API) and will be removed in the next major release as part of move to match Firebase Web modular SDK API. Please see migration guide for more details: https://rnfirebase.io/migrating-to-v22. Method called was `FieldValue`. Please use `FieldValue` instead.
06-15 19:02:48.070 15137  9836 W ReactNativeJS: This method is deprecated (as well as all React Native Firebase namespaced API) and will be removed in the next major release as part of move to match Firebase Web modular SDK API. Please see migration guide for more details: https://rnfirebase.io/migrating-to-v22. Method called was `delete`. Please use `deleteField()` instead.
06-15 19:02:48.072 15137  9836 W ReactNativeJS: This method is deprecated (as well as all React Native Firebase namespaced API) and will be removed in the next major release as part of move to match Firebase Web modular SDK API. Please see migration guide for more details: https://rnfirebase.io/migrating-to-v22. Method called was `FieldValue`. Please use `FieldValue` instead.
06-15 19:02:48.074 15137  9836 W ReactNativeJS: This method is deprecated (as well as all React Native Firebase namespaced API) and will be removed in the next major release as part of move to match Firebase Web modular SDK API. Please see migration guide for more details: https://rnfirebase.io/migrating-to-v22. Method called was `serverTimestamp`. Please use `serverTimestamp()` instead.
06-15 19:06:05.755 15137  9836 W ReactNativeJS: This method is deprecated (as well as all React Native Firebase namespaced API) and will be removed in the next major release as part of move to match Firebase Web modular SDK API. Please see migration guide for more details: https://rnfirebase.io/migrating-to-v22. Method called was `FieldValue`. Please use `FieldValue` instead.
06-15 19:06:05.755 15137  9836 W ReactNativeJS: This method is deprecated (as well as all React Native Firebase namespaced API) and will be removed in the next major release as part of move to match Firebase Web modular SDK API. Please see migration guide for more details: https://rnfirebase.io/migrating-to-v22. Method called was `delete`. Please use `deleteField()` instead.
06-15 19:06:05.756 15137  9836 W ReactNativeJS: This method is deprecated (as well as all React Native Firebase namespaced API) and will be removed in the next major release as part of move to match Firebase Web modular SDK API. Please see migration guide for more details: https://rnfirebase.io/migrating-to-v22. Method called was `FieldValue`. Please use `FieldValue` instead.
06-15 19:06:05.756 15137  9836 W ReactNativeJS: This method is deprecated (as well as all React Native Firebase namespaced API) and will be removed in the next major release as part of move to match Firebase Web modular SDK API. Please see migration guide for more details: https://rnfirebase.io/migrating-to-v22. Method called was `serverTimestamp`. Please use `serverTimestamp()` instead.
06-15 19:06:35.857  1909  1972 I ActivityManager: Changes in 10108 10 to 10, 0 to 128
06-15 19:06:35.863  1909  3606 I ActivityManager: Changes in 10108 10 to 10, 128 to 0
06-15 19:11:00.530  1909  4206 I ActivityManager: Changes in 99097 19 to 5, 0 to 184
06-15 19:11:15.586  1909  4225 I ActivityManager: Changes in 99097 5 to 10, 184 to 0
06-15 19:18:21.875  1909  4206 I ActivityManager: Changes in 99097 19 to 5, 0 to 184
06-15 19:18:36.896  1909  4225 I ActivityManager: Changes in 99097 5 to 10, 184 to 0
06-15 19:24:05.913  1909  1972 I ActivityManager: Changes in 10108 10 to 10, 0 to 128
06-15 19:24:05.916  1909  2720 I ActivityManager: Changes in 10108 10 to 10, 128 to 0
06-15 19:24:05.958  1909  4206 I ActivityManager: Changes in 99097 19 to 5, 0 to 184
06-15 19:24:20.992  1909  2720 I ActivityManager: Changes in 99097 5 to 10, 184 to 0
06-15 19:31:00.578  1909  3434 I ActivityManager: Changes in 99097 19 to 5, 0 to 184
06-15 19:31:15.631  1909  4206 I ActivityManager: Changes in 99097 5 to 10, 184 to 0
06-15 19:31:51.243  1909  9411 I ActivityManager: Changes in 10107 19 to 5, 0 to 144
06-15 19:31:57.294  1909  1971 I ActivityManager: Changes in 10107 5 to 15, 144 to 0
06-15 19:44:19.613 15137  9836 W ReactNativeJS: This method is deprecated (as well as all React Native Firebase namespaced API) and will be removed in the next major release as part of move to match Firebase Web modular SDK API. Please see migration guide for more details: https://rnfirebase.io/migrating-to-v22. Method called was `FieldValue`. Please use `FieldValue` instead.
06-15 19:44:19.613 15137  9836 W ReactNativeJS: This method is deprecated (as well as all React Native Firebase namespaced API) and will be removed in the next major release as part of move to match Firebase Web modular SDK API. Please see migration guide for more details: https://rnfirebase.io/migrating-to-v22. Method called was `delete`. Please use `deleteField()` instead.
06-15 19:44:19.614 15137  9836 W ReactNativeJS: This method is deprecated (as well as all React Native Firebase namespaced API) and will be removed in the next major release as part of move to match Firebase Web modular SDK API. Please see migration guide for more details: https://rnfirebase.io/migrating-to-v22. Method called was `FieldValue`. Please use `FieldValue` instead.
06-15 19:44:19.614 15137  9836 W ReactNativeJS: This method is deprecated (as well as all React Native Firebase namespaced API) and will be removed in the next major release as part of move to match Firebase Web modular SDK API. Please see migration guide for more details: https://rnfirebase.io/migrating-to-v22. Method called was `serverTimestamp`. Please use `serverTimestamp()` instead.
06-15 19:46:30.364  1909  4225 I ActivityManager: Changes in 10096 6 to 5, 128 to 184
06-15 19:46:40.433  1909  3434 I ActivityManager: Changes in 10096 5 to 6, 184 to 128
06-15 19:48:19.841  1909  4206 I ActivityManager: Changes in 99097 19 to 5, 0 to 184
06-15 19:48:34.889  1909  4225 I ActivityManager: Changes in 99097 5 to 10, 184 to 0
06-15 19:51:00.538  1909  4225 I ActivityManager: Changes in 99097 19 to 5, 0 to 184
06-15 19:51:15.603  1909  2720 I ActivityManager: Changes in 99097 5 to 10, 184 to 0
06-15 19:54:35.171 15137  9836 W ReactNativeJS: This method is deprecated (as well as all React Native Firebase namespaced API) and will be removed in the next major release as part of move to match Firebase Web modular SDK API. Please see migration guide for more details: https://rnfirebase.io/migrating-to-v22. Method called was `FieldValue`. Please use `FieldValue` instead.
06-15 19:54:35.173 15137  9836 W ReactNativeJS: This method is deprecated (as well as all React Native Firebase namespaced API) and will be removed in the next major release as part of move to match Firebase Web modular SDK API. Please see migration guide for more details: https://rnfirebase.io/migrating-to-v22. Method called was `delete`. Please use `deleteField()` instead.
06-15 19:54:35.174 15137  9836 W ReactNativeJS: This method is deprecated (as well as all React Native Firebase namespaced API) and will be removed in the next major release as part of move to match Firebase Web modular SDK API. Please see migration guide for more details: https://rnfirebase.io/migrating-to-v22. Method called was `FieldValue`. Please use `FieldValue` instead.
06-15 19:54:35.176 15137  9836 W ReactNativeJS: This method is deprecated (as well as all React Native Firebase namespaced API) and will be removed in the next major release as part of move to match Firebase Web modular SDK API. Please see migration guide for more details: https://rnfirebase.io/migrating-to-v22. Method called was `serverTimestamp`. Please use `serverTimestamp()` instead.
06-15 19:59:05.949  1909  1972 I ActivityManager: Changes in 10108 10 to 10, 0 to 128
06-15 19:59:05.955  1909  3434 I ActivityManager: Changes in 10108 10 to 10, 128 to 0
06-15 19:59:06.013  1909  1935 I ActivityManager: Changes in 99097 19 to 5, 0 to 184
06-15 19:59:21.063  1909  3434 I ActivityManager: Changes in 99097 5 to 10, 184 to 0
06-15 20:00:44.002  1909  1972 I ActivityManager: Changes in 10099 19 to 11, 0 to 128
06-15 20:00:44.093  1909  1973 I ActivityManager: Start proc 16976:com.skt.skaf.OA00018282/u0a104 for content provider {com.skt.skaf.OA00018282/com.onestore.utils.ApiContentProvider}
06-15 20:00:44.093  1909  1973 I ActivityManager: ProcessObserver broadcast disabled
06-15 20:00:45.472  1909  1935 I ActivityManager: Changes in 99097 19 to 10, 0 to 128
06-15 20:00:45.472  1909  1935 I ActivityManager: Changes in 10104 19 to 10, 0 to 128
06-15 20:00:45.520  1909  4206 I ActivityManager: Killing 4734:com.facebook.katana/u0a356 (adj 945): empty #25
06-15 20:00:50.455  1909  1971 I ActivityManager: Changes in 99097 19 to 19, 128 to 0
06-15 20:00:50.455  1909  1971 I ActivityManager: Changes in 10104 19 to 19, 128 to 0
06-15 20:00:54.009  1909  2065 I ActivityManager: Changes in 10099 19 to 19, 128 to 0
06-15 20:01:51.559  1909  9411 I ActivityManager: Changes in 10107 19 to 5, 0 to 144
06-15 20:01:57.613  1909  1971 I ActivityManager: Changes in 10107 5 to 15, 144 to 0
06-15 20:02:28.151  1909  1973 I ActivityManager: Start proc 17076:com.ss.android.ugc.trill/u0a388 for broadcast {com.ss.android.ugc.trill/com.google.firebase.iid.FirebaseInstanceIdReceiver}
06-15 20:02:28.152  1909  1973 I ActivityManager: ProcessObserver broadcast disabled
06-15 20:02:28.870  1909  3434 I ActivityManager: Changes in 10388 19 to 11, 0 to 128
06-15 20:02:28.899  1909  3434 I ActivityManager: Killing 11934:com.google.android.as.oss/u0a248 (adj 935): empty #25
06-15 20:02:28.981  1909  4227 I ActivityManager: Changes in 99097 19 to 10, 0 to 128
06-15 20:02:28.995  1909  3174 I ActivityManager: Changes in 99097 10 to 10, 128 to 0
06-15 20:02:29.028  1909  1972 I ActivityManager: Changes in 10055 19 to 11, 0 to 128
06-15 20:02:29.050  1909  3606 I ActivityManager: Changes in 10055 11 to 5, 128 to 144
06-15 20:02:35.094  1909  1971 I ActivityManager: Changes in 10055 5 to 15, 144 to 0
06-15 20:02:35.410  1909  1971 I ActivityManager: Changes in 99097 19 to 19, 0 to 128
06-15 20:02:36.003  1909  4227 I ActivityManager: Process com.samsung.drmboost (pid 13010) has died: fg  SVC (186,1298)
06-15 20:02:45.445  1909  3434 I ActivityManager: Changes in 99097 19 to 10, 128 to 0
06-15 20:02:47.709  1909  2410 I ActivityManager: Killing 14013:com.samsung.android.voc/u0a329 (adj 905): Chimera #0
06-15 20:02:48.877  1909  2065 I ActivityManager: Changes in 10388 19 to 19, 128 to 0
06-15 20:03:01.528  1909  4206 I ActivityManager: Changes in 10348 19 to 6, 0 to 128
06-15 20:03:01.538  1909  3174 I ActivityManager: Changes in 10348 6 to 10, 128 to 0
06-15 20:05:00.867  1909  2410 I ActivityManager: Killing 17076:com.ss.android.ugc.trill/u0a388 (adj 905): Chimera #0
06-15 20:11:00.541  1909  4341 I ActivityManager: Changes in 99097 19 to 5, 0 to 184
06-15 20:11:15.606  1909  1933 I ActivityManager: Changes in 99097 5 to 10, 184 to 0
06-15 20:12:10.080  1909  1973 I ActivityManager: Start proc 18291:com.samsung.aasaservice/1000 for broadcast {com.samsung.aasaservice/com.samsung.aasaservice.AASAUpdateReceiver}
06-15 20:12:10.081  1909  1973 I ActivityManager: ProcessObserver broadcast disabled
06-15 20:12:10.269  1909  1973 I ActivityManager: Start proc 18311:com.samsung.android.privateaccesstokens/u0a198 for service {com.samsung.android.privateaccesstokens/com.samsung.android.privateaccesstokens.components.services.PATService}
06-15 20:12:10.269  1909  1973 I ActivityManager: ProcessObserver broadcast disabled
06-15 20:16:33.308  1909  1972 I ActivityManager: Changes in 10198 19 to 19, 0 to 128
06-15 20:16:33.308  1909  1972 I ActivityManager: Changes in 5009 19 to 19, 0 to 128
06-15 20:16:36.025  1909  1933 I ActivityManager: Changes in 99097 19 to 8, 0 to 128
06-15 20:16:36.048  1909  1933 I ActivityManager: Changes in 99097 8 to 10, 128 to 0
06-15 20:16:39.327  1909  4342 I ActivityManager: Changes in 99097 19 to 5, 0 to 184
06-15 20:16:39.391  1909  1971 I ActivityManager: Changes in 5009 19 to 19, 128 to 0
06-15 20:16:43.317  1909  2065 I ActivityManager: Changes in 10198 19 to 19, 128 to 0
06-15 20:16:43.317  1909  2065 I ActivityManager: Changes in 10122 10 to 10, 128 to 0
06-15 20:16:44.334  1909  3606 W ActivityManager: pid 6960 com.google.android.gms.persistent sent binder code 2 with flags 1 to frozen apps and got error -32
06-15 20:16:44.432  1909  4342 I ActivityManager: Process com.google.android.googlequicksearchbox:search (pid 11626) has died: cch+5 CEM (346,1393)
06-15 20:16:44.436  1909  2057 W ActivityManager: pid 8210 com.google.android.googlequicksearchbox:interactor sent binder code 2 with flags 1 to frozen apps and got error -32
06-15 20:16:44.457  1909  2225 I ActivityManager: Process com.google.android.googlequicksearchbox:googleapp (pid 11543) has died: fg  SVC (349,1394)
06-15 20:16:44.690  1909  1973 I ActivityManager: Start proc 18472:com.samsung.android.app.sharelive/5026 for broadcast {com.samsung.android.app.sharelive/com.samsung.android.app.sharelive.presentation.receiver.NearbyShareReceiver}
06-15 20:16:44.691  1909  1973 I ActivityManager: ProcessObserver broadcast disabled
06-15 20:16:45.136  1909  4341 I ActivityManager: Changes in 5026 19 to 11, 0 to 128
06-15 20:16:45.137  1909  4341 I ActivityManager: Changes in 5025 8 to 8, 0 to 128
06-15 20:16:45.143  1909  2225 I ActivityManager: Changes in 10117 19 to 11, 0 to 128
06-15 20:16:45.169  1909  2225 I ActivityManager: Changes in 10117 11 to 19, 128 to 0
06-15 20:16:45.170  1909  2225 I ActivityManager: Changes in 5026 11 to 19, 128 to 0
06-15 20:16:45.170  1909  2225 I ActivityManager: Changes in 5025 8 to 8, 128 to 0
06-15 20:16:54.573  1909  4341 I ActivityManager: Changes in 99097 5 to 10, 184 to 0
06-15 20:17:59.543 15137  9836 W ReactNativeJS: This method is deprecated (as well as all React Native Firebase namespaced API) and will be removed in the next major release as part of move to match Firebase Web modular SDK API. Please see migration guide for more details: https://rnfirebase.io/migrating-to-v22. Method called was `FieldValue`. Please use `FieldValue` instead.
06-15 20:17:59.545 15137  9836 W ReactNativeJS: This method is deprecated (as well as all React Native Firebase namespaced API) and will be removed in the next major release as part of move to match Firebase Web modular SDK API. Please see migration guide for more details: https://rnfirebase.io/migrating-to-v22. Method called was `delete`. Please use `deleteField()` instead.
06-15 20:17:59.547 15137  9836 W ReactNativeJS: This method is deprecated (as well as all React Native Firebase namespaced API) and will be removed in the next major release as part of move to match Firebase Web modular SDK API. Please see migration guide for more details: https://rnfirebase.io/migrating-to-v22. Method called was `FieldValue`. Please use `FieldValue` instead.
06-15 20:17:59.548 15137  9836 W ReactNativeJS: This method is deprecated (as well as all React Native Firebase namespaced API) and will be removed in the next major release as part of move to match Firebase Web modular SDK API. Please see migration guide for more details: https://rnfirebase.io/migrating-to-v22. Method called was `serverTimestamp`. Please use `serverTimestamp()` instead.
06-15 20:22:07.201  1909  4341 I ActivityManager: Changes in 99097 19 to 8, 0 to 128
06-15 20:22:07.283  1909  2225 I ActivityManager: Changes in 99097 8 to 10, 128 to 0
06-15 20:27:46.219  1909  1972 I ActivityManager: Changes in 10108 10 to 10, 0 to 128
06-15 20:27:46.230  1909  2225 I ActivityManager: Changes in 10108 10 to 10, 128 to 0
06-15 20:30:47.479  1909  1973 I ActivityManager: Start proc 18845:com.google.android.googlequicksearchbox:googleapp/u0a253 for broadcast {com.google.android.googlequicksearchbox/com.google.firebase.iid.FirebaseInstanceIdReceiver}
06-15 20:30:47.480  1909  1973 I ActivityManager: ProcessObserver broadcast disabled
06-15 20:30:47.711  1909  2225 I ActivityManager: Changes in 99097 19 to 11, 0 to 128
06-15 20:30:48.297  1909  2225 I ActivityManager: Changes in 99097 11 to 19, 128 to 0
06-15 20:30:48.319  1909  1973 I ActivityManager: Start proc 18923:com.google.android.googlequicksearchbox:search/u0a253 for broadcast {com.google.android.googlequicksearchbox/com.google.android.libraries.search.gcm.search.SearchProcessGcmBroadcastReceiver_Receiver}
06-15 20:30:48.319  1909  1973 I ActivityManager: ProcessObserver broadcast disabled
06-15 20:30:48.493  1909  1973 I ActivityManager: Start proc 18959:com.google.android.webview:sandboxed_process0:org.chromium.content.app.SandboxedProcessService0:0/u0i116 for  {com.google.android.googlequicksearchbox/org.chromium.content.app.SandboxedProcessService0:0}
06-15 20:30:48.494  1909  1973 I ActivityManager: ProcessObserver broadcast disabled
06-15 20:30:48.497 18959 18959 E libc    : SetHeapTaggingLevel: re-enabling tagging after it was disabled is not supported
06-15 20:30:48.575  1909  2537 I ActivityManager: Killing 11441:com.samsung.mfcontents/u0a95 (adj 905): empty #25
06-15 20:31:00.537  1909  1933 I ActivityManager: Changes in 99097 19 to 5, 0 to 184
06-15 20:31:15.578  1909  4341 I ActivityManager: Changes in 99097 5 to 10, 184 to 0
06-15 20:31:51.870  1909  9411 I ActivityManager: Changes in 10107 19 to 5, 0 to 144
06-15 20:31:57.926  1909  1971 I ActivityManager: Changes in 10107 5 to 15, 144 to 0
06-15 20:34:17.720  1909  1933 I ActivityManager: com.samsung.android.app.telephonyui is exempt from freezer by list
06-15 20:34:17.733  1909  1973 I ActivityManager: Start proc 19150:com.samsung.android.app.telephonyui/1001 for content provider {com.samsung.android.app.telephonyui/com.samsung.android.app.telephonyui.provider.InternalContentProvider}
06-15 20:34:17.733  1909  1973 I ActivityManager: ProcessObserver broadcast disabled
06-15 20:34:44.343  1909  1972 I ActivityManager: Killing 14010:com.samsung.android.sm.devicesecurity/u0a214 (adj 905): empty #25
06-15 20:37:01.674 15137  9836 W ReactNativeJS: This method is deprecated (as well as all React Native Firebase namespaced API) and will be removed in the next major release as part of move to match Firebase Web modular SDK API. Please see migration guide for more details: https://rnfirebase.io/migrating-to-v22. Method called was `FieldValue`. Please use `FieldValue` instead.
06-15 20:37:01.674 15137  9836 W ReactNativeJS: This method is deprecated (as well as all React Native Firebase namespaced API) and will be removed in the next major release as part of move to match Firebase Web modular SDK API. Please see migration guide for more details: https://rnfirebase.io/migrating-to-v22. Method called was `delete`. Please use `deleteField()` instead.
06-15 20:37:01.675 15137  9836 W ReactNativeJS: This method is deprecated (as well as all React Native Firebase namespaced API) and will be removed in the next major release as part of move to match Firebase Web modular SDK API. Please see migration guide for more details: https://rnfirebase.io/migrating-to-v22. Method called was `FieldValue`. Please use `FieldValue` instead.
06-15 20:37:01.675 15137  9836 W ReactNativeJS: This method is deprecated (as well as all React Native Firebase namespaced API) and will be removed in the next major release as part of move to match Firebase Web modular SDK API. Please see migration guide for more details: https://rnfirebase.io/migrating-to-v22. Method called was `serverTimestamp`. Please use `serverTimestamp()` instead.
06-15 20:45:46.143 15137  9836 W ReactNativeJS: This method is deprecated (as well as all React Native Firebase namespaced API) and will be removed in the next major release as part of move to match Firebase Web modular SDK API. Please see migration guide for more details: https://rnfirebase.io/migrating-to-v22. Method called was `FieldValue`. Please use `FieldValue` instead.
06-15 20:45:46.145 15137  9836 W ReactNativeJS: This method is deprecated (as well as all React Native Firebase namespaced API) and will be removed in the next major release as part of move to match Firebase Web modular SDK API. Please see migration guide for more details: https://rnfirebase.io/migrating-to-v22. Method called was `delete`. Please use `deleteField()` instead.
06-15 20:45:46.146 15137  9836 W ReactNativeJS: This method is deprecated (as well as all React Native Firebase namespaced API) and will be removed in the next major release as part of move to match Firebase Web modular SDK API. Please see migration guide for more details: https://rnfirebase.io/migrating-to-v22. Method called was `FieldValue`. Please use `FieldValue` instead.
06-15 20:45:46.147 15137  9836 W ReactNativeJS: This method is deprecated (as well as all React Native Firebase namespaced API) and will be removed in the next major release as part of move to match Firebase Web modular SDK API. Please see migration guide for more details: https://rnfirebase.io/migrating-to-v22. Method called was `serverTimestamp`. Please use `serverTimestamp()` instead.
06-15 20:47:59.545 15137  9836 W ReactNativeJS: This method is deprecated (as well as all React Native Firebase namespaced API) and will be removed in the next major release as part of move to match Firebase Web modular SDK API. Please see migration guide for more details: https://rnfirebase.io/migrating-to-v22. Method called was `FieldValue`. Please use `FieldValue` instead.
06-15 20:47:59.546 15137  9836 W ReactNativeJS: This method is deprecated (as well as all React Native Firebase namespaced API) and will be removed in the next major release as part of move to match Firebase Web modular SDK API. Please see migration guide for more details: https://rnfirebase.io/migrating-to-v22. Method called was `delete`. Please use `deleteField()` instead.
06-15 20:47:59.546 15137  9836 W ReactNativeJS: This method is deprecated (as well as all React Native Firebase namespaced API) and will be removed in the next major release as part of move to match Firebase Web modular SDK API. Please see migration guide for more details: https://rnfirebase.io/migrating-to-v22. Method called was `FieldValue`. Please use `FieldValue` instead.
06-15 20:47:59.547 15137  9836 W ReactNativeJS: This method is deprecated (as well as all React Native Firebase namespaced API) and will be removed in the next major release as part of move to match Firebase Web modular SDK API. Please see migration guide for more details: https://rnfirebase.io/migrating-to-v22. Method called was `serverTimestamp`. Please use `serverTimestamp()` instead.
06-15 20:50:30.419  1909  2749 I ActivityManager: Changes in 99097 19 to 5, 0 to 184
06-15 20:50:45.448  1909  2720 I ActivityManager: Changes in 99097 4 to 10, 184 to 0
06-15 20:51:00.534  1909  4341 I ActivityManager: Changes in 99097 19 to 5, 0 to 184
06-15 20:51:15.603  1909  2225 I ActivityManager: Changes in 99097 5 to 10, 184 to 0
06-15 20:56:59.489 15137  9836 W ReactNativeJS: This method is deprecated (as well as all React Native Firebase namespaced API) and will be removed in the next major release as part of move to match Firebase Web modular SDK API. Please see migration guide for more details: https://rnfirebase.io/migrating-to-v22. Method called was `FieldValue`. Please use `FieldValue` instead.
06-15 20:56:59.491 15137  9836 W ReactNativeJS: This method is deprecated (as well as all React Native Firebase namespaced API) and will be removed in the next major release as part of move to match Firebase Web modular SDK API. Please see migration guide for more details: https://rnfirebase.io/migrating-to-v22. Method called was `delete`. Please use `deleteField()` instead.
06-15 20:56:59.492 15137  9836 W ReactNativeJS: This method is deprecated (as well as all React Native Firebase namespaced API) and will be removed in the next major release as part of move to match Firebase Web modular SDK API. Please see migration guide for more details: https://rnfirebase.io/migrating-to-v22. Method called was `FieldValue`. Please use `FieldValue` instead.
06-15 20:56:59.493 15137  9836 W ReactNativeJS: This method is deprecated (as well as all React Native Firebase namespaced API) and will be removed in the next major release as part of move to match Firebase Web modular SDK API. Please see migration guide for more details: https://rnfirebase.io/migrating-to-v22. Method called was `serverTimestamp`. Please use `serverTimestamp()` instead.
06-15 20:59:22.456  1909  1972 I ActivityManager: Changes in 10198 19 to 19, 0 to 128
06-15 20:59:22.456  1909  1972 I ActivityManager: Changes in 10122 10 to 10, 0 to 128
06-15 20:59:42.479  1909  2065 I ActivityManager: Changes in 10198 19 to 19, 128 to 0
06-15 20:59:42.479  1909  2065 I ActivityManager: Changes in 10122 10 to 10, 128 to 0
06-15 21:00:34.487  1909  1973 I ActivityManager: Start proc 19803:com.samsung.android.dqagent/1000 for broadcast {com.samsung.android.dqagent/com.samsung.android.dqagent.receiver.DQADataReceiver}
06-15 21:00:34.488  1909  1973 I ActivityManager: ProcessObserver broadcast disabled
06-15 21:00:34.807  1909  2749 I ActivityManager: Killing 4553:com.samsung.android.scs/u0a116 (adj 925): empty #25
06-15 21:00:54.773  1909  1972 I ActivityManager: Changes in 10108 10 to 10, 0 to 128
06-15 21:00:54.775  1909  1933 I ActivityManager: Changes in 10108 10 to 10, 128 to 0
06-15 21:01:52.191  1909  9411 I ActivityManager: Changes in 10107 19 to 5, 0 to 144
06-15 21:01:58.250  1909  1971 I ActivityManager: Changes in 10107 5 to 15, 144 to 0
06-15 21:06:47.315  1909  1972 I ActivityManager: Changes in 99116 19 to 19, 0 to 128
06-15 21:06:47.514  1909  2749 I ActivityManager: Changes in 99116 19 to 19, 128 to 0
06-15 21:08:13.641  1909  1965 I ActivityManager: Changes in 10147 5 to 2, 184 to 255
06-15 21:08:13.936  1909  1965 I ActivityManager: Changes in 10122 10 to 6, 0 to 128
06-15 21:08:14.446  1909  1965 I ActivityManager: Changes in 11042 2 to 15, 255 to 128
06-15 21:08:14.563  1909  2225 I ActivityManager: Changes in 99097 19 to 10, 0 to 128
06-15 21:08:14.568  1909  1933 I ActivityManager: Changes in 99097 10 to 10, 128 to 0
06-15 21:08:14.568  1909  1933 I ActivityManager: Changes in 11042 15 to 15, 128 to 0
06-15 21:08:15.177  1909  2720 I ActivityManager: Changes in 10147 2 to 5, 255 to 184
06-15 21:08:16.001  1909  1973 I ActivityManager: Start proc 20099:com.samsung.android.sm.devicesecurity/u0a214 for content provider {com.samsung.android.sm.devicesecurity/com.samsung.android.sm.devicesecurity.DeviceSecurityProvider}
06-15 21:08:16.001  1909  1973 I ActivityManager: ProcessObserver broadcast disabled
06-15 21:08:16.014  1909  1973 I ActivityManager: Start proc 20101:com.samsung.android.voc/u0a329 for content provider {com.samsung.android.voc/com.samsung.android.voc.diagnosis.provider.SamsungMembersDiagnosisProvider}
06-15 21:08:16.046  1909  1973 I ActivityManager: ProcessObserver broadcast disabled
06-15 21:08:16.047  1909  1973 W ActivityManager: Slow operation: 59ms so far, now at startProcess: done updating pids map
06-15 21:08:16.196  1909  2749 I ActivityManager: Changes in 10214 19 to 3, 0 to 144
06-15 21:08:16.512  1909  2225 I ActivityManager: Changes in 10329 19 to 3, 0 to 144
06-15 21:08:18.097  1909  3434 I ActivityManager: Changes in 10329 3 to 10, 144 to 128
06-15 21:08:18.097  1909  3434 I ActivityManager: Changes in 10214 3 to 10, 144 to 128
06-15 21:08:18.220  1909  2769 I ActivityManager: Changes in 10117 19 to 3, 0 to 144
06-15 21:08:18.807  1909  1965 I ActivityManager: Changes in 10329 10 to 10, 128 to 0
06-15 21:08:18.807  1909  1965 I ActivityManager: Changes in 10214 10 to 10, 128 to 0
06-15 21:08:20.094  1909  1973 I ActivityManager: Start proc 20210:com.samsung.android.scloud/5009 for content provider {com.samsung.android.scloud/com.samsung.android.scloud.app.manifest.SCloudStatusProvider}
06-15 21:08:20.094  1909  1973 I ActivityManager: ProcessObserver broadcast disabled
06-15 21:08:20.705  1909  1933 I ActivityManager: Changes in 5009 19 to 5, 0 to 144
06-15 21:08:20.705  1909  1933 I ActivityManager: Changes in 5004 19 to 5, 0 to 144
06-15 21:08:20.816  1909  3434 I ActivityManager: Changes in 10120 10 to 5, 0 to 144
06-15 21:08:20.876  1909  1973 I ActivityManager: Start proc 20395:com.samsung.android.app.notes/u0a326 for content provider {com.samsung.android.app.notes/com.samsung.android.support.senl.nt.app.sync.cloudsettings.callee.NotesSyncRpcProvider}
06-15 21:08:20.876  1909  1973 I ActivityManager: ProcessObserver broadcast disabled
06-15 21:08:20.884  1909  1933 I ActivityManager: Changes in 10328 19 to 5, 0 to 144
06-15 21:08:20.916  1909  1973 W ActivityManager: Slow operation: 64ms so far, now at startProcess: returned from zygote!
06-15 21:08:20.916  1909  1973 W ActivityManager: Slow operation: 64ms so far, now at startProcess: done updating battery stats
06-15 21:08:20.917  1909  1973 W ActivityManager: Slow operation: 65ms so far, now at startProcess: building log message
06-15 21:08:20.917  1909  1973 I ActivityManager: Start proc 20400:com.samsung.android.samsungpass/u0a127 for content provider {com.samsung.android.samsungpass/com.samsung.android.samsungpass.websignin.signindb.SCSyncSettingLibraryProvider}
06-15 21:08:20.917  1909  1973 W ActivityManager: Slow operation: 65ms so far, now at startProcess: starting to update pids map
06-15 21:08:20.927  1909  1973 I ActivityManager: ProcessObserver broadcast disabled
06-15 21:08:20.927  1909  1973 W ActivityManager: Slow operation: 75ms so far, now at startProcess: done updating pids map
06-15 21:08:20.927  1909  1973 W ActivityManager: Slow operation: 70ms so far, now at startProcess: asking zygote to start proc
06-15 21:08:20.943  1909  1973 W ActivityManager: Slow operation: 86ms so far, now at startProcess: returned from zygote!
06-15 21:08:20.951  1909  1973 W ActivityManager: Slow operation: 94ms so far, now at startProcess: done updating battery stats
06-15 21:08:20.951  1909  1973 W ActivityManager: Slow operation: 94ms so far, now at startProcess: building log message
06-15 21:08:20.951  1909  1973 I ActivityManager: Start proc 20410:com.samsung.android.aremoji/u0a50 for content provider {com.samsung.android.aremoji/com.samsung.android.aremoji.home.sync.SamsungCloudProvider}
06-15 21:08:20.951  1909  1973 W ActivityManager: Slow operation: 94ms so far, now at startProcess: starting to update pids map
06-15 21:08:21.003  1909  1973 I ActivityManager: ProcessObserver broadcast disabled
06-15 21:08:21.003  1909  1973 W ActivityManager: Slow operation: 146ms so far, now at startProcess: done updating pids map
06-15 21:08:21.003  1909  1973 W ActivityManager: Slow operation: 136ms so far, now at startProcess: asking zygote to start proc
06-15 21:08:21.016  1909  1933 I ActivityManager: Changes in 10329 10 to 3, 0 to 144
06-15 21:08:21.016  1909  1933 I ActivityManager: Changes in 10214 10 to 3, 0 to 144
06-15 21:08:21.031  1909  1973 W ActivityManager: Slow operation: 164ms so far, now at startProcess: returned from zygote!
06-15 21:08:21.031  1909  1973 W ActivityManager: Slow operation: 164ms so far, now at startProcess: done updating battery stats
06-15 21:08:21.031  1909  1973 W ActivityManager: Slow operation: 164ms so far, now at startProcess: building log message
06-15 21:08:21.031  1909  1973 I ActivityManager: Start proc 20447:com.samsung.android.calendar/u0a222 for content provider {com.samsung.android.calendar/com.samsung.android.libcalendar.platform.samsungcloud.RPCSettingProvider}
06-15 21:08:21.031  1909  1973 W ActivityManager: Slow operation: 164ms so far, now at startProcess: starting to update pids map
06-15 21:08:21.031  1909  1973 I ActivityManager: ProcessObserver broadcast disabled
06-15 21:08:21.031  1909  1973 W ActivityManager: Slow operation: 164ms so far, now at startProcess: done updating pids map
06-15 21:08:21.031  1909  1973 W ActivityManager: Slow operation: 151ms so far, now at startProcess: asking zygote to start proc
06-15 21:08:21.077  1909  1973 W ActivityManager: Slow operation: 196ms so far, now at startProcess: returned from zygote!
06-15 21:08:21.125  1909  1973 W ActivityManager: Slow operation: 244ms so far, now at startProcess: done updating battery stats
06-15 21:08:21.125  1909  1973 W ActivityManager: Slow operation: 244ms so far, now at startProcess: building log message
06-15 21:08:21.125  1909  1973 I ActivityManager: Start proc 20452:com.sec.android.app.sbrowser/u0a330 for content provider {com.sec.android.app.sbrowser/com.sec.android.app.sbrowser.sync.SamsungCloudSyncSettingProvider}
06-15 21:08:21.125  1909  1973 W ActivityManager: Slow operation: 244ms so far, now at startProcess: starting to update pids map
06-15 21:08:21.125  1909  1973 I ActivityManager: ProcessObserver broadcast disabled
06-15 21:08:21.125  1909  1973 W ActivityManager: Slow operation: 244ms so far, now at startProcess: done updating pids map
06-15 21:08:21.125  1909  1973 W ActivityManager: Slow operation: 223ms so far, now at startProcess: asking zygote to start proc
06-15 21:08:21.154  1909  1973 W ActivityManager: Slow operation: 252ms so far, now at startProcess: returned from zygote!
06-15 21:08:21.170  1909  1973 W ActivityManager: Slow operation: 268ms so far, now at startProcess: done updating battery stats
06-15 21:08:21.171  1909  1973 W ActivityManager: Slow operation: 269ms so far, now at startProcess: building log message
06-15 21:08:21.171  1909  1973 I ActivityManager: Start proc 20474:com.samsung.android.app.reminder/u0a224 for content provider {com.samsung.android.app.reminder/com.samsung.android.app.reminder.data.sync.CloudConnectionProvider}
06-15 21:08:21.171  1909  1973 W ActivityManager: Slow operation: 269ms so far, now at startProcess: starting to update pids map
06-15 21:08:21.171  1909  1973 I ActivityManager: ProcessObserver broadcast disabled
06-15 21:08:21.171  1909  1973 W ActivityManager: Slow operation: 269ms so far, now at startProcess: done updating pids map
06-15 21:08:21.508  1909  1973 I ActivityManager: Start proc 20501:com.samsung.android.stickercenter/1000 for service {com.samsung.android.stickercenter/com.samsung.android.stickercenter.StickerCenterService}
06-15 21:08:21.508  1909  1973 I ActivityManager: ProcessObserver broadcast disabled
06-15 21:08:21.614  1909  4206 I ActivityManager: Changes in 10050 19 to 5, 0 to 144
06-15 21:08:21.678  1909  3434 I ActivityManager: Changes in 10222 19 to 5, 0 to 144
06-15 21:08:21.689  1909  1973 I ActivityManager: Start proc 20536:com.android.providers.calendar/u0a115 for content provider {com.android.providers.calendar/com.android.providers.calendar.CalendarProvider2}
06-15 21:08:21.692  1909  1973 I ActivityManager: ProcessObserver broadcast disabled
06-15 21:08:21.826  1909  1933 I ActivityManager: Changes in 10115 19 to 5, 0 to 144
06-15 21:08:21.934  1909  2769 I ActivityManager: Changes in 99097 15 to 5, 0 to 184
06-15 21:08:21.935  1909  2769 I ActivityManager: Changes in 10330 19 to 5, 0 to 144
06-15 21:08:21.982  1909  2867 I ActivityManager: Changes in 10127 19 to 5, 0 to 144
06-15 21:08:21.995  1909  1973 I ActivityManager: Start proc 20594:com.samsung.android.authfw/5278 for service {com.samsung.android.authfw/com.samsung.android.authfw.pass.PassService}
06-15 21:08:21.995  1909  1973 I ActivityManager: ProcessObserver broadcast disabled
06-15 21:08:22.037  1909  2867 I ActivityManager: Changes in 10224 19 to 5, 0 to 144
06-15 21:08:22.259  1909  4341 I ActivityManager: Changes in 5278 19 to 5, 0 to 184
06-15 21:08:22.426  1909  2225 I ActivityManager: Changes in 10326 19 to 5, 0 to 144
06-15 21:08:22.470  1909  1971 I ActivityManager: Changes in 10329 3 to 15, 144 to 0
06-15 21:08:22.541  1909  1973 I ActivityManager: Start proc 20644:com.sec.android.app.sbrowser:privileged_process0/u0a330 for service {com.sec.android.app.sbrowser/org.chromium.content.app.PrivilegedProcessService0}
06-15 21:08:22.542  1909  1973 I ActivityManager: ProcessObserver broadcast disabled
06-15 21:08:22.640  1909  2225 I ActivityManager: Changes in 10330 5 to 5, 144 to 184
06-15 21:08:23.821  1909  2225 I ActivityManager: Changes in 10056 19 to 5, 0 to 144
06-15 21:08:25.353  1909  2225 I ActivityManager: Changes in 10117 5 to 5, 144 to 184
06-15 21:08:25.604  1909  4340 I ActivityManager: Changes in 10117 5 to 5, 184 to 144
06-15 21:08:26.747  1909  1971 I ActivityManager: Changes in 5004 5 to 15, 144 to 0
06-15 21:08:27.003  1909  1971 I ActivityManager: Changes in 10328 5 to 15, 144 to 0
06-15 21:08:27.464  1909  1971 I ActivityManager: Changes in 10214 3 to 15, 144 to 0
06-15 21:08:27.570  1909  1971 I ActivityManager: Changes in 10120 5 to 10, 144 to 0
06-15 21:08:27.781  1909  1971 I ActivityManager: Changes in 99097 5 to 15, 184 to 0
06-15 21:08:27.782  1909  1971 I ActivityManager: Changes in 10330 5 to 15, 184 to 0
06-15 21:08:27.783  1909  1971 I ActivityManager: Changes in 10326 5 to 15, 144 to 0
06-15 21:08:27.783  1909  1971 I ActivityManager: Changes in 10224 5 to 15, 144 to 0
06-15 21:08:27.783  1909  1971 I ActivityManager: Changes in 10222 5 to 15, 144 to 0
06-15 21:08:27.783  1909  1971 I ActivityManager: Changes in 10127 5 to 15, 144 to 0
06-15 21:08:27.783  1909  1971 I ActivityManager: Changes in 10117 5 to 15, 144 to 0
06-15 21:08:27.784  1909  1971 I ActivityManager: Changes in 10115 5 to 15, 144 to 0
06-15 21:08:27.784  1909  1971 I ActivityManager: Changes in 10056 5 to 15, 144 to 0
06-15 21:08:27.784  1909  1971 I ActivityManager: Changes in 10050 5 to 15, 144 to 0
06-15 21:08:27.784  1909  1971 I ActivityManager: Changes in 5278 5 to 15, 184 to 0
06-15 21:08:27.923  1909  1971 I ActivityManager: Changes in 5009 5 to 15, 144 to 0
06-15 21:08:28.753  1909  2224 I ActivityManager: Changes in 10147 5 to 2, 184 to 255
06-15 21:08:29.651  1909  3050 I ActivityManager: Changes in 11042 16 to 2, 0 to 255
06-15 21:08:29.695  1909  3050 I ActivityManager: Changes in 99097 19 to 3, 0 to 184
06-15 21:08:29.998  1909  1965 I ActivityManager: Changes in 10147 2 to 5, 255 to 184
06-15 21:08:30.693 15137  9836 W ReactNativeJS: This method is deprecated (as well as all React Native Firebase namespaced API) and will be removed in the next major release as part of move to match Firebase Web modular SDK API. Please see migration guide for more details: https://rnfirebase.io/migrating-to-v22. Method called was `FieldValue`. Please use `FieldValue` instead.
06-15 21:08:30.693 15137  9836 W ReactNativeJS: This method is deprecated (as well as all React Native Firebase namespaced API) and will be removed in the next major release as part of move to match Firebase Web modular SDK API. Please see migration guide for more details: https://rnfirebase.io/migrating-to-v22. Method called was `delete`. Please use `deleteField()` instead.
06-15 21:08:30.694 15137  9836 W ReactNativeJS: This method is deprecated (as well as all React Native Firebase namespaced API) and will be removed in the next major release as part of move to match Firebase Web modular SDK API. Please see migration guide for more details: https://rnfirebase.io/migrating-to-v22. Method called was `FieldValue`. Please use `FieldValue` instead.
06-15 21:08:30.694 15137  9836 W ReactNativeJS: This method is deprecated (as well as all React Native Firebase namespaced API) and will be removed in the next major release as part of move to match Firebase Web modular SDK API. Please see migration guide for more details: https://rnfirebase.io/migrating-to-v22. Method called was `serverTimestamp`. Please use `serverTimestamp()` instead.
06-15 21:08:30.926  1909  1971 I ActivityManager: Killing 11903:com.samsung.faceservice/5004 (adj 995): empty #25
06-15 21:08:30.980  1909  1971 I ActivityManager: Killing 14844:com.google.android.gms.unstable/u0a252 (adj 995): empty #25
06-15 21:08:31.376  1909  1971 I ActivityManager: Killing 11440:com.lguplus.appstore/u0a99 (adj 985): empty #25
06-15 21:08:40.054  1909  4341 I ActivityManager: Changes in 99097 3 to 10, 184 to 0
06-15 21:08:40.059  1909  4174 I ActivityManager: Killing 13140:com.google.android.rkpdapp/u0a348 (adj 975): empty #25
06-15 21:08:40.069  1909  4174 I ActivityManager: Killing 11494:com.sec.android.provider.badge/u0a55 (adj 985): empty #26
06-15 21:08:42.486  1909  1972 I ActivityManager: Killing 18291:com.samsung.aasaservice/1000 (adj 975): empty #25
06-15 21:08:44.270  1909  1972 I ActivityManager: Killing 18472:com.samsung.android.app.sharelive/5026 (adj 965): empty #25
06-15 21:08:46.749  1909  1972 I ActivityManager: Killing 16976:com.skt.skaf.OA00018282/u0a104 (adj 955): empty #25
06-15 21:08:47.752  1909  1972 I ActivityManager: Killing 19803:com.samsung.android.dqagent/1000 (adj 945): empty #25
06-15 21:08:47.757  1909  1972 I ActivityManager: Killing 19150:com.samsung.android.app.telephonyui/1001 (adj 945): empty #26
06-15 21:08:47.759  1909  1972 I ActivityManager: Killing 18959:com.google.android.webview:sandboxed_process0:org.chromium.content.app.SandboxedProcessService0:0/u0a253i116 (adj 955): empty #27
06-15 21:08:47.805  1909  4341 W ActivityManager: Scheduling restart of crashed service com.google.android.googlequicksearchbox/org.chromium.content.app.SandboxedProcessService0:0 in 1000ms for connection
06-15 21:08:48.748  1909  1972 I ActivityManager: Killing 11342:com.samsung.android.privacydashboard/u0a107 (adj 925): empty #25
06-15 21:08:48.752  1909  1972 I ActivityManager: Killing 14831:com.samsung.android.game.gos/u0a76 (adj 935): empty #26
06-15 21:09:07.191  1909  3301 I ActivityManager: Changes in 99097 19 to 5, 0 to 184
06-15 21:09:22.253  1909  2537 I ActivityManager: Changes in 99097 5 to 10, 184 to 0
06-15 21:11:00.540  1909  2870 I ActivityManager: Changes in 99097 19 to 5, 0 to 184
06-15 21:11:15.601  1909  2870 I ActivityManager: Changes in 99097 5 to 10, 184 to 0
06-15 21:13:22.745  1909  2867 I ActivityManager: Changes in 99097 19 to 8, 0 to 128
06-15 21:13:24.503  1909  3301 I ActivityManager: Changes in 99097 8 to 10, 128 to 0
06-15 21:13:24.593  1909  1972 I ActivityManager: Changes in 99097 19 to 11, 0 to 128
06-15 21:13:24.597  1909  2870 I ActivityManager: Changes in 99097 11 to 19, 128 to 0
06-15 21:13:24.608  1909  2870 I ActivityManager: Changes in 99097 19 to 5, 0 to 184
06-15 21:13:39.620  1909  3050 I ActivityManager: Changes in 99097 5 to 10, 184 to 0
06-15 21:15:58.551  1909  1973 I ActivityManager: Start proc 20980:com.samsung.android.dqagent/1000 for broadcast {com.samsung.android.dqagent/com.samsung.android.dqagent.receiver.DQADataReceiver}
06-15 21:15:58.551  1909  1973 I ActivityManager: ProcessObserver broadcast disabled
06-15 21:15:58.767  1909  2870 I ActivityManager: Killing 18923:com.google.android.googlequicksearchbox:search/u0a253 (adj 915): empty #25
06-15 21:15:58.830  1909  4174 W ActivityManager: pid 8210 com.google.android.googlequicksearchbox:interactor sent binder code 2 with flags 1 to frozen apps and got error -32
06-15 21:16:00.061  1909  1973 I ActivityManager: Start proc 21004:com.ss.android.ugc.trill/u0a388 for broadcast {com.ss.android.ugc.trill/com.google.firebase.iid.FirebaseInstanceIdReceiver}
06-15 21:16:00.062  1909  1973 I ActivityManager: ProcessObserver broadcast disabled
06-15 21:16:01.184  1909  2870 I ActivityManager: Changes in 10388 19 to 11, 0 to 128
06-15 21:16:01.224  1909  2870 I ActivityManager: Killing 11851:com.samsung.cmh/5004 (adj 905): empty #25
06-15 21:16:01.305  1909  4341 I ActivityManager: Changes in 99097 19 to 10, 0 to 128
06-15 21:16:01.352  1909  2870 I ActivityManager: Changes in 99097 10 to 10, 128 to 0
06-15 21:16:01.575  1909  1973 I ActivityManager: Start proc 21150:com.sec.android.provider.badge/u0a55 for broadcast {com.sec.android.provider.badge/com.sec.android.provider.badge.BadgeCountReceiver}
06-15 21:16:01.575  1909  1973 I ActivityManager: ProcessObserver broadcast disabled
06-15 21:16:01.603  1909  2410 I ActivityManager: Killing 20101:com.samsung.android.voc/u0a329 (adj 905): Chimera #0
06-15 21:16:01.703  1909  2870 I ActivityManager: Changes in 10055 19 to 11, 0 to 128
06-15 21:16:01.800  1909  2870 I ActivityManager: Changes in 10055 11 to 5, 128 to 144
06-15 21:16:07.837  1909  1971 I ActivityManager: Changes in 10055 5 to 15, 144 to 0
06-15 21:16:08.309  1909  2867 I ActivityManager: Changes in 99097 19 to 19, 0 to 128
06-15 21:16:08.325  1909  1973 I ActivityManager: Start proc 21335:com.samsung.drmboost/u0a339 for service {com.samsung.drmboost/com.samsung.drmboost.DrmEventService}
06-15 21:16:08.325  1909  1973 I ActivityManager: ProcessObserver broadcast disabled
06-15 21:16:18.107  1909  2867 I ActivityManager: Changes in 99097 19 to 10, 128 to 0
06-15 21:16:21.198  1909  2065 I ActivityManager: Changes in 10388 19 to 19, 128 to 0
06-15 21:16:27.841  1909  1972 I ActivityManager: Killing 14715:com.sec.android.app.shealth:remote/u0a328 (adj 905): empty #25
06-15 21:16:33.602  1909  1973 I ActivityManager: Start proc 21450:com.google.android.rkpdapp/u0a348 for service {com.google.android.rkpdapp/com.android.rkpdapp.service.RemoteProvisioningService}
06-15 21:16:33.602  1909  1973 I ActivityManager: ProcessObserver broadcast disabled
06-15 21:16:33.709  1909  3434 I ActivityManager: Changes in 10348 19 to 6, 0 to 128
06-15 21:16:33.721  1909  2870 I ActivityManager: Changes in 10348 6 to 10, 128 to 0
06-15 21:16:33.727  1909  2867 I ActivityManager: Killing 20400:com.samsung.android.samsungpass/u0a127 (adj 905): empty #25
06-15 21:17:46.237  1909  2410 I ActivityManager: Killing 21004:com.ss.android.ugc.trill/u0a388 (adj 905): Chimera #0
06-15 21:21:37.263  1909  1973 I ActivityManager: Start proc 21854:com.samsung.android.scs/u0a116 for content provider {com.samsung.android.scs/com.samsung.android.scs.ai.suggestion.provider.SuggestionProvider}
06-15 21:21:37.264  1909  1973 I ActivityManager: ProcessObserver broadcast disabled
06-15 21:23:02.345  1909  1972 I ActivityManager: Changes in 10108 10 to 10, 0 to 128
06-15 21:23:02.351  1909  4227 I ActivityManager: Changes in 10108 10 to 10, 128 to 0
06-15 21:23:02.409  1909  4226 I ActivityManager: Changes in 99097 10 to 5, 0 to 184
06-15 21:23:17.478  1909  2720 I ActivityManager: Changes in 99097 5 to 10, 184 to 0
06-15 21:28:36.377 15137  9836 W ReactNativeJS: This method is deprecated (as well as all React Native Firebase namespaced API) and will be removed in the next major release as part of move to match Firebase Web modular SDK API. Please see migration guide for more details: https://rnfirebase.io/migrating-to-v22. Method called was `FieldValue`. Please use `FieldValue` instead.
06-15 21:28:36.379 15137  9836 W ReactNativeJS: This method is deprecated (as well as all React Native Firebase namespaced API) and will be removed in the next major release as part of move to match Firebase Web modular SDK API. Please see migration guide for more details: https://rnfirebase.io/migrating-to-v22. Method called was `delete`. Please use `deleteField()` instead.
06-15 21:28:36.380 15137  9836 W ReactNativeJS: This method is deprecated (as well as all React Native Firebase namespaced API) and will be removed in the next major release as part of move to match Firebase Web modular SDK API. Please see migration guide for more details: https://rnfirebase.io/migrating-to-v22. Method called was `FieldValue`. Please use `FieldValue` instead.
06-15 21:28:36.400 15137  9836 W ReactNativeJS: This method is deprecated (as well as all React Native Firebase namespaced API) and will be removed in the next major release as part of move to match Firebase Web modular SDK API. Please see migration guide for more details: https://rnfirebase.io/migrating-to-v22. Method called was `serverTimestamp`. Please use `serverTimestamp()` instead.
06-15 21:31:00.545  1909  4227 I ActivityManager: Changes in 99097 19 to 5, 0 to 184
06-15 21:31:15.601  1909  4227 I ActivityManager: Changes in 99097 5 to 10, 184 to 0
06-15 21:31:52.460  1909  1973 I ActivityManager: Start proc 22156:com.samsung.android.privacydashboard/u0a107 for content provider {com.samsung.android.privacydashboard/com.samsung.android.privacydashboard.provider.PermissionAccessInformationContentProvider}
06-15 21:31:52.460  1909  1973 I ActivityManager: ProcessObserver broadcast disabled
06-15 21:31:52.618  1909  2769 I ActivityManager: Changes in 10107 19 to 5, 0 to 144
06-15 21:31:58.710  1909  1971 I ActivityManager: Changes in 10107 5 to 15, 144 to 0
06-15 21:32:18.712  1909  1972 I ActivityManager: Killing 14011:com.samsung.android.sm.provider/1000 (adj 905): empty #25
06-15 21:37:51.224  1909  4225 I ActivityManager: Changes in 99097 19 to 8, 0 to 128
06-15 21:37:51.670  1909  2225 I ActivityManager: Changes in 99097 8 to 10, 128 to 0
06-15 21:37:51.787  1909  4206 I ActivityManager: Changes in 99097 10 to 5, 0 to 184
06-15 21:38:06.840  1909  4206 I ActivityManager: Changes in 99097 5 to 10, 184 to 0
06-15 21:42:47.835  1909  1973 I ActivityManager: Start proc 22451:com.google.android.googlequicksearchbox:search/u0a253 for broadcast {com.google.android.googlequicksearchbox/com.google.android.libraries.search.gcm.search.SearchProcessGcmBroadcastReceiver_Receiver}
06-15 21:42:47.836  1909  1973 I ActivityManager: ProcessObserver broadcast disabled
06-15 21:42:48.189  1909  2720 I ActivityManager: Killing 20099:com.samsung.android.sm.devicesecurity/u0a214 (adj 905): empty #25
06-15 21:45:56.575  1909  2065 I ActivityManager: Changes in 10122 10 to 10, 128 to 0
06-15 21:48:22.713  1909  1972 I ActivityManager: Changes in 10115 19 to 11, 0 to 128
06-15 21:48:22.786  1909  2720 I ActivityManager: Changes in 10115 11 to 19, 128 to 0
06-15 21:48:49.874  1909  1973 I ActivityManager: Start proc 22652:com.sec.android.app.shealth:remote/u0a328 for service {com.sec.android.app.shealth/com.samsung.android.service.health.data.phd.PrivilegedHealthService}
06-15 21:48:49.875  1909  1973 I ActivityManager: ProcessObserver broadcast disabled
06-15 21:48:50.626  1909  4227 I ActivityManager: Killing 20410:com.samsung.android.aremoji/u0a50 (adj 905): empty #25
06-15 21:51:00.552  1909  2225 I ActivityManager: Changes in 99097 19 to 5, 0 to 184
06-15 21:51:15.612  1909  4227 I ActivityManager: Changes in 99097 5 to 10, 184 to 0
06-15 21:56:14.841 15137  9836 W ReactNativeJS: This method is deprecated (as well as all React Native Firebase namespaced API) and will be removed in the next major release as part of move to match Firebase Web modular SDK API. Please see migration guide for more details: https://rnfirebase.io/migrating-to-v22. Method called was `FieldValue`. Please use `FieldValue` instead.
06-15 21:56:14.842 15137  9836 W ReactNativeJS: This method is deprecated (as well as all React Native Firebase namespaced API) and will be removed in the next major release as part of move to match Firebase Web modular SDK API. Please see migration guide for more details: https://rnfirebase.io/migrating-to-v22. Method called was `delete`. Please use `deleteField()` instead.
06-15 21:56:14.843 15137  9836 W ReactNativeJS: This method is deprecated (as well as all React Native Firebase namespaced API) and will be removed in the next major release as part of move to match Firebase Web modular SDK API. Please see migration guide for more details: https://rnfirebase.io/migrating-to-v22. Method called was `FieldValue`. Please use `FieldValue` instead.
06-15 21:56:14.843 15137  9836 W ReactNativeJS: This method is deprecated (as well as all React Native Firebase namespaced API) and will be removed in the next major release as part of move to match Firebase Web modular SDK API. Please see migration guide for more details: https://rnfirebase.io/migrating-to-v22. Method called was `serverTimestamp`. Please use `serverTimestamp()` instead.
06-15 22:00:32.494  1909  1973 I ActivityManager: Start proc 23012:com.samsung.android.sm.provider/1000 for content provider {com.samsung.android.lool/com.samsung.android.sm.database.SmProvider}
06-15 22:00:32.495  1909  1973 I ActivityManager: ProcessObserver broadcast disabled
06-15 22:00:53.448  1909  2308 I ActivityManager: Changes in 5009 19 to 5, 0 to 144
06-15 22:00:58.128 15137  9836 W ReactNativeJS: This method is deprecated (as well as all React Native Firebase namespaced API) and will be removed in the next major release as part of move to match Firebase Web modular SDK API. Please see migration guide for more details: https://rnfirebase.io/migrating-to-v22. Method called was `FieldValue`. Please use `FieldValue` instead.
06-15 22:00:58.129 15137  9836 W ReactNativeJS: This method is deprecated (as well as all React Native Firebase namespaced API) and will be removed in the next major release as part of move to match Firebase Web modular SDK API. Please see migration guide for more details: https://rnfirebase.io/migrating-to-v22. Method called was `delete`. Please use `deleteField()` instead.
06-15 22:00:58.134 15137  9836 W ReactNativeJS: This method is deprecated (as well as all React Native Firebase namespaced API) and will be removed in the next major release as part of move to match Firebase Web modular SDK API. Please see migration guide for more details: https://rnfirebase.io/migrating-to-v22. Method called was `FieldValue`. Please use `FieldValue` instead.
06-15 22:00:58.135 15137  9836 W ReactNativeJS: This method is deprecated (as well as all React Native Firebase namespaced API) and will be removed in the next major release as part of move to match Firebase Web modular SDK API. Please see migration guide for more details: https://rnfirebase.io/migrating-to-v22. Method called was `serverTimestamp`. Please use `serverTimestamp()` instead.
06-15 22:01:52.694  1909  9411 I ActivityManager: Changes in 10107 19 to 5, 0 to 144
06-15 22:01:58.758  1909  1971 I ActivityManager: Changes in 10107 5 to 15, 144 to 0
06-15 22:02:08.174  1909  1971 I ActivityManager: Changes in 5009 5 to 15, 144 to 0
06-15 22:02:28.174  1909  1972 I ActivityManager: Killing 20447:com.samsung.android.calendar/u0a222 (adj 905): empty #25
06-15 22:03:53.342 15137  9836 W ReactNativeJS: This method is deprecated (as well as all React Native Firebase namespaced API) and will be removed in the next major release as part of move to match Firebase Web modular SDK API. Please see migration guide for more details: https://rnfirebase.io/migrating-to-v22. Method called was `FieldValue`. Please use `FieldValue` instead.
06-15 22:03:53.344 15137  9836 W ReactNativeJS: This method is deprecated (as well as all React Native Firebase namespaced API) and will be removed in the next major release as part of move to match Firebase Web modular SDK API. Please see migration guide for more details: https://rnfirebase.io/migrating-to-v22. Method called was `delete`. Please use `deleteField()` instead.
06-15 22:03:53.346 15137  9836 W ReactNativeJS: This method is deprecated (as well as all React Native Firebase namespaced API) and will be removed in the next major release as part of move to match Firebase Web modular SDK API. Please see migration guide for more details: https://rnfirebase.io/migrating-to-v22. Method called was `FieldValue`. Please use `FieldValue` instead.
06-15 22:03:53.347 15137  9836 W ReactNativeJS: This method is deprecated (as well as all React Native Firebase namespaced API) and will be removed in the next major release as part of move to match Firebase Web modular SDK API. Please see migration guide for more details: https://rnfirebase.io/migrating-to-v22. Method called was `serverTimestamp`. Please use `serverTimestamp()` instead.
06-15 22:04:26.523  1909  1972 I ActivityManager: Changes in 10108 10 to 10, 0 to 128
06-15 22:04:26.540  1909  4226 I ActivityManager: Changes in 10108 10 to 10, 128 to 0
06-15 22:04:26.544  1909  1973 I ActivityManager: Start proc 23121:com.samsung.android.game.gos/u0a76 for service {com.samsung.android.game.gos/com.samsung.android.game.gos.service.MainIntentService}
06-15 22:04:26.544  1909  1973 I ActivityManager: ProcessObserver broadcast disabled
06-15 22:04:26.906  1909  4226 I ActivityManager: Killing 20452:com.sec.android.app.sbrowser/u0a330 (adj 905): empty #25
06-15 22:04:27.021  1909  4226 I ActivityManager: Process com.sec.android.app.sbrowser:privileged_process0 (pid 20644) has died: fg  SVC (235,1417)
06-15 22:08:03.122 15137  9836 W ReactNativeJS: This method is deprecated (as well as all React Native Firebase namespaced API) and will be removed in the next major release as part of move to match Firebase Web modular SDK API. Please see migration guide for more details: https://rnfirebase.io/migrating-to-v22. Method called was `FieldValue`. Please use `FieldValue` instead.
06-15 22:08:03.122 15137  9836 W ReactNativeJS: This method is deprecated (as well as all React Native Firebase namespaced API) and will be removed in the next major release as part of move to match Firebase Web modular SDK API. Please see migration guide for more details: https://rnfirebase.io/migrating-to-v22. Method called was `delete`. Please use `deleteField()` instead.
06-15 22:08:03.123 15137  9836 W ReactNativeJS: This method is deprecated (as well as all React Native Firebase namespaced API) and will be removed in the next major release as part of move to match Firebase Web modular SDK API. Please see migration guide for more details: https://rnfirebase.io/migrating-to-v22. Method called was `FieldValue`. Please use `FieldValue` instead.
06-15 22:08:03.126 15137  9836 W ReactNativeJS: This method is deprecated (as well as all React Native Firebase namespaced API) and will be removed in the next major release as part of move to match Firebase Web modular SDK API. Please see migration guide for more details: https://rnfirebase.io/migrating-to-v22. Method called was `serverTimestamp`. Please use `serverTimestamp()` instead.
06-15 22:11:00.554  1909  2225 I ActivityManager: Changes in 99097 19 to 5, 0 to 184
06-15 22:11:15.650  1909  2867 I ActivityManager: Changes in 99097 5 to 10, 184 to 0
06-15 22:18:48.255  1909  4341 I ActivityManager: Changes in 99097 19 to 5, 0 to 184
06-15 22:19:03.284  1909  2867 I ActivityManager: Changes in 99097 5 to 10, 184 to 0
06-15 22:19:54.969 15137  9836 W ReactNativeJS: This method is deprecated (as well as all React Native Firebase namespaced API) and will be removed in the next major release as part of move to match Firebase Web modular SDK API. Please see migration guide for more details: https://rnfirebase.io/migrating-to-v22. Method called was `FieldValue`. Please use `FieldValue` instead.
06-15 22:19:54.970 15137  9836 W ReactNativeJS: This method is deprecated (as well as all React Native Firebase namespaced API) and will be removed in the next major release as part of move to match Firebase Web modular SDK API. Please see migration guide for more details: https://rnfirebase.io/migrating-to-v22. Method called was `delete`. Please use `deleteField()` instead.
06-15 22:19:54.970 15137  9836 W ReactNativeJS: This method is deprecated (as well as all React Native Firebase namespaced API) and will be removed in the next major release as part of move to match Firebase Web modular SDK API. Please see migration guide for more details: https://rnfirebase.io/migrating-to-v22. Method called was `FieldValue`. Please use `FieldValue` instead.
06-15 22:19:54.970 15137  9836 W ReactNativeJS: This method is deprecated (as well as all React Native Firebase namespaced API) and will be removed in the next major release as part of move to match Firebase Web modular SDK API. Please see migration guide for more details: https://rnfirebase.io/migrating-to-v22. Method called was `serverTimestamp`. Please use `serverTimestamp()` instead.
06-15 22:26:12.950  1909  1972 I ActivityManager: Changes in 10108 10 to 10, 0 to 128
06-15 22:26:12.955  1909  2225 I ActivityManager: Changes in 10108 10 to 10, 128 to 0
06-15 22:26:13.110  1909  4226 I ActivityManager: Changes in 99097 19 to 8, 0 to 128
06-15 22:26:13.363  1909  4226 I ActivityManager: Changes in 99097 8 to 10, 128 to 0
06-15 22:31:00.552  1909  2867 I ActivityManager: Changes in 99097 19 to 5, 0 to 184
06-15 22:31:15.619  1909  4226 I ActivityManager: Changes in 99097 5 to 10, 184 to 0
06-15 22:31:53.011  1909  9411 I ActivityManager: Changes in 10107 19 to 5, 0 to 144
06-15 22:31:59.074  1909  1971 I ActivityManager: Changes in 10107 5 to 15, 144 to 0
