--------- beginning of main
06-14 14:39:54.987 29768 29768 E libc    : SetHeapTaggingLevel: re-enabling tagging after it was disabled is not supported
06-14 15:04:30.878 23799 27490 E ReactNativeJS: ReferenceError: Property 'areDefenseInterceptGuidedMissilesAlive' doesn't exist
06-14 15:04:30.878 23799 27490 E ReactNativeJS: 
06-14 15:04:30.878 23799 27490 E ReactNativeJS: This error is located at:
06-14 15:04:30.878 23799 27490 E ReactNativeJS:     in PlanetDefenseInterceptMissileSkiaLayer (created by PlanetStageBackground)
06-14 15:04:30.878 23799 27490 E ReactNativeJS:     in ArcCoreMissileFlightHost (created by PlanetStageBackground)
06-14 15:04:30.878 23799 27490 E ReactNativeJS:     in RCTView (created by View)
06-14 15:04:30.878 23799 27490 E ReactNativeJS:     in View (created by PlanetStageBackground)
06-14 15:04:30.878 23799 27490 E ReactNativeJS:     in RCTView (created by View)
06-14 15:04:30.878 23799 27490 E ReactNativeJS:     in View (created by PlanetStageBackground)
06-14 15:04:30.878 23799 27490 E ReactNativeJS:     in RCTView (created by View)
06-14 15:04:30.878 23799 27490 E ReactNativeJS:     in View (created by PlanetStageBackground)
06-14 15:04:30.878 23799 27490 E ReactNativeJS:     in RCTView (created by View)
06-14 15:04:30.878 23799 27490 E ReactNativeJS:     in View (created by PlanetStageBackground)
06-14 15:04:30.878 23799 27490 E ReactNativeJS:     in RCTView (created by View)
06-14 15:04:30.878 23799 27490 E ReactNativeJS:     in View (created by PlanetStageBackground)
06-14 15:04:30.878 23799 27490 E ReactNativeJS:     in PlanetStageBackground (created by PlanetScreen)
06-14 15:04:30.878 23799 27490 E ReactNativeJS:     in RCTView (created by View)
06-14 15:04:30.878 23799 27490 E ReactNativeJS:     in View (created by StageShellInner)
06-14 15:04:30.878 23799 27490 E ReactNativeJS:     in RCTView (created by View)
06-14 15:04:30.878 23799 27490 E ReactNativeJS:     in View (created by StageShellInner)
06-14 15:04:30.878 23799 27490 E ReactNativeJS:     in RNCSafeAreaView
06-14 15:04:30.878 23799 27490 E ReactNativeJS:     in Unknown (created by StageShellInner)
06-14 15:04:30.878 23799 27490 E ReactNativeJS:     in StageShellInner (created by PlanetScreen)
06-14 15:04:30.878 23799 27490 E ReactNativeJS:     in PlanetCapitalCombatRoot (created by PlanetScreen)
06-14 15:04:30.878 23799 27490 E ReactNativeJS:     in PlanetScreen
06-14 15:04:30.878 23799 27490 E ReactNativeJS:     in Unknown (created by Route(planet))
06-14 15:04:30.878 23799 27490 E ReactNativeJS:     in Suspense (created by Route(planet))
06-14 15:04:30.878 23799 27490 E ReactNativeJS:     in Route (created by Route(planet))
06-14 15:04:30.878 23799 27490 E ReactNativeJS:     in Route(planet) (created by SceneView)
06-14 15:04:30.878 23799 27490 E ReactNativeJS:     in StaticContainer
06-14 15:04:30.878 23799 27490 E ReactNativeJS:     in EnsureSingleNavigator (created by SceneView)
06-14 15:04:30.878 23799 27490 E ReactNativeJS:     in SceneView (created by SceneView)
06-14 15:04:30.878 23799 27490 E ReactNativeJS:     in RCTView (created by View)
06-14 15:04:30.878 23799 27490 E ReactNativeJS:     in View (created by DebugContainer)
06-14 15:04:30.878 23799 27490 E ReactNativeJS:     in DebugContainer (created by MaybeNestedStack)
06-14 15:04:30.878 23799 27490 E ReactNativeJS:     in MaybeNestedStack (created by SceneView)
06-14 15:04:30.878 23799 27490 E ReactNativeJS:     in RCTView (created by View)
06-14 15:04:30.878 23799 27490 E ReactNativeJS:     in View (created by SceneView)
06-14 15:04:30.878 23799 27490 E ReactNativeJS:     in RNSScreen (created by Animated(Anonymous))
06-14 15:04:30.878 23799 27490 E ReactNativeJS:     in Animated(Anonymous) (created by InnerScreen)
06-14 15:04:30.878 23799 27490 E ReactNativeJS:     in Suspender (created by Freeze)
06-14 15:04:30.878 23799 27490 E ReactNativeJS:     in Suspense (created by Freeze)
06-14 15:04:30.878 23799 27490 E ReactNativeJS:     in Freeze (created by DelayedFreeze)
06-14 15:04:30.878 23799 27490 E ReactNativeJS:     in DelayedFreeze (created by InnerScreen)
06-14 15:04:30.878 23799 27490 E ReactNativeJS:     in InnerScreen (created by Screen)
06-14 15:04:30.878 23799 27490 E ReactNativeJS:     in Screen (created by SceneView)
06-14 15:04:30.878 23799 27490 E ReactNativeJS:     in SceneView (created by NativeStackViewInner)
06-14 15:04:30.878 23799 27490 E ReactNativeJS:     in Suspender (created by Freeze)
06-14 15:04:30.878 23799 27490 E ReactNativeJS:     in Suspense (created by Freeze)
06-14 15:04:30.878 23799 27490 E ReactNativeJS:     in Freeze (created by DelayedFreeze)
06-14 15:04:30.878 23799 27490 E ReactNativeJS:     in DelayedFreeze (created by ScreenStack)
06-14 15:04:30.878 23799 27490 E ReactNativeJS:     in RNSScreenStack (created by ScreenStack)
06-14 15:04:30.878 23799 27490 E ReactNativeJS:     in ScreenStack (created by NativeStackViewInner)
06-14 15:04:30.878 23799 27490 E ReactNativeJS:     in NativeStackViewInner (created by NativeStackView)
06-14 15:04:30.878 23799 27490 E ReactNativeJS:     in RCTView (created by View)
06-14 15:04:30.878 23799 27490 E ReactNativeJS:     in View (created by SafeAreaProviderCompat)
06-14 15:04:30.878 23799 27490 E ReactNativeJS:     in SafeAreaProviderCompat (created by NativeStackView)
06-14 15:04:30.878 23799 27490 E ReactNativeJS:     in NativeStackView (created by NativeStackNavigator)
06-14 15:04:30.878 23799 27490 E ReactNativeJS:     in PreventRemoveProvider (created by NavigationContent)
06-14 15:04:30.878 23799 27490 E ReactNativeJS:     in NavigationContent
06-14 15:04:30.878 23799 27490 E ReactNativeJS:     in Unknown (created by NativeStackNavigator)
06-14 15:04:30.878 23799 27490 E ReactNativeJS:     in NativeStackNavigator
06-14 15:04:30.878 23799 27490 E ReactNativeJS:     in Unknown (created by GameLayout)
06-14 15:04:30.878 23799 27490 E ReactNativeJS:     in GameLayout
06-14 15:04:30.878 23799 27490 E ReactNativeJS:     in Unknown (created by Route((game)))
06-14 15:04:30.878 23799 27490 E ReactNativeJS:     in Suspense (created by Route((game)))
06-14 15:04:30.878 23799 27490 E ReactNativeJS:     in Route (created by Route((game)))
06-14 15:04:30.878 23799 27490 E ReactNativeJS:     in Route((game)) (created by SceneView)
06-14 15:04:30.878 23799 27490 E ReactNativeJS:     in StaticContainer
06-14 15:04:30.878 23799 27490 E ReactNativeJS:     in EnsureSingleNavigator (created by SceneView)
06-14 15:04:30.878 23799 27490 E ReactNativeJS:     in SceneView (created by SceneView)
06-14 15:04:30.878 23799 27490 E ReactNativeJS:     in RCTView (created by View)
06-14 15:04:30.878 23799 27490 E ReactNativeJS:     in View (created by DebugContainer)
06-14 15:04:30.878 23799 27490 E ReactNativeJS:     in DebugContainer (created by MaybeNestedStack)
06-14 15:04:30.878 23799 27490 E ReactNativeJS:     in MaybeNestedStack (created by SceneView)
06-14 15:04:30.878 23799 27490 E ReactNativeJS:     in RCTView (created by View)
06-14 15:04:30.878 23799 27490 E ReactNativeJS:     in View (created by SceneView)
06-14 15:04:30.878 23799 27490 E ReactNativeJS:     in RNSScreen (created by Animated(Anonymous))
06-14 15:04:30.878 23799 27490 E ReactNativeJS:     in Animated(Anonymous) (created by InnerScreen)
06-14 15:04:30.878 23799 27490 E ReactNativeJS:     in Suspender (created by Freeze)
06-14 15:04:30.878 23799 27490 E ReactNativeJS:     in Suspense (created by Freeze)
06-14 15:04:30.878 23799 27490 E ReactNativeJS:     in Freeze (created by DelayedFreeze)
06-14 15:04:30.878 23799 27490 E ReactNativeJS:     in DelayedFreeze (created by InnerScreen)
06-14 15:04:30.878 23799 27490 E ReactNativeJS:     in InnerScreen (created by Screen)
06-14 15:04:30.878 23799 27490 E ReactNativeJS:     in Screen (created by SceneView)
06-14 15:04:30.878 23799 27490 E ReactNativeJS:     in SceneView (created by NativeStackViewInner)
06-14 15:04:30.878 23799 27490 E ReactNativeJS:     in Suspender (created by Freeze)
06-14 15:04:30.878 23799 27490 E ReactNativeJS:     in Suspense (created by Freeze)
06-14 15:04:30.878 23799 27490 E ReactNativeJS:     in Freeze (created by DelayedFreeze)
06-14 15:04:30.878 23799 27490 E ReactNativeJS:     in DelayedFreeze (created by ScreenStack)
06-14 15:04:30.878 23799 27490 E ReactNativeJS:     in RNSScreenStack (created by ScreenStack)
06-14 15:04:30.878 23799 27490 E ReactNativeJS:     in ScreenStack (created by NativeStackViewInner)
06-14 15:04:30.878 23799 27490 E ReactNativeJS:     in NativeStackViewInner (created by NativeStackView)
06-14 15:04:30.878 23799 27490 E ReactNativeJS:     in RCTView (created by View)
06-14 15:04:30.878 23799 27490 E ReactNativeJS:     in View (created by SafeAreaProviderCompat)
06-14 15:04:30.878 23799 27490 E ReactNativeJS:     in SafeAreaProviderCompat (created by NativeStackView)
06-14 15:04:30.878 23799 27490 E ReactNativeJS:     in NativeStackView (crea
06-14 15:04:30.889 23799 27490 E ReactNativeJS: ReferenceError: Property 'areDefenseInterceptGuidedMissilesAlive' doesn't exist
06-14 15:04:30.889 23799 27490 E ReactNativeJS: 
06-14 15:04:30.889 23799 27490 E ReactNativeJS: This error is located at:
06-14 15:04:30.889 23799 27490 E ReactNativeJS:     in PlanetDefenseInterceptMissileSkiaLayer (created by PlanetStageBackground)
06-14 15:04:30.889 23799 27490 E ReactNativeJS:     in ArcCoreMissileFlightHost (created by PlanetStageBackground)
06-14 15:04:30.889 23799 27490 E ReactNativeJS:     in RCTView (created by View)
06-14 15:04:30.889 23799 27490 E ReactNativeJS:     in View (created by PlanetStageBackground)
06-14 15:04:30.889 23799 27490 E ReactNativeJS:     in RCTView (created by View)
06-14 15:04:30.889 23799 27490 E ReactNativeJS:     in View (created by PlanetStageBackground)
06-14 15:04:30.889 23799 27490 E ReactNativeJS:     in RCTView (created by View)
06-14 15:04:30.889 23799 27490 E ReactNativeJS:     in View (created by PlanetStageBackground)
06-14 15:04:30.889 23799 27490 E ReactNativeJS:     in RCTView (created by View)
06-14 15:04:30.889 23799 27490 E ReactNativeJS:     in View (created by PlanetStageBackground)
06-14 15:04:30.889 23799 27490 E ReactNativeJS:     in RCTView (created by View)
06-14 15:04:30.889 23799 27490 E ReactNativeJS:     in View (created by PlanetStageBackground)
06-14 15:04:30.889 23799 27490 E ReactNativeJS:     in PlanetStageBackground (created by PlanetScreen)
06-14 15:04:30.889 23799 27490 E ReactNativeJS:     in RCTView (created by View)
06-14 15:04:30.889 23799 27490 E ReactNativeJS:     in View (created by StageShellInner)
06-14 15:04:30.889 23799 27490 E ReactNativeJS:     in RCTView (created by View)
06-14 15:04:30.889 23799 27490 E ReactNativeJS:     in View (created by StageShellInner)
06-14 15:04:30.889 23799 27490 E ReactNativeJS:     in RNCSafeAreaView
06-14 15:04:30.889 23799 27490 E ReactNativeJS:     in Unknown (created by StageShellInner)
06-14 15:04:30.889 23799 27490 E ReactNativeJS:     in StageShellInner (created by PlanetScreen)
06-14 15:04:30.889 23799 27490 E ReactNativeJS:     in PlanetCapitalCombatRoot (created by PlanetScreen)
06-14 15:04:30.889 23799 27490 E ReactNativeJS:     in PlanetScreen
06-14 15:04:30.889 23799 27490 E ReactNativeJS:     in Unknown (created by Route(planet))
06-14 15:04:30.889 23799 27490 E ReactNativeJS:     in Suspense (created by Route(planet))
06-14 15:04:30.889 23799 27490 E ReactNativeJS:     in Route (created by Route(planet))
06-14 15:04:30.889 23799 27490 E ReactNativeJS:     in Route(planet) (created by SceneView)
06-14 15:04:30.889 23799 27490 E ReactNativeJS:     in StaticContainer
06-14 15:04:30.889 23799 27490 E ReactNativeJS:     in EnsureSingleNavigator (created by SceneView)
06-14 15:04:30.889 23799 27490 E ReactNativeJS:     in SceneView (created by SceneView)
06-14 15:04:30.889 23799 27490 E ReactNativeJS:     in RCTView (created by View)
06-14 15:04:30.889 23799 27490 E ReactNativeJS:     in View (created by DebugContainer)
06-14 15:04:30.889 23799 27490 E ReactNativeJS:     in DebugContainer (created by MaybeNestedStack)
06-14 15:04:30.889 23799 27490 E ReactNativeJS:     in MaybeNestedStack (created by SceneView)
06-14 15:04:30.889 23799 27490 E ReactNativeJS:     in RCTView (created by View)
06-14 15:04:30.889 23799 27490 E ReactNativeJS:     in View (created by SceneView)
06-14 15:04:30.889 23799 27490 E ReactNativeJS:     in RNSScreen (created by Animated(Anonymous))
06-14 15:04:30.889 23799 27490 E ReactNativeJS:     in Animated(Anonymous) (created by InnerScreen)
06-14 15:04:30.889 23799 27490 E ReactNativeJS:     in Suspender (created by Freeze)
06-14 15:04:30.889 23799 27490 E ReactNativeJS:     in Suspense (created by Freeze)
06-14 15:04:30.889 23799 27490 E ReactNativeJS:     in Freeze (created by DelayedFreeze)
06-14 15:04:30.889 23799 27490 E ReactNativeJS:     in DelayedFreeze (created by InnerScreen)
06-14 15:04:30.889 23799 27490 E ReactNativeJS:     in InnerScreen (created by Screen)
06-14 15:04:30.889 23799 27490 E ReactNativeJS:     in Screen (created by SceneView)
06-14 15:04:30.889 23799 27490 E ReactNativeJS:     in SceneView (created by NativeStackViewInner)
06-14 15:04:30.889 23799 27490 E ReactNativeJS:     in Suspender (created by Freeze)
06-14 15:04:30.889 23799 27490 E ReactNativeJS:     in Suspense (created by Freeze)
06-14 15:04:30.889 23799 27490 E ReactNativeJS:     in Freeze (created by DelayedFreeze)
06-14 15:04:30.889 23799 27490 E ReactNativeJS:     in DelayedFreeze (created by ScreenStack)
06-14 15:04:30.889 23799 27490 E ReactNativeJS:     in RNSScreenStack (created by ScreenStack)
06-14 15:04:30.889 23799 27490 E ReactNativeJS:     in ScreenStack (created by NativeStackViewInner)
06-14 15:04:30.889 23799 27490 E ReactNativeJS:     in NativeStackViewInner (created by NativeStackView)
06-14 15:04:30.889 23799 27490 E ReactNativeJS:     in RCTView (created by View)
06-14 15:04:30.889 23799 27490 E ReactNativeJS:     in View (created by SafeAreaProviderCompat)
06-14 15:04:30.889 23799 27490 E ReactNativeJS:     in SafeAreaProviderCompat (created by NativeStackView)
06-14 15:04:30.889 23799 27490 E ReactNativeJS:     in NativeStackView (created by NativeStackNavigator)
06-14 15:04:30.889 23799 27490 E ReactNativeJS:     in PreventRemoveProvider (created by NavigationContent)
06-14 15:04:30.889 23799 27490 E ReactNativeJS:     in NavigationContent
06-14 15:04:30.889 23799 27490 E ReactNativeJS:     in Unknown (created by NativeStackNavigator)
06-14 15:04:30.889 23799 27490 E ReactNativeJS:     in NativeStackNavigator
06-14 15:04:30.889 23799 27490 E ReactNativeJS:     in Unknown (created by GameLayout)
06-14 15:04:30.889 23799 27490 E ReactNativeJS:     in GameLayout
06-14 15:04:30.889 23799 27490 E ReactNativeJS:     in Unknown (created by Route((game)))
06-14 15:04:30.889 23799 27490 E ReactNativeJS:     in Suspense (created by Route((game)))
06-14 15:04:30.889 23799 27490 E ReactNativeJS:     in Route (created by Route((game)))
06-14 15:04:30.889 23799 27490 E ReactNativeJS:     in Route((game)) (created by SceneView)
06-14 15:04:30.889 23799 27490 E ReactNativeJS:     in StaticContainer
06-14 15:04:30.889 23799 27490 E ReactNativeJS:     in EnsureSingleNavigator (created by SceneView)
06-14 15:04:30.889 23799 27490 E ReactNativeJS:     in SceneView (created by SceneView)
06-14 15:04:30.889 23799 27490 E ReactNativeJS:     in RCTView (created by View)
06-14 15:04:30.889 23799 27490 E ReactNativeJS:     in View (created by DebugContainer)
06-14 15:04:30.889 23799 27490 E ReactNativeJS:     in DebugContainer (created by MaybeNestedStack)
06-14 15:04:30.889 23799 27490 E ReactNativeJS:     in MaybeNestedStack (created by SceneView)
06-14 15:04:30.889 23799 27490 E ReactNativeJS:     in RCTView (created by View)
06-14 15:04:30.889 23799 27490 E ReactNativeJS:     in View (created by SceneView)
06-14 15:04:30.889 23799 27490 E ReactNativeJS:     in RNSScreen (created by Animated(Anonymous))
06-14 15:04:30.889 23799 27490 E ReactNativeJS:     in Animated(Anonymous) (created by InnerScreen)
06-14 15:04:30.889 23799 27490 E ReactNativeJS:     in Suspender (created by Freeze)
06-14 15:04:30.889 23799 27490 E ReactNativeJS:     in Suspense (created by Freeze)
06-14 15:04:30.889 23799 27490 E ReactNativeJS:     in Freeze (created by DelayedFreeze)
06-14 15:04:30.889 23799 27490 E ReactNativeJS:     in DelayedFreeze (created by InnerScreen)
06-14 15:04:30.889 23799 27490 E ReactNativeJS:     in InnerScreen (created by Screen)
06-14 15:04:30.889 23799 27490 E ReactNativeJS:     in Screen (created by SceneView)
06-14 15:04:30.889 23799 27490 E ReactNativeJS:     in SceneView (created by NativeStackViewInner)
06-14 15:04:30.889 23799 27490 E ReactNativeJS:     in Suspender (created by Freeze)
06-14 15:04:30.889 23799 27490 E ReactNativeJS:     in Suspense (created by Freeze)
06-14 15:04:30.889 23799 27490 E ReactNativeJS:     in Freeze (created by DelayedFreeze)
06-14 15:04:30.889 23799 27490 E ReactNativeJS:     in DelayedFreeze (created by ScreenStack)
06-14 15:04:30.889 23799 27490 E ReactNativeJS:     in RNSScreenStack (created by ScreenStack)
06-14 15:04:30.889 23799 27490 E ReactNativeJS:     in ScreenStack (created by NativeStackViewInner)
06-14 15:04:30.889 23799 27490 E ReactNativeJS:     in NativeStackViewInner (created by NativeStackView)
06-14 15:04:30.889 23799 27490 E ReactNativeJS:     in RCTView (created by View)
06-14 15:04:30.889 23799 27490 E ReactNativeJS:     in View (created by SafeAreaProviderCompat)
06-14 15:04:30.889 23799 27490 E ReactNativeJS:     in SafeAreaProviderCompat (created by NativeStackView)
06-14 15:04:30.889 23799 27490 E ReactNativeJS:     in NativeStackView (crea
06-14 15:04:30.973 23799 27490 E ReactNativeJS: ReferenceError: Property 'areDefenseInterceptGuidedMissilesAlive' doesn't exist
06-14 15:04:30.977 23799 27490 E ReactNativeJS: ReferenceError: Property 'areDefenseInterceptGuidedMissilesAlive' doesn't exist
06-14 15:04:46.127 23799 27490 E ReactNativeJS: { [Error: TransformError SyntaxError: D:\arcfire20260607\src\components\planet\PlanetDefenseInterceptMissileSkiaLayer.tsx: 'return' outside of function. (431:4)
06-14 15:04:46.127 23799 27490 E ReactNativeJS: 
06-14 15:04:46.127 23799 27490 E ReactNativeJS: [0m [90m 429 |[39m     [33m||[39m missiles[33m.[39mlength [33m===[39m [35m0[39m
06-14 15:04:46.127 23799 27490 E ReactNativeJS:  [90m 430 |[39m   ) {
06-14 15:04:46.127 23799 27490 E ReactNativeJS: [31m[1m>[22m[39m[90m 431 |[39m     [36mreturn[39m [36mnull[39m[33m;[39m
06-14 15:04:46.127 23799 27490 E ReactNativeJS:  [90m     |[39m     [31m[1m^[22m[39m
06-14 15:04:46.127 23799 27490 E ReactNativeJS:  [90m 432 |[39m   }
06-14 15:04:46.127 23799 27490 E ReactNativeJS:  [90m 433 |[39m
06-14 15:04:46.127 23799 27490 E ReactNativeJS:  [90m 434 |[39m   [36mconst[39m burstCenter [33m=[39m hitPoint [33m?[39m[33m?[39m { x[33m:[39m plan[33m.[39minterceptX[33m,[39m y[33m:[39m plan[33m.[39minterceptY }[33m;[39m[0m] preventSymbolication: true }
06-14 15:04:46.134 23799 27487 E ReactNativeJS: { [Error: TransformError SyntaxError: D:\arcfire20260607\src\components\planet\PlanetDefenseInterceptMissileSkiaLayer.tsx: 'return' outside of function. (431:4)
06-14 15:04:46.134 23799 27487 E ReactNativeJS: 
06-14 15:04:46.134 23799 27487 E ReactNativeJS: [0m [90m 429 |[39m     [33m||[39m missiles[33m.[39mlength [33m===[39m [35m0[39m
06-14 15:04:46.134 23799 27487 E ReactNativeJS:  [90m 430 |[39m   ) {
06-14 15:04:46.134 23799 27487 E ReactNativeJS: [31m[1m>[22m[39m[90m 431 |[39m     [36mreturn[39m [36mnull[39m[33m;[39m
06-14 15:04:46.134 23799 27487 E ReactNativeJS:  [90m     |[39m     [31m[1m^[22m[39m
06-14 15:04:46.134 23799 27487 E ReactNativeJS:  [90m 432 |[39m   }
06-14 15:04:46.134 23799 27487 E ReactNativeJS:  [90m 433 |[39m
06-14 15:04:46.134 23799 27487 E ReactNativeJS:  [90m 434 |[39m   [36mconst[39m burstCenter [33m=[39m hitPoint [33m?[39m[33m?[39m { x[33m:[39m plan[33m.[39minterceptX[33m,[39m y[33m:[39m plan[33m.[39minterceptY }[33m;[39m[0m] preventSymbolication: true }
06-14 15:04:56.716 23799 27490 E ReactNativeJS: The above error occurred in the <MissileDraw> component:
06-14 15:04:56.716 23799 27490 E ReactNativeJS: 
06-14 15:04:56.716 23799 27490 E ReactNativeJS:     at recursivelyTraversePassiveMountEffects (http://localhost:8081/node_modules/expo-router/entry.bundle//&platform=android&dev=true&lazy=true&minify=false&app=com.arcfire.online&modulesOnly=false&runModule=true&transform.routerRoot=app&transform.engine=hermes&transform.bytecode=true:63456:38)
06-14 15:04:56.716 23799 27490 E ReactNativeJS: 
06-14 15:04:56.716 23799 27490 E ReactNativeJS: Consider adding an error boundary to your tree to customize error handling behavior.
06-14 15:04:56.716 23799 27490 E ReactNativeJS: Visit https://reactjs.org/link/error-boundaries to learn more about error boundaries.
06-14 15:04:56.806 23799 27490 E ReactNativeJS: The above error occurred in the <MissileDraw> component:
06-14 15:04:56.806 23799 27490 E ReactNativeJS: 
06-14 15:04:56.806 23799 27490 E ReactNativeJS:     at recursivelyTraversePassiveMountEffects (http://localhost:8081/node_modules/expo-router/entry.bundle//&platform=android&dev=true&lazy=true&minify=false&app=com.arcfire.online&modulesOnly=false&runModule=true&transform.routerRoot=app&transform.engine=hermes&transform.bytecode=true:63456:38)
06-14 15:04:56.806 23799 27490 E ReactNativeJS: 
06-14 15:04:56.806 23799 27490 E ReactNativeJS: Consider adding an error boundary to your tree to customize error handling behavior.
06-14 15:04:56.806 23799 27490 E ReactNativeJS: Visit https://reactjs.org/link/error-boundaries to learn more about error boundaries.
06-14 15:04:56.844 23799 27490 E ReactNativeJS: ReferenceError: Property 'sampleEndMs' doesn't exist
06-14 15:04:56.844 23799 27490 E ReactNativeJS: 
06-14 15:04:56.844 23799 27490 E ReactNativeJS: This error is located at:
06-14 15:04:56.844 23799 27490 E ReactNativeJS:     in Unknown (created by PlanetDefenseInterceptMissileSkiaLayer)
06-14 15:04:56.844 23799 27490 E ReactNativeJS:     in RCTView (created by View)
06-14 15:04:56.844 23799 27490 E ReactNativeJS:     in View (created by PlanetDefenseInterceptMissileSkiaLayer)
06-14 15:04:56.844 23799 27490 E ReactNativeJS:     in PlanetDefenseInterceptMissileSkiaLayer (created by PlanetStageBackground)
06-14 15:04:56.844 23799 27490 E ReactNativeJS:     in ArcCoreMissileFlightHost (created by PlanetStageBackground)
06-14 15:04:56.844 23799 27490 E ReactNativeJS:     in RCTView (created by View)
06-14 15:04:56.844 23799 27490 E ReactNativeJS:     in View (created by PlanetStageBackground)
06-14 15:04:56.844 23799 27490 E ReactNativeJS:     in RCTView (created by View)
06-14 15:04:56.844 23799 27490 E ReactNativeJS:     in View (created by PlanetStageBackground)
06-14 15:04:56.844 23799 27490 E ReactNativeJS:     in RCTView (created by View)
06-14 15:04:56.844 23799 27490 E ReactNativeJS:     in View (created by PlanetStageBackground)
06-14 15:04:56.844 23799 27490 E ReactNativeJS:     in RCTView (created by View)
06-14 15:04:56.844 23799 27490 E ReactNativeJS:     in View (created by PlanetStageBackground)
06-14 15:04:56.844 23799 27490 E ReactNativeJS:     in RCTView (created by View)
06-14 15:04:56.844 23799 27490 E ReactNativeJS:     in View (created by PlanetStageBackground)
06-14 15:04:56.844 23799 27490 E ReactNativeJS:     in PlanetStageBackground (created by PlanetScreen)
06-14 15:04:56.844 23799 27490 E ReactNativeJS:     in RCTView (created by View)
06-14 15:04:56.844 23799 27490 E ReactNativeJS:     in View (created by StageShellInner)
06-14 15:04:56.844 23799 27490 E ReactNativeJS:     in RCTView (created by View)
06-14 15:04:56.844 23799 27490 E ReactNativeJS:     in View (created by StageShellInner)
06-14 15:04:56.844 23799 27490 E ReactNativeJS:     in RNCSafeAreaView
06-14 15:04:56.844 23799 27490 E ReactNativeJS:     in Unknown (created by StageShellInner)
06-14 15:04:56.844 23799 27490 E ReactNativeJS:     in StageShellInner (created by PlanetScreen)
06-14 15:04:56.844 23799 27490 E ReactNativeJS:     in PlanetCapitalCombatRoot (created by PlanetScreen)
06-14 15:04:56.844 23799 27490 E ReactNativeJS:     in PlanetScreen
06-14 15:04:56.844 23799 27490 E ReactNativeJS:     in Unknown (created by Route(planet))
06-14 15:04:56.844 23799 27490 E ReactNativeJS:     in Suspense (created by Route(planet))
06-14 15:04:56.844 23799 27490 E ReactNativeJS:     in Route (created by Route(planet))
06-14 15:04:56.844 23799 27490 E ReactNativeJS:     in Route(planet) (created by SceneView)
06-14 15:04:56.844 23799 27490 E ReactNativeJS:     in StaticContainer
06-14 15:04:56.844 23799 27490 E ReactNativeJS:     in EnsureSingleNavigator (created by SceneView)
06-14 15:04:56.844 23799 27490 E ReactNativeJS:     in SceneView (created by SceneView)
06-14 15:04:56.844 23799 27490 E ReactNativeJS:     in RCTView (created by View)
06-14 15:04:56.844 23799 27490 E ReactNativeJS:     in View (created by DebugContainer)
06-14 15:04:56.844 23799 27490 E ReactNativeJS:     in DebugContainer (created by MaybeNestedStack)
06-14 15:04:56.844 23799 27490 E ReactNativeJS:     in MaybeNestedStack (created by SceneView)
06-14 15:04:56.844 23799 27490 E ReactNativeJS:     in RCTView (created by View)
06-14 15:04:56.844 23799 27490 E ReactNativeJS:     in View (created by SceneView)
06-14 15:04:56.844 23799 27490 E ReactNativeJS:     in RNSScreen (created by Animated(Anonymous))
06-14 15:04:56.844 23799 27490 E ReactNativeJS:     in Animated(Anonymous) (created by InnerScreen)
06-14 15:04:56.844 23799 27490 E ReactNativeJS:     in Suspender (created by Freeze)
06-14 15:04:56.844 23799 27490 E ReactNativeJS:     in Suspense (created by Freeze)
06-14 15:04:56.844 23799 27490 E ReactNativeJS:     in Freeze (created by DelayedFreeze)
06-14 15:04:56.844 23799 27490 E ReactNativeJS:     in DelayedFreeze (created by InnerScreen)
06-14 15:04:56.844 23799 27490 E ReactNativeJS:     in InnerScreen (created by Screen)
06-14 15:04:56.844 23799 27490 E ReactNativeJS:     in Screen (created by SceneView)
06-14 15:04:56.844 23799 27490 E ReactNativeJS:     in SceneView (created by NativeStackViewInner)
06-14 15:04:56.844 23799 27490 E ReactNativeJS:     in Suspender (created by Freeze)
06-14 15:04:56.844 23799 27490 E ReactNativeJS:     in Suspense (created by Freeze)
06-14 15:04:56.844 23799 27490 E ReactNativeJS:     in Freeze (created by DelayedFreeze)
06-14 15:04:56.844 23799 27490 E ReactNativeJS:     in DelayedFreeze (created by ScreenStack)
06-14 15:04:56.844 23799 27490 E ReactNativeJS:     in RNSScreenStack (created by ScreenStack)
06-14 15:04:56.844 23799 27490 E ReactNativeJS:     in ScreenStack (created by NativeStackViewInner)
06-14 15:04:56.844 23799 27490 E ReactNativeJS:     in NativeStackViewInner (created by NativeStackView)
06-14 15:04:56.844 23799 27490 E ReactNativeJS:     in RCTView (created by View)
06-14 15:04:56.844 23799 27490 E ReactNativeJS:     in View (created by SafeAreaProviderCompat)
06-14 15:04:56.844 23799 27490 E ReactNativeJS:     in SafeAreaProviderCompat (created by NativeStackView)
06-14 15:04:56.844 23799 27490 E ReactNativeJS:     in NativeStackView (created by NativeStackNavigator)
06-14 15:04:56.844 23799 27490 E ReactNativeJS:     in PreventRemoveProvider (created by NavigationContent)
06-14 15:04:56.844 23799 27490 E ReactNativeJS:     in NavigationContent
06-14 15:04:56.844 23799 27490 E ReactNativeJS:     in Unknown (created by NativeStackNavigator)
06-14 15:04:56.844 23799 27490 E ReactNativeJS:     in NativeStackNavigator
06-14 15:04:56.844 23799 27490 E ReactNativeJS:     in Unknown (created by GameLayout)
06-14 15:04:56.844 23799 27490 E ReactNativeJS:     in GameLayout
06-14 15:04:56.844 23799 27490 E ReactNativeJS:     in Unknown (created by Route((game)))
06-14 15:04:56.844 23799 27490 E ReactNativeJS:     in Suspense (created by Route((game)))
06-14 15:04:56.844 23799 27490 E ReactNativeJS:     in Route (created by Route((game)))
06-14 15:04:56.844 23799 27490 E ReactNativeJS:     in Route((game)) (created by SceneView)
06-14 15:04:56.844 23799 27490 E ReactNativeJS:     in StaticContainer
06-14 15:04:56.844 23799 27490 E ReactNativeJS:     in EnsureSingleNavigator (created by SceneView)
06-14 15:04:56.844 23799 27490 E ReactNativeJS:     in SceneView (created by SceneView)
06-14 15:04:56.844 23799 27490 E ReactNativeJS:     in RCTView (created by View)
06-14 15:04:56.844 23799 27490 E ReactNativeJS:     in View (created by DebugContainer)
06-14 15:04:56.844 23799 27490 E ReactNativeJS:     in DebugContainer (created by MaybeNestedStack)
06-14 15:04:56.844 23799 27490 E ReactNativeJS:     in MaybeNestedStack (created by SceneView)
06-14 15:04:56.844 23799 27490 E ReactNativeJS:     in RCTView (created by View)
06-14 15:04:56.844 23799 27490 E ReactNativeJS:     in View (created by SceneView)
06-14 15:04:56.844 23799 27490 E ReactNativeJS:     in RNSScreen (created by Animated(Anonymous))
06-14 15:04:56.844 23799 27490 E ReactNativeJS:     in Animated(Anonymous) (created by InnerScreen)
06-14 15:04:56.844 23799 27490 E ReactNativeJS:     in Suspender (created by Freeze)
06-14 15:04:56.844 23799 27490 E ReactNativeJS:     in Suspense (created by Freeze)
06-14 15:04:56.844 23799 27490 E ReactNativeJS:     in Freeze (created by DelayedFreeze)
06-14 15:04:56.844 23799 27490 E ReactNativeJS:     in DelayedFreeze (created by InnerScreen)
06-14 15:04:56.844 23799 27490 E ReactNativeJS:     in InnerScreen (created by Screen)
06-14 15:04:56.844 23799 27490 E ReactNativeJS:     in Screen (created by SceneView)
06-14 15:04:56.844 23799 27490 E ReactNativeJS:     in SceneView (created by NativeStackViewInner)
06-14 15:04:56.844 23799 27490 E ReactNativeJS:     in Suspender (created by Freeze)
06-14 15:04:56.844 23799 27490 E ReactNativeJS:     in Suspense (created by Freeze)
06-14 15:04:56.844 23799 27490 E ReactNativeJS:     in Freeze (created by DelayedFreeze)
06-14 15:04:56.844 23799 27490 E ReactNativeJS:     in DelayedFreeze (created by ScreenStack)
06-14 15:04:56.844 23799 27490 E ReactNativeJS:     in RNSScreenStack (created by ScreenStack)
06-14 15:04:56.844 23799 27490 E ReactNativeJS:     in ScreenStack (created by NativeStackViewInner)
06-14 15:04:56.844 23799 27490 E ReactNativeJS:     in NativeStackViewInner (created by NativeStackView)
06-14 15:04:56.844 23799 27490 E ReactNativeJS:     in RCTView (created by View
06-14 15:04:56.846 23799 27490 E ReactNativeJS: ReferenceError: Property 'sampleEndMs' doesn't exist
06-14 15:04:56.846 23799 27490 E ReactNativeJS: 
06-14 15:04:56.846 23799 27490 E ReactNativeJS: This error is located at:
06-14 15:04:56.846 23799 27490 E ReactNativeJS:     in Unknown (created by PlanetDefenseInterceptMissileSkiaLayer)
06-14 15:04:56.846 23799 27490 E ReactNativeJS:     in RCTView (created by View)
06-14 15:04:56.846 23799 27490 E ReactNativeJS:     in View (created by PlanetDefenseInterceptMissileSkiaLayer)
06-14 15:04:56.846 23799 27490 E ReactNativeJS:     in PlanetDefenseInterceptMissileSkiaLayer (created by PlanetStageBackground)
06-14 15:04:56.846 23799 27490 E ReactNativeJS:     in ArcCoreMissileFlightHost (created by PlanetStageBackground)
06-14 15:04:56.846 23799 27490 E ReactNativeJS:     in RCTView (created by View)
06-14 15:04:56.846 23799 27490 E ReactNativeJS:     in View (created by PlanetStageBackground)
06-14 15:04:56.846 23799 27490 E ReactNativeJS:     in RCTView (created by View)
06-14 15:04:56.846 23799 27490 E ReactNativeJS:     in View (created by PlanetStageBackground)
06-14 15:04:56.846 23799 27490 E ReactNativeJS:     in RCTView (created by View)
06-14 15:04:56.846 23799 27490 E ReactNativeJS:     in View (created by PlanetStageBackground)
06-14 15:04:56.846 23799 27490 E ReactNativeJS:     in RCTView (created by View)
06-14 15:04:56.846 23799 27490 E ReactNativeJS:     in View (created by PlanetStageBackground)
06-14 15:04:56.846 23799 27490 E ReactNativeJS:     in RCTView (created by View)
06-14 15:04:56.846 23799 27490 E ReactNativeJS:     in View (created by PlanetStageBackground)
06-14 15:04:56.846 23799 27490 E ReactNativeJS:     in PlanetStageBackground (created by PlanetScreen)
06-14 15:04:56.846 23799 27490 E ReactNativeJS:     in RCTView (created by View)
06-14 15:04:56.846 23799 27490 E ReactNativeJS:     in View (created by StageShellInner)
06-14 15:04:56.846 23799 27490 E ReactNativeJS:     in RCTView (created by View)
06-14 15:04:56.846 23799 27490 E ReactNativeJS:     in View (created by StageShellInner)
06-14 15:04:56.846 23799 27490 E ReactNativeJS:     in RNCSafeAreaView
06-14 15:04:56.846 23799 27490 E ReactNativeJS:     in Unknown (created by StageShellInner)
06-14 15:04:56.846 23799 27490 E ReactNativeJS:     in StageShellInner (created by PlanetScreen)
06-14 15:04:56.846 23799 27490 E ReactNativeJS:     in PlanetCapitalCombatRoot (created by PlanetScreen)
06-14 15:04:56.846 23799 27490 E ReactNativeJS:     in PlanetScreen
06-14 15:04:56.846 23799 27490 E ReactNativeJS:     in Unknown (created by Route(planet))
06-14 15:04:56.846 23799 27490 E ReactNativeJS:     in Suspense (created by Route(planet))
06-14 15:04:56.846 23799 27490 E ReactNativeJS:     in Route (created by Route(planet))
06-14 15:04:56.846 23799 27490 E ReactNativeJS:     in Route(planet) (created by SceneView)
06-14 15:04:56.846 23799 27490 E ReactNativeJS:     in StaticContainer
06-14 15:04:56.846 23799 27490 E ReactNativeJS:     in EnsureSingleNavigator (created by SceneView)
06-14 15:04:56.846 23799 27490 E ReactNativeJS:     in SceneView (created by SceneView)
06-14 15:04:56.846 23799 27490 E ReactNativeJS:     in RCTView (created by View)
06-14 15:04:56.846 23799 27490 E ReactNativeJS:     in View (created by DebugContainer)
06-14 15:04:56.846 23799 27490 E ReactNativeJS:     in DebugContainer (created by MaybeNestedStack)
06-14 15:04:56.846 23799 27490 E ReactNativeJS:     in MaybeNestedStack (created by SceneView)
06-14 15:04:56.846 23799 27490 E ReactNativeJS:     in RCTView (created by View)
06-14 15:04:56.846 23799 27490 E ReactNativeJS:     in View (created by SceneView)
06-14 15:04:56.846 23799 27490 E ReactNativeJS:     in RNSScreen (created by Animated(Anonymous))
06-14 15:04:56.846 23799 27490 E ReactNativeJS:     in Animated(Anonymous) (created by InnerScreen)
06-14 15:04:56.846 23799 27490 E ReactNativeJS:     in Suspender (created by Freeze)
06-14 15:04:56.846 23799 27490 E ReactNativeJS:     in Suspense (created by Freeze)
06-14 15:04:56.846 23799 27490 E ReactNativeJS:     in Freeze (created by DelayedFreeze)
06-14 15:04:56.846 23799 27490 E ReactNativeJS:     in DelayedFreeze (created by InnerScreen)
06-14 15:04:56.846 23799 27490 E ReactNativeJS:     in InnerScreen (created by Screen)
06-14 15:04:56.846 23799 27490 E ReactNativeJS:     in Screen (created by SceneView)
06-14 15:04:56.846 23799 27490 E ReactNativeJS:     in SceneView (created by NativeStackViewInner)
06-14 15:04:56.846 23799 27490 E ReactNativeJS:     in Suspender (created by Freeze)
06-14 15:04:56.846 23799 27490 E ReactNativeJS:     in Suspense (created by Freeze)
06-14 15:04:56.846 23799 27490 E ReactNativeJS:     in Freeze (created by DelayedFreeze)
06-14 15:04:56.846 23799 27490 E ReactNativeJS:     in DelayedFreeze (created by ScreenStack)
06-14 15:04:56.846 23799 27490 E ReactNativeJS:     in RNSScreenStack (created by ScreenStack)
06-14 15:04:56.846 23799 27490 E ReactNativeJS:     in ScreenStack (created by NativeStackViewInner)
06-14 15:04:56.846 23799 27490 E ReactNativeJS:     in NativeStackViewInner (created by NativeStackView)
06-14 15:04:56.846 23799 27490 E ReactNativeJS:     in RCTView (created by View)
06-14 15:04:56.846 23799 27490 E ReactNativeJS:     in View (created by SafeAreaProviderCompat)
06-14 15:04:56.846 23799 27490 E ReactNativeJS:     in SafeAreaProviderCompat (created by NativeStackView)
06-14 15:04:56.846 23799 27490 E ReactNativeJS:     in NativeStackView (created by NativeStackNavigator)
06-14 15:04:56.846 23799 27490 E ReactNativeJS:     in PreventRemoveProvider (created by NavigationContent)
06-14 15:04:56.846 23799 27490 E ReactNativeJS:     in NavigationContent
06-14 15:04:56.846 23799 27490 E ReactNativeJS:     in Unknown (created by NativeStackNavigator)
06-14 15:04:56.846 23799 27490 E ReactNativeJS:     in NativeStackNavigator
06-14 15:04:56.846 23799 27490 E ReactNativeJS:     in Unknown (created by GameLayout)
06-14 15:04:56.846 23799 27490 E ReactNativeJS:     in GameLayout
06-14 15:04:56.846 23799 27490 E ReactNativeJS:     in Unknown (created by Route((game)))
06-14 15:04:56.846 23799 27490 E ReactNativeJS:     in Suspense (created by Route((game)))
06-14 15:04:56.846 23799 27490 E ReactNativeJS:     in Route (created by Route((game)))
06-14 15:04:56.846 23799 27490 E ReactNativeJS:     in Route((game)) (created by SceneView)
06-14 15:04:56.846 23799 27490 E ReactNativeJS:     in StaticContainer
06-14 15:04:56.846 23799 27490 E ReactNativeJS:     in EnsureSingleNavigator (created by SceneView)
06-14 15:04:56.846 23799 27490 E ReactNativeJS:     in SceneView (created by SceneView)
06-14 15:04:56.846 23799 27490 E ReactNativeJS:     in RCTView (created by View)
06-14 15:04:56.846 23799 27490 E ReactNativeJS:     in View (created by DebugContainer)
06-14 15:04:56.846 23799 27490 E ReactNativeJS:     in DebugContainer (created by MaybeNestedStack)
06-14 15:04:56.846 23799 27490 E ReactNativeJS:     in MaybeNestedStack (created by SceneView)
06-14 15:04:56.846 23799 27490 E ReactNativeJS:     in RCTView (created by View)
06-14 15:04:56.846 23799 27490 E ReactNativeJS:     in View (created by SceneView)
06-14 15:04:56.846 23799 27490 E ReactNativeJS:     in RNSScreen (created by Animated(Anonymous))
06-14 15:04:56.846 23799 27490 E ReactNativeJS:     in Animated(Anonymous) (created by InnerScreen)
06-14 15:04:56.846 23799 27490 E ReactNativeJS:     in Suspender (created by Freeze)
06-14 15:04:56.846 23799 27490 E ReactNativeJS:     in Suspense (created by Freeze)
06-14 15:04:56.846 23799 27490 E ReactNativeJS:     in Freeze (created by DelayedFreeze)
06-14 15:04:56.846 23799 27490 E ReactNativeJS:     in DelayedFreeze (created by InnerScreen)
06-14 15:04:56.846 23799 27490 E ReactNativeJS:     in InnerScreen (created by Screen)
06-14 15:04:56.846 23799 27490 E ReactNativeJS:     in Screen (created by SceneView)
06-14 15:04:56.846 23799 27490 E ReactNativeJS:     in SceneView (created by NativeStackViewInner)
06-14 15:04:56.846 23799 27490 E ReactNativeJS:     in Suspender (created by Freeze)
06-14 15:04:56.846 23799 27490 E ReactNativeJS:     in Suspense (created by Freeze)
06-14 15:04:56.846 23799 27490 E ReactNativeJS:     in Freeze (created by DelayedFreeze)
06-14 15:04:56.846 23799 27490 E ReactNativeJS:     in DelayedFreeze (created by ScreenStack)
06-14 15:04:56.846 23799 27490 E ReactNativeJS:     in RNSScreenStack (created by ScreenStack)
06-14 15:04:56.846 23799 27490 E ReactNativeJS:     in ScreenStack (created by NativeStackViewInner)
06-14 15:04:56.846 23799 27490 E ReactNativeJS:     in NativeStackViewInner (created by NativeStackView)
06-14 15:04:56.846 23799 27490 E ReactNativeJS:     in RCTView (created by View
06-14 15:05:05.807 23799 27490 E ReactNativeJS: The above error occurred in the <MissileDraw> component:
06-14 15:05:05.807 23799 27490 E ReactNativeJS: 
06-14 15:05:05.807 23799 27490 E ReactNativeJS:     at recursivelyTraversePassiveMountEffects (http://localhost:8081/node_modules/expo-router/entry.bundle//&platform=android&dev=true&lazy=true&minify=false&app=com.arcfire.online&modulesOnly=false&runModule=true&transform.routerRoot=app&transform.engine=hermes&transform.bytecode=true:63456:38)
06-14 15:05:05.807 23799 27490 E ReactNativeJS: 
06-14 15:05:05.807 23799 27490 E ReactNativeJS: Consider adding an error boundary to your tree to customize error handling behavior.
06-14 15:05:05.807 23799 27490 E ReactNativeJS: Visit https://reactjs.org/link/error-boundaries to learn more about error boundaries.
06-14 15:05:05.841 23799 27490 E ReactNativeJS: ReferenceError: Property 'sampleEndMs' doesn't exist
06-14 15:05:05.841 23799 27490 E ReactNativeJS: 
06-14 15:05:05.841 23799 27490 E ReactNativeJS: This error is located at:
06-14 15:05:05.841 23799 27490 E ReactNativeJS:     in Unknown (created by PlanetDefenseInterceptMissileSkiaLayer)
06-14 15:05:05.841 23799 27490 E ReactNativeJS:     in RCTView (created by View)
06-14 15:05:05.841 23799 27490 E ReactNativeJS:     in View (created by PlanetDefenseInterceptMissileSkiaLayer)
06-14 15:05:05.841 23799 27490 E ReactNativeJS:     in PlanetDefenseInterceptMissileSkiaLayer (created by PlanetStageBackground)
06-14 15:05:05.841 23799 27490 E ReactNativeJS:     in ArcCoreMissileFlightHost (created by PlanetStageBackground)
06-14 15:05:05.841 23799 27490 E ReactNativeJS:     in RCTView (created by View)
06-14 15:05:05.841 23799 27490 E ReactNativeJS:     in View (created by PlanetStageBackground)
06-14 15:05:05.841 23799 27490 E ReactNativeJS:     in RCTView (created by View)
06-14 15:05:05.841 23799 27490 E ReactNativeJS:     in View (created by PlanetStageBackground)
06-14 15:05:05.841 23799 27490 E ReactNativeJS:     in RCTView (created by View)
06-14 15:05:05.841 23799 27490 E ReactNativeJS:     in View (created by PlanetStageBackground)
06-14 15:05:05.841 23799 27490 E ReactNativeJS:     in RCTView (created by View)
06-14 15:05:05.841 23799 27490 E ReactNativeJS:     in View (created by PlanetStageBackground)
06-14 15:05:05.841 23799 27490 E ReactNativeJS:     in RCTView (created by View)
06-14 15:05:05.841 23799 27490 E ReactNativeJS:     in View (created by PlanetStageBackground)
06-14 15:05:05.841 23799 27490 E ReactNativeJS:     in PlanetStageBackground (created by PlanetScreen)
06-14 15:05:05.841 23799 27490 E ReactNativeJS:     in RCTView (created by View)
06-14 15:05:05.841 23799 27490 E ReactNativeJS:     in View (created by StageShellInner)
06-14 15:05:05.841 23799 27490 E ReactNativeJS:     in RCTView (created by View)
06-14 15:05:05.841 23799 27490 E ReactNativeJS:     in View (created by StageShellInner)
06-14 15:05:05.841 23799 27490 E ReactNativeJS:     in RNCSafeAreaView
06-14 15:05:05.841 23799 27490 E ReactNativeJS:     in Unknown (created by StageShellInner)
06-14 15:05:05.841 23799 27490 E ReactNativeJS:     in StageShellInner (created by PlanetScreen)
06-14 15:05:05.841 23799 27490 E ReactNativeJS:     in PlanetCapitalCombatRoot (created by PlanetScreen)
06-14 15:05:05.841 23799 27490 E ReactNativeJS:     in PlanetScreen
06-14 15:05:05.841 23799 27490 E ReactNativeJS:     in Unknown (created by Route(planet))
06-14 15:05:05.841 23799 27490 E ReactNativeJS:     in Suspense (created by Route(planet))
06-14 15:05:05.841 23799 27490 E ReactNativeJS:     in Route (created by Route(planet))
06-14 15:05:05.841 23799 27490 E ReactNativeJS:     in Route(planet) (created by SceneView)
06-14 15:05:05.841 23799 27490 E ReactNativeJS:     in StaticContainer
06-14 15:05:05.841 23799 27490 E ReactNativeJS:     in EnsureSingleNavigator (created by SceneView)
06-14 15:05:05.841 23799 27490 E ReactNativeJS:     in SceneView (created by SceneView)
06-14 15:05:05.841 23799 27490 E ReactNativeJS:     in RCTView (created by View)
06-14 15:05:05.841 23799 27490 E ReactNativeJS:     in View (created by DebugContainer)
06-14 15:05:05.841 23799 27490 E ReactNativeJS:     in DebugContainer (created by MaybeNestedStack)
06-14 15:05:05.841 23799 27490 E ReactNativeJS:     in MaybeNestedStack (created by SceneView)
06-14 15:05:05.841 23799 27490 E ReactNativeJS:     in RCTView (created by View)
06-14 15:05:05.841 23799 27490 E ReactNativeJS:     in View (created by SceneView)
06-14 15:05:05.841 23799 27490 E ReactNativeJS:     in RNSScreen (created by Animated(Anonymous))
06-14 15:05:05.841 23799 27490 E ReactNativeJS:     in Animated(Anonymous) (created by InnerScreen)
06-14 15:05:05.841 23799 27490 E ReactNativeJS:     in Suspender (created by Freeze)
06-14 15:05:05.841 23799 27490 E ReactNativeJS:     in Suspense (created by Freeze)
06-14 15:05:05.841 23799 27490 E ReactNativeJS:     in Freeze (created by DelayedFreeze)
06-14 15:05:05.841 23799 27490 E ReactNativeJS:     in DelayedFreeze (created by InnerScreen)
06-14 15:05:05.841 23799 27490 E ReactNativeJS:     in InnerScreen (created by Screen)
06-14 15:05:05.841 23799 27490 E ReactNativeJS:     in Screen (created by SceneView)
06-14 15:05:05.841 23799 27490 E ReactNativeJS:     in SceneView (created by NativeStackViewInner)
06-14 15:05:05.841 23799 27490 E ReactNativeJS:     in Suspender (created by Freeze)
06-14 15:05:05.841 23799 27490 E ReactNativeJS:     in Suspense (created by Freeze)
06-14 15:05:05.841 23799 27490 E ReactNativeJS:     in Freeze (created by DelayedFreeze)
06-14 15:05:05.841 23799 27490 E ReactNativeJS:     in DelayedFreeze (created by ScreenStack)
06-14 15:05:05.841 23799 27490 E ReactNativeJS:     in RNSScreenStack (created by ScreenStack)
06-14 15:05:05.841 23799 27490 E ReactNativeJS:     in ScreenStack (created by NativeStackViewInner)
06-14 15:05:05.841 23799 27490 E ReactNativeJS:     in NativeStackViewInner (created by NativeStackView)
06-14 15:05:05.841 23799 27490 E ReactNativeJS:     in RCTView (created by View)
06-14 15:05:05.841 23799 27490 E ReactNativeJS:     in View (created by SafeAreaProviderCompat)
06-14 15:05:05.841 23799 27490 E ReactNativeJS:     in SafeAreaProviderCompat (created by NativeStackView)
06-14 15:05:05.841 23799 27490 E ReactNativeJS:     in NativeStackView (created by NativeStackNavigator)
06-14 15:05:05.841 23799 27490 E ReactNativeJS:     in PreventRemoveProvider (created by NavigationContent)
06-14 15:05:05.841 23799 27490 E ReactNativeJS:     in NavigationContent
06-14 15:05:05.841 23799 27490 E ReactNativeJS:     in Unknown (created by NativeStackNavigator)
06-14 15:05:05.841 23799 27490 E ReactNativeJS:     in NativeStackNavigator
06-14 15:05:05.841 23799 27490 E ReactNativeJS:     in Unknown (created by GameLayout)
06-14 15:05:05.841 23799 27490 E ReactNativeJS:     in GameLayout
06-14 15:05:05.841 23799 27490 E ReactNativeJS:     in Unknown (created by Route((game)))
06-14 15:05:05.841 23799 27490 E ReactNativeJS:     in Suspense (created by Route((game)))
06-14 15:05:05.841 23799 27490 E ReactNativeJS:     in Route (created by Route((game)))
06-14 15:05:05.841 23799 27490 E ReactNativeJS:     in Route((game)) (created by SceneView)
06-14 15:05:05.841 23799 27490 E ReactNativeJS:     in StaticContainer
06-14 15:05:05.841 23799 27490 E ReactNativeJS:     in EnsureSingleNavigator (created by SceneView)
06-14 15:05:05.841 23799 27490 E ReactNativeJS:     in SceneView (created by SceneView)
06-14 15:05:05.841 23799 27490 E ReactNativeJS:     in RCTView (created by View)
06-14 15:05:05.841 23799 27490 E ReactNativeJS:     in View (created by DebugContainer)
06-14 15:05:05.841 23799 27490 E ReactNativeJS:     in DebugContainer (created by MaybeNestedStack)
06-14 15:05:05.841 23799 27490 E ReactNativeJS:     in MaybeNestedStack (created by SceneView)
06-14 15:05:05.841 23799 27490 E ReactNativeJS:     in RCTView (created by View)
06-14 15:05:05.841 23799 27490 E ReactNativeJS:     in View (created by SceneView)
06-14 15:05:05.841 23799 27490 E ReactNativeJS:     in RNSScreen (created by Animated(Anonymous))
06-14 15:05:05.841 23799 27490 E ReactNativeJS:     in Animated(Anonymous) (created by InnerScreen)
06-14 15:05:05.841 23799 27490 E ReactNativeJS:     in Suspender (created by Freeze)
06-14 15:05:05.841 23799 27490 E ReactNativeJS:     in Suspense (created by Freeze)
06-14 15:05:05.841 23799 27490 E ReactNativeJS:     in Freeze (created by DelayedFreeze)
06-14 15:05:05.841 23799 27490 E ReactNativeJS:     in DelayedFreeze (created by InnerScreen)
06-14 15:05:05.841 23799 27490 E ReactNativeJS:     in InnerScreen (created by Screen)
06-14 15:05:05.841 23799 27490 E ReactNativeJS:     in Screen (created by SceneView)
06-14 15:05:05.841 23799 27490 E ReactNativeJS:     in SceneView (created by NativeStackViewInner)
06-14 15:05:05.841 23799 27490 E ReactNativeJS:     in Suspender (created by Freeze)
06-14 15:05:05.841 23799 27490 E ReactNativeJS:     in Suspense (created by Freeze)
06-14 15:05:05.841 23799 27490 E ReactNativeJS:     in Freeze (created by DelayedFreeze)
06-14 15:05:05.841 23799 27490 E ReactNativeJS:     in DelayedFreeze (created by ScreenStack)
06-14 15:05:05.841 23799 27490 E ReactNativeJS:     in RNSScreenStack (created by ScreenStack)
06-14 15:05:05.841 23799 27490 E ReactNativeJS:     in ScreenStack (created by NativeStackViewInner)
06-14 15:05:05.841 23799 27490 E ReactNativeJS:     in NativeStackViewInner (created by NativeStackView)
06-14 15:05:05.841 23799 27490 E ReactNativeJS:     in RCTView (created by View
06-14 15:05:05.843 23799 27490 E ReactNativeJS: ReferenceError: Property 'sampleEndMs' doesn't exist
06-14 15:05:05.843 23799 27490 E ReactNativeJS: 
06-14 15:05:05.843 23799 27490 E ReactNativeJS: This error is located at:
06-14 15:05:05.843 23799 27490 E ReactNativeJS:     in Unknown (created by PlanetDefenseInterceptMissileSkiaLayer)
06-14 15:05:05.843 23799 27490 E ReactNativeJS:     in RCTView (created by View)
06-14 15:05:05.843 23799 27490 E ReactNativeJS:     in View (created by PlanetDefenseInterceptMissileSkiaLayer)
06-14 15:05:05.843 23799 27490 E ReactNativeJS:     in PlanetDefenseInterceptMissileSkiaLayer (created by PlanetStageBackground)
06-14 15:05:05.843 23799 27490 E ReactNativeJS:     in ArcCoreMissileFlightHost (created by PlanetStageBackground)
06-14 15:05:05.843 23799 27490 E ReactNativeJS:     in RCTView (created by View)
06-14 15:05:05.843 23799 27490 E ReactNativeJS:     in View (created by PlanetStageBackground)
06-14 15:05:05.843 23799 27490 E ReactNativeJS:     in RCTView (created by View)
06-14 15:05:05.843 23799 27490 E ReactNativeJS:     in View (created by PlanetStageBackground)
06-14 15:05:05.843 23799 27490 E ReactNativeJS:     in RCTView (created by View)
06-14 15:05:05.843 23799 27490 E ReactNativeJS:     in View (created by PlanetStageBackground)
06-14 15:05:05.843 23799 27490 E ReactNativeJS:     in RCTView (created by View)
06-14 15:05:05.843 23799 27490 E ReactNativeJS:     in View (created by PlanetStageBackground)
06-14 15:05:05.843 23799 27490 E ReactNativeJS:     in RCTView (created by View)
06-14 15:05:05.843 23799 27490 E ReactNativeJS:     in View (created by PlanetStageBackground)
06-14 15:05:05.843 23799 27490 E ReactNativeJS:     in PlanetStageBackground (created by PlanetScreen)
06-14 15:05:05.843 23799 27490 E ReactNativeJS:     in RCTView (created by View)
06-14 15:05:05.843 23799 27490 E ReactNativeJS:     in View (created by StageShellInner)
06-14 15:05:05.843 23799 27490 E ReactNativeJS:     in RCTView (created by View)
06-14 15:05:05.843 23799 27490 E ReactNativeJS:     in View (created by StageShellInner)
06-14 15:05:05.843 23799 27490 E ReactNativeJS:     in RNCSafeAreaView
06-14 15:05:05.843 23799 27490 E ReactNativeJS:     in Unknown (created by StageShellInner)
06-14 15:05:05.843 23799 27490 E ReactNativeJS:     in StageShellInner (created by PlanetScreen)
06-14 15:05:05.843 23799 27490 E ReactNativeJS:     in PlanetCapitalCombatRoot (created by PlanetScreen)
06-14 15:05:05.843 23799 27490 E ReactNativeJS:     in PlanetScreen
06-14 15:05:05.843 23799 27490 E ReactNativeJS:     in Unknown (created by Route(planet))
06-14 15:05:05.843 23799 27490 E ReactNativeJS:     in Suspense (created by Route(planet))
06-14 15:05:05.843 23799 27490 E ReactNativeJS:     in Route (created by Route(planet))
06-14 15:05:05.843 23799 27490 E ReactNativeJS:     in Route(planet) (created by SceneView)
06-14 15:05:05.843 23799 27490 E ReactNativeJS:     in StaticContainer
06-14 15:05:05.843 23799 27490 E ReactNativeJS:     in EnsureSingleNavigator (created by SceneView)
06-14 15:05:05.843 23799 27490 E ReactNativeJS:     in SceneView (created by SceneView)
06-14 15:05:05.843 23799 27490 E ReactNativeJS:     in RCTView (created by View)
06-14 15:05:05.843 23799 27490 E ReactNativeJS:     in View (created by DebugContainer)
06-14 15:05:05.843 23799 27490 E ReactNativeJS:     in DebugContainer (created by MaybeNestedStack)
06-14 15:05:05.843 23799 27490 E ReactNativeJS:     in MaybeNestedStack (created by SceneView)
06-14 15:05:05.843 23799 27490 E ReactNativeJS:     in RCTView (created by View)
06-14 15:05:05.843 23799 27490 E ReactNativeJS:     in View (created by SceneView)
06-14 15:05:05.843 23799 27490 E ReactNativeJS:     in RNSScreen (created by Animated(Anonymous))
06-14 15:05:05.843 23799 27490 E ReactNativeJS:     in Animated(Anonymous) (created by InnerScreen)
06-14 15:05:05.843 23799 27490 E ReactNativeJS:     in Suspender (created by Freeze)
06-14 15:05:05.843 23799 27490 E ReactNativeJS:     in Suspense (created by Freeze)
06-14 15:05:05.843 23799 27490 E ReactNativeJS:     in Freeze (created by DelayedFreeze)
06-14 15:05:05.843 23799 27490 E ReactNativeJS:     in DelayedFreeze (created by InnerScreen)
06-14 15:05:05.843 23799 27490 E ReactNativeJS:     in InnerScreen (created by Screen)
06-14 15:05:05.843 23799 27490 E ReactNativeJS:     in Screen (created by SceneView)
06-14 15:05:05.843 23799 27490 E ReactNativeJS:     in SceneView (created by NativeStackViewInner)
06-14 15:05:05.843 23799 27490 E ReactNativeJS:     in Suspender (created by Freeze)
06-14 15:05:05.843 23799 27490 E ReactNativeJS:     in Suspense (created by Freeze)
06-14 15:05:05.843 23799 27490 E ReactNativeJS:     in Freeze (created by DelayedFreeze)
06-14 15:05:05.843 23799 27490 E ReactNativeJS:     in DelayedFreeze (created by ScreenStack)
06-14 15:05:05.843 23799 27490 E ReactNativeJS:     in RNSScreenStack (created by ScreenStack)
06-14 15:05:05.843 23799 27490 E ReactNativeJS:     in ScreenStack (created by NativeStackViewInner)
06-14 15:05:05.843 23799 27490 E ReactNativeJS:     in NativeStackViewInner (created by NativeStackView)
06-14 15:05:05.843 23799 27490 E ReactNativeJS:     in RCTView (created by View)
06-14 15:05:05.843 23799 27490 E ReactNativeJS:     in View (created by SafeAreaProviderCompat)
06-14 15:05:05.843 23799 27490 E ReactNativeJS:     in SafeAreaProviderCompat (created by NativeStackView)
06-14 15:05:05.843 23799 27490 E ReactNativeJS:     in NativeStackView (created by NativeStackNavigator)
06-14 15:05:05.843 23799 27490 E ReactNativeJS:     in PreventRemoveProvider (created by NavigationContent)
06-14 15:05:05.843 23799 27490 E ReactNativeJS:     in NavigationContent
06-14 15:05:05.843 23799 27490 E ReactNativeJS:     in Unknown (created by NativeStackNavigator)
06-14 15:05:05.843 23799 27490 E ReactNativeJS:     in NativeStackNavigator
06-14 15:05:05.843 23799 27490 E ReactNativeJS:     in Unknown (created by GameLayout)
06-14 15:05:05.843 23799 27490 E ReactNativeJS:     in GameLayout
06-14 15:05:05.843 23799 27490 E ReactNativeJS:     in Unknown (created by Route((game)))
06-14 15:05:05.843 23799 27490 E ReactNativeJS:     in Suspense (created by Route((game)))
06-14 15:05:05.843 23799 27490 E ReactNativeJS:     in Route (created by Route((game)))
06-14 15:05:05.843 23799 27490 E ReactNativeJS:     in Route((game)) (created by SceneView)
06-14 15:05:05.843 23799 27490 E ReactNativeJS:     in StaticContainer
06-14 15:05:05.843 23799 27490 E ReactNativeJS:     in EnsureSingleNavigator (created by SceneView)
06-14 15:05:05.843 23799 27490 E ReactNativeJS:     in SceneView (created by SceneView)
06-14 15:05:05.843 23799 27490 E ReactNativeJS:     in RCTView (created by View)
06-14 15:05:05.843 23799 27490 E ReactNativeJS:     in View (created by DebugContainer)
06-14 15:05:05.843 23799 27490 E ReactNativeJS:     in DebugContainer (created by MaybeNestedStack)
06-14 15:05:05.843 23799 27490 E ReactNativeJS:     in MaybeNestedStack (created by SceneView)
06-14 15:05:05.843 23799 27490 E ReactNativeJS:     in RCTView (created by View)
06-14 15:05:05.843 23799 27490 E ReactNativeJS:     in View (created by SceneView)
06-14 15:05:05.843 23799 27490 E ReactNativeJS:     in RNSScreen (created by Animated(Anonymous))
06-14 15:05:05.843 23799 27490 E ReactNativeJS:     in Animated(Anonymous) (created by InnerScreen)
06-14 15:05:05.843 23799 27490 E ReactNativeJS:     in Suspender (created by Freeze)
06-14 15:05:05.843 23799 27490 E ReactNativeJS:     in Suspense (created by Freeze)
06-14 15:05:05.843 23799 27490 E ReactNativeJS:     in Freeze (created by DelayedFreeze)
06-14 15:05:05.843 23799 27490 E ReactNativeJS:     in DelayedFreeze (created by InnerScreen)
06-14 15:05:05.843 23799 27490 E ReactNativeJS:     in InnerScreen (created by Screen)
06-14 15:05:05.843 23799 27490 E ReactNativeJS:     in Screen (created by SceneView)
06-14 15:05:05.843 23799 27490 E ReactNativeJS:     in SceneView (created by NativeStackViewInner)
06-14 15:05:05.843 23799 27490 E ReactNativeJS:     in Suspender (created by Freeze)
06-14 15:05:05.843 23799 27490 E ReactNativeJS:     in Suspense (created by Freeze)
06-14 15:05:05.843 23799 27490 E ReactNativeJS:     in Freeze (created by DelayedFreeze)
06-14 15:05:05.843 23799 27490 E ReactNativeJS:     in DelayedFreeze (created by ScreenStack)
06-14 15:05:05.843 23799 27490 E ReactNativeJS:     in RNSScreenStack (created by ScreenStack)
06-14 15:05:05.843 23799 27490 E ReactNativeJS:     in ScreenStack (created by NativeStackViewInner)
06-14 15:05:05.843 23799 27490 E ReactNativeJS:     in NativeStackViewInner (created by NativeStackView)
06-14 15:05:05.843 23799 27490 E ReactNativeJS:     in RCTView (created by View
06-14 15:09:26.661 23799 27490 E ReactNativeJS: The above error occurred in the <MissileDraw> component:
06-14 15:09:26.661 23799 27490 E ReactNativeJS: 
06-14 15:09:26.661 23799 27490 E ReactNativeJS:     at recursivelyTraversePassiveMountEffects (http://localhost:8081/node_modules/expo-router/entry.bundle//&platform=android&dev=true&lazy=true&minify=false&app=com.arcfire.online&modulesOnly=false&runModule=true&transform.routerRoot=app&transform.engine=hermes&transform.bytecode=true:63456:38)
06-14 15:09:26.661 23799 27490 E ReactNativeJS: 
06-14 15:09:26.661 23799 27490 E ReactNativeJS: Consider adding an error boundary to your tree to customize error handling behavior.
06-14 15:09:26.661 23799 27490 E ReactNativeJS: Visit https://reactjs.org/link/error-boundaries to learn more about error boundaries.
06-14 15:09:26.761 23799 27490 E ReactNativeJS: The above error occurred in the <MissileDraw> component:
06-14 15:09:26.761 23799 27490 E ReactNativeJS: 
06-14 15:09:26.761 23799 27490 E ReactNativeJS:     at recursivelyTraversePassiveMountEffects (http://localhost:8081/node_modules/expo-router/entry.bundle//&platform=android&dev=true&lazy=true&minify=false&app=com.arcfire.online&modulesOnly=false&runModule=true&transform.routerRoot=app&transform.engine=hermes&transform.bytecode=true:63456:38)
06-14 15:09:26.761 23799 27490 E ReactNativeJS: 
06-14 15:09:26.761 23799 27490 E ReactNativeJS: Consider adding an error boundary to your tree to customize error handling behavior.
06-14 15:09:26.761 23799 27490 E ReactNativeJS: Visit https://reactjs.org/link/error-boundaries to learn more about error boundaries.
06-14 15:09:26.810 23799 27490 E ReactNativeJS: ReferenceError: Property 'resolveDefenseInterceptExtrapolatedMotion' doesn't exist
06-14 15:09:26.810 23799 27490 E ReactNativeJS: 
06-14 15:09:26.810 23799 27490 E ReactNativeJS: This error is located at:
06-14 15:09:26.810 23799 27490 E ReactNativeJS:     in Unknown (created by PlanetDefenseInterceptMissileSkiaLayer)
06-14 15:09:26.810 23799 27490 E ReactNativeJS:     in RCTView (created by View)
06-14 15:09:26.810 23799 27490 E ReactNativeJS:     in View (created by PlanetDefenseInterceptMissileSkiaLayer)
06-14 15:09:26.810 23799 27490 E ReactNativeJS:     in PlanetDefenseInterceptMissileSkiaLayer (created by PlanetStageBackground)
06-14 15:09:26.810 23799 27490 E ReactNativeJS:     in ArcCoreMissileFlightHost (created by PlanetStageBackground)
06-14 15:09:26.810 23799 27490 E ReactNativeJS:     in RCTView (created by View)
06-14 15:09:26.810 23799 27490 E ReactNativeJS:     in View (created by PlanetStageBackground)
06-14 15:09:26.810 23799 27490 E ReactNativeJS:     in RCTView (created by View)
06-14 15:09:26.810 23799 27490 E ReactNativeJS:     in View (created by PlanetStageBackground)
06-14 15:09:26.810 23799 27490 E ReactNativeJS:     in RCTView (created by View)
06-14 15:09:26.810 23799 27490 E ReactNativeJS:     in View (created by PlanetStageBackground)
06-14 15:09:26.810 23799 27490 E ReactNativeJS:     in RCTView (created by View)
06-14 15:09:26.810 23799 27490 E ReactNativeJS:     in View (created by PlanetStageBackground)
06-14 15:09:26.810 23799 27490 E ReactNativeJS:     in RCTView (created by View)
06-14 15:09:26.810 23799 27490 E ReactNativeJS:     in View (created by PlanetStageBackground)
06-14 15:09:26.810 23799 27490 E ReactNativeJS:     in PlanetStageBackground (created by PlanetScreen)
06-14 15:09:26.810 23799 27490 E ReactNativeJS:     in RCTView (created by View)
06-14 15:09:26.810 23799 27490 E ReactNativeJS:     in View (created by StageShellInner)
06-14 15:09:26.810 23799 27490 E ReactNativeJS:     in RCTView (created by View)
06-14 15:09:26.810 23799 27490 E ReactNativeJS:     in View (created by StageShellInner)
06-14 15:09:26.810 23799 27490 E ReactNativeJS:     in RNCSafeAreaView
06-14 15:09:26.810 23799 27490 E ReactNativeJS:     in Unknown (created by StageShellInner)
06-14 15:09:26.810 23799 27490 E ReactNativeJS:     in StageShellInner (created by PlanetScreen)
06-14 15:09:26.810 23799 27490 E ReactNativeJS:     in PlanetCapitalCombatRoot (created by PlanetScreen)
06-14 15:09:26.810 23799 27490 E ReactNativeJS:     in PlanetScreen
06-14 15:09:26.810 23799 27490 E ReactNativeJS:     in Unknown (created by Route(planet))
06-14 15:09:26.810 23799 27490 E ReactNativeJS:     in Suspense (created by Route(planet))
06-14 15:09:26.810 23799 27490 E ReactNativeJS:     in Route (created by Route(planet))
06-14 15:09:26.810 23799 27490 E ReactNativeJS:     in Route(planet) (created by SceneView)
06-14 15:09:26.810 23799 27490 E ReactNativeJS:     in StaticContainer
06-14 15:09:26.810 23799 27490 E ReactNativeJS:     in EnsureSingleNavigator (created by SceneView)
06-14 15:09:26.810 23799 27490 E ReactNativeJS:     in SceneView (created by SceneView)
06-14 15:09:26.810 23799 27490 E ReactNativeJS:     in RCTView (created by View)
06-14 15:09:26.810 23799 27490 E ReactNativeJS:     in View (created by DebugContainer)
06-14 15:09:26.810 23799 27490 E ReactNativeJS:     in DebugContainer (created by MaybeNestedStack)
06-14 15:09:26.810 23799 27490 E ReactNativeJS:     in MaybeNestedStack (created by SceneView)
06-14 15:09:26.810 23799 27490 E ReactNativeJS:     in RCTView (created by View)
06-14 15:09:26.810 23799 27490 E ReactNativeJS:     in View (created by SceneView)
06-14 15:09:26.810 23799 27490 E ReactNativeJS:     in RNSScreen (created by Animated(Anonymous))
06-14 15:09:26.810 23799 27490 E ReactNativeJS:     in Animated(Anonymous) (created by InnerScreen)
06-14 15:09:26.810 23799 27490 E ReactNativeJS:     in Suspender (created by Freeze)
06-14 15:09:26.810 23799 27490 E ReactNativeJS:     in Suspense (created by Freeze)
06-14 15:09:26.810 23799 27490 E ReactNativeJS:     in Freeze (created by DelayedFreeze)
06-14 15:09:26.810 23799 27490 E ReactNativeJS:     in DelayedFreeze (created by InnerScreen)
06-14 15:09:26.810 23799 27490 E ReactNativeJS:     in InnerScreen (created by Screen)
06-14 15:09:26.810 23799 27490 E ReactNativeJS:     in Screen (created by SceneView)
06-14 15:09:26.810 23799 27490 E ReactNativeJS:     in SceneView (created by NativeStackViewInner)
06-14 15:09:26.810 23799 27490 E ReactNativeJS:     in Suspender (created by Freeze)
06-14 15:09:26.810 23799 27490 E ReactNativeJS:     in Suspense (created by Freeze)
06-14 15:09:26.810 23799 27490 E ReactNativeJS:     in Freeze (created by DelayedFreeze)
06-14 15:09:26.810 23799 27490 E ReactNativeJS:     in DelayedFreeze (created by ScreenStack)
06-14 15:09:26.810 23799 27490 E ReactNativeJS:     in RNSScreenStack (created by ScreenStack)
06-14 15:09:26.810 23799 27490 E ReactNativeJS:     in ScreenStack (created by NativeStackViewInner)
06-14 15:09:26.810 23799 27490 E ReactNativeJS:     in NativeStackViewInner (created by NativeStackView)
06-14 15:09:26.810 23799 27490 E ReactNativeJS:     in RCTView (created by View)
06-14 15:09:26.810 23799 27490 E ReactNativeJS:     in View (created by SafeAreaProviderCompat)
06-14 15:09:26.810 23799 27490 E ReactNativeJS:     in SafeAreaProviderCompat (created by NativeStackView)
06-14 15:09:26.810 23799 27490 E ReactNativeJS:     in NativeStackView (created by NativeStackNavigator)
06-14 15:09:26.810 23799 27490 E ReactNativeJS:     in PreventRemoveProvider (created by NavigationContent)
06-14 15:09:26.810 23799 27490 E ReactNativeJS:     in NavigationContent
06-14 15:09:26.810 23799 27490 E ReactNativeJS:     in Unknown (created by NativeStackNavigator)
06-14 15:09:26.810 23799 27490 E ReactNativeJS:     in NativeStackNavigator
06-14 15:09:26.810 23799 27490 E ReactNativeJS:     in Unknown (created by GameLayout)
06-14 15:09:26.810 23799 27490 E ReactNativeJS:     in GameLayout
06-14 15:09:26.810 23799 27490 E ReactNativeJS:     in Unknown (created by Route((game)))
06-14 15:09:26.810 23799 27490 E ReactNativeJS:     in Suspense (created by Route((game)))
06-14 15:09:26.810 23799 27490 E ReactNativeJS:     in Route (created by Route((game)))
06-14 15:09:26.810 23799 27490 E ReactNativeJS:     in Route((game)) (created by SceneView)
06-14 15:09:26.810 23799 27490 E ReactNativeJS:     in StaticContainer
06-14 15:09:26.810 23799 27490 E ReactNativeJS:     in EnsureSingleNavigator (created by SceneView)
06-14 15:09:26.810 23799 27490 E ReactNativeJS:     in SceneView (created by SceneView)
06-14 15:09:26.810 23799 27490 E ReactNativeJS:     in RCTView (created by View)
06-14 15:09:26.810 23799 27490 E ReactNativeJS:     in View (created by DebugContainer)
06-14 15:09:26.810 23799 27490 E ReactNativeJS:     in DebugContainer (created by MaybeNestedStack)
06-14 15:09:26.810 23799 27490 E ReactNativeJS:     in MaybeNestedStack (created by SceneView)
06-14 15:09:26.810 23799 27490 E ReactNativeJS:     in RCTView (created by View)
06-14 15:09:26.810 23799 27490 E ReactNativeJS:     in View (created by SceneView)
06-14 15:09:26.810 23799 27490 E ReactNativeJS:     in RNSScreen (created by Animated(Anonymous))
06-14 15:09:26.810 23799 27490 E ReactNativeJS:     in Animated(Anonymous) (created by InnerScreen)
06-14 15:09:26.810 23799 27490 E ReactNativeJS:     in Suspender (created by Freeze)
06-14 15:09:26.810 23799 27490 E ReactNativeJS:     in Suspense (created by Freeze)
06-14 15:09:26.810 23799 27490 E ReactNativeJS:     in Freeze (created by DelayedFreeze)
06-14 15:09:26.810 23799 27490 E ReactNativeJS:     in DelayedFreeze (created by InnerScreen)
06-14 15:09:26.810 23799 27490 E ReactNativeJS:     in InnerScreen (created by Screen)
06-14 15:09:26.810 23799 27490 E ReactNativeJS:     in Screen (created by SceneView)
06-14 15:09:26.810 23799 27490 E ReactNativeJS:     in SceneView (created by NativeStackViewInner)
06-14 15:09:26.810 23799 27490 E ReactNativeJS:     in Suspender (created by Freeze)
06-14 15:09:26.810 23799 27490 E ReactNativeJS:     in Suspense (created by Freeze)
06-14 15:09:26.810 23799 27490 E ReactNativeJS:     in Freeze (created by DelayedFreeze)
06-14 15:09:26.810 23799 27490 E ReactNativeJS:     in DelayedFreeze (created by ScreenStack)
06-14 15:09:26.810 23799 27490 E ReactNativeJS:     in RNSScreenStack (created by ScreenStack)
06-14 15:09:26.810 23799 27490 E ReactNativeJS:     in ScreenStack (created by NativeStackViewInner)
06-14 15:09:26.810 23799 27490 E ReactNativeJS:     in NativeStackViewInner (created by NativeStackView)
06-14 15:09:26.810 23799 27490 E ReactNativeJS:  
06-14 15:09:26.820 23799 27490 E ReactNativeJS: ReferenceError: Property 'resolveDefenseInterceptExtrapolatedMotion' doesn't exist
06-14 15:09:26.820 23799 27490 E ReactNativeJS: 
06-14 15:09:26.820 23799 27490 E ReactNativeJS: This error is located at:
06-14 15:09:26.820 23799 27490 E ReactNativeJS:     in Unknown (created by PlanetDefenseInterceptMissileSkiaLayer)
06-14 15:09:26.820 23799 27490 E ReactNativeJS:     in RCTView (created by View)
06-14 15:09:26.820 23799 27490 E ReactNativeJS:     in View (created by PlanetDefenseInterceptMissileSkiaLayer)
06-14 15:09:26.820 23799 27490 E ReactNativeJS:     in PlanetDefenseInterceptMissileSkiaLayer (created by PlanetStageBackground)
06-14 15:09:26.820 23799 27490 E ReactNativeJS:     in ArcCoreMissileFlightHost (created by PlanetStageBackground)
06-14 15:09:26.820 23799 27490 E ReactNativeJS:     in RCTView (created by View)
06-14 15:09:26.820 23799 27490 E ReactNativeJS:     in View (created by PlanetStageBackground)
06-14 15:09:26.820 23799 27490 E ReactNativeJS:     in RCTView (created by View)
06-14 15:09:26.820 23799 27490 E ReactNativeJS:     in View (created by PlanetStageBackground)
06-14 15:09:26.820 23799 27490 E ReactNativeJS:     in RCTView (created by View)
06-14 15:09:26.820 23799 27490 E ReactNativeJS:     in View (created by PlanetStageBackground)
06-14 15:09:26.820 23799 27490 E ReactNativeJS:     in RCTView (created by View)
06-14 15:09:26.820 23799 27490 E ReactNativeJS:     in View (created by PlanetStageBackground)
06-14 15:09:26.820 23799 27490 E ReactNativeJS:     in RCTView (created by View)
06-14 15:09:26.820 23799 27490 E ReactNativeJS:     in View (created by PlanetStageBackground)
06-14 15:09:26.820 23799 27490 E ReactNativeJS:     in PlanetStageBackground (created by PlanetScreen)
06-14 15:09:26.820 23799 27490 E ReactNativeJS:     in RCTView (created by View)
06-14 15:09:26.820 23799 27490 E ReactNativeJS:     in View (created by StageShellInner)
06-14 15:09:26.820 23799 27490 E ReactNativeJS:     in RCTView (created by View)
06-14 15:09:26.820 23799 27490 E ReactNativeJS:     in View (created by StageShellInner)
06-14 15:09:26.820 23799 27490 E ReactNativeJS:     in RNCSafeAreaView
06-14 15:09:26.820 23799 27490 E ReactNativeJS:     in Unknown (created by StageShellInner)
06-14 15:09:26.820 23799 27490 E ReactNativeJS:     in StageShellInner (created by PlanetScreen)
06-14 15:09:26.820 23799 27490 E ReactNativeJS:     in PlanetCapitalCombatRoot (created by PlanetScreen)
06-14 15:09:26.820 23799 27490 E ReactNativeJS:     in PlanetScreen
06-14 15:09:26.820 23799 27490 E ReactNativeJS:     in Unknown (created by Route(planet))
06-14 15:09:26.820 23799 27490 E ReactNativeJS:     in Suspense (created by Route(planet))
06-14 15:09:26.820 23799 27490 E ReactNativeJS:     in Route (created by Route(planet))
06-14 15:09:26.820 23799 27490 E ReactNativeJS:     in Route(planet) (created by SceneView)
06-14 15:09:26.820 23799 27490 E ReactNativeJS:     in StaticContainer
06-14 15:09:26.820 23799 27490 E ReactNativeJS:     in EnsureSingleNavigator (created by SceneView)
06-14 15:09:26.820 23799 27490 E ReactNativeJS:     in SceneView (created by SceneView)
06-14 15:09:26.820 23799 27490 E ReactNativeJS:     in RCTView (created by View)
06-14 15:09:26.820 23799 27490 E ReactNativeJS:     in View (created by DebugContainer)
06-14 15:09:26.820 23799 27490 E ReactNativeJS:     in DebugContainer (created by MaybeNestedStack)
06-14 15:09:26.820 23799 27490 E ReactNativeJS:     in MaybeNestedStack (created by SceneView)
06-14 15:09:26.820 23799 27490 E ReactNativeJS:     in RCTView (created by View)
06-14 15:09:26.820 23799 27490 E ReactNativeJS:     in View (created by SceneView)
06-14 15:09:26.820 23799 27490 E ReactNativeJS:     in RNSScreen (created by Animated(Anonymous))
06-14 15:09:26.820 23799 27490 E ReactNativeJS:     in Animated(Anonymous) (created by InnerScreen)
06-14 15:09:26.820 23799 27490 E ReactNativeJS:     in Suspender (created by Freeze)
06-14 15:09:26.820 23799 27490 E ReactNativeJS:     in Suspense (created by Freeze)
06-14 15:09:26.820 23799 27490 E ReactNativeJS:     in Freeze (created by DelayedFreeze)
06-14 15:09:26.820 23799 27490 E ReactNativeJS:     in DelayedFreeze (created by InnerScreen)
06-14 15:09:26.820 23799 27490 E ReactNativeJS:     in InnerScreen (created by Screen)
06-14 15:09:26.820 23799 27490 E ReactNativeJS:     in Screen (created by SceneView)
06-14 15:09:26.820 23799 27490 E ReactNativeJS:     in SceneView (created by NativeStackViewInner)
06-14 15:09:26.820 23799 27490 E ReactNativeJS:     in Suspender (created by Freeze)
06-14 15:09:26.820 23799 27490 E ReactNativeJS:     in Suspense (created by Freeze)
06-14 15:09:26.820 23799 27490 E ReactNativeJS:     in Freeze (created by DelayedFreeze)
06-14 15:09:26.820 23799 27490 E ReactNativeJS:     in DelayedFreeze (created by ScreenStack)
06-14 15:09:26.820 23799 27490 E ReactNativeJS:     in RNSScreenStack (created by ScreenStack)
06-14 15:09:26.820 23799 27490 E ReactNativeJS:     in ScreenStack (created by NativeStackViewInner)
06-14 15:09:26.820 23799 27490 E ReactNativeJS:     in NativeStackViewInner (created by NativeStackView)
06-14 15:09:26.820 23799 27490 E ReactNativeJS:     in RCTView (created by View)
06-14 15:09:26.820 23799 27490 E ReactNativeJS:     in View (created by SafeAreaProviderCompat)
06-14 15:09:26.820 23799 27490 E ReactNativeJS:     in SafeAreaProviderCompat (created by NativeStackView)
06-14 15:09:26.820 23799 27490 E ReactNativeJS:     in NativeStackView (created by NativeStackNavigator)
06-14 15:09:26.820 23799 27490 E ReactNativeJS:     in PreventRemoveProvider (created by NavigationContent)
06-14 15:09:26.820 23799 27490 E ReactNativeJS:     in NavigationContent
06-14 15:09:26.820 23799 27490 E ReactNativeJS:     in Unknown (created by NativeStackNavigator)
06-14 15:09:26.820 23799 27490 E ReactNativeJS:     in NativeStackNavigator
06-14 15:09:26.820 23799 27490 E ReactNativeJS:     in Unknown (created by GameLayout)
06-14 15:09:26.820 23799 27490 E ReactNativeJS:     in GameLayout
06-14 15:09:26.820 23799 27490 E ReactNativeJS:     in Unknown (created by Route((game)))
06-14 15:09:26.820 23799 27490 E ReactNativeJS:     in Suspense (created by Route((game)))
06-14 15:09:26.820 23799 27490 E ReactNativeJS:     in Route (created by Route((game)))
06-14 15:09:26.820 23799 27490 E ReactNativeJS:     in Route((game)) (created by SceneView)
06-14 15:09:26.820 23799 27490 E ReactNativeJS:     in StaticContainer
06-14 15:09:26.820 23799 27490 E ReactNativeJS:     in EnsureSingleNavigator (created by SceneView)
06-14 15:09:26.820 23799 27490 E ReactNativeJS:     in SceneView (created by SceneView)
06-14 15:09:26.820 23799 27490 E ReactNativeJS:     in RCTView (created by View)
06-14 15:09:26.820 23799 27490 E ReactNativeJS:     in View (created by DebugContainer)
06-14 15:09:26.820 23799 27490 E ReactNativeJS:     in DebugContainer (created by MaybeNestedStack)
06-14 15:09:26.820 23799 27490 E ReactNativeJS:     in MaybeNestedStack (created by SceneView)
06-14 15:09:26.820 23799 27490 E ReactNativeJS:     in RCTView (created by View)
06-14 15:09:26.820 23799 27490 E ReactNativeJS:     in View (created by SceneView)
06-14 15:09:26.820 23799 27490 E ReactNativeJS:     in RNSScreen (created by Animated(Anonymous))
06-14 15:09:26.820 23799 27490 E ReactNativeJS:     in Animated(Anonymous) (created by InnerScreen)
06-14 15:09:26.820 23799 27490 E ReactNativeJS:     in Suspender (created by Freeze)
06-14 15:09:26.820 23799 27490 E ReactNativeJS:     in Suspense (created by Freeze)
06-14 15:09:26.820 23799 27490 E ReactNativeJS:     in Freeze (created by DelayedFreeze)
06-14 15:09:26.820 23799 27490 E ReactNativeJS:     in DelayedFreeze (created by InnerScreen)
06-14 15:09:26.820 23799 27490 E ReactNativeJS:     in InnerScreen (created by Screen)
06-14 15:09:26.820 23799 27490 E ReactNativeJS:     in Screen (created by SceneView)
06-14 15:09:26.820 23799 27490 E ReactNativeJS:     in SceneView (created by NativeStackViewInner)
06-14 15:09:26.820 23799 27490 E ReactNativeJS:     in Suspender (created by Freeze)
06-14 15:09:26.820 23799 27490 E ReactNativeJS:     in Suspense (created by Freeze)
06-14 15:09:26.820 23799 27490 E ReactNativeJS:     in Freeze (created by DelayedFreeze)
06-14 15:09:26.820 23799 27490 E ReactNativeJS:     in DelayedFreeze (created by ScreenStack)
06-14 15:09:26.820 23799 27490 E ReactNativeJS:     in RNSScreenStack (created by ScreenStack)
06-14 15:09:26.820 23799 27490 E ReactNativeJS:     in ScreenStack (created by NativeStackViewInner)
06-14 15:09:26.820 23799 27490 E ReactNativeJS:     in NativeStackViewInner (created by NativeStackView)
06-14 15:09:26.820 23799 27490 E ReactNativeJS:  
06-14 15:12:28.537 23799 27487 E ReactNativeJS: { [Error: undefined Unable to resolve module ../../arcCore/message/defenseInterceptJsRender from D:\arcfire20260607\src\components\planet\PlanetDefenseInterceptMissileSkiaLayer.tsx: 
06-14 15:12:28.537 23799 27487 E ReactNativeJS: 
06-14 15:12:28.537 23799 27487 E ReactNativeJS: None of these files exist:
06-14 15:12:28.537 23799 27487 E ReactNativeJS:   * src\arcCore\message\defenseInterceptJsRender(.android.ts|.native.ts|.ts|.android.tsx|.native.tsx|.tsx|.android.mjs|.native.mjs|.mjs|.android.js|.native.js|.js|.android.jsx|.native.jsx|.jsx|.android.json|.native.json|.json|.android.cjs|.native.cjs|.cjs|.android.scss|.native.scss|.scss|.android.sass|.native.sass|.sass|.android.css|.native.css|.css)
06-14 15:12:28.537 23799 27487 E ReactNativeJS:   * src\arcCore\message\defenseInterceptJsRender
06-14 15:12:28.537 23799 27487 E ReactNativeJS: [0m [90m 30 |[39m   buildDefenseInterceptMissileTrailDraw[33m,[39m
06-14 15:12:28.537 23799 27487 E ReactNativeJS:  [90m 31 |[39m   resolveDefenseInterceptMissileJsRenderState[33m,[39m
06-14 15:12:28.537 23799 27487 E ReactNativeJS: [31m[1m>[22m[39m[90m 32 |[39m } [36mfrom[39m [32m'../../arcCore/message/defenseInterceptJsRender'[39m[33m;[39m
06-14 15:12:28.537 23799 27487 E ReactNativeJS:  [90m    |[39m         [31m[1m^[22m[39m
06-14 15:12:28.537 23799 27487 E ReactNativeJS:  [90m 33 |[39m [36mimport[39m {
06-14 15:12:28.537 23799 27487 E ReactNativeJS:  [90m 34 |[39m   [33mINTERCEPT_TRAIL_GRADIENT_COLORS[39m[33m,[39m
06-14 15:12:28.537 23799 27487 E ReactNativeJS:  [90m 35 |[39m   [33mINTERCEPT_TRAIL_GRADIENT_POSITIONS[39m[33m,[39m[0m] preventSymbolication: true }
06-14 15:12:28.543 23799 27487 E ReactNativeJS: { [Error: undefined Unable to resolve module ../../arcCore/message/defenseInterceptJsRender from D:\arcfire20260607\src\components\planet\PlanetDefenseInterceptMissileSkiaLayer.tsx: 
06-14 15:12:28.543 23799 27487 E ReactNativeJS: 
06-14 15:12:28.543 23799 27487 E ReactNativeJS: None of these files exist:
06-14 15:12:28.543 23799 27487 E ReactNativeJS:   * src\arcCore\message\defenseInterceptJsRender(.android.ts|.native.ts|.ts|.android.tsx|.native.tsx|.tsx|.android.mjs|.native.mjs|.mjs|.android.js|.native.js|.js|.android.jsx|.native.jsx|.jsx|.android.json|.native.json|.json|.android.cjs|.native.cjs|.cjs|.android.scss|.native.scss|.scss|.android.sass|.native.sass|.sass|.android.css|.native.css|.css)
06-14 15:12:28.543 23799 27487 E ReactNativeJS:   * src\arcCore\message\defenseInterceptJsRender
06-14 15:12:28.543 23799 27487 E ReactNativeJS: [0m [90m 30 |[39m   buildDefenseInterceptMissileTrailDraw[33m,[39m
06-14 15:12:28.543 23799 27487 E ReactNativeJS:  [90m 31 |[39m   resolveDefenseInterceptMissileJsRenderState[33m,[39m
06-14 15:12:28.543 23799 27487 E ReactNativeJS: [31m[1m>[22m[39m[90m 32 |[39m } [36mfrom[39m [32m'../../arcCore/message/defenseInterceptJsRender'[39m[33m;[39m
06-14 15:12:28.543 23799 27487 E ReactNativeJS:  [90m    |[39m         [31m[1m^[22m[39m
06-14 15:12:28.543 23799 27487 E ReactNativeJS:  [90m 33 |[39m [36mimport[39m {
06-14 15:12:28.543 23799 27487 E ReactNativeJS:  [90m 34 |[39m   [33mINTERCEPT_TRAIL_GRADIENT_COLORS[39m[33m,[39m
06-14 15:12:28.543 23799 27487 E ReactNativeJS:  [90m 35 |[39m   [33mINTERCEPT_TRAIL_GRADIENT_POSITIONS[39m[33m,[39m[0m] preventSymbolication: true }
06-14 15:12:28.547 23799 27487 E ReactNativeJS: { [Error: undefined Unable to resolve module ../../arcCore/message/defenseInterceptSimMotion from D:\arcfire20260607\src\components\planet\PlanetDefenseInterceptMissileSkiaLayer.tsx: 
06-14 15:12:28.547 23799 27487 E ReactNativeJS: 
06-14 15:12:28.547 23799 27487 E ReactNativeJS: None of these files exist:
06-14 15:12:28.547 23799 27487 E ReactNativeJS:   * src\arcCore\message\defenseInterceptSimMotion(.android.ts|.native.ts|.ts|.android.tsx|.native.tsx|.tsx|.android.mjs|.native.mjs|.mjs|.android.js|.native.js|.js|.android.jsx|.native.jsx|.jsx|.android.json|.native.json|.json|.android.cjs|.native.cjs|.cjs|.android.scss|.native.scss|.scss|.android.sass|.native.sass|.sass|.android.css|.native.css|.css)
06-14 15:12:28.547 23799 27487 E ReactNativeJS:   * src\arcCore\message\defenseInterceptSimMotion
06-14 15:12:28.547 23799 27487 E ReactNativeJS: [0m [90m 21 |[39m   clearDefenseInterceptMissileSimMotion[33m,[39m
06-14 15:12:28.547 23799 27487 E ReactNativeJS:  [90m 22 |[39m   syncDefenseInterceptMissileSimMotion[33m,[39m
06-14 15:12:28.547 23799 27487 E ReactNativeJS: [31m[1m>[22m[39m[90m 23 |[39m } [36mfrom[39m [32m'../../arcCore/message/defenseInterceptSimMotion'[39m[33m;[39m
06-14 15:12:28.547 23799 27487 E ReactNativeJS:  [90m    |[39m         [31m[1m^[22m[39m
06-14 15:12:28.547 23799 27487 E ReactNativeJS:  [90m 24 |[39m [36mimport[39m {
06-14 15:12:28.547 23799 27487 E ReactNativeJS:  [90m 25 |[39m   areDefenseInterceptGuidedMissilesAlive[33m,[39m
06-14 15:12:28.547 23799 27487 E ReactNativeJS:  [90m 26 |[39m   tickDefenseInterceptGuidedMissiles[33m,[39m[0m] preventSymbolication: true }
06-14 15:12:28.552 23799 27487 E ReactNativeJS: { [Error: undefined Unable to resolve module ../../arcCore/message/defenseInterceptSimMotion from D:\arcfire20260607\src\components\planet\PlanetDefenseInterceptMissileSkiaLayer.tsx: 
06-14 15:12:28.552 23799 27487 E ReactNativeJS: 
06-14 15:12:28.552 23799 27487 E ReactNativeJS: None of these files exist:
06-14 15:12:28.552 23799 27487 E ReactNativeJS:   * src\arcCore\message\defenseInterceptSimMotion(.android.ts|.native.ts|.ts|.android.tsx|.native.tsx|.tsx|.android.mjs|.native.mjs|.mjs|.android.js|.native.js|.js|.android.jsx|.native.jsx|.jsx|.android.json|.native.json|.json|.android.cjs|.native.cjs|.cjs|.android.scss|.native.scss|.scss|.android.sass|.native.sass|.sass|.android.css|.native.css|.css)
06-14 15:12:28.552 23799 27487 E ReactNativeJS:   * src\arcCore\message\defenseInterceptSimMotion
06-14 15:12:28.552 23799 27487 E ReactNativeJS: [0m [90m 21 |[39m   clearDefenseInterceptMissileSimMotion[33m,[39m
06-14 15:12:28.552 23799 27487 E ReactNativeJS:  [90m 22 |[39m   syncDefenseInterceptMissileSimMotion[33m,[39m
06-14 15:12:28.552 23799 27487 E ReactNativeJS: [31m[1m>[22m[39m[90m 23 |[39m } [36mfrom[39m [32m'../../arcCore/message/defenseInterceptSimMotion'[39m[33m;[39m
06-14 15:12:28.552 23799 27487 E ReactNativeJS:  [90m    |[39m         [31m[1m^[22m[39m
06-14 15:12:28.552 23799 27487 E ReactNativeJS:  [90m 24 |[39m [36mimport[39m {
06-14 15:12:28.552 23799 27487 E ReactNativeJS:  [90m 25 |[39m   areDefenseInterceptGuidedMissilesAlive[33m,[39m
06-14 15:12:28.552 23799 27487 E ReactNativeJS:  [90m 26 |[39m   tickDefenseInterceptGuidedMissiles[33m,[39m[0m] preventSymbolication: true }
06-14 15:12:28.665 23799 27490 E ReactNativeJS: { [Error: undefined Unable to resolve module ../../arcCore/message/defenseInterceptJsRender from D:\arcfire20260607\src\components\planet\PlanetDefenseInterceptMissileSkiaLayer.tsx: 
06-14 15:12:28.665 23799 27490 E ReactNativeJS: 
06-14 15:12:28.665 23799 27490 E ReactNativeJS: None of these files exist:
06-14 15:12:28.665 23799 27490 E ReactNativeJS:   * src\arcCore\message\defenseInterceptJsRender(.android.ts|.native.ts|.ts|.android.tsx|.native.tsx|.tsx|.android.mjs|.native.mjs|.mjs|.android.js|.native.js|.js|.android.jsx|.native.jsx|.jsx|.android.json|.native.json|.json|.android.cjs|.native.cjs|.cjs|.android.scss|.native.scss|.scss|.android.sass|.native.sass|.sass|.android.css|.native.css|.css)
06-14 15:12:28.665 23799 27490 E ReactNativeJS:   * src\arcCore\message\defenseInterceptJsRender
06-14 15:12:28.665 23799 27490 E ReactNativeJS: [0m [90m 30 |[39m   buildDefenseInterceptMissileTrailDraw[33m,[39m
06-14 15:12:28.665 23799 27490 E ReactNativeJS:  [90m 31 |[39m   resolveDefenseInterceptMissileJsRenderState[33m,[39m
06-14 15:12:28.665 23799 27490 E ReactNativeJS: [31m[1m>[22m[39m[90m 32 |[39m } [36mfrom[39m [32m'../../arcCore/message/defenseInterceptJsRender'[39m[33m;[39m
06-14 15:12:28.665 23799 27490 E ReactNativeJS:  [90m    |[39m         [31m[1m^[22m[39m
06-14 15:12:28.665 23799 27490 E ReactNativeJS:  [90m 33 |[39m [36mimport[39m {
06-14 15:12:28.665 23799 27490 E ReactNativeJS:  [90m 34 |[39m   [33mINTERCEPT_TRAIL_GRADIENT_COLORS[39m[33m,[39m
06-14 15:12:28.665 23799 27490 E ReactNativeJS:  [90m 35 |[39m   [33mINTERCEPT_TRAIL_GRADIENT_POSITIONS[39m[33m,[39m[0m] preventSymbolication: true }
06-14 15:12:28.669 23799 27490 E ReactNativeJS: { [Error: undefined Unable to resolve module ../../arcCore/message/defenseInterceptJsRender from D:\arcfire20260607\src\components\planet\PlanetDefenseInterceptMissileSkiaLayer.tsx: 
06-14 15:12:28.669 23799 27490 E ReactNativeJS: 
06-14 15:12:28.669 23799 27490 E ReactNativeJS: None of these files exist:
06-14 15:12:28.669 23799 27490 E ReactNativeJS:   * src\arcCore\message\defenseInterceptJsRender(.android.ts|.native.ts|.ts|.android.tsx|.native.tsx|.tsx|.android.mjs|.native.mjs|.mjs|.android.js|.native.js|.js|.android.jsx|.native.jsx|.jsx|.android.json|.native.json|.json|.android.cjs|.native.cjs|.cjs|.android.scss|.native.scss|.scss|.android.sass|.native.sass|.sass|.android.css|.native.css|.css)
06-14 15:12:28.669 23799 27490 E ReactNativeJS:   * src\arcCore\message\defenseInterceptJsRender
06-14 15:12:28.669 23799 27490 E ReactNativeJS: [0m [90m 30 |[39m   buildDefenseInterceptMissileTrailDraw[33m,[39m
06-14 15:12:28.669 23799 27490 E ReactNativeJS:  [90m 31 |[39m   resolveDefenseInterceptMissileJsRenderState[33m,[39m
06-14 15:12:28.669 23799 27490 E ReactNativeJS: [31m[1m>[22m[39m[90m 32 |[39m } [36mfrom[39m [32m'../../arcCore/message/defenseInterceptJsRender'[39m[33m;[39m
06-14 15:12:28.669 23799 27490 E ReactNativeJS:  [90m    |[39m         [31m[1m^[22m[39m
06-14 15:12:28.669 23799 27490 E ReactNativeJS:  [90m 33 |[39m [36mimport[39m {
06-14 15:12:28.669 23799 27490 E ReactNativeJS:  [90m 34 |[39m   [33mINTERCEPT_TRAIL_GRADIENT_COLORS[39m[33m,[39m
06-14 15:12:28.669 23799 27490 E ReactNativeJS:  [90m 35 |[39m   [33mINTERCEPT_TRAIL_GRADIENT_POSITIONS[39m[33m,[39m[0m] preventSymbolication: true }
06-14 15:12:28.679 23799 27490 E ReactNativeJS: { [Error: undefined Unable to resolve module ../../arcCore/message/defenseInterceptSimMotion from D:\arcfire20260607\src\components\planet\PlanetDefenseInterceptMissileSkiaLayer.tsx: 
06-14 15:12:28.679 23799 27490 E ReactNativeJS: 
06-14 15:12:28.679 23799 27490 E ReactNativeJS: None of these files exist:
06-14 15:12:28.679 23799 27490 E ReactNativeJS:   * src\arcCore\message\defenseInterceptSimMotion(.android.ts|.native.ts|.ts|.android.tsx|.native.tsx|.tsx|.android.mjs|.native.mjs|.mjs|.android.js|.native.js|.js|.android.jsx|.native.jsx|.jsx|.android.json|.native.json|.json|.android.cjs|.native.cjs|.cjs|.android.scss|.native.scss|.scss|.android.sass|.native.sass|.sass|.android.css|.native.css|.css)
06-14 15:12:28.679 23799 27490 E ReactNativeJS:   * src\arcCore\message\defenseInterceptSimMotion
06-14 15:12:28.679 23799 27490 E ReactNativeJS: [0m [90m 21 |[39m   clearDefenseInterceptMissileSimMotion[33m,[39m
06-14 15:12:28.679 23799 27490 E ReactNativeJS:  [90m 22 |[39m   syncDefenseInterceptMissileSimMotion[33m,[39m
06-14 15:12:28.679 23799 27490 E ReactNativeJS: [31m[1m>[22m[39m[90m 23 |[39m } [36mfrom[39m [32m'../../arcCore/message/defenseInterceptSimMotion'[39m[33m;[39m
06-14 15:12:28.679 23799 27490 E ReactNativeJS:  [90m    |[39m         [31m[1m^[22m[39m
06-14 15:12:28.679 23799 27490 E ReactNativeJS:  [90m 24 |[39m [36mimport[39m {
06-14 15:12:28.679 23799 27490 E ReactNativeJS:  [90m 25 |[39m   areDefenseInterceptGuidedMissilesAlive[33m,[39m
06-14 15:12:28.679 23799 27490 E ReactNativeJS:  [90m 26 |[39m   tickDefenseInterceptGuidedMissiles[33m,[39m[0m] preventSymbolication: true }
06-14 15:12:28.694 23799 27490 E ReactNativeJS: { [Error: undefined Unable to resolve module ../../arcCore/message/defenseInterceptSimMotion from D:\arcfire20260607\src\components\planet\PlanetDefenseInterceptMissileSkiaLayer.tsx: 
06-14 15:12:28.694 23799 27490 E ReactNativeJS: 
06-14 15:12:28.694 23799 27490 E ReactNativeJS: None of these files exist:
06-14 15:12:28.694 23799 27490 E ReactNativeJS:   * src\arcCore\message\defenseInterceptSimMotion(.android.ts|.native.ts|.ts|.android.tsx|.native.tsx|.tsx|.android.mjs|.native.mjs|.mjs|.android.js|.native.js|.js|.android.jsx|.native.jsx|.jsx|.android.json|.native.json|.json|.android.cjs|.native.cjs|.cjs|.android.scss|.native.scss|.scss|.android.sass|.native.sass|.sass|.android.css|.native.css|.css)
06-14 15:12:28.694 23799 27490 E ReactNativeJS:   * src\arcCore\message\defenseInterceptSimMotion
06-14 15:12:28.694 23799 27490 E ReactNativeJS: [0m [90m 21 |[39m   clearDefenseInterceptMissileSimMotion[33m,[39m
06-14 15:12:28.694 23799 27490 E ReactNativeJS:  [90m 22 |[39m   syncDefenseInterceptMissileSimMotion[33m,[39m
06-14 15:12:28.694 23799 27490 E ReactNativeJS: [31m[1m>[22m[39m[90m 23 |[39m } [36mfrom[39m [32m'../../arcCore/message/defenseInterceptSimMotion'[39m[33m;[39m
06-14 15:12:28.694 23799 27490 E ReactNativeJS:  [90m    |[39m         [31m[1m^[22m[39m
06-14 15:12:28.694 23799 27490 E ReactNativeJS:  [90m 24 |[39m [36mimport[39m {
06-14 15:12:28.694 23799 27490 E ReactNativeJS:  [90m 25 |[39m   areDefenseInterceptGuidedMissilesAlive[33m,[39m
06-14 15:12:28.694 23799 27490 E ReactNativeJS:  [90m 26 |[39m   tickDefenseInterceptGuidedMissiles[33m,[39m[0m] preventSymbolication: true }
06-14 15:16:20.125 23799 27490 E ReactNativeJS: ReferenceError: Property 'SkiaPlanetNebulaShaderBackdrop' doesn't exist
06-14 15:16:20.125 23799 27490 E ReactNativeJS: 
06-14 15:16:20.125 23799 27490 E ReactNativeJS: This error is located at:
06-14 15:16:20.125 23799 27490 E ReactNativeJS:     in PlanetStageBackground (created by PlanetScreen)
06-14 15:16:20.125 23799 27490 E ReactNativeJS:     in RCTView (created by View)
06-14 15:16:20.125 23799 27490 E ReactNativeJS:     in View (created by StageShellInner)
06-14 15:16:20.125 23799 27490 E ReactNativeJS:     in RCTView (created by View)
06-14 15:16:20.125 23799 27490 E ReactNativeJS:     in View (created by StageShellInner)
06-14 15:16:20.125 23799 27490 E ReactNativeJS:     in RNCSafeAreaView
06-14 15:16:20.125 23799 27490 E ReactNativeJS:     in Unknown (created by StageShellInner)
06-14 15:16:20.125 23799 27490 E ReactNativeJS:     in StageShellInner (created by PlanetScreen)
06-14 15:16:20.125 23799 27490 E ReactNativeJS:     in PlanetCapitalCombatRoot (created by PlanetScreen)
06-14 15:16:20.125 23799 27490 E ReactNativeJS:     in PlanetScreen
06-14 15:16:20.125 23799 27490 E ReactNativeJS:     in Unknown (created by Route(planet))
06-14 15:16:20.125 23799 27490 E ReactNativeJS:     in Suspense (created by Route(planet))
06-14 15:16:20.125 23799 27490 E ReactNativeJS:     in Route (created by Route(planet))
06-14 15:16:20.125 23799 27490 E ReactNativeJS:     in Route(planet) (created by SceneView)
06-14 15:16:20.125 23799 27490 E ReactNativeJS:     in StaticContainer
06-14 15:16:20.125 23799 27490 E ReactNativeJS:     in EnsureSingleNavigator (created by SceneView)
06-14 15:16:20.125 23799 27490 E ReactNativeJS:     in SceneView (created by SceneView)
06-14 15:16:20.125 23799 27490 E ReactNativeJS:     in RCTView (created by View)
06-14 15:16:20.125 23799 27490 E ReactNativeJS:     in View (created by DebugContainer)
06-14 15:16:20.125 23799 27490 E ReactNativeJS:     in DebugContainer (created by MaybeNestedStack)
06-14 15:16:20.125 23799 27490 E ReactNativeJS:     in MaybeNestedStack (created by SceneView)
06-14 15:16:20.125 23799 27490 E ReactNativeJS:     in RCTView (created by View)
06-14 15:16:20.125 23799 27490 E ReactNativeJS:     in View (created by SceneView)
06-14 15:16:20.125 23799 27490 E ReactNativeJS:     in RNSScreen (created by Animated(Anonymous))
06-14 15:16:20.125 23799 27490 E ReactNativeJS:     in Animated(Anonymous) (created by InnerScreen)
06-14 15:16:20.125 23799 27490 E ReactNativeJS:     in Suspender (created by Freeze)
06-14 15:16:20.125 23799 27490 E ReactNativeJS:     in Suspense (created by Freeze)
06-14 15:16:20.125 23799 27490 E ReactNativeJS:     in Freeze (created by DelayedFreeze)
06-14 15:16:20.125 23799 27490 E ReactNativeJS:     in DelayedFreeze (created by InnerScreen)
06-14 15:16:20.125 23799 27490 E ReactNativeJS:     in InnerScreen (created by Screen)
06-14 15:16:20.125 23799 27490 E ReactNativeJS:     in Screen (created by SceneView)
06-14 15:16:20.125 23799 27490 E ReactNativeJS:     in SceneView (created by NativeStackViewInner)
06-14 15:16:20.125 23799 27490 E ReactNativeJS:     in Suspender (created by Freeze)
06-14 15:16:20.125 23799 27490 E ReactNativeJS:     in Suspense (created by Freeze)
06-14 15:16:20.125 23799 27490 E ReactNativeJS:     in Freeze (created by DelayedFreeze)
06-14 15:16:20.125 23799 27490 E ReactNativeJS:     in DelayedFreeze (created by ScreenStack)
06-14 15:16:20.125 23799 27490 E ReactNativeJS:     in RNSScreenStack (created by ScreenStack)
06-14 15:16:20.125 23799 27490 E ReactNativeJS:     in ScreenStack (created by NativeStackViewInner)
06-14 15:16:20.125 23799 27490 E ReactNativeJS:     in NativeStackViewInner (created by NativeStackView)
06-14 15:16:20.125 23799 27490 E ReactNativeJS:     in RCTView (created by View)
06-14 15:16:20.125 23799 27490 E ReactNativeJS:     in View (created by SafeAreaProviderCompat)
06-14 15:16:20.125 23799 27490 E ReactNativeJS:     in SafeAreaProviderCompat (created by NativeStackView)
06-14 15:16:20.125 23799 27490 E ReactNativeJS:     in NativeStackView (created by NativeStackNavigator)
06-14 15:16:20.125 23799 27490 E ReactNativeJS:     in PreventRemoveProvider (created by NavigationContent)
06-14 15:16:20.125 23799 27490 E ReactNativeJS:     in NavigationContent
06-14 15:16:20.125 23799 27490 E ReactNativeJS:     in Unknown (created by NativeStackNavigator)
06-14 15:16:20.125 23799 27490 E ReactNativeJS:     in NativeStackNavigator
06-14 15:16:20.125 23799 27490 E ReactNativeJS:     in Unknown (created by GameLayout)
06-14 15:16:20.125 23799 27490 E ReactNativeJS:     in GameLayout
06-14 15:16:20.125 23799 27490 E ReactNativeJS:     in Unknown (created by Route((game)))
06-14 15:16:20.125 23799 27490 E ReactNativeJS:     in Suspense (created by Route((game)))
06-14 15:16:20.125 23799 27490 E ReactNativeJS:     in Route (created by Route((game)))
06-14 15:16:20.125 23799 27490 E ReactNativeJS:     in Route((game)) (created by SceneView)
06-14 15:16:20.125 23799 27490 E ReactNativeJS:     in StaticContainer
06-14 15:16:20.125 23799 27490 E ReactNativeJS:     in EnsureSingleNavigator (created by SceneView)
06-14 15:16:20.125 23799 27490 E ReactNativeJS:     in SceneView (created by SceneView)
06-14 15:16:20.125 23799 27490 E ReactNativeJS:     in RCTView (created by View)
06-14 15:16:20.125 23799 27490 E ReactNativeJS:     in View (created by DebugContainer)
06-14 15:16:20.125 23799 27490 E ReactNativeJS:     in DebugContainer (created by MaybeNestedStack)
06-14 15:16:20.125 23799 27490 E ReactNativeJS:     in MaybeNestedStack (created by SceneView)
06-14 15:16:20.125 23799 27490 E ReactNativeJS:     in RCTView (created by View)
06-14 15:16:20.125 23799 27490 E ReactNativeJS:     in View (created by SceneView)
06-14 15:16:20.125 23799 27490 E ReactNativeJS:     in RNSScreen (created by Animated(Anonymous))
06-14 15:16:20.125 23799 27490 E ReactNativeJS:     in Animated(Anonymous) (created by InnerScreen)
06-14 15:16:20.125 23799 27490 E ReactNativeJS:     in Suspender (created by Freeze)
06-14 15:16:20.125 23799 27490 E ReactNativeJS:     in Suspense (created by Freeze)
06-14 15:16:20.125 23799 27490 E ReactNativeJS:     in Freeze (created by DelayedFreeze)
06-14 15:16:20.125 23799 27490 E ReactNativeJS:     in DelayedFreeze (created by InnerScreen)
06-14 15:16:20.125 23799 27490 E ReactNativeJS:     in InnerScreen (created by Screen)
06-14 15:16:20.125 23799 27490 E ReactNativeJS:     in Screen (created by SceneView)
06-14 15:16:20.125 23799 27490 E ReactNativeJS:     in SceneView (created by NativeStackViewInner)
06-14 15:16:20.125 23799 27490 E ReactNativeJS:     in Suspender (created by Freeze)
06-14 15:16:20.125 23799 27490 E ReactNativeJS:     in Suspense (created by Freeze)
06-14 15:16:20.125 23799 27490 E ReactNativeJS:     in Freeze (created by DelayedFreeze)
06-14 15:16:20.125 23799 27490 E ReactNativeJS:     in DelayedFreeze (created by ScreenStack)
06-14 15:16:20.125 23799 27490 E ReactNativeJS:     in RNSScreenStack (created by ScreenStack)
06-14 15:16:20.125 23799 27490 E ReactNativeJS:     in ScreenStack (created by NativeStackViewInner)
06-14 15:16:20.125 23799 27490 E ReactNativeJS:     in NativeStackViewInner (created by NativeStackView)
06-14 15:16:20.125 23799 27490 E ReactNativeJS:     in RCTView (created by View)
06-14 15:16:20.125 23799 27490 E ReactNativeJS:     in View (created by SafeAreaProviderCompat)
06-14 15:16:20.125 23799 27490 E ReactNativeJS:     in SafeAreaProviderCompat (created by NativeStackView)
06-14 15:16:20.125 23799 27490 E ReactNativeJS:     in NativeStackView (created by NativeStackNavigator)
06-14 15:16:20.125 23799 27490 E ReactNativeJS:     in PreventRemoveProvider (created by NavigationContent)
06-14 15:16:20.125 23799 27490 E ReactNativeJS:     in NavigationContent
06-14 15:16:20.125 23799 27490 E ReactNativeJS:     in Unknown (created by NativeStackNavigator)
06-14 15:16:20.125 23799 27490 E ReactNativeJS:     in NativeStackNavigator
06-14 15:16:20.125 23799 27490 E ReactNativeJS:     in Unknown (created by RootLayout)
06-14 15:16:20.125 23799 27490 E ReactNativeJS:     in RNGestureHandlerRootView (created by GestureHandlerRootView)
06-14 15:16:20.125 23799 27490 E ReactNativeJS:     in GestureHandlerRootView (created by RootLayout)
06-14 15:16:20.125 23799 27490 E ReactNativeJS:     in RootLayout
06-14 15:16:20.125 23799 27490 E ReactNativeJS:     in Unknown (created by Route())
06-14 15:16:20.125 23799 27490 E ReactNativeJS:     in Suspense (created by Route())
06-14 15:16:20.125 23799 27490 E ReactNativeJS:     in Route (created by Route())
06-14 15:16:20.125 23799 27490 E ReactNativeJS:     in Route() (created by ContextNavigator)
06-14 15:16:20.125 23799 27490 E ReactNativeJS:     in RNCSafeAreaProvider (create
06-14 15:16:20.127 23799 27490 E ReactNativeJS: ReferenceError: Property 'SkiaPlanetNebulaShaderBackdrop' doesn't exist
06-14 15:16:20.127 23799 27490 E ReactNativeJS: 
06-14 15:16:20.127 23799 27490 E ReactNativeJS: This error is located at:
06-14 15:16:20.127 23799 27490 E ReactNativeJS:     in PlanetStageBackground (created by PlanetScreen)
06-14 15:16:20.127 23799 27490 E ReactNativeJS:     in RCTView (created by View)
06-14 15:16:20.127 23799 27490 E ReactNativeJS:     in View (created by StageShellInner)
06-14 15:16:20.127 23799 27490 E ReactNativeJS:     in RCTView (created by View)
06-14 15:16:20.127 23799 27490 E ReactNativeJS:     in View (created by StageShellInner)
06-14 15:16:20.127 23799 27490 E ReactNativeJS:     in RNCSafeAreaView
06-14 15:16:20.127 23799 27490 E ReactNativeJS:     in Unknown (created by StageShellInner)
06-14 15:16:20.127 23799 27490 E ReactNativeJS:     in StageShellInner (created by PlanetScreen)
06-14 15:16:20.127 23799 27490 E ReactNativeJS:     in PlanetCapitalCombatRoot (created by PlanetScreen)
06-14 15:16:20.127 23799 27490 E ReactNativeJS:     in PlanetScreen
06-14 15:16:20.127 23799 27490 E ReactNativeJS:     in Unknown (created by Route(planet))
06-14 15:16:20.127 23799 27490 E ReactNativeJS:     in Suspense (created by Route(planet))
06-14 15:16:20.127 23799 27490 E ReactNativeJS:     in Route (created by Route(planet))
06-14 15:16:20.127 23799 27490 E ReactNativeJS:     in Route(planet) (created by SceneView)
06-14 15:16:20.127 23799 27490 E ReactNativeJS:     in StaticContainer
06-14 15:16:20.127 23799 27490 E ReactNativeJS:     in EnsureSingleNavigator (created by SceneView)
06-14 15:16:20.127 23799 27490 E ReactNativeJS:     in SceneView (created by SceneView)
06-14 15:16:20.127 23799 27490 E ReactNativeJS:     in RCTView (created by View)
06-14 15:16:20.127 23799 27490 E ReactNativeJS:     in View (created by DebugContainer)
06-14 15:16:20.127 23799 27490 E ReactNativeJS:     in DebugContainer (created by MaybeNestedStack)
06-14 15:16:20.127 23799 27490 E ReactNativeJS:     in MaybeNestedStack (created by SceneView)
06-14 15:16:20.127 23799 27490 E ReactNativeJS:     in RCTView (created by View)
06-14 15:16:20.127 23799 27490 E ReactNativeJS:     in View (created by SceneView)
06-14 15:16:20.127 23799 27490 E ReactNativeJS:     in RNSScreen (created by Animated(Anonymous))
06-14 15:16:20.127 23799 27490 E ReactNativeJS:     in Animated(Anonymous) (created by InnerScreen)
06-14 15:16:20.127 23799 27490 E ReactNativeJS:     in Suspender (created by Freeze)
06-14 15:16:20.127 23799 27490 E ReactNativeJS:     in Suspense (created by Freeze)
06-14 15:16:20.127 23799 27490 E ReactNativeJS:     in Freeze (created by DelayedFreeze)
06-14 15:16:20.127 23799 27490 E ReactNativeJS:     in DelayedFreeze (created by InnerScreen)
06-14 15:16:20.127 23799 27490 E ReactNativeJS:     in InnerScreen (created by Screen)
06-14 15:16:20.127 23799 27490 E ReactNativeJS:     in Screen (created by SceneView)
06-14 15:16:20.127 23799 27490 E ReactNativeJS:     in SceneView (created by NativeStackViewInner)
06-14 15:16:20.127 23799 27490 E ReactNativeJS:     in Suspender (created by Freeze)
06-14 15:16:20.127 23799 27490 E ReactNativeJS:     in Suspense (created by Freeze)
06-14 15:16:20.127 23799 27490 E ReactNativeJS:     in Freeze (created by DelayedFreeze)
06-14 15:16:20.127 23799 27490 E ReactNativeJS:     in DelayedFreeze (created by ScreenStack)
06-14 15:16:20.127 23799 27490 E ReactNativeJS:     in RNSScreenStack (created by ScreenStack)
06-14 15:16:20.127 23799 27490 E ReactNativeJS:     in ScreenStack (created by NativeStackViewInner)
06-14 15:16:20.127 23799 27490 E ReactNativeJS:     in NativeStackViewInner (created by NativeStackView)
06-14 15:16:20.127 23799 27490 E ReactNativeJS:     in RCTView (created by View)
06-14 15:16:20.127 23799 27490 E ReactNativeJS:     in View (created by SafeAreaProviderCompat)
06-14 15:16:20.127 23799 27490 E ReactNativeJS:     in SafeAreaProviderCompat (created by NativeStackView)
06-14 15:16:20.127 23799 27490 E ReactNativeJS:     in NativeStackView (created by NativeStackNavigator)
06-14 15:16:20.127 23799 27490 E ReactNativeJS:     in PreventRemoveProvider (created by NavigationContent)
06-14 15:16:20.127 23799 27490 E ReactNativeJS:     in NavigationContent
06-14 15:16:20.127 23799 27490 E ReactNativeJS:     in Unknown (created by NativeStackNavigator)
06-14 15:16:20.127 23799 27490 E ReactNativeJS:     in NativeStackNavigator
06-14 15:16:20.127 23799 27490 E ReactNativeJS:     in Unknown (created by GameLayout)
06-14 15:16:20.127 23799 27490 E ReactNativeJS:     in GameLayout
06-14 15:16:20.127 23799 27490 E ReactNativeJS:     in Unknown (created by Route((game)))
06-14 15:16:20.127 23799 27490 E ReactNativeJS:     in Suspense (created by Route((game)))
06-14 15:16:20.127 23799 27490 E ReactNativeJS:     in Route (created by Route((game)))
06-14 15:16:20.127 23799 27490 E ReactNativeJS:     in Route((game)) (created by SceneView)
06-14 15:16:20.127 23799 27490 E ReactNativeJS:     in StaticContainer
06-14 15:16:20.127 23799 27490 E ReactNativeJS:     in EnsureSingleNavigator (created by SceneView)
06-14 15:16:20.127 23799 27490 E ReactNativeJS:     in SceneView (created by SceneView)
06-14 15:16:20.127 23799 27490 E ReactNativeJS:     in RCTView (created by View)
06-14 15:16:20.127 23799 27490 E ReactNativeJS:     in View (created by DebugContainer)
06-14 15:16:20.127 23799 27490 E ReactNativeJS:     in DebugContainer (created by MaybeNestedStack)
06-14 15:16:20.127 23799 27490 E ReactNativeJS:     in MaybeNestedStack (created by SceneView)
06-14 15:16:20.127 23799 27490 E ReactNativeJS:     in RCTView (created by View)
06-14 15:16:20.127 23799 27490 E ReactNativeJS:     in View (created by SceneView)
06-14 15:16:20.127 23799 27490 E ReactNativeJS:     in RNSScreen (created by Animated(Anonymous))
06-14 15:16:20.127 23799 27490 E ReactNativeJS:     in Animated(Anonymous) (created by InnerScreen)
06-14 15:16:20.127 23799 27490 E ReactNativeJS:     in Suspender (created by Freeze)
06-14 15:16:20.127 23799 27490 E ReactNativeJS:     in Suspense (created by Freeze)
06-14 15:16:20.127 23799 27490 E ReactNativeJS:     in Freeze (created by DelayedFreeze)
06-14 15:16:20.127 23799 27490 E ReactNativeJS:     in DelayedFreeze (created by InnerScreen)
06-14 15:16:20.127 23799 27490 E ReactNativeJS:     in InnerScreen (created by Screen)
06-14 15:16:20.127 23799 27490 E ReactNativeJS:     in Screen (created by SceneView)
06-14 15:16:20.127 23799 27490 E ReactNativeJS:     in SceneView (created by NativeStackViewInner)
06-14 15:16:20.127 23799 27490 E ReactNativeJS:     in Suspender (created by Freeze)
06-14 15:16:20.127 23799 27490 E ReactNativeJS:     in Suspense (created by Freeze)
06-14 15:16:20.127 23799 27490 E ReactNativeJS:     in Freeze (created by DelayedFreeze)
06-14 15:16:20.127 23799 27490 E ReactNativeJS:     in DelayedFreeze (created by ScreenStack)
06-14 15:16:20.127 23799 27490 E ReactNativeJS:     in RNSScreenStack (created by ScreenStack)
06-14 15:16:20.127 23799 27490 E ReactNativeJS:     in ScreenStack (created by NativeStackViewInner)
06-14 15:16:20.127 23799 27490 E ReactNativeJS:     in NativeStackViewInner (created by NativeStackView)
06-14 15:16:20.127 23799 27490 E ReactNativeJS:     in RCTView (created by View)
06-14 15:16:20.127 23799 27490 E ReactNativeJS:     in View (created by SafeAreaProviderCompat)
06-14 15:16:20.127 23799 27490 E ReactNativeJS:     in SafeAreaProviderCompat (created by NativeStackView)
06-14 15:16:20.127 23799 27490 E ReactNativeJS:     in NativeStackView (created by NativeStackNavigator)
06-14 15:16:20.127 23799 27490 E ReactNativeJS:     in PreventRemoveProvider (created by NavigationContent)
06-14 15:16:20.127 23799 27490 E ReactNativeJS:     in NavigationContent
06-14 15:16:20.127 23799 27490 E ReactNativeJS:     in Unknown (created by NativeStackNavigator)
06-14 15:16:20.127 23799 27490 E ReactNativeJS:     in NativeStackNavigator
06-14 15:16:20.127 23799 27490 E ReactNativeJS:     in Unknown (created by RootLayout)
06-14 15:16:20.127 23799 27490 E ReactNativeJS:     in RNGestureHandlerRootView (created by GestureHandlerRootView)
06-14 15:16:20.127 23799 27490 E ReactNativeJS:     in GestureHandlerRootView (created by RootLayout)
06-14 15:16:20.127 23799 27490 E ReactNativeJS:     in RootLayout
06-14 15:16:20.127 23799 27490 E ReactNativeJS:     in Unknown (created by Route())
06-14 15:16:20.127 23799 27490 E ReactNativeJS:     in Suspense (created by Route())
06-14 15:16:20.127 23799 27490 E ReactNativeJS:     in Route (created by Route())
06-14 15:16:20.127 23799 27490 E ReactNativeJS:     in Route() (created by ContextNavigator)
06-14 15:16:20.127 23799 27490 E ReactNativeJS:     in RNCSafeAreaProvider (create
06-14 15:27:37.875 31992 32089 E ReactNativeJS: ReferenceError: Property 'useState' doesn't exist
06-14 15:27:37.875 31992 32089 E ReactNativeJS: 
06-14 15:27:37.875 31992 32089 E ReactNativeJS: This error is located at:
06-14 15:27:37.875 31992 32089 E ReactNativeJS:     in PlanetArcCoreMessageMissileSkiaLayer (created by PlanetStageBackground)
06-14 15:27:37.875 31992 32089 E ReactNativeJS:     in RCTView (created by View)
06-14 15:27:37.875 31992 32089 E ReactNativeJS:     in View (created by PlanetStageBackground)
06-14 15:27:37.875 31992 32089 E ReactNativeJS:     in RCTView (created by View)
06-14 15:27:37.875 31992 32089 E ReactNativeJS:     in View (created by PlanetStageBackground)
06-14 15:27:37.875 31992 32089 E ReactNativeJS:     in RCTView (created by View)
06-14 15:27:37.875 31992 32089 E ReactNativeJS:     in View (created by PlanetStageBackground)
06-14 15:27:37.875 31992 32089 E ReactNativeJS:     in RCTView (created by View)
06-14 15:27:37.875 31992 32089 E ReactNativeJS:     in View (created by PlanetStageBackground)
06-14 15:27:37.875 31992 32089 E ReactNativeJS:     in RCTView (created by View)
06-14 15:27:37.875 31992 32089 E ReactNativeJS:     in View (created by PlanetStageBackground)
06-14 15:27:37.875 31992 32089 E ReactNativeJS:     in PlanetStageBackground (created by PlanetScreen)
06-14 15:27:37.875 31992 32089 E ReactNativeJS:     in RCTView (created by View)
06-14 15:27:37.875 31992 32089 E ReactNativeJS:     in View (created by StageShellInner)
06-14 15:27:37.875 31992 32089 E ReactNativeJS:     in RCTView (created by View)
06-14 15:27:37.875 31992 32089 E ReactNativeJS:     in View (created by StageShellInner)
06-14 15:27:37.875 31992 32089 E ReactNativeJS:     in RNCSafeAreaView
06-14 15:27:37.875 31992 32089 E ReactNativeJS:     in Unknown (created by StageShellInner)
06-14 15:27:37.875 31992 32089 E ReactNativeJS:     in StageShellInner (created by PlanetScreen)
06-14 15:27:37.875 31992 32089 E ReactNativeJS:     in PlanetCapitalCombatRoot (created by PlanetScreen)
06-14 15:27:37.875 31992 32089 E ReactNativeJS:     in PlanetScreen
06-14 15:27:37.875 31992 32089 E ReactNativeJS:     in Unknown (created by Route(planet))
06-14 15:27:37.875 31992 32089 E ReactNativeJS:     in Suspense (created by Route(planet))
06-14 15:27:37.875 31992 32089 E ReactNativeJS:     in Route (created by Route(planet))
06-14 15:27:37.875 31992 32089 E ReactNativeJS:     in Route(planet) (created by SceneView)
06-14 15:27:37.875 31992 32089 E ReactNativeJS:     in StaticContainer
06-14 15:27:37.875 31992 32089 E ReactNativeJS:     in EnsureSingleNavigator (created by SceneView)
06-14 15:27:37.875 31992 32089 E ReactNativeJS:     in SceneView (created by SceneView)
06-14 15:27:37.875 31992 32089 E ReactNativeJS:     in RCTView (created by View)
06-14 15:27:37.875 31992 32089 E ReactNativeJS:     in View (created by DebugContainer)
06-14 15:27:37.875 31992 32089 E ReactNativeJS:     in DebugContainer (created by MaybeNestedStack)
06-14 15:27:37.875 31992 32089 E ReactNativeJS:     in MaybeNestedStack (created by SceneView)
06-14 15:27:37.875 31992 32089 E ReactNativeJS:     in RCTView (created by View)
06-14 15:27:37.875 31992 32089 E ReactNativeJS:     in View (created by SceneView)
06-14 15:27:37.875 31992 32089 E ReactNativeJS:     in RNSScreen (created by Animated(Anonymous))
06-14 15:27:37.875 31992 32089 E ReactNativeJS:     in Animated(Anonymous) (created by InnerScreen)
06-14 15:27:37.875 31992 32089 E ReactNativeJS:     in Suspender (created by Freeze)
06-14 15:27:37.875 31992 32089 E ReactNativeJS:     in Suspense (created by Freeze)
06-14 15:27:37.875 31992 32089 E ReactNativeJS:     in Freeze (created by DelayedFreeze)
06-14 15:27:37.875 31992 32089 E ReactNativeJS:     in DelayedFreeze (created by InnerScreen)
06-14 15:27:37.875 31992 32089 E ReactNativeJS:     in InnerScreen (created by Screen)
06-14 15:27:37.875 31992 32089 E ReactNativeJS:     in Screen (created by SceneView)
06-14 15:27:37.875 31992 32089 E ReactNativeJS:     in SceneView (created by NativeStackViewInner)
06-14 15:27:37.875 31992 32089 E ReactNativeJS:     in Suspender (created by Freeze)
06-14 15:27:37.875 31992 32089 E ReactNativeJS:     in Suspense (created by Freeze)
06-14 15:27:37.875 31992 32089 E ReactNativeJS:     in Freeze (created by DelayedFreeze)
06-14 15:27:37.875 31992 32089 E ReactNativeJS:     in DelayedFreeze (created by ScreenStack)
06-14 15:27:37.875 31992 32089 E ReactNativeJS:     in RNSScreenStack (created by ScreenStack)
06-14 15:27:37.875 31992 32089 E ReactNativeJS:     in ScreenStack (created by NativeStackViewInner)
06-14 15:27:37.875 31992 32089 E ReactNativeJS:     in NativeStackViewInner (created by NativeStackView)
06-14 15:27:37.875 31992 32089 E ReactNativeJS:     in RCTView (created by View)
06-14 15:27:37.875 31992 32089 E ReactNativeJS:     in View (created by SafeAreaProviderCompat)
06-14 15:27:37.875 31992 32089 E ReactNativeJS:     in SafeAreaProviderCompat (created by NativeStackView)
06-14 15:27:37.875 31992 32089 E ReactNativeJS:     in NativeStackView (created by NativeStackNavigator)
06-14 15:27:37.875 31992 32089 E ReactNativeJS:     in PreventRemoveProvider (created by NavigationContent)
06-14 15:27:37.875 31992 32089 E ReactNativeJS:     in NavigationContent
06-14 15:27:37.875 31992 32089 E ReactNativeJS:     in Unknown (created by NativeStackNavigator)
06-14 15:27:37.875 31992 32089 E ReactNativeJS:     in NativeStackNavigator
06-14 15:27:37.875 31992 32089 E ReactNativeJS:     in Unknown (created by GameLayout)
06-14 15:27:37.875 31992 32089 E ReactNativeJS:     in GameLayout
06-14 15:27:37.875 31992 32089 E ReactNativeJS:     in Unknown (created by Route((game)))
06-14 15:27:37.875 31992 32089 E ReactNativeJS:     in Suspense (created by Route((game)))
06-14 15:27:37.875 31992 32089 E ReactNativeJS:     in Route (created by Route((game)))
06-14 15:27:37.875 31992 32089 E ReactNativeJS:     in Route((game)) (created by SceneView)
06-14 15:27:37.875 31992 32089 E ReactNativeJS:     in StaticContainer
06-14 15:27:37.875 31992 32089 E ReactNativeJS:     in EnsureSingleNavigator (created by SceneView)
06-14 15:27:37.875 31992 32089 E ReactNativeJS:     in SceneView (created by SceneView)
06-14 15:27:37.875 31992 32089 E ReactNativeJS:     in RCTView (created by View)
06-14 15:27:37.875 31992 32089 E ReactNativeJS:     in View (created by DebugContainer)
06-14 15:27:37.875 31992 32089 E ReactNativeJS:     in DebugContainer (created by MaybeNestedStack)
06-14 15:27:37.875 31992 32089 E ReactNativeJS:     in MaybeNestedStack (created by SceneView)
06-14 15:27:37.875 31992 32089 E ReactNativeJS:     in RCTView (created by View)
06-14 15:27:37.875 31992 32089 E ReactNativeJS:     in View (created by SceneView)
06-14 15:27:37.875 31992 32089 E ReactNativeJS:     in RNSScreen (created by Animated(Anonymous))
06-14 15:27:37.875 31992 32089 E ReactNativeJS:     in Animated(Anonymous) (created by InnerScreen)
06-14 15:27:37.875 31992 32089 E ReactNativeJS:     in Suspender (created by Freeze)
06-14 15:27:37.875 31992 32089 E ReactNativeJS:     in Suspense (created by Freeze)
06-14 15:27:37.875 31992 32089 E ReactNativeJS:     in Freeze (created by DelayedFreeze)
06-14 15:27:37.875 31992 32089 E ReactNativeJS:     in DelayedFreeze (created by InnerScreen)
06-14 15:27:37.875 31992 32089 E ReactNativeJS:     in InnerScreen (created by Screen)
06-14 15:27:37.875 31992 32089 E ReactNativeJS:     in Screen (created by SceneView)
06-14 15:27:37.875 31992 32089 E ReactNativeJS:     in SceneView (created by NativeStackViewInner)
06-14 15:27:37.875 31992 32089 E ReactNativeJS:     in Suspender (created by Freeze)
06-14 15:27:37.875 31992 32089 E ReactNativeJS:     in Suspense (created by Freeze)
06-14 15:27:37.875 31992 32089 E ReactNativeJS:     in Freeze (created by DelayedFreeze)
06-14 15:27:37.875 31992 32089 E ReactNativeJS:     in DelayedFreeze (created by ScreenStack)
06-14 15:27:37.875 31992 32089 E ReactNativeJS:     in RNSScreenStack (created by ScreenStack)
06-14 15:27:37.875 31992 32089 E ReactNativeJS:     in ScreenStack (created by NativeStackViewInner)
06-14 15:27:37.875 31992 32089 E ReactNativeJS:     in NativeStackViewInner (created by NativeStackView)
06-14 15:27:37.875 31992 32089 E ReactNativeJS:     in RCTView (created by View)
06-14 15:27:37.875 31992 32089 E ReactNativeJS:     in View (created by SafeAreaProviderCompat)
06-14 15:27:37.875 31992 32089 E ReactNativeJS:     in SafeAreaProviderCompat (created by NativeStackView)
06-14 15:27:37.875 31992 32089 E ReactNativeJS:     in NativeStackView (created by NativeStackNavigator)
06-14 15:27:37.875 31992 32089 E ReactNativeJS:     in PreventRemoveProvider (created by NavigationContent)
06-14 15:27:37.875 31992 32089 E ReactNativeJS:     in Nav
06-14 15:27:37.958 31992 32089 E ReactNativeJS: ReferenceError: Property 'useState' doesn't exist
06-14 15:27:37.958 31992 32089 E ReactNativeJS: 
06-14 15:27:37.958 31992 32089 E ReactNativeJS: This error is located at:
06-14 15:27:37.958 31992 32089 E ReactNativeJS:     in PlanetArcCoreMessageMissileSkiaLayer (created by PlanetStageBackground)
06-14 15:27:37.958 31992 32089 E ReactNativeJS:     in RCTView (created by View)
06-14 15:27:37.958 31992 32089 E ReactNativeJS:     in View (created by PlanetStageBackground)
06-14 15:27:37.958 31992 32089 E ReactNativeJS:     in RCTView (created by View)
06-14 15:27:37.958 31992 32089 E ReactNativeJS:     in View (created by PlanetStageBackground)
06-14 15:27:37.958 31992 32089 E ReactNativeJS:     in RCTView (created by View)
06-14 15:27:37.958 31992 32089 E ReactNativeJS:     in View (created by PlanetStageBackground)
06-14 15:27:37.958 31992 32089 E ReactNativeJS:     in RCTView (created by View)
06-14 15:27:37.958 31992 32089 E ReactNativeJS:     in View (created by PlanetStageBackground)
06-14 15:27:37.958 31992 32089 E ReactNativeJS:     in RCTView (created by View)
06-14 15:27:37.958 31992 32089 E ReactNativeJS:     in View (created by PlanetStageBackground)
06-14 15:27:37.958 31992 32089 E ReactNativeJS:     in PlanetStageBackground (created by PlanetScreen)
06-14 15:27:37.958 31992 32089 E ReactNativeJS:     in RCTView (created by View)
06-14 15:27:37.958 31992 32089 E ReactNativeJS:     in View (created by StageShellInner)
06-14 15:27:37.958 31992 32089 E ReactNativeJS:     in RCTView (created by View)
06-14 15:27:37.958 31992 32089 E ReactNativeJS:     in View (created by StageShellInner)
06-14 15:27:37.958 31992 32089 E ReactNativeJS:     in RNCSafeAreaView
06-14 15:27:37.958 31992 32089 E ReactNativeJS:     in Unknown (created by StageShellInner)
06-14 15:27:37.958 31992 32089 E ReactNativeJS:     in StageShellInner (created by PlanetScreen)
06-14 15:27:37.958 31992 32089 E ReactNativeJS:     in PlanetCapitalCombatRoot (created by PlanetScreen)
06-14 15:27:37.958 31992 32089 E ReactNativeJS:     in PlanetScreen
06-14 15:27:37.958 31992 32089 E ReactNativeJS:     in Unknown (created by Route(planet))
06-14 15:27:37.958 31992 32089 E ReactNativeJS:     in Suspense (created by Route(planet))
06-14 15:27:37.958 31992 32089 E ReactNativeJS:     in Route (created by Route(planet))
06-14 15:27:37.958 31992 32089 E ReactNativeJS:     in Route(planet) (created by SceneView)
06-14 15:27:37.958 31992 32089 E ReactNativeJS:     in StaticContainer
06-14 15:27:37.958 31992 32089 E ReactNativeJS:     in EnsureSingleNavigator (created by SceneView)
06-14 15:27:37.958 31992 32089 E ReactNativeJS:     in SceneView (created by SceneView)
06-14 15:27:37.958 31992 32089 E ReactNativeJS:     in RCTView (created by View)
06-14 15:27:37.958 31992 32089 E ReactNativeJS:     in View (created by DebugContainer)
06-14 15:27:37.958 31992 32089 E ReactNativeJS:     in DebugContainer (created by MaybeNestedStack)
06-14 15:27:37.958 31992 32089 E ReactNativeJS:     in MaybeNestedStack (created by SceneView)
06-14 15:27:37.958 31992 32089 E ReactNativeJS:     in RCTView (created by View)
06-14 15:27:37.958 31992 32089 E ReactNativeJS:     in View (created by SceneView)
06-14 15:27:37.958 31992 32089 E ReactNativeJS:     in RNSScreen (created by Animated(Anonymous))
06-14 15:27:37.958 31992 32089 E ReactNativeJS:     in Animated(Anonymous) (created by InnerScreen)
06-14 15:27:37.958 31992 32089 E ReactNativeJS:     in Suspender (created by Freeze)
06-14 15:27:37.958 31992 32089 E ReactNativeJS:     in Suspense (created by Freeze)
06-14 15:27:37.958 31992 32089 E ReactNativeJS:     in Freeze (created by DelayedFreeze)
06-14 15:27:37.958 31992 32089 E ReactNativeJS:     in DelayedFreeze (created by InnerScreen)
06-14 15:27:37.958 31992 32089 E ReactNativeJS:     in InnerScreen (created by Screen)
06-14 15:27:37.958 31992 32089 E ReactNativeJS:     in Screen (created by SceneView)
06-14 15:27:37.958 31992 32089 E ReactNativeJS:     in SceneView (created by NativeStackViewInner)
06-14 15:27:37.958 31992 32089 E ReactNativeJS:     in Suspender (created by Freeze)
06-14 15:27:37.958 31992 32089 E ReactNativeJS:     in Suspense (created by Freeze)
06-14 15:27:37.958 31992 32089 E ReactNativeJS:     in Freeze (created by DelayedFreeze)
06-14 15:27:37.958 31992 32089 E ReactNativeJS:     in DelayedFreeze (created by ScreenStack)
06-14 15:27:37.958 31992 32089 E ReactNativeJS:     in RNSScreenStack (created by ScreenStack)
06-14 15:27:37.958 31992 32089 E ReactNativeJS:     in ScreenStack (created by NativeStackViewInner)
06-14 15:27:37.958 31992 32089 E ReactNativeJS:     in NativeStackViewInner (created by NativeStackView)
06-14 15:27:37.958 31992 32089 E ReactNativeJS:     in RCTView (created by View)
06-14 15:27:37.958 31992 32089 E ReactNativeJS:     in View (created by SafeAreaProviderCompat)
06-14 15:27:37.958 31992 32089 E ReactNativeJS:     in SafeAreaProviderCompat (created by NativeStackView)
06-14 15:27:37.958 31992 32089 E ReactNativeJS:     in NativeStackView (created by NativeStackNavigator)
06-14 15:27:37.958 31992 32089 E ReactNativeJS:     in PreventRemoveProvider (created by NavigationContent)
06-14 15:27:37.958 31992 32089 E ReactNativeJS:     in NavigationContent
06-14 15:27:37.958 31992 32089 E ReactNativeJS:     in Unknown (created by NativeStackNavigator)
06-14 15:27:37.958 31992 32089 E ReactNativeJS:     in NativeStackNavigator
06-14 15:27:37.958 31992 32089 E ReactNativeJS:     in Unknown (created by GameLayout)
06-14 15:27:37.958 31992 32089 E ReactNativeJS:     in GameLayout
06-14 15:27:37.958 31992 32089 E ReactNativeJS:     in Unknown (created by Route((game)))
06-14 15:27:37.958 31992 32089 E ReactNativeJS:     in Suspense (created by Route((game)))
06-14 15:27:37.958 31992 32089 E ReactNativeJS:     in Route (created by Route((game)))
06-14 15:27:37.958 31992 32089 E ReactNativeJS:     in Route((game)) (created by SceneView)
06-14 15:27:37.958 31992 32089 E ReactNativeJS:     in StaticContainer
06-14 15:27:37.958 31992 32089 E ReactNativeJS:     in EnsureSingleNavigator (created by SceneView)
06-14 15:27:37.958 31992 32089 E ReactNativeJS:     in SceneView (created by SceneView)
06-14 15:27:37.958 31992 32089 E ReactNativeJS:     in RCTView (created by View)
06-14 15:27:37.958 31992 32089 E ReactNativeJS:     in View (created by DebugContainer)
06-14 15:27:37.958 31992 32089 E ReactNativeJS:     in DebugContainer (created by MaybeNestedStack)
06-14 15:27:37.958 31992 32089 E ReactNativeJS:     in MaybeNestedStack (created by SceneView)
06-14 15:27:37.958 31992 32089 E ReactNativeJS:     in RCTView (created by View)
06-14 15:27:37.958 31992 32089 E ReactNativeJS:     in View (created by SceneView)
06-14 15:27:37.958 31992 32089 E ReactNativeJS:     in RNSScreen (created by Animated(Anonymous))
06-14 15:27:37.958 31992 32089 E ReactNativeJS:     in Animated(Anonymous) (created by InnerScreen)
06-14 15:27:37.958 31992 32089 E ReactNativeJS:     in Suspender (created by Freeze)
06-14 15:27:37.958 31992 32089 E ReactNativeJS:     in Suspense (created by Freeze)
06-14 15:27:37.958 31992 32089 E ReactNativeJS:     in Freeze (created by DelayedFreeze)
06-14 15:27:37.958 31992 32089 E ReactNativeJS:     in DelayedFreeze (created by InnerScreen)
06-14 15:27:37.958 31992 32089 E ReactNativeJS:     in InnerScreen (created by Screen)
06-14 15:27:37.958 31992 32089 E ReactNativeJS:     in Screen (created by SceneView)
06-14 15:27:37.958 31992 32089 E ReactNativeJS:     in SceneView (created by NativeStackViewInner)
06-14 15:27:37.958 31992 32089 E ReactNativeJS:     in Suspender (created by Freeze)
06-14 15:27:37.958 31992 32089 E ReactNativeJS:     in Suspense (created by Freeze)
06-14 15:27:37.958 31992 32089 E ReactNativeJS:     in Freeze (created by DelayedFreeze)
06-14 15:27:37.958 31992 32089 E ReactNativeJS:     in DelayedFreeze (created by ScreenStack)
06-14 15:27:37.958 31992 32089 E ReactNativeJS:     in RNSScreenStack (created by ScreenStack)
06-14 15:27:37.958 31992 32089 E ReactNativeJS:     in ScreenStack (created by NativeStackViewInner)
06-14 15:27:37.958 31992 32089 E ReactNativeJS:     in NativeStackViewInner (created by NativeStackView)
06-14 15:27:37.958 31992 32089 E ReactNativeJS:     in RCTView (created by View)
06-14 15:27:37.958 31992 32089 E ReactNativeJS:     in View (created by SafeAreaProviderCompat)
06-14 15:27:37.958 31992 32089 E ReactNativeJS:     in SafeAreaProviderCompat (created by NativeStackView)
06-14 15:27:37.958 31992 32089 E ReactNativeJS:     in NativeStackView (created by NativeStackNavigator)
06-14 15:27:37.958 31992 32089 E ReactNativeJS:     in PreventRemoveProvider (created by NavigationContent)
06-14 15:27:37.958 31992 32089 E ReactNativeJS:     in Nav
06-14 16:00:28.587  2435  2666 E ReactNativeJS: TypeError: Cannot read property 'length' of undefined
06-14 16:00:28.587  2435  2666 E ReactNativeJS: 
06-14 16:00:28.587  2435  2666 E ReactNativeJS: This error is located at:
06-14 16:00:28.587  2435  2666 E ReactNativeJS:     in PlanetScreen
06-14 16:00:28.587  2435  2666 E ReactNativeJS:     in Unknown (created by Route(planet))
06-14 16:00:28.587  2435  2666 E ReactNativeJS:     in Suspense (created by Route(planet))
06-14 16:00:28.587  2435  2666 E ReactNativeJS:     in Route (created by Route(planet))
06-14 16:00:28.587  2435  2666 E ReactNativeJS:     in Route(planet) (created by SceneView)
06-14 16:00:28.587  2435  2666 E ReactNativeJS:     in StaticContainer
06-14 16:00:28.587  2435  2666 E ReactNativeJS:     in EnsureSingleNavigator (created by SceneView)
06-14 16:00:28.587  2435  2666 E ReactNativeJS:     in SceneView (created by SceneView)
06-14 16:00:28.587  2435  2666 E ReactNativeJS:     in RCTView (created by View)
06-14 16:00:28.587  2435  2666 E ReactNativeJS:     in View (created by DebugContainer)
06-14 16:00:28.587  2435  2666 E ReactNativeJS:     in DebugContainer (created by MaybeNestedStack)
06-14 16:00:28.587  2435  2666 E ReactNativeJS:     in MaybeNestedStack (created by SceneView)
06-14 16:00:28.587  2435  2666 E ReactNativeJS:     in RCTView (created by View)
06-14 16:00:28.587  2435  2666 E ReactNativeJS:     in View (created by SceneView)
06-14 16:00:28.587  2435  2666 E ReactNativeJS:     in RNSScreen (created by Animated(Anonymous))
06-14 16:00:28.587  2435  2666 E ReactNativeJS:     in Animated(Anonymous) (created by InnerScreen)
06-14 16:00:28.587  2435  2666 E ReactNativeJS:     in Suspender (created by Freeze)
06-14 16:00:28.587  2435  2666 E ReactNativeJS:     in Suspense (created by Freeze)
06-14 16:00:28.587  2435  2666 E ReactNativeJS:     in Freeze (created by DelayedFreeze)
06-14 16:00:28.587  2435  2666 E ReactNativeJS:     in DelayedFreeze (created by InnerScreen)
06-14 16:00:28.587  2435  2666 E ReactNativeJS:     in InnerScreen (created by Screen)
06-14 16:00:28.587  2435  2666 E ReactNativeJS:     in Screen (created by SceneView)
06-14 16:00:28.587  2435  2666 E ReactNativeJS:     in SceneView (created by NativeStackViewInner)
06-14 16:00:28.587  2435  2666 E ReactNativeJS:     in Suspender (created by Freeze)
06-14 16:00:28.587  2435  2666 E ReactNativeJS:     in Suspense (created by Freeze)
06-14 16:00:28.587  2435  2666 E ReactNativeJS:     in Freeze (created by DelayedFreeze)
06-14 16:00:28.587  2435  2666 E ReactNativeJS:     in DelayedFreeze (created by ScreenStack)
06-14 16:00:28.587  2435  2666 E ReactNativeJS:     in RNSScreenStack (created by ScreenStack)
06-14 16:00:28.587  2435  2666 E ReactNativeJS:     in ScreenStack (created by NativeStackViewInner)
06-14 16:00:28.587  2435  2666 E ReactNativeJS:     in NativeStackViewInner (created by NativeStackView)
06-14 16:00:28.587  2435  2666 E ReactNativeJS:     in RCTView (created by View)
06-14 16:00:28.587  2435  2666 E ReactNativeJS:     in View (created by SafeAreaProviderCompat)
06-14 16:00:28.587  2435  2666 E ReactNativeJS:     in SafeAreaProviderCompat (created by NativeStackView)
06-14 16:00:28.587  2435  2666 E ReactNativeJS:     in NativeStackView (created by NativeStackNavigator)
06-14 16:00:28.587  2435  2666 E ReactNativeJS:     in PreventRemoveProvider (created by NavigationContent)
06-14 16:00:28.587  2435  2666 E ReactNativeJS:     in NavigationContent
06-14 16:00:28.587  2435  2666 E ReactNativeJS:     in Unknown (created by NativeStackNavigator)
06-14 16:00:28.587  2435  2666 E ReactNativeJS:     in NativeStackNavigator
06-14 16:00:28.587  2435  2666 E ReactNativeJS:     in Unknown (created by GameLayout)
06-14 16:00:28.587  2435  2666 E ReactNativeJS:     in GameLayout
06-14 16:00:28.587  2435  2666 E ReactNativeJS:     in Unknown (created by Route((game)))
06-14 16:00:28.587  2435  2666 E ReactNativeJS:     in Suspense (created by Route((game)))
06-14 16:00:28.587  2435  2666 E ReactNativeJS:     in Route (created by Route((game)))
06-14 16:00:28.587  2435  2666 E ReactNativeJS:     in Route((game)) (created by SceneView)
06-14 16:00:28.587  2435  2666 E ReactNativeJS:     in StaticContainer
06-14 16:00:28.587  2435  2666 E ReactNativeJS:     in EnsureSingleNavigator (created by SceneView)
06-14 16:00:28.587  2435  2666 E ReactNativeJS:     in SceneView (created by SceneView)
06-14 16:00:28.587  2435  2666 E ReactNativeJS:     in RCTView (created by View)
06-14 16:00:28.587  2435  2666 E ReactNativeJS:     in View (created by DebugContainer)
06-14 16:00:28.587  2435  2666 E ReactNativeJS:     in DebugContainer (created by MaybeNestedStack)
06-14 16:00:28.587  2435  2666 E ReactNativeJS:     in MaybeNestedStack (created by SceneView)
06-14 16:00:28.587  2435  2666 E ReactNativeJS:     in RCTView (created by View)
06-14 16:00:28.587  2435  2666 E ReactNativeJS:     in View (created by SceneView)
06-14 16:00:28.587  2435  2666 E ReactNativeJS:     in RNSScreen (created by Animated(Anonymous))
06-14 16:00:28.587  2435  2666 E ReactNativeJS:     in Animated(Anonymous) (created by InnerScreen)
06-14 16:00:28.587  2435  2666 E ReactNativeJS:     in Suspender (created by Freeze)
06-14 16:00:28.587  2435  2666 E ReactNativeJS:     in Suspense (created by Freeze)
06-14 16:00:28.587  2435  2666 E ReactNativeJS:     in Freeze (created by DelayedFreeze)
06-14 16:00:28.587  2435  2666 E ReactNativeJS:     in DelayedFreeze (created by InnerScreen)
06-14 16:00:28.587  2435  2666 E ReactNativeJS:     in InnerScreen (created by Screen)
06-14 16:00:28.587  2435  2666 E ReactNativeJS:     in Screen (created by SceneView)
06-14 16:00:28.587  2435  2666 E ReactNativeJS:     in SceneView (created by NativeStackViewInner)
06-14 16:00:28.587  2435  2666 E ReactNativeJS:     in Suspender (created by Freeze)
06-14 16:00:28.587  2435  2666 E ReactNativeJS:     in Suspense (created by Freeze)
06-14 16:00:28.587  2435  2666 E ReactNativeJS:     in Freeze (created by DelayedFreeze)
06-14 16:00:28.587  2435  2666 E ReactNativeJS:     in DelayedFreeze (created by ScreenStack)
06-14 16:00:28.587  2435  2666 E ReactNativeJS:     in RNSScreenStack (created by ScreenStack)
06-14 16:00:28.587  2435  2666 E ReactNativeJS:     in ScreenStack (created by NativeStackViewInner)
06-14 16:00:28.587  2435  2666 E ReactNativeJS:     in NativeStackViewInner (created by NativeStackView)
06-14 16:00:28.587  2435  2666 E ReactNativeJS:     in RCTView (created by View)
06-14 16:00:28.587  2435  2666 E ReactNativeJS:     in View (created by SafeAreaProviderCompat)
06-14 16:00:28.587  2435  2666 E ReactNativeJS:     in SafeAreaProviderCompat (created by NativeStackView)
06-14 16:00:28.587  2435  2666 E ReactNativeJS:     in NativeStackView (created by NativeStackNavigator)
06-14 16:00:28.587  2435  2666 E ReactNativeJS:     in PreventRemoveProvider (created by NavigationContent)
06-14 16:00:28.587  2435  2666 E ReactNativeJS:     in NavigationContent
06-14 16:00:28.587  2435  2666 E ReactNativeJS:     in Unknown (created by NativeStackNavigator)
06-14 16:00:28.587  2435  2666 E ReactNativeJS:     in NativeStackNavigator
06-14 16:00:28.587  2435  2666 E ReactNativeJS:     in Unknown (created by RootLayout)
06-14 16:00:28.587  2435  2666 E ReactNativeJS:     in RNGestureHandlerRootView (created by GestureHandlerRootView)
06-14 16:00:28.587  2435  2666 E ReactNativeJS:     in GestureHandlerRootView (created by RootLayout)
06-14 16:00:28.587  2435  2666 E ReactNativeJS:     in RootLayout
06-14 16:00:28.587  2435  2666 E ReactNativeJS:     in Unknown (created by Route())
06-14 16:00:28.587  2435  2666 E ReactNativeJS:     in Suspense (created by Route())
06-14 16:00:28.587  2435  2666 E ReactNativeJS:     in Route (created by Route())
06-14 16:00:28.587  2435  2666 E ReactNativeJS:     in Route() (created by ContextNavigator)
06-14 16:00:28.587  2435  2666 E ReactNativeJS:     in RNCSafeAreaProvider (created by SafeAreaProvider)
06-14 16:00:28.587  2435  2666 E ReactNativeJS:     in SafeAreaProvider (created by wrapper)
06-14 16:00:28.587  2435  2666 E ReactNativeJS:     in wrapper (created by ContextNavigator)
06-14 16:00:28.587  2435  2666 E ReactNativeJS:     in EnsureSingleNavigator
06-14 16:00:28.587  2435  2666 E ReactNativeJS:     in BaseNavigationContainer
06-14 16:00:28.587  2435  2666 E ReactNativeJS:     in ThemeProvider
06-14 16:00:28.587  2435  2666 E ReactNativeJS:     in NavigationContainerInner (created by ContextNavigator)
06-14 16:00:28.587  2435  2666 E ReactNativeJS:     in ContextNavigator (created by ExpoRoot)
06-14 16:00:28.587  2435  2666 E ReactNativeJS:     in ExpoRoot (created by App)
06-14 16:00:28.587  2435  2666 E ReactNativeJS:     in App (created by ErrorOverlay)
06-14 16:00:28.587  2435  2666 E ReactNativeJS:     in ErrorToastConta
06-14 16:00:28.690  2435  2666 E ReactNativeJS: TypeError: Cannot read property 'length' of undefined
06-14 16:00:28.690  2435  2666 E ReactNativeJS: 
06-14 16:00:28.690  2435  2666 E ReactNativeJS: This error is located at:
06-14 16:00:28.690  2435  2666 E ReactNativeJS:     in PlanetScreen
06-14 16:00:28.690  2435  2666 E ReactNativeJS:     in Unknown (created by Route(planet))
06-14 16:00:28.690  2435  2666 E ReactNativeJS:     in Suspense (created by Route(planet))
06-14 16:00:28.690  2435  2666 E ReactNativeJS:     in Route (created by Route(planet))
06-14 16:00:28.690  2435  2666 E ReactNativeJS:     in Route(planet) (created by SceneView)
06-14 16:00:28.690  2435  2666 E ReactNativeJS:     in StaticContainer
06-14 16:00:28.690  2435  2666 E ReactNativeJS:     in EnsureSingleNavigator (created by SceneView)
06-14 16:00:28.690  2435  2666 E ReactNativeJS:     in SceneView (created by SceneView)
06-14 16:00:28.690  2435  2666 E ReactNativeJS:     in RCTView (created by View)
06-14 16:00:28.690  2435  2666 E ReactNativeJS:     in View (created by DebugContainer)
06-14 16:00:28.690  2435  2666 E ReactNativeJS:     in DebugContainer (created by MaybeNestedStack)
06-14 16:00:28.690  2435  2666 E ReactNativeJS:     in MaybeNestedStack (created by SceneView)
06-14 16:00:28.690  2435  2666 E ReactNativeJS:     in RCTView (created by View)
06-14 16:00:28.690  2435  2666 E ReactNativeJS:     in View (created by SceneView)
06-14 16:00:28.690  2435  2666 E ReactNativeJS:     in RNSScreen (created by Animated(Anonymous))
06-14 16:00:28.690  2435  2666 E ReactNativeJS:     in Animated(Anonymous) (created by InnerScreen)
06-14 16:00:28.690  2435  2666 E ReactNativeJS:     in Suspender (created by Freeze)
06-14 16:00:28.690  2435  2666 E ReactNativeJS:     in Suspense (created by Freeze)
06-14 16:00:28.690  2435  2666 E ReactNativeJS:     in Freeze (created by DelayedFreeze)
06-14 16:00:28.690  2435  2666 E ReactNativeJS:     in DelayedFreeze (created by InnerScreen)
06-14 16:00:28.690  2435  2666 E ReactNativeJS:     in InnerScreen (created by Screen)
06-14 16:00:28.690  2435  2666 E ReactNativeJS:     in Screen (created by SceneView)
06-14 16:00:28.690  2435  2666 E ReactNativeJS:     in SceneView (created by NativeStackViewInner)
06-14 16:00:28.690  2435  2666 E ReactNativeJS:     in Suspender (created by Freeze)
06-14 16:00:28.690  2435  2666 E ReactNativeJS:     in Suspense (created by Freeze)
06-14 16:00:28.690  2435  2666 E ReactNativeJS:     in Freeze (created by DelayedFreeze)
06-14 16:00:28.690  2435  2666 E ReactNativeJS:     in DelayedFreeze (created by ScreenStack)
06-14 16:00:28.690  2435  2666 E ReactNativeJS:     in RNSScreenStack (created by ScreenStack)
06-14 16:00:28.690  2435  2666 E ReactNativeJS:     in ScreenStack (created by NativeStackViewInner)
06-14 16:00:28.690  2435  2666 E ReactNativeJS:     in NativeStackViewInner (created by NativeStackView)
06-14 16:00:28.690  2435  2666 E ReactNativeJS:     in RCTView (created by View)
06-14 16:00:28.690  2435  2666 E ReactNativeJS:     in View (created by SafeAreaProviderCompat)
06-14 16:00:28.690  2435  2666 E ReactNativeJS:     in SafeAreaProviderCompat (created by NativeStackView)
06-14 16:00:28.690  2435  2666 E ReactNativeJS:     in NativeStackView (created by NativeStackNavigator)
06-14 16:00:28.690  2435  2666 E ReactNativeJS:     in PreventRemoveProvider (created by NavigationContent)
06-14 16:00:28.690  2435  2666 E ReactNativeJS:     in NavigationContent
06-14 16:00:28.690  2435  2666 E ReactNativeJS:     in Unknown (created by NativeStackNavigator)
06-14 16:00:28.690  2435  2666 E ReactNativeJS:     in NativeStackNavigator
06-14 16:00:28.690  2435  2666 E ReactNativeJS:     in Unknown (created by GameLayout)
06-14 16:00:28.690  2435  2666 E ReactNativeJS:     in GameLayout
06-14 16:00:28.690  2435  2666 E ReactNativeJS:     in Unknown (created by Route((game)))
06-14 16:00:28.690  2435  2666 E ReactNativeJS:     in Suspense (created by Route((game)))
06-14 16:00:28.690  2435  2666 E ReactNativeJS:     in Route (created by Route((game)))
06-14 16:00:28.690  2435  2666 E ReactNativeJS:     in Route((game)) (created by SceneView)
06-14 16:00:28.690  2435  2666 E ReactNativeJS:     in StaticContainer
06-14 16:00:28.690  2435  2666 E ReactNativeJS:     in EnsureSingleNavigator (created by SceneView)
06-14 16:00:28.690  2435  2666 E ReactNativeJS:     in SceneView (created by SceneView)
06-14 16:00:28.690  2435  2666 E ReactNativeJS:     in RCTView (created by View)
06-14 16:00:28.690  2435  2666 E ReactNativeJS:     in View (created by DebugContainer)
06-14 16:00:28.690  2435  2666 E ReactNativeJS:     in DebugContainer (created by MaybeNestedStack)
06-14 16:00:28.690  2435  2666 E ReactNativeJS:     in MaybeNestedStack (created by SceneView)
06-14 16:00:28.690  2435  2666 E ReactNativeJS:     in RCTView (created by View)
06-14 16:00:28.690  2435  2666 E ReactNativeJS:     in View (created by SceneView)
06-14 16:00:28.690  2435  2666 E ReactNativeJS:     in RNSScreen (created by Animated(Anonymous))
06-14 16:00:28.690  2435  2666 E ReactNativeJS:     in Animated(Anonymous) (created by InnerScreen)
06-14 16:00:28.690  2435  2666 E ReactNativeJS:     in Suspender (created by Freeze)
06-14 16:00:28.690  2435  2666 E ReactNativeJS:     in Suspense (created by Freeze)
06-14 16:00:28.690  2435  2666 E ReactNativeJS:     in Freeze (created by DelayedFreeze)
06-14 16:00:28.690  2435  2666 E ReactNativeJS:     in DelayedFreeze (created by InnerScreen)
06-14 16:00:28.690  2435  2666 E ReactNativeJS:     in InnerScreen (created by Screen)
06-14 16:00:28.690  2435  2666 E ReactNativeJS:     in Screen (created by SceneView)
06-14 16:00:28.690  2435  2666 E ReactNativeJS:     in SceneView (created by NativeStackViewInner)
06-14 16:00:28.690  2435  2666 E ReactNativeJS:     in Suspender (created by Freeze)
06-14 16:00:28.690  2435  2666 E ReactNativeJS:     in Suspense (created by Freeze)
06-14 16:00:28.690  2435  2666 E ReactNativeJS:     in Freeze (created by DelayedFreeze)
06-14 16:00:28.690  2435  2666 E ReactNativeJS:     in DelayedFreeze (created by ScreenStack)
06-14 16:00:28.690  2435  2666 E ReactNativeJS:     in RNSScreenStack (created by ScreenStack)
06-14 16:00:28.690  2435  2666 E ReactNativeJS:     in ScreenStack (created by NativeStackViewInner)
06-14 16:00:28.690  2435  2666 E ReactNativeJS:     in NativeStackViewInner (created by NativeStackView)
06-14 16:00:28.690  2435  2666 E ReactNativeJS:     in RCTView (created by View)
06-14 16:00:28.690  2435  2666 E ReactNativeJS:     in View (created by SafeAreaProviderCompat)
06-14 16:00:28.690  2435  2666 E ReactNativeJS:     in SafeAreaProviderCompat (created by NativeStackView)
06-14 16:00:28.690  2435  2666 E ReactNativeJS:     in NativeStackView (created by NativeStackNavigator)
06-14 16:00:28.690  2435  2666 E ReactNativeJS:     in PreventRemoveProvider (created by NavigationContent)
06-14 16:00:28.690  2435  2666 E ReactNativeJS:     in NavigationContent
06-14 16:00:28.690  2435  2666 E ReactNativeJS:     in Unknown (created by NativeStackNavigator)
06-14 16:00:28.690  2435  2666 E ReactNativeJS:     in NativeStackNavigator
06-14 16:00:28.690  2435  2666 E ReactNativeJS:     in Unknown (created by RootLayout)
06-14 16:00:28.690  2435  2666 E ReactNativeJS:     in RNGestureHandlerRootView (created by GestureHandlerRootView)
06-14 16:00:28.690  2435  2666 E ReactNativeJS:     in GestureHandlerRootView (created by RootLayout)
06-14 16:00:28.690  2435  2666 E ReactNativeJS:     in RootLayout
06-14 16:00:28.690  2435  2666 E ReactNativeJS:     in Unknown (created by Route())
06-14 16:00:28.690  2435  2666 E ReactNativeJS:     in Suspense (created by Route())
06-14 16:00:28.690  2435  2666 E ReactNativeJS:     in Route (created by Route())
06-14 16:00:28.690  2435  2666 E ReactNativeJS:     in Route() (created by ContextNavigator)
06-14 16:00:28.690  2435  2666 E ReactNativeJS:     in RNCSafeAreaProvider (created by SafeAreaProvider)
06-14 16:00:28.690  2435  2666 E ReactNativeJS:     in SafeAreaProvider (created by wrapper)
06-14 16:00:28.690  2435  2666 E ReactNativeJS:     in wrapper (created by ContextNavigator)
06-14 16:00:28.690  2435  2666 E ReactNativeJS:     in EnsureSingleNavigator
06-14 16:00:28.690  2435  2666 E ReactNativeJS:     in BaseNavigationContainer
06-14 16:00:28.690  2435  2666 E ReactNativeJS:     in ThemeProvider
06-14 16:00:28.690  2435  2666 E ReactNativeJS:     in NavigationContainerInner (created by ContextNavigator)
06-14 16:00:28.690  2435  2666 E ReactNativeJS:     in ContextNavigator (created by ExpoRoot)
06-14 16:00:28.690  2435  2666 E ReactNativeJS:     in ExpoRoot (created by App)
06-14 16:00:28.690  2435  2666 E ReactNativeJS:     in App (created by ErrorOverlay)
06-14 16:00:28.690  2435  2666 E ReactNativeJS:     in ErrorToastConta
06-14 16:02:38.445  5849  5849 E libc    : SetHeapTaggingLevel: re-enabling tagging after it was disabled is not supported
06-14 16:10:56.629  6193  6288 E ReactNativeJS: ReferenceError: Property 'releaseArcCoreMissilePresentationGpu' doesn't exist
06-14 16:10:56.629  6193  6288 E ReactNativeJS: 
06-14 16:10:56.629  6193  6288 E ReactNativeJS: This error is located at:
06-14 16:10:56.629  6193  6288 E ReactNativeJS:     in PlanetDefenseInterceptMissileSkiaLayer (created by PlanetStageBackground)
06-14 16:10:56.726  6193  6288 E ReactNativeJS: ReferenceError: Property 'releaseArcCoreMissilePresentationGpu' doesn't exist
06-14 16:10:56.726  6193  6288 E ReactNativeJS: 
06-14 16:10:56.726  6193  6288 E ReactNativeJS: This error is located at:
06-14 16:10:56.726  6193  6288 E ReactNativeJS:     in PlanetDefenseInterceptMissileSkiaLayer (created by PlanetStageBackground)
06-14 16:10:56.726  6193  6288 E ReactNativeJS:     in RCTView (created by View)
06-14 16:10:56.726  6193  6288 E ReactNativeJS:     in View (created by PlanetStageBackground)
06-14 16:10:56.726  6193  6288 E ReactNativeJS:     in RCTView (created by View)
06-14 16:10:56.726  6193  6288 E ReactNativeJS:     in View (created by PlanetStageBackground)
06-14 16:10:56.726  6193  6288 E ReactNativeJS:     in RCTView (created by View)
06-14 16:10:56.726  6193  6288 E ReactNativeJS:     in View (created by PlanetStageBackground)
06-14 16:10:56.726  6193  6288 E ReactNativeJS:     in RCTView (created by View)
06-14 16:10:56.726  6193  6288 E ReactNativeJS:     in View (created by PlanetStageBackground)
06-14 16:10:56.726  6193  6288 E ReactNativeJS:     in RCTView (created by View)
06-14 16:10:56.726  6193  6288 E ReactNativeJS:     in View (created by PlanetStageBackground)
06-14 16:10:56.726  6193  6288 E ReactNativeJS:     in PlanetStageBackground (created by PlanetScreen)
06-14 16:10:56.726  6193  6288 E ReactNativeJS:     in RCTView (created by View)
06-14 16:10:56.726  6193  6288 E ReactNativeJS:     in View (created by StageShellInner)
06-14 16:10:56.726  6193  6288 E ReactNativeJS:     in RCTView (created by View)
06-14 16:10:56.726  6193  6288 E ReactNativeJS:     in View (created by StageShellInner)
06-14 16:10:56.726  6193  6288 E ReactNativeJS:     in RNCSafeAreaView
06-14 16:10:56.726  6193  6288 E ReactNativeJS:     in Unknown (created by StageShellInner)
06-14 16:10:56.726  6193  6288 E ReactNativeJS:     in StageShellInner (created by PlanetScreen)
06-14 16:10:56.726  6193  6288 E ReactNativeJS:     in PlanetCapitalCombatRoot (created by PlanetScreen)
06-14 16:10:56.726  6193  6288 E ReactNativeJS:     in PlanetScreen
06-14 16:10:56.726  6193  6288 E ReactNativeJS:     in Unknown (created by Route(planet))
06-14 16:10:56.726  6193  6288 E ReactNativeJS:     in Suspense (created by Route(planet))
06-14 16:10:56.726  6193  6288 E ReactNativeJS:     in Route (created by Route(planet))
06-14 16:10:56.726  6193  6288 E ReactNativeJS:     in Route(planet) (created by SceneView)
06-14 16:10:56.726  6193  6288 E ReactNativeJS:     in StaticContainer
06-14 16:10:56.726  6193  6288 E ReactNativeJS:     in EnsureSingleNavigator (created by SceneView)
06-14 16:10:56.726  6193  6288 E ReactNativeJS:     in SceneView (created by SceneView)
06-14 16:10:56.726  6193  6288 E ReactNativeJS:     in RCTView (created by View)
06-14 16:10:56.726  6193  6288 E ReactNativeJS:     in View (created by DebugContainer)
06-14 16:10:56.726  6193  6288 E ReactNativeJS:     in DebugContainer (created by MaybeNestedStack)
06-14 16:10:56.726  6193  6288 E ReactNativeJS:     in MaybeNestedStack (created by SceneView)
06-14 16:10:56.726  6193  6288 E ReactNativeJS:     in RCTView (created by View)
06-14 16:10:56.726  6193  6288 E ReactNativeJS:     in View (created by SceneView)
06-14 16:10:56.726  6193  6288 E ReactNativeJS:     in RNSScreen (created by Animated(Anonymous))
06-14 16:10:56.726  6193  6288 E ReactNativeJS:     in Animated(Anonymous) (created by InnerScreen)
06-14 16:10:56.726  6193  6288 E ReactNativeJS:     in Suspender (created by Freeze)
06-14 16:10:56.726  6193  6288 E ReactNativeJS:     in Suspense (created by Freeze)
06-14 16:10:56.726  6193  6288 E ReactNativeJS:     in Freeze (created by DelayedFreeze)
06-14 16:10:56.726  6193  6288 E ReactNativeJS:     in DelayedFreeze (created by InnerScreen)
06-14 16:10:56.726  6193  6288 E ReactNativeJS:     in InnerScreen (created by Screen)
06-14 16:10:56.726  6193  6288 E ReactNativeJS:     in Screen (created by SceneView)
06-14 16:10:56.726  6193  6288 E ReactNativeJS:     in SceneView (created by NativeStackViewInner)
06-14 16:10:56.726  6193  6288 E ReactNativeJS:     in Suspender (created by Freeze)
06-14 16:10:56.726  6193  6288 E ReactNativeJS:     in Suspense (created by Freeze)
06-14 16:10:56.726  6193  6288 E ReactNativeJS:     in Freeze (created by DelayedFreeze)
06-14 16:10:56.726  6193  6288 E ReactNativeJS:     in DelayedFreeze (created by ScreenStack)
06-14 16:10:56.726  6193  6288 E ReactNativeJS:     in RNSScreenStack (created by ScreenStack)
06-14 16:10:56.726  6193  6288 E ReactNativeJS:     in ScreenStack (created by NativeStackViewInner)
06-14 16:10:56.726  6193  6288 E ReactNativeJS:     in NativeStackViewInner (created by NativeStackView)
06-14 16:10:56.726  6193  6288 E ReactNativeJS:     in RCTView (created by View)
06-14 16:10:56.726  6193  6288 E ReactNativeJS:     in View (created by SafeAreaProviderCompat)
06-14 16:10:56.726  6193  6288 E ReactNativeJS:     in SafeAreaProviderCompat (created by NativeStackView)
06-14 16:10:56.726  6193  6288 E ReactNativeJS:     in NativeStackView (created by NativeStackNavigator)
06-14 16:10:56.726  6193  6288 E ReactNativeJS:     in PreventRemoveProvider (created by NavigationContent)
06-14 16:10:56.726  6193  6288 E ReactNativeJS:     in NavigationContent
06-14 16:10:56.726  6193  6288 E ReactNativeJS:     in Unknown (created by NativeStackNavigator)
06-14 16:10:56.726  6193  6288 E ReactNativeJS:     in NativeStackNavigator
06-14 16:10:56.726  6193  6288 E ReactNativeJS:     in Unknown (created by GameLayout)
06-14 16:10:56.726  6193  6288 E ReactNativeJS:     in GameLayout
06-14 16:10:56.726  6193  6288 E ReactNativeJS:     in Unknown (created by Route((game)))
06-14 16:10:56.726  6193  6288 E ReactNativeJS:     in Suspense (created by Route((game)))
06-14 16:10:56.726  6193  6288 E ReactNativeJS:     in Route (created by Route((game)))
06-14 16:10:56.726  6193  6288 E ReactNativeJS:     in Route((game)) (created by SceneView)
06-14 16:10:56.726  6193  6288 E ReactNativeJS:     in StaticContainer
06-14 16:10:56.726  6193  6288 E ReactNativeJS:     in EnsureSingleNavigator (created by SceneView)
06-14 16:10:56.726  6193  6288 E ReactNativeJS:     in SceneView (created by SceneView)
06-14 16:10:56.726  6193  6288 E ReactNativeJS:     in RCTView (created by View)
06-14 16:10:56.726  6193  6288 E ReactNativeJS:     in View (created by DebugContainer)
06-14 16:10:56.726  6193  6288 E ReactNativeJS:     in DebugContainer (created by MaybeNestedStack)
06-14 16:10:56.726  6193  6288 E ReactNativeJS:     in MaybeNestedStack (created by SceneView)
06-14 16:10:56.726  6193  6288 E ReactNativeJS:     in RCTView (created by View)
06-14 16:10:56.726  6193  6288 E ReactNativeJS:     in View (created by SceneView)
06-14 16:10:56.726  6193  6288 E ReactNativeJS:     in RNSScreen (created by Animated(Anonymous))
06-14 16:10:56.726  6193  6288 E ReactNativeJS:     in Animated(Anonymous) (created by InnerScreen)
06-14 16:10:56.726  6193  6288 E ReactNativeJS:     in Suspender (created by Freeze)
06-14 16:10:56.726  6193  6288 E ReactNativeJS:     in Suspense (created by Freeze)
06-14 16:10:56.726  6193  6288 E ReactNativeJS:     in Freeze (created by DelayedFreeze)
06-14 16:10:56.726  6193  6288 E ReactNativeJS:     in DelayedFreeze (created by InnerScreen)
06-14 16:10:56.726  6193  6288 E ReactNativeJS:     in InnerScreen (created by Screen)
06-14 16:10:56.726  6193  6288 E ReactNativeJS:     in Screen (created by SceneView)
06-14 16:10:56.726  6193  6288 E ReactNativeJS:     in SceneView (created by NativeStackViewInner)
06-14 16:10:56.726  6193  6288 E ReactNativeJS:     in Suspender (created by Freeze)
06-14 16:10:56.726  6193  6288 E ReactNativeJS:     in Suspense (created by Freeze)
06-14 16:10:56.726  6193  6288 E ReactNativeJS:     in Freeze (created by DelayedFreeze)
06-14 16:10:56.726  6193  6288 E ReactNativeJS:     in DelayedFreeze (created by ScreenStack)
06-14 16:10:56.726  6193  6288 E ReactNativeJS:     in RNSScreenStack (created by ScreenStack)
06-14 16:10:56.726  6193  6288 E ReactNativeJS:     in ScreenStack (created by NativeStackViewInner)
06-14 16:10:56.726  6193  6288 E ReactNativeJS:     in NativeStackViewInner (created by NativeStackView)
06-14 16:10:56.726  6193  6288 E ReactNativeJS:     in RCTView (created by View)
06-14 16:10:56.726  6193  6288 E ReactNativeJS:     in View (created by SafeAreaProviderCompat)
06-14 16:10:56.726  6193  6288 E ReactNativeJS:     in SafeAreaProviderCompat (created by NativeStackView)
06-14 16:10:56.727  6193  6288 E ReactNativeJS:     in NativeStackView (created by NativeStackNavigator)
06-14 16:10:56.727  6193  6288 E ReactNativeJS:     in PreventRemoveProvider (created by
06-14 16:10:56.740  6193  6288 E ReactNativeJS: ReferenceError: Property 'releaseArcCoreMissilePresentationGpu' doesn't exist
06-14 16:10:56.740  6193  6288 E ReactNativeJS: 
06-14 16:10:56.740  6193  6288 E ReactNativeJS: This error is located at:
06-14 16:10:56.740  6193  6288 E ReactNativeJS:     in PlanetDefenseInterceptMissileSkiaLayer (created by PlanetStageBackground)
06-14 16:11:31.529  6193  6288 E ReactNativeJS: { [Error: TransformError SyntaxError: D:\arcfire20260607\src\components\planet\planetHub\planetHubSubcomponents.tsx: Identifier 'interceptInboundStartMs' has already been declared. (438:8)
06-14 16:11:31.529  6193  6288 E ReactNativeJS: 
06-14 16:11:31.529  6193  6288 E ReactNativeJS: [0m [90m 436 |[39m   )[33m;[39m
06-14 16:11:31.529  6193  6288 E ReactNativeJS:  [90m 437 |[39m
06-14 16:11:31.529  6193  6288 E ReactNativeJS: [31m[1m>[22m[39m[90m 438 |[39m   [36mconst[39m interceptInboundStartMs [33m=[39m arcCoreMissileStartMs [33m?[39m[33m?[39m [35m0[39m[33m;[39m
06-14 16:11:31.529  6193  6288 E ReactNativeJS:  [90m     |[39m         [31m[1m^[22m[39m
06-14 16:11:31.529  6193  6288 E ReactNativeJS:  [90m 439 |[39m   [36mconst[39m planetCoreRuntime [33m=[39m usePlanetCoreRuntimeStore(
06-14 16:11:31.529  6193  6288 E ReactNativeJS:  [90m 440 |[39m     useCallback((s) [33m=>[39m s[33m.[39mbyPlanetId[planetId][33m,[39m [planetId])[33m,[39m
06-14 16:11:31.529  6193  6288 E ReactNativeJS:  [90m 441 |[39m   )[33m;[39m[0m] preventSymbolication: true }
06-14 17:26:37.833 11127 11218 E ReactNativeJS: { [Error: TransformError SyntaxError: D:\arcfire20260607\src\components\planet\PlanetArcCoreMessageMissileSkiaLayer.tsx: Unexpected token (13:0)
06-14 17:26:37.833 11127 11218 E ReactNativeJS: 
06-14 17:26:37.833 11127 11218 E ReactNativeJS: [0m [90m 11 |[39m   useSharedValue[33m,[39m
06-14 17:26:37.833 11127 11218 E ReactNativeJS:  [90m 12 |[39m
06-14 17:26:37.833 11127 11218 E ReactNativeJS: [31m[1m>[22m[39m[90m 13 |[39m } [36mfrom[39m [32m'react-native-reanimated'[39m[33m;[39m
06-14 17:26:37.833 11127 11218 E ReactNativeJS:  [90m    |[39m [31m[1m^[22m[39m
06-14 17:26:37.833 11127 11218 E ReactNativeJS:  [90m 14 |[39m
06-14 17:26:37.833 11127 11218 E ReactNativeJS:  [90m 15 |[39m [36mimport[39m {
06-14 17:26:37.833 11127 11218 E ReactNativeJS:  [90m 16 |[39m[0m] preventSymbolication: true }
06-14 17:26:47.771 11127 11218 E ReactNativeJS: ReferenceError: Property 'StyleSheet' doesn't exist
06-14 17:39:41.941 17452 17452 E libc    : SetHeapTaggingLevel: re-enabling tagging after it was disabled is not supported
06-14 17:39:46.806 17908 17908 E libc    : SetHeapTaggingLevel: re-enabling tagging after it was disabled is not supported
06-14 18:02:20.233 18001 18103 E ReactNativeJS: ReferenceError: Property 'Paint' doesn't exist
06-14 18:02:20.419 18001 18103 E ReactNativeJS: The above error occurred in the <PlanetDefenseInterceptMissileSkiaLayer> component:
06-14 18:02:20.419 18001 18103 E ReactNativeJS: 
06-14 18:02:20.419 18001 18103 E ReactNativeJS:     at PlanetDefenseInterceptMissileSkiaLayer (http://localhost:8081/src\components\planet\PlanetDefenseInterceptMissileSkiaLayer.bundle//&platform=android&lazy=true&app=com.arcfire.online&modulesOnly=true&transform.routerRoot=app&transform.engine=hermes&transform.bytecode=true&dev=true&minify=false&runModule=true&shallow=true:502:32)
06-14 18:02:20.419 18001 18103 E ReactNativeJS: 
06-14 18:02:20.419 18001 18103 E ReactNativeJS: Consider adding an error boundary to your tree to customize error handling behavior.
06-14 18:02:20.419 18001 18103 E ReactNativeJS: Visit https://reactjs.org/link/error-boundaries to learn more about error boundaries.
06-14 18:02:20.433 18001 18103 E ReactNativeJS: Error: Exception in HostFunction: Value is an object, expected a number
06-14 18:02:25.404 18001 18103 E ReactNativeJS: The above error occurred in the <PlanetDefenseInterceptMissileSkiaLayer> component:
06-14 18:02:25.404 18001 18103 E ReactNativeJS: 
06-14 18:02:25.404 18001 18103 E ReactNativeJS:     at PlanetDefenseInterceptMissileSkiaLayer (http://localhost:8081/src\components\planet\PlanetDefenseInterceptMissileSkiaLayer.bundle//&platform=android&lazy=true&app=com.arcfire.online&modulesOnly=true&transform.routerRoot=app&transform.engine=hermes&transform.bytecode=true&dev=true&minify=false&runModule=true&shallow=true:493:32)
06-14 18:02:25.404 18001 18103 E ReactNativeJS: 
06-14 18:02:25.404 18001 18103 E ReactNativeJS: Consider adding an error boundary to your tree to customize error handling behavior.
06-14 18:02:25.404 18001 18103 E ReactNativeJS: Visit https://reactjs.org/link/error-boundaries to learn more about error boundaries.
06-14 18:02:25.409 18001 18103 E ReactNativeJS: Error: Exception in HostFunction: Value is an object, expected a number
06-14 18:09:20.599 18001 18103 E ReactNativeJS: { [Error: undefined Unable to resolve module ./arcCoreMessagePolicy from D:\arcfire20260607\src\arcCore\message\defenseInterceptVisualPlan.ts: 
06-14 18:09:20.599 18001 18103 E ReactNativeJS: 
06-14 18:09:20.599 18001 18103 E ReactNativeJS: None of these files exist:
06-14 18:09:20.599 18001 18103 E ReactNativeJS:   * src\arcCore\message\arcCoreMessagePolicy(.android.ts|.native.ts|.ts|.android.tsx|.native.tsx|.tsx|.android.mjs|.native.mjs|.mjs|.android.js|.native.js|.js|.android.jsx|.native.jsx|.jsx|.android.json|.native.json|.json|.android.cjs|.native.cjs|.cjs|.android.scss|.native.scss|.scss|.android.sass|.native.sass|.sass|.android.css|.native.css|.css)
06-14 18:09:20.599 18001 18103 E ReactNativeJS:   * src\arcCore\message\arcCoreMessagePolicy] preventSymbolication: true }
06-14 18:09:31.201 18001 18103 E ReactNativeJS: { [Error: undefined Unable to resolve module ./arcCoreMessagePolicy from D:\arcfire20260607\src\arcCore\message\defenseInterceptVisualPlan.ts: 
06-14 18:09:31.201 18001 18103 E ReactNativeJS: 
06-14 18:09:31.201 18001 18103 E ReactNativeJS: None of these files exist:
06-14 18:09:31.201 18001 18103 E ReactNativeJS:   * src\arcCore\message\arcCoreMessagePolicy(.android.ts|.native.ts|.ts|.android.tsx|.native.tsx|.tsx|.android.mjs|.native.mjs|.mjs|.android.js|.native.js|.js|.android.jsx|.native.jsx|.jsx|.android.json|.native.json|.json|.android.cjs|.native.cjs|.cjs|.android.scss|.native.scss|.scss|.android.sass|.native.sass|.sass|.android.css|.native.css|.css)
06-14 18:09:31.201 18001 18103 E ReactNativeJS:   * src\arcCore\message\arcCoreMessagePolicy] preventSymbolication: true }
06-14 18:09:38.028 18001 18103 E ReactNativeJS: { [Error: undefined Unable to resolve module ./arcCoreMessagePolicy from D:\arcfire20260607\src\arcCore\message\defenseInterceptVisualPlan.ts: 
06-14 18:09:38.028 18001 18103 E ReactNativeJS: 
06-14 18:09:38.028 18001 18103 E ReactNativeJS: None of these files exist:
06-14 18:09:38.028 18001 18103 E ReactNativeJS:   * src\arcCore\message\arcCoreMessagePolicy(.android.ts|.native.ts|.ts|.android.tsx|.native.tsx|.tsx|.android.mjs|.native.mjs|.mjs|.android.js|.native.js|.js|.android.jsx|.native.jsx|.jsx|.android.json|.native.json|.json|.android.cjs|.native.cjs|.cjs|.android.scss|.native.scss|.scss|.android.sass|.native.sass|.sass|.android.css|.native.css|.css)
06-14 18:09:38.028 18001 18103 E ReactNativeJS:   * src\arcCore\message\arcCoreMessagePolicy] preventSymbolication: true }
06-14 18:09:44.321 18001 18103 E ReactNativeJS: { [Error: undefined Unable to resolve module ./arcCoreMessagePolicy from D:\arcfire20260607\src\arcCore\message\defenseInterceptVisualPlan.ts: 
06-14 18:09:44.321 18001 18103 E ReactNativeJS: 
06-14 18:09:44.321 18001 18103 E ReactNativeJS: None of these files exist:
06-14 18:09:44.321 18001 18103 E ReactNativeJS:   * src\arcCore\message\arcCoreMessagePolicy(.android.ts|.native.ts|.ts|.android.tsx|.native.tsx|.tsx|.android.mjs|.native.mjs|.mjs|.android.js|.native.js|.js|.android.jsx|.native.jsx|.jsx|.android.json|.native.json|.json|.android.cjs|.native.cjs|.cjs|.android.scss|.native.scss|.scss|.android.sass|.native.sass|.sass|.android.css|.native.css|.css)
06-14 18:09:44.321 18001 18103 E ReactNativeJS:   * src\arcCore\message\arcCoreMessagePolicy] preventSymbolication: true }
06-14 18:09:49.577 18001 18103 E ReactNativeJS: { [Error: undefined Unable to resolve module ./arcCoreMessagePolicy from D:\arcfire20260607\src\arcCore\message\defenseInterceptVisualPlan.ts: 
06-14 18:09:49.577 18001 18103 E ReactNativeJS: 
06-14 18:09:49.577 18001 18103 E ReactNativeJS: None of these files exist:
06-14 18:09:49.577 18001 18103 E ReactNativeJS:   * src\arcCore\message\arcCoreMessagePolicy(.android.ts|.native.ts|.ts|.android.tsx|.native.tsx|.tsx|.android.mjs|.native.mjs|.mjs|.android.js|.native.js|.js|.android.jsx|.native.jsx|.jsx|.android.json|.native.json|.json|.android.cjs|.native.cjs|.cjs|.android.scss|.native.scss|.scss|.android.sass|.native.sass|.sass|.android.css|.native.css|.css)
06-14 18:09:49.577 18001 18103 E ReactNativeJS:   * src\arcCore\message\arcCoreMessagePolicy] preventSymbolication: true }
06-14 18:09:51.853 18001 18103 E ReactNativeJS: { [Error: undefined Unable to resolve module ./arcCoreMessagePolicy from D:\arcfire20260607\src\arcCore\message\defenseInterceptVisualPlan.ts: 
06-14 18:09:51.853 18001 18103 E ReactNativeJS: 
06-14 18:09:51.853 18001 18103 E ReactNativeJS: None of these files exist:
06-14 18:09:51.853 18001 18103 E ReactNativeJS:   * src\arcCore\message\arcCoreMessagePolicy(.android.ts|.native.ts|.ts|.android.tsx|.native.tsx|.tsx|.android.mjs|.native.mjs|.mjs|.android.js|.native.js|.js|.android.jsx|.native.jsx|.jsx|.android.json|.native.json|.json|.android.cjs|.native.cjs|.cjs|.android.scss|.native.scss|.scss|.android.sass|.native.sass|.sass|.android.css|.native.css|.css)
06-14 18:09:51.853 18001 18103 E ReactNativeJS:   * src\arcCore\message\arcCoreMessagePolicy] preventSymbolication: true }
06-14 18:10:06.994 18001 18103 E ReactNativeJS: { [Error: undefined Unable to resolve module ./arcCoreMessagePolicy from D:\arcfire20260607\src\arcCore\message\defenseInterceptVisualPlan.ts: 
06-14 18:10:06.994 18001 18103 E ReactNativeJS: 
06-14 18:10:06.994 18001 18103 E ReactNativeJS: None of these files exist:
06-14 18:10:06.994 18001 18103 E ReactNativeJS:   * src\arcCore\message\arcCoreMessagePolicy(.android.ts|.native.ts|.ts|.android.tsx|.native.tsx|.tsx|.android.mjs|.native.mjs|.mjs|.android.js|.native.js|.js|.android.jsx|.native.jsx|.jsx|.android.json|.native.json|.json|.android.cjs|.native.cjs|.cjs|.android.scss|.native.scss|.scss|.android.sass|.native.sass|.sass|.android.css|.native.css|.css)
06-14 18:10:06.994 18001 18103 E ReactNativeJS:   * src\arcCore\message\arcCoreMessagePolicy] preventSymbolication: true }
06-14 18:10:07.897 18001 18103 E ReactNativeJS: { [Error: undefined Unable to resolve module ./arcCoreMessagePolicy from D:\arcfire20260607\src\arcCore\message\defenseInterceptVisualPlan.ts: 
06-14 18:10:07.897 18001 18103 E ReactNativeJS: 
06-14 18:10:07.897 18001 18103 E ReactNativeJS: None of these files exist:
06-14 18:10:07.897 18001 18103 E ReactNativeJS:   * src\arcCore\message\arcCoreMessagePolicy(.android.ts|.native.ts|.ts|.android.tsx|.native.tsx|.tsx|.android.mjs|.native.mjs|.mjs|.android.js|.native.js|.js|.android.jsx|.native.jsx|.jsx|.android.json|.native.json|.json|.android.cjs|.native.cjs|.cjs|.android.scss|.native.scss|.scss|.android.sass|.native.sass|.sass|.android.css|.native.css|.css)
06-14 18:10:07.897 18001 18103 E ReactNativeJS:   * src\arcCore\message\arcCoreMessagePolicy] preventSymbolication: true }
06-14 18:10:09.077 18001 18103 E ReactNativeJS: { [Error: undefined Unable to resolve module ./arcCoreMessagePolicy from D:\arcfire20260607\src\arcCore\message\defenseInterceptVisualPlan.ts: 
06-14 18:10:09.077 18001 18103 E ReactNativeJS: 
06-14 18:10:09.077 18001 18103 E ReactNativeJS: None of these files exist:
06-14 18:10:09.077 18001 18103 E ReactNativeJS:   * src\arcCore\message\arcCoreMessagePolicy(.android.ts|.native.ts|.ts|.android.tsx|.native.tsx|.tsx|.android.mjs|.native.mjs|.mjs|.android.js|.native.js|.js|.android.jsx|.native.jsx|.jsx|.android.json|.native.json|.json|.android.cjs|.native.cjs|.cjs|.android.scss|.native.scss|.scss|.android.sass|.native.sass|.sass|.android.css|.native.css|.css)
06-14 18:10:09.077 18001 18103 E ReactNativeJS:   * src\arcCore\message\arcCoreMessagePolicy] preventSymbolication: true }
06-14 18:10:10.416 18001 18103 E ReactNativeJS: { [Error: undefined Unable to resolve module ./arcCoreMessagePolicy from D:\arcfire20260607\src\arcCore\message\defenseInterceptVisualPlan.ts: 
06-14 18:10:10.416 18001 18103 E ReactNativeJS: 
06-14 18:10:10.416 18001 18103 E ReactNativeJS: None of these files exist:
06-14 18:10:10.416 18001 18103 E ReactNativeJS:   * src\arcCore\message\arcCoreMessagePolicy(.android.ts|.native.ts|.ts|.android.tsx|.native.tsx|.tsx|.android.mjs|.native.mjs|.mjs|.android.js|.native.js|.js|.android.jsx|.native.jsx|.jsx|.android.json|.native.json|.json|.android.cjs|.native.cjs|.cjs|.android.scss|.native.scss|.scss|.android.sass|.native.sass|.sass|.android.css|.native.css|.css)
06-14 18:10:10.416 18001 18103 E ReactNativeJS:   * src\arcCore\message\arcCoreMessagePolicy] preventSymbolication: true }
06-14 18:10:12.988 18001 18103 E ReactNativeJS: { [Error: undefined Unable to resolve module ./arcCoreMessagePolicy from D:\arcfire20260607\src\arcCore\message\defenseInterceptVisualPlan.ts: 
06-14 18:10:12.988 18001 18103 E ReactNativeJS: 
06-14 18:10:12.988 18001 18103 E ReactNativeJS: None of these files exist:
06-14 18:10:12.988 18001 18103 E ReactNativeJS:   * src\arcCore\message\arcCoreMessagePolicy(.android.ts|.native.ts|.ts|.android.tsx|.native.tsx|.tsx|.android.mjs|.native.mjs|.mjs|.android.js|.native.js|.js|.android.jsx|.native.jsx|.jsx|.android.json|.native.json|.json|.android.cjs|.native.cjs|.cjs|.android.scss|.native.scss|.scss|.android.sass|.native.sass|.sass|.android.css|.native.css|.css)
06-14 18:10:12.988 18001 18103 E ReactNativeJS:   * src\arcCore\message\arcCoreMessagePolicy] preventSymbolication: true }
06-14 18:10:19.857 18001 18103 E ReactNativeJS: { [Error: undefined Unable to resolve module ./arcCoreMessagePolicy from D:\arcfire20260607\src\arcCore\message\defenseInterceptVisualPlan.ts: 
06-14 18:10:19.857 18001 18103 E ReactNativeJS: 
06-14 18:10:19.857 18001 18103 E ReactNativeJS: None of these files exist:
06-14 18:10:19.857 18001 18103 E ReactNativeJS:   * src\arcCore\message\arcCoreMessagePolicy(.android.ts|.native.ts|.ts|.android.tsx|.native.tsx|.tsx|.android.mjs|.native.mjs|.mjs|.android.js|.native.js|.js|.android.jsx|.native.jsx|.jsx|.android.json|.native.json|.json|.android.cjs|.native.cjs|.cjs|.android.scss|.native.scss|.scss|.android.sass|.native.sass|.sass|.android.css|.native.css|.css)
06-14 18:10:19.857 18001 18103 E ReactNativeJS:   * src\arcCore\message\arcCoreMessagePolicy] preventSymbolication: true }
06-14 18:10:20.016 18001 18103 E ReactNativeJS: { [Error: TransformError SyntaxError: D:\arcfire20260607\src\components\planet\planetHub\planetHubSubcomponents.tsx: Identifier 'DEFENSE_SATELLITE_INTERCEPT_READY_STROKE' has already been declared. (46:2)
06-14 18:10:20.016 18001 18103 E ReactNativeJS: 
06-14 18:10:20.016 18001 18103 E ReactNativeJS: [0m [90m 44 |[39m   splitNearbyInfoLine[33m,[39m
06-14 18:10:20.016 18001 18103 E ReactNativeJS:  [90m 45 |[39m   [33mWORLD_OBJECT_ANCHOR_PX[39m[33m,[39m
06-14 18:10:20.016 18001 18103 E ReactNativeJS: [31m[1m>[22m[39m[90m 46 |[39m   [33mDEFENSE_SATELLITE_INTERCEPT_READY_STROKE[39m[33m,[39m
06-14 18:10:20.016 18001 18103 E ReactNativeJS:  [90m    |[39m   [31m[1m^[22m[39m
06-14 18:10:20.016 18001 18103 E ReactNativeJS:  [90m 47 |[39m } [36mfrom[39m [32m'../../../game/planetHub/planetHubConstants'[39m[33m;[39m
06-14 18:10:20.016 18001 18103 E ReactNativeJS:  [90m 48 |[39m [36mimport[39m { planetHubStyles [36mas[39m styles[33m,[39m planetHubBgStyles [36mas[39m bgStyles } [36mfrom[39m [32m'./planetHubStyles'[39m[33m;[39m
06-14 18:10:20.016 18001 18103 E ReactNativeJS:  [90m 49 |[39m[0m] preventSymbolication: true }
06-14 18:10:20.241 18001 18103 E ReactNativeJS: ReferenceError: Property 'useArcCoreMessageStore' doesn't exist
06-14 18:10:20.241 18001 18103 E ReactNativeJS: 
06-14 18:10:20.241 18001 18103 E ReactNativeJS: This error is located at:
06-14 18:10:20.241 18001 18103 E ReactNativeJS:     in PlanetStageBackground (created by PlanetScreen)
06-14 18:10:20.241 18001 18103 E ReactNativeJS:     in RCTView (created by View)
06-14 18:10:20.241 18001 18103 E ReactNativeJS:     in View (created by StageShellInner)
06-14 18:10:20.241 18001 18103 E ReactNativeJS:     in RCTView (created by View)
06-14 18:10:20.241 18001 18103 E ReactNativeJS:     in View (created by StageShellInner)
06-14 18:10:20.241 18001 18103 E ReactNativeJS:     in RNCSafeAreaView
06-14 18:10:20.241 18001 18103 E ReactNativeJS:     in Unknown (created by StageShellInner)
06-14 18:10:20.241 18001 18103 E ReactNativeJS:     in StageShellInner (created by PlanetScreen)
06-14 18:10:20.241 18001 18103 E ReactNativeJS:     in PlanetCapitalCombatRoot (created by PlanetScreen)
06-14 18:10:20.241 18001 18103 E ReactNativeJS:     in PlanetScreen
06-14 18:10:20.241 18001 18103 E ReactNativeJS:     in Unknown (created by Route(planet))
06-14 18:10:20.241 18001 18103 E ReactNativeJS:     in Suspense (created by Route(planet))
06-14 18:10:20.241 18001 18103 E ReactNativeJS:     in Route (created by Route(planet))
06-14 18:10:20.241 18001 18103 E ReactNativeJS:     in Route(planet) (created by SceneView)
06-14 18:10:20.241 18001 18103 E ReactNativeJS:     in StaticContainer
06-14 18:10:20.241 18001 18103 E ReactNativeJS:     in EnsureSingleNavigator (created by SceneView)
06-14 18:10:20.241 18001 18103 E ReactNativeJS:     in SceneView (created by SceneView)
06-14 18:10:20.241 18001 18103 E ReactNativeJS:     in RCTView (created by View)
06-14 18:10:20.241 18001 18103 E ReactNativeJS:     in View (created by DebugContainer)
06-14 18:10:20.241 18001 18103 E ReactNativeJS:     in DebugContainer (created by MaybeNestedStack)
06-14 18:10:20.241 18001 18103 E ReactNativeJS:     in MaybeNestedStack (created by SceneView)
06-14 18:10:20.241 18001 18103 E ReactNativeJS:     in RCTView (created by View)
06-14 18:10:20.241 18001 18103 E ReactNativeJS:     in View (created by SceneView)
06-14 18:10:20.241 18001 18103 E ReactNativeJS:     in RNSScreen (created by Animated(Anonymous))
06-14 18:10:20.241 18001 18103 E ReactNativeJS:     in Animated(Anonymous) (created by InnerScreen)
06-14 18:10:20.241 18001 18103 E ReactNativeJS:     in Suspender (created by Freeze)
06-14 18:10:20.241 18001 18103 E ReactNativeJS:     in Suspense (created by Freeze)
06-14 18:10:20.241 18001 18103 E ReactNativeJS:     in Freeze (created by DelayedFreeze)
06-14 18:10:20.241 18001 18103 E ReactNativeJS:     in DelayedFreeze (created by InnerScreen)
06-14 18:10:20.241 18001 18103 E ReactNativeJS:     in InnerScreen (created by Screen)
06-14 18:10:20.241 18001 18103 E ReactNativeJS:     in Screen (created by SceneView)
06-14 18:10:20.241 18001 18103 E ReactNativeJS:     in SceneView (created by NativeStackViewInner)
06-14 18:10:20.241 18001 18103 E ReactNativeJS:     in Suspender (created by Freeze)
06-14 18:10:20.241 18001 18103 E ReactNativeJS:     in Suspense (created by Freeze)
06-14 18:10:20.241 18001 18103 E ReactNativeJS:     in Freeze (created by DelayedFreeze)
06-14 18:10:20.241 18001 18103 E ReactNativeJS:     in DelayedFreeze (created by ScreenStack)
06-14 18:10:20.241 18001 18103 E ReactNativeJS:     in RNSScreenStack (created by ScreenStack)
06-14 18:10:20.241 18001 18103 E ReactNativeJS:     in ScreenStack (created by NativeStackViewInner)
06-14 18:10:20.241 18001 18103 E ReactNativeJS:     in NativeStackViewInner (created by NativeStackView)
06-14 18:10:20.241 18001 18103 E ReactNativeJS:     in RCTView (created by View)
06-14 18:10:20.241 18001 18103 E ReactNativeJS:     in View (created by SafeAreaProviderCompat)
06-14 18:10:20.241 18001 18103 E ReactNativeJS:     in SafeAreaProviderCompat (created by NativeStackView)
06-14 18:10:20.241 18001 18103 E ReactNativeJS:     in NativeStackView (created by NativeStackNavigator)
06-14 18:10:20.241 18001 18103 E ReactNativeJS:     in PreventRemoveProvider (created by NavigationContent)
06-14 18:10:20.241 18001 18103 E ReactNativeJS:     in NavigationContent
06-14 18:10:20.241 18001 18103 E ReactNativeJS:     in Unknown (created by NativeStackNavigator)
06-14 18:10:20.241 18001 18103 E ReactNativeJS:     in NativeStackNavigator
06-14 18:10:20.241 18001 18103 E ReactNativeJS:     in Unknown (created by GameLayout)
06-14 18:10:20.241 18001 18103 E ReactNativeJS:     in GameLayout
06-14 18:10:20.241 18001 18103 E ReactNativeJS:     in Unknown (created by Route((game)))
06-14 18:10:20.241 18001 18103 E ReactNativeJS:     in Suspense (created by Route((game)))
06-14 18:10:20.241 18001 18103 E ReactNativeJS:     in Route (created by Route((game)))
06-14 18:10:20.241 18001 18103 E ReactNativeJS:     in Route((game)) (created by SceneView)
06-14 18:10:20.241 18001 18103 E ReactNativeJS:     in StaticContainer
06-14 18:10:20.241 18001 18103 E ReactNativeJS:     in EnsureSingleNavigator (created by SceneView)
06-14 18:10:20.241 18001 18103 E ReactNativeJS:     in SceneView (created by SceneView)
06-14 18:10:20.241 18001 18103 E ReactNativeJS:     in RCTView (created by View)
06-14 18:10:20.241 18001 18103 E ReactNativeJS:     in View (created by DebugContainer)
06-14 18:10:20.241 18001 18103 E ReactNativeJS:     in DebugContainer (created by MaybeNestedStack)
06-14 18:10:20.241 18001 18103 E ReactNativeJS:     in MaybeNestedStack (created by SceneView)
06-14 18:10:20.241 18001 18103 E ReactNativeJS:     in RCTView (created by View)
06-14 18:10:20.241 18001 18103 E ReactNativeJS:     in View (created by SceneView)
06-14 18:10:20.241 18001 18103 E ReactNativeJS:     in RNSScreen (created by Animated(Anonymous))
06-14 18:10:20.241 18001 18103 E ReactNativeJS:     in Animated(Anonymous) (created by InnerScreen)
06-14 18:10:20.241 18001 18103 E ReactNativeJS:     in Suspender (created by Freeze)
06-14 18:10:20.241 18001 18103 E ReactNativeJS:     in Suspense (created by Freeze)
06-14 18:10:20.241 18001 18103 E ReactNativeJS:     in Freeze (created by DelayedFreeze)
06-14 18:10:20.241 18001 18103 E ReactNativeJS:     in DelayedFreeze (created by InnerScreen)
06-14 18:10:20.241 18001 18103 E ReactNativeJS:     in InnerScreen (created by Screen)
06-14 18:10:20.241 18001 18103 E ReactNativeJS:     in Screen (created by SceneView)
06-14 18:10:20.241 18001 18103 E ReactNativeJS:     in SceneView (created by NativeStackViewInner)
06-14 18:10:20.241 18001 18103 E ReactNativeJS:     in Suspender (created by Freeze)
06-14 18:10:20.241 18001 18103 E ReactNativeJS:     in Suspense (created by Freeze)
06-14 18:10:20.241 18001 18103 E ReactNativeJS:     in Freeze (created by DelayedFreeze)
06-14 18:10:20.241 18001 18103 E ReactNativeJS:     in DelayedFreeze (created by ScreenStack)
06-14 18:10:20.241 18001 18103 E ReactNativeJS:     in RNSScreenStack (created by ScreenStack)
06-14 18:10:20.241 18001 18103 E ReactNativeJS:     in ScreenStack (created by NativeStackViewInner)
06-14 18:10:20.241 18001 18103 E ReactNativeJS:     in NativeStackViewInner (created by NativeStackView)
06-14 18:10:20.241 18001 18103 E ReactNativeJS:     in RCTView (created by View)
06-14 18:10:20.241 18001 18103 E ReactNativeJS:     in View (created by SafeAreaProviderCompat)
06-14 18:10:20.241 18001 18103 E ReactNativeJS:     in SafeAreaProviderCompat (created by NativeStackView)
06-14 18:10:20.241 18001 18103 E ReactNativeJS:     in NativeStackView (created by NativeStackNavigator)
06-14 18:10:20.241 18001 18103 E ReactNativeJS:     in PreventRemoveProvider (created by NavigationContent)
06-14 18:10:20.241 18001 18103 E ReactNativeJS:     in NavigationContent
06-14 18:10:20.241 18001 18103 E ReactNativeJS:     in Unknown (created by NativeStackNavigator)
06-14 18:10:20.241 18001 18103 E ReactNativeJS:     in NativeStackNavigator
06-14 18:10:20.241 18001 18103 E ReactNativeJS:     in Unknown (created by RootLayout)
06-14 18:10:20.241 18001 18103 E ReactNativeJS:     in RNGestureHandlerRootView (created by GestureHandlerRootView)
06-14 18:10:20.241 18001 18103 E ReactNativeJS:     in GestureHandlerRootView (created by RootLayout)
06-14 18:10:20.241 18001 18103 E ReactNativeJS:     in RootLayout
06-14 18:10:20.241 18001 18103 E ReactNativeJS:     in Unknown (created by Route())
06-14 18:10:20.241 18001 18103 E ReactNativeJS:     in Suspense (created by Route())
06-14 18:10:20.241 18001 18103 E ReactNativeJS:     in Route (created by Route())
06-14 18:10:20.241 18001 18103 E ReactNativeJS:     in Route() (created by ContextNavigator)
06-14 18:10:20.241 18001 18103 E ReactNativeJS:     in RNCSafeAreaProvider (created by Saf
06-14 18:10:20.396 18001 18103 E ReactNativeJS: ReferenceError: Property 'useArcCoreMessageStore' doesn't exist
06-14 18:10:20.396 18001 18103 E ReactNativeJS: 
06-14 18:10:20.396 18001 18103 E ReactNativeJS: This error is located at:
06-14 18:10:20.396 18001 18103 E ReactNativeJS:     in PlanetStageBackground (created by PlanetScreen)
06-14 18:10:20.396 18001 18103 E ReactNativeJS:     in RCTView (created by View)
06-14 18:10:20.396 18001 18103 E ReactNativeJS:     in View (created by StageShellInner)
06-14 18:10:20.396 18001 18103 E ReactNativeJS:     in RCTView (created by View)
06-14 18:10:20.396 18001 18103 E ReactNativeJS:     in View (created by StageShellInner)
06-14 18:10:20.396 18001 18103 E ReactNativeJS:     in RNCSafeAreaView
06-14 18:10:20.396 18001 18103 E ReactNativeJS:     in Unknown (created by StageShellInner)
06-14 18:10:20.396 18001 18103 E ReactNativeJS:     in StageShellInner (created by PlanetScreen)
06-14 18:10:20.396 18001 18103 E ReactNativeJS:     in PlanetCapitalCombatRoot (created by PlanetScreen)
06-14 18:10:20.396 18001 18103 E ReactNativeJS:     in PlanetScreen
06-14 18:10:20.396 18001 18103 E ReactNativeJS:     in Unknown (created by Route(planet))
06-14 18:10:20.396 18001 18103 E ReactNativeJS:     in Suspense (created by Route(planet))
06-14 18:10:20.396 18001 18103 E ReactNativeJS:     in Route (created by Route(planet))
06-14 18:10:20.396 18001 18103 E ReactNativeJS:     in Route(planet) (created by SceneView)
06-14 18:10:20.396 18001 18103 E ReactNativeJS:     in StaticContainer
06-14 18:10:20.396 18001 18103 E ReactNativeJS:     in EnsureSingleNavigator (created by SceneView)
06-14 18:10:20.396 18001 18103 E ReactNativeJS:     in SceneView (created by SceneView)
06-14 18:10:20.396 18001 18103 E ReactNativeJS:     in RCTView (created by View)
06-14 18:10:20.396 18001 18103 E ReactNativeJS:     in View (created by DebugContainer)
06-14 18:10:20.396 18001 18103 E ReactNativeJS:     in DebugContainer (created by MaybeNestedStack)
06-14 18:10:20.396 18001 18103 E ReactNativeJS:     in MaybeNestedStack (created by SceneView)
06-14 18:10:20.396 18001 18103 E ReactNativeJS:     in RCTView (created by View)
06-14 18:10:20.396 18001 18103 E ReactNativeJS:     in View (created by SceneView)
06-14 18:10:20.396 18001 18103 E ReactNativeJS:     in RNSScreen (created by Animated(Anonymous))
06-14 18:10:20.396 18001 18103 E ReactNativeJS:     in Animated(Anonymous) (created by InnerScreen)
06-14 18:10:20.396 18001 18103 E ReactNativeJS:     in Suspender (created by Freeze)
06-14 18:10:20.396 18001 18103 E ReactNativeJS:     in Suspense (created by Freeze)
06-14 18:10:20.396 18001 18103 E ReactNativeJS:     in Freeze (created by DelayedFreeze)
06-14 18:10:20.396 18001 18103 E ReactNativeJS:     in DelayedFreeze (created by InnerScreen)
06-14 18:10:20.396 18001 18103 E ReactNativeJS:     in InnerScreen (created by Screen)
06-14 18:10:20.396 18001 18103 E ReactNativeJS:     in Screen (created by SceneView)
06-14 18:10:20.396 18001 18103 E ReactNativeJS:     in SceneView (created by NativeStackViewInner)
06-14 18:10:20.396 18001 18103 E ReactNativeJS:     in Suspender (created by Freeze)
06-14 18:10:20.396 18001 18103 E ReactNativeJS:     in Suspense (created by Freeze)
06-14 18:10:20.396 18001 18103 E ReactNativeJS:     in Freeze (created by DelayedFreeze)
06-14 18:10:20.396 18001 18103 E ReactNativeJS:     in DelayedFreeze (created by ScreenStack)
06-14 18:10:20.396 18001 18103 E ReactNativeJS:     in RNSScreenStack (created by ScreenStack)
06-14 18:10:20.396 18001 18103 E ReactNativeJS:     in ScreenStack (created by NativeStackViewInner)
06-14 18:10:20.396 18001 18103 E ReactNativeJS:     in NativeStackViewInner (created by NativeStackView)
06-14 18:10:20.396 18001 18103 E ReactNativeJS:     in RCTView (created by View)
06-14 18:10:20.396 18001 18103 E ReactNativeJS:     in View (created by SafeAreaProviderCompat)
06-14 18:10:20.396 18001 18103 E ReactNativeJS:     in SafeAreaProviderCompat (created by NativeStackView)
06-14 18:10:20.396 18001 18103 E ReactNativeJS:     in NativeStackView (created by NativeStackNavigator)
06-14 18:10:20.396 18001 18103 E ReactNativeJS:     in PreventRemoveProvider (created by NavigationContent)
06-14 18:10:20.396 18001 18103 E ReactNativeJS:     in NavigationContent
06-14 18:10:20.396 18001 18103 E ReactNativeJS:     in Unknown (created by NativeStackNavigator)
06-14 18:10:20.396 18001 18103 E ReactNativeJS:     in NativeStackNavigator
06-14 18:10:20.396 18001 18103 E ReactNativeJS:     in Unknown (created by GameLayout)
06-14 18:10:20.396 18001 18103 E ReactNativeJS:     in GameLayout
06-14 18:10:20.396 18001 18103 E ReactNativeJS:     in Unknown (created by Route((game)))
06-14 18:10:20.396 18001 18103 E ReactNativeJS:     in Suspense (created by Route((game)))
06-14 18:10:20.396 18001 18103 E ReactNativeJS:     in Route (created by Route((game)))
06-14 18:10:20.396 18001 18103 E ReactNativeJS:     in Route((game)) (created by SceneView)
06-14 18:10:20.396 18001 18103 E ReactNativeJS:     in StaticContainer
06-14 18:10:20.396 18001 18103 E ReactNativeJS:     in EnsureSingleNavigator (created by SceneView)
06-14 18:10:20.396 18001 18103 E ReactNativeJS:     in SceneView (created by SceneView)
06-14 18:10:20.396 18001 18103 E ReactNativeJS:     in RCTView (created by View)
06-14 18:10:20.396 18001 18103 E ReactNativeJS:     in View (created by DebugContainer)
06-14 18:10:20.396 18001 18103 E ReactNativeJS:     in DebugContainer (created by MaybeNestedStack)
06-14 18:10:20.396 18001 18103 E ReactNativeJS:     in MaybeNestedStack (created by SceneView)
06-14 18:10:20.396 18001 18103 E ReactNativeJS:     in RCTView (created by View)
06-14 18:10:20.396 18001 18103 E ReactNativeJS:     in View (created by SceneView)
06-14 18:10:20.396 18001 18103 E ReactNativeJS:     in RNSScreen (created by Animated(Anonymous))
06-14 18:10:20.396 18001 18103 E ReactNativeJS:     in Animated(Anonymous) (created by InnerScreen)
06-14 18:10:20.396 18001 18103 E ReactNativeJS:     in Suspender (created by Freeze)
06-14 18:10:20.396 18001 18103 E ReactNativeJS:     in Suspense (created by Freeze)
06-14 18:10:20.396 18001 18103 E ReactNativeJS:     in Freeze (created by DelayedFreeze)
06-14 18:10:20.396 18001 18103 E ReactNativeJS:     in DelayedFreeze (created by InnerScreen)
06-14 18:10:20.396 18001 18103 E ReactNativeJS:     in InnerScreen (created by Screen)
06-14 18:10:20.396 18001 18103 E ReactNativeJS:     in Screen (created by SceneView)
06-14 18:10:20.396 18001 18103 E ReactNativeJS:     in SceneView (created by NativeStackViewInner)
06-14 18:10:20.396 18001 18103 E ReactNativeJS:     in Suspender (created by Freeze)
06-14 18:10:20.396 18001 18103 E ReactNativeJS:     in Suspense (created by Freeze)
06-14 18:10:20.396 18001 18103 E ReactNativeJS:     in Freeze (created by DelayedFreeze)
06-14 18:10:20.396 18001 18103 E ReactNativeJS:     in DelayedFreeze (created by ScreenStack)
06-14 18:10:20.396 18001 18103 E ReactNativeJS:     in RNSScreenStack (created by ScreenStack)
06-14 18:10:20.396 18001 18103 E ReactNativeJS:     in ScreenStack (created by NativeStackViewInner)
06-14 18:10:20.396 18001 18103 E ReactNativeJS:     in NativeStackViewInner (created by NativeStackView)
06-14 18:10:20.396 18001 18103 E ReactNativeJS:     in RCTView (created by View)
06-14 18:10:20.396 18001 18103 E ReactNativeJS:     in View (created by SafeAreaProviderCompat)
06-14 18:10:20.396 18001 18103 E ReactNativeJS:     in SafeAreaProviderCompat (created by NativeStackView)
06-14 18:10:20.396 18001 18103 E ReactNativeJS:     in NativeStackView (created by NativeStackNavigator)
06-14 18:10:20.396 18001 18103 E ReactNativeJS:     in PreventRemoveProvider (created by NavigationContent)
06-14 18:10:20.396 18001 18103 E ReactNativeJS:     in NavigationContent
06-14 18:10:20.396 18001 18103 E ReactNativeJS:     in Unknown (created by NativeStackNavigator)
06-14 18:10:20.396 18001 18103 E ReactNativeJS:     in NativeStackNavigator
06-14 18:10:20.396 18001 18103 E ReactNativeJS:     in Unknown (created by RootLayout)
06-14 18:10:20.396 18001 18103 E ReactNativeJS:     in RNGestureHandlerRootView (created by GestureHandlerRootView)
06-14 18:10:20.396 18001 18103 E ReactNativeJS:     in GestureHandlerRootView (created by RootLayout)
06-14 18:10:20.396 18001 18103 E ReactNativeJS:     in RootLayout
06-14 18:10:20.396 18001 18103 E ReactNativeJS:     in Unknown (created by Route())
06-14 18:10:20.396 18001 18103 E ReactNativeJS:     in Suspense (created by Route())
06-14 18:10:20.396 18001 18103 E ReactNativeJS:     in Route (created by Route())
06-14 18:10:20.396 18001 18103 E ReactNativeJS:     in Route() (created by ContextNavigator)
06-14 18:10:20.396 18001 18103 E ReactNativeJS:     in RNCSafeAreaProvider (created by Saf
06-14 18:22:02.906 21212 21212 E libc    : SetHeapTaggingLevel: re-enabling tagging after it was disabled is not supported
06-14 18:22:04.881 21285 21285 E libc    : SetHeapTaggingLevel: re-enabling tagging after it was disabled is not supported
06-14 20:05:37.779 22362 22448 E ReactNativeJS: { [Error: undefined Unable to resolve module ansi-styles from D:\arcfire20260607\node_modules\react-native\node_modules\pretty-format\build\index.js: ansi-styles could not be found within the project or in these directories:
06-14 20:05:37.779 22362 22448 E ReactNativeJS:   node_modules\react-native\node_modules
06-14 20:05:37.779 22362 22448 E ReactNativeJS:   node_modules
06-14 20:05:37.779 22362 22448 E ReactNativeJS: [0m [90m 1 |[39m [32m'use strict'[39m[33m;[39m
06-14 20:05:37.779 22362 22448 E ReactNativeJS:  [90m 2 |[39m
06-14 20:05:37.779 22362 22448 E ReactNativeJS: [31m[1m>[22m[39m[90m 3 |[39m [36mvar[39m _ansiStyles [33m=[39m _interopRequireDefault(require([32m'ansi-styles'[39m))[33m;[39m
06-14 20:05:37.779 22362 22448 E ReactNativeJS:  [90m   |[39m                                                   [31m[1m^[22m[39m
06-14 20:05:37.779 22362 22448 E ReactNativeJS:  [90m 4 |[39m
06-14 20:05:37.779 22362 22448 E ReactNativeJS:  [90m 5 |[39m [36mvar[39m _collections [33m=[39m require([32m'./collections'[39m)[33m;[39m
06-14 20:05:37.779 22362 22448 E ReactNativeJS:  [90m 6 |[39m[0m] preventSymbolication: true }
06-14 20:05:37.871 22362 22448 E ReactNativeJS: { [Error: undefined Unable to resolve module ansi-styles from D:\arcfire20260607\node_modules\react-native\node_modules\pretty-format\build\index.js: ansi-styles could not be found within the project or in these directories:
06-14 20:05:37.871 22362 22448 E ReactNativeJS:   node_modules\react-native\node_modules
06-14 20:05:37.871 22362 22448 E ReactNativeJS:   node_modules
06-14 20:05:37.871 22362 22448 E ReactNativeJS: [0m [90m 1 |[39m [32m'use strict'[39m[33m;[39m
06-14 20:05:37.871 22362 22448 E ReactNativeJS:  [90m 2 |[39m
06-14 20:05:37.871 22362 22448 E ReactNativeJS: [31m[1m>[22m[39m[90m 3 |[39m [36mvar[39m _ansiStyles [33m=[39m _interopRequireDefault(require([32m'ansi-styles'[39m))[33m;[39m
06-14 20:05:37.871 22362 22448 E ReactNativeJS:  [90m   |[39m                                                   [31m[1m^[22m[39m
06-14 20:05:37.871 22362 22448 E ReactNativeJS:  [90m 4 |[39m
06-14 20:05:37.871 22362 22448 E ReactNativeJS:  [90m 5 |[39m [36mvar[39m _collections [33m=[39m require([32m'./collections'[39m)[33m;[39m
06-14 20:05:37.871 22362 22448 E ReactNativeJS:  [90m 6 |[39m[0m] preventSymbolication: true }
06-14 20:05:37.874 22362 22448 E ReactNativeJS: { [Error: undefined Unable to resolve module ansi-styles from D:\arcfire20260607\node_modules\react-native\node_modules\pretty-format\build\index.js: ansi-styles could not be found within the project or in these directories:
06-14 20:05:37.874 22362 22448 E ReactNativeJS:   node_modules\react-native\node_modules
06-14 20:05:37.874 22362 22448 E ReactNativeJS:   node_modules
06-14 20:05:37.874 22362 22448 E ReactNativeJS: [0m [90m 1 |[39m [32m'use strict'[39m[33m;[39m
06-14 20:05:37.874 22362 22448 E ReactNativeJS:  [90m 2 |[39m
06-14 20:05:37.874 22362 22448 E ReactNativeJS: [31m[1m>[22m[39m[90m 3 |[39m [36mvar[39m _ansiStyles [33m=[39m _interopRequireDefault(require([32m'ansi-styles'[39m))[33m;[39m
06-14 20:05:37.874 22362 22448 E ReactNativeJS:  [90m   |[39m                                                   [31m[1m^[22m[39m
06-14 20:05:37.874 22362 22448 E ReactNativeJS:  [90m 4 |[39m
06-14 20:05:37.874 22362 22448 E ReactNativeJS:  [90m 5 |[39m [36mvar[39m _collections [33m=[39m require([32m'./collections'[39m)[33m;[39m
06-14 20:05:37.874 22362 22448 E ReactNativeJS:  [90m 6 |[39m[0m] preventSymbolication: true }
06-14 20:05:37.876 22362 22448 E ReactNativeJS: { [Error: undefined Unable to resolve module ansi-styles from D:\arcfire20260607\node_modules\react-native\node_modules\pretty-format\build\index.js: ansi-styles could not be found within the project or in these directories:
06-14 20:05:37.876 22362 22448 E ReactNativeJS:   node_modules\react-native\node_modules
06-14 20:05:37.876 22362 22448 E ReactNativeJS:   node_modules
06-14 20:05:37.876 22362 22448 E ReactNativeJS: [0m [90m 1 |[39m [32m'use strict'[39m[33m;[39m
06-14 20:05:37.876 22362 22448 E ReactNativeJS:  [90m 2 |[39m
06-14 20:05:37.876 22362 22448 E ReactNativeJS: [31m[1m>[22m[39m[90m 3 |[39m [36mvar[39m _ansiStyles [33m=[39m _interopRequireDefault(require([32m'ansi-styles'[39m))[33m;[39m
06-14 20:05:37.876 22362 22448 E ReactNativeJS:  [90m   |[39m                                                   [31m[1m^[22m[39m
06-14 20:05:37.876 22362 22448 E ReactNativeJS:  [90m 4 |[39m
06-14 20:05:37.876 22362 22448 E ReactNativeJS:  [90m 5 |[39m [36mvar[39m _collections [33m=[39m require([32m'./collections'[39m)[33m;[39m
06-14 20:05:37.876 22362 22448 E ReactNativeJS:  [90m 6 |[39m[0m] preventSymbolication: true }
06-14 20:05:37.879 22362 22448 E ReactNativeJS: { [Error: undefined Unable to resolve module ansi-styles from D:\arcfire20260607\node_modules\react-native\node_modules\pretty-format\build\index.js: ansi-styles could not be found within the project or in these directories:
06-14 20:05:37.879 22362 22448 E ReactNativeJS:   node_modules\react-native\node_modules
06-14 20:05:37.879 22362 22448 E ReactNativeJS:   node_modules
06-14 20:05:37.879 22362 22448 E ReactNativeJS: [0m [90m 1 |[39m [32m'use strict'[39m[33m;[39m
06-14 20:05:37.879 22362 22448 E ReactNativeJS:  [90m 2 |[39m
06-14 20:05:37.879 22362 22448 E ReactNativeJS: [31m[1m>[22m[39m[90m 3 |[39m [36mvar[39m _ansiStyles [33m=[39m _interopRequireDefault(require([32m'ansi-styles'[39m))[33m;[39m
06-14 20:05:37.879 22362 22448 E ReactNativeJS:  [90m   |[39m                                                   [31m[1m^[22m[39m
06-14 20:05:37.879 22362 22448 E ReactNativeJS:  [90m 4 |[39m
06-14 20:05:37.879 22362 22448 E ReactNativeJS:  [90m 5 |[39m [36mvar[39m _collections [33m=[39m require([32m'./collections'[39m)[33m;[39m
06-14 20:05:37.879 22362 22448 E ReactNativeJS:  [90m 6 |[39m[0m] preventSymbolication: true }
06-14 20:05:37.881 22362 22448 E ReactNativeJS: { [Error: undefined Unable to resolve module ansi-styles from D:\arcfire20260607\node_modules\react-native\node_modules\pretty-format\build\index.js: ansi-styles could not be found within the project or in these directories:
06-14 20:05:37.881 22362 22448 E ReactNativeJS:   node_modules\react-native\node_modules
06-14 20:05:37.881 22362 22448 E ReactNativeJS:   node_modules
06-14 20:05:37.881 22362 22448 E ReactNativeJS: [0m [90m 1 |[39m [32m'use strict'[39m[33m;[39m
06-14 20:05:37.881 22362 22448 E ReactNativeJS:  [90m 2 |[39m
06-14 20:05:37.881 22362 22448 E ReactNativeJS: [31m[1m>[22m[39m[90m 3 |[39m [36mvar[39m _ansiStyles [33m=[39m _interopRequireDefault(require([32m'ansi-styles'[39m))[33m;[39m
06-14 20:05:37.881 22362 22448 E ReactNativeJS:  [90m   |[39m                                                   [31m[1m^[22m[39m
06-14 20:05:37.881 22362 22448 E ReactNativeJS:  [90m 4 |[39m
06-14 20:05:37.881 22362 22448 E ReactNativeJS:  [90m 5 |[39m [36mvar[39m _collections [33m=[39m require([32m'./collections'[39m)[33m;[39m
06-14 20:05:37.881 22362 22448 E ReactNativeJS:  [90m 6 |[39m[0m] preventSymbolication: true }
06-14 20:05:37.883 22362 22448 E ReactNativeJS: { [Error: undefined Unable to resolve module ansi-styles from D:\arcfire20260607\node_modules\react-native\node_modules\pretty-format\build\index.js: ansi-styles could not be found within the project or in these directories:
06-14 20:05:37.883 22362 22448 E ReactNativeJS:   node_modules\react-native\node_modules
06-14 20:05:37.883 22362 22448 E ReactNativeJS:   node_modules
06-14 20:05:37.883 22362 22448 E ReactNativeJS: [0m [90m 1 |[39m [32m'use strict'[39m[33m;[39m
06-14 20:05:37.883 22362 22448 E ReactNativeJS:  [90m 2 |[39m
06-14 20:05:37.883 22362 22448 E ReactNativeJS: [31m[1m>[22m[39m[90m 3 |[39m [36mvar[39m _ansiStyles [33m=[39m _interopRequireDefault(require([32m'ansi-styles'[39m))[33m;[39m
06-14 20:05:37.883 22362 22448 E ReactNativeJS:  [90m   |[39m                                                   [31m[1m^[22m[39m
06-14 20:05:37.883 22362 22448 E ReactNativeJS:  [90m 4 |[39m
06-14 20:05:37.883 22362 22448 E ReactNativeJS:  [90m 5 |[39m [36mvar[39m _collections [33m=[39m require([32m'./collections'[39m)[33m;[39m
06-14 20:05:37.883 22362 22448 E ReactNativeJS:  [90m 6 |[39m[0m] preventSymbolication: true }
06-14 20:05:37.886 22362 22448 E ReactNativeJS: { [Error: undefined Unable to resolve module ansi-styles from D:\arcfire20260607\node_modules\react-native\node_modules\pretty-format\build\index.js: ansi-styles could not be found within the project or in these directories:
06-14 20:05:37.886 22362 22448 E ReactNativeJS:   node_modules\react-native\node_modules
06-14 20:05:37.886 22362 22448 E ReactNativeJS:   node_modules
06-14 20:05:37.886 22362 22448 E ReactNativeJS: [0m [90m 1 |[39m [32m'use strict'[39m[33m;[39m
06-14 20:05:37.886 22362 22448 E ReactNativeJS:  [90m 2 |[39m
06-14 20:05:37.886 22362 22448 E ReactNativeJS: [31m[1m>[22m[39m[90m 3 |[39m [36mvar[39m _ansiStyles [33m=[39m _interopRequireDefault(require([32m'ansi-styles'[39m))[33m;[39m
06-14 20:05:37.886 22362 22448 E ReactNativeJS:  [90m   |[39m                                                   [31m[1m^[22m[39m
06-14 20:05:37.886 22362 22448 E ReactNativeJS:  [90m 4 |[39m
06-14 20:05:37.886 22362 22448 E ReactNativeJS:  [90m 5 |[39m [36mvar[39m _collections [33m=[39m require([32m'./collections'[39m)[33m;[39m
06-14 20:05:37.886 22362 22448 E ReactNativeJS:  [90m 6 |[39m[0m] preventSymbolication: true }
06-14 20:05:37.888 22362 22448 E ReactNativeJS: { [Error: undefined Unable to resolve module ansi-styles from D:\arcfire20260607\node_modules\react-native\node_modules\pretty-format\build\index.js: ansi-styles could not be found within the project or in these directories:
06-14 20:05:37.888 22362 22448 E ReactNativeJS:   node_modules\react-native\node_modules
06-14 20:05:37.888 22362 22448 E ReactNativeJS:   node_modules
06-14 20:05:37.888 22362 22448 E ReactNativeJS: [0m [90m 1 |[39m [32m'use strict'[39m[33m;[39m
06-14 20:05:37.888 22362 22448 E ReactNativeJS:  [90m 2 |[39m
06-14 20:05:37.888 22362 22448 E ReactNativeJS: [31m[1m>[22m[39m[90m 3 |[39m [36mvar[39m _ansiStyles [33m=[39m _interopRequireDefault(require([32m'ansi-styles'[39m))[33m;[39m
06-14 20:05:37.888 22362 22448 E ReactNativeJS:  [90m   |[39m                                                   [31m[1m^[22m[39m
06-14 20:05:37.888 22362 22448 E ReactNativeJS:  [90m 4 |[39m
06-14 20:05:37.888 22362 22448 E ReactNativeJS:  [90m 5 |[39m [36mvar[39m _collections [33m=[39m require([32m'./collections'[39m)[33m;[39m
06-14 20:05:37.888 22362 22448 E ReactNativeJS:  [90m 6 |[39m[0m] preventSymbolication: true }
06-14 20:05:37.975 22362 22448 E ReactNativeJS: { [Error: undefined Unable to resolve module ansi-styles from D:\arcfire20260607\node_modules\react-native\node_modules\pretty-format\build\index.js: ansi-styles could not be found within the project or in these directories:
06-14 20:05:37.975 22362 22448 E ReactNativeJS:   node_modules\react-native\node_modules
06-14 20:05:37.975 22362 22448 E ReactNativeJS:   node_modules
06-14 20:05:37.975 22362 22448 E ReactNativeJS: [0m [90m 1 |[39m [32m'use strict'[39m[33m;[39m
06-14 20:05:37.975 22362 22448 E ReactNativeJS:  [90m 2 |[39m
06-14 20:05:37.975 22362 22448 E ReactNativeJS: [31m[1m>[22m[39m[90m 3 |[39m [36mvar[39m _ansiStyles [33m=[39m _interopRequireDefault(require([32m'ansi-styles'[39m))[33m;[39m
06-14 20:05:37.975 22362 22448 E ReactNativeJS:  [90m   |[39m                                                   [31m[1m^[22m[39m
06-14 20:05:37.975 22362 22448 E ReactNativeJS:  [90m 4 |[39m
06-14 20:05:37.975 22362 22448 E ReactNativeJS:  [90m 5 |[39m [36mvar[39m _collections [33m=[39m require([32m'./collections'[39m)[33m;[39m
06-14 20:05:37.975 22362 22448 E ReactNativeJS:  [90m 6 |[39m[0m] preventSymbolication: true }
06-14 20:05:38.388 22362 22448 E ReactNativeJS: { [Error: undefined Unable to resolve module ansi-styles from D:\arcfire20260607\node_modules\react-native\node_modules\pretty-format\build\index.js: ansi-styles could not be found within the project or in these directories:
06-14 20:05:38.388 22362 22448 E ReactNativeJS:   node_modules\react-native\node_modules
06-14 20:05:38.388 22362 22448 E ReactNativeJS:   node_modules
06-14 20:05:38.388 22362 22448 E ReactNativeJS: [0m [90m 1 |[39m [32m'use strict'[39m[33m;[39m
06-14 20:05:38.388 22362 22448 E ReactNativeJS:  [90m 2 |[39m
06-14 20:05:38.388 22362 22448 E ReactNativeJS: [31m[1m>[22m[39m[90m 3 |[39m [36mvar[39m _ansiStyles [33m=[39m _interopRequireDefault(require([32m'ansi-styles'[39m))[33m;[39m
06-14 20:05:38.388 22362 22448 E ReactNativeJS:  [90m   |[39m                                                   [31m[1m^[22m[39m
06-14 20:05:38.388 22362 22448 E ReactNativeJS:  [90m 4 |[39m
06-14 20:05:38.388 22362 22448 E ReactNativeJS:  [90m 5 |[39m [36mvar[39m _collections [33m=[39m require([32m'./collections'[39m)[33m;[39m
06-14 20:05:38.388 22362 22448 E ReactNativeJS:  [90m 6 |[39m[0m] preventSymbolication: true }
06-14 20:05:38.463 22362 22448 E ReactNativeJS: { [Error: undefined Unable to resolve module ansi-styles from D:\arcfire20260607\node_modules\react-native\node_modules\pretty-format\build\index.js: ansi-styles could not be found within the project or in these directories:
06-14 20:05:38.463 22362 22448 E ReactNativeJS:   node_modules\react-native\node_modules
06-14 20:05:38.463 22362 22448 E ReactNativeJS:   node_modules
06-14 20:05:38.463 22362 22448 E ReactNativeJS: [0m [90m 1 |[39m [32m'use strict'[39m[33m;[39m
06-14 20:05:38.463 22362 22448 E ReactNativeJS:  [90m 2 |[39m
06-14 20:05:38.463 22362 22448 E ReactNativeJS: [31m[1m>[22m[39m[90m 3 |[39m [36mvar[39m _ansiStyles [33m=[39m _interopRequireDefault(require([32m'ansi-styles'[39m))[33m;[39m
06-14 20:05:38.463 22362 22448 E ReactNativeJS:  [90m   |[39m                                                   [31m[1m^[22m[39m
06-14 20:05:38.463 22362 22448 E ReactNativeJS:  [90m 4 |[39m
06-14 20:05:38.463 22362 22448 E ReactNativeJS:  [90m 5 |[39m [36mvar[39m _collections [33m=[39m require([32m'./collections'[39m)[33m;[39m
06-14 20:05:38.463 22362 22448 E ReactNativeJS:  [90m 6 |[39m[0m] preventSymbolication: true }
06-14 20:05:38.627 22362 22448 E ReactNativeJS: { [Error: undefined Unable to resolve module ansi-styles from D:\arcfire20260607\node_modules\react-native\node_modules\pretty-format\build\index.js: ansi-styles could not be found within the project or in these directories:
06-14 20:05:38.627 22362 22448 E ReactNativeJS:   node_modules\react-native\node_modules
06-14 20:05:38.627 22362 22448 E ReactNativeJS:   node_modules
06-14 20:05:38.627 22362 22448 E ReactNativeJS: [0m [90m 1 |[39m [32m'use strict'[39m[33m;[39m
06-14 20:05:38.627 22362 22448 E ReactNativeJS:  [90m 2 |[39m
06-14 20:05:38.627 22362 22448 E ReactNativeJS: [31m[1m>[22m[39m[90m 3 |[39m [36mvar[39m _ansiStyles [33m=[39m _interopRequireDefault(require([32m'ansi-styles'[39m))[33m;[39m
06-14 20:05:38.627 22362 22448 E ReactNativeJS:  [90m   |[39m                                                   [31m[1m^[22m[39m
06-14 20:05:38.627 22362 22448 E ReactNativeJS:  [90m 4 |[39m
06-14 20:05:38.627 22362 22448 E ReactNativeJS:  [90m 5 |[39m [36mvar[39m _collections [33m=[39m require([32m'./collections'[39m)[33m;[39m
06-14 20:05:38.627 22362 22448 E ReactNativeJS:  [90m 6 |[39m[0m] preventSymbolication: true }
06-14 20:05:38.706 22362 22448 E ReactNativeJS: { [Error: undefined Unable to resolve module ansi-styles from D:\arcfire20260607\node_modules\react-native\node_modules\pretty-format\build\index.js: ansi-styles could not be found within the project or in these directories:
06-14 20:05:38.706 22362 22448 E ReactNativeJS:   node_modules\react-native\node_modules
06-14 20:05:38.706 22362 22448 E ReactNativeJS:   node_modules
06-14 20:05:38.706 22362 22448 E ReactNativeJS: [0m [90m 1 |[39m [32m'use strict'[39m[33m;[39m
06-14 20:05:38.706 22362 22448 E ReactNativeJS:  [90m 2 |[39m
06-14 20:05:38.706 22362 22448 E ReactNativeJS: [31m[1m>[22m[39m[90m 3 |[39m [36mvar[39m _ansiStyles [33m=[39m _interopRequireDefault(require([32m'ansi-styles'[39m))[33m;[39m
06-14 20:05:38.706 22362 22448 E ReactNativeJS:  [90m   |[39m                                                   [31m[1m^[22m[39m
06-14 20:05:38.706 22362 22448 E ReactNativeJS:  [90m 4 |[39m
06-14 20:05:38.706 22362 22448 E ReactNativeJS:  [90m 5 |[39m [36mvar[39m _collections [33m=[39m require([32m'./collections'[39m)[33m;[39m
06-14 20:05:38.706 22362 22448 E ReactNativeJS:  [90m 6 |[39m[0m] preventSymbolication: true }
06-14 20:05:39.008 22362 22448 E ReactNativeJS: { [Error: undefined Unable to resolve module ansi-styles from D:\arcfire20260607\node_modules\react-native\node_modules\pretty-format\build\index.js: ansi-styles could not be found within the project or in these directories:
06-14 20:05:39.008 22362 22448 E ReactNativeJS:   node_modules\react-native\node_modules
06-14 20:05:39.008 22362 22448 E ReactNativeJS:   node_modules
06-14 20:05:39.008 22362 22448 E ReactNativeJS: [0m [90m 1 |[39m [32m'use strict'[39m[33m;[39m
06-14 20:05:39.008 22362 22448 E ReactNativeJS:  [90m 2 |[39m
06-14 20:05:39.008 22362 22448 E ReactNativeJS: [31m[1m>[22m[39m[90m 3 |[39m [36mvar[39m _ansiStyles [33m=[39m _interopRequireDefault(require([32m'ansi-styles'[39m))[33m;[39m
06-14 20:05:39.008 22362 22448 E ReactNativeJS:  [90m   |[39m                                                   [31m[1m^[22m[39m
06-14 20:05:39.008 22362 22448 E ReactNativeJS:  [90m 4 |[39m
06-14 20:05:39.008 22362 22448 E ReactNativeJS:  [90m 5 |[39m [36mvar[39m _collections [33m=[39m require([32m'./collections'[39m)[33m;[39m
06-14 20:05:39.008 22362 22448 E ReactNativeJS:  [90m 6 |[39m[0m] preventSymbolication: true }
06-14 20:05:39.118 22362 22448 E ReactNativeJS: { [Error: undefined Unable to resolve module ansi-styles from D:\arcfire20260607\node_modules\react-native\node_modules\pretty-format\build\index.js: ansi-styles could not be found within the project or in these directories:
06-14 20:05:39.118 22362 22448 E ReactNativeJS:   node_modules\react-native\node_modules
06-14 20:05:39.118 22362 22448 E ReactNativeJS:   node_modules
06-14 20:05:39.118 22362 22448 E ReactNativeJS: [0m [90m 1 |[39m [32m'use strict'[39m[33m;[39m
06-14 20:05:39.118 22362 22448 E ReactNativeJS:  [90m 2 |[39m
06-14 20:05:39.118 22362 22448 E ReactNativeJS: [31m[1m>[22m[39m[90m 3 |[39m [36mvar[39m _ansiStyles [33m=[39m _interopRequireDefault(require([32m'ansi-styles'[39m))[33m;[39m
06-14 20:05:39.118 22362 22448 E ReactNativeJS:  [90m   |[39m                                                   [31m[1m^[22m[39m
06-14 20:05:39.118 22362 22448 E ReactNativeJS:  [90m 4 |[39m
06-14 20:05:39.118 22362 22448 E ReactNativeJS:  [90m 5 |[39m [36mvar[39m _collections [33m=[39m require([32m'./collections'[39m)[33m;[39m
06-14 20:05:39.118 22362 22448 E ReactNativeJS:  [90m 6 |[39m[0m] preventSymbolication: true }
06-14 20:05:40.252 22362 22448 E ReactNativeJS: { [Error: undefined Unable to resolve module ansi-styles from D:\arcfire20260607\node_modules\react-native\node_modules\pretty-format\build\index.js: ansi-styles could not be found within the project or in these directories:
06-14 20:05:40.252 22362 22448 E ReactNativeJS:   node_modules\react-native\node_modules
06-14 20:05:40.252 22362 22448 E ReactNativeJS:   node_modules
06-14 20:05:40.252 22362 22448 E ReactNativeJS: [0m [90m 1 |[39m [32m'use strict'[39m[33m;[39m
06-14 20:05:40.252 22362 22448 E ReactNativeJS:  [90m 2 |[39m
06-14 20:05:40.252 22362 22448 E ReactNativeJS: [31m[1m>[22m[39m[90m 3 |[39m [36mvar[39m _ansiStyles [33m=[39m _interopRequireDefault(require([32m'ansi-styles'[39m))[33m;[39m
06-14 20:05:40.252 22362 22448 E ReactNativeJS:  [90m   |[39m                                                   [31m[1m^[22m[39m
06-14 20:05:40.252 22362 22448 E ReactNativeJS:  [90m 4 |[39m
06-14 20:05:40.252 22362 22448 E ReactNativeJS:  [90m 5 |[39m [36mvar[39m _collections [33m=[39m require([32m'./collections'[39m)[33m;[39m
06-14 20:05:40.252 22362 22448 E ReactNativeJS:  [90m 6 |[39m[0m] preventSymbolication: true }
06-14 20:05:40.297 22362 22448 E ReactNativeJS: { [Error: undefined Unable to resolve module ansi-styles from D:\arcfire20260607\node_modules\react-native\node_modules\pretty-format\build\index.js: ansi-styles could not be found within the project or in these directories:
06-14 20:05:40.297 22362 22448 E ReactNativeJS:   node_modules\react-native\node_modules
06-14 20:05:40.297 22362 22448 E ReactNativeJS:   node_modules
06-14 20:05:40.297 22362 22448 E ReactNativeJS: [0m [90m 1 |[39m [32m'use strict'[39m[33m;[39m
06-14 20:05:40.297 22362 22448 E ReactNativeJS:  [90m 2 |[39m
06-14 20:05:40.297 22362 22448 E ReactNativeJS: [31m[1m>[22m[39m[90m 3 |[39m [36mvar[39m _ansiStyles [33m=[39m _interopRequireDefault(require([32m'ansi-styles'[39m))[33m;[39m
06-14 20:05:40.297 22362 22448 E ReactNativeJS:  [90m   |[39m                                                   [31m[1m^[22m[39m
06-14 20:05:40.297 22362 22448 E ReactNativeJS:  [90m 4 |[39m
06-14 20:05:40.297 22362 22448 E ReactNativeJS:  [90m 5 |[39m [36mvar[39m _collections [33m=[39m require([32m'./collections'[39m)[33m;[39m
06-14 20:05:40.297 22362 22448 E ReactNativeJS:  [90m 6 |[39m[0m] preventSymbolication: true }
06-14 20:05:40.300 22362 22448 E ReactNativeJS: { [Error: undefined Unable to resolve module ansi-styles from D:\arcfire20260607\node_modules\react-native\node_modules\pretty-format\build\index.js: ansi-styles could not be found within the project or in these directories:
06-14 20:05:40.300 22362 22448 E ReactNativeJS:   node_modules\react-native\node_modules
06-14 20:05:40.300 22362 22448 E ReactNativeJS:   node_modules
06-14 20:05:40.300 22362 22448 E ReactNativeJS: [0m [90m 1 |[39m [32m'use strict'[39m[33m;[39m
06-14 20:05:40.300 22362 22448 E ReactNativeJS:  [90m 2 |[39m
06-14 20:05:40.300 22362 22448 E ReactNativeJS: [31m[1m>[22m[39m[90m 3 |[39m [36mvar[39m _ansiStyles [33m=[39m _interopRequireDefault(require([32m'ansi-styles'[39m))[33m;[39m
06-14 20:05:40.300 22362 22448 E ReactNativeJS:  [90m   |[39m                                                   [31m[1m^[22m[39m
06-14 20:05:40.300 22362 22448 E ReactNativeJS:  [90m 4 |[39m
06-14 20:05:40.300 22362 22448 E ReactNativeJS:  [90m 5 |[39m [36mvar[39m _collections [33m=[39m require([32m'./collections'[39m)[33m;[39m
06-14 20:05:40.300 22362 22448 E ReactNativeJS:  [90m 6 |[39m[0m] preventSymbolication: true }
06-14 20:05:40.302 22362 22448 E ReactNativeJS: { [Error: undefined Unable to resolve module ansi-styles from D:\arcfire20260607\node_modules\react-native\node_modules\pretty-format\build\index.js: ansi-styles could not be found within the project or in these directories:
06-14 20:05:40.302 22362 22448 E ReactNativeJS:   node_modules\react-native\node_modules
06-14 20:05:40.302 22362 22448 E ReactNativeJS:   node_modules
06-14 20:05:40.302 22362 22448 E ReactNativeJS: [0m [90m 1 |[39m [32m'use strict'[39m[33m;[39m
06-14 20:05:40.302 22362 22448 E ReactNativeJS:  [90m 2 |[39m
06-14 20:05:40.302 22362 22448 E ReactNativeJS: [31m[1m>[22m[39m[90m 3 |[39m [36mvar[39m _ansiStyles [33m=[39m _interopRequireDefault(require([32m'ansi-styles'[39m))[33m;[39m
06-14 20:05:40.302 22362 22448 E ReactNativeJS:  [90m   |[39m                                                   [31m[1m^[22m[39m
06-14 20:05:40.302 22362 22448 E ReactNativeJS:  [90m 4 |[39m
06-14 20:05:40.302 22362 22448 E ReactNativeJS:  [90m 5 |[39m [36mvar[39m _collections [33m=[39m require([32m'./collections'[39m)[33m;[39m
06-14 20:05:40.302 22362 22448 E ReactNativeJS:  [90m 6 |[39m[0m] preventSymbolication: true }
06-14 20:05:40.336 22362 22448 E ReactNativeJS: { [Error: undefined Unable to resolve module ansi-styles from D:\arcfire20260607\node_modules\react-native\node_modules\pretty-format\build\index.js: ansi-styles could not be found within the project or in these directories:
06-14 20:05:40.336 22362 22448 E ReactNativeJS:   node_modules\react-native\node_modules
06-14 20:05:40.336 22362 22448 E ReactNativeJS:   node_modules
06-14 20:05:40.336 22362 22448 E ReactNativeJS: [0m [90m 1 |[39m [32m'use strict'[39m[33m;[39m
06-14 20:05:40.336 22362 22448 E ReactNativeJS:  [90m 2 |[39m
06-14 20:05:40.336 22362 22448 E ReactNativeJS: [31m[1m>[22m[39m[90m 3 |[39m [36mvar[39m _ansiStyles [33m=[39m _interopRequireDefault(require([32m'ansi-styles'[39m))[33m;[39m
06-14 20:05:40.336 22362 22448 E ReactNativeJS:  [90m   |[39m                                                   [31m[1m^[22m[39m
06-14 20:05:40.336 22362 22448 E ReactNativeJS:  [90m 4 |[39m
06-14 20:05:40.336 22362 22448 E ReactNativeJS:  [90m 5 |[39m [36mvar[39m _collections [33m=[39m require([32m'./collections'[39m)[33m;[39m
06-14 20:05:40.336 22362 22448 E ReactNativeJS:  [90m 6 |[39m[0m] preventSymbolication: true }
06-14 20:05:40.456 22362 22448 E ReactNativeJS: { [Error: undefined Unable to resolve module ansi-styles from D:\arcfire20260607\node_modules\react-native\node_modules\pretty-format\build\index.js: ansi-styles could not be found within the project or in these directories:
06-14 20:05:40.456 22362 22448 E ReactNativeJS:   node_modules\react-native\node_modules
06-14 20:05:40.456 22362 22448 E ReactNativeJS:   node_modules
06-14 20:05:40.456 22362 22448 E ReactNativeJS: [0m [90m 1 |[39m [32m'use strict'[39m[33m;[39m
06-14 20:05:40.456 22362 22448 E ReactNativeJS:  [90m 2 |[39m
06-14 20:05:40.456 22362 22448 E ReactNativeJS: [31m[1m>[22m[39m[90m 3 |[39m [36mvar[39m _ansiStyles [33m=[39m _interopRequireDefault(require([32m'ansi-styles'[39m))[33m;[39m
06-14 20:05:40.456 22362 22448 E ReactNativeJS:  [90m   |[39m                                                   [31m[1m^[22m[39m
06-14 20:05:40.456 22362 22448 E ReactNativeJS:  [90m 4 |[39m
06-14 20:05:40.456 22362 22448 E ReactNativeJS:  [90m 5 |[39m [36mvar[39m _collections [33m=[39m require([32m'./collections'[39m)[33m;[39m
06-14 20:05:40.456 22362 22448 E ReactNativeJS:  [90m 6 |[39m[0m] preventSymbolication: true }
06-14 20:05:42.836 22362 22448 E ReactNativeJS: { [Error: undefined Unable to resolve module ansi-styles from D:\arcfire20260607\node_modules\react-native\node_modules\pretty-format\build\index.js: ansi-styles could not be found within the project or in these directories:
06-14 20:05:42.836 22362 22448 E ReactNativeJS:   node_modules\react-native\node_modules
06-14 20:05:42.836 22362 22448 E ReactNativeJS:   node_modules
06-14 20:05:42.836 22362 22448 E ReactNativeJS: [0m [90m 1 |[39m [32m'use strict'[39m[33m;[39m
06-14 20:05:42.836 22362 22448 E ReactNativeJS:  [90m 2 |[39m
06-14 20:05:42.836 22362 22448 E ReactNativeJS: [31m[1m>[22m[39m[90m 3 |[39m [36mvar[39m _ansiStyles [33m=[39m _interopRequireDefault(require([32m'ansi-styles'[39m))[33m;[39m
06-14 20:05:42.836 22362 22448 E ReactNativeJS:  [90m   |[39m                                                   [31m[1m^[22m[39m
06-14 20:05:42.836 22362 22448 E ReactNativeJS:  [90m 4 |[39m
06-14 20:05:42.836 22362 22448 E ReactNativeJS:  [90m 5 |[39m [36mvar[39m _collections [33m=[39m require([32m'./collections'[39m)[33m;[39m
06-14 20:05:42.836 22362 22448 E ReactNativeJS:  [90m 6 |[39m[0m] preventSymbolication: true }
06-14 20:05:42.897 22362 22448 E ReactNativeJS: { [Error: undefined Unable to resolve module ansi-styles from D:\arcfire20260607\node_modules\react-native\node_modules\pretty-format\build\index.js: ansi-styles could not be found within the project or in these directories:
06-14 20:05:42.897 22362 22448 E ReactNativeJS:   node_modules\react-native\node_modules
06-14 20:05:42.897 22362 22448 E ReactNativeJS:   node_modules
06-14 20:05:42.897 22362 22448 E ReactNativeJS: [0m [90m 1 |[39m [32m'use strict'[39m[33m;[39m
06-14 20:05:42.897 22362 22448 E ReactNativeJS:  [90m 2 |[39m
06-14 20:05:42.897 22362 22448 E ReactNativeJS: [31m[1m>[22m[39m[90m 3 |[39m [36mvar[39m _ansiStyles [33m=[39m _interopRequireDefault(require([32m'ansi-styles'[39m))[33m;[39m
06-14 20:05:42.897 22362 22448 E ReactNativeJS:  [90m   |[39m                                                   [31m[1m^[22m[39m
06-14 20:05:42.897 22362 22448 E ReactNativeJS:  [90m 4 |[39m
06-14 20:05:42.897 22362 22448 E ReactNativeJS:  [90m 5 |[39m [36mvar[39m _collections [33m=[39m require([32m'./collections'[39m)[33m;[39m
06-14 20:05:42.897 22362 22448 E ReactNativeJS:  [90m 6 |[39m[0m] preventSymbolication: true }
06-14 20:05:42.938 22362 22448 E ReactNativeJS: { [Error: undefined Unable to resolve module ansi-styles from D:\arcfire20260607\node_modules\react-native\node_modules\pretty-format\build\index.js: ansi-styles could not be found within the project or in these directories:
06-14 20:05:42.938 22362 22448 E ReactNativeJS:   node_modules\react-native\node_modules
06-14 20:05:42.938 22362 22448 E ReactNativeJS:   node_modules
06-14 20:05:42.938 22362 22448 E ReactNativeJS: [0m [90m 1 |[39m [32m'use strict'[39m[33m;[39m
06-14 20:05:42.938 22362 22448 E ReactNativeJS:  [90m 2 |[39m
06-14 20:05:42.938 22362 22448 E ReactNativeJS: [31m[1m>[22m[39m[90m 3 |[39m [36mvar[39m _ansiStyles [33m=[39m _interopRequireDefault(require([32m'ansi-styles'[39m))[33m;[39m
06-14 20:05:42.938 22362 22448 E ReactNativeJS:  [90m   |[39m                                                   [31m[1m^[22m[39m
06-14 20:05:42.938 22362 22448 E ReactNativeJS:  [90m 4 |[39m
06-14 20:05:42.938 22362 22448 E ReactNativeJS:  [90m 5 |[39m [36mvar[39m _collections [33m=[39m require([32m'./collections'[39m)[33m;[39m
06-14 20:05:42.938 22362 22448 E ReactNativeJS:  [90m 6 |[39m[0m] preventSymbolication: true }
06-14 20:05:42.942 22362 22448 E ReactNativeJS: { [Error: undefined Unable to resolve module ansi-styles from D:\arcfire20260607\node_modules\react-native\node_modules\pretty-format\build\index.js: ansi-styles could not be found within the project or in these directories:
06-14 20:05:42.942 22362 22448 E ReactNativeJS:   node_modules\react-native\node_modules
06-14 20:05:42.942 22362 22448 E ReactNativeJS:   node_modules
06-14 20:05:42.942 22362 22448 E ReactNativeJS: [0m [90m 1 |[39m [32m'use strict'[39m[33m;[39m
06-14 20:05:42.942 22362 22448 E ReactNativeJS:  [90m 2 |[39m
06-14 20:05:42.942 22362 22448 E ReactNativeJS: [31m[1m>[22m[39m[90m 3 |[39m [36mvar[39m _ansiStyles [33m=[39m _interopRequireDefault(require([32m'ansi-styles'[39m))[33m;[39m
06-14 20:05:42.942 22362 22448 E ReactNativeJS:  [90m   |[39m                                                   [31m[1m^[22m[39m
06-14 20:05:42.942 22362 22448 E ReactNativeJS:  [90m 4 |[39m
06-14 20:05:42.942 22362 22448 E ReactNativeJS:  [90m 5 |[39m [36mvar[39m _collections [33m=[39m require([32m'./collections'[39m)[33m;[39m
06-14 20:05:42.942 22362 22448 E ReactNativeJS:  [90m 6 |[39m[0m] preventSymbolication: true }
06-14 20:05:42.945 22362 22448 E ReactNativeJS: { [Error: undefined Unable to resolve module ansi-styles from D:\arcfire20260607\node_modules\react-native\node_modules\pretty-format\build\index.js: ansi-styles could not be found within the project or in these directories:
06-14 20:05:42.945 22362 22448 E ReactNativeJS:   node_modules\react-native\node_modules
06-14 20:05:42.945 22362 22448 E ReactNativeJS:   node_modules
06-14 20:05:42.945 22362 22448 E ReactNativeJS: [0m [90m 1 |[39m [32m'use strict'[39m[33m;[39m
06-14 20:05:42.945 22362 22448 E ReactNativeJS:  [90m 2 |[39m
06-14 20:05:42.945 22362 22448 E ReactNativeJS: [31m[1m>[22m[39m[90m 3 |[39m [36mvar[39m _ansiStyles [33m=[39m _interopRequireDefault(require([32m'ansi-styles'[39m))[33m;[39m
06-14 20:05:42.945 22362 22448 E ReactNativeJS:  [90m   |[39m                                                   [31m[1m^[22m[39m
06-14 20:05:42.945 22362 22448 E ReactNativeJS:  [90m 4 |[39m
06-14 20:05:42.945 22362 22448 E ReactNativeJS:  [90m 5 |[39m [36mvar[39m _collections [33m=[39m require([32m'./collections'[39m)[33m;[39m
06-14 20:05:42.945 22362 22448 E ReactNativeJS:  [90m 6 |[39m[0m] preventSymbolication: true }
06-14 20:05:42.948 22362 22448 E ReactNativeJS: { [Error: undefined Unable to resolve module ansi-styles from D:\arcfire20260607\node_modules\react-native\node_modules\pretty-format\build\index.js: ansi-styles could not be found within the project or in these directories:
06-14 20:05:42.948 22362 22448 E ReactNativeJS:   node_modules\react-native\node_modules
06-14 20:05:42.948 22362 22448 E ReactNativeJS:   node_modules
06-14 20:05:42.948 22362 22448 E ReactNativeJS: [0m [90m 1 |[39m [32m'use strict'[39m[33m;[39m
06-14 20:05:42.948 22362 22448 E ReactNativeJS:  [90m 2 |[39m
06-14 20:05:42.948 22362 22448 E ReactNativeJS: [31m[1m>[22m[39m[90m 3 |[39m [36mvar[39m _ansiStyles [33m=[39m _interopRequireDefault(require([32m'ansi-styles'[39m))[33m;[39m
06-14 20:05:42.948 22362 22448 E ReactNativeJS:  [90m   |[39m                                                   [31m[1m^[22m[39m
06-14 20:05:42.948 22362 22448 E ReactNativeJS:  [90m 4 |[39m
06-14 20:05:42.948 22362 22448 E ReactNativeJS:  [90m 5 |[39m [36mvar[39m _collections [33m=[39m require([32m'./collections'[39m)[33m;[39m
06-14 20:05:42.948 22362 22448 E ReactNativeJS:  [90m 6 |[39m[0m] preventSymbolication: true }
06-14 20:05:42.951 22362 22448 E ReactNativeJS: { [Error: undefined Unable to resolve module ansi-styles from D:\arcfire20260607\node_modules\react-native\node_modules\pretty-format\build\index.js: ansi-styles could not be found within the project or in these directories:
06-14 20:05:42.951 22362 22448 E ReactNativeJS:   node_modules\react-native\node_modules
06-14 20:05:42.951 22362 22448 E ReactNativeJS:   node_modules
06-14 20:05:42.951 22362 22448 E ReactNativeJS: [0m [90m 1 |[39m [32m'use strict'[39m[33m;[39m
06-14 20:05:42.951 22362 22448 E ReactNativeJS:  [90m 2 |[39m
06-14 20:05:42.951 22362 22448 E ReactNativeJS: [31m[1m>[22m[39m[90m 3 |[39m [36mvar[39m _ansiStyles [33m=[39m _interopRequireDefault(require([32m'ansi-styles'[39m))[33m;[39m
06-14 20:05:42.951 22362 22448 E ReactNativeJS:  [90m   |[39m                                                   [31m[1m^[22m[39m
06-14 20:05:42.951 22362 22448 E ReactNativeJS:  [90m 4 |[39m
06-14 20:05:42.951 22362 22448 E ReactNativeJS:  [90m 5 |[39m [36mvar[39m _collections [33m=[39m require([32m'./collections'[39m)[33m;[39m
06-14 20:05:42.951 22362 22448 E ReactNativeJS:  [90m 6 |[39m[0m] preventSymbolication: true }
06-14 20:05:42.952 22362 22448 E ReactNativeJS: { [Error: undefined Unable to resolve module ansi-styles from D:\arcfire20260607\node_modules\react-native\node_modules\pretty-format\build\index.js: ansi-styles could not be found within the project or in these directories:
06-14 20:05:42.952 22362 22448 E ReactNativeJS:   node_modules\react-native\node_modules
06-14 20:05:42.952 22362 22448 E ReactNativeJS:   node_modules
06-14 20:05:42.952 22362 22448 E ReactNativeJS: [0m [90m 1 |[39m [32m'use strict'[39m[33m;[39m
06-14 20:05:42.952 22362 22448 E ReactNativeJS:  [90m 2 |[39m
06-14 20:05:42.952 22362 22448 E ReactNativeJS: [31m[1m>[22m[39m[90m 3 |[39m [36mvar[39m _ansiStyles [33m=[39m _interopRequireDefault(require([32m'ansi-styles'[39m))[33m;[39m
06-14 20:05:42.952 22362 22448 E ReactNativeJS:  [90m   |[39m                                                   [31m[1m^[22m[39m
06-14 20:05:42.952 22362 22448 E ReactNativeJS:  [90m 4 |[39m
06-14 20:05:42.952 22362 22448 E ReactNativeJS:  [90m 5 |[39m [36mvar[39m _collections [33m=[39m require([32m'./collections'[39m)[33m;[39m
06-14 20:05:42.952 22362 22448 E ReactNativeJS:  [90m 6 |[39m[0m] preventSymbolication: true }
06-14 20:05:42.955 22362 22448 E ReactNativeJS: { [Error: undefined Unable to resolve module ansi-styles from D:\arcfire20260607\node_modules\react-native\node_modules\pretty-format\build\index.js: ansi-styles could not be found within the project or in these directories:
06-14 20:05:42.955 22362 22448 E ReactNativeJS:   node_modules\react-native\node_modules
06-14 20:05:42.955 22362 22448 E ReactNativeJS:   node_modules
06-14 20:05:42.955 22362 22448 E ReactNativeJS: [0m [90m 1 |[39m [32m'use strict'[39m[33m;[39m
06-14 20:05:42.955 22362 22448 E ReactNativeJS:  [90m 2 |[39m
06-14 20:05:42.955 22362 22448 E ReactNativeJS: [31m[1m>[22m[39m[90m 3 |[39m [36mvar[39m _ansiStyles [33m=[39m _interopRequireDefault(require([32m'ansi-styles'[39m))[33m;[39m
06-14 20:05:42.955 22362 22448 E ReactNativeJS:  [90m   |[39m                                                   [31m[1m^[22m[39m
06-14 20:05:42.955 22362 22448 E ReactNativeJS:  [90m 4 |[39m
06-14 20:05:42.955 22362 22448 E ReactNativeJS:  [90m 5 |[39m [36mvar[39m _collections [33m=[39m require([32m'./collections'[39m)[33m;[39m
06-14 20:05:42.955 22362 22448 E ReactNativeJS:  [90m 6 |[39m[0m] preventSymbolication: true }
06-14 20:05:42.957 22362 22448 E ReactNativeJS: { [Error: undefined Unable to resolve module ansi-styles from D:\arcfire20260607\node_modules\react-native\node_modules\pretty-format\build\index.js: ansi-styles could not be found within the project or in these directories:
06-14 20:05:42.957 22362 22448 E ReactNativeJS:   node_modules\react-native\node_modules
06-14 20:05:42.957 22362 22448 E ReactNativeJS:   node_modules
06-14 20:05:42.957 22362 22448 E ReactNativeJS: [0m [90m 1 |[39m [32m'use strict'[39m[33m;[39m
06-14 20:05:42.957 22362 22448 E ReactNativeJS:  [90m 2 |[39m
06-14 20:05:42.957 22362 22448 E ReactNativeJS: [31m[1m>[22m[39m[90m 3 |[39m [36mvar[39m _ansiStyles [33m=[39m _interopRequireDefault(require([32m'ansi-styles'[39m))[33m;[39m
06-14 20:05:42.957 22362 22448 E ReactNativeJS:  [90m   |[39m                                                   [31m[1m^[22m[39m
06-14 20:05:42.957 22362 22448 E ReactNativeJS:  [90m 4 |[39m
06-14 20:05:42.957 22362 22448 E ReactNativeJS:  [90m 5 |[39m [36mvar[39m _collections [33m=[39m require([32m'./collections'[39m)[33m;[39m
06-14 20:05:42.957 22362 22448 E ReactNativeJS:  [90m 6 |[39m[0m] preventSymbolication: true }
06-14 20:05:42.960 22362 22448 E ReactNativeJS: { [Error: undefined Unable to resolve module ansi-styles from D:\arcfire20260607\node_modules\react-native\node_modules\pretty-format\build\index.js: ansi-styles could not be found within the project or in these directories:
06-14 20:05:42.960 22362 22448 E ReactNativeJS:   node_modules\react-native\node_modules
06-14 20:05:42.960 22362 22448 E ReactNativeJS:   node_modules
06-14 20:05:42.960 22362 22448 E ReactNativeJS: [0m [90m 1 |[39m [32m'use strict'[39m[33m;[39m
06-14 20:05:42.960 22362 22448 E ReactNativeJS:  [90m 2 |[39m
06-14 20:05:42.960 22362 22448 E ReactNativeJS: [31m[1m>[22m[39m[90m 3 |[39m [36mvar[39m _ansiStyles [33m=[39m _interopRequireDefault(require([32m'ansi-styles'[39m))[33m;[39m
06-14 20:05:42.960 22362 22448 E ReactNativeJS:  [90m   |[39m                                                   [31m[1m^[22m[39m
06-14 20:05:42.960 22362 22448 E ReactNativeJS:  [90m 4 |[39m
06-14 20:05:42.960 22362 22448 E ReactNativeJS:  [90m 5 |[39m [36mvar[39m _collections [33m=[39m require([32m'./collections'[39m)[33m;[39m
06-14 20:05:42.960 22362 22448 E ReactNativeJS:  [90m 6 |[39m[0m] preventSymbolication: true }
06-14 20:05:42.993 22362 22448 E ReactNativeJS: { [Error: undefined Unable to resolve module ansi-styles from D:\arcfire20260607\node_modules\react-native\node_modules\pretty-format\build\index.js: ansi-styles could not be found within the project or in these directories:
06-14 20:05:42.993 22362 22448 E ReactNativeJS:   node_modules\react-native\node_modules
06-14 20:05:42.993 22362 22448 E ReactNativeJS:   node_modules
06-14 20:05:42.993 22362 22448 E ReactNativeJS: [0m [90m 1 |[39m [32m'use strict'[39m[33m;[39m
06-14 20:05:42.993 22362 22448 E ReactNativeJS:  [90m 2 |[39m
06-14 20:05:42.993 22362 22448 E ReactNativeJS: [31m[1m>[22m[39m[90m 3 |[39m [36mvar[39m _ansiStyles [33m=[39m _interopRequireDefault(require([32m'ansi-styles'[39m))[33m;[39m
06-14 20:05:42.993 22362 22448 E ReactNativeJS:  [90m   |[39m                                                   [31m[1m^[22m[39m
06-14 20:05:42.993 22362 22448 E ReactNativeJS:  [90m 4 |[39m
06-14 20:05:42.993 22362 22448 E ReactNativeJS:  [90m 5 |[39m [36mvar[39m _collections [33m=[39m require([32m'./collections'[39m)[33m;[39m
06-14 20:05:42.993 22362 22448 E ReactNativeJS:  [90m 6 |[39m[0m] preventSymbolication: true }
06-14 20:05:43.337 22362 22448 E ReactNativeJS: { [Error: undefined Unable to resolve module ansi-styles from D:\arcfire20260607\node_modules\react-native\node_modules\pretty-format\build\index.js: ansi-styles could not be found within the project or in these directories:
06-14 20:05:43.337 22362 22448 E ReactNativeJS:   node_modules\react-native\node_modules
06-14 20:05:43.337 22362 22448 E ReactNativeJS:   node_modules
06-14 20:05:43.337 22362 22448 E ReactNativeJS: [0m [90m 1 |[39m [32m'use strict'[39m[33m;[39m
06-14 20:05:43.337 22362 22448 E ReactNativeJS:  [90m 2 |[39m
06-14 20:05:43.337 22362 22448 E ReactNativeJS: [31m[1m>[22m[39m[90m 3 |[39m [36mvar[39m _ansiStyles [33m=[39m _interopRequireDefault(require([32m'ansi-styles'[39m))[33m;[39m
06-14 20:05:43.337 22362 22448 E ReactNativeJS:  [90m   |[39m                                                   [31m[1m^[22m[39m
06-14 20:05:43.337 22362 22448 E ReactNativeJS:  [90m 4 |[39m
06-14 20:05:43.337 22362 22448 E ReactNativeJS:  [90m 5 |[39m [36mvar[39m _collections [33m=[39m require([32m'./collections'[39m)[33m;[39m
06-14 20:05:43.337 22362 22448 E ReactNativeJS:  [90m 6 |[39m[0m] preventSymbolication: true }
06-14 20:05:43.458 22362 22448 E ReactNativeJS: { [Error: undefined Unable to resolve module ansi-styles from D:\arcfire20260607\node_modules\react-native\node_modules\pretty-format\build\index.js: ansi-styles could not be found within the project or in these directories:
06-14 20:05:43.458 22362 22448 E ReactNativeJS:   node_modules\react-native\node_modules
06-14 20:05:43.458 22362 22448 E ReactNativeJS:   node_modules
06-14 20:05:43.458 22362 22448 E ReactNativeJS: [0m [90m 1 |[39m [32m'use strict'[39m[33m;[39m
06-14 20:05:43.458 22362 22448 E ReactNativeJS:  [90m 2 |[39m
06-14 20:05:43.458 22362 22448 E ReactNativeJS: [31m[1m>[22m[39m[90m 3 |[39m [36mvar[39m _ansiStyles [33m=[39m _interopRequireDefault(require([32m'ansi-styles'[39m))[33m;[39m
06-14 20:05:43.458 22362 22448 E ReactNativeJS:  [90m   |[39m                                                   [31m[1m^[22m[39m
06-14 20:05:43.458 22362 22448 E ReactNativeJS:  [90m 4 |[39m
06-14 20:05:43.458 22362 22448 E ReactNativeJS:  [90m 5 |[39m [36mvar[39m _collections [33m=[39m require([32m'./collections'[39m)[33m;[39m
06-14 20:05:43.458 22362 22448 E ReactNativeJS:  [90m 6 |[39m[0m] preventSymbolication: true }
06-14 20:05:43.788 22362 22448 E ReactNativeJS: { [Error: undefined Unable to resolve module ansi-styles from D:\arcfire20260607\node_modules\react-native\node_modules\pretty-format\build\index.js: ansi-styles could not be found within the project or in these directories:
06-14 20:05:43.788 22362 22448 E ReactNativeJS:   node_modules\react-native\node_modules
06-14 20:05:43.788 22362 22448 E ReactNativeJS:   node_modules
06-14 20:05:43.788 22362 22448 E ReactNativeJS: [0m [90m 1 |[39m [32m'use strict'[39m[33m;[39m
06-14 20:05:43.788 22362 22448 E ReactNativeJS:  [90m 2 |[39m
06-14 20:05:43.788 22362 22448 E ReactNativeJS: [31m[1m>[22m[39m[90m 3 |[39m [36mvar[39m _ansiStyles [33m=[39m _interopRequireDefault(require([32m'ansi-styles'[39m))[33m;[39m
06-14 20:05:43.788 22362 22448 E ReactNativeJS:  [90m   |[39m                                                   [31m[1m^[22m[39m
06-14 20:05:43.788 22362 22448 E ReactNativeJS:  [90m 4 |[39m
06-14 20:05:43.788 22362 22448 E ReactNativeJS:  [90m 5 |[39m [36mvar[39m _collections [33m=[39m require([32m'./collections'[39m)[33m;[39m
06-14 20:05:43.788 22362 22448 E ReactNativeJS:  [90m 6 |[39m[0m] preventSymbolication: true }
06-14 20:05:43.877 22362 22448 E ReactNativeJS: { [Error: undefined Unable to resolve module ansi-styles from D:\arcfire20260607\node_modules\react-native\node_modules\pretty-format\build\index.js: ansi-styles could not be found within the project or in these directories:
06-14 20:05:43.877 22362 22448 E ReactNativeJS:   node_modules\react-native\node_modules
06-14 20:05:43.877 22362 22448 E ReactNativeJS:   node_modules
06-14 20:05:43.877 22362 22448 E ReactNativeJS: [0m [90m 1 |[39m [32m'use strict'[39m[33m;[39m
06-14 20:05:43.877 22362 22448 E ReactNativeJS:  [90m 2 |[39m
06-14 20:05:43.877 22362 22448 E ReactNativeJS: [31m[1m>[22m[39m[90m 3 |[39m [36mvar[39m _ansiStyles [33m=[39m _interopRequireDefault(require([32m'ansi-styles'[39m))[33m;[39m
06-14 20:05:43.877 22362 22448 E ReactNativeJS:  [90m   |[39m                                                   [31m[1m^[22m[39m
06-14 20:05:43.877 22362 22448 E ReactNativeJS:  [90m 4 |[39m
06-14 20:05:43.877 22362 22448 E ReactNativeJS:  [90m 5 |[39m [36mvar[39m _collections [33m=[39m require([32m'./collections'[39m)[33m;[39m
06-14 20:05:43.877 22362 22448 E ReactNativeJS:  [90m 6 |[39m[0m] preventSymbolication: true }
06-14 20:05:44.056 22362 22448 E ReactNativeJS: { [Error: undefined Unable to resolve module ansi-styles from D:\arcfire20260607\node_modules\react-native\node_modules\pretty-format\build\index.js: ansi-styles could not be found within the project or in these directories:
06-14 20:05:44.056 22362 22448 E ReactNativeJS:   node_modules\react-native\node_modules
06-14 20:05:44.056 22362 22448 E ReactNativeJS:   node_modules
06-14 20:05:44.056 22362 22448 E ReactNativeJS: [0m [90m 1 |[39m [32m'use strict'[39m[33m;[39m
06-14 20:05:44.056 22362 22448 E ReactNativeJS:  [90m 2 |[39m
06-14 20:05:44.056 22362 22448 E ReactNativeJS: [31m[1m>[22m[39m[90m 3 |[39m [36mvar[39m _ansiStyles [33m=[39m _interopRequireDefault(require([32m'ansi-styles'[39m))[33m;[39m
06-14 20:05:44.056 22362 22448 E ReactNativeJS:  [90m   |[39m                                                   [31m[1m^[22m[39m
06-14 20:05:44.056 22362 22448 E ReactNativeJS:  [90m 4 |[39m
06-14 20:05:44.056 22362 22448 E ReactNativeJS:  [90m 5 |[39m [36mvar[39m _collections [33m=[39m require([32m'./collections'[39m)[33m;[39m
06-14 20:05:44.056 22362 22448 E ReactNativeJS:  [90m 6 |[39m[0m] preventSymbolication: true }
06-14 20:05:44.299 22362 22448 E ReactNativeJS: { [Error: undefined Unable to resolve module ansi-styles from D:\arcfire20260607\node_modules\react-native\node_modules\pretty-format\build\index.js: ansi-styles could not be found within the project or in these directories:
06-14 20:05:44.299 22362 22448 E ReactNativeJS:   node_modules\react-native\node_modules
06-14 20:05:44.299 22362 22448 E ReactNativeJS:   node_modules
06-14 20:05:44.299 22362 22448 E ReactNativeJS: [0m [90m 1 |[39m [32m'use strict'[39m[33m;[39m
06-14 20:05:44.299 22362 22448 E ReactNativeJS:  [90m 2 |[39m
06-14 20:05:44.299 22362 22448 E ReactNativeJS: [31m[1m>[22m[39m[90m 3 |[39m [36mvar[39m _ansiStyles [33m=[39m _interopRequireDefault(require([32m'ansi-styles'[39m))[33m;[39m
06-14 20:05:44.299 22362 22448 E ReactNativeJS:  [90m   |[39m                                                   [31m[1m^[22m[39m
06-14 20:05:44.299 22362 22448 E ReactNativeJS:  [90m 4 |[39m
06-14 20:05:44.299 22362 22448 E ReactNativeJS:  [90m 5 |[39m [36mvar[39m _collections [33m=[39m require([32m'./collections'[39m)[33m;[39m
06-14 20:05:44.299 22362 22448 E ReactNativeJS:  [90m 6 |[39m[0m] preventSymbolication: true }
06-14 20:05:44.569 22362 22448 E ReactNativeJS: { [Error: undefined Unable to resolve module ansi-styles from D:\arcfire20260607\node_modules\react-native\node_modules\pretty-format\build\index.js: ansi-styles could not be found within the project or in these directories:
06-14 20:05:44.569 22362 22448 E ReactNativeJS:   node_modules\react-native\node_modules
06-14 20:05:44.569 22362 22448 E ReactNativeJS:   node_modules
06-14 20:05:44.569 22362 22448 E ReactNativeJS: [0m [90m 1 |[39m [32m'use strict'[39m[33m;[39m
06-14 20:05:44.569 22362 22448 E ReactNativeJS:  [90m 2 |[39m
06-14 20:05:44.569 22362 22448 E ReactNativeJS: [31m[1m>[22m[39m[90m 3 |[39m [36mvar[39m _ansiStyles [33m=[39m _interopRequireDefault(require([32m'ansi-styles'[39m))[33m;[39m
06-14 20:05:44.569 22362 22448 E ReactNativeJS:  [90m   |[39m                                                   [31m[1m^[22m[39m
06-14 20:05:44.569 22362 22448 E ReactNativeJS:  [90m 4 |[39m
06-14 20:05:44.569 22362 22448 E ReactNativeJS:  [90m 5 |[39m [36mvar[39m _collections [33m=[39m require([32m'./collections'[39m)[33m;[39m
06-14 20:05:44.569 22362 22448 E ReactNativeJS:  [90m 6 |[39m[0m] preventSymbolication: true }
06-14 20:05:44.694 22362 22448 E ReactNativeJS: { [Error: undefined Unable to resolve module ansi-styles from D:\arcfire20260607\node_modules\react-native\node_modules\pretty-format\build\index.js: ansi-styles could not be found within the project or in these directories:
06-14 20:05:44.694 22362 22448 E ReactNativeJS:   node_modules\react-native\node_modules
06-14 20:05:44.694 22362 22448 E ReactNativeJS:   node_modules
06-14 20:05:44.694 22362 22448 E ReactNativeJS: [0m [90m 1 |[39m [32m'use strict'[39m[33m;[39m
06-14 20:05:44.694 22362 22448 E ReactNativeJS:  [90m 2 |[39m
06-14 20:05:44.694 22362 22448 E ReactNativeJS: [31m[1m>[22m[39m[90m 3 |[39m [36mvar[39m _ansiStyles [33m=[39m _interopRequireDefault(require([32m'ansi-styles'[39m))[33m;[39m
06-14 20:05:44.694 22362 22448 E ReactNativeJS:  [90m   |[39m                                                   [31m[1m^[22m[39m
06-14 20:05:44.694 22362 22448 E ReactNativeJS:  [90m 4 |[39m
06-14 20:05:44.694 22362 22448 E ReactNativeJS:  [90m 5 |[39m [36mvar[39m _collections [33m=[39m require([32m'./collections'[39m)[33m;[39m
06-14 20:05:44.694 22362 22448 E ReactNativeJS:  [90m 6 |[39m[0m] preventSymbolication: true }
06-14 20:05:44.959 22362 22448 E ReactNativeJS: { [Error: undefined Unable to resolve module ansi-styles from D:\arcfire20260607\node_modules\react-native\node_modules\pretty-format\build\index.js: ansi-styles could not be found within the project or in these directories:
06-14 20:05:44.959 22362 22448 E ReactNativeJS:   node_modules\react-native\node_modules
06-14 20:05:44.959 22362 22448 E ReactNativeJS:   node_modules
06-14 20:05:44.959 22362 22448 E ReactNativeJS: [0m [90m 1 |[39m [32m'use strict'[39m[33m;[39m
06-14 20:05:44.959 22362 22448 E ReactNativeJS:  [90m 2 |[39m
06-14 20:05:44.959 22362 22448 E ReactNativeJS: [31m[1m>[22m[39m[90m 3 |[39m [36mvar[39m _ansiStyles [33m=[39m _interopRequireDefault(require([32m'ansi-styles'[39m))[33m;[39m
06-14 20:05:44.959 22362 22448 E ReactNativeJS:  [90m   |[39m                                                   [31m[1m^[22m[39m
06-14 20:05:44.959 22362 22448 E ReactNativeJS:  [90m 4 |[39m
06-14 20:05:44.959 22362 22448 E ReactNativeJS:  [90m 5 |[39m [36mvar[39m _collections [33m=[39m require([32m'./collections'[39m)[33m;[39m
06-14 20:05:44.959 22362 22448 E ReactNativeJS:  [90m 6 |[39m[0m] preventSymbolication: true }
06-14 20:05:45.068 22362 22448 E ReactNativeJS: { [Error: undefined Unable to resolve module ansi-styles from D:\arcfire20260607\node_modules\react-native\node_modules\pretty-format\build\index.js: ansi-styles could not be found within the project or in these directories:
06-14 20:05:45.068 22362 22448 E ReactNativeJS:   node_modules\react-native\node_modules
06-14 20:05:45.068 22362 22448 E ReactNativeJS:   node_modules
06-14 20:05:45.068 22362 22448 E ReactNativeJS: [0m [90m 1 |[39m [32m'use strict'[39m[33m;[39m
06-14 20:05:45.068 22362 22448 E ReactNativeJS:  [90m 2 |[39m
06-14 20:05:45.068 22362 22448 E ReactNativeJS: [31m[1m>[22m[39m[90m 3 |[39m [36mvar[39m _ansiStyles [33m=[39m _interopRequireDefault(require([32m'ansi-styles'[39m))[33m;[39m
06-14 20:05:45.068 22362 22448 E ReactNativeJS:  [90m   |[39m                                                   [31m[1m^[22m[39m
06-14 20:05:45.068 22362 22448 E ReactNativeJS:  [90m 4 |[39m
06-14 20:05:45.068 22362 22448 E ReactNativeJS:  [90m 5 |[39m [36mvar[39m _collections [33m=[39m require([32m'./collections'[39m)[33m;[39m
06-14 20:05:45.068 22362 22448 E ReactNativeJS:  [90m 6 |[39m[0m] preventSymbolication: true }
06-14 20:05:51.835 22362 22448 E ReactNativeJS: { [Error: undefined Unable to resolve module ansi-styles from D:\arcfire20260607\node_modules\react-native\node_modules\pretty-format\build\index.js: ansi-styles could not be found within the project or in these directories:
06-14 20:05:51.835 22362 22448 E ReactNativeJS:   node_modules\react-native\node_modules
06-14 20:05:51.835 22362 22448 E ReactNativeJS:   node_modules
06-14 20:05:51.835 22362 22448 E ReactNativeJS: [0m [90m 1 |[39m [32m'use strict'[39m[33m;[39m
06-14 20:05:51.835 22362 22448 E ReactNativeJS:  [90m 2 |[39m
06-14 20:05:51.835 22362 22448 E ReactNativeJS: [31m[1m>[22m[39m[90m 3 |[39m [36mvar[39m _ansiStyles [33m=[39m _interopRequireDefault(require([32m'ansi-styles'[39m))[33m;[39m
06-14 20:05:51.835 22362 22448 E ReactNativeJS:  [90m   |[39m                                                   [31m[1m^[22m[39m
06-14 20:05:51.835 22362 22448 E ReactNativeJS:  [90m 4 |[39m
06-14 20:05:51.835 22362 22448 E ReactNativeJS:  [90m 5 |[39m [36mvar[39m _collections [33m=[39m require([32m'./collections'[39m)[33m;[39m
06-14 20:05:51.835 22362 22448 E ReactNativeJS:  [90m 6 |[39m[0m] preventSymbolication: true }
06-14 20:05:51.883 22362 22448 E ReactNativeJS: { [Error: undefined Unable to resolve module ansi-styles from D:\arcfire20260607\node_modules\react-native\node_modules\pretty-format\build\index.js: ansi-styles could not be found within the project or in these directories:
06-14 20:05:51.883 22362 22448 E ReactNativeJS:   node_modules\react-native\node_modules
06-14 20:05:51.883 22362 22448 E ReactNativeJS:   node_modules
06-14 20:05:51.883 22362 22448 E ReactNativeJS: [0m [90m 1 |[39m [32m'use strict'[39m[33m;[39m
06-14 20:05:51.883 22362 22448 E ReactNativeJS:  [90m 2 |[39m
06-14 20:05:51.883 22362 22448 E ReactNativeJS: [31m[1m>[22m[39m[90m 3 |[39m [36mvar[39m _ansiStyles [33m=[39m _interopRequireDefault(require([32m'ansi-styles'[39m))[33m;[39m
06-14 20:05:51.883 22362 22448 E ReactNativeJS:  [90m   |[39m                                                   [31m[1m^[22m[39m
06-14 20:05:51.883 22362 22448 E ReactNativeJS:  [90m 4 |[39m
06-14 20:05:51.883 22362 22448 E ReactNativeJS:  [90m 5 |[39m [36mvar[39m _collections [33m=[39m require([32m'./collections'[39m)[33m;[39m
06-14 20:05:51.883 22362 22448 E ReactNativeJS:  [90m 6 |[39m[0m] preventSymbolication: true }
06-14 20:05:52.075 22362 22448 E ReactNativeJS: { [Error: undefined Unable to resolve module ansi-styles from D:\arcfire20260607\node_modules\react-native\node_modules\pretty-format\build\index.js: ansi-styles could not be found within the project or in these directories:
06-14 20:05:52.075 22362 22448 E ReactNativeJS:   node_modules\react-native\node_modules
06-14 20:05:52.075 22362 22448 E ReactNativeJS:   node_modules
06-14 20:05:52.075 22362 22448 E ReactNativeJS: [0m [90m 1 |[39m [32m'use strict'[39m[33m;[39m
06-14 20:05:52.075 22362 22448 E ReactNativeJS:  [90m 2 |[39m
06-14 20:05:52.075 22362 22448 E ReactNativeJS: [31m[1m>[22m[39m[90m 3 |[39m [36mvar[39m _ansiStyles [33m=[39m _interopRequireDefault(require([32m'ansi-styles'[39m))[33m;[39m
06-14 20:05:52.075 22362 22448 E ReactNativeJS:  [90m   |[39m                                                   [31m[1m^[22m[39m
06-14 20:05:52.075 22362 22448 E ReactNativeJS:  [90m 4 |[39m
06-14 20:05:52.075 22362 22448 E ReactNativeJS:  [90m 5 |[39m [36mvar[39m _collections [33m=[39m require([32m'./collections'[39m)[33m;[39m
06-14 20:05:52.075 22362 22448 E ReactNativeJS:  [90m 6 |[39m[0m] preventSymbolication: true }
06-14 20:05:53.488 22362 22448 E ReactNativeJS: { [Error: undefined Unable to resolve module ansi-styles from D:\arcfire20260607\node_modules\react-native\node_modules\pretty-format\build\index.js: ansi-styles could not be found within the project or in these directories:
06-14 20:05:53.488 22362 22448 E ReactNativeJS:   node_modules\react-native\node_modules
06-14 20:05:53.488 22362 22448 E ReactNativeJS:   node_modules
06-14 20:05:53.488 22362 22448 E ReactNativeJS: [0m [90m 1 |[39m [32m'use strict'[39m[33m;[39m
06-14 20:05:53.488 22362 22448 E ReactNativeJS:  [90m 2 |[39m
06-14 20:05:53.488 22362 22448 E ReactNativeJS: [31m[1m>[22m[39m[90m 3 |[39m [36mvar[39m _ansiStyles [33m=[39m _interopRequireDefault(require([32m'ansi-styles'[39m))[33m;[39m
06-14 20:05:53.488 22362 22448 E ReactNativeJS:  [90m   |[39m                                                   [31m[1m^[22m[39m
06-14 20:05:53.488 22362 22448 E ReactNativeJS:  [90m 4 |[39m
06-14 20:05:53.488 22362 22448 E ReactNativeJS:  [90m 5 |[39m [36mvar[39m _collections [33m=[39m require([32m'./collections'[39m)[33m;[39m
06-14 20:05:53.488 22362 22448 E ReactNativeJS:  [90m 6 |[39m[0m] preventSymbolication: true }
06-14 20:05:55.973 22362 22448 E ReactNativeJS: { [Error: undefined Unable to resolve module ansi-styles from D:\arcfire20260607\node_modules\react-native\node_modules\pretty-format\build\index.js: ansi-styles could not be found within the project or in these directories:
06-14 20:05:55.973 22362 22448 E ReactNativeJS:   node_modules\react-native\node_modules
06-14 20:05:55.973 22362 22448 E ReactNativeJS:   node_modules
06-14 20:05:55.973 22362 22448 E ReactNativeJS: [0m [90m 1 |[39m [32m'use strict'[39m[33m;[39m
06-14 20:05:55.973 22362 22448 E ReactNativeJS:  [90m 2 |[39m
06-14 20:05:55.973 22362 22448 E ReactNativeJS: [31m[1m>[22m[39m[90m 3 |[39m [36mvar[39m _ansiStyles [33m=[39m _interopRequireDefault(require([32m'ansi-styles'[39m))[33m;[39m
06-14 20:05:55.973 22362 22448 E ReactNativeJS:  [90m   |[39m                                                   [31m[1m^[22m[39m
06-14 20:05:55.973 22362 22448 E ReactNativeJS:  [90m 4 |[39m
06-14 20:05:55.973 22362 22448 E ReactNativeJS:  [90m 5 |[39m [36mvar[39m _collections [33m=[39m require([32m'./collections'[39m)[33m;[39m
06-14 20:05:55.973 22362 22448 E ReactNativeJS:  [90m 6 |[39m[0m] preventSymbolication: true }
06-14 20:05:56.028 22362 22448 E ReactNativeJS: { [Error: undefined Unable to resolve module ansi-styles from D:\arcfire20260607\node_modules\react-native\node_modules\pretty-format\build\index.js: ansi-styles could not be found within the project or in these directories:
06-14 20:05:56.028 22362 22448 E ReactNativeJS:   node_modules\react-native\node_modules
06-14 20:05:56.028 22362 22448 E ReactNativeJS:   node_modules
06-14 20:05:56.028 22362 22448 E ReactNativeJS: [0m [90m 1 |[39m [32m'use strict'[39m[33m;[39m
06-14 20:05:56.028 22362 22448 E ReactNativeJS:  [90m 2 |[39m
06-14 20:05:56.028 22362 22448 E ReactNativeJS: [31m[1m>[22m[39m[90m 3 |[39m [36mvar[39m _ansiStyles [33m=[39m _interopRequireDefault(require([32m'ansi-styles'[39m))[33m;[39m
06-14 20:05:56.028 22362 22448 E ReactNativeJS:  [90m   |[39m                                                   [31m[1m^[22m[39m
06-14 20:05:56.028 22362 22448 E ReactNativeJS:  [90m 4 |[39m
06-14 20:05:56.028 22362 22448 E ReactNativeJS:  [90m 5 |[39m [36mvar[39m _collections [33m=[39m require([32m'./collections'[39m)[33m;[39m
06-14 20:05:56.028 22362 22448 E ReactNativeJS:  [90m 6 |[39m[0m] preventSymbolication: true }
06-14 20:06:23.910 22362 22448 E ReactNativeJS: { [Error: undefined Unable to resolve module ansi-styles from D:\arcfire20260607\node_modules\react-native\node_modules\pretty-format\build\index.js: ansi-styles could not be found within the project or in these directories:
06-14 20:06:23.910 22362 22448 E ReactNativeJS:   node_modules\react-native\node_modules
06-14 20:06:23.910 22362 22448 E ReactNativeJS:   node_modules
06-14 20:06:23.910 22362 22448 E ReactNativeJS: [0m [90m 1 |[39m [32m'use strict'[39m[33m;[39m
06-14 20:06:23.910 22362 22448 E ReactNativeJS:  [90m 2 |[39m
06-14 20:06:23.910 22362 22448 E ReactNativeJS: [31m[1m>[22m[39m[90m 3 |[39m [36mvar[39m _ansiStyles [33m=[39m _interopRequireDefault(require([32m'ansi-styles'[39m))[33m;[39m
06-14 20:06:23.910 22362 22448 E ReactNativeJS:  [90m   |[39m                                                   [31m[1m^[22m[39m
06-14 20:06:23.910 22362 22448 E ReactNativeJS:  [90m 4 |[39m
06-14 20:06:23.910 22362 22448 E ReactNativeJS:  [90m 5 |[39m [36mvar[39m _collections [33m=[39m require([32m'./collections'[39m)[33m;[39m
06-14 20:06:23.910 22362 22448 E ReactNativeJS:  [90m 6 |[39m[0m] preventSymbolication: true }
06-14 20:06:24.218 22362 22448 E ReactNativeJS: { [Error: undefined Unable to resolve module ansi-styles from D:\arcfire20260607\node_modules\react-native\node_modules\pretty-format\build\index.js: ansi-styles could not be found within the project or in these directories:
06-14 20:06:24.218 22362 22448 E ReactNativeJS:   node_modules\react-native\node_modules
06-14 20:06:24.218 22362 22448 E ReactNativeJS:   node_modules
06-14 20:06:24.218 22362 22448 E ReactNativeJS: [0m [90m 1 |[39m [32m'use strict'[39m[33m;[39m
06-14 20:06:24.218 22362 22448 E ReactNativeJS:  [90m 2 |[39m
06-14 20:06:24.218 22362 22448 E ReactNativeJS: [31m[1m>[22m[39m[90m 3 |[39m [36mvar[39m _ansiStyles [33m=[39m _interopRequireDefault(require([32m'ansi-styles'[39m))[33m;[39m
06-14 20:06:24.218 22362 22448 E ReactNativeJS:  [90m   |[39m                                                   [31m[1m^[22m[39m
06-14 20:06:24.218 22362 22448 E ReactNativeJS:  [90m 4 |[39m
06-14 20:06:24.218 22362 22448 E ReactNativeJS:  [90m 5 |[39m [36mvar[39m _collections [33m=[39m require([32m'./collections'[39m)[33m;[39m
06-14 20:06:24.218 22362 22448 E ReactNativeJS:  [90m 6 |[39m[0m] preventSymbolication: true }
06-14 20:07:34.581 22362 22448 E ReactNativeJS: { [Error: undefined Unable to resolve module ansi-styles from D:\arcfire20260607\node_modules\react-native\node_modules\pretty-format\build\index.js: ansi-styles could not be found within the project or in these directories:
06-14 20:07:34.581 22362 22448 E ReactNativeJS:   node_modules\react-native\node_modules
06-14 20:07:34.581 22362 22448 E ReactNativeJS:   node_modules
06-14 20:07:34.581 22362 22448 E ReactNativeJS: [0m [90m 1 |[39m [32m'use strict'[39m[33m;[39m
06-14 20:07:34.581 22362 22448 E ReactNativeJS:  [90m 2 |[39m
06-14 20:07:34.581 22362 22448 E ReactNativeJS: [31m[1m>[22m[39m[90m 3 |[39m [36mvar[39m _ansiStyles [33m=[39m _interopRequireDefault(require([32m'ansi-styles'[39m))[33m;[39m
06-14 20:07:34.581 22362 22448 E ReactNativeJS:  [90m   |[39m                                                   [31m[1m^[22m[39m
06-14 20:07:34.581 22362 22448 E ReactNativeJS:  [90m 4 |[39m
06-14 20:07:34.581 22362 22448 E ReactNativeJS:  [90m 5 |[39m [36mvar[39m _collections [33m=[39m require([32m'./collections'[39m)[33m;[39m
06-14 20:07:34.581 22362 22448 E ReactNativeJS:  [90m 6 |[39m[0m] preventSymbolication: true }
06-14 20:07:35.874 22362 22448 E ReactNativeJS: { [Error: undefined Unable to resolve module ansi-styles from D:\arcfire20260607\node_modules\react-native\node_modules\pretty-format\build\index.js: ansi-styles could not be found within the project or in these directories:
06-14 20:07:35.874 22362 22448 E ReactNativeJS:   node_modules\react-native\node_modules
06-14 20:07:35.874 22362 22448 E ReactNativeJS:   node_modules
06-14 20:07:35.874 22362 22448 E ReactNativeJS: [0m [90m 1 |[39m [32m'use strict'[39m[33m;[39m
06-14 20:07:35.874 22362 22448 E ReactNativeJS:  [90m 2 |[39m
06-14 20:07:35.874 22362 22448 E ReactNativeJS: [31m[1m>[22m[39m[90m 3 |[39m [36mvar[39m _ansiStyles [33m=[39m _interopRequireDefault(require([32m'ansi-styles'[39m))[33m;[39m
06-14 20:07:35.874 22362 22448 E ReactNativeJS:  [90m   |[39m                                                   [31m[1m^[22m[39m
06-14 20:07:35.874 22362 22448 E ReactNativeJS:  [90m 4 |[39m
06-14 20:07:35.874 22362 22448 E ReactNativeJS:  [90m 5 |[39m [36mvar[39m _collections [33m=[39m require([32m'./collections'[39m)[33m;[39m
06-14 20:07:35.874 22362 22448 E ReactNativeJS:  [90m 6 |[39m[0m] preventSymbolication: true }
06-14 20:11:56.316 22362 22448 E ReactNativeJS: { [Error: undefined Unable to resolve module ansi-styles from D:\arcfire20260607\node_modules\react-native\node_modules\pretty-format\build\index.js: ansi-styles could not be found within the project or in these directories:
06-14 20:11:56.316 22362 22448 E ReactNativeJS:   node_modules\react-native\node_modules
06-14 20:11:56.316 22362 22448 E ReactNativeJS:   node_modules
06-14 20:11:56.316 22362 22448 E ReactNativeJS: [0m [90m 1 |[39m [32m'use strict'[39m[33m;[39m
06-14 20:11:56.316 22362 22448 E ReactNativeJS:  [90m 2 |[39m
06-14 20:11:56.316 22362 22448 E ReactNativeJS: [31m[1m>[22m[39m[90m 3 |[39m [36mvar[39m _ansiStyles [33m=[39m _interopRequireDefault(require([32m'ansi-styles'[39m))[33m;[39m
06-14 20:11:56.316 22362 22448 E ReactNativeJS:  [90m   |[39m                                                   [31m[1m^[22m[39m
06-14 20:11:56.316 22362 22448 E ReactNativeJS:  [90m 4 |[39m
06-14 20:11:56.316 22362 22448 E ReactNativeJS:  [90m 5 |[39m [36mvar[39m _collections [33m=[39m require([32m'./collections'[39m)[33m;[39m
06-14 20:11:56.316 22362 22448 E ReactNativeJS:  [90m 6 |[39m[0m] preventSymbolication: true }
06-14 20:11:56.921 22362 22448 E ReactNativeJS: { [Error: undefined Unable to resolve module ansi-styles from D:\arcfire20260607\node_modules\react-native\node_modules\pretty-format\build\index.js: ansi-styles could not be found within the project or in these directories:
06-14 20:11:56.921 22362 22448 E ReactNativeJS:   node_modules\react-native\node_modules
06-14 20:11:56.921 22362 22448 E ReactNativeJS:   node_modules
06-14 20:11:56.921 22362 22448 E ReactNativeJS: [0m [90m 1 |[39m [32m'use strict'[39m[33m;[39m
06-14 20:11:56.921 22362 22448 E ReactNativeJS:  [90m 2 |[39m
06-14 20:11:56.921 22362 22448 E ReactNativeJS: [31m[1m>[22m[39m[90m 3 |[39m [36mvar[39m _ansiStyles [33m=[39m _interopRequireDefault(require([32m'ansi-styles'[39m))[33m;[39m
06-14 20:11:56.921 22362 22448 E ReactNativeJS:  [90m   |[39m                                                   [31m[1m^[22m[39m
06-14 20:11:56.921 22362 22448 E ReactNativeJS:  [90m 4 |[39m
06-14 20:11:56.921 22362 22448 E ReactNativeJS:  [90m 5 |[39m [36mvar[39m _collections [33m=[39m require([32m'./collections'[39m)[33m;[39m
06-14 20:11:56.921 22362 22448 E ReactNativeJS:  [90m 6 |[39m[0m] preventSymbolication: true }
06-14 20:30:48.065 31703 31703 E libc    : SetHeapTaggingLevel: re-enabling tagging after it was disabled is not supported
06-14 21:12:21.052  4067  4441 E ReactNativeJS: Error: Exception in HostFunction: Value is a string, expected a number
06-14 21:22:13.543  4067  4441 E ReactNativeJS: { [Error: TransformError SyntaxError: D:\arcfire20260607\src\components\planet\planetHub\planetHubSubcomponents.tsx: Identifier 'PLANET_MAIN_COMBAT_LAYER_HEIGHT_SCALE_Y' has already been declared. (46:2)
06-14 21:22:13.543  4067  4441 E ReactNativeJS: 
06-14 21:22:13.543  4067  4441 E ReactNativeJS: [0m [90m 44 |[39m   [33mPLANET_CORE_GAUGE_SPEC[39m[33m,[39m
06-14 21:22:13.543  4067  4441 E ReactNativeJS:  [90m 45 |[39m   [33mPLANET_HUB_CAPITAL_COMBAT_GRAY[39m[33m,[39m
06-14 21:22:13.543  4067  4441 E ReactNativeJS: [31m[1m>[22m[39m[90m 46 |[39m   [33mPLANET_MAIN_COMBAT_LAYER_HEIGHT_SCALE_Y[39m[33m,[39m
06-14 21:22:13.543  4067  4441 E ReactNativeJS:  [90m    |[39m   [31m[1m^[22m[39m
06-14 21:22:13.543  4067  4441 E ReactNativeJS:  [90m 47 |[39m   [33mPLANET_MAIN_COMBAT_LAYER_WIDTH_SCALE_X[39m[33m,[39m
06-14 21:22:13.543  4067  4441 E ReactNativeJS:  [90m 48 |[39m   [33mPLANET_MAIN_ORBIT_VISUAL_LIFT_PX[39m[33m,[39m
06-14 21:22:13.543  4067  4441 E ReactNativeJS:  [90m 49 |[39m   splitNearbyInfoLine[33m,[39m[0m] preventSymbolication: true }
06-14 21:22:13.982  4067  4441 E ReactNativeJS: { [Error: TransformError SyntaxError: D:\arcfire20260607\src\components\planet\planetHub\planetHubSubcomponents.tsx: Identifier 'PLANET_MAIN_COMBAT_LAYER_HEIGHT_SCALE_Y' has already been declared. (46:2)
06-14 21:22:13.982  4067  4441 E ReactNativeJS: 
06-14 21:22:13.982  4067  4441 E ReactNativeJS: [0m [90m 44 |[39m   [33mPLANET_CORE_GAUGE_SPEC[39m[33m,[39m
06-14 21:22:13.982  4067  4441 E ReactNativeJS:  [90m 45 |[39m   [33mPLANET_HUB_CAPITAL_COMBAT_GRAY[39m[33m,[39m
06-14 21:22:13.982  4067  4441 E ReactNativeJS: [31m[1m>[22m[39m[90m 46 |[39m   [33mPLANET_MAIN_COMBAT_LAYER_HEIGHT_SCALE_Y[39m[33m,[39m
06-14 21:22:13.982  4067  4441 E ReactNativeJS:  [90m    |[39m   [31m[1m^[22m[39m
06-14 21:22:13.982  4067  4441 E ReactNativeJS:  [90m 47 |[39m   [33mPLANET_MAIN_COMBAT_LAYER_WIDTH_SCALE_X[39m[33m,[39m
06-14 21:22:13.982  4067  4441 E ReactNativeJS:  [90m 48 |[39m   [33mPLANET_MAIN_ORBIT_VISUAL_LIFT_PX[39m[33m,[39m
06-14 21:22:13.982  4067  4441 E ReactNativeJS:  [90m 49 |[39m   splitNearbyInfoLine[33m,[39m[0m] preventSymbolication: true }
06-14 21:22:14.612  4067  4441 E ReactNativeJS: { [Error: TransformError SyntaxError: D:\arcfire20260607\src\components\planet\planetHub\planetHubSubcomponents.tsx: Identifier 'PLANET_MAIN_COMBAT_LAYER_HEIGHT_SCALE_Y' has already been declared. (46:2)
06-14 21:22:14.612  4067  4441 E ReactNativeJS: 
06-14 21:22:14.612  4067  4441 E ReactNativeJS: [0m [90m 44 |[39m   [33mPLANET_CORE_GAUGE_SPEC[39m[33m,[39m
06-14 21:22:14.612  4067  4441 E ReactNativeJS:  [90m 45 |[39m   [33mPLANET_HUB_CAPITAL_COMBAT_GRAY[39m[33m,[39m
06-14 21:22:14.612  4067  4441 E ReactNativeJS: [31m[1m>[22m[39m[90m 46 |[39m   [33mPLANET_MAIN_COMBAT_LAYER_HEIGHT_SCALE_Y[39m[33m,[39m
06-14 21:22:14.612  4067  4441 E ReactNativeJS:  [90m    |[39m   [31m[1m^[22m[39m
06-14 21:22:14.612  4067  4441 E ReactNativeJS:  [90m 47 |[39m   [33mPLANET_MAIN_COMBAT_LAYER_WIDTH_SCALE_X[39m[33m,[39m
06-14 21:22:14.612  4067  4441 E ReactNativeJS:  [90m 48 |[39m   [33mPLANET_MAIN_ORBIT_VISUAL_LIFT_PX[39m[33m,[39m
06-14 21:22:14.612  4067  4441 E ReactNativeJS:  [90m 49 |[39m   splitNearbyInfoLine[33m,[39m[0m] preventSymbolication: true }
06-14 21:22:15.653  4067  4441 E ReactNativeJS: { [Error: TransformError SyntaxError: D:\arcfire20260607\src\components\planet\planetHub\planetHubSubcomponents.tsx: Identifier 'PLANET_MAIN_COMBAT_LAYER_HEIGHT_SCALE_Y' has already been declared. (46:2)
06-14 21:22:15.653  4067  4441 E ReactNativeJS: 
06-14 21:22:15.653  4067  4441 E ReactNativeJS: [0m [90m 44 |[39m   [33mPLANET_CORE_GAUGE_SPEC[39m[33m,[39m
06-14 21:22:15.653  4067  4441 E ReactNativeJS:  [90m 45 |[39m   [33mPLANET_HUB_CAPITAL_COMBAT_GRAY[39m[33m,[39m
06-14 21:22:15.653  4067  4441 E ReactNativeJS: [31m[1m>[22m[39m[90m 46 |[39m   [33mPLANET_MAIN_COMBAT_LAYER_HEIGHT_SCALE_Y[39m[33m,[39m
06-14 21:22:15.653  4067  4441 E ReactNativeJS:  [90m    |[39m   [31m[1m^[22m[39m
06-14 21:22:15.653  4067  4441 E ReactNativeJS:  [90m 47 |[39m   [33mPLANET_MAIN_COMBAT_LAYER_WIDTH_SCALE_X[39m[33m,[39m
06-14 21:22:15.653  4067  4441 E ReactNativeJS:  [90m 48 |[39m   [33mPLANET_MAIN_ORBIT_VISUAL_LIFT_PX[39m[33m,[39m
06-14 21:22:15.653  4067  4441 E ReactNativeJS:  [90m 49 |[39m   splitNearbyInfoLine[33m,[39m[0m] preventSymbolication: true }
06-14 21:22:21.497  4067  4441 E ReactNativeJS: { [Error: TransformError SyntaxError: D:\arcfire20260607\src\components\planet\planetHub\planetHubSubcomponents.tsx: Identifier 'PLANET_MAIN_COMBAT_LAYER_HEIGHT_SCALE_Y' has already been declared. (46:2)
06-14 21:22:21.497  4067  4441 E ReactNativeJS: 
06-14 21:22:21.497  4067  4441 E ReactNativeJS: [0m [90m 44 |[39m   [33mPLANET_CORE_GAUGE_SPEC[39m[33m,[39m
06-14 21:22:21.497  4067  4441 E ReactNativeJS:  [90m 45 |[39m   [33mPLANET_HUB_CAPITAL_COMBAT_GRAY[39m[33m,[39m
06-14 21:22:21.497  4067  4441 E ReactNativeJS: [31m[1m>[22m[39m[90m 46 |[39m   [33mPLANET_MAIN_COMBAT_LAYER_HEIGHT_SCALE_Y[39m[33m,[39m
06-14 21:22:21.497  4067  4441 E ReactNativeJS:  [90m    |[39m   [31m[1m^[22m[39m
06-14 21:22:21.497  4067  4441 E ReactNativeJS:  [90m 47 |[39m   [33mPLANET_MAIN_COMBAT_LAYER_WIDTH_SCALE_X[39m[33m,[39m
06-14 21:22:21.497  4067  4441 E ReactNativeJS:  [90m 48 |[39m   [33mPLANET_MAIN_ORBIT_VISUAL_LIFT_PX[39m[33m,[39m
06-14 21:22:21.497  4067  4441 E ReactNativeJS:  [90m 49 |[39m   splitNearbyInfoLine[33m,[39m[0m] preventSymbolication: true }
06-14 21:22:24.511  4067  4441 E ReactNativeJS: { [Error: TransformError SyntaxError: D:\arcfire20260607\src\components\planet\planetHub\planetHubSubcomponents.tsx: Identifier 'PLANET_MAIN_COMBAT_LAYER_HEIGHT_SCALE_Y' has already been declared. (46:2)
06-14 21:22:24.511  4067  4441 E ReactNativeJS: 
06-14 21:22:24.511  4067  4441 E ReactNativeJS: [0m [90m 44 |[39m   [33mPLANET_CORE_GAUGE_SPEC[39m[33m,[39m
06-14 21:22:24.511  4067  4441 E ReactNativeJS:  [90m 45 |[39m   [33mPLANET_HUB_CAPITAL_COMBAT_GRAY[39m[33m,[39m
06-14 21:22:24.511  4067  4441 E ReactNativeJS: [31m[1m>[22m[39m[90m 46 |[39m   [33mPLANET_MAIN_COMBAT_LAYER_HEIGHT_SCALE_Y[39m[33m,[39m
06-14 21:22:24.511  4067  4441 E ReactNativeJS:  [90m    |[39m   [31m[1m^[22m[39m
06-14 21:22:24.511  4067  4441 E ReactNativeJS:  [90m 47 |[39m   [33mPLANET_MAIN_COMBAT_LAYER_WIDTH_SCALE_X[39m[33m,[39m
06-14 21:22:24.511  4067  4441 E ReactNativeJS:  [90m 48 |[39m   [33mPLANET_MAIN_ORBIT_VISUAL_LIFT_PX[39m[33m,[39m
06-14 21:22:24.511  4067  4441 E ReactNativeJS:  [90m 49 |[39m   splitNearbyInfoLine[33m,[39m[0m] preventSymbolication: true }
06-14 21:22:26.677  4067  4441 E ReactNativeJS: { [Error: TransformError SyntaxError: D:\arcfire20260607\src\components\planet\planetHub\planetHubSubcomponents.tsx: Identifier 'PLANET_MAIN_COMBAT_LAYER_HEIGHT_SCALE_Y' has already been declared. (46:2)
06-14 21:22:26.677  4067  4441 E ReactNativeJS: 
06-14 21:22:26.677  4067  4441 E ReactNativeJS: [0m [90m 44 |[39m   [33mPLANET_CORE_GAUGE_SPEC[39m[33m,[39m
06-14 21:22:26.677  4067  4441 E ReactNativeJS:  [90m 45 |[39m   [33mPLANET_HUB_CAPITAL_COMBAT_GRAY[39m[33m,[39m
06-14 21:22:26.677  4067  4441 E ReactNativeJS: [31m[1m>[22m[39m[90m 46 |[39m   [33mPLANET_MAIN_COMBAT_LAYER_HEIGHT_SCALE_Y[39m[33m,[39m
06-14 21:22:26.677  4067  4441 E ReactNativeJS:  [90m    |[39m   [31m[1m^[22m[39m
06-14 21:22:26.677  4067  4441 E ReactNativeJS:  [90m 47 |[39m   [33mPLANET_MAIN_COMBAT_LAYER_WIDTH_SCALE_X[39m[33m,[39m
06-14 21:22:26.677  4067  4441 E ReactNativeJS:  [90m 48 |[39m   [33mPLANET_MAIN_ORBIT_VISUAL_LIFT_PX[39m[33m,[39m
06-14 21:22:26.677  4067  4441 E ReactNativeJS:  [90m 49 |[39m   splitNearbyInfoLine[33m,[39m[0m] preventSymbolication: true }
06-14 21:22:28.352  4067  4441 E ReactNativeJS: { [Error: TransformError SyntaxError: D:\arcfire20260607\src\components\planet\planetHub\planetHubSubcomponents.tsx: Identifier 'PLANET_MAIN_COMBAT_LAYER_HEIGHT_SCALE_Y' has already been declared. (46:2)
06-14 21:22:28.352  4067  4441 E ReactNativeJS: 
06-14 21:22:28.352  4067  4441 E ReactNativeJS: [0m [90m 44 |[39m   [33mPLANET_CORE_GAUGE_SPEC[39m[33m,[39m
06-14 21:22:28.352  4067  4441 E ReactNativeJS:  [90m 45 |[39m   [33mPLANET_HUB_CAPITAL_COMBAT_GRAY[39m[33m,[39m
06-14 21:22:28.352  4067  4441 E ReactNativeJS: [31m[1m>[22m[39m[90m 46 |[39m   [33mPLANET_MAIN_COMBAT_LAYER_HEIGHT_SCALE_Y[39m[33m,[39m
06-14 21:22:28.352  4067  4441 E ReactNativeJS:  [90m    |[39m   [31m[1m^[22m[39m
06-14 21:22:28.352  4067  4441 E ReactNativeJS:  [90m 47 |[39m   [33mPLANET_MAIN_COMBAT_LAYER_WIDTH_SCALE_X[39m[33m,[39m
06-14 21:22:28.352  4067  4441 E ReactNativeJS:  [90m 48 |[39m   [33mPLANET_MAIN_ORBIT_VISUAL_LIFT_PX[39m[33m,[39m
06-14 21:22:28.352  4067  4441 E ReactNativeJS:  [90m 49 |[39m   splitNearbyInfoLine[33m,[39m[0m] preventSymbolication: true }
06-14 22:06:32.428  7948  8060 E ReactNativeJS: ReferenceError: Property 'Text' doesn't exist
06-14 22:06:32.428  7948  8060 E ReactNativeJS: 
06-14 22:06:32.428  7948  8060 E ReactNativeJS: This error is located at:
06-14 22:06:32.428  7948  8060 E ReactNativeJS:     in HubInboundDroneMark (created by PlanetHubInboundDroneLayer)
06-14 22:06:32.428  7948  8060 E ReactNativeJS:     in RCTView (created by View)
06-14 22:06:32.428  7948  8060 E ReactNativeJS:     in View (created by PlanetHubInboundDroneLayer)
06-14 22:06:32.428  7948  8060 E ReactNativeJS:     in PlanetHubInboundDroneLayer (created by PlanetStageBackground)
06-14 22:06:32.428  7948  8060 E ReactNativeJS:     in RCTView (created by View)
06-14 22:06:32.428  7948  8060 E ReactNativeJS:     in View (created by PlanetStageBackground)
06-14 22:06:32.428  7948  8060 E ReactNativeJS:     in RCTView (created by View)
06-14 22:06:32.428  7948  8060 E ReactNativeJS:     in View (created by PlanetStageBackground)
06-14 22:06:32.428  7948  8060 E ReactNativeJS:     in RCTView (created by View)
06-14 22:06:32.428  7948  8060 E ReactNativeJS:     in View (created by PlanetStageBackground)
06-14 22:06:32.428  7948  8060 E ReactNativeJS:     in RCTView (created by View)
06-14 22:06:32.428  7948  8060 E ReactNativeJS:     in View (created by PlanetStageBackground)
06-14 22:06:32.428  7948  8060 E ReactNativeJS:     in RCTView (created by View)
06-14 22:06:32.428  7948  8060 E ReactNativeJS:     in View (created by PlanetStageBackground)
06-14 22:06:32.428  7948  8060 E ReactNativeJS:     in RCTView (created by View)
06-14 22:06:32.428  7948  8060 E ReactNativeJS:     in View (created by PlanetStageBackground)
06-14 22:06:32.428  7948  8060 E ReactNativeJS:     in PlanetStageBackground (created by PlanetScreen)
06-14 22:06:32.428  7948  8060 E ReactNativeJS:     in RCTView (created by View)
06-14 22:06:32.428  7948  8060 E ReactNativeJS:     in View (created by StageShellInner)
06-14 22:06:32.428  7948  8060 E ReactNativeJS:     in RCTView (created by View)
06-14 22:06:32.428  7948  8060 E ReactNativeJS:     in View (created by StageShellInner)
06-14 22:06:32.428  7948  8060 E ReactNativeJS:     in RNCSafeAreaView
06-14 22:06:32.428  7948  8060 E ReactNativeJS:     in Unknown (created by StageShellInner)
06-14 22:06:32.428  7948  8060 E ReactNativeJS:     in StageShellInner (created by PlanetScreen)
06-14 22:06:32.428  7948  8060 E ReactNativeJS:     in PlanetCapitalCombatRoot (created by PlanetScreen)
06-14 22:06:32.428  7948  8060 E ReactNativeJS:     in PlanetScreen
06-14 22:06:32.428  7948  8060 E ReactNativeJS:     in Unknown (created by Route(planet))
06-14 22:06:32.428  7948  8060 E ReactNativeJS:     in Suspense (created by Route(planet))
06-14 22:06:32.428  7948  8060 E ReactNativeJS:     in Route (created by Route(planet))
06-14 22:06:32.428  7948  8060 E ReactNativeJS:     in Route(planet) (created by SceneView)
06-14 22:06:32.428  7948  8060 E ReactNativeJS:     in StaticContainer
06-14 22:06:32.428  7948  8060 E ReactNativeJS:     in EnsureSingleNavigator (created by SceneView)
06-14 22:06:32.428  7948  8060 E ReactNativeJS:     in SceneView (created by SceneView)
06-14 22:06:32.428  7948  8060 E ReactNativeJS:     in RCTView (created by View)
06-14 22:06:32.428  7948  8060 E ReactNativeJS:     in View (created by DebugContainer)
06-14 22:06:32.428  7948  8060 E ReactNativeJS:     in DebugContainer (created by MaybeNestedStack)
06-14 22:06:32.428  7948  8060 E ReactNativeJS:     in MaybeNestedStack (created by SceneView)
06-14 22:06:32.428  7948  8060 E ReactNativeJS:     in RCTView (created by View)
06-14 22:06:32.428  7948  8060 E ReactNativeJS:     in View (created by SceneView)
06-14 22:06:32.428  7948  8060 E ReactNativeJS:     in RNSScreen (created by Animated(Anonymous))
06-14 22:06:32.428  7948  8060 E ReactNativeJS:     in Animated(Anonymous) (created by InnerScreen)
06-14 22:06:32.428  7948  8060 E ReactNativeJS:     in Suspender (created by Freeze)
06-14 22:06:32.428  7948  8060 E ReactNativeJS:     in Suspense (created by Freeze)
06-14 22:06:32.428  7948  8060 E ReactNativeJS:     in Freeze (created by DelayedFreeze)
06-14 22:06:32.428  7948  8060 E ReactNativeJS:     in DelayedFreeze (created by InnerScreen)
06-14 22:06:32.428  7948  8060 E ReactNativeJS:     in InnerScreen (created by Screen)
06-14 22:06:32.428  7948  8060 E ReactNativeJS:     in Screen (created by SceneView)
06-14 22:06:32.428  7948  8060 E ReactNativeJS:     in SceneView (created by NativeStackViewInner)
06-14 22:06:32.428  7948  8060 E ReactNativeJS:     in Suspender (created by Freeze)
06-14 22:06:32.428  7948  8060 E ReactNativeJS:     in Suspense (created by Freeze)
06-14 22:06:32.428  7948  8060 E ReactNativeJS:     in Freeze (created by DelayedFreeze)
06-14 22:06:32.428  7948  8060 E ReactNativeJS:     in DelayedFreeze (created by ScreenStack)
06-14 22:06:32.428  7948  8060 E ReactNativeJS:     in RNSScreenStack (created by ScreenStack)
06-14 22:06:32.428  7948  8060 E ReactNativeJS:     in ScreenStack (created by NativeStackViewInner)
06-14 22:06:32.428  7948  8060 E ReactNativeJS:     in NativeStackViewInner (created by NativeStackView)
06-14 22:06:32.428  7948  8060 E ReactNativeJS:     in RCTView (created by View)
06-14 22:06:32.428  7948  8060 E ReactNativeJS:     in View (created by SafeAreaProviderCompat)
06-14 22:06:32.428  7948  8060 E ReactNativeJS:     in SafeAreaProviderCompat (created by NativeStackView)
06-14 22:06:32.428  7948  8060 E ReactNativeJS:     in NativeStackView (created by NativeStackNavigator)
06-14 22:06:32.428  7948  8060 E ReactNativeJS:     in PreventRemoveProvider (created by NavigationContent)
06-14 22:06:32.428  7948  8060 E ReactNativeJS:     in NavigationContent
06-14 22:06:32.428  7948  8060 E ReactNativeJS:     in Unknown (created by NativeStackNavigator)
06-14 22:06:32.428  7948  8060 E ReactNativeJS:     in NativeStackNavigator
06-14 22:06:32.428  7948  8060 E ReactNativeJS:     in Unknown (created by GameLayout)
06-14 22:06:32.428  7948  8060 E ReactNativeJS:     in GameLayout
06-14 22:06:32.428  7948  8060 E ReactNativeJS:     in Unknown (created by Route((game)))
06-14 22:06:32.428  7948  8060 E ReactNativeJS:     in Suspense (created by Route((game)))
06-14 22:06:32.428  7948  8060 E ReactNativeJS:     in Route (created by Route((game)))
06-14 22:06:32.428  7948  8060 E ReactNativeJS:     in Route((game)) (created by SceneView)
06-14 22:06:32.428  7948  8060 E ReactNativeJS:     in StaticContainer
06-14 22:06:32.428  7948  8060 E ReactNativeJS:     in EnsureSingleNavigator (created by SceneView)
06-14 22:06:32.428  7948  8060 E ReactNativeJS:     in SceneView (created by SceneView)
06-14 22:06:32.428  7948  8060 E ReactNativeJS:     in RCTView (created by View)
06-14 22:06:32.428  7948  8060 E ReactNativeJS:     in View (created by DebugContainer)
06-14 22:06:32.428  7948  8060 E ReactNativeJS:     in DebugContainer (created by MaybeNestedStack)
06-14 22:06:32.428  7948  8060 E ReactNativeJS:     in MaybeNestedStack (created by SceneView)
06-14 22:06:32.428  7948  8060 E ReactNativeJS:     in RCTView (created by View)
06-14 22:06:32.428  7948  8060 E ReactNativeJS:     in View (created by SceneView)
06-14 22:06:32.428  7948  8060 E ReactNativeJS:     in RNSScreen (created by Animated(Anonymous))
06-14 22:06:32.428  7948  8060 E ReactNativeJS:     in Animated(Anonymous) (created by InnerScreen)
06-14 22:06:32.428  7948  8060 E ReactNativeJS:     in Suspender (created by Freeze)
06-14 22:06:32.428  7948  8060 E ReactNativeJS:     in Suspense (created by Freeze)
06-14 22:06:32.428  7948  8060 E ReactNativeJS:     in Freeze (created by DelayedFreeze)
06-14 22:06:32.428  7948  8060 E ReactNativeJS:     in DelayedFreeze (created by InnerScreen)
06-14 22:06:32.428  7948  8060 E ReactNativeJS:     in InnerScreen (created by Screen)
06-14 22:06:32.428  7948  8060 E ReactNativeJS:     in Screen (created by SceneView)
06-14 22:06:32.428  7948  8060 E ReactNativeJS:     in SceneView (created by NativeStackViewInner)
06-14 22:06:32.428  7948  8060 E ReactNativeJS:     in Suspender (created by Freeze)
06-14 22:06:32.428  7948  8060 E ReactNativeJS:     in Suspense (created by Freeze)
06-14 22:06:32.428  7948  8060 E ReactNativeJS:     in Freeze (created by DelayedFreeze)
06-14 22:06:32.428  7948  8060 E ReactNativeJS:     in DelayedFreeze (created by ScreenStack)
06-14 22:06:32.428  7948  8060 E ReactNativeJS:     in RNSScreenStack (created by ScreenStack)
06-14 22:06:32.428  7948  8060 E ReactNativeJS:     in ScreenStack (created by NativeStackViewInner)
06-14 22:06:32.428  7948  8060 E ReactNativeJS:     in NativeStackViewInner (created by NativeStackView)
06-14 22:06:32.428  7948  8060 E ReactNativeJS:     in RCTView (created by View)
06-14 22:06:32.428  7948  8060 E ReactNativeJS:     in View (cre
06-14 22:06:32.495  7948  8060 E ReactNativeJS: ReferenceError: Property 'Text' doesn't exist
06-14 22:06:32.495  7948  8060 E ReactNativeJS: 
06-14 22:06:32.495  7948  8060 E ReactNativeJS: This error is located at:
06-14 22:06:32.495  7948  8060 E ReactNativeJS:     in HubInboundDroneMark (created by PlanetHubInboundDroneLayer)
06-14 22:06:32.495  7948  8060 E ReactNativeJS:     in RCTView (created by View)
06-14 22:06:32.495  7948  8060 E ReactNativeJS:     in View (created by PlanetHubInboundDroneLayer)
06-14 22:06:32.495  7948  8060 E ReactNativeJS:     in PlanetHubInboundDroneLayer (created by PlanetStageBackground)
06-14 22:06:32.495  7948  8060 E ReactNativeJS:     in RCTView (created by View)
06-14 22:06:32.495  7948  8060 E ReactNativeJS:     in View (created by PlanetStageBackground)
06-14 22:06:32.495  7948  8060 E ReactNativeJS:     in RCTView (created by View)
06-14 22:06:32.495  7948  8060 E ReactNativeJS:     in View (created by PlanetStageBackground)
06-14 22:06:32.495  7948  8060 E ReactNativeJS:     in RCTView (created by View)
06-14 22:06:32.495  7948  8060 E ReactNativeJS:     in View (created by PlanetStageBackground)
06-14 22:06:32.495  7948  8060 E ReactNativeJS:     in RCTView (created by View)
06-14 22:06:32.495  7948  8060 E ReactNativeJS:     in View (created by PlanetStageBackground)
06-14 22:06:32.495  7948  8060 E ReactNativeJS:     in RCTView (created by View)
06-14 22:06:32.495  7948  8060 E ReactNativeJS:     in View (created by PlanetStageBackground)
06-14 22:06:32.495  7948  8060 E ReactNativeJS:     in RCTView (created by View)
06-14 22:06:32.495  7948  8060 E ReactNativeJS:     in View (created by PlanetStageBackground)
06-14 22:06:32.495  7948  8060 E ReactNativeJS:     in PlanetStageBackground (created by PlanetScreen)
06-14 22:06:32.495  7948  8060 E ReactNativeJS:     in RCTView (created by View)
06-14 22:06:32.495  7948  8060 E ReactNativeJS:     in View (created by StageShellInner)
06-14 22:06:32.495  7948  8060 E ReactNativeJS:     in RCTView (created by View)
06-14 22:06:32.495  7948  8060 E ReactNativeJS:     in View (created by StageShellInner)
06-14 22:06:32.495  7948  8060 E ReactNativeJS:     in RNCSafeAreaView
06-14 22:06:32.495  7948  8060 E ReactNativeJS:     in Unknown (created by StageShellInner)
06-14 22:06:32.495  7948  8060 E ReactNativeJS:     in StageShellInner (created by PlanetScreen)
06-14 22:06:32.495  7948  8060 E ReactNativeJS:     in PlanetCapitalCombatRoot (created by PlanetScreen)
06-14 22:06:32.495  7948  8060 E ReactNativeJS:     in PlanetScreen
06-14 22:06:32.495  7948  8060 E ReactNativeJS:     in Unknown (created by Route(planet))
06-14 22:06:32.495  7948  8060 E ReactNativeJS:     in Suspense (created by Route(planet))
06-14 22:06:32.495  7948  8060 E ReactNativeJS:     in Route (created by Route(planet))
06-14 22:06:32.495  7948  8060 E ReactNativeJS:     in Route(planet) (created by SceneView)
06-14 22:06:32.495  7948  8060 E ReactNativeJS:     in StaticContainer
06-14 22:06:32.495  7948  8060 E ReactNativeJS:     in EnsureSingleNavigator (created by SceneView)
06-14 22:06:32.495  7948  8060 E ReactNativeJS:     in SceneView (created by SceneView)
06-14 22:06:32.495  7948  8060 E ReactNativeJS:     in RCTView (created by View)
06-14 22:06:32.495  7948  8060 E ReactNativeJS:     in View (created by DebugContainer)
06-14 22:06:32.495  7948  8060 E ReactNativeJS:     in DebugContainer (created by MaybeNestedStack)
06-14 22:06:32.495  7948  8060 E ReactNativeJS:     in MaybeNestedStack (created by SceneView)
06-14 22:06:32.495  7948  8060 E ReactNativeJS:     in RCTView (created by View)
06-14 22:06:32.495  7948  8060 E ReactNativeJS:     in View (created by SceneView)
06-14 22:06:32.495  7948  8060 E ReactNativeJS:     in RNSScreen (created by Animated(Anonymous))
06-14 22:06:32.495  7948  8060 E ReactNativeJS:     in Animated(Anonymous) (created by InnerScreen)
06-14 22:06:32.495  7948  8060 E ReactNativeJS:     in Suspender (created by Freeze)
06-14 22:06:32.495  7948  8060 E ReactNativeJS:     in Suspense (created by Freeze)
06-14 22:06:32.495  7948  8060 E ReactNativeJS:     in Freeze (created by DelayedFreeze)
06-14 22:06:32.495  7948  8060 E ReactNativeJS:     in DelayedFreeze (created by InnerScreen)
06-14 22:06:32.495  7948  8060 E ReactNativeJS:     in InnerScreen (created by Screen)
06-14 22:06:32.495  7948  8060 E ReactNativeJS:     in Screen (created by SceneView)
06-14 22:06:32.495  7948  8060 E ReactNativeJS:     in SceneView (created by NativeStackViewInner)
06-14 22:06:32.495  7948  8060 E ReactNativeJS:     in Suspender (created by Freeze)
06-14 22:06:32.495  7948  8060 E ReactNativeJS:     in Suspense (created by Freeze)
06-14 22:06:32.495  7948  8060 E ReactNativeJS:     in Freeze (created by DelayedFreeze)
06-14 22:06:32.495  7948  8060 E ReactNativeJS:     in DelayedFreeze (created by ScreenStack)
06-14 22:06:32.495  7948  8060 E ReactNativeJS:     in RNSScreenStack (created by ScreenStack)
06-14 22:06:32.495  7948  8060 E ReactNativeJS:     in ScreenStack (created by NativeStackViewInner)
06-14 22:06:32.495  7948  8060 E ReactNativeJS:     in NativeStackViewInner (created by NativeStackView)
06-14 22:06:32.495  7948  8060 E ReactNativeJS:     in RCTView (created by View)
06-14 22:06:32.495  7948  8060 E ReactNativeJS:     in View (created by SafeAreaProviderCompat)
06-14 22:06:32.495  7948  8060 E ReactNativeJS:     in SafeAreaProviderCompat (created by NativeStackView)
06-14 22:06:32.495  7948  8060 E ReactNativeJS:     in NativeStackView (created by NativeStackNavigator)
06-14 22:06:32.495  7948  8060 E ReactNativeJS:     in PreventRemoveProvider (created by NavigationContent)
06-14 22:06:32.495  7948  8060 E ReactNativeJS:     in NavigationContent
06-14 22:06:32.495  7948  8060 E ReactNativeJS:     in Unknown (created by NativeStackNavigator)
06-14 22:06:32.495  7948  8060 E ReactNativeJS:     in NativeStackNavigator
06-14 22:06:32.495  7948  8060 E ReactNativeJS:     in Unknown (created by GameLayout)
06-14 22:06:32.495  7948  8060 E ReactNativeJS:     in GameLayout
06-14 22:06:32.495  7948  8060 E ReactNativeJS:     in Unknown (created by Route((game)))
06-14 22:06:32.495  7948  8060 E ReactNativeJS:     in Suspense (created by Route((game)))
06-14 22:06:32.495  7948  8060 E ReactNativeJS:     in Route (created by Route((game)))
06-14 22:06:32.495  7948  8060 E ReactNativeJS:     in Route((game)) (created by SceneView)
06-14 22:06:32.495  7948  8060 E ReactNativeJS:     in StaticContainer
06-14 22:06:32.495  7948  8060 E ReactNativeJS:     in EnsureSingleNavigator (created by SceneView)
06-14 22:06:32.495  7948  8060 E ReactNativeJS:     in SceneView (created by SceneView)
06-14 22:06:32.495  7948  8060 E ReactNativeJS:     in RCTView (created by View)
06-14 22:06:32.495  7948  8060 E ReactNativeJS:     in View (created by DebugContainer)
06-14 22:06:32.495  7948  8060 E ReactNativeJS:     in DebugContainer (created by MaybeNestedStack)
06-14 22:06:32.495  7948  8060 E ReactNativeJS:     in MaybeNestedStack (created by SceneView)
06-14 22:06:32.495  7948  8060 E ReactNativeJS:     in RCTView (created by View)
06-14 22:06:32.495  7948  8060 E ReactNativeJS:     in View (created by SceneView)
06-14 22:06:32.495  7948  8060 E ReactNativeJS:     in RNSScreen (created by Animated(Anonymous))
06-14 22:06:32.495  7948  8060 E ReactNativeJS:     in Animated(Anonymous) (created by InnerScreen)
06-14 22:06:32.495  7948  8060 E ReactNativeJS:     in Suspender (created by Freeze)
06-14 22:06:32.495  7948  8060 E ReactNativeJS:     in Suspense (created by Freeze)
06-14 22:06:32.495  7948  8060 E ReactNativeJS:     in Freeze (created by DelayedFreeze)
06-14 22:06:32.495  7948  8060 E ReactNativeJS:     in DelayedFreeze (created by InnerScreen)
06-14 22:06:32.495  7948  8060 E ReactNativeJS:     in InnerScreen (created by Screen)
06-14 22:06:32.495  7948  8060 E ReactNativeJS:     in Screen (created by SceneView)
06-14 22:06:32.495  7948  8060 E ReactNativeJS:     in SceneView (created by NativeStackViewInner)
06-14 22:06:32.495  7948  8060 E ReactNativeJS:     in Suspender (created by Freeze)
06-14 22:06:32.495  7948  8060 E ReactNativeJS:     in Suspense (created by Freeze)
06-14 22:06:32.495  7948  8060 E ReactNativeJS:     in Freeze (created by DelayedFreeze)
06-14 22:06:32.495  7948  8060 E ReactNativeJS:     in DelayedFreeze (created by ScreenStack)
06-14 22:06:32.495  7948  8060 E ReactNativeJS:     in RNSScreenStack (created by ScreenStack)
06-14 22:06:32.495  7948  8060 E ReactNativeJS:     in ScreenStack (created by NativeStackViewInner)
06-14 22:06:32.495  7948  8060 E ReactNativeJS:     in NativeStackViewInner (created by NativeStackView)
06-14 22:06:32.495  7948  8060 E ReactNativeJS:     in RCTView (created by View)
06-14 22:06:32.495  7948  8060 E ReactNativeJS:     in View (cre
--------- beginning of crash
06-14 22:18:35.795  8456  8456 F libc    : Fatal signal 11 (SIGSEGV), code 1 (SEGV_MAPERR), fault addr 0x0 in tid 8456 (.arcfire.online), pid 8456 (.arcfire.online)
06-14 22:18:36.877 10469 10469 F DEBUG   : *** *** *** *** *** *** *** *** *** *** *** *** *** *** *** ***
06-14 22:18:36.877 10469 10469 F DEBUG   : Build fingerprint: 'samsung/a34xks/a34x:16/BP2A.250605.031.A3/A346NKSSEEZD4:user/release-keys'
06-14 22:18:36.877 10469 10469 F DEBUG   : Revision: '6'
06-14 22:18:36.877 10469 10469 F DEBUG   : ABI: 'arm64'
06-14 22:18:36.877 10469 10469 F DEBUG   : Processor: '7'
06-14 22:18:36.877 10469 10469 F DEBUG   : Timestamp: 2026-06-14 22:18:36.016468063+0900
06-14 22:18:36.877 10469 10469 F DEBUG   : Process uptime: 685s
06-14 22:18:36.877 10469 10469 F DEBUG   : Cmdline: com.arcfire.online
06-14 22:18:36.877 10469 10469 F DEBUG   : pid: 8456, tid: 8456, name: .arcfire.online  >>> com.arcfire.online <<<
06-14 22:18:36.877 10469 10469 F DEBUG   : uid: 11042
06-14 22:18:36.877 10469 10469 F DEBUG   : tagged_addr_ctrl: 0000000000000001 (PR_TAGGED_ADDR_ENABLE)
06-14 22:18:36.877 10469 10469 F DEBUG   : signal 11 (SIGSEGV), code 1 (SEGV_MAPERR), fault addr 0x0000000000000000
06-14 22:18:36.877 10469 10469 F DEBUG   : Cause: null pointer dereference
06-14 22:18:36.877 10469 10469 F DEBUG   :     x0  0000000000000000  x1  b400007ae1c2f5b8  x2  0000007fee614480  x3  0000000000000000
06-14 22:18:36.877 10469 10469 F DEBUG   :     x4  0000000000000000  x5  0000007fee613fc8  x6  0000007fee614480  x7  0000007fee613fd0
06-14 22:18:36.877 10469 10469 F DEBUG   :     x8  0000007fee613ba8  x9  0000000000000000  x10 0000007fee613fc8  x11 00000078222d104c
06-14 22:18:36.877 10469 10469 F DEBUG   :     x12 b400007a9195a390  x13 0000000000000004  x14 0000000000000000  x15 0000000000000000
06-14 22:18:36.877 10469 10469 F DEBUG   :     x16 0000007990997a20  x17 000000799018dac0  x18 0000007c74890000  x19 0000000000000000
06-14 22:18:36.877 10469 10469 F DEBUG   :     x20 b400007a91962910  x21 b400007ad1b5fa40  x22 000000783a08e770  x23 0000007fee614510
06-14 22:18:36.877 10469 10469 F DEBUG   :     x24 0000007c74341700  x25 0000007fee614510  x26 0000000000000000  x27 b400007a9195a390
06-14 22:18:36.877 10469 10469 F DEBUG   :     x28 000000783a08e5a8  x29 0000007fee613bc0
06-14 22:18:36.877 10469 10469 F DEBUG   :     lr  00000079901998a0  sp  0000007fee613b20  pc  00000079904c399c  pst 0000000060001000
06-14 22:18:36.877 10469 10469 F DEBUG   : 128 total frames
06-14 22:18:36.877 10469 10469 F DEBUG   : backtrace:
06-14 22:18:36.877 10469 10469 F DEBUG   :       #00 pc 0000000000a2399c  /data/app/~~EwxWotzCGZ4FV83dQC-GNg==/com.arcfire.online-zZh_7I8O3suhv6p3umC5ig==/base.apk!librnskia.so (offset 0x414a000) (BuildId: a5860719700b671c6e944005d980b317d4862e34)
06-14 22:18:36.877 10469 10469 F DEBUG   :       #01 pc 00000000006f989c  /data/app/~~EwxWotzCGZ4FV83dQC-GNg==/com.arcfire.online-zZh_7I8O3suhv6p3umC5ig==/base.apk!librnskia.so (offset 0x414a000) (RNSkia::JsiSkPath::reset(facebook::jsi::Runtime&, facebook::jsi::Value const&, facebook::jsi::Value const*, unsigned long)+76) (BuildId: a5860719700b671c6e944005d980b317d4862e34)
06-14 22:18:36.878 10469 10469 F DEBUG   :       #02 pc 000000000065e548  /data/app/~~EwxWotzCGZ4FV83dQC-GNg==/com.arcfire.online-zZh_7I8O3suhv6p3umC5ig==/base.apk!librnskia.so (offset 0x414a000) (BuildId: a5860719700b671c6e944005d980b317d4862e34)
06-14 22:18:36.878 10469 10469 F DEBUG   :       #03 pc 000000000065e3d4  /data/app/~~EwxWotzCGZ4FV83dQC-GNg==/com.arcfire.online-zZh_7I8O3suhv6p3umC5ig==/base.apk!librnskia.so (offset 0x414a000) (BuildId: a5860719700b671c6e944005d980b317d4862e34)
06-14 22:18:36.878 10469 10469 F DEBUG   :       #04 pc 000000000065e300  /data/app/~~EwxWotzCGZ4FV83dQC-GNg==/com.arcfire.online-zZh_7I8O3suhv6p3umC5ig==/base.apk!librnskia.so (offset 0x414a000) (std::__ndk1::__bind_return<facebook::jsi::Value (RNJsi::JsiHostObject::*)(facebook::jsi::Runtime&, facebook::jsi::Value const&, facebook::jsi::Value const*, unsigned long), std::__ndk1::tuple<RNJsi::JsiHostObject*, std::__ndk1::placeholders::__ph<1>, std::__ndk1::placeholders::__ph<2>, std::__ndk1::placeholders::__ph<3>, std::__ndk1::placeholders::__ph<4>>, std::__ndk1::tuple<facebook::jsi::Runtime&, facebook::jsi::Value const&, facebook::jsi::Value const*&&, unsigned long&&>, __is_valid_bind_return<facebook::jsi::Value (RNJsi::JsiHostObject::*)(facebook::jsi::Runtime&, facebook::jsi::Value const&, facebook::jsi::Value const*, unsigned long), std::__ndk1::tuple<RNJsi::JsiHostObject*, std::__ndk1::placeholders::__ph<1>, std::__ndk1::placeholders::__ph<2>, std::__ndk1::placeholders::__ph<3>, std::__ndk1::placeholders::__ph<4>>, std::__ndk1::tuple<facebook::jsi::Runtime&, facebook::jsi::Value const&, facebook::jsi::Value const*&&, unsigned long&&>>::value>::type std::__ndk1::__bind<facebook::jsi::Value (RNJsi::JsiHostObject::* const&)(facebook::jsi::Runtime&, facebook::jsi::Value const&, facebook::jsi::Value const*, unsigned long), RNJsi::JsiHostObject*, std::__ndk1::placeholders::__ph<1> const&, std::__ndk1::placeholders::__ph<2> const&, std::__ndk1::placeholders::__ph<3> const&, std::__ndk1::placeholders::__ph<4> const&>::operator()<facebook::jsi::Runtime&, facebook::jsi::Value const&, facebook::jsi::Value const*, unsigned long>(facebook::jsi::Runtime&, facebook::jsi::Value const&, facebook::jsi::Value const*&&, unsigned long&&)+164) (BuildId: a5860719700b671c6e944005d980b317d4862e34)
06-14 22:18:36.878 10469 10469 F DEBUG   :       #05 pc 000000000065e238  /data/app/~~EwxWotzCGZ4FV83dQC-GNg==/com.arcfire.online-zZh_7I8O3suhv6p3umC5ig==/base.apk!librnskia.so (offset 0x414a000) (BuildId: a5860719700b671c6e944005d980b317d4862e34)
06-14 22:18:36.878 10469 10469 F DEBUG   :       #06 pc 000000000065e18c  /data/app/~~EwxWotzCGZ4FV83dQC-GNg==/com.arcfire.online-zZh_7I8O3suhv6p3umC5ig==/base.apk!librnskia.so (offset 0x414a000) (facebook::jsi::Value std::__ndk1::__invoke_void_return_wrapper<facebook::jsi::Value>::__call<std::__ndk1::__bind<facebook::jsi::Value (RNJsi::JsiHostObject::* const&)(facebook::jsi::Runtime&, facebook::jsi::Value const&, facebook::jsi::Value const*, unsigned long), RNJsi::JsiHostObject*, std::__ndk1::placeholders::__ph<1> const&, std::__ndk1::placeholders::__ph<2> const&, std::__ndk1::placeholders::__ph<3> const&, std::__ndk1::placeholders::__ph<4> const&>&, facebook::jsi::Runtime&, facebook::jsi::Value const&, facebook::jsi::Value const*, unsigned long>(std::__ndk1::__bind<facebook::jsi::Value (RNJsi::JsiHostObject::* const&)(facebook::jsi::Runtime&, facebook::jsi::Value const&, facebook::jsi::Value const*, unsigned long), RNJsi::JsiHostObject*, std::__ndk1::placeholders::__ph<1> const&, std::__ndk1::placeholders::__ph<2> const&, std::__ndk1::placeholders::__ph<3> const&, std::__ndk1::placeholders::__ph<4> const&>&, facebook::jsi::Runtime&, facebook::jsi::Value const&, facebook::jsi::Value const*&&, unsigned long&&)+120) (BuildId: a5860719700b671c6e944005d980b317d4862e34)
06-14 22:18:36.878 10469 10469 F DEBUG   :       #07 pc 000000000065e0f0  /data/app/~~EwxWotzCGZ4FV83dQC-GNg==/com.arcfire.online-zZh_7I8O3suhv6p3umC5ig==/base.apk!librnskia.so (offset 0x414a000) (BuildId: a5860719700b671c6e944005d980b317d4862e34)
06-14 22:18:36.878 10469 10469 F DEBUG   :       #08 pc 000000000065ceb4  /data/app/~~EwxWotzCGZ4FV83dQC-GNg==/com.arcfire.online-zZh_7I8O3suhv6p3umC5ig==/base.apk!librnskia.so (offset 0x414a000) (std::__ndk1::__function::__func<std::__ndk1::__bind<facebook::jsi::Value (RNJsi::JsiHostObject::* const&)(facebook::jsi::Runtime&, facebook::jsi::Value const&, facebook::jsi::Value const*, unsigned long), RNJsi::JsiHostObject*, std::__ndk1::placeholders::__ph<1> const&, std::__ndk1::placeholders::__ph<2> const&, std::__ndk1::placeholders::__ph<3> const&, std::__ndk1::placeholders::__ph<4> const&>, std::__ndk1::allocator<std::__ndk1::__bind<facebook::jsi::Value (RNJsi::JsiHostObject::* const&)(facebook::jsi::Runtime&, facebook::jsi::Value const&, facebook::jsi::Value const*, unsigned long), RNJsi::JsiHostObject*, std::__ndk1::placeholders::__ph<1> const&, std::__ndk1::placeholders::__ph<2> const&, std::__ndk1::placeholders::__ph<3> const&, std::__ndk1::placeholders::__ph<4> const&>>, facebook::jsi::Value (facebook::jsi::Runtime&, facebook::jsi::Value const&, facebook::jsi::Value const*, unsigned long)>::operator()(facebook::jsi::Runtime&, facebook::jsi::Value const&, facebook::jsi::Value const*&&, unsigned long&&)+120) (BuildId: a5860719700b671c6e944005d980b317d4862e34)
06-14 22:18:36.878 10469 10469 F DEBUG   :       #09 pc 00000000002c8cf8  /data/app/~~EwxWotzCGZ4FV83dQC-GNg==/com.arcfire.online-zZh_7I8O3suhv6p3umC5ig==/base.apk!libreanimated.so (offset 0x3b31000) (BuildId: 639828debb7a8448486b51c40c5b46ade3f464b2)
06-14 22:18:36.878 10469 10469 F DEBUG   :       #10 pc 00000000002c8bf0  /data/app/~~EwxWotzCGZ4FV83dQC-GNg==/com.arcfire.online-zZh_7I8O3suhv6p3umC5ig==/base.apk!libreanimated.so (offset 0x3b31000) (std::__ndk1::function<facebook::jsi::Value (facebook::jsi::Runtime&, facebook::jsi::Value const&, facebook::jsi::Value const*, unsigned long)>::operator()(facebook::jsi::Runtime&, facebook::jsi::Value const&, facebook::jsi::Value const*, unsigned long) const+72) (BuildId: 639828debb7a8448486b51c40c5b46ade3f464b2)
06-14 22:18:36.878 10469 10469 F DEBUG   :       #11 pc 00000000002c8b7c  /data/app/~~EwxWotzCGZ4FV83dQC-GNg==/com.arcfire.online-zZh_7I8O3suhv6p3umC5ig==/base.apk!libreanimated.so (offset 0x3b31000) (facebook::jsi::DecoratedHostFunction::operator()(facebook::jsi::Runtime&, facebook::jsi::Value const&, facebook::jsi::Value const*, unsigned long)+96) (BuildId: 639828debb7a8448486b51c40c5b46ade3f464b2)
06-14 22:18:36.878 10469 10469 F DEBUG   :       #12 pc 00000000002c8af0  /data/app/~~EwxWotzCGZ4FV83dQC-GNg==/com.arcfire.online-zZh_7I8O3suhv6p3umC5ig==/base.apk!libreanimated.so (offset 0x3b31000) (BuildId: 639828debb7a8448486b51c40c5b46ade3f464b2)
06-14 22:18:36.878 10469 10469 F DEBUG   :       #13 pc 00000000002c8a1c  /data/app/~~EwxWotzCGZ4FV83dQC-GNg==/com.arcfire.online-zZh_7I8O3suhv6p3umC5ig==/base.apk!libreanimated.so (offset 0x3b31000) (facebook::jsi::Value std::__ndk1::__invoke_void_return_wrapper<facebook::jsi::Value, false>::__call<facebook::jsi::DecoratedHostFunction&, facebook::jsi::Runtime&, facebook::jsi::Value const&, facebook::jsi::Value const*, unsigned long>(facebook::jsi::DecoratedHostFunction&, facebook::jsi::Runtime&, facebook::jsi::Value const&, facebook::jsi::Value const*&&, unsigned long&&)+72) (BuildId: 639828debb7a8448486b51c40c5b46ade3f464b2)
06-14 22:18:36.878 10469 10469 F DEBUG   :       #14 pc 00000000002c89a8  /data/app/~~EwxWotzCGZ4FV83dQC-GNg==/com.arcfire.online-zZh_7I8O3suhv6p3umC5ig==/base.apk!libreanimated.so (offset 0x3b31000) (BuildId: 639828debb7a8448486b51c40c5b46ade3f464b2)
06-14 22:18:36.878 10469 10469 F DEBUG   :       #15 pc 00000000002c6eac  /data/app/~~EwxWotzCGZ4FV83dQC-GNg==/com.arcfire.online-zZh_7I8O3suhv6p3umC5ig==/base.apk!libreanimated.so (offset 0x3b31000) (std::__ndk1::__function::__func<facebook::jsi::DecoratedHostFunction, std::__ndk1::allocator<facebook::jsi::DecoratedHostFunction>, facebook::jsi::Value (facebook::jsi::Runtime&, facebook::jsi::Value const&, facebook::jsi::Value const*, unsigned long)>::operator()(facebook::jsi::Runtime&, facebook::jsi::Value const&, facebook::jsi::Value const*&&, unsigned long&&)+76) (BuildId: 639828debb7a8448486b51c40c5b46ade3f464b2)
06-14 22:18:36.878 10469 10469 F DEBUG   :       #16 pc 00000000002c8cf8  /data/app/~~EwxWotzCGZ4FV83dQC-GNg==/com.arcfire.online-zZh_7I8O3suhv6p3umC5ig==/base.apk!libreanimated.so (offset 0x3b31000) (BuildId: 639828debb7a8448486b51c40c5b46ade3f464b2)
06-14 22:18:36.878 10469 10469 F DEBUG   :       #17 pc 00000000002c8bf0  /data/app/~~EwxWotzCGZ4FV83dQC-GNg==/com.arcfire.online-zZh_7I8O3suhv6p3umC5ig==/base.apk!libreanimated.so (offset 0x3b31000) (std::__ndk1::function<facebook::jsi::Value (facebook::jsi::Runtime&, facebook::jsi::Value const&, facebook::jsi::Value const*, unsigned long)>::operator()(facebook::jsi::Runtime&, facebook::jsi::Value const&, facebook::jsi::Value const*, unsigned long) const+72) (BuildId: 639828debb7a8448486b51c40c5b46ade3f464b2)
06-14 22:18:36.878 10469 10469 F DEBUG   :       #18 pc 00000000002c8b7c  /data/app/~~EwxWotzCGZ4FV83dQC-GNg==/com.arcfire.online-zZh_7I8O3suhv6p3umC5ig==/base.apk!libreanimated.so (offset 0x3b31000) (facebook::jsi::DecoratedHostFunction::operator()(facebook::jsi::Runtime&, facebook::jsi::Value const&, facebook::jsi::Value const*, unsigned long)+96) (BuildId: 639828debb7a8448486b51c40c5b46ade3f464b2)
06-14 22:18:36.878 10469 10469 F DEBUG   :       #19 pc 00000000002c8af0  /data/app/~~EwxWotzCGZ4FV83dQC-GNg==/com.arcfire.online-zZh_7I8O3suhv6p3umC5ig==/base.apk!libreanimated.so (offset 0x3b31000) (BuildId: 639828debb7a8448486b51c40c5b46ade3f464b2)
06-14 22:18:36.878 10469 10469 F DEBUG   :       #20 pc 00000000002c8a1c  /data/app/~~EwxWotzCGZ4FV83dQC-GNg==/com.arcfire.online-zZh_7I8O3suhv6p3umC5ig==/base.apk!libreanimated.so (offset 0x3b31000) (facebook::jsi::Value std::__ndk1::__invoke_void_return_wrapper<facebook::jsi::Value, false>::__call<facebook::jsi::DecoratedHostFunction&, facebook::jsi::Runtime&, facebook::jsi::Value const&, facebook::jsi::Value const*, unsigned long>(facebook::jsi::DecoratedHostFunction&, facebook::jsi::Runtime&, facebook::jsi::Value const&, facebook::jsi::Value const*&&, unsigned long&&)+72) (BuildId: 639828debb7a8448486b51c40c5b46ade3f464b2)
06-14 22:18:36.878 10469 10469 F DEBUG   :       #21 pc 00000000002c89a8  /data/app/~~EwxWotzCGZ4FV83dQC-GNg==/com.arcfire.online-zZh_7I8O3suhv6p3umC5ig==/base.apk!libreanimated.so (offset 0x3b31000) (BuildId: 639828debb7a8448486b51c40c5b46ade3f464b2)
06-14 22:18:36.878 10469 10469 F DEBUG   :       #22 pc 00000000002c6eac  /data/app/~~EwxWotzCGZ4FV83dQC-GNg==/com.arcfire.online-zZh_7I8O3suhv6p3umC5ig==/base.apk!libreanimated.so (offset 0x3b31000) (std::__ndk1::__function::__func<facebook::jsi::DecoratedHostFunction, std::__ndk1::allocator<facebook::jsi::DecoratedHostFunction>, facebook::jsi::Value (facebook::jsi::Runtime&, facebook::jsi::Value const&, facebook::jsi::Value const*, unsigned long)>::operator()(facebook::jsi::Runtime&, facebook::jsi::Value const&, facebook::jsi::Value const*&&, unsigned long&&)+76) (BuildId: 639828debb7a8448486b51c40c5b46ade3f464b2)
06-14 22:18:36.878 10469 10469 F DEBUG   :       #23 pc 00000000000b9278  /data/app/~~EwxWotzCGZ4FV83dQC-GNg==/com.arcfire.online-zZh_7I8O3suhv6p3umC5ig==/base.apk!libhermes.so (offset 0x20fe000) (BuildId: 7168d7993b78e1652575c41c7fedbe59d35ceea7)
06-14 22:18:36.878 10469 10469 F DEBUG   :       #24 pc 00000000001159e4  /data/app/~~EwxWotzCGZ4FV83dQC-GNg==/com.arcfire.online-zZh_7I8O3suhv6p3umC5ig==/base.apk!libhermes.so (offset 0x20fe000) (BuildId: 7168d7993b78e1652575c41c7fedbe59d35ceea7)
06-14 22:18:36.878 10469 10469 F DEBUG   :       #25 pc 0000000000134bec  /data/app/~~EwxWotzCGZ4FV83dQC-GNg==/com.arcfire.online-zZh_7I8O3suhv6p3umC5ig==/base.apk!libhermes.so (offset 0x20fe000) (BuildId: 7168d7993b78e1652575c41c7fedbe59d35ceea7)
06-14 22:18:36.878 10469 10469 F DEBUG   :       #26 pc 0000000000134120  /data/app/~~EwxWotzCGZ4FV83dQC-GNg==/com.arcfire.online-zZh_7I8O3suhv6p3umC5ig==/base.apk!libhermes.so (offset 0x20fe000) (BuildId: 7168d7993b78e1652575c41c7fedbe59d35ceea7)
06-14 22:18:36.878 10469 10469 F DEBUG   :       #27 pc 0000000000115cdc  /data/app/~~EwxWotzCGZ4FV83dQC-GNg==/com.arcfire.online-zZh_7I8O3suhv6p3umC5ig==/base.apk!libhermes.so (offset 0x20fe000) (BuildId: 7168d7993b78e1652575c41c7fedbe59d35ceea7)
06-14 22:18:36.878 10469 10469 F DEBUG   :       #28 pc 0000000000115550  /data/app/~~EwxWotzCGZ4FV83dQC-GNg==/com.arcfire.online-zZh_7I8O3suhv6p3umC5ig==/base.apk!libhermes.so (offset 0x20fe000) (BuildId: 7168d7993b78e1652575c41c7fedbe59d35ceea7)
06-14 22:18:36.878 10469 10469 F DEBUG   :       #29 pc 0000000000134c08  /data/app/~~EwxWotzCGZ4FV83dQC-GNg==/com.arcfire.online-zZh_7I8O3suhv6p3umC5ig==/base.apk!libhermes.so (offset 0x20fe000) (BuildId: 7168d7993b78e1652575c41c7fedbe59d35ceea7)
06-14 22:18:36.878 10469 10469 F DEBUG   :       #30 pc 0000000000134120  /data/app/~~EwxWotzCGZ4FV83dQC-GNg==/com.arcfire.online-zZh_7I8O3suhv6p3umC5ig==/base.apk!libhermes.so (offset 0x20fe000) (BuildId: 7168d7993b78e1652575c41c7fedbe59d35ceea7)
06-14 22:18:36.878 10469 10469 F DEBUG   :       #31 pc 0000000000115cdc  /data/app/~~EwxWotzCGZ4FV83dQC-GNg==/com.arcfire.online-zZh_7I8O3suhv6p3umC5ig==/base.apk!libhermes.so (offset 0x20fe000) (BuildId: 7168d7993b78e1652575c41c7fedbe59d35ceea7)
06-14 22:18:36.878 10469 10469 F DEBUG   :       #32 pc 0000000000114054  /data/app/~~EwxWotzCGZ4FV83dQC-GNg==/com.arcfire.online-zZh_7I8O3suhv6p3umC5ig==/base.apk!libhermes.so (offset 0x20fe000) (BuildId: 7168d7993b78e1652575c41c7fedbe59d35ceea7)
06-14 22:18:36.878 10469 10469 F DEBUG   :       #33 pc 0000000000160d94  /data/app/~~EwxWotzCGZ4FV83dQC-GNg==/com.arcfire.online-zZh_7I8O3suhv6p3umC5ig==/base.apk!libhermes.so (offset 0x20fe000) (BuildId: 7168d7993b78e1652575c41c7fedbe59d35ceea7)
06-14 22:18:36.878 10469 10469 F DEBUG   :       #34 pc 00000000001d04ec  /data/app/~~EwxWotzCGZ4FV83dQC-GNg==/com.arcfire.online-zZh_7I8O3suhv6p3umC5ig==/base.apk!libhermes.so (offset 0x20fe000) (BuildId: 7168d7993b78e1652575c41c7fedbe59d35ceea7)
06-14 22:18:36.878 10469 10469 F DEBUG   :       #35 pc 00000000001159e4  /data/app/~~EwxWotzCGZ4FV83dQC-GNg==/com.arcfire.online-zZh_7I8O3suhv6p3umC5ig==/base.apk!libhermes.so (offset 0x20fe000) (BuildId: 7168d7993b78e1652575c41c7fedbe59d35ceea7)
06-14 22:18:36.878 10469 10469 F DEBUG   :       #36 pc 0000000000134bec  /data/app/~~EwxWotzCGZ4FV83dQC-GNg==/com.arcfire.online-zZh_7I8O3suhv6p3umC5ig==/base.apk!libhermes.so (offset 0x20fe000) (BuildId: 7168d7993b78e1652575c41c7fedbe59d35ceea7)
06-14 22:18:36.878 10469 10469 F DEBUG   :       #37 pc 0000000000134120  /data/app/~~EwxWotzCGZ4FV83dQC-GNg==/com.arcfire.online-zZh_7I8O3suhv6p3umC5ig==/base.apk!libhermes.so (offset 0x20fe000) (BuildId: 7168d7993b78e1652575c41c7fedbe59d35ceea7)
06-14 22:18:36.878 10469 10469 F DEBUG   :       #38 pc 0000000000115cdc  /data/app/~~EwxWotzCGZ4FV83dQC-GNg==/com.arcfire.online-zZh_7I8O3suhv6p3umC5ig==/base.apk!libhermes.so (offset 0x20fe000) (BuildId: 7168d7993b78e1652575c41c7fedbe59d35ceea7)
06-14 22:18:36.878 10469 10469 F DEBUG   :       #39 pc 0000000000114054  /data/app/~~EwxWotzCGZ4FV83dQC-GNg==/com.arcfire.online-zZh_7I8O3suhv6p3umC5ig==/base.apk!libhermes.so (offset 0x20fe000) (BuildId: 7168d7993b78e1652575c41c7fedbe59d35ceea7)
06-14 22:18:36.878 10469 10469 F DEBUG   :       #40 pc 0000000000195ce4  /data/app/~~EwxWotzCGZ4FV83dQC-GNg==/com.arcfire.online-zZh_7I8O3suhv6p3umC5ig==/base.apk!libhermes.so (offset 0x20fe000) (BuildId: 7168d7993b78e1652575c41c7fedbe59d35ceea7)
06-14 22:18:36.878 10469 10469 F DEBUG   :       #41 pc 00000000001159e4  /data/app/~~EwxWotzCGZ4FV83dQC-GNg==/com.arcfire.online-zZh_7I8O3suhv6p3umC5ig==/base.apk!libhermes.so (offset 0x20fe000) (BuildId: 7168d7993b78e1652575c41c7fedbe59d35ceea7)
06-14 22:18:36.878 10469 10469 F DEBUG   :       #42 pc 0000000000134bec  /data/app/~~EwxWotzCGZ4FV83dQC-GNg==/com.arcfire.online-zZh_7I8O3suhv6p3umC5ig==/base.apk!libhermes.so (offset 0x20fe000) (BuildId: 7168d7993b78e1652575c41c7fedbe59d35ceea7)
06-14 22:18:36.878 10469 10469 F DEBUG   :       #43 pc 0000000000134120  /data/app/~~EwxWotzCGZ4FV83dQC-GNg==/com.arcfire.online-zZh_7I8O3suhv6p3umC5ig==/base.apk!libhermes.so (offset 0x20fe000) (BuildId: 7168d7993b78e1652575c41c7fedbe59d35ceea7)
06-14 22:18:36.878 10469 10469 F DEBUG   :       #44 pc 0000000000115cdc  /data/app/~~EwxWotzCGZ4FV83dQC-GNg==/com.arcfire.online-zZh_7I8O3suhv6p3umC5ig==/base.apk!libhermes.so (offset 0x20fe000) (BuildId: 7168d7993b78e1652575c41c7fedbe59d35ceea7)
06-14 22:18:36.878 10469 10469 F DEBUG   :       #45 pc 00000000001b7540  /data/app/~~EwxWotzCGZ4FV83dQC-GNg==/com.arcfire.online-zZh_7I8O3suhv6p3umC5ig==/base.apk!libhermes.so (offset 0x20fe000) (BuildId: 7168d7993b78e1652575c41c7fedbe59d35ceea7)
06-14 22:18:36.878 10469 10469 F DEBUG   :       #46 pc 00000000001159e4  /data/app/~~EwxWotzCGZ4FV83dQC-GNg==/com.arcfire.online-zZh_7I8O3suhv6p3umC5ig==/base.apk!libhermes.so (offset 0x20fe000) (BuildId: 7168d7993b78e1652575c41c7fedbe59d35ceea7)
06-14 22:18:36.878 10469 10469 F DEBUG   :       #47 pc 0000000000142830  /data/app/~~EwxWotzCGZ4FV83dQC-GNg==/com.arcfire.online-zZh_7I8O3suhv6p3umC5ig==/base.apk!libhermes.so (offset 0x20fe000) (BuildId: 7168d7993b78e1652575c41c7fedbe59d35ceea7)
06-14 22:18:36.878 10469 10469 F DEBUG   :       #48 pc 0000000000135020  /data/app/~~EwxWotzCGZ4FV83dQC-GNg==/com.arcfire.online-zZh_7I8O3suhv6p3umC5ig==/base.apk!libhermes.so (offset 0x20fe000) (BuildId: 7168d7993b78e1652575c41c7fedbe59d35ceea7)
06-14 22:18:36.878 10469 10469 F DEBUG   :       #49 pc 0000000000134120  /data/app/~~EwxWotzCGZ4FV83dQC-GNg==/com.arcfire.online-zZh_7I8O3suhv6p3umC5ig==/base.apk!libhermes.so (offset 0x20fe000) (BuildId: 7168d7993b78e1652575c41c7fedbe59d35ceea7)
06-14 22:18:36.878 10469 10469 F DEBUG   :       #50 pc 0000000000115cdc  /data/app/~~EwxWotzCGZ4FV83dQC-GNg==/com.arcfire.online-zZh_7I8O3suhv6p3umC5ig==/base.apk!libhermes.so (offset 0x20fe000) (BuildId: 7168d7993b78e1652575c41c7fedbe59d35ceea7)
06-14 22:18:36.878 10469 10469 F DEBUG   :       #51 pc 0000000000115550  /data/app/~~EwxWotzCGZ4FV83dQC-GNg==/com.arcfire.online-zZh_7I8O3suhv6p3umC5ig==/base.apk!libhermes.so (offset 0x20fe000) (BuildId: 7168d7993b78e1652575c41c7fedbe59d35ceea7)
06-14 22:18:36.878 10469 10469 F DEBUG   :       #52 pc 00000000000b1438  /data/app/~~EwxWotzCGZ4FV83dQC-GNg==/com.arcfire.online-zZh_7I8O3suhv6p3umC5ig==/base.apk!libhermes.so (offset 0x20fe000) (BuildId: 7168d7993b78e1652575c41c7fedbe59d35ceea7)
06-14 22:18:36.878 10469 10469 F DEBUG   :       #53 pc 00000000002c447c  /data/app/~~EwxWotzCGZ4FV83dQC-GNg==/com.arcfire.online-zZh_7I8O3suhv6p3umC5ig==/base.apk!libreanimated.so (offset 0x3b31000) (facebook::jsi::RuntimeDecorator<facebook::jsi::Runtime, facebook::jsi::Runtime>::call(facebook::jsi::Function const&, facebook::jsi::Value const&, facebook::jsi::Value const*, unsigned long)+84) (BuildId: 639828debb7a8448486b51c40c5b46ade3f464b2)
06-14 22:18:36.878 10469 10469 F DEBUG   :       #54 pc 00000000002c1434  /data/app/~~EwxWotzCGZ4FV83dQC-GNg==/com.arcfire.online-zZh_7I8O3suhv6p3umC5ig==/base.apk!libreanimated.so (offset 0x3b31000) (facebook::jsi::WithRuntimeDecorator<reanimated::ReanimatedReentrancyCheck, facebook::jsi::Runtime, facebook::jsi::Runtime>::call(facebook::jsi::Function const&, facebook::jsi::Value const&, facebook::jsi::Value const*, unsigned long)+96) (BuildId: 639828debb7a8448486b51c40c5b46ade3f464b2)
06-14 22:18:36.878 10469 10469 F DEBUG   :       #55 pc 00000000002c447c  /data/app/~~EwxWotzCGZ4FV83dQC-GNg==/com.arcfire.online-zZh_7I8O3suhv6p3umC5ig==/base.apk!libreanimated.so (offset 0x3b31000) (facebook::jsi::RuntimeDecorator<facebook::jsi::Runtime, facebook::jsi::Runtime>::call(facebook::jsi::Function const&, facebook::jsi::Value const&, facebook::jsi::Value const*, unsigned long)+84) (BuildId: 639828debb7a8448486b51c40c5b46ade3f464b2)
06-14 22:18:36.878 10469 10469 F DEBUG   :       #56 pc 00000000002d69ac  /data/app/~~EwxWotzCGZ4FV83dQC-GNg==/com.arcfire.online-zZh_7I8O3suhv6p3umC5ig==/base.apk!libreanimated.so (offset 0x3b31000) (facebook::jsi::WithRuntimeDecorator<reanimated::AroundLock, facebook::jsi::Runtime, facebook::jsi::Runtime>::call(facebook::jsi::Function const&, facebook::jsi::Value const&, facebook::jsi::Value const*, unsigned long)+96) (BuildId: 639828debb7a8448486b51c40c5b46ade3f464b2)
06-14 22:18:36.878 10469 10469 F DEBUG   :       #57 pc 0000000000233ccc  /data/app/~~EwxWotzCGZ4FV83dQC-GNg==/com.arcfire.online-zZh_7I8O3suhv6p3umC5ig==/base.apk!libreanimated.so (offset 0x3b31000) (facebook::jsi::Function::call(facebook::jsi::Runtime&, facebook::jsi::Value const*, unsigned long) const+108) (BuildId: 639828debb7a8448486b51c40c5b46ade3f464b2)
06-14 22:18:36.878 10469 10469 F DEBUG   :       #58 pc 0000000000233b64  /data/app/~~EwxWotzCGZ4FV83dQC-GNg==/com.arcfire.online-zZh_7I8O3suhv6p3umC5ig==/base.apk!libreanimated.so (offset 0x3b31000) (facebook::jsi::Function::call(facebook::jsi::Runtime&, std::initializer_list<facebook::jsi::Value>) const+116) (BuildId: 639828debb7a8448486b51c40c5b46ade3f464b2)
06-14 22:18:36.878 10469 10469 F DEBUG   :       #59 pc 00000000002ac2dc  /data/app/~~EwxWotzCGZ4FV83dQC-GNg==/com.arcfire.online-zZh_7I8O3suhv6p3umC5ig==/base.apk!libreanimated.so (offset 0x3b31000) (facebook::jsi::Value facebook::jsi::Function::call<facebook::jsi::Value const&, facebook::jsi::Value&>(facebook::jsi::Runtime&, facebook::jsi::Value const&, facebook::jsi::Value&) const+164) (BuildId: 639828debb7a8448486b51c40c5b46ade3f464b2)
06-14 22:18:36.878 10469 10469 F DEBUG   :       #60 pc 000000000026efac  /data/app/~~EwxWotzCGZ4FV83dQC-GNg==/com.arcfire.online-zZh_7I8O3suhv6p3umC5ig==/base.apk!libreanimated.so (offset 0x3b31000) (facebook::jsi::Value reanimated::runOnRuntimeGuarded<facebook::jsi::Value&>(facebook::jsi::Runtime&, facebook::jsi::Value const&, facebook::jsi::Value&)+80) (BuildId: 639828debb7a8448486b51c40c5b46ade3f464b2)
06-14 22:18:36.878 10469 10469 F DEBUG   :       #61 pc 000000000026ec24  /data/app/~~EwxWotzCGZ4FV83dQC-GNg==/com.arcfire.online-zZh_7I8O3suhv6p3umC5ig==/base.apk!libreanimated.so (offset 0x3b31000) (reanimated::NativeReanimatedModule::onRender(double)+212) (BuildId: 639828debb7a8448486b51c40c5b46ade3f464b2)
06-14 22:18:36.878 10469 10469 F DEBUG   :       #62 pc 0000000000287c7c  /data/app/~~EwxWotzCGZ4FV83dQC-GNg==/com.arcfire.online-zZh_7I8O3suhv6p3umC5ig==/base.apk!libreanimated.so (offset 0x3b31000) (BuildId: 639828debb7a8448486b51c40c5b46ade3f464b2)
06-14 22:18:36.878 10469 10469 F DEBUG   :       #63 pc 0000000000287c18  /data/app/~~EwxWotzCGZ4FV83dQC-GNg==/com.arcfire.online-zZh_7I8O3suhv6p3umC5ig==/base.apk!libreanimated.so (offset 0x3b31000) (BuildId: 639828debb7a8448486b51c40c5b46ade3f464b2)
06-14 22:18:36.878 10469 10469 F DEBUG   :       #64 pc 0000000000287b64  /data/app/~~EwxWotzCGZ4FV83dQC-GNg==/com.arcfire.online-zZh_7I8O3suhv6p3umC5ig==/base.apk!libreanimated.so (offset 0x3b31000) (BuildId: 639828debb7a8448486b51c40c5b46ade3f464b2)
06-14 22:18:36.878 10469 10469 F DEBUG   :       #65 pc 0000000000287b0c  /data/app/~~EwxWotzCGZ4FV83dQC-GNg==/com.arcfire.online-zZh_7I8O3suhv6p3umC5ig==/base.apk!libreanimated.so (offset 0x3b31000) (BuildId: 639828debb7a8448486b51c40c5b46ade3f464b2)
06-14 22:18:36.878 10469 10469 F DEBUG   :       #66 pc 0000000000286118  /data/app/~~EwxWotzCGZ4FV83dQC-GNg==/com.arcfire.online-zZh_7I8O3suhv6p3umC5ig==/base.apk!libreanimated.so (offset 0x3b31000) (BuildId: 639828debb7a8448486b51c40c5b46ade3f464b2)
06-14 22:18:36.878 10469 10469 F DEBUG   :       #67 pc 00000000004196b4  /data/app/~~EwxWotzCGZ4FV83dQC-GNg==/com.arcfire.online-zZh_7I8O3suhv6p3umC5ig==/base.apk!libreanimated.so (offset 0x3b31000) (BuildId: 639828debb7a8448486b51c40c5b46ade3f464b2)
06-14 22:18:36.878 10469 10469 F DEBUG   :       #68 pc 0000000000419620  /data/app/~~EwxWotzCGZ4FV83dQC-GNg==/com.arcfire.online-zZh_7I8O3suhv6p3umC5ig==/base.apk!libreanimated.so (offset 0x3b31000) (std::__ndk1::function<void (double)>::operator()(double) const+44) (BuildId: 639828debb7a8448486b51c40c5b46ade3f464b2)
06-14 22:18:36.878 10469 10469 F DEBUG   :       #69 pc 0000000000419338  /data/app/~~EwxWotzCGZ4FV83dQC-GNg==/com.arcfire.online-zZh_7I8O3suhv6p3umC5ig==/base.apk!libreanimated.so (offset 0x3b31000) (reanimated::AnimationFrameCallback::onAnimationFrame(double)+48) (BuildId: 639828debb7a8448486b51c40c5b46ade3f464b2)
06-14 22:18:36.878 10469 10469 F DEBUG   :       #70 pc 0000000000419560  /data/app/~~EwxWotzCGZ4FV83dQC-GNg==/com.arcfire.online-zZh_7I8O3suhv6p3umC5ig==/base.apk!libreanimated.so (offset 0x3b31000) (facebook::jni::detail::MethodWrapper<void (reanimated::AnimationFrameCallback::*)(double), &reanimated::AnimationFrameCallback::onAnimationFrame(double), reanimated::AnimationFrameCallback, void, double>::dispatch(facebook::jni::alias_ref<facebook::jni::detail::JTypeFor<facebook::jni::HybridClass<reanimated::AnimationFrameCallback, facebook::jni::detail::BaseHybridClass>::JavaPart, facebook::jni::JObject, void>::_javaobject*>, double&&)+220) (BuildId: 639828debb7a8448486b51c40c5b46ade3f464b2)
06-14 22:18:36.879 10469 10469 F DEBUG   :       #71 pc 0000000000419738  /data/app/~~EwxWotzCGZ4FV83dQC-GNg==/com.arcfire.online-zZh_7I8O3suhv6p3umC5ig==/base.apk!libreanimated.so (offset 0x3b31000) (facebook::jni::detail::CallWithJniConversions<void (*)(facebook::jni::alias_ref<facebook::jni::detail::JTypeFor<facebook::jni::HybridClass<reanimated::AnimationFrameCallback, facebook::jni::detail::BaseHybridClass>::JavaPart, facebook::jni::JObject, void>::_javaobject*>, double&&), void, facebook::jni::detail::JTypeFor<facebook::jni::HybridClass<reanimated::AnimationFrameCallback, facebook::jni::detail::BaseHybridClass>::JavaPart, facebook::jni::JObject, void>::_javaobject*, double>::call(facebook::jni::detail::JTypeFor<facebook::jni::HybridClass<reanimated::AnimationFrameCallback, facebook::jni::detail::BaseHybridClass>::JavaPart, facebook::jni::JObject, void>::_javaobject*, double, void (*)(facebook::jni::alias_ref<facebook::jni::detail::JTypeFor<facebook::jni::HybridClass<reanimated::AnimationFrameCallback, facebook::jni::detail::BaseHybridClass>::JavaPart, facebook::jni::JObject, void>::_javaobject*>, double&&))+88) (BuildId: 639828debb7a8448486b51c40c5b46ade3f464b2)
06-14 22:18:36.879 10469 10469 F DEBUG   :       #72 pc 00000000004193a4  /data/app/~~EwxWotzCGZ4FV83dQC-GNg==/com.arcfire.online-zZh_7I8O3suhv6p3umC5ig==/base.apk!libreanimated.so (offset 0x3b31000) (facebook::jni::detail::FunctionWrapper<void (*)(facebook::jni::alias_ref<facebook::jni::detail::JTypeFor<facebook::jni::HybridClass<reanimated::AnimationFrameCallback, facebook::jni::detail::BaseHybridClass>::JavaPart, facebook::jni::JObject, void>::_javaobject*>, double&&), facebook::jni::detail::JTypeFor<facebook::jni::HybridClass<reanimated::AnimationFrameCallback, facebook::jni::detail::BaseHybridClass>::JavaPart, facebook::jni::JObject, void>::_javaobject*, void, double>::call(_JNIEnv*, _jobject*, double, void (*)(facebook::jni::alias_ref<facebook::jni::detail::JTypeFor<facebook::jni::HybridClass<reanimated::AnimationFrameCallback, facebook::jni::detail::BaseHybridClass>::JavaPart, facebook::jni::JObject, void>::_javaobject*>, double&&))+64) (BuildId: 639828debb7a8448486b51c40c5b46ade3f464b2)
06-14 22:18:36.879 10469 10469 F DEBUG   :       #73 pc 00000000004192a0  /data/app/~~EwxWotzCGZ4FV83dQC-GNg==/com.arcfire.online-zZh_7I8O3suhv6p3umC5ig==/base.apk!libreanimated.so (offset 0x3b31000) (facebook::jni::detail::MethodWrapper<void (reanimated::AnimationFrameCallback::*)(double), &reanimated::AnimationFrameCallback::onAnimationFrame(double), reanimated::AnimationFrameCallback, void, double>::call(_JNIEnv*, _jobject*, double)+60) (BuildId: 639828debb7a8448486b51c40c5b46ade3f464b2)
06-14 22:18:36.879 10469 10469 F DEBUG   :       #74 pc 00000000002b03a0  /apex/com.android.art/lib64/libart.so (art_quick_generic_jni_trampoline+144) (BuildId: 1f156fc62660d075a8d675db850b95d5)
06-14 22:18:36.879 10469 10469 F DEBUG   :       #75 pc 00000000008b8564  [anon_shmem:dalvik-jit-code-cache] (offset 0x2000000) (com.swmansion.reanimated.NodesManager.onAnimationFrame+644)
06-14 22:18:36.879 10469 10469 F DEBUG   :       #76 pc 0000000000298f94  /apex/com.android.art/lib64/libart.so (art_quick_invoke_stub+612) (BuildId: 1f156fc62660d075a8d675db850b95d5)
06-14 22:18:36.879 10469 10469 F DEBUG   :       #77 pc 000000000087ba64  /apex/com.android.art/lib64/libart.so (bool art::interpreter::DoCall<false>(art::ArtMethod*, art::Thread*, art::ShadowFrame&, art::Instruction const*, unsigned short, bool, art::JValue*)+1620) (BuildId: 1f156fc62660d075a8d675db850b95d5)
06-14 22:18:36.879 10469 10469 F DEBUG   :       #78 pc 00000000006fd968  /apex/com.android.art/lib64/libart.so (void art::interpreter::ExecuteSwitchImplCpp<false>(art::interpreter::SwitchImplContext*)+284) (BuildId: 1f156fc62660d075a8d675db850b95d5)
06-14 22:18:36.879 10469 10469 F DEBUG   :       #79 pc 00000000002fcc98  /apex/com.android.art/lib64/libart.so (ExecuteSwitchImplAsm+8) (BuildId: 1f156fc62660d075a8d675db850b95d5)
06-14 22:18:36.879 10469 10469 F DEBUG   :       #80 pc 0000000000093164  [anon:dalvik-classes2.dex extract....arcfire.online-zZh_7I8O3suhv6p3umC5ig==/base.apk] (com.swmansion.reanimated.NodesManager.-$$Nest$monAnimationFrame+0)
06-14 22:18:36.879 10469 10469 F DEBUG   :       #81 pc 00000000002fc8d0  /apex/com.android.art/lib64/libart.so (art::interpreter::Execute(art::Thread*, art::CodeItemDataAccessor const&, art::ShadowFrame&, art::JValue, bool, bool) (.__uniq.112435418011751916792819755956732575238.llvm.6848007882488385806)+360) (BuildId: 1f156fc62660d075a8d675db850b95d5)
06-14 22:18:36.879 10469 10469 F DEBUG   :       #82 pc 00000000002fc254  /apex/com.android.art/lib64/libart.so (artQuickToInterpreterBridge+916) (BuildId: 1f156fc62660d075a8d675db850b95d5)
06-14 22:18:36.879 10469 10469 F DEBUG   :       #83 pc 00000000002b04d8  /apex/com.android.art/lib64/libart.so (art_quick_to_interpreter_bridge+88) (BuildId: 1f156fc62660d075a8d675db850b95d5)
06-14 22:18:36.879 10469 10469 F DEBUG   :       #84 pc 00000000008e45d0  [anon_shmem:dalvik-jit-code-cache] (offset 0x2000000) (com.swmansion.reanimated.NodesManager$2.doFrameGuarded+128)
06-14 22:18:36.879 10469 10469 F DEBUG   :       #85 pc 00000000008c91b4  [anon_shmem:dalvik-jit-code-cache] (offset 0x2000000) (com.facebook.react.uimanager.GuardedFrameCallback.doFrame+132)
06-14 22:18:36.879 10469 10469 F DEBUG   :       #86 pc 00000000005da378  [anon_shmem:dalvik-jit-code-cache] (offset 0x2000000) (com.facebook.react.modules.core.ReactChoreographer$1.doFrame+408)
06-14 22:18:36.879 10469 10469 F DEBUG   :       #87 pc 000000000044091c  [anon_shmem:dalvik-jit-code-cache] (offset 0x2000000) (android.view.Choreographer$CallbackRecord.run+220)
06-14 22:18:36.879 10469 10469 F DEBUG   :       #88 pc 000000000044012c  [anon_shmem:dalvik-jit-code-cache] (offset 0x2000000) (android.view.Choreographer$CallbackRecord.run+300)
06-14 22:18:36.879 10469 10469 F DEBUG   :       #89 pc 000000000043f5c8  [anon_shmem:dalvik-jit-code-cache] (offset 0x2000000) (android.view.Choreographer.doCallbacks+744)
06-14 22:18:36.879 10469 10469 F DEBUG   :       #90 pc 000000000043df04  [anon_shmem:dalvik-jit-code-cache] (offset 0x2000000) (android.view.Choreographer.doFrame+2820)
06-14 22:18:36.879 10469 10469 F DEBUG   :       #91 pc 000000000043d34c  [anon_shmem:dalvik-jit-code-cache] (offset 0x2000000) (android.view.Choreographer$FrameDisplayEventReceiver.run+156)
06-14 22:18:36.879 10469 10469 F DEBUG   :       #92 pc 000000000022f630  [anon_shmem:dalvik-jit-code-cache] (offset 0x2000000) (android.os.Handler.handleCallback+128)
06-14 22:18:36.879 10469 10469 F DEBUG   :       #93 pc 0000000000083f04  [anon_shmem:dalvik-jit-code-cache] (offset 0x2000000) (android.os.Handler.dispatchMessage+132)
06-14 22:18:36.879 10469 10469 F DEBUG   :       #94 pc 0000000000082854  [anon_shmem:dalvik-jit-code-cache] (offset 0x2000000) (android.os.Looper.loopOnce+1300)
06-14 22:18:36.879 10469 10469 F DEBUG   :       #95 pc 00000000008c0414  [anon_shmem:dalvik-jit-code-cache] (offset 0x2000000) (android.os.Looper.loop+292)
06-14 22:18:36.879 10469 10469 F DEBUG   :       #96 pc 00000000002992f0  /apex/com.android.art/lib64/libart.so (art_quick_osr_stub+64) (BuildId: 1f156fc62660d075a8d675db850b95d5)
06-14 22:18:36.879 10469 10469 F DEBUG   :       #97 pc 000000000022f320  /apex/com.android.art/lib64/libart.so (art::jit::Jit::MaybeDoOnStackReplacement(art::Thread*, art::ArtMethod*, unsigned int, int, art::JValue*)+636) (BuildId: 1f156fc62660d075a8d675db850b95d5)
06-14 22:18:36.879 10469 10469 F DEBUG   :       #98 pc 00000000006fe640  /apex/com.android.art/lib64/libart.so (void art::interpreter::ExecuteSwitchImplCpp<false>(art::interpreter::SwitchImplContext*)+3572) (BuildId: 1f156fc62660d075a8d675db850b95d5)
06-14 22:18:36.879 10469 10469 F DEBUG   :       #99 pc 00000000002fcc98  /apex/com.android.art/lib64/libart.so (ExecuteSwitchImplAsm+8) (BuildId: 1f156fc62660d075a8d675db850b95d5)
06-14 22:18:36.879 10469 10469 F DEBUG   :       #100 pc 00000000002cc0a4  /system/framework/framework.jar (offset 0x1059000) (android.os.Looper.loop+0)
06-14 22:18:36.879 10469 10469 F DEBUG   :       #101 pc 000000000087bd10  /apex/com.android.art/lib64/libart.so (bool art::interpreter::DoCall<false>(art::ArtMethod*, art::Thread*, art::ShadowFrame&, art::Instruction const*, unsigned short, bool, art::JValue*)+2304) (BuildId: 1f156fc62660d075a8d675db850b95d5)
06-14 22:18:36.879 10469 10469 F DEBUG   :       #102 pc 00000000006fd968  /apex/com.android.art/lib64/libart.so (void art::interpreter::ExecuteSwitchImplCpp<false>(art::interpreter::SwitchImplContext*)+284) (BuildId: 1f156fc62660d075a8d675db850b95d5)
06-14 22:18:36.879 10469 10469 F DEBUG   :       #103 pc 00000000002fcc98  /apex/com.android.art/lib64/libart.so (ExecuteSwitchImplAsm+8) (BuildId: 1f156fc62660d075a8d675db850b95d5)
06-14 22:18:36.879 10469 10469 F DEBUG   :       #104 pc 00000000001cdc50  /system/framework/framework.jar (offset 0x7000) (android.app.ActivityThread.main+0)
06-14 22:18:36.879 10469 10469 F DEBUG   :       #105 pc 00000000002fc8d0  /apex/com.android.art/lib64/libart.so (art::interpreter::Execute(art::Thread*, art::CodeItemDataAccessor const&, art::ShadowFrame&, art::JValue, bool, bool) (.__uniq.112435418011751916792819755956732575238.llvm.6848007882488385806)+360) (BuildId: 1f156fc62660d075a8d675db850b95d5)
06-14 22:18:36.879 10469 10469 F DEBUG   :       #106 pc 00000000002fc254  /apex/com.android.art/lib64/libart.so (artQuickToInterpreterBridge+916) (BuildId: 1f156fc62660d075a8d675db850b95d5)
06-14 22:18:36.879 10469 10469 F DEBUG   :       #107 pc 00000000002b04d8  /apex/com.android.art/lib64/libart.so (art_quick_to_interpreter_bridge+88) (BuildId: 1f156fc62660d075a8d675db850b95d5)
06-14 22:18:36.879 10469 10469 F DEBUG   :       #108 pc 0000000000299260  /apex/com.android.art/lib64/libart.so (art_quick_invoke_static_stub+640) (BuildId: 1f156fc62660d075a8d675db850b95d5)
06-14 22:18:36.879 10469 10469 F DEBUG   :       #109 pc 000000000028a194  /apex/com.android.art/lib64/libart.so (_jobject* art::InvokeMethod<(art::PointerSize)8>(art::ScopedObjectAccessAlreadyRunnable const&, _jobject*, _jobject*, _jobject*, unsigned long)+552) (BuildId: 1f156fc62660d075a8d675db850b95d5)
06-14 22:18:36.879 10469 10469 F DEBUG   :       #110 pc 00000000006334c8  /apex/com.android.art/lib64/libart.so (art::Method_invoke(_JNIEnv*, _jobject*, _jobject*, _jobjectArray*) (.__uniq.165753521025965369065708152063621506277)+36) (BuildId: 1f156fc62660d075a8d675db850b95d5)
06-14 22:18:36.879 10469 10469 F DEBUG   :       #111 pc 00000000002b03a0  /apex/com.android.art/lib64/libart.so (art_quick_generic_jni_trampoline+144) (BuildId: 1f156fc62660d075a8d675db850b95d5)
06-14 22:18:36.879 10469 10469 F DEBUG   :       #112 pc 0000000000298f94  /apex/com.android.art/lib64/libart.so (art_quick_invoke_stub+612) (BuildId: 1f156fc62660d075a8d675db850b95d5)
06-14 22:18:36.879 10469 10469 F DEBUG   :       #113 pc 000000000087ba64  /apex/com.android.art/lib64/libart.so (bool art::interpreter::DoCall<false>(art::ArtMethod*, art::Thread*, art::ShadowFrame&, art::Instruction const*, unsigned short, bool, art::JValue*)+1620) (BuildId: 1f156fc62660d075a8d675db850b95d5)
06-14 22:18:36.879 10469 10469 F DEBUG   :       #114 pc 00000000006fda90  /apex/com.android.art/lib64/libart.so (void art::interpreter::ExecuteSwitchImplCpp<false>(art::interpreter::SwitchImplContext*)+580) (BuildId: 1f156fc62660d075a8d675db850b95d5)
06-14 22:18:36.879 10469 10469 F DEBUG   :       #115 pc 00000000002fcc98  /apex/com.android.art/lib64/libart.so (ExecuteSwitchImplAsm+8) (BuildId: 1f156fc62660d075a8d675db850b95d5)
06-14 22:18:36.879 10469 10469 F DEBUG   :       #116 pc 000000000049db30  /system/framework/framework.jar (offset 0x2127000) (com.android.internal.os.RuntimeInit$MethodAndArgsCaller.run+0)
06-14 22:18:36.879 10469 10469 F DEBUG   :       #117 pc 00000000002fc8d0  /apex/com.android.art/lib64/libart.so (art::interpreter::Execute(art::Thread*, art::CodeItemDataAccessor const&, art::ShadowFrame&, art::JValue, bool, bool) (.__uniq.112435418011751916792819755956732575238.llvm.6848007882488385806)+360) (BuildId: 1f156fc62660d075a8d675db850b95d5)
06-14 22:18:36.879 10469 10469 F DEBUG   :       #118 pc 00000000002fc254  /apex/com.android.art/lib64/libart.so (artQuickToInterpreterBridge+916) (BuildId: 1f156fc62660d075a8d675db850b95d5)
06-14 22:18:36.879 10469 10469 F DEBUG   :       #119 pc 00000000002b04d8  /apex/com.android.art/lib64/libart.so (art_quick_to_interpreter_bridge+88) (BuildId: 1f156fc62660d075a8d675db850b95d5)
06-14 22:18:36.879 10469 10469 F DEBUG   :       #120 pc 0000000000d4bf9c  /data/misc/apexdata/com.android.art/dalvik-cache/arm64/boot.oat (com.android.internal.os.ZygoteInit.main+3244)
06-14 22:18:36.879 10469 10469 F DEBUG   :       #121 pc 0000000000299260  /apex/com.android.art/lib64/libart.so (art_quick_invoke_static_stub+640) (BuildId: 1f156fc62660d075a8d675db850b95d5)
06-14 22:18:36.879 10469 10469 F DEBUG   :       #122 pc 0000000000296cb0  /apex/com.android.art/lib64/libart.so (art::JValue art::InvokeWithVarArgs<_jmethodID*>(art::ScopedObjectAccessAlreadyRunnable const&, _jobject*, _jmethodID*, std::__va_list)+760) (BuildId: 1f156fc62660d075a8d675db850b95d5)
06-14 22:18:36.879 10469 10469 F DEBUG   :       #123 pc 00000000006a4960  /apex/com.android.art/lib64/libart.so (art::JNI<true>::CallStaticVoidMethodV(_JNIEnv*, _jclass*, _jmethodID*, std::__va_list)+164) (BuildId: 1f156fc62660d075a8d675db850b95d5)
06-14 22:18:36.879 10469 10469 F DEBUG   :       #124 pc 0000000000104558  /system/lib64/libandroid_runtime.so (_JNIEnv::CallStaticVoidMethod(_jclass*, _jmethodID*, ...)+104) (BuildId: bfd0efa3956dfcd7e6ecd6111b4dd10d)
06-14 22:18:36.879 10469 10469 F DEBUG   :       #125 pc 000000000012fd9c  /system/lib64/libandroid_runtime.so (android::AndroidRuntime::start(char const*, android::Vector<android::String8> const&, bool)+908) (BuildId: bfd0efa3956dfcd7e6ecd6111b4dd10d)
06-14 22:18:36.879 10469 10469 F DEBUG   :       #126 pc 00000000000025f8  /system/bin/app_process64 (main+1304) (BuildId: 4f9e45a3242ebb6b0d26cbe7a2e4ad9d)
06-14 22:18:36.879 10469 10469 F DEBUG   :       #127 pc 0000000000069848  /apex/com.android.runtime/lib64/bionic/libc.so (__libc_init+120) (BuildId: 8ff701fa7a74a8ad475206062b5b72aa)
06-14 22:23:42.770 10812 10812 F libc    : Fatal signal 11 (SIGSEGV), code 1 (SEGV_MAPERR), fault addr 0x0 in tid 10812 (.arcfire.online), pid 10812 (.arcfire.online)
06-14 22:23:43.432 11305 11305 F DEBUG   : *** *** *** *** *** *** *** *** *** *** *** *** *** *** *** ***
06-14 22:23:43.432 11305 11305 F DEBUG   : Build fingerprint: 'samsung/a34xks/a34x:16/BP2A.250605.031.A3/A346NKSSEEZD4:user/release-keys'
06-14 22:23:43.432 11305 11305 F DEBUG   : Revision: '6'
06-14 22:23:43.432 11305 11305 F DEBUG   : ABI: 'arm64'
06-14 22:23:43.432 11305 11305 F DEBUG   : Processor: '7'
06-14 22:23:43.432 11305 11305 F DEBUG   : Timestamp: 2026-06-14 22:23:42.975106158+0900
06-14 22:23:43.432 11305 11305 F DEBUG   : Process uptime: 139s
06-14 22:23:43.432 11305 11305 F DEBUG   : Cmdline: com.arcfire.online
06-14 22:23:43.432 11305 11305 F DEBUG   : pid: 10812, tid: 10812, name: .arcfire.online  >>> com.arcfire.online <<<
06-14 22:23:43.432 11305 11305 F DEBUG   : uid: 11042
06-14 22:23:43.432 11305 11305 F DEBUG   : tagged_addr_ctrl: 0000000000000001 (PR_TAGGED_ADDR_ENABLE)
06-14 22:23:43.432 11305 11305 F DEBUG   : signal 11 (SIGSEGV), code 1 (SEGV_MAPERR), fault addr 0x0000000000000000
06-14 22:23:43.432 11305 11305 F DEBUG   : Cause: null pointer dereference
06-14 22:23:43.432 11305 11305 F DEBUG   :     x0  0000000000000000  x1  b400007ae1cb0618  x2  0000007fee613f00  x3  0000000000000000
06-14 22:23:43.432 11305 11305 F DEBUG   :     x4  0000000000000000  x5  0000007fee613a48  x6  0000007fee613f00  x7  0000007fee613a50
06-14 22:23:43.432 11305 11305 F DEBUG   :     x8  0000007fee613628  x9  0000000000000000  x10 0000007fee613a48  x11 000000798cac304c
06-14 22:23:43.432 11305 11305 F DEBUG   :     x12 b400007a9199f2d0  x13 0000000000000004  x14 0000000000000000  x15 0000000000000000
06-14 22:23:43.432 11305 11305 F DEBUG   :     x16 0000007562337a20  x17 0000007561b2dac0  x18 0000007c74890000  x19 0000000000000000
06-14 22:23:43.432 11305 11305 F DEBUG   :     x20 b400007a919a7850  x21 b400007ad1aeaa60  x22 0000007874a91770  x23 0000007fee613f90
06-14 22:23:43.432 11305 11305 F DEBUG   :     x24 0000007c74341700  x25 0000007fee613f90  x26 0000000000000000  x27 b400007a9199f2d0
06-14 22:23:43.432 11305 11305 F DEBUG   :     x28 0000007874a915a8  x29 0000007fee613640
06-14 22:23:43.432 11305 11305 F DEBUG   :     lr  0000007561b398a0  sp  0000007fee6135a0  pc  0000007561e6399c  pst 0000000060001000
06-14 22:23:43.432 11305 11305 F DEBUG   : 134 total frames
06-14 22:23:43.432 11305 11305 F DEBUG   : backtrace:
06-14 22:23:43.432 11305 11305 F DEBUG   :       #00 pc 0000000000a2399c  /data/app/~~EwxWotzCGZ4FV83dQC-GNg==/com.arcfire.online-zZh_7I8O3suhv6p3umC5ig==/base.apk!librnskia.so (offset 0x414a000) (BuildId: a5860719700b671c6e944005d980b317d4862e34)
06-14 22:23:43.432 11305 11305 F DEBUG   :       #01 pc 00000000006f989c  /data/app/~~EwxWotzCGZ4FV83dQC-GNg==/com.arcfire.online-zZh_7I8O3suhv6p3umC5ig==/base.apk!librnskia.so (offset 0x414a000) (RNSkia::JsiSkPath::reset(facebook::jsi::Runtime&, facebook::jsi::Value const&, facebook::jsi::Value const*, unsigned long)+76) (BuildId: a5860719700b671c6e944005d980b317d4862e34)
06-14 22:23:43.432 11305 11305 F DEBUG   :       #02 pc 000000000065e548  /data/app/~~EwxWotzCGZ4FV83dQC-GNg==/com.arcfire.online-zZh_7I8O3suhv6p3umC5ig==/base.apk!librnskia.so (offset 0x414a000) (BuildId: a5860719700b671c6e944005d980b317d4862e34)
06-14 22:23:43.432 11305 11305 F DEBUG   :       #03 pc 000000000065e3d4  /data/app/~~EwxWotzCGZ4FV83dQC-GNg==/com.arcfire.online-zZh_7I8O3suhv6p3umC5ig==/base.apk!librnskia.so (offset 0x414a000) (BuildId: a5860719700b671c6e944005d980b317d4862e34)
06-14 22:23:43.432 11305 11305 F DEBUG   :       #04 pc 000000000065e300  /data/app/~~EwxWotzCGZ4FV83dQC-GNg==/com.arcfire.online-zZh_7I8O3suhv6p3umC5ig==/base.apk!librnskia.so (offset 0x414a000) (std::__ndk1::__bind_return<facebook::jsi::Value (RNJsi::JsiHostObject::*)(facebook::jsi::Runtime&, facebook::jsi::Value const&, facebook::jsi::Value const*, unsigned long), std::__ndk1::tuple<RNJsi::JsiHostObject*, std::__ndk1::placeholders::__ph<1>, std::__ndk1::placeholders::__ph<2>, std::__ndk1::placeholders::__ph<3>, std::__ndk1::placeholders::__ph<4>>, std::__ndk1::tuple<facebook::jsi::Runtime&, facebook::jsi::Value const&, facebook::jsi::Value const*&&, unsigned long&&>, __is_valid_bind_return<facebook::jsi::Value (RNJsi::JsiHostObject::*)(facebook::jsi::Runtime&, facebook::jsi::Value const&, facebook::jsi::Value const*, unsigned long), std::__ndk1::tuple<RNJsi::JsiHostObject*, std::__ndk1::placeholders::__ph<1>, std::__ndk1::placeholders::__ph<2>, std::__ndk1::placeholders::__ph<3>, std::__ndk1::placeholders::__ph<4>>, std::__ndk1::tuple<facebook::jsi::Runtime&, facebook::jsi::Value const&, facebook::jsi::Value const*&&, unsigned long&&>>::value>::type std::__ndk1::__bind<facebook::jsi::Value (RNJsi::JsiHostObject::* const&)(facebook::jsi::Runtime&, facebook::jsi::Value const&, facebook::jsi::Value const*, unsigned long), RNJsi::JsiHostObject*, std::__ndk1::placeholders::__ph<1> const&, std::__ndk1::placeholders::__ph<2> const&, std::__ndk1::placeholders::__ph<3> const&, std::__ndk1::placeholders::__ph<4> const&>::operator()<facebook::jsi::Runtime&, facebook::jsi::Value const&, facebook::jsi::Value const*, unsigned long>(facebook::jsi::Runtime&, facebook::jsi::Value const&, facebook::jsi::Value const*&&, unsigned long&&)+164) (BuildId: a5860719700b671c6e944005d980b317d4862e34)
06-14 22:23:43.432 11305 11305 F DEBUG   :       #05 pc 000000000065e238  /data/app/~~EwxWotzCGZ4FV83dQC-GNg==/com.arcfire.online-zZh_7I8O3suhv6p3umC5ig==/base.apk!librnskia.so (offset 0x414a000) (BuildId: a5860719700b671c6e944005d980b317d4862e34)
06-14 22:23:43.432 11305 11305 F DEBUG   :       #06 pc 000000000065e18c  /data/app/~~EwxWotzCGZ4FV83dQC-GNg==/com.arcfire.online-zZh_7I8O3suhv6p3umC5ig==/base.apk!librnskia.so (offset 0x414a000) (facebook::jsi::Value std::__ndk1::__invoke_void_return_wrapper<facebook::jsi::Value>::__call<std::__ndk1::__bind<facebook::jsi::Value (RNJsi::JsiHostObject::* const&)(facebook::jsi::Runtime&, facebook::jsi::Value const&, facebook::jsi::Value const*, unsigned long), RNJsi::JsiHostObject*, std::__ndk1::placeholders::__ph<1> const&, std::__ndk1::placeholders::__ph<2> const&, std::__ndk1::placeholders::__ph<3> const&, std::__ndk1::placeholders::__ph<4> const&>&, facebook::jsi::Runtime&, facebook::jsi::Value const&, facebook::jsi::Value const*, unsigned long>(std::__ndk1::__bind<facebook::jsi::Value (RNJsi::JsiHostObject::* const&)(facebook::jsi::Runtime&, facebook::jsi::Value const&, facebook::jsi::Value const*, unsigned long), RNJsi::JsiHostObject*, std::__ndk1::placeholders::__ph<1> const&, std::__ndk1::placeholders::__ph<2> const&, std::__ndk1::placeholders::__ph<3> const&, std::__ndk1::placeholders::__ph<4> const&>&, facebook::jsi::Runtime&, facebook::jsi::Value const&, facebook::jsi::Value const*&&, unsigned long&&)+120) (BuildId: a5860719700b671c6e944005d980b317d4862e34)
06-14 22:23:43.432 11305 11305 F DEBUG   :       #07 pc 000000000065e0f0  /data/app/~~EwxWotzCGZ4FV83dQC-GNg==/com.arcfire.online-zZh_7I8O3suhv6p3umC5ig==/base.apk!librnskia.so (offset 0x414a000) (BuildId: a5860719700b671c6e944005d980b317d4862e34)
06-14 22:23:43.432 11305 11305 F DEBUG   :       #08 pc 000000000065ceb4  /data/app/~~EwxWotzCGZ4FV83dQC-GNg==/com.arcfire.online-zZh_7I8O3suhv6p3umC5ig==/base.apk!librnskia.so (offset 0x414a000) (std::__ndk1::__function::__func<std::__ndk1::__bind<facebook::jsi::Value (RNJsi::JsiHostObject::* const&)(facebook::jsi::Runtime&, facebook::jsi::Value const&, facebook::jsi::Value const*, unsigned long), RNJsi::JsiHostObject*, std::__ndk1::placeholders::__ph<1> const&, std::__ndk1::placeholders::__ph<2> const&, std::__ndk1::placeholders::__ph<3> const&, std::__ndk1::placeholders::__ph<4> const&>, std::__ndk1::allocator<std::__ndk1::__bind<facebook::jsi::Value (RNJsi::JsiHostObject::* const&)(facebook::jsi::Runtime&, facebook::jsi::Value const&, facebook::jsi::Value const*, unsigned long), RNJsi::JsiHostObject*, std::__ndk1::placeholders::__ph<1> const&, std::__ndk1::placeholders::__ph<2> const&, std::__ndk1::placeholders::__ph<3> const&, std::__ndk1::placeholders::__ph<4> const&>>, facebook::jsi::Value (facebook::jsi::Runtime&, facebook::jsi::Value const&, facebook::jsi::Value const*, unsigned long)>::operator()(facebook::jsi::Runtime&, facebook::jsi::Value const&, facebook::jsi::Value const*&&, unsigned long&&)+120) (BuildId: a5860719700b671c6e944005d980b317d4862e34)
06-14 22:23:43.432 11305 11305 F DEBUG   :       #09 pc 00000000002c8cf8  /data/app/~~EwxWotzCGZ4FV83dQC-GNg==/com.arcfire.online-zZh_7I8O3suhv6p3umC5ig==/base.apk!libreanimated.so (offset 0x3b31000) (BuildId: 639828debb7a8448486b51c40c5b46ade3f464b2)
06-14 22:23:43.433 11305 11305 F DEBUG   :       #10 pc 00000000002c8bf0  /data/app/~~EwxWotzCGZ4FV83dQC-GNg==/com.arcfire.online-zZh_7I8O3suhv6p3umC5ig==/base.apk!libreanimated.so (offset 0x3b31000) (std::__ndk1::function<facebook::jsi::Value (facebook::jsi::Runtime&, facebook::jsi::Value const&, facebook::jsi::Value const*, unsigned long)>::operator()(facebook::jsi::Runtime&, facebook::jsi::Value const&, facebook::jsi::Value const*, unsigned long) const+72) (BuildId: 639828debb7a8448486b51c40c5b46ade3f464b2)
06-14 22:23:43.433 11305 11305 F DEBUG   :       #11 pc 00000000002c8b7c  /data/app/~~EwxWotzCGZ4FV83dQC-GNg==/com.arcfire.online-zZh_7I8O3suhv6p3umC5ig==/base.apk!libreanimated.so (offset 0x3b31000) (facebook::jsi::DecoratedHostFunction::operator()(facebook::jsi::Runtime&, facebook::jsi::Value const&, facebook::jsi::Value const*, unsigned long)+96) (BuildId: 639828debb7a8448486b51c40c5b46ade3f464b2)
06-14 22:23:43.433 11305 11305 F DEBUG   :       #12 pc 00000000002c8af0  /data/app/~~EwxWotzCGZ4FV83dQC-GNg==/com.arcfire.online-zZh_7I8O3suhv6p3umC5ig==/base.apk!libreanimated.so (offset 0x3b31000) (BuildId: 639828debb7a8448486b51c40c5b46ade3f464b2)
06-14 22:23:43.433 11305 11305 F DEBUG   :       #13 pc 00000000002c8a1c  /data/app/~~EwxWotzCGZ4FV83dQC-GNg==/com.arcfire.online-zZh_7I8O3suhv6p3umC5ig==/base.apk!libreanimated.so (offset 0x3b31000) (facebook::jsi::Value std::__ndk1::__invoke_void_return_wrapper<facebook::jsi::Value, false>::__call<facebook::jsi::DecoratedHostFunction&, facebook::jsi::Runtime&, facebook::jsi::Value const&, facebook::jsi::Value const*, unsigned long>(facebook::jsi::DecoratedHostFunction&, facebook::jsi::Runtime&, facebook::jsi::Value const&, facebook::jsi::Value const*&&, unsigned long&&)+72) (BuildId: 639828debb7a8448486b51c40c5b46ade3f464b2)
06-14 22:23:43.433 11305 11305 F DEBUG   :       #14 pc 00000000002c89a8  /data/app/~~EwxWotzCGZ4FV83dQC-GNg==/com.arcfire.online-zZh_7I8O3suhv6p3umC5ig==/base.apk!libreanimated.so (offset 0x3b31000) (BuildId: 639828debb7a8448486b51c40c5b46ade3f464b2)
06-14 22:23:43.433 11305 11305 F DEBUG   :       #15 pc 00000000002c6eac  /data/app/~~EwxWotzCGZ4FV83dQC-GNg==/com.arcfire.online-zZh_7I8O3suhv6p3umC5ig==/base.apk!libreanimated.so (offset 0x3b31000) (std::__ndk1::__function::__func<facebook::jsi::DecoratedHostFunction, std::__ndk1::allocator<facebook::jsi::DecoratedHostFunction>, facebook::jsi::Value (facebook::jsi::Runtime&, facebook::jsi::Value const&, facebook::jsi::Value const*, unsigned long)>::operator()(facebook::jsi::Runtime&, facebook::jsi::Value const&, facebook::jsi::Value const*&&, unsigned long&&)+76) (BuildId: 639828debb7a8448486b51c40c5b46ade3f464b2)
06-14 22:23:43.433 11305 11305 F DEBUG   :       #16 pc 00000000002c8cf8  /data/app/~~EwxWotzCGZ4FV83dQC-GNg==/com.arcfire.online-zZh_7I8O3suhv6p3umC5ig==/base.apk!libreanimated.so (offset 0x3b31000) (BuildId: 639828debb7a8448486b51c40c5b46ade3f464b2)
06-14 22:23:43.433 11305 11305 F DEBUG   :       #17 pc 00000000002c8bf0  /data/app/~~EwxWotzCGZ4FV83dQC-GNg==/com.arcfire.online-zZh_7I8O3suhv6p3umC5ig==/base.apk!libreanimated.so (offset 0x3b31000) (std::__ndk1::function<facebook::jsi::Value (facebook::jsi::Runtime&, facebook::jsi::Value const&, facebook::jsi::Value const*, unsigned long)>::operator()(facebook::jsi::Runtime&, facebook::jsi::Value const&, facebook::jsi::Value const*, unsigned long) const+72) (BuildId: 639828debb7a8448486b51c40c5b46ade3f464b2)
06-14 22:23:43.433 11305 11305 F DEBUG   :       #18 pc 00000000002c8b7c  /data/app/~~EwxWotzCGZ4FV83dQC-GNg==/com.arcfire.online-zZh_7I8O3suhv6p3umC5ig==/base.apk!libreanimated.so (offset 0x3b31000) (facebook::jsi::DecoratedHostFunction::operator()(facebook::jsi::Runtime&, facebook::jsi::Value const&, facebook::jsi::Value const*, unsigned long)+96) (BuildId: 639828debb7a8448486b51c40c5b46ade3f464b2)
06-14 22:23:43.433 11305 11305 F DEBUG   :       #19 pc 00000000002c8af0  /data/app/~~EwxWotzCGZ4FV83dQC-GNg==/com.arcfire.online-zZh_7I8O3suhv6p3umC5ig==/base.apk!libreanimated.so (offset 0x3b31000) (BuildId: 639828debb7a8448486b51c40c5b46ade3f464b2)
06-14 22:23:43.433 11305 11305 F DEBUG   :       #20 pc 00000000002c8a1c  /data/app/~~EwxWotzCGZ4FV83dQC-GNg==/com.arcfire.online-zZh_7I8O3suhv6p3umC5ig==/base.apk!libreanimated.so (offset 0x3b31000) (facebook::jsi::Value std::__ndk1::__invoke_void_return_wrapper<facebook::jsi::Value, false>::__call<facebook::jsi::DecoratedHostFunction&, facebook::jsi::Runtime&, facebook::jsi::Value const&, facebook::jsi::Value const*, unsigned long>(facebook::jsi::DecoratedHostFunction&, facebook::jsi::Runtime&, facebook::jsi::Value const&, facebook::jsi::Value const*&&, unsigned long&&)+72) (BuildId: 639828debb7a8448486b51c40c5b46ade3f464b2)
06-14 22:23:43.433 11305 11305 F DEBUG   :       #21 pc 00000000002c89a8  /data/app/~~EwxWotzCGZ4FV83dQC-GNg==/com.arcfire.online-zZh_7I8O3suhv6p3umC5ig==/base.apk!libreanimated.so (offset 0x3b31000) (BuildId: 639828debb7a8448486b51c40c5b46ade3f464b2)
06-14 22:23:43.433 11305 11305 F DEBUG   :       #22 pc 00000000002c6eac  /data/app/~~EwxWotzCGZ4FV83dQC-GNg==/com.arcfire.online-zZh_7I8O3suhv6p3umC5ig==/base.apk!libreanimated.so (offset 0x3b31000) (std::__ndk1::__function::__func<facebook::jsi::DecoratedHostFunction, std::__ndk1::allocator<facebook::jsi::DecoratedHostFunction>, facebook::jsi::Value (facebook::jsi::Runtime&, facebook::jsi::Value const&, facebook::jsi::Value const*, unsigned long)>::operator()(facebook::jsi::Runtime&, facebook::jsi::Value const&, facebook::jsi::Value const*&&, unsigned long&&)+76) (BuildId: 639828debb7a8448486b51c40c5b46ade3f464b2)
06-14 22:23:43.433 11305 11305 F DEBUG   :       #23 pc 00000000000b9278  /data/app/~~EwxWotzCGZ4FV83dQC-GNg==/com.arcfire.online-zZh_7I8O3suhv6p3umC5ig==/base.apk!libhermes.so (offset 0x20fe000) (BuildId: 7168d7993b78e1652575c41c7fedbe59d35ceea7)
06-14 22:23:43.433 11305 11305 F DEBUG   :       #24 pc 00000000001159e4  /data/app/~~EwxWotzCGZ4FV83dQC-GNg==/com.arcfire.online-zZh_7I8O3suhv6p3umC5ig==/base.apk!libhermes.so (offset 0x20fe000) (BuildId: 7168d7993b78e1652575c41c7fedbe59d35ceea7)
06-14 22:23:43.434 11305 11305 F DEBUG   :       #25 pc 0000000000134bec  /data/app/~~EwxWotzCGZ4FV83dQC-GNg==/com.arcfire.online-zZh_7I8O3suhv6p3umC5ig==/base.apk!libhermes.so (offset 0x20fe000) (BuildId: 7168d7993b78e1652575c41c7fedbe59d35ceea7)
06-14 22:23:43.434 11305 11305 F DEBUG   :       #26 pc 0000000000134120  /data/app/~~EwxWotzCGZ4FV83dQC-GNg==/com.arcfire.online-zZh_7I8O3suhv6p3umC5ig==/base.apk!libhermes.so (offset 0x20fe000) (BuildId: 7168d7993b78e1652575c41c7fedbe59d35ceea7)
06-14 22:23:43.434 11305 11305 F DEBUG   :       #27 pc 0000000000115cdc  /data/app/~~EwxWotzCGZ4FV83dQC-GNg==/com.arcfire.online-zZh_7I8O3suhv6p3umC5ig==/base.apk!libhermes.so (offset 0x20fe000) (BuildId: 7168d7993b78e1652575c41c7fedbe59d35ceea7)
06-14 22:23:43.434 11305 11305 F DEBUG   :       #28 pc 0000000000115550  /data/app/~~EwxWotzCGZ4FV83dQC-GNg==/com.arcfire.online-zZh_7I8O3suhv6p3umC5ig==/base.apk!libhermes.so (offset 0x20fe000) (BuildId: 7168d7993b78e1652575c41c7fedbe59d35ceea7)
06-14 22:23:43.434 11305 11305 F DEBUG   :       #29 pc 0000000000134c08  /data/app/~~EwxWotzCGZ4FV83dQC-GNg==/com.arcfire.online-zZh_7I8O3suhv6p3umC5ig==/base.apk!libhermes.so (offset 0x20fe000) (BuildId: 7168d7993b78e1652575c41c7fedbe59d35ceea7)
06-14 22:23:43.434 11305 11305 F DEBUG   :       #30 pc 0000000000134120  /data/app/~~EwxWotzCGZ4FV83dQC-GNg==/com.arcfire.online-zZh_7I8O3suhv6p3umC5ig==/base.apk!libhermes.so (offset 0x20fe000) (BuildId: 7168d7993b78e1652575c41c7fedbe59d35ceea7)
06-14 22:23:43.434 11305 11305 F DEBUG   :       #31 pc 0000000000115cdc  /data/app/~~EwxWotzCGZ4FV83dQC-GNg==/com.arcfire.online-zZh_7I8O3suhv6p3umC5ig==/base.apk!libhermes.so (offset 0x20fe000) (BuildId: 7168d7993b78e1652575c41c7fedbe59d35ceea7)
06-14 22:23:43.434 11305 11305 F DEBUG   :       #32 pc 0000000000114054  /data/app/~~EwxWotzCGZ4FV83dQC-GNg==/com.arcfire.online-zZh_7I8O3suhv6p3umC5ig==/base.apk!libhermes.so (offset 0x20fe000) (BuildId: 7168d7993b78e1652575c41c7fedbe59d35ceea7)
06-14 22:23:43.434 11305 11305 F DEBUG   :       #33 pc 0000000000160d94  /data/app/~~EwxWotzCGZ4FV83dQC-GNg==/com.arcfire.online-zZh_7I8O3suhv6p3umC5ig==/base.apk!libhermes.so (offset 0x20fe000) (BuildId: 7168d7993b78e1652575c41c7fedbe59d35ceea7)
06-14 22:23:43.434 11305 11305 F DEBUG   :       #34 pc 00000000001d04ec  /data/app/~~EwxWotzCGZ4FV83dQC-GNg==/com.arcfire.online-zZh_7I8O3suhv6p3umC5ig==/base.apk!libhermes.so (offset 0x20fe000) (BuildId: 7168d7993b78e1652575c41c7fedbe59d35ceea7)
06-14 22:23:43.434 11305 11305 F DEBUG   :       #35 pc 00000000001159e4  /data/app/~~EwxWotzCGZ4FV83dQC-GNg==/com.arcfire.online-zZh_7I8O3suhv6p3umC5ig==/base.apk!libhermes.so (offset 0x20fe000) (BuildId: 7168d7993b78e1652575c41c7fedbe59d35ceea7)
06-14 22:23:43.434 11305 11305 F DEBUG   :       #36 pc 0000000000134bec  /data/app/~~EwxWotzCGZ4FV83dQC-GNg==/com.arcfire.online-zZh_7I8O3suhv6p3umC5ig==/base.apk!libhermes.so (offset 0x20fe000) (BuildId: 7168d7993b78e1652575c41c7fedbe59d35ceea7)
06-14 22:23:43.434 11305 11305 F DEBUG   :       #37 pc 0000000000134120  /data/app/~~EwxWotzCGZ4FV83dQC-GNg==/com.arcfire.online-zZh_7I8O3suhv6p3umC5ig==/base.apk!libhermes.so (offset 0x20fe000) (BuildId: 7168d7993b78e1652575c41c7fedbe59d35ceea7)
06-14 22:23:43.434 11305 11305 F DEBUG   :       #38 pc 0000000000115cdc  /data/app/~~EwxWotzCGZ4FV83dQC-GNg==/com.arcfire.online-zZh_7I8O3suhv6p3umC5ig==/base.apk!libhermes.so (offset 0x20fe000) (BuildId: 7168d7993b78e1652575c41c7fedbe59d35ceea7)
06-14 22:23:43.434 11305 11305 F DEBUG   :       #39 pc 0000000000114054  /data/app/~~EwxWotzCGZ4FV83dQC-GNg==/com.arcfire.online-zZh_7I8O3suhv6p3umC5ig==/base.apk!libhermes.so (offset 0x20fe000) (BuildId: 7168d7993b78e1652575c41c7fedbe59d35ceea7)
06-14 22:23:43.434 11305 11305 F DEBUG   :       #40 pc 0000000000195ce4  /data/app/~~EwxWotzCGZ4FV83dQC-GNg==/com.arcfire.online-zZh_7I8O3suhv6p3umC5ig==/base.apk!libhermes.so (offset 0x20fe000) (BuildId: 7168d7993b78e1652575c41c7fedbe59d35ceea7)
06-14 22:23:43.434 11305 11305 F DEBUG   :       #41 pc 00000000001159e4  /data/app/~~EwxWotzCGZ4FV83dQC-GNg==/com.arcfire.online-zZh_7I8O3suhv6p3umC5ig==/base.apk!libhermes.so (offset 0x20fe000) (BuildId: 7168d7993b78e1652575c41c7fedbe59d35ceea7)
06-14 22:23:43.434 11305 11305 F DEBUG   :       #42 pc 0000000000134bec  /data/app/~~EwxWotzCGZ4FV83dQC-GNg==/com.arcfire.online-zZh_7I8O3suhv6p3umC5ig==/base.apk!libhermes.so (offset 0x20fe000) (BuildId: 7168d7993b78e1652575c41c7fedbe59d35ceea7)
06-14 22:23:43.434 11305 11305 F DEBUG   :       #43 pc 0000000000134120  /data/app/~~EwxWotzCGZ4FV83dQC-GNg==/com.arcfire.online-zZh_7I8O3suhv6p3umC5ig==/base.apk!libhermes.so (offset 0x20fe000) (BuildId: 7168d7993b78e1652575c41c7fedbe59d35ceea7)
06-14 22:23:43.434 11305 11305 F DEBUG   :       #44 pc 0000000000115cdc  /data/app/~~EwxWotzCGZ4FV83dQC-GNg==/com.arcfire.online-zZh_7I8O3suhv6p3umC5ig==/base.apk!libhermes.so (offset 0x20fe000) (BuildId: 7168d7993b78e1652575c41c7fedbe59d35ceea7)
06-14 22:23:43.434 11305 11305 F DEBUG   :       #45 pc 00000000001b7540  /data/app/~~EwxWotzCGZ4FV83dQC-GNg==/com.arcfire.online-zZh_7I8O3suhv6p3umC5ig==/base.apk!libhermes.so (offset 0x20fe000) (BuildId: 7168d7993b78e1652575c41c7fedbe59d35ceea7)
06-14 22:23:43.434 11305 11305 F DEBUG   :       #46 pc 00000000001159e4  /data/app/~~EwxWotzCGZ4FV83dQC-GNg==/com.arcfire.online-zZh_7I8O3suhv6p3umC5ig==/base.apk!libhermes.so (offset 0x20fe000) (BuildId: 7168d7993b78e1652575c41c7fedbe59d35ceea7)
06-14 22:23:43.434 11305 11305 F DEBUG   :       #47 pc 0000000000142830  /data/app/~~EwxWotzCGZ4FV83dQC-GNg==/com.arcfire.online-zZh_7I8O3suhv6p3umC5ig==/base.apk!libhermes.so (offset 0x20fe000) (BuildId: 7168d7993b78e1652575c41c7fedbe59d35ceea7)
06-14 22:23:43.434 11305 11305 F DEBUG   :       #48 pc 0000000000135020  /data/app/~~EwxWotzCGZ4FV83dQC-GNg==/com.arcfire.online-zZh_7I8O3suhv6p3umC5ig==/base.apk!libhermes.so (offset 0x20fe000) (BuildId: 7168d7993b78e1652575c41c7fedbe59d35ceea7)
06-14 22:23:43.434 11305 11305 F DEBUG   :       #49 pc 0000000000134120  /data/app/~~EwxWotzCGZ4FV83dQC-GNg==/com.arcfire.online-zZh_7I8O3suhv6p3umC5ig==/base.apk!libhermes.so (offset 0x20fe000) (BuildId: 7168d7993b78e1652575c41c7fedbe59d35ceea7)
06-14 22:23:43.434 11305 11305 F DEBUG   :       #50 pc 0000000000115cdc  /data/app/~~EwxWotzCGZ4FV83dQC-GNg==/com.arcfire.online-zZh_7I8O3suhv6p3umC5ig==/base.apk!libhermes.so (offset 0x20fe000) (BuildId: 7168d7993b78e1652575c41c7fedbe59d35ceea7)
06-14 22:23:43.434 11305 11305 F DEBUG   :       #51 pc 0000000000115550  /data/app/~~EwxWotzCGZ4FV83dQC-GNg==/com.arcfire.online-zZh_7I8O3suhv6p3umC5ig==/base.apk!libhermes.so (offset 0x20fe000) (BuildId: 7168d7993b78e1652575c41c7fedbe59d35ceea7)
06-14 22:23:43.434 11305 11305 F DEBUG   :       #52 pc 00000000000b1438  /data/app/~~EwxWotzCGZ4FV83dQC-GNg==/com.arcfire.online-zZh_7I8O3suhv6p3umC5ig==/base.apk!libhermes.so (offset 0x20fe000) (BuildId: 7168d7993b78e1652575c41c7fedbe59d35ceea7)
06-14 22:23:43.434 11305 11305 F DEBUG   :       #53 pc 00000000002c447c  /data/app/~~EwxWotzCGZ4FV83dQC-GNg==/com.arcfire.online-zZh_7I8O3suhv6p3umC5ig==/base.apk!libreanimated.so (offset 0x3b31000) (facebook::jsi::RuntimeDecorator<facebook::jsi::Runtime, facebook::jsi::Runtime>::call(facebook::jsi::Function const&, facebook::jsi::Value const&, facebook::jsi::Value const*, unsigned long)+84) (BuildId: 639828debb7a8448486b51c40c5b46ade3f464b2)
06-14 22:23:43.434 11305 11305 F DEBUG   :       #54 pc 00000000002c1434  /data/app/~~EwxWotzCGZ4FV83dQC-GNg==/com.arcfire.online-zZh_7I8O3suhv6p3umC5ig==/base.apk!libreanimated.so (offset 0x3b31000) (facebook::jsi::WithRuntimeDecorator<reanimated::ReanimatedReentrancyCheck, facebook::jsi::Runtime, facebook::jsi::Runtime>::call(facebook::jsi::Function const&, facebook::jsi::Value const&, facebook::jsi::Value const*, unsigned long)+96) (BuildId: 639828debb7a8448486b51c40c5b46ade3f464b2)
06-14 22:23:43.434 11305 11305 F DEBUG   :       #55 pc 00000000002c447c  /data/app/~~EwxWotzCGZ4FV83dQC-GNg==/com.arcfire.online-zZh_7I8O3suhv6p3umC5ig==/base.apk!libreanimated.so (offset 0x3b31000) (facebook::jsi::RuntimeDecorator<facebook::jsi::Runtime, facebook::jsi::Runtime>::call(facebook::jsi::Function const&, facebook::jsi::Value const&, facebook::jsi::Value const*, unsigned long)+84) (BuildId: 639828debb7a8448486b51c40c5b46ade3f464b2)
06-14 22:23:43.434 11305 11305 F DEBUG   :       #56 pc 00000000002d69ac  /data/app/~~EwxWotzCGZ4FV83dQC-GNg==/com.arcfire.online-zZh_7I8O3suhv6p3umC5ig==/base.apk!libreanimated.so (offset 0x3b31000) (facebook::jsi::WithRuntimeDecorator<reanimated::AroundLock, facebook::jsi::Runtime, facebook::jsi::Runtime>::call(facebook::jsi::Function const&, facebook::jsi::Value const&, facebook::jsi::Value const*, unsigned long)+96) (BuildId: 639828debb7a8448486b51c40c5b46ade3f464b2)
06-14 22:23:43.434 11305 11305 F DEBUG   :       #57 pc 0000000000233ccc  /data/app/~~EwxWotzCGZ4FV83dQC-GNg==/com.arcfire.online-zZh_7I8O3suhv6p3umC5ig==/base.apk!libreanimated.so (offset 0x3b31000) (facebook::jsi::Function::call(facebook::jsi::Runtime&, facebook::jsi::Value const*, unsigned long) const+108) (BuildId: 639828debb7a8448486b51c40c5b46ade3f464b2)
06-14 22:23:43.434 11305 11305 F DEBUG   :       #58 pc 0000000000233b64  /data/app/~~EwxWotzCGZ4FV83dQC-GNg==/com.arcfire.online-zZh_7I8O3suhv6p3umC5ig==/base.apk!libreanimated.so (offset 0x3b31000) (facebook::jsi::Function::call(facebook::jsi::Runtime&, std::initializer_list<facebook::jsi::Value>) const+116) (BuildId: 639828debb7a8448486b51c40c5b46ade3f464b2)
06-14 22:23:43.434 11305 11305 F DEBUG   :       #59 pc 00000000002ac2dc  /data/app/~~EwxWotzCGZ4FV83dQC-GNg==/com.arcfire.online-zZh_7I8O3suhv6p3umC5ig==/base.apk!libreanimated.so (offset 0x3b31000) (facebook::jsi::Value facebook::jsi::Function::call<facebook::jsi::Value const&, facebook::jsi::Value&>(facebook::jsi::Runtime&, facebook::jsi::Value const&, facebook::jsi::Value&) const+164) (BuildId: 639828debb7a8448486b51c40c5b46ade3f464b2)
06-14 22:23:43.434 11305 11305 F DEBUG   :       #60 pc 000000000026efac  /data/app/~~EwxWotzCGZ4FV83dQC-GNg==/com.arcfire.online-zZh_7I8O3suhv6p3umC5ig==/base.apk!libreanimated.so (offset 0x3b31000) (facebook::jsi::Value reanimated::runOnRuntimeGuarded<facebook::jsi::Value&>(facebook::jsi::Runtime&, facebook::jsi::Value const&, facebook::jsi::Value&)+80) (BuildId: 639828debb7a8448486b51c40c5b46ade3f464b2)
06-14 22:23:43.434 11305 11305 F DEBUG   :       #61 pc 000000000026ec24  /data/app/~~EwxWotzCGZ4FV83dQC-GNg==/com.arcfire.online-zZh_7I8O3suhv6p3umC5ig==/base.apk!libreanimated.so (offset 0x3b31000) (reanimated::NativeReanimatedModule::onRender(double)+212) (BuildId: 639828debb7a8448486b51c40c5b46ade3f464b2)
06-14 22:23:43.434 11305 11305 F DEBUG   :       #62 pc 0000000000287c7c  /data/app/~~EwxWotzCGZ4FV83dQC-GNg==/com.arcfire.online-zZh_7I8O3suhv6p3umC5ig==/base.apk!libreanimated.so (offset 0x3b31000) (BuildId: 639828debb7a8448486b51c40c5b46ade3f464b2)
06-14 22:23:43.434 11305 11305 F DEBUG   :       #63 pc 0000000000287c18  /data/app/~~EwxWotzCGZ4FV83dQC-GNg==/com.arcfire.online-zZh_7I8O3suhv6p3umC5ig==/base.apk!libreanimated.so (offset 0x3b31000) (BuildId: 639828debb7a8448486b51c40c5b46ade3f464b2)
06-14 22:23:43.434 11305 11305 F DEBUG   :       #64 pc 0000000000287b64  /data/app/~~EwxWotzCGZ4FV83dQC-GNg==/com.arcfire.online-zZh_7I8O3suhv6p3umC5ig==/base.apk!libreanimated.so (offset 0x3b31000) (BuildId: 639828debb7a8448486b51c40c5b46ade3f464b2)
06-14 22:23:43.434 11305 11305 F DEBUG   :       #65 pc 0000000000287b0c  /data/app/~~EwxWotzCGZ4FV83dQC-GNg==/com.arcfire.online-zZh_7I8O3suhv6p3umC5ig==/base.apk!libreanimated.so (offset 0x3b31000) (BuildId: 639828debb7a8448486b51c40c5b46ade3f464b2)
06-14 22:23:43.434 11305 11305 F DEBUG   :       #66 pc 0000000000286118  /data/app/~~EwxWotzCGZ4FV83dQC-GNg==/com.arcfire.online-zZh_7I8O3suhv6p3umC5ig==/base.apk!libreanimated.so (offset 0x3b31000) (BuildId: 639828debb7a8448486b51c40c5b46ade3f464b2)
06-14 22:23:43.434 11305 11305 F DEBUG   :       #67 pc 00000000004196b4  /data/app/~~EwxWotzCGZ4FV83dQC-GNg==/com.arcfire.online-zZh_7I8O3suhv6p3umC5ig==/base.apk!libreanimated.so (offset 0x3b31000) (BuildId: 639828debb7a8448486b51c40c5b46ade3f464b2)
06-14 22:23:43.434 11305 11305 F DEBUG   :       #68 pc 0000000000419620  /data/app/~~EwxWotzCGZ4FV83dQC-GNg==/com.arcfire.online-zZh_7I8O3suhv6p3umC5ig==/base.apk!libreanimated.so (offset 0x3b31000) (std::__ndk1::function<void (double)>::operator()(double) const+44) (BuildId: 639828debb7a8448486b51c40c5b46ade3f464b2)
06-14 22:23:43.434 11305 11305 F DEBUG   :       #69 pc 0000000000419338  /data/app/~~EwxWotzCGZ4FV83dQC-GNg==/com.arcfire.online-zZh_7I8O3suhv6p3umC5ig==/base.apk!libreanimated.so (offset 0x3b31000) (reanimated::AnimationFrameCallback::onAnimationFrame(double)+48) (BuildId: 639828debb7a8448486b51c40c5b46ade3f464b2)
06-14 22:23:43.434 11305 11305 F DEBUG   :       #70 pc 0000000000419560  /data/app/~~EwxWotzCGZ4FV83dQC-GNg==/com.arcfire.online-zZh_7I8O3suhv6p3umC5ig==/base.apk!libreanimated.so (offset 0x3b31000) (facebook::jni::detail::MethodWrapper<void (reanimated::AnimationFrameCallback::*)(double), &reanimated::AnimationFrameCallback::onAnimationFrame(double), reanimated::AnimationFrameCallback, void, double>::dispatch(facebook::jni::alias_ref<facebook::jni::detail::JTypeFor<facebook::jni::HybridClass<reanimated::AnimationFrameCallback, facebook::jni::detail::BaseHybridClass>::JavaPart, facebook::jni::JObject, void>::_javaobject*>, double&&)+220) (BuildId: 639828debb7a8448486b51c40c5b46ade3f464b2)
06-14 22:23:43.434 11305 11305 F DEBUG   :       #71 pc 0000000000419738  /data/app/~~EwxWotzCGZ4FV83dQC-GNg==/com.arcfire.online-zZh_7I8O3suhv6p3umC5ig==/base.apk!libreanimated.so (offset 0x3b31000) (facebook::jni::detail::CallWithJniConversions<void (*)(facebook::jni::alias_ref<facebook::jni::detail::JTypeFor<facebook::jni::HybridClass<reanimated::AnimationFrameCallback, facebook::jni::detail::BaseHybridClass>::JavaPart, facebook::jni::JObject, void>::_javaobject*>, double&&), void, facebook::jni::detail::JTypeFor<facebook::jni::HybridClass<reanimated::AnimationFrameCallback, facebook::jni::detail::BaseHybridClass>::JavaPart, facebook::jni::JObject, void>::_javaobject*, double>::call(facebook::jni::detail::JTypeFor<facebook::jni::HybridClass<reanimated::AnimationFrameCallback, facebook::jni::detail::BaseHybridClass>::JavaPart, facebook::jni::JObject, void>::_javaobject*, double, void (*)(facebook::jni::alias_ref<facebook::jni::detail::JTypeFor<facebook::jni::HybridClass<reanimated::AnimationFrameCallback, facebook::jni::detail::BaseHybridClass>::JavaPart, facebook::jni::JObject, void>::_javaobject*>, double&&))+88) (BuildId: 639828debb7a8448486b51c40c5b46ade3f464b2)
06-14 22:23:43.434 11305 11305 F DEBUG   :       #72 pc 00000000004193a4  /data/app/~~EwxWotzCGZ4FV83dQC-GNg==/com.arcfire.online-zZh_7I8O3suhv6p3umC5ig==/base.apk!libreanimated.so (offset 0x3b31000) (facebook::jni::detail::FunctionWrapper<void (*)(facebook::jni::alias_ref<facebook::jni::detail::JTypeFor<facebook::jni::HybridClass<reanimated::AnimationFrameCallback, facebook::jni::detail::BaseHybridClass>::JavaPart, facebook::jni::JObject, void>::_javaobject*>, double&&), facebook::jni::detail::JTypeFor<facebook::jni::HybridClass<reanimated::AnimationFrameCallback, facebook::jni::detail::BaseHybridClass>::JavaPart, facebook::jni::JObject, void>::_javaobject*, void, double>::call(_JNIEnv*, _jobject*, double, void (*)(facebook::jni::alias_ref<facebook::jni::detail::JTypeFor<facebook::jni::HybridClass<reanimated::AnimationFrameCallback, facebook::jni::detail::BaseHybridClass>::JavaPart, facebook::jni::JObject, void>::_javaobject*>, double&&))+64) (BuildId: 639828debb7a8448486b51c40c5b46ade3f464b2)
06-14 22:23:43.434 11305 11305 F DEBUG   :       #73 pc 00000000004192a0  /data/app/~~EwxWotzCGZ4FV83dQC-GNg==/com.arcfire.online-zZh_7I8O3suhv6p3umC5ig==/base.apk!libreanimated.so (offset 0x3b31000) (facebook::jni::detail::MethodWrapper<void (reanimated::AnimationFrameCallback::*)(double), &reanimated::AnimationFrameCallback::onAnimationFrame(double), reanimated::AnimationFrameCallback, void, double>::call(_JNIEnv*, _jobject*, double)+60) (BuildId: 639828debb7a8448486b51c40c5b46ade3f464b2)
06-14 22:23:43.434 11305 11305 F DEBUG   :       #74 pc 00000000002b03a0  /apex/com.android.art/lib64/libart.so (art_quick_generic_jni_trampoline+144) (BuildId: 1f156fc62660d075a8d675db850b95d5)
06-14 22:23:43.434 11305 11305 F DEBUG   :       #75 pc 00000000008b3c14  [anon_shmem:dalvik-jit-code-cache] (offset 0x2000000) (com.swmansion.reanimated.NodesManager.onAnimationFrame+644)
06-14 22:23:43.434 11305 11305 F DEBUG   :       #76 pc 0000000000298f94  /apex/com.android.art/lib64/libart.so (art_quick_invoke_stub+612) (BuildId: 1f156fc62660d075a8d675db850b95d5)
06-14 22:23:43.434 11305 11305 F DEBUG   :       #77 pc 000000000087ba64  /apex/com.android.art/lib64/libart.so (bool art::interpreter::DoCall<false>(art::ArtMethod*, art::Thread*, art::ShadowFrame&, art::Instruction const*, unsigned short, bool, art::JValue*)+1620) (BuildId: 1f156fc62660d075a8d675db850b95d5)
06-14 22:23:43.434 11305 11305 F DEBUG   :       #78 pc 00000000006fd968  /apex/com.android.art/lib64/libart.so (void art::interpreter::ExecuteSwitchImplCpp<false>(art::interpreter::SwitchImplContext*)+284) (BuildId: 1f156fc62660d075a8d675db850b95d5)
06-14 22:23:43.434 11305 11305 F DEBUG   :       #79 pc 00000000002fcc98  /apex/com.android.art/lib64/libart.so (ExecuteSwitchImplAsm+8) (BuildId: 1f156fc62660d075a8d675db850b95d5)
06-14 22:23:43.434 11305 11305 F DEBUG   :       #80 pc 0000000000093164  [anon:dalvik-classes2.dex extract....arcfire.online-zZh_7I8O3suhv6p3umC5ig==/base.apk] (com.swmansion.reanimated.NodesManager.-$$Nest$monAnimationFrame+0)
06-14 22:23:43.434 11305 11305 F DEBUG   :       #81 pc 000000000087bd10  /apex/com.android.art/lib64/libart.so (bool art::interpreter::DoCall<false>(art::ArtMethod*, art::Thread*, art::ShadowFrame&, art::Instruction const*, unsigned short, bool, art::JValue*)+2304) (BuildId: 1f156fc62660d075a8d675db850b95d5)
06-14 22:23:43.434 11305 11305 F DEBUG   :       #82 pc 00000000006fd968  /apex/com.android.art/lib64/libart.so (void art::interpreter::ExecuteSwitchImplCpp<false>(art::interpreter::SwitchImplContext*)+284) (BuildId: 1f156fc62660d075a8d675db850b95d5)
06-14 22:23:43.434 11305 11305 F DEBUG   :       #83 pc 00000000002fcc98  /apex/com.android.art/lib64/libart.so (ExecuteSwitchImplAsm+8) (BuildId: 1f156fc62660d075a8d675db850b95d5)
06-14 22:23:43.434 11305 11305 F DEBUG   :       #84 pc 0000000000092b84  [anon:dalvik-classes2.dex extract....arcfire.online-zZh_7I8O3suhv6p3umC5ig==/base.apk] (com.swmansion.reanimated.NodesManager$2.doFrameGuarded+0)
06-14 22:23:43.434 11305 11305 F DEBUG   :       #85 pc 000000000087bd10  /apex/com.android.art/lib64/libart.so (bool art::interpreter::DoCall<false>(art::ArtMethod*, art::Thread*, art::ShadowFrame&, art::Instruction const*, unsigned short, bool, art::JValue*)+2304) (BuildId: 1f156fc62660d075a8d675db850b95d5)
06-14 22:23:43.434 11305 11305 F DEBUG   :       #86 pc 00000000006fda90  /apex/com.android.art/lib64/libart.so (void art::interpreter::ExecuteSwitchImplCpp<false>(art::interpreter::SwitchImplContext*)+580) (BuildId: 1f156fc62660d075a8d675db850b95d5)
06-14 22:23:43.434 11305 11305 F DEBUG   :       #87 pc 00000000002fcc98  /apex/com.android.art/lib64/libart.so (ExecuteSwitchImplAsm+8) (BuildId: 1f156fc62660d075a8d675db850b95d5)
06-14 22:23:43.434 11305 11305 F DEBUG   :       #88 pc 0000000000471ae8  [anon:dalvik-classes.dex extracte....arcfire.online-zZh_7I8O3suhv6p3umC5ig==/base.apk] (com.facebook.react.uimanager.GuardedFrameCallback.doFrame+0)
06-14 22:23:43.434 11305 11305 F DEBUG   :       #89 pc 00000000002fc8d0  /apex/com.android.art/lib64/libart.so (art::interpreter::Execute(art::Thread*, art::CodeItemDataAccessor const&, art::ShadowFrame&, art::JValue, bool, bool) (.__uniq.112435418011751916792819755956732575238.llvm.6848007882488385806)+360) (BuildId: 1f156fc62660d075a8d675db850b95d5)
06-14 22:23:43.435 11305 11305 F DEBUG   :       #90 pc 00000000002fc254  /apex/com.android.art/lib64/libart.so (artQuickToInterpreterBridge+916) (BuildId: 1f156fc62660d075a8d675db850b95d5)
06-14 22:23:43.435 11305 11305 F DEBUG   :       #91 pc 00000000002b04d8  /apex/com.android.art/lib64/libart.so (art_quick_to_interpreter_bridge+88) (BuildId: 1f156fc62660d075a8d675db850b95d5)
06-14 22:23:43.435 11305 11305 F DEBUG   :       #92 pc 00000000005d5418  [anon_shmem:dalvik-jit-code-cache] (offset 0x2000000) (com.facebook.react.modules.core.ReactChoreographer$1.doFrame+408)
06-14 22:23:43.435 11305 11305 F DEBUG   :       #93 pc 0000000000441c7c  [anon_shmem:dalvik-jit-code-cache] (offset 0x2000000) (android.view.Choreographer$CallbackRecord.run+220)
06-14 22:23:43.435 11305 11305 F DEBUG   :       #94 pc 000000000044148c  [anon_shmem:dalvik-jit-code-cache] (offset 0x2000000) (android.view.Choreographer$CallbackRecord.run+300)
06-14 22:23:43.435 11305 11305 F DEBUG   :       #95 pc 0000000000440928  [anon_shmem:dalvik-jit-code-cache] (offset 0x2000000) (android.view.Choreographer.doCallbacks+744)
06-14 22:23:43.435 11305 11305 F DEBUG   :       #96 pc 000000000043f264  [anon_shmem:dalvik-jit-code-cache] (offset 0x2000000) (android.view.Choreographer.doFrame+2820)
06-14 22:23:43.435 11305 11305 F DEBUG   :       #97 pc 000000000043e6ac  [anon_shmem:dalvik-jit-code-cache] (offset 0x2000000) (android.view.Choreographer$FrameDisplayEventReceiver.run+156)
06-14 22:23:43.435 11305 11305 F DEBUG   :       #98 pc 0000000000232340  [anon_shmem:dalvik-jit-code-cache] (offset 0x2000000) (android.os.Handler.handleCallback+128)
06-14 22:23:43.435 11305 11305 F DEBUG   :       #99 pc 000000000005fd64  [anon_shmem:dalvik-jit-code-cache] (offset 0x2000000) (android.os.Handler.dispatchMessage+132)
06-14 22:23:43.435 11305 11305 F DEBUG   :       #100 pc 000000000005e6b4  [anon_shmem:dalvik-jit-code-cache] (offset 0x2000000) (android.os.Looper.loopOnce+1300)
06-14 22:23:43.435 11305 11305 F DEBUG   :       #101 pc 00000000008be5e4  [anon_shmem:dalvik-jit-code-cache] (offset 0x2000000) (android.os.Looper.loop+292)
06-14 22:23:43.435 11305 11305 F DEBUG   :       #102 pc 00000000002992f0  /apex/com.android.art/lib64/libart.so (art_quick_osr_stub+64) (BuildId: 1f156fc62660d075a8d675db850b95d5)
06-14 22:23:43.435 11305 11305 F DEBUG   :       #103 pc 000000000022f320  /apex/com.android.art/lib64/libart.so (art::jit::Jit::MaybeDoOnStackReplacement(art::Thread*, art::ArtMethod*, unsigned int, int, art::JValue*)+636) (BuildId: 1f156fc62660d075a8d675db850b95d5)
06-14 22:23:43.435 11305 11305 F DEBUG   :       #104 pc 00000000006fe640  /apex/com.android.art/lib64/libart.so (void art::interpreter::ExecuteSwitchImplCpp<false>(art::interpreter::SwitchImplContext*)+3572) (BuildId: 1f156fc62660d075a8d675db850b95d5)
06-14 22:23:43.435 11305 11305 F DEBUG   :       #105 pc 00000000002fcc98  /apex/com.android.art/lib64/libart.so (ExecuteSwitchImplAsm+8) (BuildId: 1f156fc62660d075a8d675db850b95d5)
06-14 22:23:43.435 11305 11305 F DEBUG   :       #106 pc 00000000002cc0a4  /system/framework/framework.jar (offset 0x1059000) (android.os.Looper.loop+0)
06-14 22:23:43.435 11305 11305 F DEBUG   :       #107 pc 000000000087bd10  /apex/com.android.art/lib64/libart.so (bool art::interpreter::DoCall<false>(art::ArtMethod*, art::Thread*, art::ShadowFrame&, art::Instruction const*, unsigned short, bool, art::JValue*)+2304) (BuildId: 1f156fc62660d075a8d675db850b95d5)
06-14 22:23:43.435 11305 11305 F DEBUG   :       #108 pc 00000000006fd968  /apex/com.android.art/lib64/libart.so (void art::interpreter::ExecuteSwitchImplCpp<false>(art::interpreter::SwitchImplContext*)+284) (BuildId: 1f156fc62660d075a8d675db850b95d5)
06-14 22:23:43.435 11305 11305 F DEBUG   :       #109 pc 00000000002fcc98  /apex/com.android.art/lib64/libart.so (ExecuteSwitchImplAsm+8) (BuildId: 1f156fc62660d075a8d675db850b95d5)
06-14 22:23:43.435 11305 11305 F DEBUG   :       #110 pc 00000000001cdc50  /system/framework/framework.jar (offset 0x7000) (android.app.ActivityThread.main+0)
06-14 22:23:43.435 11305 11305 F DEBUG   :       #111 pc 00000000002fc8d0  /apex/com.android.art/lib64/libart.so (art::interpreter::Execute(art::Thread*, art::CodeItemDataAccessor const&, art::ShadowFrame&, art::JValue, bool, bool) (.__uniq.112435418011751916792819755956732575238.llvm.6848007882488385806)+360) (BuildId: 1f156fc62660d075a8d675db850b95d5)
06-14 22:23:43.435 11305 11305 F DEBUG   :       #112 pc 00000000002fc254  /apex/com.android.art/lib64/libart.so (artQuickToInterpreterBridge+916) (BuildId: 1f156fc62660d075a8d675db850b95d5)
06-14 22:23:43.435 11305 11305 F DEBUG   :       #113 pc 00000000002b04d8  /apex/com.android.art/lib64/libart.so (art_quick_to_interpreter_bridge+88) (BuildId: 1f156fc62660d075a8d675db850b95d5)
06-14 22:23:43.435 11305 11305 F DEBUG   :       #114 pc 0000000000299260  /apex/com.android.art/lib64/libart.so (art_quick_invoke_static_stub+640) (BuildId: 1f156fc62660d075a8d675db850b95d5)
06-14 22:23:43.435 11305 11305 F DEBUG   :       #115 pc 000000000028a194  /apex/com.android.art/lib64/libart.so (_jobject* art::InvokeMethod<(art::PointerSize)8>(art::ScopedObjectAccessAlreadyRunnable const&, _jobject*, _jobject*, _jobject*, unsigned long)+552) (BuildId: 1f156fc62660d075a8d675db850b95d5)
06-14 22:23:43.435 11305 11305 F DEBUG   :       #116 pc 00000000006334c8  /apex/com.android.art/lib64/libart.so (art::Method_invoke(_JNIEnv*, _jobject*, _jobject*, _jobjectArray*) (.__uniq.165753521025965369065708152063621506277)+36) (BuildId: 1f156fc62660d075a8d675db850b95d5)
06-14 22:23:43.435 11305 11305 F DEBUG   :       #117 pc 00000000002b03a0  /apex/com.android.art/lib64/libart.so (art_quick_generic_jni_trampoline+144) (BuildId: 1f156fc62660d075a8d675db850b95d5)
06-14 22:23:43.435 11305 11305 F DEBUG   :       #118 pc 0000000000298f94  /apex/com.android.art/lib64/libart.so (art_quick_invoke_stub+612) (BuildId: 1f156fc62660d075a8d675db850b95d5)
06-14 22:23:43.435 11305 11305 F DEBUG   :       #119 pc 000000000087ba64  /apex/com.android.art/lib64/libart.so (bool art::interpreter::DoCall<false>(art::ArtMethod*, art::Thread*, art::ShadowFrame&, art::Instruction const*, unsigned short, bool, art::JValue*)+1620) (BuildId: 1f156fc62660d075a8d675db850b95d5)
06-14 22:23:43.435 11305 11305 F DEBUG   :       #120 pc 00000000006fda90  /apex/com.android.art/lib64/libart.so (void art::interpreter::ExecuteSwitchImplCpp<false>(art::interpreter::SwitchImplContext*)+580) (BuildId: 1f156fc62660d075a8d675db850b95d5)
06-14 22:23:43.435 11305 11305 F DEBUG   :       #121 pc 00000000002fcc98  /apex/com.android.art/lib64/libart.so (ExecuteSwitchImplAsm+8) (BuildId: 1f156fc62660d075a8d675db850b95d5)
06-14 22:23:43.435 11305 11305 F DEBUG   :       #122 pc 000000000049db30  /system/framework/framework.jar (offset 0x2127000) (com.android.internal.os.RuntimeInit$MethodAndArgsCaller.run+0)
06-14 22:23:43.435 11305 11305 F DEBUG   :       #123 pc 00000000002fc8d0  /apex/com.android.art/lib64/libart.so (art::interpreter::Execute(art::Thread*, art::CodeItemDataAccessor const&, art::ShadowFrame&, art::JValue, bool, bool) (.__uniq.112435418011751916792819755956732575238.llvm.6848007882488385806)+360) (BuildId: 1f156fc62660d075a8d675db850b95d5)
06-14 22:23:43.435 11305 11305 F DEBUG   :       #124 pc 00000000002fc254  /apex/com.android.art/lib64/libart.so (artQuickToInterpreterBridge+916) (BuildId: 1f156fc62660d075a8d675db850b95d5)
06-14 22:23:43.435 11305 11305 F DEBUG   :       #125 pc 00000000002b04d8  /apex/com.android.art/lib64/libart.so (art_quick_to_interpreter_bridge+88) (BuildId: 1f156fc62660d075a8d675db850b95d5)
06-14 22:23:43.435 11305 11305 F DEBUG   :       #126 pc 0000000000d4bf9c  /data/misc/apexdata/com.android.art/dalvik-cache/arm64/boot.oat (com.android.internal.os.ZygoteInit.main+3244)
06-14 22:23:43.435 11305 11305 F DEBUG   :       #127 pc 0000000000299260  /apex/com.android.art/lib64/libart.so (art_quick_invoke_static_stub+640) (BuildId: 1f156fc62660d075a8d675db850b95d5)
06-14 22:23:43.435 11305 11305 F DEBUG   :       #128 pc 0000000000296cb0  /apex/com.android.art/lib64/libart.so (art::JValue art::InvokeWithVarArgs<_jmethodID*>(art::ScopedObjectAccessAlreadyRunnable const&, _jobject*, _jmethodID*, std::__va_list)+760) (BuildId: 1f156fc62660d075a8d675db850b95d5)
06-14 22:23:43.435 11305 11305 F DEBUG   :       #129 pc 00000000006a4960  /apex/com.android.art/lib64/libart.so (art::JNI<true>::CallStaticVoidMethodV(_JNIEnv*, _jclass*, _jmethodID*, std::__va_list)+164) (BuildId: 1f156fc62660d075a8d675db850b95d5)
06-14 22:23:43.435 11305 11305 F DEBUG   :       #130 pc 0000000000104558  /system/lib64/libandroid_runtime.so (_JNIEnv::CallStaticVoidMethod(_jclass*, _jmethodID*, ...)+104) (BuildId: bfd0efa3956dfcd7e6ecd6111b4dd10d)
06-14 22:23:43.435 11305 11305 F DEBUG   :       #131 pc 000000000012fd9c  /system/lib64/libandroid_runtime.so (android::AndroidRuntime::start(char const*, android::Vector<android::String8> const&, bool)+908) (BuildId: bfd0efa3956dfcd7e6ecd6111b4dd10d)
06-14 22:23:43.435 11305 11305 F DEBUG   :       #132 pc 00000000000025f8  /system/bin/app_process64 (main+1304) (BuildId: 4f9e45a3242ebb6b0d26cbe7a2e4ad9d)
06-14 22:23:43.435 11305 11305 F DEBUG   :       #133 pc 0000000000069848  /apex/com.android.runtime/lib64/bionic/libc.so (__libc_init+120) (BuildId: 8ff701fa7a74a8ad475206062b5b72aa)
06-14 22:29:39.177 11430 11524 E ReactNativeJS: { [Error: TransformError SyntaxError: D:\arcfire20260607\src\components\planet\PlanetHubInboundDroneSkiaTrailLayer.tsx: Unexpected token, expected "," (201:5)
06-14 22:29:39.177 11430 11524 E ReactNativeJS: 
06-14 22:29:39.177 11430 11524 E ReactNativeJS: [0m [90m 199 |[39m       picLiveRef[33m.[39mcurrent [33m=[39m [36mnull[39m[33m;[39m
06-14 22:29:39.177 11430 11524 E ReactNativeJS:  [90m 200 |[39m       scheduleSkPictureDispose(live)[33m;[39m
06-14 22:29:39.177 11430 11524 E ReactNativeJS: [31m[1m>[22m[39m[90m 201 |[39m     }[33m;[39m
06-14 22:29:39.177 11430 11524 E ReactNativeJS:  [90m     |[39m      [31m[1m^[22m[39m
06-14 22:29:39.177 11430 11524 E ReactNativeJS:  [90m 202 |[39m   }[33m,[39m [orbitClockMs[33m,[39m syncMsSv[33m,[39m flatSv[33m,[39m droneCountSv[33m,[39m pushPicture])[33m;[39m
06-14 22:29:39.177 11430 11524 E ReactNativeJS:  [90m 203 |[39m
06-14 22:29:39.177 11430 11524 E ReactNativeJS:  [90m 204 |[39m   useAnimatedReaction([0m] preventSymbolication: true }
06-14 22:29:39.192 11430 11524 E ReactNativeJS: { [Error: TransformError SyntaxError: D:\arcfire20260607\src\components\planet\PlanetHubInboundDroneSkiaTrailLayer.tsx: Unexpected token, expected "," (201:5)
06-14 22:29:39.192 11430 11524 E ReactNativeJS: 
06-14 22:29:39.192 11430 11524 E ReactNativeJS: [0m [90m 199 |[39m       picLiveRef[33m.[39mcurrent [33m=[39m [36mnull[39m[33m;[39m
06-14 22:29:39.192 11430 11524 E ReactNativeJS:  [90m 200 |[39m       scheduleSkPictureDispose(live)[33m;[39m
06-14 22:29:39.192 11430 11524 E ReactNativeJS: [31m[1m>[22m[39m[90m 201 |[39m     }[33m;[39m
06-14 22:29:39.192 11430 11524 E ReactNativeJS:  [90m     |[39m      [31m[1m^[22m[39m
06-14 22:29:39.192 11430 11524 E ReactNativeJS:  [90m 202 |[39m   }[33m,[39m [orbitClockMs[33m,[39m syncMsSv[33m,[39m flatSv[33m,[39m droneCountSv[33m,[39m pushPicture])[33m;[39m
06-14 22:29:39.192 11430 11524 E ReactNativeJS:  [90m 203 |[39m
06-14 22:29:39.192 11430 11524 E ReactNativeJS:  [90m 204 |[39m   useAnimatedReaction([0m] preventSymbolication: true }
06-14 22:35:46.174 11888 11980 E ReactNativeJS: TypeError: 0, _inboundDroneSkiaTrail.writeInboundDroneRadialTrailPath is not a function (it is undefined)
06-14 22:35:46.174 11888 11980 E ReactNativeJS: 
06-14 22:35:46.174 11888 11980 E ReactNativeJS: This error is located at:
06-14 22:35:46.174 11888 11980 E ReactNativeJS:     in PlanetHubInboundDroneSkiaTrailLayer (created by PlanetHubInboundDroneLayer)
06-14 22:35:46.174 11888 11980 E ReactNativeJS:     in RCTView (created by View)
06-14 22:35:46.174 11888 11980 E ReactNativeJS:     in View (created by PlanetHubInboundDroneLayer)
06-14 22:35:46.174 11888 11980 E ReactNativeJS:     in PlanetHubInboundDroneLayer (created by PlanetStageBackground)
06-14 22:35:46.174 11888 11980 E ReactNativeJS:     in RCTView (created by View)
06-14 22:35:46.174 11888 11980 E ReactNativeJS:     in View (created by PlanetStageBackground)
06-14 22:35:46.174 11888 11980 E ReactNativeJS:     in RCTView (created by View)
06-14 22:35:46.174 11888 11980 E ReactNativeJS:     in View (created by PlanetStageBackground)
06-14 22:35:46.174 11888 11980 E ReactNativeJS:     in RCTView (created by View)
06-14 22:35:46.174 11888 11980 E ReactNativeJS:     in View (created by PlanetStageBackground)
06-14 22:35:46.174 11888 11980 E ReactNativeJS:     in RCTView (created by View)
06-14 22:35:46.174 11888 11980 E ReactNativeJS:     in View (created by PlanetStageBackground)
06-14 22:35:46.174 11888 11980 E ReactNativeJS:     in RCTView (created by View)
06-14 22:35:46.174 11888 11980 E ReactNativeJS:     in View (created by PlanetStageBackground)
06-14 22:35:46.174 11888 11980 E ReactNativeJS:     in RCTView (created by View)
06-14 22:35:46.174 11888 11980 E ReactNativeJS:     in View (created by PlanetStageBackground)
06-14 22:35:46.174 11888 11980 E ReactNativeJS:     in PlanetStageBackground (created by PlanetScreen)
06-14 22:35:46.174 11888 11980 E ReactNativeJS:     in RCTView (created by View)
06-14 22:35:46.174 11888 11980 E ReactNativeJS:     in View (created by StageShellInner)
06-14 22:35:46.174 11888 11980 E ReactNativeJS:     in RCTView (created by View)
06-14 22:35:46.174 11888 11980 E ReactNativeJS:     in View (created by StageShellInner)
06-14 22:35:46.174 11888 11980 E ReactNativeJS:     in RNCSafeAreaView
06-14 22:35:46.174 11888 11980 E ReactNativeJS:     in Unknown (created by StageShellInner)
06-14 22:35:46.174 11888 11980 E ReactNativeJS:     in StageShellInner (created by PlanetScreen)
06-14 22:35:46.174 11888 11980 E ReactNativeJS:     in PlanetCapitalCombatRoot (created by PlanetScreen)
06-14 22:35:46.174 11888 11980 E ReactNativeJS:     in PlanetScreen
06-14 22:35:46.174 11888 11980 E ReactNativeJS:     in Unknown (created by Route(planet))
06-14 22:35:46.174 11888 11980 E ReactNativeJS:     in Suspense (created by Route(planet))
06-14 22:35:46.174 11888 11980 E ReactNativeJS:     in Route (created by Route(planet))
06-14 22:35:46.174 11888 11980 E ReactNativeJS:     in Route(planet) (created by SceneView)
06-14 22:35:46.174 11888 11980 E ReactNativeJS:     in StaticContainer
06-14 22:35:46.174 11888 11980 E ReactNativeJS:     in EnsureSingleNavigator (created by SceneView)
06-14 22:35:46.174 11888 11980 E ReactNativeJS:     in SceneView (created by SceneView)
06-14 22:35:46.174 11888 11980 E ReactNativeJS:     in RCTView (created by View)
06-14 22:35:46.174 11888 11980 E ReactNativeJS:     in View (created by DebugContainer)
06-14 22:35:46.174 11888 11980 E ReactNativeJS:     in DebugContainer (created by MaybeNestedStack)
06-14 22:35:46.174 11888 11980 E ReactNativeJS:     in MaybeNestedStack (created by SceneView)
06-14 22:35:46.174 11888 11980 E ReactNativeJS:     in RCTView (created by View)
06-14 22:35:46.174 11888 11980 E ReactNativeJS:     in View (created by SceneView)
06-14 22:35:46.174 11888 11980 E ReactNativeJS:     in RNSScreen (created by Animated(Anonymous))
06-14 22:35:46.174 11888 11980 E ReactNativeJS:     in Animated(Anonymous) (created by InnerScreen)
06-14 22:35:46.174 11888 11980 E ReactNativeJS:     in Suspender (created by Freeze)
06-14 22:35:46.174 11888 11980 E ReactNativeJS:     in Suspense (created by Freeze)
06-14 22:35:46.174 11888 11980 E ReactNativeJS:     in Freeze (created by DelayedFreeze)
06-14 22:35:46.174 11888 11980 E ReactNativeJS:     in DelayedFreeze (created by InnerScreen)
06-14 22:35:46.174 11888 11980 E ReactNativeJS:     in InnerScreen (created by Screen)
06-14 22:35:46.174 11888 11980 E ReactNativeJS:     in Screen (created by SceneView)
06-14 22:35:46.174 11888 11980 E ReactNativeJS:     in SceneView (created by NativeStackViewInner)
06-14 22:35:46.174 11888 11980 E ReactNativeJS:     in Suspender (created by Freeze)
06-14 22:35:46.174 11888 11980 E ReactNativeJS:     in Suspense (created by Freeze)
06-14 22:35:46.174 11888 11980 E ReactNativeJS:     in Freeze (created by DelayedFreeze)
06-14 22:35:46.174 11888 11980 E ReactNativeJS:     in DelayedFreeze (created by ScreenStack)
06-14 22:35:46.174 11888 11980 E ReactNativeJS:     in RNSScreenStack (created by ScreenStack)
06-14 22:35:46.174 11888 11980 E ReactNativeJS:     in ScreenStack (created by NativeStackViewInner)
06-14 22:35:46.174 11888 11980 E ReactNativeJS:     in NativeStackViewInner (created by NativeStackView)
06-14 22:35:46.174 11888 11980 E ReactNativeJS:     in RCTView (created by View)
06-14 22:35:46.174 11888 11980 E ReactNativeJS:     in View (created by SafeAreaProviderCompat)
06-14 22:35:46.174 11888 11980 E ReactNativeJS:     in SafeAreaProviderCompat (created by NativeStackView)
06-14 22:35:46.174 11888 11980 E ReactNativeJS:     in NativeStackView (created by NativeStackNavigator)
06-14 22:35:46.174 11888 11980 E ReactNativeJS:     in PreventRemoveProvider (created by NavigationContent)
06-14 22:35:46.174 11888 11980 E ReactNativeJS:     in NavigationContent
06-14 22:35:46.174 11888 11980 E ReactNativeJS:     in Unknown (created by NativeStackNavigator)
06-14 22:35:46.174 11888 11980 E ReactNativeJS:     in NativeStackNavigator
06-14 22:35:46.174 11888 11980 E ReactNativeJS:     in Unknown (created by GameLayout)
06-14 22:35:46.174 11888 11980 E ReactNativeJS:     in GameLayout
06-14 22:35:46.174 11888 11980 E ReactNativeJS:     in Unknown (created by Route((game)))
06-14 22:35:46.174 11888 11980 E ReactNativeJS:     in Suspense (created by Route((game)))
06-14 22:35:46.174 11888 11980 E ReactNativeJS:     in Route (created by Route((game)))
06-14 22:35:46.174 11888 11980 E ReactNativeJS:     in Route((game)) (created by SceneView)
06-14 22:35:46.174 11888 11980 E ReactNativeJS:     in StaticContainer
06-14 22:35:46.174 11888 11980 E ReactNativeJS:     in EnsureSingleNavigator (created by SceneView)
06-14 22:35:46.174 11888 11980 E ReactNativeJS:     in SceneView (created by SceneView)
06-14 22:35:46.174 11888 11980 E ReactNativeJS:     in RCTView (created by View)
06-14 22:35:46.174 11888 11980 E ReactNativeJS:     in View (created by DebugContainer)
06-14 22:35:46.174 11888 11980 E ReactNativeJS:     in DebugContainer (created by MaybeNestedStack)
06-14 22:35:46.174 11888 11980 E ReactNativeJS:     in MaybeNestedStack (created by SceneView)
06-14 22:35:46.174 11888 11980 E ReactNativeJS:     in RCTView (created by View)
06-14 22:35:46.174 11888 11980 E ReactNativeJS:     in View (created by SceneView)
06-14 22:35:46.174 11888 11980 E ReactNativeJS:     in RNSScreen (created by Animated(Anonymous))
06-14 22:35:46.174 11888 11980 E ReactNativeJS:     in Animated(Anonymous) (created by InnerScreen)
06-14 22:35:46.174 11888 11980 E ReactNativeJS:     in Suspender (created by Freeze)
06-14 22:35:46.174 11888 11980 E ReactNativeJS:     in Suspense (created by Freeze)
06-14 22:35:46.174 11888 11980 E ReactNativeJS:     in Freeze (created by DelayedFreeze)
06-14 22:35:46.174 11888 11980 E ReactNativeJS:     in DelayedFreeze (created by InnerScreen)
06-14 22:35:46.174 11888 11980 E ReactNativeJS:     in InnerScreen (created by Screen)
06-14 22:35:46.174 11888 11980 E ReactNativeJS:     in Screen (created by SceneView)
06-14 22:35:46.174 11888 11980 E ReactNativeJS:     in SceneView (created by NativeStackViewInner)
06-14 22:35:46.174 11888 11980 E ReactNativeJS:     in Suspender (created by Freeze)
06-14 22:35:46.174 11888 11980 E ReactNativeJS:     in Suspense (created by Freeze)
06-14 22:35:46.174 11888 11980 E ReactNativeJS:     in Freeze (created by DelayedFreeze)
06-14 22:35:46.174 11888 11980 E ReactNativeJS:     in DelayedFreeze (created by ScreenStack)
06-14 22:35:46.174 11888 11980 E ReactNativeJS:     in RNSScreenStack (created by ScreenStack)
06-14 22:35:46.174 11888 11980 E ReactNativeJS:     in ScreenStack (created by NativeStackViewInner)
06-14 22:35:46.174 11888 11980 E ReactNativeJS:     in NativeStackViewInner (c
06-14 22:35:46.261 11888 11980 E ReactNativeJS: TypeError: 0, _inboundDroneSkiaTrail.writeInboundDroneRadialTrailPath is not a function (it is undefined)
06-14 22:35:46.261 11888 11980 E ReactNativeJS: 
06-14 22:35:46.261 11888 11980 E ReactNativeJS: This error is located at:
06-14 22:35:46.261 11888 11980 E ReactNativeJS:     in PlanetHubInboundDroneSkiaTrailLayer (created by PlanetHubInboundDroneLayer)
06-14 22:35:46.261 11888 11980 E ReactNativeJS:     in RCTView (created by View)
06-14 22:35:46.261 11888 11980 E ReactNativeJS:     in View (created by PlanetHubInboundDroneLayer)
06-14 22:35:46.261 11888 11980 E ReactNativeJS:     in PlanetHubInboundDroneLayer (created by PlanetStageBackground)
06-14 22:35:46.261 11888 11980 E ReactNativeJS:     in RCTView (created by View)
06-14 22:35:46.261 11888 11980 E ReactNativeJS:     in View (created by PlanetStageBackground)
06-14 22:35:46.261 11888 11980 E ReactNativeJS:     in RCTView (created by View)
06-14 22:35:46.261 11888 11980 E ReactNativeJS:     in View (created by PlanetStageBackground)
06-14 22:35:46.261 11888 11980 E ReactNativeJS:     in RCTView (created by View)
06-14 22:35:46.261 11888 11980 E ReactNativeJS:     in View (created by PlanetStageBackground)
06-14 22:35:46.261 11888 11980 E ReactNativeJS:     in RCTView (created by View)
06-14 22:35:46.261 11888 11980 E ReactNativeJS:     in View (created by PlanetStageBackground)
06-14 22:35:46.261 11888 11980 E ReactNativeJS:     in RCTView (created by View)
06-14 22:35:46.261 11888 11980 E ReactNativeJS:     in View (created by PlanetStageBackground)
06-14 22:35:46.261 11888 11980 E ReactNativeJS:     in RCTView (created by View)
06-14 22:35:46.261 11888 11980 E ReactNativeJS:     in View (created by PlanetStageBackground)
06-14 22:35:46.261 11888 11980 E ReactNativeJS:     in PlanetStageBackground (created by PlanetScreen)
06-14 22:35:46.261 11888 11980 E ReactNativeJS:     in RCTView (created by View)
06-14 22:35:46.261 11888 11980 E ReactNativeJS:     in View (created by StageShellInner)
06-14 22:35:46.261 11888 11980 E ReactNativeJS:     in RCTView (created by View)
06-14 22:35:46.261 11888 11980 E ReactNativeJS:     in View (created by StageShellInner)
06-14 22:35:46.261 11888 11980 E ReactNativeJS:     in RNCSafeAreaView
06-14 22:35:46.261 11888 11980 E ReactNativeJS:     in Unknown (created by StageShellInner)
06-14 22:35:46.261 11888 11980 E ReactNativeJS:     in StageShellInner (created by PlanetScreen)
06-14 22:35:46.261 11888 11980 E ReactNativeJS:     in PlanetCapitalCombatRoot (created by PlanetScreen)
06-14 22:35:46.261 11888 11980 E ReactNativeJS:     in PlanetScreen
06-14 22:35:46.261 11888 11980 E ReactNativeJS:     in Unknown (created by Route(planet))
06-14 22:35:46.261 11888 11980 E ReactNativeJS:     in Suspense (created by Route(planet))
06-14 22:35:46.261 11888 11980 E ReactNativeJS:     in Route (created by Route(planet))
06-14 22:35:46.261 11888 11980 E ReactNativeJS:     in Route(planet) (created by SceneView)
06-14 22:35:46.261 11888 11980 E ReactNativeJS:     in StaticContainer
06-14 22:35:46.261 11888 11980 E ReactNativeJS:     in EnsureSingleNavigator (created by SceneView)
06-14 22:35:46.261 11888 11980 E ReactNativeJS:     in SceneView (created by SceneView)
06-14 22:35:46.261 11888 11980 E ReactNativeJS:     in RCTView (created by View)
06-14 22:35:46.261 11888 11980 E ReactNativeJS:     in View (created by DebugContainer)
06-14 22:35:46.261 11888 11980 E ReactNativeJS:     in DebugContainer (created by MaybeNestedStack)
06-14 22:35:46.261 11888 11980 E ReactNativeJS:     in MaybeNestedStack (created by SceneView)
06-14 22:35:46.261 11888 11980 E ReactNativeJS:     in RCTView (created by View)
06-14 22:35:46.261 11888 11980 E ReactNativeJS:     in View (created by SceneView)
06-14 22:35:46.261 11888 11980 E ReactNativeJS:     in RNSScreen (created by Animated(Anonymous))
06-14 22:35:46.261 11888 11980 E ReactNativeJS:     in Animated(Anonymous) (created by InnerScreen)
06-14 22:35:46.261 11888 11980 E ReactNativeJS:     in Suspender (created by Freeze)
06-14 22:35:46.261 11888 11980 E ReactNativeJS:     in Suspense (created by Freeze)
06-14 22:35:46.261 11888 11980 E ReactNativeJS:     in Freeze (created by DelayedFreeze)
06-14 22:35:46.261 11888 11980 E ReactNativeJS:     in DelayedFreeze (created by InnerScreen)
06-14 22:35:46.261 11888 11980 E ReactNativeJS:     in InnerScreen (created by Screen)
06-14 22:35:46.261 11888 11980 E ReactNativeJS:     in Screen (created by SceneView)
06-14 22:35:46.261 11888 11980 E ReactNativeJS:     in SceneView (created by NativeStackViewInner)
06-14 22:35:46.261 11888 11980 E ReactNativeJS:     in Suspender (created by Freeze)
06-14 22:35:46.261 11888 11980 E ReactNativeJS:     in Suspense (created by Freeze)
06-14 22:35:46.261 11888 11980 E ReactNativeJS:     in Freeze (created by DelayedFreeze)
06-14 22:35:46.261 11888 11980 E ReactNativeJS:     in DelayedFreeze (created by ScreenStack)
06-14 22:35:46.261 11888 11980 E ReactNativeJS:     in RNSScreenStack (created by ScreenStack)
06-14 22:35:46.261 11888 11980 E ReactNativeJS:     in ScreenStack (created by NativeStackViewInner)
06-14 22:35:46.261 11888 11980 E ReactNativeJS:     in NativeStackViewInner (created by NativeStackView)
06-14 22:35:46.261 11888 11980 E ReactNativeJS:     in RCTView (created by View)
06-14 22:35:46.261 11888 11980 E ReactNativeJS:     in View (created by SafeAreaProviderCompat)
06-14 22:35:46.261 11888 11980 E ReactNativeJS:     in SafeAreaProviderCompat (created by NativeStackView)
06-14 22:35:46.261 11888 11980 E ReactNativeJS:     in NativeStackView (created by NativeStackNavigator)
06-14 22:35:46.261 11888 11980 E ReactNativeJS:     in PreventRemoveProvider (created by NavigationContent)
06-14 22:35:46.261 11888 11980 E ReactNativeJS:     in NavigationContent
06-14 22:35:46.261 11888 11980 E ReactNativeJS:     in Unknown (created by NativeStackNavigator)
06-14 22:35:46.261 11888 11980 E ReactNativeJS:     in NativeStackNavigator
06-14 22:35:46.261 11888 11980 E ReactNativeJS:     in Unknown (created by GameLayout)
06-14 22:35:46.261 11888 11980 E ReactNativeJS:     in GameLayout
06-14 22:35:46.261 11888 11980 E ReactNativeJS:     in Unknown (created by Route((game)))
06-14 22:35:46.261 11888 11980 E ReactNativeJS:     in Suspense (created by Route((game)))
06-14 22:35:46.261 11888 11980 E ReactNativeJS:     in Route (created by Route((game)))
06-14 22:35:46.261 11888 11980 E ReactNativeJS:     in Route((game)) (created by SceneView)
06-14 22:35:46.261 11888 11980 E ReactNativeJS:     in StaticContainer
06-14 22:35:46.261 11888 11980 E ReactNativeJS:     in EnsureSingleNavigator (created by SceneView)
06-14 22:35:46.261 11888 11980 E ReactNativeJS:     in SceneView (created by SceneView)
06-14 22:35:46.261 11888 11980 E ReactNativeJS:     in RCTView (created by View)
06-14 22:35:46.261 11888 11980 E ReactNativeJS:     in View (created by DebugContainer)
06-14 22:35:46.261 11888 11980 E ReactNativeJS:     in DebugContainer (created by MaybeNestedStack)
06-14 22:35:46.261 11888 11980 E ReactNativeJS:     in MaybeNestedStack (created by SceneView)
06-14 22:35:46.261 11888 11980 E ReactNativeJS:     in RCTView (created by View)
06-14 22:35:46.261 11888 11980 E ReactNativeJS:     in View (created by SceneView)
06-14 22:35:46.261 11888 11980 E ReactNativeJS:     in RNSScreen (created by Animated(Anonymous))
06-14 22:35:46.261 11888 11980 E ReactNativeJS:     in Animated(Anonymous) (created by InnerScreen)
06-14 22:35:46.261 11888 11980 E ReactNativeJS:     in Suspender (created by Freeze)
06-14 22:35:46.261 11888 11980 E ReactNativeJS:     in Suspense (created by Freeze)
06-14 22:35:46.261 11888 11980 E ReactNativeJS:     in Freeze (created by DelayedFreeze)
06-14 22:35:46.261 11888 11980 E ReactNativeJS:     in DelayedFreeze (created by InnerScreen)
06-14 22:35:46.261 11888 11980 E ReactNativeJS:     in InnerScreen (created by Screen)
06-14 22:35:46.261 11888 11980 E ReactNativeJS:     in Screen (created by SceneView)
06-14 22:35:46.261 11888 11980 E ReactNativeJS:     in SceneView (created by NativeStackViewInner)
06-14 22:35:46.261 11888 11980 E ReactNativeJS:     in Suspender (created by Freeze)
06-14 22:35:46.261 11888 11980 E ReactNativeJS:     in Suspense (created by Freeze)
06-14 22:35:46.261 11888 11980 E ReactNativeJS:     in Freeze (created by DelayedFreeze)
06-14 22:35:46.261 11888 11980 E ReactNativeJS:     in DelayedFreeze (created by ScreenStack)
06-14 22:35:46.261 11888 11980 E ReactNativeJS:     in RNSScreenStack (created by ScreenStack)
06-14 22:35:46.261 11888 11980 E ReactNativeJS:     in ScreenStack (created by NativeStackViewInner)
06-14 22:35:46.261 11888 11980 E ReactNativeJS:     in NativeStackViewInner (c
06-14 22:40:36.613 11888 12165 E ReactNativeJS: TypeError: 0, _inboundDroneSkiaTrail.forEachInboundDroneTrailSegment is not a function (it is undefined)
06-14 22:40:36.613 11888 12165 E ReactNativeJS: 
06-14 22:40:36.613 11888 12165 E ReactNativeJS: This error is located at:
06-14 22:40:36.613 11888 12165 E ReactNativeJS:     in PlanetHubInboundDroneSkiaTrailLayer (created by PlanetHubInboundDroneLayer)
06-14 22:40:36.613 11888 12165 E ReactNativeJS:     in RCTView (created by View)
06-14 22:40:36.613 11888 12165 E ReactNativeJS:     in View (created by PlanetHubInboundDroneLayer)
06-14 22:40:36.613 11888 12165 E ReactNativeJS:     in PlanetHubInboundDroneLayer (created by PlanetStageBackground)
06-14 22:40:36.613 11888 12165 E ReactNativeJS:     in RCTView (created by View)
06-14 22:40:36.613 11888 12165 E ReactNativeJS:     in View (created by PlanetStageBackground)
06-14 22:40:36.613 11888 12165 E ReactNativeJS:     in RCTView (created by View)
06-14 22:40:36.613 11888 12165 E ReactNativeJS:     in View (created by PlanetStageBackground)
06-14 22:40:36.613 11888 12165 E ReactNativeJS:     in RCTView (created by View)
06-14 22:40:36.613 11888 12165 E ReactNativeJS:     in View (created by PlanetStageBackground)
06-14 22:40:36.613 11888 12165 E ReactNativeJS:     in RCTView (created by View)
06-14 22:40:36.613 11888 12165 E ReactNativeJS:     in View (created by PlanetStageBackground)
06-14 22:40:36.613 11888 12165 E ReactNativeJS:     in RCTView (created by View)
06-14 22:40:36.613 11888 12165 E ReactNativeJS:     in View (created by PlanetStageBackground)
06-14 22:40:36.613 11888 12165 E ReactNativeJS:     in RCTView (created by View)
06-14 22:40:36.613 11888 12165 E ReactNativeJS:     in View (created by PlanetStageBackground)
06-14 22:40:36.613 11888 12165 E ReactNativeJS:     in PlanetStageBackground (created by PlanetScreen)
06-14 22:40:36.613 11888 12165 E ReactNativeJS:     in RCTView (created by View)
06-14 22:40:36.613 11888 12165 E ReactNativeJS:     in View (created by StageShellInner)
06-14 22:40:36.613 11888 12165 E ReactNativeJS:     in RCTView (created by View)
06-14 22:40:36.613 11888 12165 E ReactNativeJS:     in View (created by StageShellInner)
06-14 22:40:36.613 11888 12165 E ReactNativeJS:     in RNCSafeAreaView
06-14 22:40:36.613 11888 12165 E ReactNativeJS:     in Unknown (created by StageShellInner)
06-14 22:40:36.613 11888 12165 E ReactNativeJS:     in StageShellInner (created by PlanetScreen)
06-14 22:40:36.613 11888 12165 E ReactNativeJS:     in PlanetCapitalCombatRoot (created by PlanetScreen)
06-14 22:40:36.613 11888 12165 E ReactNativeJS:     in PlanetScreen
06-14 22:40:36.613 11888 12165 E ReactNativeJS:     in Unknown (created by Route(planet))
06-14 22:40:36.613 11888 12165 E ReactNativeJS:     in Suspense (created by Route(planet))
06-14 22:40:36.613 11888 12165 E ReactNativeJS:     in Route (created by Route(planet))
06-14 22:40:36.613 11888 12165 E ReactNativeJS:     in Route(planet) (created by SceneView)
06-14 22:40:36.613 11888 12165 E ReactNativeJS:     in StaticContainer
06-14 22:40:36.613 11888 12165 E ReactNativeJS:     in EnsureSingleNavigator (created by SceneView)
06-14 22:40:36.613 11888 12165 E ReactNativeJS:     in SceneView (created by SceneView)
06-14 22:40:36.613 11888 12165 E ReactNativeJS:     in RCTView (created by View)
06-14 22:40:36.613 11888 12165 E ReactNativeJS:     in View (created by DebugContainer)
06-14 22:40:36.613 11888 12165 E ReactNativeJS:     in DebugContainer (created by MaybeNestedStack)
06-14 22:40:36.613 11888 12165 E ReactNativeJS:     in MaybeNestedStack (created by SceneView)
06-14 22:40:36.613 11888 12165 E ReactNativeJS:     in RCTView (created by View)
06-14 22:40:36.613 11888 12165 E ReactNativeJS:     in View (created by SceneView)
06-14 22:40:36.613 11888 12165 E ReactNativeJS:     in RNSScreen (created by Animated(Anonymous))
06-14 22:40:36.613 11888 12165 E ReactNativeJS:     in Animated(Anonymous) (created by InnerScreen)
06-14 22:40:36.613 11888 12165 E ReactNativeJS:     in Suspender (created by Freeze)
06-14 22:40:36.613 11888 12165 E ReactNativeJS:     in Suspense (created by Freeze)
06-14 22:40:36.613 11888 12165 E ReactNativeJS:     in Freeze (created by DelayedFreeze)
06-14 22:40:36.613 11888 12165 E ReactNativeJS:     in DelayedFreeze (created by InnerScreen)
06-14 22:40:36.613 11888 12165 E ReactNativeJS:     in InnerScreen (created by Screen)
06-14 22:40:36.613 11888 12165 E ReactNativeJS:     in Screen (created by SceneView)
06-14 22:40:36.613 11888 12165 E ReactNativeJS:     in SceneView (created by NativeStackViewInner)
06-14 22:40:36.613 11888 12165 E ReactNativeJS:     in Suspender (created by Freeze)
06-14 22:40:36.613 11888 12165 E ReactNativeJS:     in Suspense (created by Freeze)
06-14 22:40:36.613 11888 12165 E ReactNativeJS:     in Freeze (created by DelayedFreeze)
06-14 22:40:36.613 11888 12165 E ReactNativeJS:     in DelayedFreeze (created by ScreenStack)
06-14 22:40:36.613 11888 12165 E ReactNativeJS:     in RNSScreenStack (created by ScreenStack)
06-14 22:40:36.613 11888 12165 E ReactNativeJS:     in ScreenStack (created by NativeStackViewInner)
06-14 22:40:36.613 11888 12165 E ReactNativeJS:     in NativeStackViewInner (created by NativeStackView)
06-14 22:40:36.613 11888 12165 E ReactNativeJS:     in RCTView (created by View)
06-14 22:40:36.613 11888 12165 E ReactNativeJS:     in View (created by SafeAreaProviderCompat)
06-14 22:40:36.613 11888 12165 E ReactNativeJS:     in SafeAreaProviderCompat (created by NativeStackView)
06-14 22:40:36.613 11888 12165 E ReactNativeJS:     in NativeStackView (created by NativeStackNavigator)
06-14 22:40:36.613 11888 12165 E ReactNativeJS:     in PreventRemoveProvider (created by NavigationContent)
06-14 22:40:36.613 11888 12165 E ReactNativeJS:     in NavigationContent
06-14 22:40:36.613 11888 12165 E ReactNativeJS:     in Unknown (created by NativeStackNavigator)
06-14 22:40:36.613 11888 12165 E ReactNativeJS:     in NativeStackNavigator
06-14 22:40:36.613 11888 12165 E ReactNativeJS:     in Unknown (created by GameLayout)
06-14 22:40:36.613 11888 12165 E ReactNativeJS:     in GameLayout
06-14 22:40:36.613 11888 12165 E ReactNativeJS:     in Unknown (created by Route((game)))
06-14 22:40:36.613 11888 12165 E ReactNativeJS:     in Suspense (created by Route((game)))
06-14 22:40:36.613 11888 12165 E ReactNativeJS:     in Route (created by Route((game)))
06-14 22:40:36.613 11888 12165 E ReactNativeJS:     in Route((game)) (created by SceneView)
06-14 22:40:36.613 11888 12165 E ReactNativeJS:     in StaticContainer
06-14 22:40:36.613 11888 12165 E ReactNativeJS:     in EnsureSingleNavigator (created by SceneView)
06-14 22:40:36.613 11888 12165 E ReactNativeJS:     in SceneView (created by SceneView)
06-14 22:40:36.613 11888 12165 E ReactNativeJS:     in RCTView (created by View)
06-14 22:40:36.613 11888 12165 E ReactNativeJS:     in View (created by DebugContainer)
06-14 22:40:36.613 11888 12165 E ReactNativeJS:     in DebugContainer (created by MaybeNestedStack)
06-14 22:40:36.613 11888 12165 E ReactNativeJS:     in MaybeNestedStack (created by SceneView)
06-14 22:40:36.613 11888 12165 E ReactNativeJS:     in RCTView (created by View)
06-14 22:40:36.613 11888 12165 E ReactNativeJS:     in View (created by SceneView)
06-14 22:40:36.613 11888 12165 E ReactNativeJS:     in RNSScreen (created by Animated(Anonymous))
06-14 22:40:36.613 11888 12165 E ReactNativeJS:     in Animated(Anonymous) (created by InnerScreen)
06-14 22:40:36.613 11888 12165 E ReactNativeJS:     in Suspender (created by Freeze)
06-14 22:40:36.613 11888 12165 E ReactNativeJS:     in Suspense (created by Freeze)
06-14 22:40:36.613 11888 12165 E ReactNativeJS:     in Freeze (created by DelayedFreeze)
06-14 22:40:36.613 11888 12165 E ReactNativeJS:     in DelayedFreeze (created by InnerScreen)
06-14 22:40:36.613 11888 12165 E ReactNativeJS:     in InnerScreen (created by Screen)
06-14 22:40:36.613 11888 12165 E ReactNativeJS:     in Screen (created by SceneView)
06-14 22:40:36.613 11888 12165 E ReactNativeJS:     in SceneView (created by NativeStackViewInner)
06-14 22:40:36.613 11888 12165 E ReactNativeJS:     in Suspender (created by Freeze)
06-14 22:40:36.613 11888 12165 E ReactNativeJS:     in Suspense (created by Freeze)
06-14 22:40:36.613 11888 12165 E ReactNativeJS:     in Freeze (created by DelayedFreeze)
06-14 22:40:36.613 11888 12165 E ReactNativeJS:     in DelayedFreeze (created by ScreenStack)
06-14 22:40:36.613 11888 12165 E ReactNativeJS:     in RNSScreenStack (created by ScreenStack)
06-14 22:40:36.613 11888 12165 E ReactNativeJS:     in ScreenStack (created by NativeStackViewInner)
06-14 22:40:36.613 11888 12165 E ReactNativeJS:     in NativeStackViewInner (cr
06-14 22:40:36.622 11888 12165 E ReactNativeJS: TypeError: 0, _inboundDroneSkiaTrail.forEachInboundDroneTrailSegment is not a function (it is undefined)
06-14 22:40:36.622 11888 12165 E ReactNativeJS: 
06-14 22:40:36.622 11888 12165 E ReactNativeJS: This error is located at:
06-14 22:40:36.622 11888 12165 E ReactNativeJS:     in PlanetHubInboundDroneSkiaTrailLayer (created by PlanetHubInboundDroneLayer)
06-14 22:40:36.622 11888 12165 E ReactNativeJS:     in RCTView (created by View)
06-14 22:40:36.622 11888 12165 E ReactNativeJS:     in View (created by PlanetHubInboundDroneLayer)
06-14 22:40:36.622 11888 12165 E ReactNativeJS:     in PlanetHubInboundDroneLayer (created by PlanetStageBackground)
06-14 22:40:36.622 11888 12165 E ReactNativeJS:     in RCTView (created by View)
06-14 22:40:36.622 11888 12165 E ReactNativeJS:     in View (created by PlanetStageBackground)
06-14 22:40:36.622 11888 12165 E ReactNativeJS:     in RCTView (created by View)
06-14 22:40:36.622 11888 12165 E ReactNativeJS:     in View (created by PlanetStageBackground)
06-14 22:40:36.622 11888 12165 E ReactNativeJS:     in RCTView (created by View)
06-14 22:40:36.622 11888 12165 E ReactNativeJS:     in View (created by PlanetStageBackground)
06-14 22:40:36.622 11888 12165 E ReactNativeJS:     in RCTView (created by View)
06-14 22:40:36.622 11888 12165 E ReactNativeJS:     in View (created by PlanetStageBackground)
06-14 22:40:36.622 11888 12165 E ReactNativeJS:     in RCTView (created by View)
06-14 22:40:36.622 11888 12165 E ReactNativeJS:     in View (created by PlanetStageBackground)
06-14 22:40:36.622 11888 12165 E ReactNativeJS:     in RCTView (created by View)
06-14 22:40:36.622 11888 12165 E ReactNativeJS:     in View (created by PlanetStageBackground)
06-14 22:40:36.622 11888 12165 E ReactNativeJS:     in PlanetStageBackground (created by PlanetScreen)
06-14 22:40:36.622 11888 12165 E ReactNativeJS:     in RCTView (created by View)
06-14 22:40:36.622 11888 12165 E ReactNativeJS:     in View (created by StageShellInner)
06-14 22:40:36.622 11888 12165 E ReactNativeJS:     in RCTView (created by View)
06-14 22:40:36.622 11888 12165 E ReactNativeJS:     in View (created by StageShellInner)
06-14 22:40:36.622 11888 12165 E ReactNativeJS:     in RNCSafeAreaView
06-14 22:40:36.622 11888 12165 E ReactNativeJS:     in Unknown (created by StageShellInner)
06-14 22:40:36.622 11888 12165 E ReactNativeJS:     in StageShellInner (created by PlanetScreen)
06-14 22:40:36.622 11888 12165 E ReactNativeJS:     in PlanetCapitalCombatRoot (created by PlanetScreen)
06-14 22:40:36.622 11888 12165 E ReactNativeJS:     in PlanetScreen
06-14 22:40:36.622 11888 12165 E ReactNativeJS:     in Unknown (created by Route(planet))
06-14 22:40:36.622 11888 12165 E ReactNativeJS:     in Suspense (created by Route(planet))
06-14 22:40:36.622 11888 12165 E ReactNativeJS:     in Route (created by Route(planet))
06-14 22:40:36.622 11888 12165 E ReactNativeJS:     in Route(planet) (created by SceneView)
06-14 22:40:36.622 11888 12165 E ReactNativeJS:     in StaticContainer
06-14 22:40:36.622 11888 12165 E ReactNativeJS:     in EnsureSingleNavigator (created by SceneView)
06-14 22:40:36.622 11888 12165 E ReactNativeJS:     in SceneView (created by SceneView)
06-14 22:40:36.622 11888 12165 E ReactNativeJS:     in RCTView (created by View)
06-14 22:40:36.622 11888 12165 E ReactNativeJS:     in View (created by DebugContainer)
06-14 22:40:36.622 11888 12165 E ReactNativeJS:     in DebugContainer (created by MaybeNestedStack)
06-14 22:40:36.622 11888 12165 E ReactNativeJS:     in MaybeNestedStack (created by SceneView)
06-14 22:40:36.622 11888 12165 E ReactNativeJS:     in RCTView (created by View)
06-14 22:40:36.622 11888 12165 E ReactNativeJS:     in View (created by SceneView)
06-14 22:40:36.622 11888 12165 E ReactNativeJS:     in RNSScreen (created by Animated(Anonymous))
06-14 22:40:36.622 11888 12165 E ReactNativeJS:     in Animated(Anonymous) (created by InnerScreen)
06-14 22:40:36.622 11888 12165 E ReactNativeJS:     in Suspender (created by Freeze)
06-14 22:40:36.622 11888 12165 E ReactNativeJS:     in Suspense (created by Freeze)
06-14 22:40:36.622 11888 12165 E ReactNativeJS:     in Freeze (created by DelayedFreeze)
06-14 22:40:36.622 11888 12165 E ReactNativeJS:     in DelayedFreeze (created by InnerScreen)
06-14 22:40:36.622 11888 12165 E ReactNativeJS:     in InnerScreen (created by Screen)
06-14 22:40:36.622 11888 12165 E ReactNativeJS:     in Screen (created by SceneView)
06-14 22:40:36.622 11888 12165 E ReactNativeJS:     in SceneView (created by NativeStackViewInner)
06-14 22:40:36.622 11888 12165 E ReactNativeJS:     in Suspender (created by Freeze)
06-14 22:40:36.622 11888 12165 E ReactNativeJS:     in Suspense (created by Freeze)
06-14 22:40:36.622 11888 12165 E ReactNativeJS:     in Freeze (created by DelayedFreeze)
06-14 22:40:36.622 11888 12165 E ReactNativeJS:     in DelayedFreeze (created by ScreenStack)
06-14 22:40:36.622 11888 12165 E ReactNativeJS:     in RNSScreenStack (created by ScreenStack)
06-14 22:40:36.622 11888 12165 E ReactNativeJS:     in ScreenStack (created by NativeStackViewInner)
06-14 22:40:36.622 11888 12165 E ReactNativeJS:     in NativeStackViewInner (created by NativeStackView)
06-14 22:40:36.622 11888 12165 E ReactNativeJS:     in RCTView (created by View)
06-14 22:40:36.622 11888 12165 E ReactNativeJS:     in View (created by SafeAreaProviderCompat)
06-14 22:40:36.622 11888 12165 E ReactNativeJS:     in SafeAreaProviderCompat (created by NativeStackView)
06-14 22:40:36.622 11888 12165 E ReactNativeJS:     in NativeStackView (created by NativeStackNavigator)
06-14 22:40:36.622 11888 12165 E ReactNativeJS:     in PreventRemoveProvider (created by NavigationContent)
06-14 22:40:36.622 11888 12165 E ReactNativeJS:     in NavigationContent
06-14 22:40:36.622 11888 12165 E ReactNativeJS:     in Unknown (created by NativeStackNavigator)
06-14 22:40:36.622 11888 12165 E ReactNativeJS:     in NativeStackNavigator
06-14 22:40:36.622 11888 12165 E ReactNativeJS:     in Unknown (created by GameLayout)
06-14 22:40:36.622 11888 12165 E ReactNativeJS:     in GameLayout
06-14 22:40:36.622 11888 12165 E ReactNativeJS:     in Unknown (created by Route((game)))
06-14 22:40:36.622 11888 12165 E ReactNativeJS:     in Suspense (created by Route((game)))
06-14 22:40:36.622 11888 12165 E ReactNativeJS:     in Route (created by Route((game)))
06-14 22:40:36.622 11888 12165 E ReactNativeJS:     in Route((game)) (created by SceneView)
06-14 22:40:36.622 11888 12165 E ReactNativeJS:     in StaticContainer
06-14 22:40:36.622 11888 12165 E ReactNativeJS:     in EnsureSingleNavigator (created by SceneView)
06-14 22:40:36.622 11888 12165 E ReactNativeJS:     in SceneView (created by SceneView)
06-14 22:40:36.622 11888 12165 E ReactNativeJS:     in RCTView (created by View)
06-14 22:40:36.622 11888 12165 E ReactNativeJS:     in View (created by DebugContainer)
06-14 22:40:36.622 11888 12165 E ReactNativeJS:     in DebugContainer (created by MaybeNestedStack)
06-14 22:40:36.622 11888 12165 E ReactNativeJS:     in MaybeNestedStack (created by SceneView)
06-14 22:40:36.622 11888 12165 E ReactNativeJS:     in RCTView (created by View)
06-14 22:40:36.622 11888 12165 E ReactNativeJS:     in View (created by SceneView)
06-14 22:40:36.622 11888 12165 E ReactNativeJS:     in RNSScreen (created by Animated(Anonymous))
06-14 22:40:36.622 11888 12165 E ReactNativeJS:     in Animated(Anonymous) (created by InnerScreen)
06-14 22:40:36.622 11888 12165 E ReactNativeJS:     in Suspender (created by Freeze)
06-14 22:40:36.622 11888 12165 E ReactNativeJS:     in Suspense (created by Freeze)
06-14 22:40:36.622 11888 12165 E ReactNativeJS:     in Freeze (created by DelayedFreeze)
06-14 22:40:36.622 11888 12165 E ReactNativeJS:     in DelayedFreeze (created by InnerScreen)
06-14 22:40:36.622 11888 12165 E ReactNativeJS:     in InnerScreen (created by Screen)
06-14 22:40:36.622 11888 12165 E ReactNativeJS:     in Screen (created by SceneView)
06-14 22:40:36.622 11888 12165 E ReactNativeJS:     in SceneView (created by NativeStackViewInner)
06-14 22:40:36.622 11888 12165 E ReactNativeJS:     in Suspender (created by Freeze)
06-14 22:40:36.622 11888 12165 E ReactNativeJS:     in Suspense (created by Freeze)
06-14 22:40:36.622 11888 12165 E ReactNativeJS:     in Freeze (created by DelayedFreeze)
06-14 22:40:36.622 11888 12165 E ReactNativeJS:     in DelayedFreeze (created by ScreenStack)
06-14 22:40:36.622 11888 12165 E ReactNativeJS:     in RNSScreenStack (created by ScreenStack)
06-14 22:40:36.622 11888 12165 E ReactNativeJS:     in ScreenStack (created by NativeStackViewInner)
06-14 22:40:36.622 11888 12165 E ReactNativeJS:     in NativeStackViewInner (cr
06-14 22:40:36.705 11888 12165 E ReactNativeJS: TypeError: 0, _inboundDroneSkiaTrail.forEachInboundDroneTrailSegment is not a function (it is undefined)
06-14 22:40:36.709 11888 12165 E ReactNativeJS: TypeError: 0, _inboundDroneSkiaTrail.forEachInboundDroneTrailSegment is not a function (it is undefined)
06-14 22:40:36.713 11888 12165 E ReactNativeJS: TypeError: 0, _inboundDroneSkiaTrail.forEachInboundDroneTrailSegment is not a function (it is undefined)
06-14 22:40:36.715 11888 12165 E ReactNativeJS: TypeError: 0, _inboundDroneSkiaTrail.forEachInboundDroneTrailSegment is not a function (it is undefined)
06-14 22:40:36.719 11888 12165 E ReactNativeJS: TypeError: 0, _inboundDroneSkiaTrail.forEachInboundDroneTrailSegment is not a function (it is undefined)
06-14 22:40:36.721 11888 12165 E ReactNativeJS: TypeError: 0, _inboundDroneSkiaTrail.forEachInboundDroneTrailSegment is not a function (it is undefined)
06-14 22:40:36.724 11888 12165 E ReactNativeJS: TypeError: 0, _inboundDroneSkiaTrail.forEachInboundDroneTrailSegment is not a function (it is undefined)
06-14 22:40:36.727 11888 12165 E ReactNativeJS: TypeError: 0, _inboundDroneSkiaTrail.forEachInboundDroneTrailSegment is not a function (it is undefined)
06-14 22:54:01.813 12718 12726 F libc    : Fatal signal 11 (SIGSEGV), code 1 (SEGV_MAPERR), fault addr 0x0 in tid 12726 (FinalizerDaemon), pid 12718 (.arcfire.online)
06-14 22:54:02.582 12974 12974 F DEBUG   : *** *** *** *** *** *** *** *** *** *** *** *** *** *** *** ***
06-14 22:54:02.582 12974 12974 F DEBUG   : Build fingerprint: 'samsung/a34xks/a34x:16/BP2A.250605.031.A3/A346NKSSEEZD4:user/release-keys'
06-14 22:54:02.582 12974 12974 F DEBUG   : Revision: '6'
06-14 22:54:02.582 12974 12974 F DEBUG   : ABI: 'arm64'
06-14 22:54:02.582 12974 12974 F DEBUG   : Processor: '4'
06-14 22:54:02.582 12974 12974 F DEBUG   : Timestamp: 2026-06-14 22:54:02.009372728+0900
06-14 22:54:02.582 12974 12974 F DEBUG   : Process uptime: 245s
06-14 22:54:02.582 12974 12974 F DEBUG   : Cmdline: com.arcfire.online
06-14 22:54:02.582 12974 12974 F DEBUG   : pid: 12718, tid: 12726, name: FinalizerDaemon  >>> com.arcfire.online <<<
06-14 22:54:02.582 12974 12974 F DEBUG   : uid: 11042
06-14 22:54:02.582 12974 12974 F DEBUG   : tagged_addr_ctrl: 0000000000000001 (PR_TAGGED_ADDR_ENABLE)
06-14 22:54:02.582 12974 12974 F DEBUG   : signal 11 (SIGSEGV), code 1 (SEGV_MAPERR), fault addr 0x0000000000000000
06-14 22:54:02.582 12974 12974 F DEBUG   : Cause: null pointer dereference
06-14 22:54:02.582 12974 12974 F DEBUG   :     x0  b400007b61c50620  x1  b400007a4216c1b0  x2  b400007ad1c8fd40  x3  0000007900c2d4d8
06-14 22:54:02.582 12974 12974 F DEBUG   :     x4  00000000000000b0  x5  0000007aa1c5c370  x6  0002a1d00002443e  x7  00027d340002a1d0
06-14 22:54:02.582 12974 12974 F DEBUG   :     x8  0000000000000000  x9  0000000000000000  x10 0000007900c2d5c0  x11 00000000e073fa51
06-14 22:54:02.582 12974 12974 F DEBUG   :     x12 00000000000b0009  x13 000000000002429e  x14 0000000000000018  x15 0000000000020000
06-14 22:54:02.582 12974 12974 F DEBUG   :     x16 0000007990994930  x17 00000079900f5c24  x18 000000787e4f8000  x19 b400007ba1b94a10
06-14 22:54:02.582 12974 12974 F DEBUG   :     x20 0000007900c2f700  x21 b4000079f1933be0  x22 b400007ae192eef0  x23 0000000000000000
06-14 22:54:02.582 12974 12974 F DEBUG   :     x24 0000000000000000  x25 0000007900c2df48  x26 0000007900c2dbb0  x27 0000000000000008
06-14 22:54:02.582 12974 12974 F DEBUG   :     x28 0000007900c2de70  x29 0000007900c2d450
06-14 22:54:02.582 12974 12974 F DEBUG   :     lr  00000079900f5c18  sp  0000007900c2d440  pc  00000079900f5c54  pst 0000000060001000
06-14 22:54:02.582 12974 12974 F DEBUG   : 74 total frames
06-14 22:54:02.582 12974 12974 F DEBUG   : backtrace:
06-14 22:54:02.582 12974 12974 F DEBUG   :       #00 pc 0000000000653c54  /data/app/~~EwxWotzCGZ4FV83dQC-GNg==/com.arcfire.online-zZh_7I8O3suhv6p3umC5ig==/base.apk!librnskia.so (offset 0x414a000) (facebook::jsi::Pointer::~Pointer()+48) (BuildId: a5860719700b671c6e944005d980b317d4862e34)
06-14 22:54:02.582 12974 12974 F DEBUG   :       #01 pc 0000000000653c14  /data/app/~~EwxWotzCGZ4FV83dQC-GNg==/com.arcfire.online-zZh_7I8O3suhv6p3umC5ig==/base.apk!librnskia.so (offset 0x414a000) (facebook::jsi::Object::~Object()+20) (BuildId: a5860719700b671c6e944005d980b317d4862e34)
06-14 22:54:02.582 12974 12974 F DEBUG   :       #02 pc 00000000006503bc  /data/app/~~EwxWotzCGZ4FV83dQC-GNg==/com.arcfire.online-zZh_7I8O3suhv6p3umC5ig==/base.apk!librnskia.so (offset 0x414a000) (facebook::jsi::Function::~Function()+20) (BuildId: a5860719700b671c6e944005d980b317d4862e34)
06-14 22:54:02.582 12974 12974 F DEBUG   :       #03 pc 0000000000653708  /data/app/~~EwxWotzCGZ4FV83dQC-GNg==/com.arcfire.online-zZh_7I8O3suhv6p3umC5ig==/base.apk!librnskia.so (offset 0x414a000) (std::__ndk1::pair<std::__ndk1::basic_string<char, std::__ndk1::char_traits<char>, std::__ndk1::allocator<char>> const, facebook::jsi::Function>::~pair()+28) (BuildId: a5860719700b671c6e944005d980b317d4862e34)
06-14 22:54:02.582 12974 12974 F DEBUG   :       #04 pc 00000000006536dc  /data/app/~~EwxWotzCGZ4FV83dQC-GNg==/com.arcfire.online-zZh_7I8O3suhv6p3umC5ig==/base.apk!librnskia.so (offset 0x414a000) (void std::__ndk1::allocator_traits<std::__ndk1::allocator<std::__ndk1::__tree_node<std::__ndk1::__value_type<std::__ndk1::basic_string<char, std::__ndk1::char_traits<char>, std::__ndk1::allocator<char>>, facebook::jsi::Function>, void*>>>::__destroy<std::__ndk1::pair<std::__ndk1::basic_string<char, std::__ndk1::char_traits<char>, std::__ndk1::allocator<char>> const, facebook::jsi::Function>>(std::__ndk1::integral_constant<bool, false>, std::__ndk1::allocator<std::__ndk1::__tree_node<std::__ndk1::__value_type<std::__ndk1::basic_string<char, std::__ndk1::char_traits<char>, std::__ndk1::allocator<char>>, facebook::jsi::Function>, void*>>&, std::__ndk1::pair<std::__ndk1::basic_string<char, std::__ndk1::char_traits<char>, std::__ndk1::allocator<char>> const, facebook::jsi::Function>*)+28) (BuildId: a5860719700b671c6e944005d980b317d4862e34)
06-14 22:54:02.582 12974 12974 F DEBUG   :       #05 pc 000000000065361c  /data/app/~~EwxWotzCGZ4FV83dQC-GNg==/com.arcfire.online-zZh_7I8O3suhv6p3umC5ig==/base.apk!librnskia.so (offset 0x414a000) (void std::__ndk1::allocator_traits<std::__ndk1::allocator<std::__ndk1::__tree_node<std::__ndk1::__value_type<std::__ndk1::basic_string<char, std::__ndk1::char_traits<char>, std::__ndk1::allocator<char>>, facebook::jsi::Function>, void*>>>::destroy<std::__ndk1::pair<std::__ndk1::basic_string<char, std::__ndk1::char_traits<char>, std::__ndk1::allocator<char>> const, facebook::jsi::Function>>(std::__ndk1::allocator<std::__ndk1::__tree_node<std::__ndk1::__value_type<std::__ndk1::basic_string<char, std::__ndk1::char_traits<char>, std::__ndk1::allocator<char>>, facebook::jsi::Function>, void*>>&, std::__ndk1::pair<std::__ndk1::basic_string<char, std::__ndk1::char_traits<char>, std::__ndk1::allocator<char>> const, facebook::jsi::Function>*)+32) (BuildId: a5860719700b671c6e944005d980b317d4862e34)
06-14 22:54:02.582 12974 12974 F DEBUG   :       #06 pc 0000000000653580  /data/app/~~EwxWotzCGZ4FV83dQC-GNg==/com.arcfire.online-zZh_7I8O3suhv6p3umC5ig==/base.apk!librnskia.so (offset 0x414a000) (std::__ndk1::__tree<std::__ndk1::__value_type<std::__ndk1::basic_string<char, std::__ndk1::char_traits<char>, std::__ndk1::allocator<char>>, facebook::jsi::Function>, std::__ndk1::__map_value_compare<std::__ndk1::basic_string<char, std::__ndk1::char_traits<char>, std::__ndk1::allocator<char>>, std::__ndk1::__value_type<std::__ndk1::basic_string<char, std::__ndk1::char_traits<char>, std::__ndk1::allocator<char>>, facebook::jsi::Function>, std::__ndk1::less<std::__ndk1::basic_string<char, std::__ndk1::char_traits<char>, std::__ndk1::allocator<char>>>, true>, std::__ndk1::allocator<std::__ndk1::__value_type<std::__ndk1::basic_string<char, std::__ndk1::char_traits<char>, std::__ndk1::allocator<char>>, facebook::jsi::Function>>>::destroy(std::__ndk1::__tree_node<std::__ndk1::__value_type<std::__ndk1::basic_string<char, std::__ndk1::char_traits<char>, std::__ndk1::allocator<char>>, facebook::jsi::Function>, void*>*)+120) (BuildId: a5860719700b671c6e944005d980b317d4862e34)
06-14 22:54:02.582 12974 12974 F DEBUG   :       #07 pc 000000000065353c  /data/app/~~EwxWotzCGZ4FV83dQC-GNg==/com.arcfire.online-zZh_7I8O3suhv6p3umC5ig==/base.apk!librnskia.so (offset 0x414a000) (std::__ndk1::__tree<std::__ndk1::__value_type<std::__ndk1::basic_string<char, std::__ndk1::char_traits<char>, std::__ndk1::allocator<char>>, facebook::jsi::Function>, std::__ndk1::__map_value_compare<std::__ndk1::basic_string<char, std::__ndk1::char_traits<char>, std::__ndk1::allocator<char>>, std::__ndk1::__value_type<std::__ndk1::basic_string<char, std::__ndk1::char_traits<char>, std::__ndk1::allocator<char>>, facebook::jsi::Function>, std::__ndk1::less<std::__ndk1::basic_string<char, std::__ndk1::char_traits<char>, std::__ndk1::allocator<char>>>, true>, std::__ndk1::allocator<std::__ndk1::__value_type<std::__ndk1::basic_string<char, std::__ndk1::char_traits<char>, std::__ndk1::allocator<char>>, facebook::jsi::Function>>>::destroy(std::__ndk1::__tree_node<std::__ndk1::__value_type<std::__ndk1::basic_string<char, std::__ndk1::char_traits<char>, std::__ndk1::allocator<char>>, facebook::jsi::Function>, void*>*)+52) (BuildId: a5860719700b671c6e944005d980b317d4862e34)
06-14 22:54:02.582 12974 12974 F DEBUG   :       #08 pc 00000000006534f8  /data/app/~~EwxWotzCGZ4FV83dQC-GNg==/com.arcfire.online-zZh_7I8O3suhv6p3umC5ig==/base.apk!librnskia.so (offset 0x414a000) (std::__ndk1::__tree<std::__ndk1::__value_type<std::__ndk1::basic_string<char, std::__ndk1::char_traits<char>, std::__ndk1::allocator<char>>, facebook::jsi::Function>, std::__ndk1::__map_value_compare<std::__ndk1::basic_string<char, std::__ndk1::char_traits<char>, std::__ndk1::allocator<char>>, std::__ndk1::__value_type<std::__ndk1::basic_string<char, std::__ndk1::char_traits<char>, std::__ndk1::allocator<char>>, facebook::jsi::Function>, std::__ndk1::less<std::__ndk1::basic_string<char, std::__ndk1::char_traits<char>, std::__ndk1::allocator<char>>>, true>, std::__ndk1::allocator<std::__ndk1::__value_type<std::__ndk1::basic_string<char, std::__ndk1::char_traits<char>, std::__ndk1::allocator<char>>, facebook::jsi::Function>>>::~__tree()+36) (BuildId: a5860719700b671c6e944005d980b317d4862e34)
06-14 22:54:02.582 12974 12974 F DEBUG   :       #09 pc 00000000006534c4  /data/app/~~EwxWotzCGZ4FV83dQC-GNg==/com.arcfire.online-zZh_7I8O3suhv6p3umC5ig==/base.apk!librnskia.so (offset 0x414a000) (BuildId: a5860719700b671c6e944005d980b317d4862e34)
06-14 22:54:02.582 12974 12974 F DEBUG   :       #10 pc 000000000064f2b4  /data/app/~~EwxWotzCGZ4FV83dQC-GNg==/com.arcfire.online-zZh_7I8O3suhv6p3umC5ig==/base.apk!librnskia.so (offset 0x414a000) (RNJsi::RuntimeAwareCache<std::__ndk1::map<std::__ndk1::basic_string<char, std::__ndk1::char_traits<char>, std::__ndk1::allocator<char>>, facebook::jsi::Function, std::__ndk1::less<std::__ndk1::basic_string<char, std::__ndk1::char_traits<char>, std::__ndk1::allocator<char>>>, std::__ndk1::allocator<std::__ndk1::pair<std::__ndk1::basic_string<char, std::__ndk1::char_traits<char>, std::__ndk1::allocator<char>> const, facebook::jsi::Function>>>>::~RuntimeAwareCache()+240) (BuildId: a5860719700b671c6e944005d980b317d4862e34)
06-14 22:54:02.582 12974 12974 F DEBUG   :       #11 pc 000000000064f194  /data/app/~~EwxWotzCGZ4FV83dQC-GNg==/com.arcfire.online-zZh_7I8O3suhv6p3umC5ig==/base.apk!librnskia.so (offset 0x414a000) (RNJsi::JsiHostObject::~JsiHostObject()+44) (BuildId: a5860719700b671c6e944005d980b317d4862e34)
06-14 22:54:02.582 12974 12974 F DEBUG   :       #12 pc 0000000000784f68  /data/app/~~EwxWotzCGZ4FV83dQC-GNg==/com.arcfire.online-zZh_7I8O3suhv6p3umC5ig==/base.apk!librnskia.so (offset 0x414a000) (RNSkia::JsiDomNode::~JsiDomNode()+124) (BuildId: a5860719700b671c6e944005d980b317d4862e34)
06-14 22:54:02.582 12974 12974 F DEBUG   :       #13 pc 0000000000784d48  /data/app/~~EwxWotzCGZ4FV83dQC-GNg==/com.arcfire.online-zZh_7I8O3suhv6p3umC5ig==/base.apk!librnskia.so (offset 0x414a000) (RNSkia::JsiDomRenderNode::~JsiDomRenderNode()+52) (BuildId: a5860719700b671c6e944005d980b317d4862e34)
06-14 22:54:02.582 12974 12974 F DEBUG   :       #14 pc 0000000000820c68  /data/app/~~EwxWotzCGZ4FV83dQC-GNg==/com.arcfire.online-zZh_7I8O3suhv6p3umC5ig==/base.apk!librnskia.so (offset 0x414a000) (RNSkia::JsiGroupNode::~JsiGroupNode()+20) (BuildId: a5860719700b671c6e944005d980b317d4862e34)
06-14 22:54:02.582 12974 12974 F DEBUG   :       #15 pc 00000000008208d4  /data/app/~~EwxWotzCGZ4FV83dQC-GNg==/com.arcfire.online-zZh_7I8O3suhv6p3umC5ig==/base.apk!librnskia.so (offset 0x414a000) (std::__ndk1::__shared_ptr_emplace<RNSkia::JsiGroupNode, std::__ndk1::allocator<RNSkia::JsiGroupNode>>::__on_zero_shared()+36) (BuildId: a5860719700b671c6e944005d980b317d4862e34)
06-14 22:54:02.582 12974 12974 F DEBUG   :       #16 pc 000000000061eb5c  /data/app/~~EwxWotzCGZ4FV83dQC-GNg==/com.arcfire.online-zZh_7I8O3suhv6p3umC5ig==/base.apk!librnskia.so (offset 0x414a000) (BuildId: a5860719700b671c6e944005d980b317d4862e34)
06-14 22:54:02.582 12974 12974 F DEBUG   :       #17 pc 000000000061eb00  /data/app/~~EwxWotzCGZ4FV83dQC-GNg==/com.arcfire.online-zZh_7I8O3suhv6p3umC5ig==/base.apk!librnskia.so (offset 0x414a000) (BuildId: a5860719700b671c6e944005d980b317d4862e34)
06-14 22:54:02.582 12974 12974 F DEBUG   :       #18 pc 0000000000633358  /data/app/~~EwxWotzCGZ4FV83dQC-GNg==/com.arcfire.online-zZh_7I8O3suhv6p3umC5ig==/base.apk!librnskia.so (offset 0x414a000) (std::__ndk1::shared_ptr<RNSkia::JsiDomRenderNode>::~shared_ptr()+44) (BuildId: a5860719700b671c6e944005d980b317d4862e34)
06-14 22:54:02.582 12974 12974 F DEBUG   :       #19 pc 00000000008e8584  /data/app/~~EwxWotzCGZ4FV83dQC-GNg==/com.arcfire.online-zZh_7I8O3suhv6p3umC5ig==/base.apk!librnskia.so (offset 0x414a000) (BuildId: a5860719700b671c6e944005d980b317d4862e34)
06-14 22:54:02.582 12974 12974 F DEBUG   :       #20 pc 00000000008e8380  /data/app/~~EwxWotzCGZ4FV83dQC-GNg==/com.arcfire.online-zZh_7I8O3suhv6p3umC5ig==/base.apk!librnskia.so (offset 0x414a000) (RNSkia::RNSkDomRenderer::~RNSkDomRenderer()+132) (BuildId: a5860719700b671c6e944005d980b317d4862e34)
06-14 22:54:02.582 12974 12974 F DEBUG   :       #21 pc 0000000000630cb8  /data/app/~~EwxWotzCGZ4FV83dQC-GNg==/com.arcfire.online-zZh_7I8O3suhv6p3umC5ig==/base.apk!librnskia.so (offset 0x414a000) (std::__ndk1::__shared_ptr_emplace<RNSkia::RNSkDomRenderer, std::__ndk1::allocator<RNSkia::RNSkDomRenderer>>::__on_zero_shared()+28) (BuildId: a5860719700b671c6e944005d980b317d4862e34)
06-14 22:54:02.582 12974 12974 F DEBUG   :       #22 pc 000000000061eb5c  /data/app/~~EwxWotzCGZ4FV83dQC-GNg==/com.arcfire.online-zZh_7I8O3suhv6p3umC5ig==/base.apk!librnskia.so (offset 0x414a000) (BuildId: a5860719700b671c6e944005d980b317d4862e34)
06-14 22:54:02.582 12974 12974 F DEBUG   :       #23 pc 000000000061eb00  /data/app/~~EwxWotzCGZ4FV83dQC-GNg==/com.arcfire.online-zZh_7I8O3suhv6p3umC5ig==/base.apk!librnskia.so (offset 0x414a000) (BuildId: a5860719700b671c6e944005d980b317d4862e34)
06-14 22:54:02.582 12974 12974 F DEBUG   :       #24 pc 0000000000619fcc  /data/app/~~EwxWotzCGZ4FV83dQC-GNg==/com.arcfire.online-zZh_7I8O3suhv6p3umC5ig==/base.apk!librnskia.so (offset 0x414a000) (std::__ndk1::shared_ptr<RNSkia::RNSkRenderer>::~shared_ptr()+44) (BuildId: a5860719700b671c6e944005d980b317d4862e34)
06-14 22:54:02.582 12974 12974 F DEBUG   :       #25 pc 000000000061f3e0  /data/app/~~EwxWotzCGZ4FV83dQC-GNg==/com.arcfire.online-zZh_7I8O3suhv6p3umC5ig==/base.apk!librnskia.so (offset 0x414a000) (RNSkia::RNSkView::~RNSkView()+56) (BuildId: a5860719700b671c6e944005d980b317d4862e34)
06-14 22:54:02.582 12974 12974 F DEBUG   :       #26 pc 000000000063054c  /data/app/~~EwxWotzCGZ4FV83dQC-GNg==/com.arcfire.online-zZh_7I8O3suhv6p3umC5ig==/base.apk!librnskia.so (offset 0x414a000) (RNSkia::RNSkDomView::~RNSkDomView()+20) (BuildId: a5860719700b671c6e944005d980b317d4862e34)
06-14 22:54:02.582 12974 12974 F DEBUG   :       #27 pc 000000000062d790  /data/app/~~EwxWotzCGZ4FV83dQC-GNg==/com.arcfire.online-zZh_7I8O3suhv6p3umC5ig==/base.apk!librnskia.so (offset 0x414a000) (RNSkia::RNSkAndroidView<RNSkia::RNSkDomView>::~RNSkAndroidView()+20) (BuildId: a5860719700b671c6e944005d980b317d4862e34)
06-14 22:54:02.583 12974 12974 F DEBUG   :       #28 pc 000000000062d038  /data/app/~~EwxWotzCGZ4FV83dQC-GNg==/com.arcfire.online-zZh_7I8O3suhv6p3umC5ig==/base.apk!librnskia.so (offset 0x414a000) (std::__ndk1::__shared_ptr_emplace<RNSkia::RNSkAndroidView<RNSkia::RNSkDomView>, std::__ndk1::allocator<RNSkia::RNSkAndroidView<RNSkia::RNSkDomView>>>::__on_zero_shared()+36) (BuildId: a5860719700b671c6e944005d980b317d4862e34)
06-14 22:54:02.583 12974 12974 F DEBUG   :       #29 pc 000000000061eb5c  /data/app/~~EwxWotzCGZ4FV83dQC-GNg==/com.arcfire.online-zZh_7I8O3suhv6p3umC5ig==/base.apk!librnskia.so (offset 0x414a000) (BuildId: a5860719700b671c6e944005d980b317d4862e34)
06-14 22:54:02.583 12974 12974 F DEBUG   :       #30 pc 000000000061eb00  /data/app/~~EwxWotzCGZ4FV83dQC-GNg==/com.arcfire.online-zZh_7I8O3suhv6p3umC5ig==/base.apk!librnskia.so (offset 0x414a000) (BuildId: a5860719700b671c6e944005d980b317d4862e34)
06-14 22:54:02.583 12974 12974 F DEBUG   :       #31 pc 0000000000614a3c  /data/app/~~EwxWotzCGZ4FV83dQC-GNg==/com.arcfire.online-zZh_7I8O3suhv6p3umC5ig==/base.apk!librnskia.so (offset 0x414a000) (std::__ndk1::shared_ptr<RNSkia::RNSkBaseAndroidView>::~shared_ptr()+44) (BuildId: a5860719700b671c6e944005d980b317d4862e34)
06-14 22:54:02.583 12974 12974 F DEBUG   :       #32 pc 00000000006292dc  /data/app/~~EwxWotzCGZ4FV83dQC-GNg==/com.arcfire.online-zZh_7I8O3suhv6p3umC5ig==/base.apk!librnskia.so (offset 0x414a000) (RNSkia::JniSkiaBaseView::~JniSkiaBaseView()+40) (BuildId: a5860719700b671c6e944005d980b317d4862e34)
06-14 22:54:02.583 12974 12974 F DEBUG   :       #33 pc 000000000062c5fc  /data/app/~~EwxWotzCGZ4FV83dQC-GNg==/com.arcfire.online-zZh_7I8O3suhv6p3umC5ig==/base.apk!librnskia.so (offset 0x414a000) (RNSkia::JniSkiaDomView::~JniSkiaDomView()+64) (BuildId: a5860719700b671c6e944005d980b317d4862e34)
06-14 22:54:02.583 12974 12974 F DEBUG   :       #34 pc 000000000062c62c  /data/app/~~EwxWotzCGZ4FV83dQC-GNg==/com.arcfire.online-zZh_7I8O3suhv6p3umC5ig==/base.apk!librnskia.so (offset 0x414a000) (RNSkia::JniSkiaDomView::~JniSkiaDomView()+24) (BuildId: a5860719700b671c6e944005d980b317d4862e34)
06-14 22:54:02.583 12974 12974 F DEBUG   :       #35 pc 00000000000215c8  /data/app/~~EwxWotzCGZ4FV83dQC-GNg==/com.arcfire.online-zZh_7I8O3suhv6p3umC5ig==/base.apk!libfbjni.so (offset 0x1e10000) (BuildId: a22242831a7971267de570e06121acb588ce64cd)
06-14 22:54:02.583 12974 12974 F DEBUG   :       #36 pc 000000000053aac4  [anon_shmem:dalvik-jit-code-cache] (offset 0x2000000) (art_jni_trampoline+132)
06-14 22:54:02.583 12974 12974 F DEBUG   :       #37 pc 00000000008bb080  [anon_shmem:dalvik-jit-code-cache] (offset 0x2000000) (com.facebook.jni.HybridData$Destructor.destruct+128)
06-14 22:54:02.583 12974 12974 F DEBUG   :       #38 pc 0000000000298f94  /apex/com.android.art/lib64/libart.so (art_quick_invoke_stub+612) (BuildId: 1f156fc62660d075a8d675db850b95d5)
06-14 22:54:02.583 12974 12974 F DEBUG   :       #39 pc 000000000087ba64  /apex/com.android.art/lib64/libart.so (bool art::interpreter::DoCall<false>(art::ArtMethod*, art::Thread*, art::ShadowFrame&, art::Instruction const*, unsigned short, bool, art::JValue*)+1620) (BuildId: 1f156fc62660d075a8d675db850b95d5)
06-14 22:54:02.583 12974 12974 F DEBUG   :       #40 pc 00000000006fda90  /apex/com.android.art/lib64/libart.so (void art::interpreter::ExecuteSwitchImplCpp<false>(art::interpreter::SwitchImplContext*)+580) (BuildId: 1f156fc62660d075a8d675db850b95d5)
06-14 22:54:02.583 12974 12974 F DEBUG   :       #41 pc 00000000002fcc98  /apex/com.android.art/lib64/libart.so (ExecuteSwitchImplAsm+8) (BuildId: 1f156fc62660d075a8d675db850b95d5)
06-14 22:54:02.583 12974 12974 F DEBUG   :       #42 pc 0000000000424ef4  [anon:dalvik-classes.dex extracte....arcfire.online-zZh_7I8O3suhv6p3umC5ig==/base.apk] (com.facebook.jni.HybridData.resetNative+0)
06-14 22:54:02.583 12974 12974 F DEBUG   :       #43 pc 000000000087bd10  /apex/com.android.art/lib64/libart.so (bool art::interpreter::DoCall<false>(art::ArtMethod*, art::Thread*, art::ShadowFrame&, art::Instruction const*, unsigned short, bool, art::JValue*)+2304) (BuildId: 1f156fc62660d075a8d675db850b95d5)
06-14 22:54:02.583 12974 12974 F DEBUG   :       #44 pc 00000000006fda90  /apex/com.android.art/lib64/libart.so (void art::interpreter::ExecuteSwitchImplCpp<false>(art::interpreter::SwitchImplContext*)+580) (BuildId: 1f156fc62660d075a8d675db850b95d5)
06-14 22:54:02.583 12974 12974 F DEBUG   :       #45 pc 00000000002fcc98  /apex/com.android.art/lib64/libart.so (ExecuteSwitchImplAsm+8) (BuildId: 1f156fc62660d075a8d675db850b95d5)
06-14 22:54:02.583 12974 12974 F DEBUG   :       #46 pc 0000000000083a18  [anon:dalvik-classes2.dex extract....arcfire.online-zZh_7I8O3suhv6p3umC5ig==/base.apk] (com.shopify.reactnative.skia.SkiaDomView.finalize+0)
06-14 22:54:02.583 12974 12974 F DEBUG   :       #47 pc 00000000002fc8d0  /apex/com.android.art/lib64/libart.so (art::interpreter::Execute(art::Thread*, art::CodeItemDataAccessor const&, art::ShadowFrame&, art::JValue, bool, bool) (.__uniq.112435418011751916792819755956732575238.llvm.6848007882488385806)+360) (BuildId: 1f156fc62660d075a8d675db850b95d5)
06-14 22:54:02.583 12974 12974 F DEBUG   :       #48 pc 00000000002fc254  /apex/com.android.art/lib64/libart.so (artQuickToInterpreterBridge+916) (BuildId: 1f156fc62660d075a8d675db850b95d5)
06-14 22:54:02.583 12974 12974 F DEBUG   :       #49 pc 00000000002b04d8  /apex/com.android.art/lib64/libart.so (art_quick_to_interpreter_bridge+88) (BuildId: 1f156fc62660d075a8d675db850b95d5)
06-14 22:54:02.583 12974 12974 F DEBUG   :       #50 pc 00000000005a08c0  [anon_shmem:dalvik-jit-code-cache] (offset 0x2000000) (java.lang.Daemons$FinalizerDaemon.doFinalize+208)
06-14 22:54:02.583 12974 12974 F DEBUG   :       #51 pc 00000000005a0064  [anon_shmem:dalvik-jit-code-cache] (offset 0x2000000) (java.lang.Daemons$FinalizerDaemon.processReference+500)
06-14 22:54:02.583 12974 12974 F DEBUG   :       #52 pc 0000000000298f94  /apex/com.android.art/lib64/libart.so (art_quick_invoke_stub+612) (BuildId: 1f156fc62660d075a8d675db850b95d5)
06-14 22:54:02.583 12974 12974 F DEBUG   :       #53 pc 000000000087ba64  /apex/com.android.art/lib64/libart.so (bool art::interpreter::DoCall<false>(art::ArtMethod*, art::Thread*, art::ShadowFrame&, art::Instruction const*, unsigned short, bool, art::JValue*)+1620) (BuildId: 1f156fc62660d075a8d675db850b95d5)
06-14 22:54:02.583 12974 12974 F DEBUG   :       #54 pc 00000000006fd968  /apex/com.android.art/lib64/libart.so (void art::interpreter::ExecuteSwitchImplCpp<false>(art::interpreter::SwitchImplContext*)+284) (BuildId: 1f156fc62660d075a8d675db850b95d5)
06-14 22:54:02.583 12974 12974 F DEBUG   :       #55 pc 00000000002fcc98  /apex/com.android.art/lib64/libart.so (ExecuteSwitchImplAsm+8) (BuildId: 1f156fc62660d075a8d675db850b95d5)
06-14 22:54:02.583 12974 12974 F DEBUG   :       #56 pc 000000000002ef2c  /apex/com.android.art/javalib/core-libart.jar (java.lang.Daemons$FinalizerDaemon.runInternal+0)
06-14 22:54:02.583 12974 12974 F DEBUG   :       #57 pc 000000000087bd10  /apex/com.android.art/lib64/libart.so (bool art::interpreter::DoCall<false>(art::ArtMethod*, art::Thread*, art::ShadowFrame&, art::Instruction const*, unsigned short, bool, art::JValue*)+2304) (BuildId: 1f156fc62660d075a8d675db850b95d5)
06-14 22:54:02.583 12974 12974 F DEBUG   :       #58 pc 00000000006fda90  /apex/com.android.art/lib64/libart.so (void art::interpreter::ExecuteSwitchImplCpp<false>(art::interpreter::SwitchImplContext*)+580) (BuildId: 1f156fc62660d075a8d675db850b95d5)
06-14 22:54:02.583 12974 12974 F DEBUG   :       #59 pc 00000000002fcc98  /apex/com.android.art/lib64/libart.so (ExecuteSwitchImplAsm+8) (BuildId: 1f156fc62660d075a8d675db850b95d5)
06-14 22:54:02.583 12974 12974 F DEBUG   :       #60 pc 000000000002eb58  /apex/com.android.art/javalib/core-libart.jar (java.lang.Daemons$Daemon.run+0)
06-14 22:54:02.583 12974 12974 F DEBUG   :       #61 pc 000000000087bd10  /apex/com.android.art/lib64/libart.so (bool art::interpreter::DoCall<false>(art::ArtMethod*, art::Thread*, art::ShadowFrame&, art::Instruction const*, unsigned short, bool, art::JValue*)+2304) (BuildId: 1f156fc62660d075a8d675db850b95d5)
06-14 22:54:02.583 12974 12974 F DEBUG   :       #62 pc 00000000006fde94  /apex/com.android.art/lib64/libart.so (void art::interpreter::ExecuteSwitchImplCpp<false>(art::interpreter::SwitchImplContext*)+1608) (BuildId: 1f156fc62660d075a8d675db850b95d5)
06-14 22:54:02.583 12974 12974 F DEBUG   :       #63 pc 00000000002fcc98  /apex/com.android.art/lib64/libart.so (ExecuteSwitchImplAsm+8) (BuildId: 1f156fc62660d075a8d675db850b95d5)
06-14 22:54:02.583 12974 12974 F DEBUG   :       #64 pc 000000000011e1a0  /apex/com.android.art/javalib/core-oj.jar (java.lang.Thread.run+0)
06-14 22:54:02.583 12974 12974 F DEBUG   :       #65 pc 00000000002fc8d0  /apex/com.android.art/lib64/libart.so (art::interpreter::Execute(art::Thread*, art::CodeItemDataAccessor const&, art::ShadowFrame&, art::JValue, bool, bool) (.__uniq.112435418011751916792819755956732575238.llvm.6848007882488385806)+360) (BuildId: 1f156fc62660d075a8d675db850b95d5)
06-14 22:54:02.583 12974 12974 F DEBUG   :       #66 pc 00000000002fc254  /apex/com.android.art/lib64/libart.so (artQuickToInterpreterBridge+916) (BuildId: 1f156fc62660d075a8d675db850b95d5)
06-14 22:54:02.583 12974 12974 F DEBUG   :       #67 pc 00000000002b04d8  /apex/com.android.art/lib64/libart.so (art_quick_to_interpreter_bridge+88) (BuildId: 1f156fc62660d075a8d675db850b95d5)
06-14 22:54:02.583 12974 12974 F DEBUG   :       #68 pc 0000000000298f94  /apex/com.android.art/lib64/libart.so (art_quick_invoke_stub+612) (BuildId: 1f156fc62660d075a8d675db850b95d5)
06-14 22:54:02.583 12974 12974 F DEBUG   :       #69 pc 000000000029738c  /apex/com.android.art/lib64/libart.so (art::ArtMethod::Invoke(art::Thread*, unsigned int*, unsigned int, art::JValue*, char const*)+148) (BuildId: 1f156fc62660d075a8d675db850b95d5)
06-14 22:54:02.583 12974 12974 F DEBUG   :       #70 pc 00000000004d5fd0  /apex/com.android.art/lib64/libart.so (art::Thread::CreateCallback(void*)+1384) (BuildId: 1f156fc62660d075a8d675db850b95d5)
06-14 22:54:02.583 12974 12974 F DEBUG   :       #71 pc 00000000004d5a54  /apex/com.android.art/lib64/libart.so (art::Thread::CreateCallbackWithUffdGc(void*)+12) (BuildId: 1f156fc62660d075a8d675db850b95d5)
06-14 22:54:02.583 12974 12974 F DEBUG   :       #72 pc 0000000000080f8c  /apex/com.android.runtime/lib64/bionic/libc.so (__pthread_start(void*)+236) (BuildId: 8ff701fa7a74a8ad475206062b5b72aa)
06-14 22:54:02.583 12974 12974 F DEBUG   :       #73 pc 00000000000737f0  /apex/com.android.runtime/lib64/bionic/libc.so (__start_thread+64) (BuildId: 8ff701fa7a74a8ad475206062b5b72aa)
06-14 23:01:10.054 13489 13489 E libc    : SetHeapTaggingLevel: re-enabling tagging after it was disabled is not supported
06-14 23:03:15.675 13011 13018 F libc    : Fatal signal 11 (SIGSEGV), code 1 (SEGV_MAPERR), fault addr 0x0 in tid 13018 (FinalizerDaemon), pid 13011 (.arcfire.online)
06-14 23:03:16.648 14300 14300 F DEBUG   : *** *** *** *** *** *** *** *** *** *** *** *** *** *** *** ***
06-14 23:03:16.648 14300 14300 F DEBUG   : Build fingerprint: 'samsung/a34xks/a34x:16/BP2A.250605.031.A3/A346NKSSEEZD4:user/release-keys'
06-14 23:03:16.648 14300 14300 F DEBUG   : Revision: '6'
06-14 23:03:16.648 14300 14300 F DEBUG   : ABI: 'arm64'
06-14 23:03:16.648 14300 14300 F DEBUG   : Processor: '6'
06-14 23:03:16.648 14300 14300 F DEBUG   : Timestamp: 2026-06-14 23:03:15.932486069+0900
06-14 23:03:16.648 14300 14300 F DEBUG   : Process uptime: 532s
06-14 23:03:16.648 14300 14300 F DEBUG   : Cmdline: com.arcfire.online
06-14 23:03:16.648 14300 14300 F DEBUG   : pid: 13011, tid: 13018, name: FinalizerDaemon  >>> com.arcfire.online <<<
06-14 23:03:16.648 14300 14300 F DEBUG   : uid: 11042
06-14 23:03:16.648 14300 14300 F DEBUG   : tagged_addr_ctrl: 0000000000000001 (PR_TAGGED_ADDR_ENABLE)
06-14 23:03:16.648 14300 14300 F DEBUG   : signal 11 (SIGSEGV), code 1 (SEGV_MAPERR), fault addr 0x0000000000000000
06-14 23:03:16.648 14300 14300 F DEBUG   : Cause: null pointer dereference
06-14 23:03:16.648 14300 14300 F DEBUG   :     x0  b400007b61c0a1e8  x1  b400007a424bd840  x2  b400007ad1d27370  x3  0000007900c2d4d8
06-14 23:03:16.648 14300 14300 F DEBUG   :     x4  00000000000000b0  x5  0000007aa1bfc81c  x6  000000000003d4dc  x7  000000000000430b
06-14 23:03:16.648 14300 14300 F DEBUG   :     x8  0000000000000000  x9  0000000000000000  x10 0000007900c2d5c0  x11 000000003b0e6e4a
06-14 23:03:16.648 14300 14300 F DEBUG   :     x12 00000000000b0009  x13 000000000004ab3e  x14 0000000000000018  x15 0000000000040000
06-14 23:03:16.648 14300 14300 F DEBUG   :     x16 0000007990582930  x17 000000798fce3c24  x18 000000787fedc000  x19 b400007ba1ba9ad0
06-14 23:03:16.648 14300 14300 F DEBUG   :     x20 0000007900c2f700  x21 b4000079f1933be0  x22 b400007ae192eef0  x23 0000000000000000
06-14 23:03:16.648 14300 14300 F DEBUG   :     x24 0000000000000000  x25 0000007900c2df48  x26 0000007900c2dbb0  x27 0000000000000008
06-14 23:03:16.648 14300 14300 F DEBUG   :     x28 0000007900c2de70  x29 0000007900c2d450
06-14 23:03:16.648 14300 14300 F DEBUG   :     lr  000000798fce3c18  sp  0000007900c2d440  pc  000000798fce3c54  pst 0000000060001000
06-14 23:03:16.648 14300 14300 F DEBUG   : 74 total frames
06-14 23:03:16.648 14300 14300 F DEBUG   : backtrace:
06-14 23:03:16.648 14300 14300 F DEBUG   :       #00 pc 0000000000653c54  /data/app/~~EwxWotzCGZ4FV83dQC-GNg==/com.arcfire.online-zZh_7I8O3suhv6p3umC5ig==/base.apk!librnskia.so (offset 0x414a000) (facebook::jsi::Pointer::~Pointer()+48) (BuildId: a5860719700b671c6e944005d980b317d4862e34)
06-14 23:03:16.648 14300 14300 F DEBUG   :       #01 pc 0000000000653c14  /data/app/~~EwxWotzCGZ4FV83dQC-GNg==/com.arcfire.online-zZh_7I8O3suhv6p3umC5ig==/base.apk!librnskia.so (offset 0x414a000) (facebook::jsi::Object::~Object()+20) (BuildId: a5860719700b671c6e944005d980b317d4862e34)
06-14 23:03:16.648 14300 14300 F DEBUG   :       #02 pc 00000000006503bc  /data/app/~~EwxWotzCGZ4FV83dQC-GNg==/com.arcfire.online-zZh_7I8O3suhv6p3umC5ig==/base.apk!librnskia.so (offset 0x414a000) (facebook::jsi::Function::~Function()+20) (BuildId: a5860719700b671c6e944005d980b317d4862e34)
06-14 23:03:16.648 14300 14300 F DEBUG   :       #03 pc 0000000000653708  /data/app/~~EwxWotzCGZ4FV83dQC-GNg==/com.arcfire.online-zZh_7I8O3suhv6p3umC5ig==/base.apk!librnskia.so (offset 0x414a000) (std::__ndk1::pair<std::__ndk1::basic_string<char, std::__ndk1::char_traits<char>, std::__ndk1::allocator<char>> const, facebook::jsi::Function>::~pair()+28) (BuildId: a5860719700b671c6e944005d980b317d4862e34)
06-14 23:03:16.649 14300 14300 F DEBUG   :       #04 pc 00000000006536dc  /data/app/~~EwxWotzCGZ4FV83dQC-GNg==/com.arcfire.online-zZh_7I8O3suhv6p3umC5ig==/base.apk!librnskia.so (offset 0x414a000) (void std::__ndk1::allocator_traits<std::__ndk1::allocator<std::__ndk1::__tree_node<std::__ndk1::__value_type<std::__ndk1::basic_string<char, std::__ndk1::char_traits<char>, std::__ndk1::allocator<char>>, facebook::jsi::Function>, void*>>>::__destroy<std::__ndk1::pair<std::__ndk1::basic_string<char, std::__ndk1::char_traits<char>, std::__ndk1::allocator<char>> const, facebook::jsi::Function>>(std::__ndk1::integral_constant<bool, false>, std::__ndk1::allocator<std::__ndk1::__tree_node<std::__ndk1::__value_type<std::__ndk1::basic_string<char, std::__ndk1::char_traits<char>, std::__ndk1::allocator<char>>, facebook::jsi::Function>, void*>>&, std::__ndk1::pair<std::__ndk1::basic_string<char, std::__ndk1::char_traits<char>, std::__ndk1::allocator<char>> const, facebook::jsi::Function>*)+28) (BuildId: a5860719700b671c6e944005d980b317d4862e34)
06-14 23:03:16.649 14300 14300 F DEBUG   :       #05 pc 000000000065361c  /data/app/~~EwxWotzCGZ4FV83dQC-GNg==/com.arcfire.online-zZh_7I8O3suhv6p3umC5ig==/base.apk!librnskia.so (offset 0x414a000) (void std::__ndk1::allocator_traits<std::__ndk1::allocator<std::__ndk1::__tree_node<std::__ndk1::__value_type<std::__ndk1::basic_string<char, std::__ndk1::char_traits<char>, std::__ndk1::allocator<char>>, facebook::jsi::Function>, void*>>>::destroy<std::__ndk1::pair<std::__ndk1::basic_string<char, std::__ndk1::char_traits<char>, std::__ndk1::allocator<char>> const, facebook::jsi::Function>>(std::__ndk1::allocator<std::__ndk1::__tree_node<std::__ndk1::__value_type<std::__ndk1::basic_string<char, std::__ndk1::char_traits<char>, std::__ndk1::allocator<char>>, facebook::jsi::Function>, void*>>&, std::__ndk1::pair<std::__ndk1::basic_string<char, std::__ndk1::char_traits<char>, std::__ndk1::allocator<char>> const, facebook::jsi::Function>*)+32) (BuildId: a5860719700b671c6e944005d980b317d4862e34)
06-14 23:03:16.649 14300 14300 F DEBUG   :       #06 pc 0000000000653580  /data/app/~~EwxWotzCGZ4FV83dQC-GNg==/com.arcfire.online-zZh_7I8O3suhv6p3umC5ig==/base.apk!librnskia.so (offset 0x414a000) (std::__ndk1::__tree<std::__ndk1::__value_type<std::__ndk1::basic_string<char, std::__ndk1::char_traits<char>, std::__ndk1::allocator<char>>, facebook::jsi::Function>, std::__ndk1::__map_value_compare<std::__ndk1::basic_string<char, std::__ndk1::char_traits<char>, std::__ndk1::allocator<char>>, std::__ndk1::__value_type<std::__ndk1::basic_string<char, std::__ndk1::char_traits<char>, std::__ndk1::allocator<char>>, facebook::jsi::Function>, std::__ndk1::less<std::__ndk1::basic_string<char, std::__ndk1::char_traits<char>, std::__ndk1::allocator<char>>>, true>, std::__ndk1::allocator<std::__ndk1::__value_type<std::__ndk1::basic_string<char, std::__ndk1::char_traits<char>, std::__ndk1::allocator<char>>, facebook::jsi::Function>>>::destroy(std::__ndk1::__tree_node<std::__ndk1::__value_type<std::__ndk1::basic_string<char, std::__ndk1::char_traits<char>, std::__ndk1::allocator<char>>, facebook::jsi::Function>, void*>*)+120) (BuildId: a5860719700b671c6e944005d980b317d4862e34)
06-14 23:03:16.649 14300 14300 F DEBUG   :       #07 pc 000000000065353c  /data/app/~~EwxWotzCGZ4FV83dQC-GNg==/com.arcfire.online-zZh_7I8O3suhv6p3umC5ig==/base.apk!librnskia.so (offset 0x414a000) (std::__ndk1::__tree<std::__ndk1::__value_type<std::__ndk1::basic_string<char, std::__ndk1::char_traits<char>, std::__ndk1::allocator<char>>, facebook::jsi::Function>, std::__ndk1::__map_value_compare<std::__ndk1::basic_string<char, std::__ndk1::char_traits<char>, std::__ndk1::allocator<char>>, std::__ndk1::__value_type<std::__ndk1::basic_string<char, std::__ndk1::char_traits<char>, std::__ndk1::allocator<char>>, facebook::jsi::Function>, std::__ndk1::less<std::__ndk1::basic_string<char, std::__ndk1::char_traits<char>, std::__ndk1::allocator<char>>>, true>, std::__ndk1::allocator<std::__ndk1::__value_type<std::__ndk1::basic_string<char, std::__ndk1::char_traits<char>, std::__ndk1::allocator<char>>, facebook::jsi::Function>>>::destroy(std::__ndk1::__tree_node<std::__ndk1::__value_type<std::__ndk1::basic_string<char, std::__ndk1::char_traits<char>, std::__ndk1::allocator<char>>, facebook::jsi::Function>, void*>*)+52) (BuildId: a5860719700b671c6e944005d980b317d4862e34)
06-14 23:03:16.649 14300 14300 F DEBUG   :       #08 pc 00000000006534f8  /data/app/~~EwxWotzCGZ4FV83dQC-GNg==/com.arcfire.online-zZh_7I8O3suhv6p3umC5ig==/base.apk!librnskia.so (offset 0x414a000) (std::__ndk1::__tree<std::__ndk1::__value_type<std::__ndk1::basic_string<char, std::__ndk1::char_traits<char>, std::__ndk1::allocator<char>>, facebook::jsi::Function>, std::__ndk1::__map_value_compare<std::__ndk1::basic_string<char, std::__ndk1::char_traits<char>, std::__ndk1::allocator<char>>, std::__ndk1::__value_type<std::__ndk1::basic_string<char, std::__ndk1::char_traits<char>, std::__ndk1::allocator<char>>, facebook::jsi::Function>, std::__ndk1::less<std::__ndk1::basic_string<char, std::__ndk1::char_traits<char>, std::__ndk1::allocator<char>>>, true>, std::__ndk1::allocator<std::__ndk1::__value_type<std::__ndk1::basic_string<char, std::__ndk1::char_traits<char>, std::__ndk1::allocator<char>>, facebook::jsi::Function>>>::~__tree()+36) (BuildId: a5860719700b671c6e944005d980b317d4862e34)
06-14 23:03:16.649 14300 14300 F DEBUG   :       #09 pc 00000000006534c4  /data/app/~~EwxWotzCGZ4FV83dQC-GNg==/com.arcfire.online-zZh_7I8O3suhv6p3umC5ig==/base.apk!librnskia.so (offset 0x414a000) (BuildId: a5860719700b671c6e944005d980b317d4862e34)
06-14 23:03:16.649 14300 14300 F DEBUG   :       #10 pc 000000000064f2b4  /data/app/~~EwxWotzCGZ4FV83dQC-GNg==/com.arcfire.online-zZh_7I8O3suhv6p3umC5ig==/base.apk!librnskia.so (offset 0x414a000) (RNJsi::RuntimeAwareCache<std::__ndk1::map<std::__ndk1::basic_string<char, std::__ndk1::char_traits<char>, std::__ndk1::allocator<char>>, facebook::jsi::Function, std::__ndk1::less<std::__ndk1::basic_string<char, std::__ndk1::char_traits<char>, std::__ndk1::allocator<char>>>, std::__ndk1::allocator<std::__ndk1::pair<std::__ndk1::basic_string<char, std::__ndk1::char_traits<char>, std::__ndk1::allocator<char>> const, facebook::jsi::Function>>>>::~RuntimeAwareCache()+240) (BuildId: a5860719700b671c6e944005d980b317d4862e34)
06-14 23:03:16.649 14300 14300 F DEBUG   :       #11 pc 000000000064f194  /data/app/~~EwxWotzCGZ4FV83dQC-GNg==/com.arcfire.online-zZh_7I8O3suhv6p3umC5ig==/base.apk!librnskia.so (offset 0x414a000) (RNJsi::JsiHostObject::~JsiHostObject()+44) (BuildId: a5860719700b671c6e944005d980b317d4862e34)
06-14 23:03:16.649 14300 14300 F DEBUG   :       #12 pc 0000000000784f68  /data/app/~~EwxWotzCGZ4FV83dQC-GNg==/com.arcfire.online-zZh_7I8O3suhv6p3umC5ig==/base.apk!librnskia.so (offset 0x414a000) (RNSkia::JsiDomNode::~JsiDomNode()+124) (BuildId: a5860719700b671c6e944005d980b317d4862e34)
06-14 23:03:16.649 14300 14300 F DEBUG   :       #13 pc 0000000000784d48  /data/app/~~EwxWotzCGZ4FV83dQC-GNg==/com.arcfire.online-zZh_7I8O3suhv6p3umC5ig==/base.apk!librnskia.so (offset 0x414a000) (RNSkia::JsiDomRenderNode::~JsiDomRenderNode()+52) (BuildId: a5860719700b671c6e944005d980b317d4862e34)
06-14 23:03:16.649 14300 14300 F DEBUG   :       #14 pc 0000000000820c68  /data/app/~~EwxWotzCGZ4FV83dQC-GNg==/com.arcfire.online-zZh_7I8O3suhv6p3umC5ig==/base.apk!librnskia.so (offset 0x414a000) (RNSkia::JsiGroupNode::~JsiGroupNode()+20) (BuildId: a5860719700b671c6e944005d980b317d4862e34)
06-14 23:03:16.649 14300 14300 F DEBUG   :       #15 pc 00000000008208d4  /data/app/~~EwxWotzCGZ4FV83dQC-GNg==/com.arcfire.online-zZh_7I8O3suhv6p3umC5ig==/base.apk!librnskia.so (offset 0x414a000) (std::__ndk1::__shared_ptr_emplace<RNSkia::JsiGroupNode, std::__ndk1::allocator<RNSkia::JsiGroupNode>>::__on_zero_shared()+36) (BuildId: a5860719700b671c6e944005d980b317d4862e34)
06-14 23:03:16.649 14300 14300 F DEBUG   :       #16 pc 000000000061eb5c  /data/app/~~EwxWotzCGZ4FV83dQC-GNg==/com.arcfire.online-zZh_7I8O3suhv6p3umC5ig==/base.apk!librnskia.so (offset 0x414a000) (BuildId: a5860719700b671c6e944005d980b317d4862e34)
06-14 23:03:16.649 14300 14300 F DEBUG   :       #17 pc 000000000061eb00  /data/app/~~EwxWotzCGZ4FV83dQC-GNg==/com.arcfire.online-zZh_7I8O3suhv6p3umC5ig==/base.apk!librnskia.so (offset 0x414a000) (BuildId: a5860719700b671c6e944005d980b317d4862e34)
06-14 23:03:16.649 14300 14300 F DEBUG   :       #18 pc 0000000000633358  /data/app/~~EwxWotzCGZ4FV83dQC-GNg==/com.arcfire.online-zZh_7I8O3suhv6p3umC5ig==/base.apk!librnskia.so (offset 0x414a000) (std::__ndk1::shared_ptr<RNSkia::JsiDomRenderNode>::~shared_ptr()+44) (BuildId: a5860719700b671c6e944005d980b317d4862e34)
06-14 23:03:16.649 14300 14300 F DEBUG   :       #19 pc 00000000008e8584  /data/app/~~EwxWotzCGZ4FV83dQC-GNg==/com.arcfire.online-zZh_7I8O3suhv6p3umC5ig==/base.apk!librnskia.so (offset 0x414a000) (BuildId: a5860719700b671c6e944005d980b317d4862e34)
06-14 23:03:16.649 14300 14300 F DEBUG   :       #20 pc 00000000008e8380  /data/app/~~EwxWotzCGZ4FV83dQC-GNg==/com.arcfire.online-zZh_7I8O3suhv6p3umC5ig==/base.apk!librnskia.so (offset 0x414a000) (RNSkia::RNSkDomRenderer::~RNSkDomRenderer()+132) (BuildId: a5860719700b671c6e944005d980b317d4862e34)
06-14 23:03:16.649 14300 14300 F DEBUG   :       #21 pc 0000000000630cb8  /data/app/~~EwxWotzCGZ4FV83dQC-GNg==/com.arcfire.online-zZh_7I8O3suhv6p3umC5ig==/base.apk!librnskia.so (offset 0x414a000) (std::__ndk1::__shared_ptr_emplace<RNSkia::RNSkDomRenderer, std::__ndk1::allocator<RNSkia::RNSkDomRenderer>>::__on_zero_shared()+28) (BuildId: a5860719700b671c6e944005d980b317d4862e34)
06-14 23:03:16.649 14300 14300 F DEBUG   :       #22 pc 000000000061eb5c  /data/app/~~EwxWotzCGZ4FV83dQC-GNg==/com.arcfire.online-zZh_7I8O3suhv6p3umC5ig==/base.apk!librnskia.so (offset 0x414a000) (BuildId: a5860719700b671c6e944005d980b317d4862e34)
06-14 23:03:16.649 14300 14300 F DEBUG   :       #23 pc 000000000061eb00  /data/app/~~EwxWotzCGZ4FV83dQC-GNg==/com.arcfire.online-zZh_7I8O3suhv6p3umC5ig==/base.apk!librnskia.so (offset 0x414a000) (BuildId: a5860719700b671c6e944005d980b317d4862e34)
06-14 23:03:16.649 14300 14300 F DEBUG   :       #24 pc 0000000000619fcc  /data/app/~~EwxWotzCGZ4FV83dQC-GNg==/com.arcfire.online-zZh_7I8O3suhv6p3umC5ig==/base.apk!librnskia.so (offset 0x414a000) (std::__ndk1::shared_ptr<RNSkia::RNSkRenderer>::~shared_ptr()+44) (BuildId: a5860719700b671c6e944005d980b317d4862e34)
06-14 23:03:16.649 14300 14300 F DEBUG   :       #25 pc 000000000061f3e0  /data/app/~~EwxWotzCGZ4FV83dQC-GNg==/com.arcfire.online-zZh_7I8O3suhv6p3umC5ig==/base.apk!librnskia.so (offset 0x414a000) (RNSkia::RNSkView::~RNSkView()+56) (BuildId: a5860719700b671c6e944005d980b317d4862e34)
06-14 23:03:16.649 14300 14300 F DEBUG   :       #26 pc 000000000063054c  /data/app/~~EwxWotzCGZ4FV83dQC-GNg==/com.arcfire.online-zZh_7I8O3suhv6p3umC5ig==/base.apk!librnskia.so (offset 0x414a000) (RNSkia::RNSkDomView::~RNSkDomView()+20) (BuildId: a5860719700b671c6e944005d980b317d4862e34)
06-14 23:03:16.649 14300 14300 F DEBUG   :       #27 pc 000000000062d790  /data/app/~~EwxWotzCGZ4FV83dQC-GNg==/com.arcfire.online-zZh_7I8O3suhv6p3umC5ig==/base.apk!librnskia.so (offset 0x414a000) (RNSkia::RNSkAndroidView<RNSkia::RNSkDomView>::~RNSkAndroidView()+20) (BuildId: a5860719700b671c6e944005d980b317d4862e34)
06-14 23:03:16.649 14300 14300 F DEBUG   :       #28 pc 000000000062d038  /data/app/~~EwxWotzCGZ4FV83dQC-GNg==/com.arcfire.online-zZh_7I8O3suhv6p3umC5ig==/base.apk!librnskia.so (offset 0x414a000) (std::__ndk1::__shared_ptr_emplace<RNSkia::RNSkAndroidView<RNSkia::RNSkDomView>, std::__ndk1::allocator<RNSkia::RNSkAndroidView<RNSkia::RNSkDomView>>>::__on_zero_shared()+36) (BuildId: a5860719700b671c6e944005d980b317d4862e34)
06-14 23:03:16.649 14300 14300 F DEBUG   :       #29 pc 000000000061eb5c  /data/app/~~EwxWotzCGZ4FV83dQC-GNg==/com.arcfire.online-zZh_7I8O3suhv6p3umC5ig==/base.apk!librnskia.so (offset 0x414a000) (BuildId: a5860719700b671c6e944005d980b317d4862e34)
06-14 23:03:16.649 14300 14300 F DEBUG   :       #30 pc 000000000061eb00  /data/app/~~EwxWotzCGZ4FV83dQC-GNg==/com.arcfire.online-zZh_7I8O3suhv6p3umC5ig==/base.apk!librnskia.so (offset 0x414a000) (BuildId: a5860719700b671c6e944005d980b317d4862e34)
06-14 23:03:16.649 14300 14300 F DEBUG   :       #31 pc 0000000000614a3c  /data/app/~~EwxWotzCGZ4FV83dQC-GNg==/com.arcfire.online-zZh_7I8O3suhv6p3umC5ig==/base.apk!librnskia.so (offset 0x414a000) (std::__ndk1::shared_ptr<RNSkia::RNSkBaseAndroidView>::~shared_ptr()+44) (BuildId: a5860719700b671c6e944005d980b317d4862e34)
06-14 23:03:16.649 14300 14300 F DEBUG   :       #32 pc 00000000006292dc  /data/app/~~EwxWotzCGZ4FV83dQC-GNg==/com.arcfire.online-zZh_7I8O3suhv6p3umC5ig==/base.apk!librnskia.so (offset 0x414a000) (RNSkia::JniSkiaBaseView::~JniSkiaBaseView()+40) (BuildId: a5860719700b671c6e944005d980b317d4862e34)
06-14 23:03:16.649 14300 14300 F DEBUG   :       #33 pc 000000000062c5fc  /data/app/~~EwxWotzCGZ4FV83dQC-GNg==/com.arcfire.online-zZh_7I8O3suhv6p3umC5ig==/base.apk!librnskia.so (offset 0x414a000) (RNSkia::JniSkiaDomView::~JniSkiaDomView()+64) (BuildId: a5860719700b671c6e944005d980b317d4862e34)
06-14 23:03:16.649 14300 14300 F DEBUG   :       #34 pc 000000000062c62c  /data/app/~~EwxWotzCGZ4FV83dQC-GNg==/com.arcfire.online-zZh_7I8O3suhv6p3umC5ig==/base.apk!librnskia.so (offset 0x414a000) (RNSkia::JniSkiaDomView::~JniSkiaDomView()+24) (BuildId: a5860719700b671c6e944005d980b317d4862e34)
06-14 23:03:16.649 14300 14300 F DEBUG   :       #35 pc 00000000000215c8  /data/app/~~EwxWotzCGZ4FV83dQC-GNg==/com.arcfire.online-zZh_7I8O3suhv6p3umC5ig==/base.apk!libfbjni.so (offset 0x1e10000) (BuildId: a22242831a7971267de570e06121acb588ce64cd)
06-14 23:03:16.649 14300 14300 F DEBUG   :       #36 pc 0000000000554f14  [anon_shmem:dalvik-jit-code-cache] (offset 0x2000000) (art_jni_trampoline+132)
06-14 23:03:16.649 14300 14300 F DEBUG   :       #37 pc 00000000008bae20  [anon_shmem:dalvik-jit-code-cache] (offset 0x2000000) (com.facebook.jni.HybridData$Destructor.destruct+128)
06-14 23:03:16.649 14300 14300 F DEBUG   :       #38 pc 0000000000298f94  /apex/com.android.art/lib64/libart.so (art_quick_invoke_stub+612) (BuildId: 1f156fc62660d075a8d675db850b95d5)
06-14 23:03:16.649 14300 14300 F DEBUG   :       #39 pc 000000000087ba64  /apex/com.android.art/lib64/libart.so (bool art::interpreter::DoCall<false>(art::ArtMethod*, art::Thread*, art::ShadowFrame&, art::Instruction const*, unsigned short, bool, art::JValue*)+1620) (BuildId: 1f156fc62660d075a8d675db850b95d5)
06-14 23:03:16.649 14300 14300 F DEBUG   :       #40 pc 00000000006fda90  /apex/com.android.art/lib64/libart.so (void art::interpreter::ExecuteSwitchImplCpp<false>(art::interpreter::SwitchImplContext*)+580) (BuildId: 1f156fc62660d075a8d675db850b95d5)
06-14 23:03:16.649 14300 14300 F DEBUG   :       #41 pc 00000000002fcc98  /apex/com.android.art/lib64/libart.so (ExecuteSwitchImplAsm+8) (BuildId: 1f156fc62660d075a8d675db850b95d5)
06-14 23:03:16.649 14300 14300 F DEBUG   :       #42 pc 0000000000424ef4  [anon:dalvik-classes.dex extracte....arcfire.online-zZh_7I8O3suhv6p3umC5ig==/base.apk] (com.facebook.jni.HybridData.resetNative+0)
06-14 23:03:16.649 14300 14300 F DEBUG   :       #43 pc 000000000087bd10  /apex/com.android.art/lib64/libart.so (bool art::interpreter::DoCall<false>(art::ArtMethod*, art::Thread*, art::ShadowFrame&, art::Instruction const*, unsigned short, bool, art::JValue*)+2304) (BuildId: 1f156fc62660d075a8d675db850b95d5)
06-14 23:03:16.649 14300 14300 F DEBUG   :       #44 pc 00000000006fda90  /apex/com.android.art/lib64/libart.so (void art::interpreter::ExecuteSwitchImplCpp<false>(art::interpreter::SwitchImplContext*)+580) (BuildId: 1f156fc62660d075a8d675db850b95d5)
06-14 23:03:16.649 14300 14300 F DEBUG   :       #45 pc 00000000002fcc98  /apex/com.android.art/lib64/libart.so (ExecuteSwitchImplAsm+8) (BuildId: 1f156fc62660d075a8d675db850b95d5)
06-14 23:03:16.649 14300 14300 F DEBUG   :       #46 pc 0000000000083a18  [anon:dalvik-classes2.dex extract....arcfire.online-zZh_7I8O3suhv6p3umC5ig==/base.apk] (com.shopify.reactnative.skia.SkiaDomView.finalize+0)
06-14 23:03:16.649 14300 14300 F DEBUG   :       #47 pc 00000000002fc8d0  /apex/com.android.art/lib64/libart.so (art::interpreter::Execute(art::Thread*, art::CodeItemDataAccessor const&, art::ShadowFrame&, art::JValue, bool, bool) (.__uniq.112435418011751916792819755956732575238.llvm.6848007882488385806)+360) (BuildId: 1f156fc62660d075a8d675db850b95d5)
06-14 23:03:16.649 14300 14300 F DEBUG   :       #48 pc 00000000002fc254  /apex/com.android.art/lib64/libart.so (artQuickToInterpreterBridge+916) (BuildId: 1f156fc62660d075a8d675db850b95d5)
06-14 23:03:16.649 14300 14300 F DEBUG   :       #49 pc 00000000002b04d8  /apex/com.android.art/lib64/libart.so (art_quick_to_interpreter_bridge+88) (BuildId: 1f156fc62660d075a8d675db850b95d5)
06-14 23:03:16.649 14300 14300 F DEBUG   :       #50 pc 00000000005cf930  [anon_shmem:dalvik-jit-code-cache] (offset 0x2000000) (java.lang.Daemons$FinalizerDaemon.doFinalize+208)
06-14 23:03:16.649 14300 14300 F DEBUG   :       #51 pc 00000000005cf0d4  [anon_shmem:dalvik-jit-code-cache] (offset 0x2000000) (java.lang.Daemons$FinalizerDaemon.processReference+500)
06-14 23:03:16.649 14300 14300 F DEBUG   :       #52 pc 0000000000298f94  /apex/com.android.art/lib64/libart.so (art_quick_invoke_stub+612) (BuildId: 1f156fc62660d075a8d675db850b95d5)
06-14 23:03:16.649 14300 14300 F DEBUG   :       #53 pc 000000000087ba64  /apex/com.android.art/lib64/libart.so (bool art::interpreter::DoCall<false>(art::ArtMethod*, art::Thread*, art::ShadowFrame&, art::Instruction const*, unsigned short, bool, art::JValue*)+1620) (BuildId: 1f156fc62660d075a8d675db850b95d5)
06-14 23:03:16.649 14300 14300 F DEBUG   :       #54 pc 00000000006fd968  /apex/com.android.art/lib64/libart.so (void art::interpreter::ExecuteSwitchImplCpp<false>(art::interpreter::SwitchImplContext*)+284) (BuildId: 1f156fc62660d075a8d675db850b95d5)
06-14 23:03:16.649 14300 14300 F DEBUG   :       #55 pc 00000000002fcc98  /apex/com.android.art/lib64/libart.so (ExecuteSwitchImplAsm+8) (BuildId: 1f156fc62660d075a8d675db850b95d5)
06-14 23:03:16.649 14300 14300 F DEBUG   :       #56 pc 000000000002ef2c  /apex/com.android.art/javalib/core-libart.jar (java.lang.Daemons$FinalizerDaemon.runInternal+0)
06-14 23:03:16.649 14300 14300 F DEBUG   :       #57 pc 000000000087bd10  /apex/com.android.art/lib64/libart.so (bool art::interpreter::DoCall<false>(art::ArtMethod*, art::Thread*, art::ShadowFrame&, art::Instruction const*, unsigned short, bool, art::JValue*)+2304) (BuildId: 1f156fc62660d075a8d675db850b95d5)
06-14 23:03:16.650 14300 14300 F DEBUG   :       #58 pc 00000000006fda90  /apex/com.android.art/lib64/libart.so (void art::interpreter::ExecuteSwitchImplCpp<false>(art::interpreter::SwitchImplContext*)+580) (BuildId: 1f156fc62660d075a8d675db850b95d5)
06-14 23:03:16.650 14300 14300 F DEBUG   :       #59 pc 00000000002fcc98  /apex/com.android.art/lib64/libart.so (ExecuteSwitchImplAsm+8) (BuildId: 1f156fc62660d075a8d675db850b95d5)
06-14 23:03:16.650 14300 14300 F DEBUG   :       #60 pc 000000000002eb58  /apex/com.android.art/javalib/core-libart.jar (java.lang.Daemons$Daemon.run+0)
06-14 23:03:16.650 14300 14300 F DEBUG   :       #61 pc 000000000087bd10  /apex/com.android.art/lib64/libart.so (bool art::interpreter::DoCall<false>(art::ArtMethod*, art::Thread*, art::ShadowFrame&, art::Instruction const*, unsigned short, bool, art::JValue*)+2304) (BuildId: 1f156fc62660d075a8d675db850b95d5)
06-14 23:03:16.650 14300 14300 F DEBUG   :       #62 pc 00000000006fde94  /apex/com.android.art/lib64/libart.so (void art::interpreter::ExecuteSwitchImplCpp<false>(art::interpreter::SwitchImplContext*)+1608) (BuildId: 1f156fc62660d075a8d675db850b95d5)
06-14 23:03:16.650 14300 14300 F DEBUG   :       #63 pc 00000000002fcc98  /apex/com.android.art/lib64/libart.so (ExecuteSwitchImplAsm+8) (BuildId: 1f156fc62660d075a8d675db850b95d5)
06-14 23:03:16.650 14300 14300 F DEBUG   :       #64 pc 000000000011e1a0  /apex/com.android.art/javalib/core-oj.jar (java.lang.Thread.run+0)
06-14 23:03:16.650 14300 14300 F DEBUG   :       #65 pc 00000000002fc8d0  /apex/com.android.art/lib64/libart.so (art::interpreter::Execute(art::Thread*, art::CodeItemDataAccessor const&, art::ShadowFrame&, art::JValue, bool, bool) (.__uniq.112435418011751916792819755956732575238.llvm.6848007882488385806)+360) (BuildId: 1f156fc62660d075a8d675db850b95d5)
06-14 23:03:16.650 14300 14300 F DEBUG   :       #66 pc 00000000002fc254  /apex/com.android.art/lib64/libart.so (artQuickToInterpreterBridge+916) (BuildId: 1f156fc62660d075a8d675db850b95d5)
06-14 23:03:16.650 14300 14300 F DEBUG   :       #67 pc 00000000002b04d8  /apex/com.android.art/lib64/libart.so (art_quick_to_interpreter_bridge+88) (BuildId: 1f156fc62660d075a8d675db850b95d5)
06-14 23:03:16.650 14300 14300 F DEBUG   :       #68 pc 0000000000298f94  /apex/com.android.art/lib64/libart.so (art_quick_invoke_stub+612) (BuildId: 1f156fc62660d075a8d675db850b95d5)
06-14 23:03:16.650 14300 14300 F DEBUG   :       #69 pc 000000000029738c  /apex/com.android.art/lib64/libart.so (art::ArtMethod::Invoke(art::Thread*, unsigned int*, unsigned int, art::JValue*, char const*)+148) (BuildId: 1f156fc62660d075a8d675db850b95d5)
06-14 23:03:16.650 14300 14300 F DEBUG   :       #70 pc 00000000004d5fd0  /apex/com.android.art/lib64/libart.so (art::Thread::CreateCallback(void*)+1384) (BuildId: 1f156fc62660d075a8d675db850b95d5)
06-14 23:03:16.650 14300 14300 F DEBUG   :       #71 pc 00000000004d5a54  /apex/com.android.art/lib64/libart.so (art::Thread::CreateCallbackWithUffdGc(void*)+12) (BuildId: 1f156fc62660d075a8d675db850b95d5)
06-14 23:03:16.650 14300 14300 F DEBUG   :       #72 pc 0000000000080f8c  /apex/com.android.runtime/lib64/bionic/libc.so (__pthread_start(void*)+236) (BuildId: 8ff701fa7a74a8ad475206062b5b72aa)
06-14 23:03:16.650 14300 14300 F DEBUG   :       #73 pc 00000000000737f0  /apex/com.android.runtime/lib64/bionic/libc.so (__start_thread+64) (BuildId: 8ff701fa7a74a8ad475206062b5b72aa)
06-14 23:11:03.635 14333 14340 F libc    : Fatal signal 11 (SIGSEGV), code 1 (SEGV_MAPERR), fault addr 0x0 in tid 14340 (FinalizerDaemon), pid 14333 (.arcfire.online)
06-14 23:11:04.330 14749 14749 F DEBUG   : *** *** *** *** *** *** *** *** *** *** *** *** *** *** *** ***
06-14 23:11:04.330 14749 14749 F DEBUG   : Build fingerprint: 'samsung/a34xks/a34x:16/BP2A.250605.031.A3/A346NKSSEEZD4:user/release-keys'
06-14 23:11:04.330 14749 14749 F DEBUG   : Revision: '6'
06-14 23:11:04.331 14749 14749 F DEBUG   : ABI: 'arm64'
06-14 23:11:04.331 14749 14749 F DEBUG   : Processor: '7'
06-14 23:11:04.331 14749 14749 F DEBUG   : Timestamp: 2026-06-14 23:11:03.791695635+0900
06-14 23:11:04.331 14749 14749 F DEBUG   : Process uptime: 465s
06-14 23:11:04.331 14749 14749 F DEBUG   : Cmdline: com.arcfire.online
06-14 23:11:04.331 14749 14749 F DEBUG   : pid: 14333, tid: 14340, name: FinalizerDaemon  >>> com.arcfire.online <<<
06-14 23:11:04.331 14749 14749 F DEBUG   : uid: 11042
06-14 23:11:04.331 14749 14749 F DEBUG   : tagged_addr_ctrl: 0000000000000001 (PR_TAGGED_ADDR_ENABLE)
06-14 23:11:04.331 14749 14749 F DEBUG   : signal 11 (SIGSEGV), code 1 (SEGV_MAPERR), fault addr 0x0000000000000000
06-14 23:11:04.331 14749 14749 F DEBUG   : Cause: null pointer dereference
06-14 23:11:04.331 14749 14749 F DEBUG   :     x0  b400007b61b87648  x1  b400007ae1d901b8  x2  b400007ad1aba150  x3  0000000000000000
06-14 23:11:04.331 14749 14749 F DEBUG   :     x4  0000000000000000  x5  0000007aa1bf68dc  x6  00028088000267fd  x7  00028088000267fd
06-14 23:11:04.331 14749 14749 F DEBUG   :     x8  0000000000000000  x9  0000000000000000  x10 0000007900c2ccf0  x11 0000000005012588
06-14 23:11:04.331 14749 14749 F DEBUG   :     x12 00000000000d000a  x13 0000007c58b56540  x14 0000000000000006  x15 000000000001d11c
06-14 23:11:04.331 14749 14749 F DEBUG   :     x16 0000007991afa930  x17 000000799125bc24  x18 000000787e0c0000  x19 b400007ba1c31f10
06-14 23:11:04.331 14749 14749 F DEBUG   :     x20 0000007900c2f700  x21 b4000079f1933be0  x22 b400007ae192eef0  x23 0000000000000000
06-14 23:11:04.331 14749 14749 F DEBUG   :     x24 0000000000000000  x25 0000007900c2df48  x26 0000007900c2dbb0  x27 0000000000000008
06-14 23:11:04.331 14749 14749 F DEBUG   :     x28 0000007900c2de70  x29 0000007900c2cbc0
06-14 23:11:04.331 14749 14749 F DEBUG   :     lr  000000799125bc18  sp  0000007900c2cbb0  pc  000000799125bc54  pst 0000000060001000
06-14 23:11:04.331 14749 14749 F DEBUG   : 123 total frames
06-14 23:11:04.331 14749 14749 F DEBUG   : backtrace:
06-14 23:11:04.331 14749 14749 F DEBUG   :       #00 pc 0000000000653c54  /data/app/~~EwxWotzCGZ4FV83dQC-GNg==/com.arcfire.online-zZh_7I8O3suhv6p3umC5ig==/base.apk!librnskia.so (offset 0x414a000) (facebook::jsi::Pointer::~Pointer()+48) (BuildId: a5860719700b671c6e944005d980b317d4862e34)
06-14 23:11:04.331 14749 14749 F DEBUG   :       #01 pc 0000000000653c14  /data/app/~~EwxWotzCGZ4FV83dQC-GNg==/com.arcfire.online-zZh_7I8O3suhv6p3umC5ig==/base.apk!librnskia.so (offset 0x414a000) (facebook::jsi::Object::~Object()+20) (BuildId: a5860719700b671c6e944005d980b317d4862e34)
06-14 23:11:04.331 14749 14749 F DEBUG   :       #02 pc 00000000006503bc  /data/app/~~EwxWotzCGZ4FV83dQC-GNg==/com.arcfire.online-zZh_7I8O3suhv6p3umC5ig==/base.apk!librnskia.so (offset 0x414a000) (facebook::jsi::Function::~Function()+20) (BuildId: a5860719700b671c6e944005d980b317d4862e34)
06-14 23:11:04.331 14749 14749 F DEBUG   :       #03 pc 0000000000653708  /data/app/~~EwxWotzCGZ4FV83dQC-GNg==/com.arcfire.online-zZh_7I8O3suhv6p3umC5ig==/base.apk!librnskia.so (offset 0x414a000) (std::__ndk1::pair<std::__ndk1::basic_string<char, std::__ndk1::char_traits<char>, std::__ndk1::allocator<char>> const, facebook::jsi::Function>::~pair()+28) (BuildId: a5860719700b671c6e944005d980b317d4862e34)
06-14 23:11:04.331 14749 14749 F DEBUG   :       #04 pc 00000000006536dc  /data/app/~~EwxWotzCGZ4FV83dQC-GNg==/com.arcfire.online-zZh_7I8O3suhv6p3umC5ig==/base.apk!librnskia.so (offset 0x414a000) (void std::__ndk1::allocator_traits<std::__ndk1::allocator<std::__ndk1::__tree_node<std::__ndk1::__value_type<std::__ndk1::basic_string<char, std::__ndk1::char_traits<char>, std::__ndk1::allocator<char>>, facebook::jsi::Function>, void*>>>::__destroy<std::__ndk1::pair<std::__ndk1::basic_string<char, std::__ndk1::char_traits<char>, std::__ndk1::allocator<char>> const, facebook::jsi::Function>>(std::__ndk1::integral_constant<bool, false>, std::__ndk1::allocator<std::__ndk1::__tree_node<std::__ndk1::__value_type<std::__ndk1::basic_string<char, std::__ndk1::char_traits<char>, std::__ndk1::allocator<char>>, facebook::jsi::Function>, void*>>&, std::__ndk1::pair<std::__ndk1::basic_string<char, std::__ndk1::char_traits<char>, std::__ndk1::allocator<char>> const, facebook::jsi::Function>*)+28) (BuildId: a5860719700b671c6e944005d980b317d4862e34)
06-14 23:11:04.331 14749 14749 F DEBUG   :       #05 pc 000000000065361c  /data/app/~~EwxWotzCGZ4FV83dQC-GNg==/com.arcfire.online-zZh_7I8O3suhv6p3umC5ig==/base.apk!librnskia.so (offset 0x414a000) (void std::__ndk1::allocator_traits<std::__ndk1::allocator<std::__ndk1::__tree_node<std::__ndk1::__value_type<std::__ndk1::basic_string<char, std::__ndk1::char_traits<char>, std::__ndk1::allocator<char>>, facebook::jsi::Function>, void*>>>::destroy<std::__ndk1::pair<std::__ndk1::basic_string<char, std::__ndk1::char_traits<char>, std::__ndk1::allocator<char>> const, facebook::jsi::Function>>(std::__ndk1::allocator<std::__ndk1::__tree_node<std::__ndk1::__value_type<std::__ndk1::basic_string<char, std::__ndk1::char_traits<char>, std::__ndk1::allocator<char>>, facebook::jsi::Function>, void*>>&, std::__ndk1::pair<std::__ndk1::basic_string<char, std::__ndk1::char_traits<char>, std::__ndk1::allocator<char>> const, facebook::jsi::Function>*)+32) (BuildId: a5860719700b671c6e944005d980b317d4862e34)
06-14 23:11:04.331 14749 14749 F DEBUG   :       #06 pc 0000000000653580  /data/app/~~EwxWotzCGZ4FV83dQC-GNg==/com.arcfire.online-zZh_7I8O3suhv6p3umC5ig==/base.apk!librnskia.so (offset 0x414a000) (std::__ndk1::__tree<std::__ndk1::__value_type<std::__ndk1::basic_string<char, std::__ndk1::char_traits<char>, std::__ndk1::allocator<char>>, facebook::jsi::Function>, std::__ndk1::__map_value_compare<std::__ndk1::basic_string<char, std::__ndk1::char_traits<char>, std::__ndk1::allocator<char>>, std::__ndk1::__value_type<std::__ndk1::basic_string<char, std::__ndk1::char_traits<char>, std::__ndk1::allocator<char>>, facebook::jsi::Function>, std::__ndk1::less<std::__ndk1::basic_string<char, std::__ndk1::char_traits<char>, std::__ndk1::allocator<char>>>, true>, std::__ndk1::allocator<std::__ndk1::__value_type<std::__ndk1::basic_string<char, std::__ndk1::char_traits<char>, std::__ndk1::allocator<char>>, facebook::jsi::Function>>>::destroy(std::__ndk1::__tree_node<std::__ndk1::__value_type<std::__ndk1::basic_string<char, std::__ndk1::char_traits<char>, std::__ndk1::allocator<char>>, facebook::jsi::Function>, void*>*)+120) (BuildId: a5860719700b671c6e944005d980b317d4862e34)
06-14 23:11:04.331 14749 14749 F DEBUG   :       #07 pc 00000000006534f8  /data/app/~~EwxWotzCGZ4FV83dQC-GNg==/com.arcfire.online-zZh_7I8O3suhv6p3umC5ig==/base.apk!librnskia.so (offset 0x414a000) (std::__ndk1::__tree<std::__ndk1::__value_type<std::__ndk1::basic_string<char, std::__ndk1::char_traits<char>, std::__ndk1::allocator<char>>, facebook::jsi::Function>, std::__ndk1::__map_value_compare<std::__ndk1::basic_string<char, std::__ndk1::char_traits<char>, std::__ndk1::allocator<char>>, std::__ndk1::__value_type<std::__ndk1::basic_string<char, std::__ndk1::char_traits<char>, std::__ndk1::allocator<char>>, facebook::jsi::Function>, std::__ndk1::less<std::__ndk1::basic_string<char, std::__ndk1::char_traits<char>, std::__ndk1::allocator<char>>>, true>, std::__ndk1::allocator<std::__ndk1::__value_type<std::__ndk1::basic_string<char, std::__ndk1::char_traits<char>, std::__ndk1::allocator<char>>, facebook::jsi::Function>>>::~__tree()+36) (BuildId: a5860719700b671c6e944005d980b317d4862e34)
06-14 23:11:04.331 14749 14749 F DEBUG   :       #08 pc 00000000006534c4  /data/app/~~EwxWotzCGZ4FV83dQC-GNg==/com.arcfire.online-zZh_7I8O3suhv6p3umC5ig==/base.apk!librnskia.so (offset 0x414a000) (BuildId: a5860719700b671c6e944005d980b317d4862e34)
06-14 23:11:04.331 14749 14749 F DEBUG   :       #09 pc 000000000064f2b4  /data/app/~~EwxWotzCGZ4FV83dQC-GNg==/com.arcfire.online-zZh_7I8O3suhv6p3umC5ig==/base.apk!librnskia.so (offset 0x414a000) (RNJsi::RuntimeAwareCache<std::__ndk1::map<std::__ndk1::basic_string<char, std::__ndk1::char_traits<char>, std::__ndk1::allocator<char>>, facebook::jsi::Function, std::__ndk1::less<std::__ndk1::basic_string<char, std::__ndk1::char_traits<char>, std::__ndk1::allocator<char>>>, std::__ndk1::allocator<std::__ndk1::pair<std::__ndk1::basic_string<char, std::__ndk1::char_traits<char>, std::__ndk1::allocator<char>> const, facebook::jsi::Function>>>>::~RuntimeAwareCache()+240) (BuildId: a5860719700b671c6e944005d980b317d4862e34)
06-14 23:11:04.331 14749 14749 F DEBUG   :       #10 pc 000000000064f194  /data/app/~~EwxWotzCGZ4FV83dQC-GNg==/com.arcfire.online-zZh_7I8O3suhv6p3umC5ig==/base.apk!librnskia.so (offset 0x414a000) (RNJsi::JsiHostObject::~JsiHostObject()+44) (BuildId: a5860719700b671c6e944005d980b317d4862e34)
06-14 23:11:04.331 14749 14749 F DEBUG   :       #11 pc 00000000006a27d0  /data/app/~~EwxWotzCGZ4FV83dQC-GNg==/com.arcfire.online-zZh_7I8O3suhv6p3umC5ig==/base.apk!librnskia.so (offset 0x414a000) (RNSkia::JsiSkHostObject::~JsiSkHostObject()+52) (BuildId: a5860719700b671c6e944005d980b317d4862e34)
06-14 23:11:04.331 14749 14749 F DEBUG   :       #12 pc 00000000006a2780  /data/app/~~EwxWotzCGZ4FV83dQC-GNg==/com.arcfire.online-zZh_7I8O3suhv6p3umC5ig==/base.apk!librnskia.so (offset 0x414a000) (RNSkia::JsiSkWrappingHostObject<sk_sp<SkImage>>::~JsiSkWrappingHostObject()+52) (BuildId: a5860719700b671c6e944005d980b317d4862e34)
06-14 23:11:04.331 14749 14749 F DEBUG   :       #13 pc 00000000006a26b8  /data/app/~~EwxWotzCGZ4FV83dQC-GNg==/com.arcfire.online-zZh_7I8O3suhv6p3umC5ig==/base.apk!librnskia.so (offset 0x414a000) (RNSkia::JsiSkWrappingSkPtrHostObject<SkImage>::~JsiSkWrappingSkPtrHostObject()+20) (BuildId: a5860719700b671c6e944005d980b317d4862e34)
06-14 23:11:04.331 14749 14749 F DEBUG   :       #14 pc 00000000006a1e50  /data/app/~~EwxWotzCGZ4FV83dQC-GNg==/com.arcfire.online-zZh_7I8O3suhv6p3umC5ig==/base.apk!librnskia.so (offset 0x414a000) (RNSkia::JsiSkImage::~JsiSkImage()+20) (BuildId: a5860719700b671c6e944005d980b317d4862e34)
06-14 23:11:04.331 14749 14749 F DEBUG   :       #15 pc 00000000006a172c  /data/app/~~EwxWotzCGZ4FV83dQC-GNg==/com.arcfire.online-zZh_7I8O3suhv6p3umC5ig==/base.apk!librnskia.so (offset 0x414a000) (std::__ndk1::__shared_ptr_emplace<RNSkia::JsiSkImage, std::__ndk1::allocator<RNSkia::JsiSkImage>>::__on_zero_shared()+36) (BuildId: a5860719700b671c6e944005d980b317d4862e34)
06-14 23:11:04.331 14749 14749 F DEBUG   :       #16 pc 000000000061eb5c  /data/app/~~EwxWotzCGZ4FV83dQC-GNg==/com.arcfire.online-zZh_7I8O3suhv6p3umC5ig==/base.apk!librnskia.so (offset 0x414a000) (BuildId: a5860719700b671c6e944005d980b317d4862e34)
06-14 23:11:04.331 14749 14749 F DEBUG   :       #17 pc 000000000061eb00  /data/app/~~EwxWotzCGZ4FV83dQC-GNg==/com.arcfire.online-zZh_7I8O3suhv6p3umC5ig==/base.apk!librnskia.so (offset 0x414a000) (BuildId: a5860719700b671c6e944005d980b317d4862e34)
06-14 23:11:04.331 14749 14749 F DEBUG   :       #18 pc 00000000006211ac  /data/app/~~EwxWotzCGZ4FV83dQC-GNg==/com.arcfire.online-zZh_7I8O3suhv6p3umC5ig==/base.apk!librnskia.so (offset 0x414a000) (std::__ndk1::shared_ptr<facebook::jsi::HostObject>::~shared_ptr()+44) (BuildId: a5860719700b671c6e944005d980b317d4862e34)
06-14 23:11:04.331 14749 14749 F DEBUG   :       #19 pc 0000000000666dd4  /data/app/~~EwxWotzCGZ4FV83dQC-GNg==/com.arcfire.online-zZh_7I8O3suhv6p3umC5ig==/base.apk!librnskia.so (offset 0x414a000) (RNJsi::JsiValue::~JsiValue()+76) (BuildId: a5860719700b671c6e944005d980b317d4862e34)
06-14 23:11:04.331 14749 14749 F DEBUG   :       #20 pc 0000000000793534  /data/app/~~EwxWotzCGZ4FV83dQC-GNg==/com.arcfire.online-zZh_7I8O3suhv6p3umC5ig==/base.apk!librnskia.so (offset 0x414a000) (BuildId: a5860719700b671c6e944005d980b317d4862e34)
06-14 23:11:04.331 14749 14749 F DEBUG   :       #21 pc 00000000007934b0  /data/app/~~EwxWotzCGZ4FV83dQC-GNg==/com.arcfire.online-zZh_7I8O3suhv6p3umC5ig==/base.apk!librnskia.so (offset 0x414a000) (BuildId: a5860719700b671c6e944005d980b317d4862e34)
06-14 23:11:04.331 14749 14749 F DEBUG   :       #22 pc 0000000000793420  /data/app/~~EwxWotzCGZ4FV83dQC-GNg==/com.arcfire.online-zZh_7I8O3suhv6p3umC5ig==/base.apk!librnskia.so (offset 0x414a000) (BuildId: a5860719700b671c6e944005d980b317d4862e34)
06-14 23:11:04.331 14749 14749 F DEBUG   :       #23 pc 0000000000792e10  /data/app/~~EwxWotzCGZ4FV83dQC-GNg==/com.arcfire.online-zZh_7I8O3suhv6p3umC5ig==/base.apk!librnskia.so (offset 0x414a000) (RNSkia::NodeProp::~NodeProp()+68) (BuildId: a5860719700b671c6e944005d980b317d4862e34)
06-14 23:11:04.331 14749 14749 F DEBUG   :       #24 pc 00000000007927a8  /data/app/~~EwxWotzCGZ4FV83dQC-GNg==/com.arcfire.online-zZh_7I8O3suhv6p3umC5ig==/base.apk!librnskia.so (offset 0x414a000) (std::__ndk1::__shared_ptr_emplace<RNSkia::NodeProp, std::__ndk1::allocator<RNSkia::NodeProp>>::__on_zero_shared()+36) (BuildId: a5860719700b671c6e944005d980b317d4862e34)
06-14 23:11:04.331 14749 14749 F DEBUG   :       #25 pc 000000000061eb5c  /data/app/~~EwxWotzCGZ4FV83dQC-GNg==/com.arcfire.online-zZh_7I8O3suhv6p3umC5ig==/base.apk!librnskia.so (offset 0x414a000) (BuildId: a5860719700b671c6e944005d980b317d4862e34)
06-14 23:11:04.331 14749 14749 F DEBUG   :       #26 pc 000000000061eb00  /data/app/~~EwxWotzCGZ4FV83dQC-GNg==/com.arcfire.online-zZh_7I8O3suhv6p3umC5ig==/base.apk!librnskia.so (offset 0x414a000) (BuildId: a5860719700b671c6e944005d980b317d4862e34)
06-14 23:11:04.331 14749 14749 F DEBUG   :       #27 pc 0000000000786ce4  /data/app/~~EwxWotzCGZ4FV83dQC-GNg==/com.arcfire.online-zZh_7I8O3suhv6p3umC5ig==/base.apk!librnskia.so (offset 0x414a000) (std::__ndk1::shared_ptr<RNSkia::BaseNodeProp>::~shared_ptr()+44) (BuildId: a5860719700b671c6e944005d980b317d4862e34)
06-14 23:11:04.331 14749 14749 F DEBUG   :       #28 pc 0000000000786ca8  /data/app/~~EwxWotzCGZ4FV83dQC-GNg==/com.arcfire.online-zZh_7I8O3suhv6p3umC5ig==/base.apk!librnskia.so (offset 0x414a000) (BuildId: a5860719700b671c6e944005d980b317d4862e34)
06-14 23:11:04.331 14749 14749 F DEBUG   :       #29 pc 0000000000786c80  /data/app/~~EwxWotzCGZ4FV83dQC-GNg==/com.arcfire.online-zZh_7I8O3suhv6p3umC5ig==/base.apk!librnskia.so (offset 0x414a000) (void std::__ndk1::allocator_traits<std::__ndk1::allocator<std::__ndk1::shared_ptr<RNSkia::BaseNodeProp>>>::__destroy<std::__ndk1::shared_ptr<RNSkia::BaseNodeProp>>(std::__ndk1::integral_constant<bool, true>, std::__ndk1::allocator<std::__ndk1::shared_ptr<RNSkia::BaseNodeProp>>&, std::__ndk1::shared_ptr<RNSkia::BaseNodeProp>*)+32) (BuildId: a5860719700b671c6e944005d980b317d4862e34)
06-14 23:11:04.331 14749 14749 F DEBUG   :       #30 pc 0000000000786c14  /data/app/~~EwxWotzCGZ4FV83dQC-GNg==/com.arcfire.online-zZh_7I8O3suhv6p3umC5ig==/base.apk!librnskia.so (offset 0x414a000) (void std::__ndk1::allocator_traits<std::__ndk1::allocator<std::__ndk1::shared_ptr<RNSkia::BaseNodeProp>>>::destroy<std::__ndk1::shared_ptr<RNSkia::BaseNodeProp>>(std::__ndk1::allocator<std::__ndk1::shared_ptr<RNSkia::BaseNodeProp>>&, std::__ndk1::shared_ptr<RNSkia::BaseNodeProp>*)+32) (BuildId: a5860719700b671c6e944005d980b317d4862e34)
06-14 23:11:04.331 14749 14749 F DEBUG   :       #31 pc 0000000000786bcc  /data/app/~~EwxWotzCGZ4FV83dQC-GNg==/com.arcfire.online-zZh_7I8O3suhv6p3umC5ig==/base.apk!librnskia.so (offset 0x414a000) (BuildId: a5860719700b671c6e944005d980b317d4862e34)
06-14 23:11:04.331 14749 14749 F DEBUG   :       #32 pc 0000000000786aa0  /data/app/~~EwxWotzCGZ4FV83dQC-GNg==/com.arcfire.online-zZh_7I8O3suhv6p3umC5ig==/base.apk!librnskia.so (offset 0x414a000) (BuildId: a5860719700b671c6e944005d980b317d4862e34)
06-14 23:11:04.331 14749 14749 F DEBUG   :       #33 pc 0000000000790c64  /data/app/~~EwxWotzCGZ4FV83dQC-GNg==/com.arcfire.online-zZh_7I8O3suhv6p3umC5ig==/base.apk!librnskia.so (offset 0x414a000) (std::__ndk1::__vector_base<std::__ndk1::shared_ptr<RNSkia::BaseNodeProp>, std::__ndk1::allocator<std::__ndk1::shared_ptr<RNSkia::BaseNodeProp>>>::~__vector_base()+40) (BuildId: a5860719700b671c6e944005d980b317d4862e34)
06-14 23:11:04.331 14749 14749 F DEBUG   :       #34 pc 00000000007908fc  /data/app/~~EwxWotzCGZ4FV83dQC-GNg==/com.arcfire.online-zZh_7I8O3suhv6p3umC5ig==/base.apk!librnskia.so (offset 0x414a000) (BuildId: a5860719700b671c6e944005d980b317d4862e34)
06-14 23:11:04.331 14749 14749 F DEBUG   :       #35 pc 0000000000790944  /data/app/~~EwxWotzCGZ4FV83dQC-GNg==/com.arcfire.online-zZh_7I8O3suhv6p3umC5ig==/base.apk!librnskia.so (offset 0x414a000) (RNSkia::BaseDerivedProp::~BaseDerivedProp()+56) (BuildId: a5860719700b671c6e944005d980b317d4862e34)
06-14 23:11:04.331 14749 14749 F DEBUG   :       #36 pc 00000000007fa120  /data/app/~~EwxWotzCGZ4FV83dQC-GNg==/com.arcfire.online-zZh_7I8O3suhv6p3umC5ig==/base.apk!librnskia.so (offset 0x414a000) (RNSkia::DerivedSkProp<SkImage>::~DerivedSkProp()+52) (BuildId: a5860719700b671c6e944005d980b317d4862e34)
06-14 23:11:04.331 14749 14749 F DEBUG   :       #37 pc 00000000007f9bf0  /data/app/~~EwxWotzCGZ4FV83dQC-GNg==/com.arcfire.online-zZh_7I8O3suhv6p3umC5ig==/base.apk!librnskia.so (offset 0x414a000) (RNSkia::ImageProp::~ImageProp()+20) (BuildId: a5860719700b671c6e944005d980b317d4862e34)
06-14 23:11:04.331 14749 14749 F DEBUG   :       #38 pc 00000000007f97ec  /data/app/~~EwxWotzCGZ4FV83dQC-GNg==/com.arcfire.online-zZh_7I8O3suhv6p3umC5ig==/base.apk!librnskia.so (offset 0x414a000) (std::__ndk1::__shared_ptr_emplace<RNSkia::ImageProp, std::__ndk1::allocator<RNSkia::ImageProp>>::__on_zero_shared()+36) (BuildId: a5860719700b671c6e944005d980b317d4862e34)
06-14 23:11:04.331 14749 14749 F DEBUG   :       #39 pc 000000000061eb5c  /data/app/~~EwxWotzCGZ4FV83dQC-GNg==/com.arcfire.online-zZh_7I8O3suhv6p3umC5ig==/base.apk!librnskia.so (offset 0x414a000) (BuildId: a5860719700b671c6e944005d980b317d4862e34)
06-14 23:11:04.331 14749 14749 F DEBUG   :       #40 pc 000000000061eb00  /data/app/~~EwxWotzCGZ4FV83dQC-GNg==/com.arcfire.online-zZh_7I8O3suhv6p3umC5ig==/base.apk!librnskia.so (offset 0x414a000) (BuildId: a5860719700b671c6e944005d980b317d4862e34)
06-14 23:11:04.331 14749 14749 F DEBUG   :       #41 pc 0000000000786ce4  /data/app/~~EwxWotzCGZ4FV83dQC-GNg==/com.arcfire.online-zZh_7I8O3suhv6p3umC5ig==/base.apk!librnskia.so (offset 0x414a000) (std::__ndk1::shared_ptr<RNSkia::BaseNodeProp>::~shared_ptr()+44) (BuildId: a5860719700b671c6e944005d980b317d4862e34)
06-14 23:11:04.332 14749 14749 F DEBUG   :       #42 pc 0000000000786ca8  /data/app/~~EwxWotzCGZ4FV83dQC-GNg==/com.arcfire.online-zZh_7I8O3suhv6p3umC5ig==/base.apk!librnskia.so (offset 0x414a000) (BuildId: a5860719700b671c6e944005d980b317d4862e34)
06-14 23:11:04.332 14749 14749 F DEBUG   :       #43 pc 0000000000786c80  /data/app/~~EwxWotzCGZ4FV83dQC-GNg==/com.arcfire.online-zZh_7I8O3suhv6p3umC5ig==/base.apk!librnskia.so (offset 0x414a000) (void std::__ndk1::allocator_traits<std::__ndk1::allocator<std::__ndk1::shared_ptr<RNSkia::BaseNodeProp>>>::__destroy<std::__ndk1::shared_ptr<RNSkia::BaseNodeProp>>(std::__ndk1::integral_constant<bool, true>, std::__ndk1::allocator<std::__ndk1::shared_ptr<RNSkia::BaseNodeProp>>&, std::__ndk1::shared_ptr<RNSkia::BaseNodeProp>*)+32) (BuildId: a5860719700b671c6e944005d980b317d4862e34)
06-14 23:11:04.332 14749 14749 F DEBUG   :       #44 pc 0000000000786c14  /data/app/~~EwxWotzCGZ4FV83dQC-GNg==/com.arcfire.online-zZh_7I8O3suhv6p3umC5ig==/base.apk!librnskia.so (offset 0x414a000) (void std::__ndk1::allocator_traits<std::__ndk1::allocator<std::__ndk1::shared_ptr<RNSkia::BaseNodeProp>>>::destroy<std::__ndk1::shared_ptr<RNSkia::BaseNodeProp>>(std::__ndk1::allocator<std::__ndk1::shared_ptr<RNSkia::BaseNodeProp>>&, std::__ndk1::shared_ptr<RNSkia::BaseNodeProp>*)+32) (BuildId: a5860719700b671c6e944005d980b317d4862e34)
06-14 23:11:04.332 14749 14749 F DEBUG   :       #45 pc 0000000000786bcc  /data/app/~~EwxWotzCGZ4FV83dQC-GNg==/com.arcfire.online-zZh_7I8O3suhv6p3umC5ig==/base.apk!librnskia.so (offset 0x414a000) (BuildId: a5860719700b671c6e944005d980b317d4862e34)
06-14 23:11:04.332 14749 14749 F DEBUG   :       #46 pc 0000000000786aa0  /data/app/~~EwxWotzCGZ4FV83dQC-GNg==/com.arcfire.online-zZh_7I8O3suhv6p3umC5ig==/base.apk!librnskia.so (offset 0x414a000) (BuildId: a5860719700b671c6e944005d980b317d4862e34)
06-14 23:11:04.332 14749 14749 F DEBUG   :       #47 pc 0000000000790c64  /data/app/~~EwxWotzCGZ4FV83dQC-GNg==/com.arcfire.online-zZh_7I8O3suhv6p3umC5ig==/base.apk!librnskia.so (offset 0x414a000) (std::__ndk1::__vector_base<std::__ndk1::shared_ptr<RNSkia::BaseNodeProp>, std::__ndk1::allocator<std::__ndk1::shared_ptr<RNSkia::BaseNodeProp>>>::~__vector_base()+40) (BuildId: a5860719700b671c6e944005d980b317d4862e34)
06-14 23:11:04.332 14749 14749 F DEBUG   :       #48 pc 00000000007908fc  /data/app/~~EwxWotzCGZ4FV83dQC-GNg==/com.arcfire.online-zZh_7I8O3suhv6p3umC5ig==/base.apk!librnskia.so (offset 0x414a000) (BuildId: a5860719700b671c6e944005d980b317d4862e34)
06-14 23:11:04.332 14749 14749 F DEBUG   :       #49 pc 0000000000790944  /data/app/~~EwxWotzCGZ4FV83dQC-GNg==/com.arcfire.online-zZh_7I8O3suhv6p3umC5ig==/base.apk!librnskia.so (offset 0x414a000) (RNSkia::BaseDerivedProp::~BaseDerivedProp()+56) (BuildId: a5860719700b671c6e944005d980b317d4862e34)
06-14 23:11:04.332 14749 14749 F DEBUG   :       #50 pc 00000000007f8f5c  /data/app/~~EwxWotzCGZ4FV83dQC-GNg==/com.arcfire.online-zZh_7I8O3suhv6p3umC5ig==/base.apk!librnskia.so (offset 0x414a000) (RNSkia::DerivedProp<RNSkia::FitRects>::~DerivedProp()+52) (BuildId: a5860719700b671c6e944005d980b317d4862e34)
06-14 23:11:04.332 14749 14749 F DEBUG   :       #51 pc 00000000007f8b98  /data/app/~~EwxWotzCGZ4FV83dQC-GNg==/com.arcfire.online-zZh_7I8O3suhv6p3umC5ig==/base.apk!librnskia.so (offset 0x414a000) (RNSkia::ImageProps::~ImageProps()+20) (BuildId: a5860719700b671c6e944005d980b317d4862e34)
06-14 23:11:04.332 14749 14749 F DEBUG   :       #52 pc 00000000007f85d8  /data/app/~~EwxWotzCGZ4FV83dQC-GNg==/com.arcfire.online-zZh_7I8O3suhv6p3umC5ig==/base.apk!librnskia.so (offset 0x414a000) (std::__ndk1::__shared_ptr_emplace<RNSkia::ImageProps, std::__ndk1::allocator<RNSkia::ImageProps>>::__on_zero_shared()+36) (BuildId: a5860719700b671c6e944005d980b317d4862e34)
06-14 23:11:04.332 14749 14749 F DEBUG   :       #53 pc 000000000061eb5c  /data/app/~~EwxWotzCGZ4FV83dQC-GNg==/com.arcfire.online-zZh_7I8O3suhv6p3umC5ig==/base.apk!librnskia.so (offset 0x414a000) (BuildId: a5860719700b671c6e944005d980b317d4862e34)
06-14 23:11:04.332 14749 14749 F DEBUG   :       #54 pc 000000000061eb00  /data/app/~~EwxWotzCGZ4FV83dQC-GNg==/com.arcfire.online-zZh_7I8O3suhv6p3umC5ig==/base.apk!librnskia.so (offset 0x414a000) (BuildId: a5860719700b671c6e944005d980b317d4862e34)
06-14 23:11:04.332 14749 14749 F DEBUG   :       #55 pc 0000000000786ce4  /data/app/~~EwxWotzCGZ4FV83dQC-GNg==/com.arcfire.online-zZh_7I8O3suhv6p3umC5ig==/base.apk!librnskia.so (offset 0x414a000) (std::__ndk1::shared_ptr<RNSkia::BaseNodeProp>::~shared_ptr()+44) (BuildId: a5860719700b671c6e944005d980b317d4862e34)
06-14 23:11:04.332 14749 14749 F DEBUG   :       #56 pc 0000000000786ca8  /data/app/~~EwxWotzCGZ4FV83dQC-GNg==/com.arcfire.online-zZh_7I8O3suhv6p3umC5ig==/base.apk!librnskia.so (offset 0x414a000) (BuildId: a5860719700b671c6e944005d980b317d4862e34)
06-14 23:11:04.332 14749 14749 F DEBUG   :       #57 pc 0000000000786c80  /data/app/~~EwxWotzCGZ4FV83dQC-GNg==/com.arcfire.online-zZh_7I8O3suhv6p3umC5ig==/base.apk!librnskia.so (offset 0x414a000) (void std::__ndk1::allocator_traits<std::__ndk1::allocator<std::__ndk1::shared_ptr<RNSkia::BaseNodeProp>>>::__destroy<std::__ndk1::shared_ptr<RNSkia::BaseNodeProp>>(std::__ndk1::integral_constant<bool, true>, std::__ndk1::allocator<std::__ndk1::shared_ptr<RNSkia::BaseNodeProp>>&, std::__ndk1::shared_ptr<RNSkia::BaseNodeProp>*)+32) (BuildId: a5860719700b671c6e944005d980b317d4862e34)
06-14 23:11:04.332 14749 14749 F DEBUG   :       #58 pc 0000000000786c14  /data/app/~~EwxWotzCGZ4FV83dQC-GNg==/com.arcfire.online-zZh_7I8O3suhv6p3umC5ig==/base.apk!librnskia.so (offset 0x414a000) (void std::__ndk1::allocator_traits<std::__ndk1::allocator<std::__ndk1::shared_ptr<RNSkia::BaseNodeProp>>>::destroy<std::__ndk1::shared_ptr<RNSkia::BaseNodeProp>>(std::__ndk1::allocator<std::__ndk1::shared_ptr<RNSkia::BaseNodeProp>>&, std::__ndk1::shared_ptr<RNSkia::BaseNodeProp>*)+32) (BuildId: a5860719700b671c6e944005d980b317d4862e34)
06-14 23:11:04.332 14749 14749 F DEBUG   :       #59 pc 0000000000786bcc  /data/app/~~EwxWotzCGZ4FV83dQC-GNg==/com.arcfire.online-zZh_7I8O3suhv6p3umC5ig==/base.apk!librnskia.so (offset 0x414a000) (BuildId: a5860719700b671c6e944005d980b317d4862e34)
06-14 23:11:04.332 14749 14749 F DEBUG   :       #60 pc 0000000000786aa0  /data/app/~~EwxWotzCGZ4FV83dQC-GNg==/com.arcfire.online-zZh_7I8O3suhv6p3umC5ig==/base.apk!librnskia.so (offset 0x414a000) (BuildId: a5860719700b671c6e944005d980b317d4862e34)
06-14 23:11:04.332 14749 14749 F DEBUG   :       #61 pc 0000000000786a10  /data/app/~~EwxWotzCGZ4FV83dQC-GNg==/com.arcfire.online-zZh_7I8O3suhv6p3umC5ig==/base.apk!librnskia.so (offset 0x414a000) (BuildId: a5860719700b671c6e944005d980b317d4862e34)
06-14 23:11:04.332 14749 14749 F DEBUG   :       #62 pc 00000000007866b8  /data/app/~~EwxWotzCGZ4FV83dQC-GNg==/com.arcfire.online-zZh_7I8O3suhv6p3umC5ig==/base.apk!librnskia.so (offset 0x414a000) (RNSkia::NodePropsContainer::dispose()+64) (BuildId: a5860719700b671c6e944005d980b317d4862e34)
06-14 23:11:04.332 14749 14749 F DEBUG   :       #63 pc 0000000000786138  /data/app/~~EwxWotzCGZ4FV83dQC-GNg==/com.arcfire.online-zZh_7I8O3suhv6p3umC5ig==/base.apk!librnskia.so (offset 0x414a000) (RNSkia::JsiDomNode::invalidate()+200) (BuildId: a5860719700b671c6e944005d980b317d4862e34)
06-14 23:11:04.332 14749 14749 F DEBUG   :       #64 pc 00000000007850f4  /data/app/~~EwxWotzCGZ4FV83dQC-GNg==/com.arcfire.online-zZh_7I8O3suhv6p3umC5ig==/base.apk!librnskia.so (offset 0x414a000) (RNSkia::JsiDomNode::dispose(bool)+92) (BuildId: a5860719700b671c6e944005d980b317d4862e34)
06-14 23:11:04.332 14749 14749 F DEBUG   :       #65 pc 0000000000783d7c  /data/app/~~EwxWotzCGZ4FV83dQC-GNg==/com.arcfire.online-zZh_7I8O3suhv6p3umC5ig==/base.apk!librnskia.so (offset 0x414a000) (RNSkia::JsiDomRenderNode::dispose(bool)+44) (BuildId: a5860719700b671c6e944005d980b317d4862e34)
06-14 23:11:04.332 14749 14749 F DEBUG   :       #66 pc 0000000000786274  /data/app/~~EwxWotzCGZ4FV83dQC-GNg==/com.arcfire.online-zZh_7I8O3suhv6p3umC5ig==/base.apk!librnskia.so (offset 0x414a000) (RNSkia::JsiDomNode::invalidate()+516) (BuildId: a5860719700b671c6e944005d980b317d4862e34)
06-14 23:11:04.332 14749 14749 F DEBUG   :       #67 pc 00000000007850f4  /data/app/~~EwxWotzCGZ4FV83dQC-GNg==/com.arcfire.online-zZh_7I8O3suhv6p3umC5ig==/base.apk!librnskia.so (offset 0x414a000) (RNSkia::JsiDomNode::dispose(bool)+92) (BuildId: a5860719700b671c6e944005d980b317d4862e34)
06-14 23:11:04.332 14749 14749 F DEBUG   :       #68 pc 0000000000783d7c  /data/app/~~EwxWotzCGZ4FV83dQC-GNg==/com.arcfire.online-zZh_7I8O3suhv6p3umC5ig==/base.apk!librnskia.so (offset 0x414a000) (RNSkia::JsiDomRenderNode::dispose(bool)+44) (BuildId: a5860719700b671c6e944005d980b317d4862e34)
06-14 23:11:04.332 14749 14749 F DEBUG   :       #69 pc 00000000008e835c  /data/app/~~EwxWotzCGZ4FV83dQC-GNg==/com.arcfire.online-zZh_7I8O3suhv6p3umC5ig==/base.apk!librnskia.so (offset 0x414a000) (RNSkia::RNSkDomRenderer::~RNSkDomRenderer()+96) (BuildId: a5860719700b671c6e944005d980b317d4862e34)
06-14 23:11:04.332 14749 14749 F DEBUG   :       #70 pc 0000000000630cb8  /data/app/~~EwxWotzCGZ4FV83dQC-GNg==/com.arcfire.online-zZh_7I8O3suhv6p3umC5ig==/base.apk!librnskia.so (offset 0x414a000) (std::__ndk1::__shared_ptr_emplace<RNSkia::RNSkDomRenderer, std::__ndk1::allocator<RNSkia::RNSkDomRenderer>>::__on_zero_shared()+28) (BuildId: a5860719700b671c6e944005d980b317d4862e34)
06-14 23:11:04.332 14749 14749 F DEBUG   :       #71 pc 000000000061eb5c  /data/app/~~EwxWotzCGZ4FV83dQC-GNg==/com.arcfire.online-zZh_7I8O3suhv6p3umC5ig==/base.apk!librnskia.so (offset 0x414a000) (BuildId: a5860719700b671c6e944005d980b317d4862e34)
06-14 23:11:04.332 14749 14749 F DEBUG   :       #72 pc 000000000061eb00  /data/app/~~EwxWotzCGZ4FV83dQC-GNg==/com.arcfire.online-zZh_7I8O3suhv6p3umC5ig==/base.apk!librnskia.so (offset 0x414a000) (BuildId: a5860719700b671c6e944005d980b317d4862e34)
06-14 23:11:04.332 14749 14749 F DEBUG   :       #73 pc 0000000000619fcc  /data/app/~~EwxWotzCGZ4FV83dQC-GNg==/com.arcfire.online-zZh_7I8O3suhv6p3umC5ig==/base.apk!librnskia.so (offset 0x414a000) (std::__ndk1::shared_ptr<RNSkia::RNSkRenderer>::~shared_ptr()+44) (BuildId: a5860719700b671c6e944005d980b317d4862e34)
06-14 23:11:04.332 14749 14749 F DEBUG   :       #74 pc 000000000061f3e0  /data/app/~~EwxWotzCGZ4FV83dQC-GNg==/com.arcfire.online-zZh_7I8O3suhv6p3umC5ig==/base.apk!librnskia.so (offset 0x414a000) (RNSkia::RNSkView::~RNSkView()+56) (BuildId: a5860719700b671c6e944005d980b317d4862e34)
06-14 23:11:04.332 14749 14749 F DEBUG   :       #75 pc 000000000063054c  /data/app/~~EwxWotzCGZ4FV83dQC-GNg==/com.arcfire.online-zZh_7I8O3suhv6p3umC5ig==/base.apk!librnskia.so (offset 0x414a000) (RNSkia::RNSkDomView::~RNSkDomView()+20) (BuildId: a5860719700b671c6e944005d980b317d4862e34)
06-14 23:11:04.332 14749 14749 F DEBUG   :       #76 pc 000000000062d790  /data/app/~~EwxWotzCGZ4FV83dQC-GNg==/com.arcfire.online-zZh_7I8O3suhv6p3umC5ig==/base.apk!librnskia.so (offset 0x414a000) (RNSkia::RNSkAndroidView<RNSkia::RNSkDomView>::~RNSkAndroidView()+20) (BuildId: a5860719700b671c6e944005d980b317d4862e34)
06-14 23:11:04.332 14749 14749 F DEBUG   :       #77 pc 000000000062d038  /data/app/~~EwxWotzCGZ4FV83dQC-GNg==/com.arcfire.online-zZh_7I8O3suhv6p3umC5ig==/base.apk!librnskia.so (offset 0x414a000) (std::__ndk1::__shared_ptr_emplace<RNSkia::RNSkAndroidView<RNSkia::RNSkDomView>, std::__ndk1::allocator<RNSkia::RNSkAndroidView<RNSkia::RNSkDomView>>>::__on_zero_shared()+36) (BuildId: a5860719700b671c6e944005d980b317d4862e34)
06-14 23:11:04.332 14749 14749 F DEBUG   :       #78 pc 000000000061eb5c  /data/app/~~EwxWotzCGZ4FV83dQC-GNg==/com.arcfire.online-zZh_7I8O3suhv6p3umC5ig==/base.apk!librnskia.so (offset 0x414a000) (BuildId: a5860719700b671c6e944005d980b317d4862e34)
06-14 23:11:04.332 14749 14749 F DEBUG   :       #79 pc 000000000061eb00  /data/app/~~EwxWotzCGZ4FV83dQC-GNg==/com.arcfire.online-zZh_7I8O3suhv6p3umC5ig==/base.apk!librnskia.so (offset 0x414a000) (BuildId: a5860719700b671c6e944005d980b317d4862e34)
06-14 23:11:04.332 14749 14749 F DEBUG   :       #80 pc 0000000000614a3c  /data/app/~~EwxWotzCGZ4FV83dQC-GNg==/com.arcfire.online-zZh_7I8O3suhv6p3umC5ig==/base.apk!librnskia.so (offset 0x414a000) (std::__ndk1::shared_ptr<RNSkia::RNSkBaseAndroidView>::~shared_ptr()+44) (BuildId: a5860719700b671c6e944005d980b317d4862e34)
06-14 23:11:04.332 14749 14749 F DEBUG   :       #81 pc 00000000006292dc  /data/app/~~EwxWotzCGZ4FV83dQC-GNg==/com.arcfire.online-zZh_7I8O3suhv6p3umC5ig==/base.apk!librnskia.so (offset 0x414a000) (RNSkia::JniSkiaBaseView::~JniSkiaBaseView()+40) (BuildId: a5860719700b671c6e944005d980b317d4862e34)
06-14 23:11:04.332 14749 14749 F DEBUG   :       #82 pc 000000000062c5fc  /data/app/~~EwxWotzCGZ4FV83dQC-GNg==/com.arcfire.online-zZh_7I8O3suhv6p3umC5ig==/base.apk!librnskia.so (offset 0x414a000) (RNSkia::JniSkiaDomView::~JniSkiaDomView()+64) (BuildId: a5860719700b671c6e944005d980b317d4862e34)
06-14 23:11:04.332 14749 14749 F DEBUG   :       #83 pc 000000000062c62c  /data/app/~~EwxWotzCGZ4FV83dQC-GNg==/com.arcfire.online-zZh_7I8O3suhv6p3umC5ig==/base.apk!librnskia.so (offset 0x414a000) (RNSkia::JniSkiaDomView::~JniSkiaDomView()+24) (BuildId: a5860719700b671c6e944005d980b317d4862e34)
06-14 23:11:04.332 14749 14749 F DEBUG   :       #84 pc 00000000000215c8  /data/app/~~EwxWotzCGZ4FV83dQC-GNg==/com.arcfire.online-zZh_7I8O3suhv6p3umC5ig==/base.apk!libfbjni.so (offset 0x1e10000) (BuildId: a22242831a7971267de570e06121acb588ce64cd)
06-14 23:11:04.332 14749 14749 F DEBUG   :       #85 pc 0000000000552694  [anon_shmem:dalvik-jit-code-cache] (offset 0x2000000) (art_jni_trampoline+132)
06-14 23:11:04.332 14749 14749 F DEBUG   :       #86 pc 00000000008b9800  [anon_shmem:dalvik-jit-code-cache] (offset 0x2000000) (com.facebook.jni.HybridData$Destructor.destruct+128)
06-14 23:11:04.332 14749 14749 F DEBUG   :       #87 pc 0000000000298f94  /apex/com.android.art/lib64/libart.so (art_quick_invoke_stub+612) (BuildId: 1f156fc62660d075a8d675db850b95d5)
06-14 23:11:04.332 14749 14749 F DEBUG   :       #88 pc 000000000087ba64  /apex/com.android.art/lib64/libart.so (bool art::interpreter::DoCall<false>(art::ArtMethod*, art::Thread*, art::ShadowFrame&, art::Instruction const*, unsigned short, bool, art::JValue*)+1620) (BuildId: 1f156fc62660d075a8d675db850b95d5)
06-14 23:11:04.332 14749 14749 F DEBUG   :       #89 pc 00000000006fda90  /apex/com.android.art/lib64/libart.so (void art::interpreter::ExecuteSwitchImplCpp<false>(art::interpreter::SwitchImplContext*)+580) (BuildId: 1f156fc62660d075a8d675db850b95d5)
06-14 23:11:04.332 14749 14749 F DEBUG   :       #90 pc 00000000002fcc98  /apex/com.android.art/lib64/libart.so (ExecuteSwitchImplAsm+8) (BuildId: 1f156fc62660d075a8d675db850b95d5)
06-14 23:11:04.332 14749 14749 F DEBUG   :       #91 pc 0000000000424ef4  [anon:dalvik-classes.dex extracte....arcfire.online-zZh_7I8O3suhv6p3umC5ig==/base.apk] (com.facebook.jni.HybridData.resetNative+0)
06-14 23:11:04.332 14749 14749 F DEBUG   :       #92 pc 000000000087bd10  /apex/com.android.art/lib64/libart.so (bool art::interpreter::DoCall<false>(art::ArtMethod*, art::Thread*, art::ShadowFrame&, art::Instruction const*, unsigned short, bool, art::JValue*)+2304) (BuildId: 1f156fc62660d075a8d675db850b95d5)
06-14 23:11:04.332 14749 14749 F DEBUG   :       #93 pc 00000000006fda90  /apex/com.android.art/lib64/libart.so (void art::interpreter::ExecuteSwitchImplCpp<false>(art::interpreter::SwitchImplContext*)+580) (BuildId: 1f156fc62660d075a8d675db850b95d5)
06-14 23:11:04.332 14749 14749 F DEBUG   :       #94 pc 00000000002fcc98  /apex/com.android.art/lib64/libart.so (ExecuteSwitchImplAsm+8) (BuildId: 1f156fc62660d075a8d675db850b95d5)
06-14 23:11:04.332 14749 14749 F DEBUG   :       #95 pc 0000000000083a18  [anon:dalvik-classes2.dex extract....arcfire.online-zZh_7I8O3suhv6p3umC5ig==/base.apk] (com.shopify.reactnative.skia.SkiaDomView.finalize+0)
06-14 23:11:04.332 14749 14749 F DEBUG   :       #96 pc 00000000002fc8d0  /apex/com.android.art/lib64/libart.so (art::interpreter::Execute(art::Thread*, art::CodeItemDataAccessor const&, art::ShadowFrame&, art::JValue, bool, bool) (.__uniq.112435418011751916792819755956732575238.llvm.6848007882488385806)+360) (BuildId: 1f156fc62660d075a8d675db850b95d5)
06-14 23:11:04.334 14749 14749 F DEBUG   :       #97 pc 00000000002fc254  /apex/com.android.art/lib64/libart.so (artQuickToInterpreterBridge+916) (BuildId: 1f156fc62660d075a8d675db850b95d5)
06-14 23:11:04.334 14749 14749 F DEBUG   :       #98 pc 00000000002b04d8  /apex/com.android.art/lib64/libart.so (art_quick_to_interpreter_bridge+88) (BuildId: 1f156fc62660d075a8d675db850b95d5)
06-14 23:11:04.334 14749 14749 F DEBUG   :       #99 pc 00000000005cf470  [anon_shmem:dalvik-jit-code-cache] (offset 0x2000000) (java.lang.Daemons$FinalizerDaemon.doFinalize+208)
06-14 23:11:04.334 14749 14749 F DEBUG   :       #100 pc 00000000005cec14  [anon_shmem:dalvik-jit-code-cache] (offset 0x2000000) (java.lang.Daemons$FinalizerDaemon.processReference+500)
06-14 23:11:04.334 14749 14749 F DEBUG   :       #101 pc 0000000000298f94  /apex/com.android.art/lib64/libart.so (art_quick_invoke_stub+612) (BuildId: 1f156fc62660d075a8d675db850b95d5)
06-14 23:11:04.334 14749 14749 F DEBUG   :       #102 pc 000000000087ba64  /apex/com.android.art/lib64/libart.so (bool art::interpreter::DoCall<false>(art::ArtMethod*, art::Thread*, art::ShadowFrame&, art::Instruction const*, unsigned short, bool, art::JValue*)+1620) (BuildId: 1f156fc62660d075a8d675db850b95d5)
06-14 23:11:04.334 14749 14749 F DEBUG   :       #103 pc 00000000006fd968  /apex/com.android.art/lib64/libart.so (void art::interpreter::ExecuteSwitchImplCpp<false>(art::interpreter::SwitchImplContext*)+284) (BuildId: 1f156fc62660d075a8d675db850b95d5)
06-14 23:11:04.334 14749 14749 F DEBUG   :       #104 pc 00000000002fcc98  /apex/com.android.art/lib64/libart.so (ExecuteSwitchImplAsm+8) (BuildId: 1f156fc62660d075a8d675db850b95d5)
06-14 23:11:04.334 14749 14749 F DEBUG   :       #105 pc 000000000002ef2c  /apex/com.android.art/javalib/core-libart.jar (java.lang.Daemons$FinalizerDaemon.runInternal+0)
06-14 23:11:04.334 14749 14749 F DEBUG   :       #106 pc 000000000087bd10  /apex/com.android.art/lib64/libart.so (bool art::interpreter::DoCall<false>(art::ArtMethod*, art::Thread*, art::ShadowFrame&, art::Instruction const*, unsigned short, bool, art::JValue*)+2304) (BuildId: 1f156fc62660d075a8d675db850b95d5)
06-14 23:11:04.334 14749 14749 F DEBUG   :       #107 pc 00000000006fda90  /apex/com.android.art/lib64/libart.so (void art::interpreter::ExecuteSwitchImplCpp<false>(art::interpreter::SwitchImplContext*)+580) (BuildId: 1f156fc62660d075a8d675db850b95d5)
06-14 23:11:04.334 14749 14749 F DEBUG   :       #108 pc 00000000002fcc98  /apex/com.android.art/lib64/libart.so (ExecuteSwitchImplAsm+8) (BuildId: 1f156fc62660d075a8d675db850b95d5)
06-14 23:11:04.334 14749 14749 F DEBUG   :       #109 pc 000000000002eb58  /apex/com.android.art/javalib/core-libart.jar (java.lang.Daemons$Daemon.run+0)
06-14 23:11:04.334 14749 14749 F DEBUG   :       #110 pc 000000000087bd10  /apex/com.android.art/lib64/libart.so (bool art::interpreter::DoCall<false>(art::ArtMethod*, art::Thread*, art::ShadowFrame&, art::Instruction const*, unsigned short, bool, art::JValue*)+2304) (BuildId: 1f156fc62660d075a8d675db850b95d5)
06-14 23:11:04.334 14749 14749 F DEBUG   :       #111 pc 00000000006fde94  /apex/com.android.art/lib64/libart.so (void art::interpreter::ExecuteSwitchImplCpp<false>(art::interpreter::SwitchImplContext*)+1608) (BuildId: 1f156fc62660d075a8d675db850b95d5)
06-14 23:11:04.334 14749 14749 F DEBUG   :       #112 pc 00000000002fcc98  /apex/com.android.art/lib64/libart.so (ExecuteSwitchImplAsm+8) (BuildId: 1f156fc62660d075a8d675db850b95d5)
06-14 23:11:04.334 14749 14749 F DEBUG   :       #113 pc 000000000011e1a0  /apex/com.android.art/javalib/core-oj.jar (java.lang.Thread.run+0)
06-14 23:11:04.334 14749 14749 F DEBUG   :       #114 pc 00000000002fc8d0  /apex/com.android.art/lib64/libart.so (art::interpreter::Execute(art::Thread*, art::CodeItemDataAccessor const&, art::ShadowFrame&, art::JValue, bool, bool) (.__uniq.112435418011751916792819755956732575238.llvm.6848007882488385806)+360) (BuildId: 1f156fc62660d075a8d675db850b95d5)
06-14 23:11:04.334 14749 14749 F DEBUG   :       #115 pc 00000000002fc254  /apex/com.android.art/lib64/libart.so (artQuickToInterpreterBridge+916) (BuildId: 1f156fc62660d075a8d675db850b95d5)
06-14 23:11:04.334 14749 14749 F DEBUG   :       #116 pc 00000000002b04d8  /apex/com.android.art/lib64/libart.so (art_quick_to_interpreter_bridge+88) (BuildId: 1f156fc62660d075a8d675db850b95d5)
06-14 23:11:04.334 14749 14749 F DEBUG   :       #117 pc 0000000000298f94  /apex/com.android.art/lib64/libart.so (art_quick_invoke_stub+612) (BuildId: 1f156fc62660d075a8d675db850b95d5)
06-14 23:11:04.334 14749 14749 F DEBUG   :       #118 pc 000000000029738c  /apex/com.android.art/lib64/libart.so (art::ArtMethod::Invoke(art::Thread*, unsigned int*, unsigned int, art::JValue*, char const*)+148) (BuildId: 1f156fc62660d075a8d675db850b95d5)
06-14 23:11:04.334 14749 14749 F DEBUG   :       #119 pc 00000000004d5fd0  /apex/com.android.art/lib64/libart.so (art::Thread::CreateCallback(void*)+1384) (BuildId: 1f156fc62660d075a8d675db850b95d5)
06-14 23:11:04.334 14749 14749 F DEBUG   :       #120 pc 00000000004d5a54  /apex/com.android.art/lib64/libart.so (art::Thread::CreateCallbackWithUffdGc(void*)+12) (BuildId: 1f156fc62660d075a8d675db850b95d5)
06-14 23:11:04.334 14749 14749 F DEBUG   :       #121 pc 0000000000080f8c  /apex/com.android.runtime/lib64/bionic/libc.so (__pthread_start(void*)+236) (BuildId: 8ff701fa7a74a8ad475206062b5b72aa)
06-14 23:11:04.334 14749 14749 F DEBUG   :       #122 pc 00000000000737f0  /apex/com.android.runtime/lib64/bionic/libc.so (__start_thread+64) (BuildId: 8ff701fa7a74a8ad475206062b5b72aa)
06-15 00:47:00.122 18596 18596 E libc    : SetHeapTaggingLevel: re-enabling tagging after it was disabled is not supported
06-15 02:09:38.223 14783 15528 E ReactNativeJS: ReferenceError: Property 'useImage' doesn't exist
06-15 02:09:38.223 14783 15528 E ReactNativeJS: 
06-15 02:09:38.223 14783 15528 E ReactNativeJS: This error is located at:
06-15 02:09:38.223 14783 15528 E ReactNativeJS:     in PlanetHubInboundDroneSkiaTrailLayer (created by PlanetHubInboundDroneLayer)
06-15 02:09:38.223 14783 15528 E ReactNativeJS:     in RCTView (created by View)
06-15 02:09:38.223 14783 15528 E ReactNativeJS:     in View (created by PlanetHubInboundDroneLayer)
06-15 02:09:38.223 14783 15528 E ReactNativeJS:     in PlanetHubInboundDroneLayer (created by PlanetStageBackground)
06-15 02:09:38.223 14783 15528 E ReactNativeJS:     in RCTView (created by View)
06-15 02:09:38.223 14783 15528 E ReactNativeJS:     in View (created by PlanetStageBackground)
06-15 02:09:38.223 14783 15528 E ReactNativeJS:     in RCTView (created by View)
06-15 02:09:38.223 14783 15528 E ReactNativeJS:     in View (created by PlanetStageBackground)
06-15 02:09:38.223 14783 15528 E ReactNativeJS:     in RCTView (created by View)
06-15 02:09:38.223 14783 15528 E ReactNativeJS:     in View (created by PlanetStageBackground)
06-15 02:09:38.223 14783 15528 E ReactNativeJS:     in RCTView (created by View)
06-15 02:09:38.223 14783 15528 E ReactNativeJS:     in View (created by PlanetStageBackground)
06-15 02:09:38.223 14783 15528 E ReactNativeJS:     in RCTView (created by View)
06-15 02:09:38.223 14783 15528 E ReactNativeJS:     in View (created by PlanetStageBackground)
06-15 02:09:38.223 14783 15528 E ReactNativeJS:     in RCTView (created by View)
06-15 02:09:38.223 14783 15528 E ReactNativeJS:     in View (created by PlanetStageBackground)
06-15 02:09:38.223 14783 15528 E ReactNativeJS:     in PlanetStageBackground (created by PlanetScreen)
06-15 02:09:38.223 14783 15528 E ReactNativeJS:     in RCTView (created by View)
06-15 02:09:38.223 14783 15528 E ReactNativeJS:     in View (created by StageShellInner)
06-15 02:09:38.223 14783 15528 E ReactNativeJS:     in RCTView (created by View)
06-15 02:09:38.223 14783 15528 E ReactNativeJS:     in View (created by StageShellInner)
06-15 02:09:38.223 14783 15528 E ReactNativeJS:     in RNCSafeAreaView
06-15 02:09:38.223 14783 15528 E ReactNativeJS:     in Unknown (created by StageShellInner)
06-15 02:09:38.223 14783 15528 E ReactNativeJS:     in StageShellInner (created by PlanetScreen)
06-15 02:09:38.223 14783 15528 E ReactNativeJS:     in PlanetCapitalCombatRoot (created by PlanetScreen)
06-15 02:09:38.223 14783 15528 E ReactNativeJS:     in PlanetScreen
06-15 02:09:38.223 14783 15528 E ReactNativeJS:     in Unknown (created by Route(planet))
06-15 02:09:38.223 14783 15528 E ReactNativeJS:     in Suspense (created by Route(planet))
06-15 02:09:38.223 14783 15528 E ReactNativeJS:     in Route (created by Route(planet))
06-15 02:09:38.223 14783 15528 E ReactNativeJS:     in Route(planet) (created by SceneView)
06-15 02:09:38.223 14783 15528 E ReactNativeJS:     in StaticContainer
06-15 02:09:38.223 14783 15528 E ReactNativeJS:     in EnsureSingleNavigator (created by SceneView)
06-15 02:09:38.223 14783 15528 E ReactNativeJS:     in SceneView (created by SceneView)
06-15 02:09:38.223 14783 15528 E ReactNativeJS:     in RCTView (created by View)
06-15 02:09:38.223 14783 15528 E ReactNativeJS:     in View (created by DebugContainer)
06-15 02:09:38.223 14783 15528 E ReactNativeJS:     in DebugContainer (created by MaybeNestedStack)
06-15 02:09:38.223 14783 15528 E ReactNativeJS:     in MaybeNestedStack (created by SceneView)
06-15 02:09:38.223 14783 15528 E ReactNativeJS:     in RCTView (created by View)
06-15 02:09:38.223 14783 15528 E ReactNativeJS:     in View (created by SceneView)
06-15 02:09:38.223 14783 15528 E ReactNativeJS:     in RNSScreen (created by Animated(Anonymous))
06-15 02:09:38.223 14783 15528 E ReactNativeJS:     in Animated(Anonymous) (created by InnerScreen)
06-15 02:09:38.223 14783 15528 E ReactNativeJS:     in Suspender (created by Freeze)
06-15 02:09:38.223 14783 15528 E ReactNativeJS:     in Suspense (created by Freeze)
06-15 02:09:38.223 14783 15528 E ReactNativeJS:     in Freeze (created by DelayedFreeze)
06-15 02:09:38.223 14783 15528 E ReactNativeJS:     in DelayedFreeze (created by InnerScreen)
06-15 02:09:38.223 14783 15528 E ReactNativeJS:     in InnerScreen (created by Screen)
06-15 02:09:38.223 14783 15528 E ReactNativeJS:     in Screen (created by SceneView)
06-15 02:09:38.223 14783 15528 E ReactNativeJS:     in SceneView (created by NativeStackViewInner)
06-15 02:09:38.223 14783 15528 E ReactNativeJS:     in Suspender (created by Freeze)
06-15 02:09:38.223 14783 15528 E ReactNativeJS:     in Suspense (created by Freeze)
06-15 02:09:38.223 14783 15528 E ReactNativeJS:     in Freeze (created by DelayedFreeze)
06-15 02:09:38.223 14783 15528 E ReactNativeJS:     in DelayedFreeze (created by ScreenStack)
06-15 02:09:38.223 14783 15528 E ReactNativeJS:     in RNSScreenStack (created by ScreenStack)
06-15 02:09:38.223 14783 15528 E ReactNativeJS:     in ScreenStack (created by NativeStackViewInner)
06-15 02:09:38.223 14783 15528 E ReactNativeJS:     in NativeStackViewInner (created by NativeStackView)
06-15 02:09:38.223 14783 15528 E ReactNativeJS:     in RCTView (created by View)
06-15 02:09:38.223 14783 15528 E ReactNativeJS:     in View (created by SafeAreaProviderCompat)
06-15 02:09:38.223 14783 15528 E ReactNativeJS:     in SafeAreaProviderCompat (created by NativeStackView)
06-15 02:09:38.223 14783 15528 E ReactNativeJS:     in NativeStackView (created by NativeStackNavigator)
06-15 02:09:38.223 14783 15528 E ReactNativeJS:     in PreventRemoveProvider (created by NavigationContent)
06-15 02:09:38.223 14783 15528 E ReactNativeJS:     in NavigationContent
06-15 02:09:38.223 14783 15528 E ReactNativeJS:     in Unknown (created by NativeStackNavigator)
06-15 02:09:38.223 14783 15528 E ReactNativeJS:     in NativeStackNavigator
06-15 02:09:38.223 14783 15528 E ReactNativeJS:     in Unknown (created by GameLayout)
06-15 02:09:38.223 14783 15528 E ReactNativeJS:     in GameLayout
06-15 02:09:38.223 14783 15528 E ReactNativeJS:     in Unknown (created by Route((game)))
06-15 02:09:38.223 14783 15528 E ReactNativeJS:     in Suspense (created by Route((game)))
06-15 02:09:38.223 14783 15528 E ReactNativeJS:     in Route (created by Route((game)))
06-15 02:09:38.223 14783 15528 E ReactNativeJS:     in Route((game)) (created by SceneView)
06-15 02:09:38.223 14783 15528 E ReactNativeJS:     in StaticContainer
06-15 02:09:38.223 14783 15528 E ReactNativeJS:     in EnsureSingleNavigator (created by SceneView)
06-15 02:09:38.223 14783 15528 E ReactNativeJS:     in SceneView (created by SceneView)
06-15 02:09:38.223 14783 15528 E ReactNativeJS:     in RCTView (created by View)
06-15 02:09:38.223 14783 15528 E ReactNativeJS:     in View (created by DebugContainer)
06-15 02:09:38.223 14783 15528 E ReactNativeJS:     in DebugContainer (created by MaybeNestedStack)
06-15 02:09:38.223 14783 15528 E ReactNativeJS:     in MaybeNestedStack (created by SceneView)
06-15 02:09:38.223 14783 15528 E ReactNativeJS:     in RCTView (created by View)
06-15 02:09:38.223 14783 15528 E ReactNativeJS:     in View (created by SceneView)
06-15 02:09:38.223 14783 15528 E ReactNativeJS:     in RNSScreen (created by Animated(Anonymous))
06-15 02:09:38.223 14783 15528 E ReactNativeJS:     in Animated(Anonymous) (created by InnerScreen)
06-15 02:09:38.223 14783 15528 E ReactNativeJS:     in Suspender (created by Freeze)
06-15 02:09:38.223 14783 15528 E ReactNativeJS:     in Suspense (created by Freeze)
06-15 02:09:38.223 14783 15528 E ReactNativeJS:     in Freeze (created by DelayedFreeze)
06-15 02:09:38.223 14783 15528 E ReactNativeJS:     in DelayedFreeze (created by InnerScreen)
06-15 02:09:38.223 14783 15528 E ReactNativeJS:     in InnerScreen (created by Screen)
06-15 02:09:38.223 14783 15528 E ReactNativeJS:     in Screen (created by SceneView)
06-15 02:09:38.223 14783 15528 E ReactNativeJS:     in SceneView (created by NativeStackViewInner)
06-15 02:09:38.223 14783 15528 E ReactNativeJS:     in Suspender (created by Freeze)
06-15 02:09:38.223 14783 15528 E ReactNativeJS:     in Suspense (created by Freeze)
06-15 02:09:38.223 14783 15528 E ReactNativeJS:     in Freeze (created by DelayedFreeze)
06-15 02:09:38.223 14783 15528 E ReactNativeJS:     in DelayedFreeze (created by ScreenStack)
06-15 02:09:38.223 14783 15528 E ReactNativeJS:     in RNSScreenStack (created by ScreenStack)
06-15 02:09:38.223 14783 15528 E ReactNativeJS:     in ScreenStack (created by NativeStackViewInner)
06-15 02:09:38.223 14783 15528 E ReactNativeJS:     in NativeStackViewInner (created by NativeStackView)
06-15 02:09:38.223 14783 15528 E ReactNativeJS:     in RCTView (created by Vi
06-15 02:09:38.313 14783 15528 E ReactNativeJS: ReferenceError: Property 'useImage' doesn't exist
06-15 02:09:38.313 14783 15528 E ReactNativeJS: 
06-15 02:09:38.313 14783 15528 E ReactNativeJS: This error is located at:
06-15 02:09:38.313 14783 15528 E ReactNativeJS:     in PlanetHubInboundDroneSkiaTrailLayer (created by PlanetHubInboundDroneLayer)
06-15 02:09:38.313 14783 15528 E ReactNativeJS:     in RCTView (created by View)
06-15 02:09:38.313 14783 15528 E ReactNativeJS:     in View (created by PlanetHubInboundDroneLayer)
06-15 02:09:38.313 14783 15528 E ReactNativeJS:     in PlanetHubInboundDroneLayer (created by PlanetStageBackground)
06-15 02:09:38.313 14783 15528 E ReactNativeJS:     in RCTView (created by View)
06-15 02:09:38.313 14783 15528 E ReactNativeJS:     in View (created by PlanetStageBackground)
06-15 02:09:38.313 14783 15528 E ReactNativeJS:     in RCTView (created by View)
06-15 02:09:38.313 14783 15528 E ReactNativeJS:     in View (created by PlanetStageBackground)
06-15 02:09:38.313 14783 15528 E ReactNativeJS:     in RCTView (created by View)
06-15 02:09:38.313 14783 15528 E ReactNativeJS:     in View (created by PlanetStageBackground)
06-15 02:09:38.313 14783 15528 E ReactNativeJS:     in RCTView (created by View)
06-15 02:09:38.313 14783 15528 E ReactNativeJS:     in View (created by PlanetStageBackground)
06-15 02:09:38.313 14783 15528 E ReactNativeJS:     in RCTView (created by View)
06-15 02:09:38.313 14783 15528 E ReactNativeJS:     in View (created by PlanetStageBackground)
06-15 02:09:38.313 14783 15528 E ReactNativeJS:     in RCTView (created by View)
06-15 02:09:38.313 14783 15528 E ReactNativeJS:     in View (created by PlanetStageBackground)
06-15 02:09:38.313 14783 15528 E ReactNativeJS:     in PlanetStageBackground (created by PlanetScreen)
06-15 02:09:38.313 14783 15528 E ReactNativeJS:     in RCTView (created by View)
06-15 02:09:38.313 14783 15528 E ReactNativeJS:     in View (created by StageShellInner)
06-15 02:09:38.313 14783 15528 E ReactNativeJS:     in RCTView (created by View)
06-15 02:09:38.313 14783 15528 E ReactNativeJS:     in View (created by StageShellInner)
06-15 02:09:38.313 14783 15528 E ReactNativeJS:     in RNCSafeAreaView
06-15 02:09:38.313 14783 15528 E ReactNativeJS:     in Unknown (created by StageShellInner)
06-15 02:09:38.313 14783 15528 E ReactNativeJS:     in StageShellInner (created by PlanetScreen)
06-15 02:09:38.313 14783 15528 E ReactNativeJS:     in PlanetCapitalCombatRoot (created by PlanetScreen)
06-15 02:09:38.313 14783 15528 E ReactNativeJS:     in PlanetScreen
06-15 02:09:38.313 14783 15528 E ReactNativeJS:     in Unknown (created by Route(planet))
06-15 02:09:38.313 14783 15528 E ReactNativeJS:     in Suspense (created by Route(planet))
06-15 02:09:38.313 14783 15528 E ReactNativeJS:     in Route (created by Route(planet))
06-15 02:09:38.313 14783 15528 E ReactNativeJS:     in Route(planet) (created by SceneView)
06-15 02:09:38.313 14783 15528 E ReactNativeJS:     in StaticContainer
06-15 02:09:38.313 14783 15528 E ReactNativeJS:     in EnsureSingleNavigator (created by SceneView)
06-15 02:09:38.313 14783 15528 E ReactNativeJS:     in SceneView (created by SceneView)
06-15 02:09:38.313 14783 15528 E ReactNativeJS:     in RCTView (created by View)
06-15 02:09:38.313 14783 15528 E ReactNativeJS:     in View (created by DebugContainer)
06-15 02:09:38.313 14783 15528 E ReactNativeJS:     in DebugContainer (created by MaybeNestedStack)
06-15 02:09:38.313 14783 15528 E ReactNativeJS:     in MaybeNestedStack (created by SceneView)
06-15 02:09:38.313 14783 15528 E ReactNativeJS:     in RCTView (created by View)
06-15 02:09:38.313 14783 15528 E ReactNativeJS:     in View (created by SceneView)
06-15 02:09:38.313 14783 15528 E ReactNativeJS:     in RNSScreen (created by Animated(Anonymous))
06-15 02:09:38.313 14783 15528 E ReactNativeJS:     in Animated(Anonymous) (created by InnerScreen)
06-15 02:09:38.313 14783 15528 E ReactNativeJS:     in Suspender (created by Freeze)
06-15 02:09:38.313 14783 15528 E ReactNativeJS:     in Suspense (created by Freeze)
06-15 02:09:38.313 14783 15528 E ReactNativeJS:     in Freeze (created by DelayedFreeze)
06-15 02:09:38.313 14783 15528 E ReactNativeJS:     in DelayedFreeze (created by InnerScreen)
06-15 02:09:38.313 14783 15528 E ReactNativeJS:     in InnerScreen (created by Screen)
06-15 02:09:38.313 14783 15528 E ReactNativeJS:     in Screen (created by SceneView)
06-15 02:09:38.313 14783 15528 E ReactNativeJS:     in SceneView (created by NativeStackViewInner)
06-15 02:09:38.313 14783 15528 E ReactNativeJS:     in Suspender (created by Freeze)
06-15 02:09:38.313 14783 15528 E ReactNativeJS:     in Suspense (created by Freeze)
06-15 02:09:38.313 14783 15528 E ReactNativeJS:     in Freeze (created by DelayedFreeze)
06-15 02:09:38.313 14783 15528 E ReactNativeJS:     in DelayedFreeze (created by ScreenStack)
06-15 02:09:38.313 14783 15528 E ReactNativeJS:     in RNSScreenStack (created by ScreenStack)
06-15 02:09:38.313 14783 15528 E ReactNativeJS:     in ScreenStack (created by NativeStackViewInner)
06-15 02:09:38.313 14783 15528 E ReactNativeJS:     in NativeStackViewInner (created by NativeStackView)
06-15 02:09:38.313 14783 15528 E ReactNativeJS:     in RCTView (created by View)
06-15 02:09:38.313 14783 15528 E ReactNativeJS:     in View (created by SafeAreaProviderCompat)
06-15 02:09:38.313 14783 15528 E ReactNativeJS:     in SafeAreaProviderCompat (created by NativeStackView)
06-15 02:09:38.313 14783 15528 E ReactNativeJS:     in NativeStackView (created by NativeStackNavigator)
06-15 02:09:38.313 14783 15528 E ReactNativeJS:     in PreventRemoveProvider (created by NavigationContent)
06-15 02:09:38.313 14783 15528 E ReactNativeJS:     in NavigationContent
06-15 02:09:38.313 14783 15528 E ReactNativeJS:     in Unknown (created by NativeStackNavigator)
06-15 02:09:38.313 14783 15528 E ReactNativeJS:     in NativeStackNavigator
06-15 02:09:38.313 14783 15528 E ReactNativeJS:     in Unknown (created by GameLayout)
06-15 02:09:38.313 14783 15528 E ReactNativeJS:     in GameLayout
06-15 02:09:38.313 14783 15528 E ReactNativeJS:     in Unknown (created by Route((game)))
06-15 02:09:38.313 14783 15528 E ReactNativeJS:     in Suspense (created by Route((game)))
06-15 02:09:38.313 14783 15528 E ReactNativeJS:     in Route (created by Route((game)))
06-15 02:09:38.313 14783 15528 E ReactNativeJS:     in Route((game)) (created by SceneView)
06-15 02:09:38.313 14783 15528 E ReactNativeJS:     in StaticContainer
06-15 02:09:38.313 14783 15528 E ReactNativeJS:     in EnsureSingleNavigator (created by SceneView)
06-15 02:09:38.313 14783 15528 E ReactNativeJS:     in SceneView (created by SceneView)
06-15 02:09:38.313 14783 15528 E ReactNativeJS:     in RCTView (created by View)
06-15 02:09:38.313 14783 15528 E ReactNativeJS:     in View (created by DebugContainer)
06-15 02:09:38.313 14783 15528 E ReactNativeJS:     in DebugContainer (created by MaybeNestedStack)
06-15 02:09:38.313 14783 15528 E ReactNativeJS:     in MaybeNestedStack (created by SceneView)
06-15 02:09:38.313 14783 15528 E ReactNativeJS:     in RCTView (created by View)
06-15 02:09:38.313 14783 15528 E ReactNativeJS:     in View (created by SceneView)
06-15 02:09:38.313 14783 15528 E ReactNativeJS:     in RNSScreen (created by Animated(Anonymous))
06-15 02:09:38.313 14783 15528 E ReactNativeJS:     in Animated(Anonymous) (created by InnerScreen)
06-15 02:09:38.313 14783 15528 E ReactNativeJS:     in Suspender (created by Freeze)
06-15 02:09:38.313 14783 15528 E ReactNativeJS:     in Suspense (created by Freeze)
06-15 02:09:38.313 14783 15528 E ReactNativeJS:     in Freeze (created by DelayedFreeze)
06-15 02:09:38.313 14783 15528 E ReactNativeJS:     in DelayedFreeze (created by InnerScreen)
06-15 02:09:38.313 14783 15528 E ReactNativeJS:     in InnerScreen (created by Screen)
06-15 02:09:38.313 14783 15528 E ReactNativeJS:     in Screen (created by SceneView)
06-15 02:09:38.313 14783 15528 E ReactNativeJS:     in SceneView (created by NativeStackViewInner)
06-15 02:09:38.313 14783 15528 E ReactNativeJS:     in Suspender (created by Freeze)
06-15 02:09:38.313 14783 15528 E ReactNativeJS:     in Suspense (created by Freeze)
06-15 02:09:38.313 14783 15528 E ReactNativeJS:     in Freeze (created by DelayedFreeze)
06-15 02:09:38.313 14783 15528 E ReactNativeJS:     in DelayedFreeze (created by ScreenStack)
06-15 02:09:38.313 14783 15528 E ReactNativeJS:     in RNSScreenStack (created by ScreenStack)
06-15 02:09:38.313 14783 15528 E ReactNativeJS:     in ScreenStack (created by NativeStackViewInner)
06-15 02:09:38.314 14783 15528 E ReactNativeJS:     in NativeStackViewInner (created by NativeStackView)
06-15 02:09:38.314 14783 15528 E ReactNativeJS:     in RCTView (created by Vi
06-15 02:13:17.945 14783 21434 E ReactNativeJS: { [Error: TransformError src\components\planet\planetSkiaHitFxContract.ts: Duplicate declaration "INBOUND_DRONE_FX_ORBIT_AGE_SLOP_MS"
06-15 02:13:17.945 14783 21434 E ReactNativeJS: [0m [90m 27 |[39m
06-15 02:13:17.945 14783 21434 E ReactNativeJS:  [90m 28 |[39m [90m/** orbitClock rAF slop — FX premature compact 방지 */[39m
06-15 02:13:17.945 14783 21434 E ReactNativeJS: [31m[1m>[22m[39m[90m 29 |[39m [36mexport[39m [36mconst[39m [33mINBOUND_DRONE_FX_ORBIT_AGE_SLOP_MS[39m [33m=[39m [35m48[39m[33m;[39m
06-15 02:13:17.945 14783 21434 E ReactNativeJS:  [90m    |[39m              [31m[1m^[22m[39m[31m[1m^[22m[39m[31m[1m^[22m[39m[31m[1m^[22m[39m[31m[1m^[22m[39m[31m[1m^[22m[39m[31m[1m^[22m[39m[31m[1m^[22m[39m[31m[1m^[22m[39m[31m[1m^[22m[39m[31m[1m^[22m[39m[31m[1m^[22m[39m[31m[1m^[22m[39m[31m[1m^[22m[39m[31m[1m^[22m[39m[31m[1m^[22m[39m[31m[1m^[22m[39m[31m[1m^[22m[39m[31m[1m^[22m[39m[31m[1m^[22m[39m[31m[1m^[22m[39m[31m[1m^[22m[39m[31m[1m^[22m[39m[31m[1m^[22m[39m[31m[1m^[22m[39m[31m[1m^[22m[39m[31m[1m^[22m[39m[31m[1m^[22m[39m[31m[1m^[22m[39m[31m[1m^[22m[39m[31m[1m^[22m[39m[31m[1m^[22m[39m[31m[1m^[22m[39m[31m[1m^[22m[39m
06-15 02:13:17.945 14783 21434 E ReactNativeJS:  [90m 30 |[39m [90m/** 드론 FX compact duration — PLANET_FLAME_BURST_FADE_MS 와 동기 */[39m
06-15 02:13:17.945 14783 21434 E ReactNativeJS:  [90m 31 |[39m [36mexport[39m [36mconst[39m [33mINBOUND_DRONE_FLAME_FX_MS[39m [33m=[39m [33mPLANET_FLAME_BURST_FADE_MS[39m[33m;[39m
06-15 02:13:17.945 14783 21434 E ReactNativeJS:  [90m 32 |[39m [36mexport[39m [36mconst[39m [33mNEBULA_DODGE_FX_DURATION_MS[39m [33m=[39m [35m203[39m[33m;[39m[0m] preventSymbolication: true }
06-15 02:13:32.064 14783 21434 E ReactNativeJS: { [Error: TransformError SyntaxError: D:\arcfire20260607\src\components\planet\planetSkiaHitFxContract.ts: Unexpected keyword 'import'. (23:0)
06-15 02:13:32.064 14783 21434 E ReactNativeJS: 
06-15 02:13:32.064 14783 21434 E ReactNativeJS: [0m [90m 21 |[39m   type [33mSkCanvas[39m[33m,[39m
06-15 02:13:32.064 14783 21434 E ReactNativeJS:  [90m 22 |[39m   type [33mSkImage[39m[33m,[39m
06-15 02:13:32.064 14783 21434 E ReactNativeJS: [31m[1m>[22m[39m[90m 23 |[39m [36mimport[39m type { [33mSkCanvas[39m[33m,[39m [33mSkImage[39m[33m,[39m [33mSkPaint[39m[33m,[39m [33mSkPath[39m } [36mfrom[39m [32m'@shopify/react-native-skia'[39m[33m;[39m
06-15 02:13:32.064 14783 21434 E ReactNativeJS:  [90m    |[39m [31m[1m^[22m[39m
06-15 02:13:32.064 14783 21434 E ReactNativeJS:  [90m 24 |[39m [36mimport[39m type { [33mMissileHitFx[39m } [36mfrom[39m [32m'./PlanetEdenRaidTestLayer'[39m[33m;[39m
06-15 02:13:32.064 14783 21434 E ReactNativeJS:  [90m 25 |[39m
06-15 02:13:32.064 14783 21434 E ReactNativeJS:  [90m 26 |[39m [90m/** 구 `DEFENSE_INTERCEPT_EXPLOSION_MS`(550) × 1.2 */[39m[0m] preventSymbolication: true }
06-15 02:13:32.232 14783 21434 E ReactNativeJS: { [Error: TransformError SyntaxError: D:\arcfire20260607\src\components\planet\planetSkiaHitFxContract.ts: Unexpected keyword 'import'. (23:0)
06-15 02:13:32.232 14783 21434 E ReactNativeJS: 
06-15 02:13:32.232 14783 21434 E ReactNativeJS: [0m [90m 21 |[39m   type [33mSkCanvas[39m[33m,[39m
06-15 02:13:32.232 14783 21434 E ReactNativeJS:  [90m 22 |[39m   type [33mSkImage[39m[33m,[39m
06-15 02:13:32.232 14783 21434 E ReactNativeJS: [31m[1m>[22m[39m[90m 23 |[39m [36mimport[39m type { [33mSkCanvas[39m[33m,[39m [33mSkImage[39m[33m,[39m [33mSkPaint[39m[33m,[39m [33mSkPath[39m } [36mfrom[39m [32m'@shopify/react-native-skia'[39m[33m;[39m
06-15 02:13:32.232 14783 21434 E ReactNativeJS:  [90m    |[39m [31m[1m^[22m[39m
06-15 02:13:32.232 14783 21434 E ReactNativeJS:  [90m 24 |[39m [36mimport[39m type { [33mMissileHitFx[39m } [36mfrom[39m [32m'./PlanetEdenRaidTestLayer'[39m[33m;[39m
06-15 02:13:32.232 14783 21434 E ReactNativeJS:  [90m 25 |[39m
06-15 02:13:32.232 14783 21434 E ReactNativeJS:  [90m 26 |[39m [90m/** 구 `DEFENSE_INTERCEPT_EXPLOSION_MS`(550) × 1.2 */[39m[0m] preventSymbolication: true }
06-15 02:13:33.460 14783 21434 E ReactNativeJS: { [Error: TransformError SyntaxError: D:\arcfire20260607\src\components\planet\planetSkiaHitFxContract.ts: Unexpected keyword 'import'. (23:0)
06-15 02:13:33.460 14783 21434 E ReactNativeJS: 
06-15 02:13:33.460 14783 21434 E ReactNativeJS: [0m [90m 21 |[39m   type [33mSkCanvas[39m[33m,[39m
06-15 02:13:33.460 14783 21434 E ReactNativeJS:  [90m 22 |[39m   type [33mSkImage[39m[33m,[39m
06-15 02:13:33.460 14783 21434 E ReactNativeJS: [31m[1m>[22m[39m[90m 23 |[39m [36mimport[39m type { [33mSkCanvas[39m[33m,[39m [33mSkImage[39m[33m,[39m [33mSkPaint[39m[33m,[39m [33mSkPath[39m } [36mfrom[39m [32m'@shopify/react-native-skia'[39m[33m;[39m
06-15 02:13:33.460 14783 21434 E ReactNativeJS:  [90m    |[39m [31m[1m^[22m[39m
06-15 02:13:33.460 14783 21434 E ReactNativeJS:  [90m 24 |[39m [36mimport[39m type { [33mMissileHitFx[39m } [36mfrom[39m [32m'./PlanetEdenRaidTestLayer'[39m[33m;[39m
06-15 02:13:33.460 14783 21434 E ReactNativeJS:  [90m 25 |[39m
06-15 02:13:33.460 14783 21434 E ReactNativeJS:  [90m 26 |[39m [90m/** 구 `DEFENSE_INTERCEPT_EXPLOSION_MS`(550) × 1.2 */[39m[0m] preventSymbolication: true }
06-15 02:13:33.469 14783 21434 E ReactNativeJS: { [Error: TransformError SyntaxError: D:\arcfire20260607\src\components\planet\planetSkiaHitFxContract.ts: Unexpected keyword 'import'. (23:0)
06-15 02:13:33.469 14783 21434 E ReactNativeJS: 
06-15 02:13:33.469 14783 21434 E ReactNativeJS: [0m [90m 21 |[39m   type [33mSkCanvas[39m[33m,[39m
06-15 02:13:33.469 14783 21434 E ReactNativeJS:  [90m 22 |[39m   type [33mSkImage[39m[33m,[39m
06-15 02:13:33.469 14783 21434 E ReactNativeJS: [31m[1m>[22m[39m[90m 23 |[39m [36mimport[39m type { [33mSkCanvas[39m[33m,[39m [33mSkImage[39m[33m,[39m [33mSkPaint[39m[33m,[39m [33mSkPath[39m } [36mfrom[39m [32m'@shopify/react-native-skia'[39m[33m;[39m
06-15 02:13:33.469 14783 21434 E ReactNativeJS:  [90m    |[39m [31m[1m^[22m[39m
06-15 02:13:33.469 14783 21434 E ReactNativeJS:  [90m 24 |[39m [36mimport[39m type { [33mMissileHitFx[39m } [36mfrom[39m [32m'./PlanetEdenRaidTestLayer'[39m[33m;[39m
06-15 02:13:33.469 14783 21434 E ReactNativeJS:  [90m 25 |[39m
06-15 02:13:33.469 14783 21434 E ReactNativeJS:  [90m 26 |[39m [90m/** 구 `DEFENSE_INTERCEPT_EXPLOSION_MS`(550) × 1.2 */[39m[0m] preventSymbolication: true }
06-15 09:17:36.200  6727  6893 E ReactNativeJS: TypeError: 0, _planetStageGpuSupervisor.releaseAllPlanetGpuLayers is not a function (it is undefined)
06-15 09:17:36.200  6727  6893 E ReactNativeJS: 
06-15 09:17:36.200  6727  6893 E ReactNativeJS: This error is located at:
06-15 09:17:36.200  6727  6893 E ReactNativeJS:     in PlanetScreen
06-15 09:17:36.200  6727  6893 E ReactNativeJS:     in Unknown (created by Route(planet))
06-15 09:17:36.200  6727  6893 E ReactNativeJS:     in Suspense (created by Route(planet))
06-15 09:17:36.200  6727  6893 E ReactNativeJS:     in Route (created by Route(planet))
06-15 09:17:36.200  6727  6893 E ReactNativeJS:     in Route(planet) (created by SceneView)
06-15 09:17:36.200  6727  6893 E ReactNativeJS:     in StaticContainer
06-15 09:17:36.200  6727  6893 E ReactNativeJS:     in EnsureSingleNavigator (created by SceneView)
06-15 09:17:36.200  6727  6893 E ReactNativeJS:     in SceneView (created by SceneView)
06-15 09:17:36.200  6727  6893 E ReactNativeJS:     in RCTView (created by View)
06-15 09:17:36.200  6727  6893 E ReactNativeJS:     in View (created by DebugContainer)
06-15 09:17:36.200  6727  6893 E ReactNativeJS:     in DebugContainer (created by MaybeNestedStack)
06-15 09:17:36.200  6727  6893 E ReactNativeJS:     in MaybeNestedStack (created by SceneView)
06-15 09:17:36.200  6727  6893 E ReactNativeJS:     in RCTView (created by View)
06-15 09:17:36.200  6727  6893 E ReactNativeJS:     in View (created by SceneView)
06-15 09:17:36.200  6727  6893 E ReactNativeJS:     in RNSScreen (created by Animated(Anonymous))
06-15 09:17:36.200  6727  6893 E ReactNativeJS:     in Animated(Anonymous) (created by InnerScreen)
06-15 09:17:36.200  6727  6893 E ReactNativeJS:     in Suspender (created by Freeze)
06-15 09:17:36.200  6727  6893 E ReactNativeJS:     in Suspense (created by Freeze)
06-15 09:17:36.200  6727  6893 E ReactNativeJS:     in Freeze (created by DelayedFreeze)
06-15 09:17:36.200  6727  6893 E ReactNativeJS:     in DelayedFreeze (created by InnerScreen)
06-15 09:17:36.200  6727  6893 E ReactNativeJS:     in InnerScreen (created by Screen)
06-15 09:17:36.200  6727  6893 E ReactNativeJS:     in Screen (created by SceneView)
06-15 09:17:36.200  6727  6893 E ReactNativeJS:     in SceneView (created by NativeStackViewInner)
06-15 09:17:36.200  6727  6893 E ReactNativeJS:     in Suspender (created by Freeze)
06-15 09:17:36.200  6727  6893 E ReactNativeJS:     in Suspense (created by Freeze)
06-15 09:17:36.200  6727  6893 E ReactNativeJS:     in Freeze (created by DelayedFreeze)
06-15 09:17:36.200  6727  6893 E ReactNativeJS:     in DelayedFreeze (created by ScreenStack)
06-15 09:17:36.200  6727  6893 E ReactNativeJS:     in RNSScreenStack (created by ScreenStack)
06-15 09:17:36.200  6727  6893 E ReactNativeJS:     in ScreenStack (created by NativeStackViewInner)
06-15 09:17:36.200  6727  6893 E ReactNativeJS:     in NativeStackViewInner (created by NativeStackView)
06-15 09:17:36.200  6727  6893 E ReactNativeJS:     in RCTView (created by View)
06-15 09:17:36.200  6727  6893 E ReactNativeJS:     in View (created by SafeAreaProviderCompat)
06-15 09:17:36.200  6727  6893 E ReactNativeJS:     in SafeAreaProviderCompat (created by NativeStackView)
06-15 09:17:36.200  6727  6893 E ReactNativeJS:     in NativeStackView (created by NativeStackNavigator)
06-15 09:17:36.200  6727  6893 E ReactNativeJS:     in PreventRemoveProvider (created by NavigationContent)
06-15 09:17:36.200  6727  6893 E ReactNativeJS:     in NavigationContent
06-15 09:17:36.200  6727  6893 E ReactNativeJS:     in Unknown (created by NativeStackNavigator)
06-15 09:17:36.200  6727  6893 E ReactNativeJS:     in NativeStackNavigator
06-15 09:17:36.200  6727  6893 E ReactNativeJS:     in Unknown (created by GameLayout)
06-15 09:17:36.200  6727  6893 E ReactNativeJS:     in GameLayout
06-15 09:17:36.200  6727  6893 E ReactNativeJS:     in Unknown (created by Route((game)))
06-15 09:17:36.200  6727  6893 E ReactNativeJS:     in Suspense (created by Route((game)))
06-15 09:17:36.200  6727  6893 E ReactNativeJS:     in Route (created by Route((game)))
06-15 09:17:36.200  6727  6893 E ReactNativeJS:     in Route((game)) (created by SceneView)
06-15 09:17:36.200  6727  6893 E ReactNativeJS:     in StaticContainer
06-15 09:17:36.200  6727  6893 E ReactNativeJS:     in EnsureSingleNavigator (created by SceneView)
06-15 09:17:36.200  6727  6893 E ReactNativeJS:     in SceneView (created by SceneView)
06-15 09:17:36.200  6727  6893 E ReactNativeJS:     in RCTView (created by View)
06-15 09:17:36.200  6727  6893 E ReactNativeJS:     in View (created by DebugContainer)
06-15 09:17:36.200  6727  6893 E ReactNativeJS:     in DebugContainer (created by MaybeNestedStack)
06-15 09:17:36.200  6727  6893 E ReactNativeJS:     in MaybeNestedStack (created by SceneView)
06-15 09:17:36.200  6727  6893 E ReactNativeJS:     in RCTView (created by View)
06-15 09:17:36.200  6727  6893 E ReactNativeJS:     in View (created by SceneView)
06-15 09:17:36.200  6727  6893 E ReactNativeJS:     in RNSScreen (created by Animated(Anonymous))
06-15 09:17:36.200  6727  6893 E ReactNativeJS:     in Animated(Anonymous) (created by InnerScreen)
06-15 09:17:36.200  6727  6893 E ReactNativeJS:     in Suspender (created by Freeze)
06-15 09:17:36.200  6727  6893 E ReactNativeJS:     in Suspense (created by Freeze)
06-15 09:17:36.200  6727  6893 E ReactNativeJS:     in Freeze (created by DelayedFreeze)
06-15 09:17:36.200  6727  6893 E ReactNativeJS:     in DelayedFreeze (created by InnerScreen)
06-15 09:17:36.200  6727  6893 E ReactNativeJS:     in InnerScreen (created by Screen)
06-15 09:17:36.200  6727  6893 E ReactNativeJS:     in Screen (created by SceneView)
06-15 09:17:36.200  6727  6893 E ReactNativeJS:     in SceneView (created by NativeStackViewInner)
06-15 09:17:36.200  6727  6893 E ReactNativeJS:     in Suspender (created by Freeze)
06-15 09:17:36.200  6727  6893 E ReactNativeJS:     in Suspense (created by Freeze)
06-15 09:17:36.200  6727  6893 E ReactNativeJS:     in Freeze (created by DelayedFreeze)
06-15 09:17:36.200  6727  6893 E ReactNativeJS:     in DelayedFreeze (created by ScreenStack)
06-15 09:17:36.200  6727  6893 E ReactNativeJS:     in RNSScreenStack (created by ScreenStack)
06-15 09:17:36.200  6727  6893 E ReactNativeJS:     in ScreenStack (created by NativeStackViewInner)
06-15 09:17:36.200  6727  6893 E ReactNativeJS:     in NativeStackViewInner (created by NativeStackView)
06-15 09:17:36.200  6727  6893 E ReactNativeJS:     in RCTView (created by View)
06-15 09:17:36.200  6727  6893 E ReactNativeJS:     in View (created by SafeAreaProviderCompat)
06-15 09:17:36.200  6727  6893 E ReactNativeJS:     in SafeAreaProviderCompat (created by NativeStackView)
06-15 09:17:36.200  6727  6893 E ReactNativeJS:     in NativeStackView (created by NativeStackNavigator)
06-15 09:17:36.200  6727  6893 E ReactNativeJS:     in PreventRemoveProvider (created by NavigationContent)
06-15 09:17:36.200  6727  6893 E ReactNativeJS:     in NavigationContent
06-15 09:17:36.200  6727  6893 E ReactNativeJS:     in Unknown (created by NativeStackNavigator)
06-15 09:17:36.200  6727  6893 E ReactNativeJS:     in NativeStackNavigator
06-15 09:17:36.200  6727  6893 E ReactNativeJS:     in Unknown (created by RootLayout)
06-15 09:17:36.200  6727  6893 E ReactNativeJS:     in RNGestureHandlerRootView (created by GestureHandlerRootView)
06-15 09:17:36.200  6727  6893 E ReactNativeJS:     in GestureHandlerRootView (created by RootLayout)
06-15 09:17:36.200  6727  6893 E ReactNativeJS:     in RootLayout
06-15 09:17:36.200  6727  6893 E ReactNativeJS:     in Unknown (created by Route())
06-15 09:17:36.200  6727  6893 E ReactNativeJS:     in Suspense (created by Route())
06-15 09:17:36.200  6727  6893 E ReactNativeJS:     in Route (created by Route())
06-15 09:17:36.200  6727  6893 E ReactNativeJS:     in Route() (created by ContextNavigator)
06-15 09:17:36.200  6727  6893 E ReactNativeJS:     in RNCSafeAreaProvider (created by SafeAreaProvider)
06-15 09:17:36.200  6727  6893 E ReactNativeJS:     in SafeAreaProvider (created by wrapper)
06-15 09:17:36.200  6727  6893 E ReactNativeJS:     in wrapper (created by ContextNavigator)
06-15 09:17:36.200  6727  6893 E ReactNativeJS:     in EnsureSingleNavigator
06-15 09:17:36.200  6727  6893 E ReactNativeJS:     in BaseNavigationContainer
06-15 09:17:36.200  6727  6893 E ReactNativeJS:     in ThemeProvider
06-15 09:17:36.200  6727  6893 E ReactNativeJS:     in NavigationContainerInner (created by ContextNavigator)
06-15 09:17:36.200  6727  6893 E ReactNativeJS:     in ContextNavigator (created by ExpoRoot)
06-15 09:17:36.200  6727  6893 E ReactNativeJS:     in ExpoRoot (created by App)
06-15 09:17:36.200  6727  6893 E ReactNativeJS:     in App 
06-15 09:17:36.241  6727  6893 E ReactNativeJS: TypeError: 0, _planetStageGpuSupervisor.releaseAllPlanetGpuLayers is not a function (it is undefined)
06-15 09:17:36.241  6727  6893 E ReactNativeJS: 
06-15 09:17:36.241  6727  6893 E ReactNativeJS: This error is located at:
06-15 09:17:36.241  6727  6893 E ReactNativeJS:     in PlanetScreen
06-15 09:17:36.241  6727  6893 E ReactNativeJS:     in Unknown (created by Route(planet))
06-15 09:17:36.241  6727  6893 E ReactNativeJS:     in Suspense (created by Route(planet))
06-15 09:17:36.241  6727  6893 E ReactNativeJS:     in Route (created by Route(planet))
06-15 09:17:36.241  6727  6893 E ReactNativeJS:     in Route(planet) (created by SceneView)
06-15 09:17:36.241  6727  6893 E ReactNativeJS:     in StaticContainer
06-15 09:17:36.241  6727  6893 E ReactNativeJS:     in EnsureSingleNavigator (created by SceneView)
06-15 09:17:36.241  6727  6893 E ReactNativeJS:     in SceneView (created by SceneView)
06-15 09:17:36.241  6727  6893 E ReactNativeJS:     in RCTView (created by View)
06-15 09:17:36.241  6727  6893 E ReactNativeJS:     in View (created by DebugContainer)
06-15 09:17:36.241  6727  6893 E ReactNativeJS:     in DebugContainer (created by MaybeNestedStack)
06-15 09:17:36.241  6727  6893 E ReactNativeJS:     in MaybeNestedStack (created by SceneView)
06-15 09:17:36.241  6727  6893 E ReactNativeJS:     in RCTView (created by View)
06-15 09:17:36.241  6727  6893 E ReactNativeJS:     in View (created by SceneView)
06-15 09:17:36.241  6727  6893 E ReactNativeJS:     in RNSScreen (created by Animated(Anonymous))
06-15 09:17:36.241  6727  6893 E ReactNativeJS:     in Animated(Anonymous) (created by InnerScreen)
06-15 09:17:36.241  6727  6893 E ReactNativeJS:     in Suspender (created by Freeze)
06-15 09:17:36.241  6727  6893 E ReactNativeJS:     in Suspense (created by Freeze)
06-15 09:17:36.241  6727  6893 E ReactNativeJS:     in Freeze (created by DelayedFreeze)
06-15 09:17:36.241  6727  6893 E ReactNativeJS:     in DelayedFreeze (created by InnerScreen)
06-15 09:17:36.241  6727  6893 E ReactNativeJS:     in InnerScreen (created by Screen)
06-15 09:17:36.241  6727  6893 E ReactNativeJS:     in Screen (created by SceneView)
06-15 09:17:36.241  6727  6893 E ReactNativeJS:     in SceneView (created by NativeStackViewInner)
06-15 09:17:36.241  6727  6893 E ReactNativeJS:     in Suspender (created by Freeze)
06-15 09:17:36.241  6727  6893 E ReactNativeJS:     in Suspense (created by Freeze)
06-15 09:17:36.241  6727  6893 E ReactNativeJS:     in Freeze (created by DelayedFreeze)
06-15 09:17:36.241  6727  6893 E ReactNativeJS:     in DelayedFreeze (created by ScreenStack)
06-15 09:17:36.241  6727  6893 E ReactNativeJS:     in RNSScreenStack (created by ScreenStack)
06-15 09:17:36.241  6727  6893 E ReactNativeJS:     in ScreenStack (created by NativeStackViewInner)
06-15 09:17:36.241  6727  6893 E ReactNativeJS:     in NativeStackViewInner (created by NativeStackView)
06-15 09:17:36.241  6727  6893 E ReactNativeJS:     in RCTView (created by View)
06-15 09:17:36.241  6727  6893 E ReactNativeJS:     in View (created by SafeAreaProviderCompat)
06-15 09:17:36.241  6727  6893 E ReactNativeJS:     in SafeAreaProviderCompat (created by NativeStackView)
06-15 09:17:36.241  6727  6893 E ReactNativeJS:     in NativeStackView (created by NativeStackNavigator)
06-15 09:17:36.241  6727  6893 E ReactNativeJS:     in PreventRemoveProvider (created by NavigationContent)
06-15 09:17:36.241  6727  6893 E ReactNativeJS:     in NavigationContent
06-15 09:17:36.241  6727  6893 E ReactNativeJS:     in Unknown (created by NativeStackNavigator)
06-15 09:17:36.241  6727  6893 E ReactNativeJS:     in NativeStackNavigator
06-15 09:17:36.241  6727  6893 E ReactNativeJS:     in Unknown (created by GameLayout)
06-15 09:17:36.241  6727  6893 E ReactNativeJS:     in GameLayout
06-15 09:17:36.241  6727  6893 E ReactNativeJS:     in Unknown (created by Route((game)))
06-15 09:17:36.241  6727  6893 E ReactNativeJS:     in Suspense (created by Route((game)))
06-15 09:17:36.241  6727  6893 E ReactNativeJS:     in Route (created by Route((game)))
06-15 09:17:36.241  6727  6893 E ReactNativeJS:     in Route((game)) (created by SceneView)
06-15 09:17:36.241  6727  6893 E ReactNativeJS:     in StaticContainer
06-15 09:17:36.241  6727  6893 E ReactNativeJS:     in EnsureSingleNavigator (created by SceneView)
06-15 09:17:36.241  6727  6893 E ReactNativeJS:     in SceneView (created by SceneView)
06-15 09:17:36.241  6727  6893 E ReactNativeJS:     in RCTView (created by View)
06-15 09:17:36.241  6727  6893 E ReactNativeJS:     in View (created by DebugContainer)
06-15 09:17:36.241  6727  6893 E ReactNativeJS:     in DebugContainer (created by MaybeNestedStack)
06-15 09:17:36.241  6727  6893 E ReactNativeJS:     in MaybeNestedStack (created by SceneView)
06-15 09:17:36.241  6727  6893 E ReactNativeJS:     in RCTView (created by View)
06-15 09:17:36.241  6727  6893 E ReactNativeJS:     in View (created by SceneView)
06-15 09:17:36.241  6727  6893 E ReactNativeJS:     in RNSScreen (created by Animated(Anonymous))
06-15 09:17:36.241  6727  6893 E ReactNativeJS:     in Animated(Anonymous) (created by InnerScreen)
06-15 09:17:36.241  6727  6893 E ReactNativeJS:     in Suspender (created by Freeze)
06-15 09:17:36.241  6727  6893 E ReactNativeJS:     in Suspense (created by Freeze)
06-15 09:17:36.241  6727  6893 E ReactNativeJS:     in Freeze (created by DelayedFreeze)
06-15 09:17:36.241  6727  6893 E ReactNativeJS:     in DelayedFreeze (created by InnerScreen)
06-15 09:17:36.241  6727  6893 E ReactNativeJS:     in InnerScreen (created by Screen)
06-15 09:17:36.241  6727  6893 E ReactNativeJS:     in Screen (created by SceneView)
06-15 09:17:36.241  6727  6893 E ReactNativeJS:     in SceneView (created by NativeStackViewInner)
06-15 09:17:36.241  6727  6893 E ReactNativeJS:     in Suspender (created by Freeze)
06-15 09:17:36.241  6727  6893 E ReactNativeJS:     in Suspense (created by Freeze)
06-15 09:17:36.241  6727  6893 E ReactNativeJS:     in Freeze (created by DelayedFreeze)
06-15 09:17:36.241  6727  6893 E ReactNativeJS:     in DelayedFreeze (created by ScreenStack)
06-15 09:17:36.241  6727  6893 E ReactNativeJS:     in RNSScreenStack (created by ScreenStack)
06-15 09:17:36.241  6727  6893 E ReactNativeJS:     in ScreenStack (created by NativeStackViewInner)
06-15 09:17:36.241  6727  6893 E ReactNativeJS:     in NativeStackViewInner (created by NativeStackView)
06-15 09:17:36.241  6727  6893 E ReactNativeJS:     in RCTView (created by View)
06-15 09:17:36.241  6727  6893 E ReactNativeJS:     in View (created by SafeAreaProviderCompat)
06-15 09:17:36.241  6727  6893 E ReactNativeJS:     in SafeAreaProviderCompat (created by NativeStackView)
06-15 09:17:36.241  6727  6893 E ReactNativeJS:     in NativeStackView (created by NativeStackNavigator)
06-15 09:17:36.241  6727  6893 E ReactNativeJS:     in PreventRemoveProvider (created by NavigationContent)
06-15 09:17:36.241  6727  6893 E ReactNativeJS:     in NavigationContent
06-15 09:17:36.241  6727  6893 E ReactNativeJS:     in Unknown (created by NativeStackNavigator)
06-15 09:17:36.241  6727  6893 E ReactNativeJS:     in NativeStackNavigator
06-15 09:17:36.241  6727  6893 E ReactNativeJS:     in Unknown (created by RootLayout)
06-15 09:17:36.241  6727  6893 E ReactNativeJS:     in RNGestureHandlerRootView (created by GestureHandlerRootView)
06-15 09:17:36.241  6727  6893 E ReactNativeJS:     in GestureHandlerRootView (created by RootLayout)
06-15 09:17:36.241  6727  6893 E ReactNativeJS:     in RootLayout
06-15 09:17:36.241  6727  6893 E ReactNativeJS:     in Unknown (created by Route())
06-15 09:17:36.241  6727  6893 E ReactNativeJS:     in Suspense (created by Route())
06-15 09:17:36.241  6727  6893 E ReactNativeJS:     in Route (created by Route())
06-15 09:17:36.241  6727  6893 E ReactNativeJS:     in Route() (created by ContextNavigator)
06-15 09:17:36.241  6727  6893 E ReactNativeJS:     in RNCSafeAreaProvider (created by SafeAreaProvider)
06-15 09:17:36.241  6727  6893 E ReactNativeJS:     in SafeAreaProvider (created by wrapper)
06-15 09:17:36.241  6727  6893 E ReactNativeJS:     in wrapper (created by ContextNavigator)
06-15 09:17:36.241  6727  6893 E ReactNativeJS:     in EnsureSingleNavigator
06-15 09:17:36.241  6727  6893 E ReactNativeJS:     in BaseNavigationContainer
06-15 09:17:36.241  6727  6893 E ReactNativeJS:     in ThemeProvider
06-15 09:17:36.241  6727  6893 E ReactNativeJS:     in NavigationContainerInner (created by ContextNavigator)
06-15 09:17:36.241  6727  6893 E ReactNativeJS:     in ContextNavigator (created by ExpoRoot)
06-15 09:17:36.241  6727  6893 E ReactNativeJS:     in ExpoRoot (created by App)
06-15 09:17:36.241  6727  6893 E ReactNativeJS:     in App 
06-15 09:17:36.242  6727  6893 E ReactNativeJS: TypeError: 0, _planetStageGpuSupervisor.releaseAllPlanetGpuLayers is not a function (it is undefined)
06-15 09:17:36.242  6727  6893 E ReactNativeJS: 
06-15 09:17:36.242  6727  6893 E ReactNativeJS: This error is located at:
06-15 09:17:36.242  6727  6893 E ReactNativeJS:     in PlanetScreen
06-15 09:17:36.242  6727  6893 E ReactNativeJS:     in Unknown (created by Route(planet))
06-15 09:17:36.242  6727  6893 E ReactNativeJS:     in Suspense (created by Route(planet))
06-15 09:17:36.242  6727  6893 E ReactNativeJS:     in Route (created by Route(planet))
06-15 09:17:36.242  6727  6893 E ReactNativeJS:     in Route(planet) (created by SceneView)
06-15 09:17:36.242  6727  6893 E ReactNativeJS:     in StaticContainer
06-15 09:17:36.242  6727  6893 E ReactNativeJS:     in EnsureSingleNavigator (created by SceneView)
06-15 09:17:36.242  6727  6893 E ReactNativeJS:     in SceneView (created by SceneView)
06-15 09:17:36.242  6727  6893 E ReactNativeJS:     in RCTView (created by View)
06-15 09:17:36.242  6727  6893 E ReactNativeJS:     in View (created by DebugContainer)
06-15 09:17:36.242  6727  6893 E ReactNativeJS:     in DebugContainer (created by MaybeNestedStack)
06-15 09:17:36.242  6727  6893 E ReactNativeJS:     in MaybeNestedStack (created by SceneView)
06-15 09:17:36.242  6727  6893 E ReactNativeJS:     in RCTView (created by View)
06-15 09:17:36.242  6727  6893 E ReactNativeJS:     in View (created by SceneView)
06-15 09:17:36.242  6727  6893 E ReactNativeJS:     in RNSScreen (created by Animated(Anonymous))
06-15 09:17:36.242  6727  6893 E ReactNativeJS:     in Animated(Anonymous) (created by InnerScreen)
06-15 09:17:36.242  6727  6893 E ReactNativeJS:     in Suspender (created by Freeze)
06-15 09:17:36.242  6727  6893 E ReactNativeJS:     in Suspense (created by Freeze)
06-15 09:17:36.242  6727  6893 E ReactNativeJS:     in Freeze (created by DelayedFreeze)
06-15 09:17:36.242  6727  6893 E ReactNativeJS:     in DelayedFreeze (created by InnerScreen)
06-15 09:17:36.242  6727  6893 E ReactNativeJS:     in InnerScreen (created by Screen)
06-15 09:17:36.242  6727  6893 E ReactNativeJS:     in Screen (created by SceneView)
06-15 09:17:36.242  6727  6893 E ReactNativeJS:     in SceneView (created by NativeStackViewInner)
06-15 09:17:36.242  6727  6893 E ReactNativeJS:     in Suspender (created by Freeze)
06-15 09:17:36.242  6727  6893 E ReactNativeJS:     in Suspense (created by Freeze)
06-15 09:17:36.242  6727  6893 E ReactNativeJS:     in Freeze (created by DelayedFreeze)
06-15 09:17:36.242  6727  6893 E ReactNativeJS:     in DelayedFreeze (created by ScreenStack)
06-15 09:17:36.242  6727  6893 E ReactNativeJS:     in RNSScreenStack (created by ScreenStack)
06-15 09:17:36.242  6727  6893 E ReactNativeJS:     in ScreenStack (created by NativeStackViewInner)
06-15 09:17:36.242  6727  6893 E ReactNativeJS:     in NativeStackViewInner (created by NativeStackView)
06-15 09:17:36.242  6727  6893 E ReactNativeJS:     in RCTView (created by View)
06-15 09:17:36.242  6727  6893 E ReactNativeJS:     in View (created by SafeAreaProviderCompat)
06-15 09:17:36.242  6727  6893 E ReactNativeJS:     in SafeAreaProviderCompat (created by NativeStackView)
06-15 09:17:36.242  6727  6893 E ReactNativeJS:     in NativeStackView (created by NativeStackNavigator)
06-15 09:17:36.242  6727  6893 E ReactNativeJS:     in PreventRemoveProvider (created by NavigationContent)
06-15 09:17:36.242  6727  6893 E ReactNativeJS:     in NavigationContent
06-15 09:17:36.242  6727  6893 E ReactNativeJS:     in Unknown (created by NativeStackNavigator)
06-15 09:17:36.242  6727  6893 E ReactNativeJS:     in NativeStackNavigator
06-15 09:17:36.242  6727  6893 E ReactNativeJS:     in Unknown (created by GameLayout)
06-15 09:17:36.242  6727  6893 E ReactNativeJS:     in GameLayout
06-15 09:17:36.242  6727  6893 E ReactNativeJS:     in Unknown (created by Route((game)))
06-15 09:17:36.242  6727  6893 E ReactNativeJS:     in Suspense (created by Route((game)))
06-15 09:17:36.242  6727  6893 E ReactNativeJS:     in Route (created by Route((game)))
06-15 09:17:36.242  6727  6893 E ReactNativeJS:     in Route((game)) (created by SceneView)
06-15 09:17:36.242  6727  6893 E ReactNativeJS:     in StaticContainer
06-15 09:17:36.242  6727  6893 E ReactNativeJS:     in EnsureSingleNavigator (created by SceneView)
06-15 09:17:36.242  6727  6893 E ReactNativeJS:     in SceneView (created by SceneView)
06-15 09:17:36.242  6727  6893 E ReactNativeJS:     in RCTView (created by View)
06-15 09:17:36.242  6727  6893 E ReactNativeJS:     in View (created by DebugContainer)
06-15 09:17:36.242  6727  6893 E ReactNativeJS:     in DebugContainer (created by MaybeNestedStack)
06-15 09:17:36.242  6727  6893 E ReactNativeJS:     in MaybeNestedStack (created by SceneView)
06-15 09:17:36.242  6727  6893 E ReactNativeJS:     in RCTView (created by View)
06-15 09:17:36.242  6727  6893 E ReactNativeJS:     in View (created by SceneView)
06-15 09:17:36.242  6727  6893 E ReactNativeJS:     in RNSScreen (created by Animated(Anonymous))
06-15 09:17:36.242  6727  6893 E ReactNativeJS:     in Animated(Anonymous) (created by InnerScreen)
06-15 09:17:36.242  6727  6893 E ReactNativeJS:     in Suspender (created by Freeze)
06-15 09:17:36.242  6727  6893 E ReactNativeJS:     in Suspense (created by Freeze)
06-15 09:17:36.242  6727  6893 E ReactNativeJS:     in Freeze (created by DelayedFreeze)
06-15 09:17:36.242  6727  6893 E ReactNativeJS:     in DelayedFreeze (created by InnerScreen)
06-15 09:17:36.242  6727  6893 E ReactNativeJS:     in InnerScreen (created by Screen)
06-15 09:17:36.242  6727  6893 E ReactNativeJS:     in Screen (created by SceneView)
06-15 09:17:36.242  6727  6893 E ReactNativeJS:     in SceneView (created by NativeStackViewInner)
06-15 09:17:36.242  6727  6893 E ReactNativeJS:     in Suspender (created by Freeze)
06-15 09:17:36.242  6727  6893 E ReactNativeJS:     in Suspense (created by Freeze)
06-15 09:17:36.242  6727  6893 E ReactNativeJS:     in Freeze (created by DelayedFreeze)
06-15 09:17:36.242  6727  6893 E ReactNativeJS:     in DelayedFreeze (created by ScreenStack)
06-15 09:17:36.242  6727  6893 E ReactNativeJS:     in RNSScreenStack (created by ScreenStack)
06-15 09:17:36.242  6727  6893 E ReactNativeJS:     in ScreenStack (created by NativeStackViewInner)
06-15 09:17:36.242  6727  6893 E ReactNativeJS:     in NativeStackViewInner (created by NativeStackView)
06-15 09:17:36.242  6727  6893 E ReactNativeJS:     in RCTView (created by View)
06-15 09:17:36.242  6727  6893 E ReactNativeJS:     in View (created by SafeAreaProviderCompat)
06-15 09:17:36.242  6727  6893 E ReactNativeJS:     in SafeAreaProviderCompat (created by NativeStackView)
06-15 09:17:36.242  6727  6893 E ReactNativeJS:     in NativeStackView (created by NativeStackNavigator)
06-15 09:17:36.242  6727  6893 E ReactNativeJS:     in PreventRemoveProvider (created by NavigationContent)
06-15 09:17:36.242  6727  6893 E ReactNativeJS:     in NavigationContent
06-15 09:17:36.242  6727  6893 E ReactNativeJS:     in Unknown (created by NativeStackNavigator)
06-15 09:17:36.242  6727  6893 E ReactNativeJS:     in NativeStackNavigator
06-15 09:17:36.242  6727  6893 E ReactNativeJS:     in Unknown (created by RootLayout)
06-15 09:17:36.242  6727  6893 E ReactNativeJS:     in RNGestureHandlerRootView (created by GestureHandlerRootView)
06-15 09:17:36.242  6727  6893 E ReactNativeJS:     in GestureHandlerRootView (created by RootLayout)
06-15 09:17:36.242  6727  6893 E ReactNativeJS:     in RootLayout
06-15 09:17:36.242  6727  6893 E ReactNativeJS:     in Unknown (created by Route())
06-15 09:17:36.242  6727  6893 E ReactNativeJS:     in Suspense (created by Route())
06-15 09:17:36.242  6727  6893 E ReactNativeJS:     in Route (created by Route())
06-15 09:17:36.242  6727  6893 E ReactNativeJS:     in Route() (created by ContextNavigator)
06-15 09:17:36.242  6727  6893 E ReactNativeJS:     in RNCSafeAreaProvider (created by SafeAreaProvider)
06-15 09:17:36.242  6727  6893 E ReactNativeJS:     in SafeAreaProvider (created by wrapper)
06-15 09:17:36.242  6727  6893 E ReactNativeJS:     in wrapper (created by ContextNavigator)
06-15 09:17:36.242  6727  6893 E ReactNativeJS:     in EnsureSingleNavigator
06-15 09:17:36.242  6727  6893 E ReactNativeJS:     in BaseNavigationContainer
06-15 09:17:36.242  6727  6893 E ReactNativeJS:     in ThemeProvider
06-15 09:17:36.242  6727  6893 E ReactNativeJS:     in NavigationContainerInner (created by ContextNavigator)
06-15 09:17:36.242  6727  6893 E ReactNativeJS:     in ContextNavigator (created by ExpoRoot)
06-15 09:17:36.242  6727  6893 E ReactNativeJS:     in ExpoRoot (created by App)
06-15 09:17:36.242  6727  6893 E ReactNativeJS:     in App 
06-15 09:17:36.243  6727  6893 E ReactNativeJS: TypeError: 0, _hubInboundDroneDodgeBridge.resetHubInboundDroneDodgeBridge is not a function (it is undefined)
06-15 09:17:36.243  6727  6893 E ReactNativeJS: 
06-15 09:17:36.243  6727  6893 E ReactNativeJS: This error is located at:
06-15 09:17:36.243  6727  6893 E ReactNativeJS:     in PlanetScreen
06-15 09:17:36.243  6727  6893 E ReactNativeJS:     in Unknown (created by Route(planet))
06-15 09:17:36.243  6727  6893 E ReactNativeJS:     in Suspense (created by Route(planet))
06-15 09:17:36.243  6727  6893 E ReactNativeJS:     in Route (created by Route(planet))
06-15 09:17:36.243  6727  6893 E ReactNativeJS:     in Route(planet) (created by SceneView)
06-15 09:17:36.243  6727  6893 E ReactNativeJS:     in StaticContainer
06-15 09:17:36.243  6727  6893 E ReactNativeJS:     in EnsureSingleNavigator (created by SceneView)
06-15 09:17:36.243  6727  6893 E ReactNativeJS:     in SceneView (created by SceneView)
06-15 09:17:36.243  6727  6893 E ReactNativeJS:     in RCTView (created by View)
06-15 09:17:36.243  6727  6893 E ReactNativeJS:     in View (created by DebugContainer)
06-15 09:17:36.243  6727  6893 E ReactNativeJS:     in DebugContainer (created by MaybeNestedStack)
06-15 09:17:36.243  6727  6893 E ReactNativeJS:     in MaybeNestedStack (created by SceneView)
06-15 09:17:36.243  6727  6893 E ReactNativeJS:     in RCTView (created by View)
06-15 09:17:36.243  6727  6893 E ReactNativeJS:     in View (created by SceneView)
06-15 09:17:36.243  6727  6893 E ReactNativeJS:     in RNSScreen (created by Animated(Anonymous))
06-15 09:17:36.243  6727  6893 E ReactNativeJS:     in Animated(Anonymous) (created by InnerScreen)
06-15 09:17:36.243  6727  6893 E ReactNativeJS:     in Suspender (created by Freeze)
06-15 09:17:36.243  6727  6893 E ReactNativeJS:     in Suspense (created by Freeze)
06-15 09:17:36.243  6727  6893 E ReactNativeJS:     in Freeze (created by DelayedFreeze)
06-15 09:17:36.243  6727  6893 E ReactNativeJS:     in DelayedFreeze (created by InnerScreen)
06-15 09:17:36.243  6727  6893 E ReactNativeJS:     in InnerScreen (created by Screen)
06-15 09:17:36.243  6727  6893 E ReactNativeJS:     in Screen (created by SceneView)
06-15 09:17:36.243  6727  6893 E ReactNativeJS:     in SceneView (created by NativeStackViewInner)
06-15 09:17:36.243  6727  6893 E ReactNativeJS:     in Suspender (created by Freeze)
06-15 09:17:36.243  6727  6893 E ReactNativeJS:     in Suspense (created by Freeze)
06-15 09:17:36.243  6727  6893 E ReactNativeJS:     in Freeze (created by DelayedFreeze)
06-15 09:17:36.243  6727  6893 E ReactNativeJS:     in DelayedFreeze (created by ScreenStack)
06-15 09:17:36.243  6727  6893 E ReactNativeJS:     in RNSScreenStack (created by ScreenStack)
06-15 09:17:36.243  6727  6893 E ReactNativeJS:     in ScreenStack (created by NativeStackViewInner)
06-15 09:17:36.243  6727  6893 E ReactNativeJS:     in NativeStackViewInner (created by NativeStackView)
06-15 09:17:36.243  6727  6893 E ReactNativeJS:     in RCTView (created by View)
06-15 09:17:36.243  6727  6893 E ReactNativeJS:     in View (created by SafeAreaProviderCompat)
06-15 09:17:36.243  6727  6893 E ReactNativeJS:     in SafeAreaProviderCompat (created by NativeStackView)
06-15 09:17:36.243  6727  6893 E ReactNativeJS:     in NativeStackView (created by NativeStackNavigator)
06-15 09:17:36.243  6727  6893 E ReactNativeJS:     in PreventRemoveProvider (created by NavigationContent)
06-15 09:17:36.243  6727  6893 E ReactNativeJS:     in NavigationContent
06-15 09:17:36.243  6727  6893 E ReactNativeJS:     in Unknown (created by NativeStackNavigator)
06-15 09:17:36.243  6727  6893 E ReactNativeJS:     in NativeStackNavigator
06-15 09:17:36.243  6727  6893 E ReactNativeJS:     in Unknown (created by GameLayout)
06-15 09:17:36.243  6727  6893 E ReactNativeJS:     in GameLayout
06-15 09:17:36.243  6727  6893 E ReactNativeJS:     in Unknown (created by Route((game)))
06-15 09:17:36.243  6727  6893 E ReactNativeJS:     in Suspense (created by Route((game)))
06-15 09:17:36.243  6727  6893 E ReactNativeJS:     in Route (created by Route((game)))
06-15 09:17:36.243  6727  6893 E ReactNativeJS:     in Route((game)) (created by SceneView)
06-15 09:17:36.243  6727  6893 E ReactNativeJS:     in StaticContainer
06-15 09:17:36.243  6727  6893 E ReactNativeJS:     in EnsureSingleNavigator (created by SceneView)
06-15 09:17:36.243  6727  6893 E ReactNativeJS:     in SceneView (created by SceneView)
06-15 09:17:36.243  6727  6893 E ReactNativeJS:     in RCTView (created by View)
06-15 09:17:36.243  6727  6893 E ReactNativeJS:     in View (created by DebugContainer)
06-15 09:17:36.243  6727  6893 E ReactNativeJS:     in DebugContainer (created by MaybeNestedStack)
06-15 09:17:36.243  6727  6893 E ReactNativeJS:     in MaybeNestedStack (created by SceneView)
06-15 09:17:36.243  6727  6893 E ReactNativeJS:     in RCTView (created by View)
06-15 09:17:36.243  6727  6893 E ReactNativeJS:     in View (created by SceneView)
06-15 09:17:36.243  6727  6893 E ReactNativeJS:     in RNSScreen (created by Animated(Anonymous))
06-15 09:17:36.243  6727  6893 E ReactNativeJS:     in Animated(Anonymous) (created by InnerScreen)
06-15 09:17:36.243  6727  6893 E ReactNativeJS:     in Suspender (created by Freeze)
06-15 09:17:36.243  6727  6893 E ReactNativeJS:     in Suspense (created by Freeze)
06-15 09:17:36.243  6727  6893 E ReactNativeJS:     in Freeze (created by DelayedFreeze)
06-15 09:17:36.243  6727  6893 E ReactNativeJS:     in DelayedFreeze (created by InnerScreen)
06-15 09:17:36.243  6727  6893 E ReactNativeJS:     in InnerScreen (created by Screen)
06-15 09:17:36.243  6727  6893 E ReactNativeJS:     in Screen (created by SceneView)
06-15 09:17:36.243  6727  6893 E ReactNativeJS:     in SceneView (created by NativeStackViewInner)
06-15 09:17:36.243  6727  6893 E ReactNativeJS:     in Suspender (created by Freeze)
06-15 09:17:36.243  6727  6893 E ReactNativeJS:     in Suspense (created by Freeze)
06-15 09:17:36.243  6727  6893 E ReactNativeJS:     in Freeze (created by DelayedFreeze)
06-15 09:17:36.243  6727  6893 E ReactNativeJS:     in DelayedFreeze (created by ScreenStack)
06-15 09:17:36.243  6727  6893 E ReactNativeJS:     in RNSScreenStack (created by ScreenStack)
06-15 09:17:36.243  6727  6893 E ReactNativeJS:     in ScreenStack (created by NativeStackViewInner)
06-15 09:17:36.243  6727  6893 E ReactNativeJS:     in NativeStackViewInner (created by NativeStackView)
06-15 09:17:36.243  6727  6893 E ReactNativeJS:     in RCTView (created by View)
06-15 09:17:36.243  6727  6893 E ReactNativeJS:     in View (created by SafeAreaProviderCompat)
06-15 09:17:36.243  6727  6893 E ReactNativeJS:     in SafeAreaProviderCompat (created by NativeStackView)
06-15 09:17:36.243  6727  6893 E ReactNativeJS:     in NativeStackView (created by NativeStackNavigator)
06-15 09:17:36.243  6727  6893 E ReactNativeJS:     in PreventRemoveProvider (created by NavigationContent)
06-15 09:17:36.243  6727  6893 E ReactNativeJS:     in NavigationContent
06-15 09:17:36.243  6727  6893 E ReactNativeJS:     in Unknown (created by NativeStackNavigator)
06-15 09:17:36.243  6727  6893 E ReactNativeJS:     in NativeStackNavigator
06-15 09:17:36.243  6727  6893 E ReactNativeJS:     in Unknown (created by RootLayout)
06-15 09:17:36.243  6727  6893 E ReactNativeJS:     in RNGestureHandlerRootView (created by GestureHandlerRootView)
06-15 09:17:36.243  6727  6893 E ReactNativeJS:     in GestureHandlerRootView (created by RootLayout)
06-15 09:17:36.243  6727  6893 E ReactNativeJS:     in RootLayout
06-15 09:17:36.243  6727  6893 E ReactNativeJS:     in Unknown (created by Route())
06-15 09:17:36.243  6727  6893 E ReactNativeJS:     in Suspense (created by Route())
06-15 09:17:36.243  6727  6893 E ReactNativeJS:     in Route (created by Route())
06-15 09:17:36.243  6727  6893 E ReactNativeJS:     in Route() (created by ContextNavigator)
06-15 09:17:36.243  6727  6893 E ReactNativeJS:     in RNCSafeAreaProvider (created by SafeAreaProvider)
06-15 09:17:36.243  6727  6893 E ReactNativeJS:     in SafeAreaProvider (created by wrapper)
06-15 09:17:36.243  6727  6893 E ReactNativeJS:     in wrapper (created by ContextNavigator)
06-15 09:17:36.243  6727  6893 E ReactNativeJS:     in EnsureSingleNavigator
06-15 09:17:36.243  6727  6893 E ReactNativeJS:     in BaseNavigationContainer
06-15 09:17:36.243  6727  6893 E ReactNativeJS:     in ThemeProvider
06-15 09:17:36.243  6727  6893 E ReactNativeJS:     in NavigationContainerInner (created by ContextNavigator)
06-15 09:17:36.243  6727  6893 E ReactNativeJS:     in ContextNavigator (created by ExpoRoot)
06-15 09:17:36.243  6727  6893 E ReactNativeJS:     in ExpoRoot (created by App)
06-15 09:17:36.243  6727  6893 E ReactNativeJS:    
06-15 09:17:36.256  6727  6893 E ReactNativeJS: TypeError: 0, _planetStageGpuSupervisor.releaseAllPlanetGpuLayers is not a function (it is undefined)
06-15 09:17:36.256  6727  6893 E ReactNativeJS: 
06-15 09:17:36.256  6727  6893 E ReactNativeJS: This error is located at:
06-15 09:17:36.256  6727  6893 E ReactNativeJS:     in PlanetScreen
06-15 09:17:36.256  6727  6893 E ReactNativeJS:     in Unknown (created by Route(planet))
06-15 09:17:36.256  6727  6893 E ReactNativeJS:     in Suspense (created by Route(planet))
06-15 09:17:36.256  6727  6893 E ReactNativeJS:     in Route (created by Route(planet))
06-15 09:17:36.256  6727  6893 E ReactNativeJS:     in Route(planet) (created by SceneView)
06-15 09:17:36.256  6727  6893 E ReactNativeJS:     in StaticContainer
06-15 09:17:36.256  6727  6893 E ReactNativeJS:     in EnsureSingleNavigator (created by SceneView)
06-15 09:17:36.256  6727  6893 E ReactNativeJS:     in SceneView (created by SceneView)
06-15 09:17:36.256  6727  6893 E ReactNativeJS:     in RCTView (created by View)
06-15 09:17:36.256  6727  6893 E ReactNativeJS:     in View (created by DebugContainer)
06-15 09:17:36.256  6727  6893 E ReactNativeJS:     in DebugContainer (created by MaybeNestedStack)
06-15 09:17:36.256  6727  6893 E ReactNativeJS:     in MaybeNestedStack (created by SceneView)
06-15 09:17:36.256  6727  6893 E ReactNativeJS:     in RCTView (created by View)
06-15 09:17:36.256  6727  6893 E ReactNativeJS:     in View (created by SceneView)
06-15 09:17:36.256  6727  6893 E ReactNativeJS:     in RNSScreen (created by Animated(Anonymous))
06-15 09:17:36.256  6727  6893 E ReactNativeJS:     in Animated(Anonymous) (created by InnerScreen)
06-15 09:17:36.256  6727  6893 E ReactNativeJS:     in Suspender (created by Freeze)
06-15 09:17:36.256  6727  6893 E ReactNativeJS:     in Suspense (created by Freeze)
06-15 09:17:36.256  6727  6893 E ReactNativeJS:     in Freeze (created by DelayedFreeze)
06-15 09:17:36.256  6727  6893 E ReactNativeJS:     in DelayedFreeze (created by InnerScreen)
06-15 09:17:36.256  6727  6893 E ReactNativeJS:     in InnerScreen (created by Screen)
06-15 09:17:36.256  6727  6893 E ReactNativeJS:     in Screen (created by SceneView)
06-15 09:17:36.256  6727  6893 E ReactNativeJS:     in SceneView (created by NativeStackViewInner)
06-15 09:17:36.256  6727  6893 E ReactNativeJS:     in Suspender (created by Freeze)
06-15 09:17:36.256  6727  6893 E ReactNativeJS:     in Suspense (created by Freeze)
06-15 09:17:36.256  6727  6893 E ReactNativeJS:     in Freeze (created by DelayedFreeze)
06-15 09:17:36.256  6727  6893 E ReactNativeJS:     in DelayedFreeze (created by ScreenStack)
06-15 09:17:36.256  6727  6893 E ReactNativeJS:     in RNSScreenStack (created by ScreenStack)
06-15 09:17:36.256  6727  6893 E ReactNativeJS:     in ScreenStack (created by NativeStackViewInner)
06-15 09:17:36.256  6727  6893 E ReactNativeJS:     in NativeStackViewInner (created by NativeStackView)
06-15 09:17:36.256  6727  6893 E ReactNativeJS:     in RCTView (created by View)
06-15 09:17:36.256  6727  6893 E ReactNativeJS:     in View (created by SafeAreaProviderCompat)
06-15 09:17:36.256  6727  6893 E ReactNativeJS:     in SafeAreaProviderCompat (created by NativeStackView)
06-15 09:17:36.256  6727  6893 E ReactNativeJS:     in NativeStackView (created by NativeStackNavigator)
06-15 09:17:36.256  6727  6893 E ReactNativeJS:     in PreventRemoveProvider (created by NavigationContent)
06-15 09:17:36.256  6727  6893 E ReactNativeJS:     in NavigationContent
06-15 09:17:36.256  6727  6893 E ReactNativeJS:     in Unknown (created by NativeStackNavigator)
06-15 09:17:36.256  6727  6893 E ReactNativeJS:     in NativeStackNavigator
06-15 09:17:36.256  6727  6893 E ReactNativeJS:     in Unknown (created by GameLayout)
06-15 09:17:36.256  6727  6893 E ReactNativeJS:     in GameLayout
06-15 09:17:36.256  6727  6893 E ReactNativeJS:     in Unknown (created by Route((game)))
06-15 09:17:36.256  6727  6893 E ReactNativeJS:     in Suspense (created by Route((game)))
06-15 09:17:36.256  6727  6893 E ReactNativeJS:     in Route (created by Route((game)))
06-15 09:17:36.256  6727  6893 E ReactNativeJS:     in Route((game)) (created by SceneView)
06-15 09:17:36.256  6727  6893 E ReactNativeJS:     in StaticContainer
06-15 09:17:36.256  6727  6893 E ReactNativeJS:     in EnsureSingleNavigator (created by SceneView)
06-15 09:17:36.256  6727  6893 E ReactNativeJS:     in SceneView (created by SceneView)
06-15 09:17:36.256  6727  6893 E ReactNativeJS:     in RCTView (created by View)
06-15 09:17:36.256  6727  6893 E ReactNativeJS:     in View (created by DebugContainer)
06-15 09:17:36.256  6727  6893 E ReactNativeJS:     in DebugContainer (created by MaybeNestedStack)
06-15 09:17:36.256  6727  6893 E ReactNativeJS:     in MaybeNestedStack (created by SceneView)
06-15 09:17:36.256  6727  6893 E ReactNativeJS:     in RCTView (created by View)
06-15 09:17:36.256  6727  6893 E ReactNativeJS:     in View (created by SceneView)
06-15 09:17:36.256  6727  6893 E ReactNativeJS:     in RNSScreen (created by Animated(Anonymous))
06-15 09:17:36.256  6727  6893 E ReactNativeJS:     in Animated(Anonymous) (created by InnerScreen)
06-15 09:17:36.256  6727  6893 E ReactNativeJS:     in Suspender (created by Freeze)
06-15 09:17:36.256  6727  6893 E ReactNativeJS:     in Suspense (created by Freeze)
06-15 09:17:36.256  6727  6893 E ReactNativeJS:     in Freeze (created by DelayedFreeze)
06-15 09:17:36.256  6727  6893 E ReactNativeJS:     in DelayedFreeze (created by InnerScreen)
06-15 09:17:36.256  6727  6893 E ReactNativeJS:     in InnerScreen (created by Screen)
06-15 09:17:36.256  6727  6893 E ReactNativeJS:     in Screen (created by SceneView)
06-15 09:17:36.256  6727  6893 E ReactNativeJS:     in SceneView (created by NativeStackViewInner)
06-15 09:17:36.256  6727  6893 E ReactNativeJS:     in Suspender (created by Freeze)
06-15 09:17:36.256  6727  6893 E ReactNativeJS:     in Suspense (created by Freeze)
06-15 09:17:36.256  6727  6893 E ReactNativeJS:     in Freeze (created by DelayedFreeze)
06-15 09:17:36.256  6727  6893 E ReactNativeJS:     in DelayedFreeze (created by ScreenStack)
06-15 09:17:36.256  6727  6893 E ReactNativeJS:     in RNSScreenStack (created by ScreenStack)
06-15 09:17:36.256  6727  6893 E ReactNativeJS:     in ScreenStack (created by NativeStackViewInner)
06-15 09:17:36.256  6727  6893 E ReactNativeJS:     in NativeStackViewInner (created by NativeStackView)
06-15 09:17:36.256  6727  6893 E ReactNativeJS:     in RCTView (created by View)
06-15 09:17:36.256  6727  6893 E ReactNativeJS:     in View (created by SafeAreaProviderCompat)
06-15 09:17:36.256  6727  6893 E ReactNativeJS:     in SafeAreaProviderCompat (created by NativeStackView)
06-15 09:17:36.256  6727  6893 E ReactNativeJS:     in NativeStackView (created by NativeStackNavigator)
06-15 09:17:36.256  6727  6893 E ReactNativeJS:     in PreventRemoveProvider (created by NavigationContent)
06-15 09:17:36.256  6727  6893 E ReactNativeJS:     in NavigationContent
06-15 09:17:36.256  6727  6893 E ReactNativeJS:     in Unknown (created by NativeStackNavigator)
06-15 09:17:36.256  6727  6893 E ReactNativeJS:     in NativeStackNavigator
06-15 09:17:36.256  6727  6893 E ReactNativeJS:     in Unknown (created by RootLayout)
06-15 09:17:36.256  6727  6893 E ReactNativeJS:     in RNGestureHandlerRootView (created by GestureHandlerRootView)
06-15 09:17:36.256  6727  6893 E ReactNativeJS:     in GestureHandlerRootView (created by RootLayout)
06-15 09:17:36.256  6727  6893 E ReactNativeJS:     in RootLayout
06-15 09:17:36.256  6727  6893 E ReactNativeJS:     in Unknown (created by Route())
06-15 09:17:36.256  6727  6893 E ReactNativeJS:     in Suspense (created by Route())
06-15 09:17:36.256  6727  6893 E ReactNativeJS:     in Route (created by Route())
06-15 09:17:36.256  6727  6893 E ReactNativeJS:     in Route() (created by ContextNavigator)
06-15 09:17:36.256  6727  6893 E ReactNativeJS:     in RNCSafeAreaProvider (created by SafeAreaProvider)
06-15 09:17:36.256  6727  6893 E ReactNativeJS:     in SafeAreaProvider (created by wrapper)
06-15 09:17:36.256  6727  6893 E ReactNativeJS:     in wrapper (created by ContextNavigator)
06-15 09:17:36.256  6727  6893 E ReactNativeJS:     in EnsureSingleNavigator
06-15 09:17:36.256  6727  6893 E ReactNativeJS:     in BaseNavigationContainer
06-15 09:17:36.256  6727  6893 E ReactNativeJS:     in ThemeProvider
06-15 09:17:36.256  6727  6893 E ReactNativeJS:     in NavigationContainerInner (created by ContextNavigator)
06-15 09:17:36.257  6727  6893 E ReactNativeJS:     in ContextNavigator (created by ExpoRoot)
06-15 09:17:36.257  6727  6893 E ReactNativeJS:     in ExpoRoot (created by App)
06-15 09:17:36.257  6727  6893 E ReactNativeJS:     in App 
