--------- beginning of system
06-16 22:31:51.205  1909  1972 I ActivityManager: Killing 22488:com.samsung.android.aremoji/u0a50 (adj 965): empty #25
06-16 22:31:56.892  1909  1973 I ActivityManager: Start proc 24205:com.google.android.rkpdapp/u0a348 for service {com.google.android.rkpdapp/com.android.rkpdapp.service.RemoteProvisioningService}
06-16 22:31:56.892  1909  1973 I ActivityManager: ProcessObserver broadcast disabled
06-16 22:31:56.979  1909  2870 I ActivityManager: Changes in 10348 19 to 6, 0 to 128
06-16 22:31:56.993  1909  2537 I ActivityManager: Changes in 10348 6 to 10, 128 to 0
06-16 22:31:56.995  1909  2870 I ActivityManager: Killing 22505:com.samsung.android.app.reminder/u0a224 (adj 955): empty #25
06-16 22:33:44.728  1909  1972 I ActivityManager: Changes in 10096 19 to 11, 0 to 128
06-16 22:33:44.734  1909  4356 I ActivityManager: Changes in 10096 11 to 19, 128 to 0
06-16 22:33:45.625  1909  1973 I ActivityManager: Start proc 24545:com.google.android.googlequicksearchbox:search/u0a253 for service {com.google.android.googlequicksearchbox/androidx.work.impl.background.systemjob.SystemJobService}
06-16 22:33:45.626  1909  1973 I ActivityManager: ProcessObserver broadcast disabled
06-16 22:33:45.930  1909  4356 I ActivityManager: Killing 22518:com.samsung.android.samsungpass/u0a127 (adj 955): empty #25
06-16 22:35:40.027  1909  1973 I ActivityManager: Start proc 24702:com.samsung.mfcontents/u0a95 for service {com.samsung.mfcontents/com.samsung.mfcontents.scheduler.MFCJobService}
06-16 22:35:40.027  1909  1973 I ActivityManager: ProcessObserver broadcast disabled
06-16 22:35:40.127  1909  2870 I ActivityManager: Changes in 10095 19 to 8, 0 to 128
06-16 22:35:40.140  1909  2870 I ActivityManager: Changes in 10095 8 to 10, 128 to 0
06-16 22:35:40.143  1909  2870 I ActivityManager: Killing 22508:com.sec.android.app.sbrowser/u0a330 (adj 955): empty #25
--------- beginning of main
06-16 22:36:49.140 23549 23631 W ReactNativeJS: This method is deprecated (as well as all React Native Firebase namespaced API) and will be removed in the next major release as part of move to match Firebase Web modular SDK API. Please see migration guide for more details: https://rnfirebase.io/migrating-to-v22. Method called was `FieldValue`. Please use `FieldValue` instead.
06-16 22:36:49.141 23549 23631 W ReactNativeJS: This method is deprecated (as well as all React Native Firebase namespaced API) and will be removed in the next major release as part of move to match Firebase Web modular SDK API. Please see migration guide for more details: https://rnfirebase.io/migrating-to-v22. Method called was `delete`. Please use `deleteField()` instead.
06-16 22:36:49.142 23549 23631 W ReactNativeJS: This method is deprecated (as well as all React Native Firebase namespaced API) and will be removed in the next major release as part of move to match Firebase Web modular SDK API. Please see migration guide for more details: https://rnfirebase.io/migrating-to-v22. Method called was `FieldValue`. Please use `FieldValue` instead.
06-16 22:36:49.143 23549 23631 W ReactNativeJS: This method is deprecated (as well as all React Native Firebase namespaced API) and will be removed in the next major release as part of move to match Firebase Web modular SDK API. Please see migration guide for more details: https://rnfirebase.io/migrating-to-v22. Method called was `serverTimestamp`. Please use `serverTimestamp()` instead.
06-16 22:37:00.121 23549 23631 E ReactNativeJS: ReferenceError: Property 'SplashScreen' doesn't exist
06-16 22:37:08.875 23549 23631 W ReactNativeJS: 'This method is deprecated (as well as all React Native Firebase namespaced API) and will be removed in the next major release as part of move to match Firebase Web modular SDK API. Please see migration guide for more details: https://rnfirebase.io/migrating-to-v22 Please use `getApp()` instead.', { [Component Stack] name: 'Component Stack' }
06-16 22:37:08.886 23549 23631 W ReactNativeJS: 'This method is deprecated (as well as all React Native Firebase namespaced API) and will be removed in the next major release as part of move to match Firebase Web modular SDK API. Please see migration guide for more details: https://rnfirebase.io/migrating-to-v22 Please use `getApp()` instead.', { [Component Stack] name: 'Component Stack' }
06-16 22:37:08.898 23549 23631 W ReactNativeJS: 'This method is deprecated (as well as all React Native Firebase namespaced API) and will be removed in the next major release as part of move to match Firebase Web modular SDK API. Please see migration guide for more details: https://rnfirebase.io/migrating-to-v22. Method called was `logEvent`. Please use `logEvent()` instead.', { [Component Stack] name: 'Component Stack' }
06-16 22:37:08.917  1909  2769 I ActivityManager: Changes in 99137 19 to 3, 0 to 184
06-16 22:37:08.922 23549 23631 E ReactNativeJS: ReferenceError: Property 'SplashScreen' doesn't exist
06-16 22:37:08.922 23549 23631 E ReactNativeJS: 
06-16 22:37:08.922 23549 23631 E ReactNativeJS: This error is located at:
06-16 22:37:08.922 23549 23631 E ReactNativeJS:     in RootLayout
06-16 22:37:08.922 23549 23631 E ReactNativeJS:     in Unknown (created by Route())
06-16 22:37:08.922 23549 23631 E ReactNativeJS:     in Suspense (created by Route())
06-16 22:37:08.922 23549 23631 E ReactNativeJS:     in Route (created by Route())
06-16 22:37:08.922 23549 23631 E ReactNativeJS:     in Route() (created by ContextNavigator)
06-16 22:37:08.922 23549 23631 E ReactNativeJS:     in RNCSafeAreaProvider (created by SafeAreaProvider)
06-16 22:37:08.922 23549 23631 E ReactNativeJS:     in SafeAreaProvider (created by wrapper)
06-16 22:37:08.922 23549 23631 E ReactNativeJS:     in wrapper (created by ContextNavigator)
06-16 22:37:08.922 23549 23631 E ReactNativeJS:     in EnsureSingleNavigator
06-16 22:37:08.922 23549 23631 E ReactNativeJS:     in BaseNavigationContainer
06-16 22:37:08.922 23549 23631 E ReactNativeJS:     in ThemeProvider
06-16 22:37:08.922 23549 23631 E ReactNativeJS:     in NavigationContainerInner (created by ContextNavigator)
06-16 22:37:08.922 23549 23631 E ReactNativeJS:     in ContextNavigator (created by ExpoRoot)
06-16 22:37:08.922 23549 23631 E ReactNativeJS:     in ExpoRoot (created by App)
06-16 22:37:08.922 23549 23631 E ReactNativeJS:     in App (created by ErrorOverlay)
06-16 22:37:08.922 23549 23631 E ReactNativeJS:     in ErrorToastContainer (created by ErrorOverlay)
06-16 22:37:08.922 23549 23631 E ReactNativeJS:     in ErrorOverlay (created by withDevTools(ErrorOverlay))
06-16 22:37:08.922 23549 23631 E ReactNativeJS:     in withDevTools(ErrorOverlay)
06-16 22:37:08.922 23549 23631 E ReactNativeJS:     in RCTView (created by View)
06-16 22:37:08.922 23549 23631 E ReactNativeJS:     in View (created by AppContainer)
06-16 22:37:08.922 23549 23631 E ReactNativeJS:     in RCTView (created by View)
06-16 22:37:08.922 23549 23631 E ReactNativeJS:     in View (created by AppContainer)
06-16 22:37:08.922 23549 23631 E ReactNativeJS:     in AppContainer
06-16 22:37:08.922 23549 23631 E ReactNativeJS:     in main(RootComponent)
06-16 22:37:08.948 23549 23631 E ReactNativeJS: ReferenceError: Property 'SplashScreen' doesn't exist
06-16 22:37:08.948 23549 23631 E ReactNativeJS: 
06-16 22:37:08.948 23549 23631 E ReactNativeJS: This error is located at:
06-16 22:37:08.948 23549 23631 E ReactNativeJS:     in RootLayout
06-16 22:37:08.948 23549 23631 E ReactNativeJS:     in Unknown (created by Route())
06-16 22:37:08.948 23549 23631 E ReactNativeJS:     in Suspense (created by Route())
06-16 22:37:08.948 23549 23631 E ReactNativeJS:     in Route (created by Route())
06-16 22:37:08.948 23549 23631 E ReactNativeJS:     in Route() (created by ContextNavigator)
06-16 22:37:08.948 23549 23631 E ReactNativeJS:     in RNCSafeAreaProvider (created by SafeAreaProvider)
06-16 22:37:08.948 23549 23631 E ReactNativeJS:     in SafeAreaProvider (created by wrapper)
06-16 22:37:08.948 23549 23631 E ReactNativeJS:     in wrapper (created by ContextNavigator)
06-16 22:37:08.948 23549 23631 E ReactNativeJS:     in EnsureSingleNavigator
06-16 22:37:08.948 23549 23631 E ReactNativeJS:     in BaseNavigationContainer
06-16 22:37:08.948 23549 23631 E ReactNativeJS:     in ThemeProvider
06-16 22:37:08.948 23549 23631 E ReactNativeJS:     in NavigationContainerInner (created by ContextNavigator)
06-16 22:37:08.948 23549 23631 E ReactNativeJS:     in ContextNavigator (created by ExpoRoot)
06-16 22:37:08.948 23549 23631 E ReactNativeJS:     in ExpoRoot (created by App)
06-16 22:37:08.948 23549 23631 E ReactNativeJS:     in App (created by ErrorOverlay)
06-16 22:37:08.948 23549 23631 E ReactNativeJS:     in ErrorToastContainer (created by ErrorOverlay)
06-16 22:37:08.948 23549 23631 E ReactNativeJS:     in ErrorOverlay (created by withDevTools(ErrorOverlay))
06-16 22:37:08.948 23549 23631 E ReactNativeJS:     in withDevTools(ErrorOverlay)
06-16 22:37:08.948 23549 23631 E ReactNativeJS:     in RCTView (created by View)
06-16 22:37:08.948 23549 23631 E ReactNativeJS:     in View (created by AppContainer)
06-16 22:37:08.948 23549 23631 E ReactNativeJS:     in RCTView (created by View)
06-16 22:37:08.948 23549 23631 E ReactNativeJS:     in View (created by AppContainer)
06-16 22:37:08.948 23549 23631 E ReactNativeJS:     in AppContainer
06-16 22:37:08.948 23549 23631 E ReactNativeJS:     in main(RootComponent)
06-16 22:37:09.043 23549 23631 W ReactNativeJS: This method is deprecated (as well as all React Native Firebase namespaced API) and will be removed in the next major release as part of move to match Firebase Web modular SDK API. Please see migration guide for more details: https://rnfirebase.io/migrating-to-v22. Method called was `FieldValue`. Please use `FieldValue` instead.
06-16 22:37:09.043 23549 23631 W ReactNativeJS: This method is deprecated (as well as all React Native Firebase namespaced API) and will be removed in the next major release as part of move to match Firebase Web modular SDK API. Please see migration guide for more details: https://rnfirebase.io/migrating-to-v22. Method called was `delete`. Please use `deleteField()` instead.
06-16 22:37:09.043 23549 23631 W ReactNativeJS: This method is deprecated (as well as all React Native Firebase namespaced API) and will be removed in the next major release as part of move to match Firebase Web modular SDK API. Please see migration guide for more details: https://rnfirebase.io/migrating-to-v22. Method called was `FieldValue`. Please use `FieldValue` instead.
06-16 22:37:09.043 23549 23631 W ReactNativeJS: This method is deprecated (as well as all React Native Firebase namespaced API) and will be removed in the next major release as part of move to match Firebase Web modular SDK API. Please see migration guide for more details: https://rnfirebase.io/migrating-to-v22. Method called was `serverTimestamp`. Please use `serverTimestamp()` instead.
06-16 22:37:18.977  1909  2537 I ActivityManager: Changes in 99137 3 to 10, 184 to 0
06-16 22:37:27.270 23549 23631 W ReactNativeJS: 'This method is deprecated (as well as all React Native Firebase namespaced API) and will be removed in the next major release as part of move to match Firebase Web modular SDK API. Please see migration guide for more details: https://rnfirebase.io/migrating-to-v22 Please use `getApp()` instead.', { [Component Stack] name: 'Component Stack' }
06-16 22:37:27.281 23549 23631 W ReactNativeJS: 'This method is deprecated (as well as all React Native Firebase namespaced API) and will be removed in the next major release as part of move to match Firebase Web modular SDK API. Please see migration guide for more details: https://rnfirebase.io/migrating-to-v22 Please use `getApp()` instead.', { [Component Stack] name: 'Component Stack' }
06-16 22:37:27.291 23549 23631 W ReactNativeJS: 'This method is deprecated (as well as all React Native Firebase namespaced API) and will be removed in the next major release as part of move to match Firebase Web modular SDK API. Please see migration guide for more details: https://rnfirebase.io/migrating-to-v22. Method called was `logEvent`. Please use `logEvent()` instead.', { [Component Stack] name: 'Component Stack' }
06-16 22:37:27.337  1909  4225 I ActivityManager: Changes in 99137 19 to 3, 0 to 184
06-16 22:37:27.407 23549 23631 W ReactNativeJS: This method is deprecated (as well as all React Native Firebase namespaced API) and will be removed in the next major release as part of move to match Firebase Web modular SDK API. Please see migration guide for more details: https://rnfirebase.io/migrating-to-v22. Method called was `FieldValue`. Please use `FieldValue` instead.
06-16 22:37:27.407 23549 23631 W ReactNativeJS: This method is deprecated (as well as all React Native Firebase namespaced API) and will be removed in the next major release as part of move to match Firebase Web modular SDK API. Please see migration guide for more details: https://rnfirebase.io/migrating-to-v22. Method called was `delete`. Please use `deleteField()` instead.
06-16 22:37:27.407 23549 23631 W ReactNativeJS: This method is deprecated (as well as all React Native Firebase namespaced API) and will be removed in the next major release as part of move to match Firebase Web modular SDK API. Please see migration guide for more details: https://rnfirebase.io/migrating-to-v22. Method called was `FieldValue`. Please use `FieldValue` instead.
06-16 22:37:27.408 23549 23631 W ReactNativeJS: This method is deprecated (as well as all React Native Firebase namespaced API) and will be removed in the next major release as part of move to match Firebase Web modular SDK API. Please see migration guide for more details: https://rnfirebase.io/migrating-to-v22. Method called was `serverTimestamp`. Please use `serverTimestamp()` instead.
06-16 22:37:37.387  1909  2224 I ActivityManager: Changes in 99137 3 to 10, 184 to 0
06-16 22:39:25.074 23549 24899 W ReactNativeJS: 'This method is deprecated (as well as all React Native Firebase namespaced API) and will be removed in the next major release as part of move to match Firebase Web modular SDK API. Please see migration guide for more details: https://rnfirebase.io/migrating-to-v22 Please use `getApp()` instead.', { [Component Stack] name: 'Component Stack' }
06-16 22:39:25.091 23549 24899 W ReactNativeJS: 'This method is deprecated (as well as all React Native Firebase namespaced API) and will be removed in the next major release as part of move to match Firebase Web modular SDK API. Please see migration guide for more details: https://rnfirebase.io/migrating-to-v22 Please use `getApp()` instead.', { [Component Stack] name: 'Component Stack' }
06-16 22:39:25.105 23549 24899 W ReactNativeJS: 'This method is deprecated (as well as all React Native Firebase namespaced API) and will be removed in the next major release as part of move to match Firebase Web modular SDK API. Please see migration guide for more details: https://rnfirebase.io/migrating-to-v22. Method called was `settings`. Please use `settings()` instead.', { [Component Stack] name: 'Component Stack' }
06-16 22:39:25.126 23549 24899 W ReactNativeJS: 'This method is deprecated (as well as all React Native Firebase namespaced API) and will be removed in the next major release as part of move to match Firebase Web modular SDK API. Please see migration guide for more details: https://rnfirebase.io/migrating-to-v22 Please use `getApp()` instead.', { [Component Stack] name: 'Component Stack' }
06-16 22:39:25.136 23549 24899 W ReactNativeJS: 'This method is deprecated (as well as all React Native Firebase namespaced API) and will be removed in the next major release as part of move to match Firebase Web modular SDK API. Please see migration guide for more details: https://rnfirebase.io/migrating-to-v22. Method called was `logEvent`. Please use `logEvent()` instead.', { [Component Stack] name: 'Component Stack' }
06-16 22:39:25.163  1909  2537 I ActivityManager: Changes in 99137 19 to 3, 0 to 184
06-16 22:39:25.495 23549 24899 W ReactNativeJS: This method is deprecated (as well as all React Native Firebase namespaced API) and will be removed in the next major release as part of move to match Firebase Web modular SDK API. Please see migration guide for more details: https://rnfirebase.io/migrating-to-v22. Method called was `FieldValue`. Please use `FieldValue` instead.
06-16 22:39:25.495 23549 24899 W ReactNativeJS: This method is deprecated (as well as all React Native Firebase namespaced API) and will be removed in the next major release as part of move to match Firebase Web modular SDK API. Please see migration guide for more details: https://rnfirebase.io/migrating-to-v22. Method called was `delete`. Please use `deleteField()` instead.
06-16 22:39:25.496 23549 24899 W ReactNativeJS: This method is deprecated (as well as all React Native Firebase namespaced API) and will be removed in the next major release as part of move to match Firebase Web modular SDK API. Please see migration guide for more details: https://rnfirebase.io/migrating-to-v22. Method called was `FieldValue`. Please use `FieldValue` instead.
06-16 22:39:25.497 23549 24899 W ReactNativeJS: This method is deprecated (as well as all React Native Firebase namespaced API) and will be removed in the next major release as part of move to match Firebase Web modular SDK API. Please see migration guide for more details: https://rnfirebase.io/migrating-to-v22. Method called was `serverTimestamp`. Please use `serverTimestamp()` instead.
06-16 22:39:28.082 23549 24899 W ReactNativeJS: This method is deprecated (as well as all React Native Firebase namespaced API) and will be removed in the next major release as part of move to match Firebase Web modular SDK API. Please see migration guide for more details: https://rnfirebase.io/migrating-to-v22. Method called was `FieldValue`. Please use `FieldValue` instead.
06-16 22:39:28.083 23549 24899 W ReactNativeJS: This method is deprecated (as well as all React Native Firebase namespaced API) and will be removed in the next major release as part of move to match Firebase Web modular SDK API. Please see migration guide for more details: https://rnfirebase.io/migrating-to-v22. Method called was `delete`. Please use `deleteField()` instead.
06-16 22:39:28.083 23549 24899 W ReactNativeJS: This method is deprecated (as well as all React Native Firebase namespaced API) and will be removed in the next major release as part of move to match Firebase Web modular SDK API. Please see migration guide for more details: https://rnfirebase.io/migrating-to-v22. Method called was `FieldValue`. Please use `FieldValue` instead.
06-16 22:39:28.083 23549 24899 W ReactNativeJS: This method is deprecated (as well as all React Native Firebase namespaced API) and will be removed in the next major release as part of move to match Firebase Web modular SDK API. Please see migration guide for more details: https://rnfirebase.io/migrating-to-v22. Method called was `serverTimestamp`. Please use `serverTimestamp()` instead.
06-16 22:39:35.326  1909  4225 I ActivityManager: Changes in 99137 3 to 10, 184 to 0
06-16 22:39:38.765  1909  1973 I ActivityManager: Start proc 24946:com.samsung.android.privacydashboard/u0a107 for content provider {com.samsung.android.privacydashboard/com.samsung.android.privacydashboard.provider.PermissionAccessInformationContentProvider}
06-16 22:39:38.765  1909  1973 I ActivityManager: ProcessObserver broadcast disabled
06-16 22:39:38.905  1909  4225 I ActivityManager: Changes in 10107 19 to 5, 0 to 144
06-16 22:39:45.014  1909  1971 I ActivityManager: Changes in 10107 5 to 15, 144 to 0
06-16 22:39:46.957  1909  1973 I ActivityManager: Start proc 24973:com.google.android.apps.tachyon/u0a254 for service {com.google.android.apps.tachyon/androidx.work.impl.background.systemjob.SystemJobService}
06-16 22:39:46.957  1909  1973 I ActivityManager: ProcessObserver broadcast disabled
06-16 22:39:46.968  1909  1973 I ActivityManager: Start proc 24974:com.samsung.android.mobileservice/u0a119 for service {com.samsung.android.mobileservice/androidx.work.impl.background.systemjob.SystemJobService}
06-16 22:39:46.968  1909  1973 I ActivityManager: ProcessObserver broadcast disabled
06-16 22:39:46.979  1909  1973 I ActivityManager: Start proc 24975:com.lguplus.appstore/u0a99 for service {com.lguplus.appstore/androidx.work.impl.background.systemjob.SystemJobService}
06-16 22:39:46.981  1909  1973 I ActivityManager: ProcessObserver broadcast disabled
06-16 22:39:47.282  1909  4225 I ActivityManager: Changes in 10119 19 to 8, 0 to 128
06-16 22:39:47.315  1909  2065 I ActivityManager: Changes in 10251 19 to 8, 0 to 128
06-16 22:39:47.374  1909  4225 I ActivityManager: Changes in 10251 8 to 10, 128 to 0
06-16 22:39:47.386  1909  4341 I ActivityManager: Changes in 10119 8 to 10, 128 to 0
06-16 22:39:47.390  1909  2769 I ActivityManager: Killing 22522:com.samsung.android.calendar/u0a222 (adj 945): empty #25
06-16 22:39:47.521  1909  1972 I ActivityManager: Changes in 10055 19 to 11, 0 to 128
06-16 22:39:47.526  1909  4225 I ActivityManager: Changes in 10055 11 to 5, 128 to 144
06-16 22:39:47.558  1909  2769 I ActivityManager: Changes in 99137 19 to 8, 0 to 128
06-16 22:39:47.558  1909  2769 I ActivityManager: Changes in 10254 19 to 8, 0 to 128
06-16 22:39:47.614  1909  4206 I ActivityManager: Changes in 10099 19 to 8, 0 to 128
06-16 22:39:47.657  1909  4225 I ActivityManager: Changes in 10251 19 to 8, 0 to 128
06-16 22:39:47.690  1909  4206 I ActivityManager: Changes in 10099 8 to 10, 128 to 0
06-16 22:39:47.758  1909  1973 I ActivityManager: Start proc 25152:com.skt.skaf.OA00018282/u0a104 for content provider {com.skt.skaf.OA00018282/com.onestore.utils.ApiContentProvider}
06-16 22:39:47.758  1909  1973 I ActivityManager: ProcessObserver broadcast disabled
06-16 22:39:47.790  1909  4341 I ActivityManager: Changes in 99137 8 to 10, 128 to 0
06-16 22:39:47.790  1909  4341 I ActivityManager: Changes in 10254 8 to 10, 128 to 0
06-16 22:39:47.790  1909  4341 I ActivityManager: Changes in 10251 8 to 10, 128 to 0
06-16 22:39:47.798  1909  4206 I ActivityManager: Killing 22549:com.samsung.android.app.notes/u0a326 (adj 945): empty #25
06-16 22:39:48.156  1909  2187 I ActivityManager: Changes in 10119 19 to 8, 0 to 128
06-16 22:39:48.156  1909  2187 I ActivityManager: Changes in 10117 19 to 8, 0 to 128
06-16 22:39:48.166  1909  2537 I ActivityManager: Changes in 10056 19 to 8, 0 to 128
06-16 22:39:48.235  1909  2187 I ActivityManager: Changes in 10119 8 to 10, 128 to 0
06-16 22:39:48.235  1909  2187 I ActivityManager: Changes in 10117 8 to 10, 128 to 0
06-16 22:39:48.235  1909  2187 I ActivityManager: Changes in 10056 8 to 10, 128 to 0
06-16 22:39:49.000  1909  2224 I ActivityManager: Killing 22474:com.samsung.android.app.contacts/u0a120 (adj 935): empty #25
06-16 22:39:50.982  1909  1972 I ActivityManager: Changes in 10119 19 to 11, 0 to 128
06-16 22:39:50.982  1909  1972 I ActivityManager: Changes in 10117 19 to 11, 0 to 128
06-16 22:39:50.982  1909  1972 I ActivityManager: Changes in 10056 19 to 11, 0 to 128
06-16 22:39:51.001  1909  4340 I ActivityManager: Changes in 10119 11 to 10, 128 to 0
06-16 22:39:51.001  1909  4340 I ActivityManager: Changes in 10117 11 to 10, 128 to 0
06-16 22:39:51.001  1909  4340 I ActivityManager: Changes in 10056 11 to 10, 128 to 0
06-16 22:39:51.027  1909  4340 I ActivityManager: Changes in 10119 19 to 8, 0 to 128
06-16 22:39:51.027  1909  4340 I ActivityManager: Changes in 10117 19 to 8, 0 to 128
06-16 22:39:51.027  1909  4340 I ActivityManager: Changes in 10056 19 to 8, 0 to 128
06-16 22:39:52.225  1909  2776 I ActivityManager: Changes in 10119 8 to 10, 128 to 0
06-16 22:39:52.226  1909  2776 I ActivityManager: Changes in 10117 8 to 10, 128 to 0
06-16 22:39:52.226  1909  2776 I ActivityManager: Changes in 10056 8 to 10, 128 to 0
06-16 22:39:53.565  1909  1971 I ActivityManager: Changes in 10055 5 to 15, 144 to 0
06-16 22:40:05.022  1909  1972 I ActivityManager: Killing 23057:com.samsung.android.dqagent/1000 (adj 925): empty #25
06-16 22:40:13.568  1909  1972 I ActivityManager: Killing 21748:com.google.android.as.oss/u0a248 (adj 925): empty #25
06-16 22:41:55.322  1909  2065 I ActivityManager: Changes in 5004 19 to 8, 0 to 128
06-16 22:41:55.345  1909  2224 I ActivityManager: Changes in 5004 8 to 10, 128 to 0
06-16 22:42:35.599 23549 24899 W ReactNativeJS: This method is deprecated (as well as all React Native Firebase namespaced API) and will be removed in the next major release as part of move to match Firebase Web modular SDK API. Please see migration guide for more details: https://rnfirebase.io/migrating-to-v22. Method called was `FieldValue`. Please use `FieldValue` instead.
06-16 22:42:35.600 23549 24899 W ReactNativeJS: This method is deprecated (as well as all React Native Firebase namespaced API) and will be removed in the next major release as part of move to match Firebase Web modular SDK API. Please see migration guide for more details: https://rnfirebase.io/migrating-to-v22. Method called was `delete`. Please use `deleteField()` instead.
06-16 22:42:35.601 23549 24899 W ReactNativeJS: This method is deprecated (as well as all React Native Firebase namespaced API) and will be removed in the next major release as part of move to match Firebase Web modular SDK API. Please see migration guide for more details: https://rnfirebase.io/migrating-to-v22. Method called was `FieldValue`. Please use `FieldValue` instead.
06-16 22:42:35.602 23549 24899 W ReactNativeJS: This method is deprecated (as well as all React Native Firebase namespaced API) and will be removed in the next major release as part of move to match Firebase Web modular SDK API. Please see migration guide for more details: https://rnfirebase.io/migrating-to-v22. Method called was `serverTimestamp`. Please use `serverTimestamp()` instead.
06-16 22:42:47.845  1909  1973 I ActivityManager: Start proc 25376:com.google.android.as.oss/u0a248 for service {com.google.android.as.oss/com.google.android.gms.learning.internal.training.InAppJobService}
06-16 22:42:47.845  1909  1973 I ActivityManager: ProcessObserver broadcast disabled
06-16 22:42:48.021  1909  3174 I ActivityManager: Changes in 10248 19 to 8, 0 to 128
06-16 22:42:48.039  1909  2224 I ActivityManager: Changes in 10248 8 to 10, 128 to 0
06-16 22:42:48.046  1909  2224 I ActivityManager: Killing 22565:com.sec.android.app.shealth:remote/u0a328 (adj 925): empty #25
06-16 22:44:39.418  1909  2065 I ActivityManager: Changes in 10248 19 to 8, 0 to 128
06-16 22:44:39.506  1909  3174 I ActivityManager: Changes in 10248 8 to 10, 128 to 0
06-16 22:44:40.551  1909  4227 I ActivityManager: Changes in 99137 19 to 8, 0 to 128
06-16 22:44:40.650  1909  4227 I ActivityManager: Changes in 99137 8 to 10, 128 to 0
06-16 22:47:45.024 23549 25652 W ReactNativeJS: 'This method is deprecated (as well as all React Native Firebase namespaced API) and will be removed in the next major release as part of move to match Firebase Web modular SDK API. Please see migration guide for more details: https://rnfirebase.io/migrating-to-v22 Please use `getApp()` instead.', { [Component Stack] name: 'Component Stack' }
06-16 22:47:45.042 23549 25652 W ReactNativeJS: 'This method is deprecated (as well as all React Native Firebase namespaced API) and will be removed in the next major release as part of move to match Firebase Web modular SDK API. Please see migration guide for more details: https://rnfirebase.io/migrating-to-v22 Please use `getApp()` instead.', { [Component Stack] name: 'Component Stack' }
06-16 22:47:45.055 23549 25652 W ReactNativeJS: 'This method is deprecated (as well as all React Native Firebase namespaced API) and will be removed in the next major release as part of move to match Firebase Web modular SDK API. Please see migration guide for more details: https://rnfirebase.io/migrating-to-v22. Method called was `settings`. Please use `settings()` instead.', { [Component Stack] name: 'Component Stack' }
06-16 22:47:45.077 23549 25652 W ReactNativeJS: 'This method is deprecated (as well as all React Native Firebase namespaced API) and will be removed in the next major release as part of move to match Firebase Web modular SDK API. Please see migration guide for more details: https://rnfirebase.io/migrating-to-v22 Please use `getApp()` instead.', { [Component Stack] name: 'Component Stack' }
06-16 22:47:45.087 23549 25652 W ReactNativeJS: 'This method is deprecated (as well as all React Native Firebase namespaced API) and will be removed in the next major release as part of move to match Firebase Web modular SDK API. Please see migration guide for more details: https://rnfirebase.io/migrating-to-v22. Method called was `logEvent`. Please use `logEvent()` instead.', { [Component Stack] name: 'Component Stack' }
06-16 22:47:45.110  1909  4338 I ActivityManager: Changes in 99137 19 to 3, 0 to 184
06-16 22:47:45.416 23549 25652 W ReactNativeJS: This method is deprecated (as well as all React Native Firebase namespaced API) and will be removed in the next major release as part of move to match Firebase Web modular SDK API. Please see migration guide for more details: https://rnfirebase.io/migrating-to-v22. Method called was `FieldValue`. Please use `FieldValue` instead.
06-16 22:47:45.417 23549 25652 W ReactNativeJS: This method is deprecated (as well as all React Native Firebase namespaced API) and will be removed in the next major release as part of move to match Firebase Web modular SDK API. Please see migration guide for more details: https://rnfirebase.io/migrating-to-v22. Method called was `delete`. Please use `deleteField()` instead.
06-16 22:47:45.418 23549 25652 W ReactNativeJS: This method is deprecated (as well as all React Native Firebase namespaced API) and will be removed in the next major release as part of move to match Firebase Web modular SDK API. Please see migration guide for more details: https://rnfirebase.io/migrating-to-v22. Method called was `FieldValue`. Please use `FieldValue` instead.
06-16 22:47:45.418 23549 25652 W ReactNativeJS: This method is deprecated (as well as all React Native Firebase namespaced API) and will be removed in the next major release as part of move to match Firebase Web modular SDK API. Please see migration guide for more details: https://rnfirebase.io/migrating-to-v22. Method called was `serverTimestamp`. Please use `serverTimestamp()` instead.
06-16 22:47:47.806 23549 25652 W ReactNativeJS: This method is deprecated (as well as all React Native Firebase namespaced API) and will be removed in the next major release as part of move to match Firebase Web modular SDK API. Please see migration guide for more details: https://rnfirebase.io/migrating-to-v22. Method called was `FieldValue`. Please use `FieldValue` instead.
06-16 22:47:47.806 23549 25652 W ReactNativeJS: This method is deprecated (as well as all React Native Firebase namespaced API) and will be removed in the next major release as part of move to match Firebase Web modular SDK API. Please see migration guide for more details: https://rnfirebase.io/migrating-to-v22. Method called was `delete`. Please use `deleteField()` instead.
06-16 22:47:47.807 23549 25652 W ReactNativeJS: This method is deprecated (as well as all React Native Firebase namespaced API) and will be removed in the next major release as part of move to match Firebase Web modular SDK API. Please see migration guide for more details: https://rnfirebase.io/migrating-to-v22. Method called was `FieldValue`. Please use `FieldValue` instead.
06-16 22:47:47.807 23549 25652 W ReactNativeJS: This method is deprecated (as well as all React Native Firebase namespaced API) and will be removed in the next major release as part of move to match Firebase Web modular SDK API. Please see migration guide for more details: https://rnfirebase.io/migrating-to-v22. Method called was `serverTimestamp`. Please use `serverTimestamp()` instead.
06-16 22:47:55.158  1909  4356 I ActivityManager: Changes in 99137 3 to 10, 184 to 0
06-16 22:48:01.316  1909  1965 I ActivityManager: Changes in 10147 5 to 2, 184 to 255
06-16 22:48:01.352  1909  1973 I ActivityManager: Start proc 25723:com.google.android.apps.photos/u0a313 for service {com.google.android.apps.photos/com.google.android.libraries.social.mediamonitor.MediaMonitorJobSchedulerService}
06-16 22:48:01.353  1909  1973 I ActivityManager: ProcessObserver broadcast disabled
06-16 22:48:01.912  1909  2776 I ActivityManager: Changes in 10313 19 to 8, 0 to 128
06-16 22:48:01.973  1909  1965 I ActivityManager: Changes in 11048 2 to 15, 255 to 128
06-16 22:48:02.095  1909  2776 I ActivityManager: Changes in 11048 15 to 15, 128 to 0
06-16 22:48:02.131  1909  3174 I ActivityManager: Changes in 99137 15 to 8, 0 to 128
06-16 22:48:02.795  1909  1965 I ActivityManager: Killing 23549:com.arcfire.online/u0a1048 (adj 900): remove task
06-16 22:48:03.010  1909  1965 W ActivityManager: setHasOverlayUi called on unknown pid: 23549
06-16 22:48:04.172  1909  2224 I ActivityManager: Changes in 99137 8 to 10, 128 to 0
06-16 22:48:04.172  1909  2224 I ActivityManager: Changes in 10313 8 to 10, 128 to 0
06-16 22:48:04.176  1909  4341 I ActivityManager: Killing 23184:com.sec.android.app.shealth/u0a328 (adj 975): empty #25
06-16 22:48:05.566  1909  1973 I ActivityManager: Start proc 25812:com.arcfire.online/u0a1048 for activelaunch {com.arcfire.online/com.arcfire.online.MainActivity}
06-16 22:48:05.566  1909  1973 I ActivityManager: ProcessObserver broadcast disabled
06-16 22:48:06.632  1909  1965 I ActivityManager: Changes in 99137 19 to 3, 0 to 184
06-16 22:48:06.632  1909  1965 I ActivityManager: Changes in 11048 19 to 2, 0 to 255
06-16 22:48:06.853  1909  1965 I ActivityManager: Changes in 10147 2 to 5, 255 to 184
06-16 22:48:17.015  1909  3434 I ActivityManager: Changes in 99137 3 to 10, 184 to 0
06-16 22:48:49.690 25812 25903 W ReactNativeJS: 'This method is deprecated (as well as all React Native Firebase namespaced API) and will be removed in the next major release as part of move to match Firebase Web modular SDK API. Please see migration guide for more details: https://rnfirebase.io/migrating-to-v22 Please use `getApp()` instead.', { [Component Stack] name: 'Component Stack' }
06-16 22:48:49.708 25812 25903 W ReactNativeJS: 'This method is deprecated (as well as all React Native Firebase namespaced API) and will be removed in the next major release as part of move to match Firebase Web modular SDK API. Please see migration guide for more details: https://rnfirebase.io/migrating-to-v22 Please use `getApp()` instead.', { [Component Stack] name: 'Component Stack' }
06-16 22:48:49.722 25812 25903 W ReactNativeJS: 'This method is deprecated (as well as all React Native Firebase namespaced API) and will be removed in the next major release as part of move to match Firebase Web modular SDK API. Please see migration guide for more details: https://rnfirebase.io/migrating-to-v22. Method called was `settings`. Please use `settings()` instead.', { [Component Stack] name: 'Component Stack' }
06-16 22:48:49.744 25812 25903 W ReactNativeJS: 'This method is deprecated (as well as all React Native Firebase namespaced API) and will be removed in the next major release as part of move to match Firebase Web modular SDK API. Please see migration guide for more details: https://rnfirebase.io/migrating-to-v22 Please use `getApp()` instead.', { [Component Stack] name: 'Component Stack' }
06-16 22:48:49.754 25812 25903 W ReactNativeJS: 'This method is deprecated (as well as all React Native Firebase namespaced API) and will be removed in the next major release as part of move to match Firebase Web modular SDK API. Please see migration guide for more details: https://rnfirebase.io/migrating-to-v22. Method called was `logEvent`. Please use `logEvent()` instead.', { [Component Stack] name: 'Component Stack' }
06-16 22:48:49.866  1909  3434 I ActivityManager: Changes in 99137 19 to 3, 0 to 184
06-16 22:48:50.144 25812 25903 W ReactNativeJS: This method is deprecated (as well as all React Native Firebase namespaced API) and will be removed in the next major release as part of move to match Firebase Web modular SDK API. Please see migration guide for more details: https://rnfirebase.io/migrating-to-v22. Method called was `FieldValue`. Please use `FieldValue` instead.
06-16 22:48:50.146 25812 25903 W ReactNativeJS: This method is deprecated (as well as all React Native Firebase namespaced API) and will be removed in the next major release as part of move to match Firebase Web modular SDK API. Please see migration guide for more details: https://rnfirebase.io/migrating-to-v22. Method called was `delete`. Please use `deleteField()` instead.
06-16 22:48:50.147 25812 25903 W ReactNativeJS: This method is deprecated (as well as all React Native Firebase namespaced API) and will be removed in the next major release as part of move to match Firebase Web modular SDK API. Please see migration guide for more details: https://rnfirebase.io/migrating-to-v22. Method called was `FieldValue`. Please use `FieldValue` instead.
06-16 22:48:50.148 25812 25903 W ReactNativeJS: This method is deprecated (as well as all React Native Firebase namespaced API) and will be removed in the next major release as part of move to match Firebase Web modular SDK API. Please see migration guide for more details: https://rnfirebase.io/migrating-to-v22. Method called was `serverTimestamp`. Please use `serverTimestamp()` instead.
06-16 22:48:53.309 25812 25903 W ReactNativeJS: This method is deprecated (as well as all React Native Firebase namespaced API) and will be removed in the next major release as part of move to match Firebase Web modular SDK API. Please see migration guide for more details: https://rnfirebase.io/migrating-to-v22. Method called was `FieldValue`. Please use `FieldValue` instead.
06-16 22:48:53.309 25812 25903 W ReactNativeJS: This method is deprecated (as well as all React Native Firebase namespaced API) and will be removed in the next major release as part of move to match Firebase Web modular SDK API. Please see migration guide for more details: https://rnfirebase.io/migrating-to-v22. Method called was `delete`. Please use `deleteField()` instead.
06-16 22:48:53.309 25812 25903 W ReactNativeJS: This method is deprecated (as well as all React Native Firebase namespaced API) and will be removed in the next major release as part of move to match Firebase Web modular SDK API. Please see migration guide for more details: https://rnfirebase.io/migrating-to-v22. Method called was `FieldValue`. Please use `FieldValue` instead.
06-16 22:48:53.310 25812 25903 W ReactNativeJS: This method is deprecated (as well as all React Native Firebase namespaced API) and will be removed in the next major release as part of move to match Firebase Web modular SDK API. Please see migration guide for more details: https://rnfirebase.io/migrating-to-v22. Method called was `serverTimestamp`. Please use `serverTimestamp()` instead.
06-16 22:48:59.968  1909  2224 I ActivityManager: Changes in 99137 3 to 10, 184 to 0
06-16 22:50:03.116  1909  1965 I ActivityManager: Changes in 10147 5 to 2, 184 to 255
06-16 22:50:03.157  1909  2224 I ActivityManager: Changes in 10297 6 to 6, 0 to 128
06-16 22:50:03.222  1909  2065 I ActivityManager: Changes in 10095 19 to 8, 0 to 128
06-16 22:50:03.236  1909  4356 I ActivityManager: Changes in 10095 8 to 10, 128 to 0
06-16 22:50:03.247  1909  3174 I ActivityManager: Changes in 10297 6 to 6, 128 to 0
06-16 22:50:03.799  1909  1965 I ActivityManager: Changes in 11048 2 to 15, 255 to 128
06-16 22:50:03.872  1909  3174 I ActivityManager: Changes in 11048 15 to 15, 128 to 0
06-16 22:50:04.698  1909  2769 I ActivityManager: Changes in 10147 2 to 5, 255 to 184
06-16 22:50:05.171  1909  1973 I ActivityManager: Start proc 26069:com.samsung.android.sm.devicesecurity/u0a214 for content provider {com.samsung.android.sm.devicesecurity/com.samsung.android.sm.devicesecurity.DeviceSecurityProvider}
06-16 22:50:05.172  1909  1973 I ActivityManager: ProcessObserver broadcast disabled
06-16 22:50:05.185  1909  1973 I ActivityManager: Start proc 26070:com.samsung.android.sm.provider/1000 for content provider {com.samsung.android.lool/com.samsung.android.sm.database.SmProvider}
06-16 22:50:05.186  1909  1973 I ActivityManager: ProcessObserver broadcast disabled
06-16 22:50:05.212  1909  1973 I ActivityManager: Start proc 26079:com.samsung.android.voc/u0a329 for content provider {com.samsung.android.voc/com.samsung.android.voc.diagnosis.provider.SamsungMembersDiagnosisProvider}
06-16 22:50:05.214  1909  1973 I ActivityManager: ProcessObserver broadcast disabled
06-16 22:50:05.388  1909  2225 I ActivityManager: Changes in 10214 19 to 3, 0 to 144
06-16 22:50:05.762  1909  4227 I ActivityManager: Changes in 10329 19 to 3, 0 to 144
06-16 22:50:11.484  1909  1971 I ActivityManager: Changes in 10214 3 to 15, 144 to 0
06-16 22:50:11.726  1909  1971 I ActivityManager: Changes in 10329 3 to 15, 144 to 0
06-16 22:50:13.561  1909  1965 I ActivityManager: Changes in 10147 5 to 2, 184 to 255
06-16 22:50:13.561  1909  1965 I ActivityManager: updateOomAdj start time is before than pendingPid added, don't delete it
06-16 22:50:14.468  1909  1965 I ActivityManager: Changes in 99137 19 to 3, 0 to 184
06-16 22:50:14.468  1909  1965 I ActivityManager: Changes in 11048 16 to 2, 0 to 255
06-16 22:50:14.803  1909  1965 I ActivityManager: Changes in 10147 2 to 5, 255 to 184
06-16 22:50:24.608  1909  2537 I ActivityManager: Changes in 99137 3 to 10, 184 to 0
06-16 22:50:31.486  1909  1972 I ActivityManager: Killing 23217:com.samsung.android.mcfds/u0a96 (adj 975): empty #25
06-16 22:50:32.487  1909  1972 I ActivityManager: Killing 23733:com.ss.android.ugc.trill/u0a388 (adj 965): empty #25
06-16 22:50:32.493  1909  1972 I ActivityManager: Killing 24041:com.samsung.drmboost/u0a339 (adj 975): empty #26
06-16 22:52:30.058 25812 26298 W ReactNativeJS: 'This method is deprecated (as well as all React Native Firebase namespaced API) and will be removed in the next major release as part of move to match Firebase Web modular SDK API. Please see migration guide for more details: https://rnfirebase.io/migrating-to-v22 Please use `getApp()` instead.', { [Component Stack] name: 'Component Stack' }
06-16 22:52:30.075 25812 26298 W ReactNativeJS: 'This method is deprecated (as well as all React Native Firebase namespaced API) and will be removed in the next major release as part of move to match Firebase Web modular SDK API. Please see migration guide for more details: https://rnfirebase.io/migrating-to-v22 Please use `getApp()` instead.', { [Component Stack] name: 'Component Stack' }
06-16 22:52:30.089 25812 26298 W ReactNativeJS: 'This method is deprecated (as well as all React Native Firebase namespaced API) and will be removed in the next major release as part of move to match Firebase Web modular SDK API. Please see migration guide for more details: https://rnfirebase.io/migrating-to-v22. Method called was `settings`. Please use `settings()` instead.', { [Component Stack] name: 'Component Stack' }
06-16 22:52:30.110 25812 26298 W ReactNativeJS: 'This method is deprecated (as well as all React Native Firebase namespaced API) and will be removed in the next major release as part of move to match Firebase Web modular SDK API. Please see migration guide for more details: https://rnfirebase.io/migrating-to-v22 Please use `getApp()` instead.', { [Component Stack] name: 'Component Stack' }
06-16 22:52:30.120 25812 26298 W ReactNativeJS: 'This method is deprecated (as well as all React Native Firebase namespaced API) and will be removed in the next major release as part of move to match Firebase Web modular SDK API. Please see migration guide for more details: https://rnfirebase.io/migrating-to-v22. Method called was `logEvent`. Please use `logEvent()` instead.', { [Component Stack] name: 'Component Stack' }
06-16 22:52:30.148  1909  3174 I ActivityManager: Changes in 99137 19 to 3, 0 to 184
06-16 22:52:30.469 25812 26298 W ReactNativeJS: This method is deprecated (as well as all React Native Firebase namespaced API) and will be removed in the next major release as part of move to match Firebase Web modular SDK API. Please see migration guide for more details: https://rnfirebase.io/migrating-to-v22. Method called was `FieldValue`. Please use `FieldValue` instead.
06-16 22:52:30.469 25812 26298 W ReactNativeJS: This method is deprecated (as well as all React Native Firebase namespaced API) and will be removed in the next major release as part of move to match Firebase Web modular SDK API. Please see migration guide for more details: https://rnfirebase.io/migrating-to-v22. Method called was `delete`. Please use `deleteField()` instead.
06-16 22:52:30.470 25812 26298 W ReactNativeJS: This method is deprecated (as well as all React Native Firebase namespaced API) and will be removed in the next major release as part of move to match Firebase Web modular SDK API. Please see migration guide for more details: https://rnfirebase.io/migrating-to-v22. Method called was `FieldValue`. Please use `FieldValue` instead.
06-16 22:52:30.471 25812 26298 W ReactNativeJS: This method is deprecated (as well as all React Native Firebase namespaced API) and will be removed in the next major release as part of move to match Firebase Web modular SDK API. Please see migration guide for more details: https://rnfirebase.io/migrating-to-v22. Method called was `serverTimestamp`. Please use `serverTimestamp()` instead.
06-16 22:52:32.922 25812 26298 W ReactNativeJS: This method is deprecated (as well as all React Native Firebase namespaced API) and will be removed in the next major release as part of move to match Firebase Web modular SDK API. Please see migration guide for more details: https://rnfirebase.io/migrating-to-v22. Method called was `FieldValue`. Please use `FieldValue` instead.
06-16 22:52:32.922 25812 26298 W ReactNativeJS: This method is deprecated (as well as all React Native Firebase namespaced API) and will be removed in the next major release as part of move to match Firebase Web modular SDK API. Please see migration guide for more details: https://rnfirebase.io/migrating-to-v22. Method called was `delete`. Please use `deleteField()` instead.
06-16 22:52:32.923 25812 26298 W ReactNativeJS: This method is deprecated (as well as all React Native Firebase namespaced API) and will be removed in the next major release as part of move to match Firebase Web modular SDK API. Please see migration guide for more details: https://rnfirebase.io/migrating-to-v22. Method called was `FieldValue`. Please use `FieldValue` instead.
06-16 22:52:32.923 25812 26298 W ReactNativeJS: This method is deprecated (as well as all React Native Firebase namespaced API) and will be removed in the next major release as part of move to match Firebase Web modular SDK API. Please see migration guide for more details: https://rnfirebase.io/migrating-to-v22. Method called was `serverTimestamp`. Please use `serverTimestamp()` instead.
06-16 22:52:39.222  1909  1973 I ActivityManager: Start proc 26342:com.samsung.android.kmxservice:AiPrivacy/u0a89 for content provider {com.samsung.android.kmxservice/com.samsung.android.kmxservice.ai.privacy.AiPrivacyContentProvider}
06-16 22:52:39.222  1909  1973 I ActivityManager: ProcessObserver broadcast disabled
06-16 22:52:39.358  1909  3174 I ActivityManager: Changes in 10089 19 to 5, 0 to 144
06-16 22:52:40.283  1909  3174 I ActivityManager: Changes in 99137 3 to 10, 184 to 0
06-16 22:52:45.391  1909  1971 I ActivityManager: Changes in 10089 5 to 15, 144 to 0
06-16 22:53:05.396  1909  1972 I ActivityManager: Killing 24054:com.samsung.android.stickercenter/1000 (adj 965): empty #25
06-16 22:54:47.483  1909  3698 I ActivityManager: Changes in 99137 19 to 10, 0 to 128
06-16 22:54:48.084  1909  1973 I ActivityManager: Start proc 26456:com.google.android.webview:sandboxed_process0:org.chromium.content.app.SandboxedProcessService0:0/u0i141 for  {com.google.android.googlequicksearchbox/org.chromium.content.app.SandboxedProcessService0:0}
06-16 22:54:48.087  1909  1973 I ActivityManager: ProcessObserver broadcast disabled
06-16 22:54:48.091 26456 26456 E libc    : SetHeapTaggingLevel: re-enabling tagging after it was disabled is not supported
06-16 22:54:48.131  1909  4227 I ActivityManager: Changes in 99141 19 to 10, 0 to 128
06-16 22:54:48.138  1909  4227 I ActivityManager: Killing 24205:com.google.android.rkpdapp/u0a348 (adj 965): empty #25
06-16 22:54:50.623  1909  1973 I ActivityManager: Start proc 26555:com.google.android.webview:webview_service/u0a263 for service {com.google.android.webview/org.chromium.android_webview.services.VariationsSeedServer}
06-16 22:54:50.623  1909  1973 I ActivityManager: ProcessObserver broadcast disabled
06-16 22:54:50.692  1909  3174 I ActivityManager: Changes in 10263 19 to 10, 0 to 128
06-16 22:54:50.707  1909  4226 I ActivityManager: Changes in 10263 19 to 19, 128 to 0
06-16 22:54:57.539  1909  4227 I ActivityManager: Killing 23120:com.samsung.android.ce/u0a96 (adj 955): empty #25
06-16 22:55:03.453  1909  3301 I ActivityManager: Changes in 99137 19 to 10, 128 to 0
06-16 22:57:01.962  1909  2065 I ActivityManager: Changes in 5004 19 to 8, 0 to 128
06-16 22:57:01.974  1909  4338 I ActivityManager: Changes in 5004 8 to 10, 128 to 0
06-16 22:57:02.056  1909  1972 I ActivityManager: Changes in 10108 10 to 10, 0 to 128
06-16 22:57:02.066  1909  1973 I ActivityManager: Start proc 26611:com.samsung.android.game.gos/u0a76 for service {com.samsung.android.game.gos/com.samsung.android.game.gos.service.MainIntentService}
06-16 22:57:02.068  1909  1973 I ActivityManager: ProcessObserver broadcast disabled
06-16 22:57:02.070  1909  4227 I ActivityManager: Changes in 10108 10 to 10, 128 to 0
06-16 22:57:02.147  1909  1973 I ActivityManager: Start proc 26623:com.samsung.faceservice/5004 for service {com.samsung.faceservice/androidx.work.impl.background.systemjob.SystemJobService}
06-16 22:57:02.150  1909  1973 I ActivityManager: ProcessObserver broadcast disabled
06-16 22:57:02.197  1909  2057 I ActivityManager: Changes in 99137 19 to 5, 0 to 184
06-16 22:57:02.280  1909  4338 I ActivityManager: Changes in 5004 19 to 8, 0 to 128
06-16 22:57:02.343  1909  4227 I ActivityManager: Changes in 5004 8 to 10, 128 to 0
06-16 22:57:02.490  1909  1973 I ActivityManager: Start proc 26660:com.google.android.rkpdapp/u0a348 for service {com.google.android.rkpdapp/com.android.rkpdapp.service.RemoteProvisioningService}
06-16 22:57:02.491  1909  1973 I ActivityManager: ProcessObserver broadcast disabled
06-16 22:57:02.549  1909  2057 I ActivityManager: Changes in 10348 19 to 6, 0 to 128
06-16 22:57:02.561  1909  3174 I ActivityManager: Changes in 10348 6 to 10, 128 to 0
06-16 22:57:03.163  1909  2057 I ActivityManager: Changes in 10348 19 to 6, 0 to 128
06-16 22:57:03.173  1909  3174 I ActivityManager: Changes in 10348 6 to 10, 128 to 0
06-16 22:57:03.392  1909  4227 I ActivityManager: Killing 24076:com.samsung.android.authfw/5278 (adj 955): empty #25
06-16 22:57:17.230  1909  4227 I ActivityManager: Changes in 99137 5 to 10, 184 to 0
06-16 22:57:17.234  1909  3698 I ActivityManager: Killing 24946:com.samsung.android.privacydashboard/u0a107 (adj 945): empty #25
06-16 22:57:17.238  1909  3698 I ActivityManager: Killing 23421:com.android.vending:background/u0a251 (adj 955): empty #26
06-16 22:57:20.172  1909  4407 I ActivityManager: Changes in 10297 6 to 6, 0 to 128
06-16 22:57:20.173  1909  4407 I ActivityManager: updateOomAdj start time is before than pendingPid added, don't delete it
06-16 22:57:20.177  1909  1965 I ActivityManager: Changes in 10147 5 to 2, 184 to 255
06-16 22:57:20.756  1909  1965 I ActivityManager: Changes in 11048 2 to 15, 255 to 128
06-16 22:57:20.816  1909  4226 I ActivityManager: Changes in 99137 19 to 10, 0 to 128
06-16 22:57:20.827  1909  3301 I ActivityManager: Changes in 99137 10 to 10, 128 to 0
06-16 22:57:20.827  1909  3301 I ActivityManager: Changes in 11048 15 to 15, 128 to 0
06-16 22:57:21.553  1909  1965 I ActivityManager: Killing 23874:com.sec.android.provider.badge/u0a55 (adj 975): empty #25
06-16 22:57:21.562  1909  1965 I ActivityManager: Killing 25812:com.arcfire.online/u0a1048 (adj 905): remove task
06-16 22:57:21.774  1909  1965 W ActivityManager: setHasOverlayUi called on unknown pid: 25812
06-16 22:57:22.882  1909  4174 I ActivityManager: Changes in 10297 6 to 3, 128 to 184
06-16 22:57:24.397  1909  1973 I ActivityManager: Start proc 26747:com.arcfire.online/u0a1048 for activelaunch {com.arcfire.online/com.arcfire.online.MainActivity}
06-16 22:57:24.397  1909  1973 I ActivityManager: ProcessObserver broadcast disabled
06-16 22:57:24.853  1909  1973 I ActivityManager: Start proc 26762:com.samsung.aasaservice/1000 for service {com.samsung.aasaservice/com.samsung.aasaservice.securitythreatdetector.SecurityThreatDetector}
06-16 22:57:24.853  1909  1973 I ActivityManager: ProcessObserver broadcast disabled
06-16 22:57:25.079  1909  1973 I ActivityManager: Start proc 26792:com.samsung.android.privateaccesstokens/u0a198 for service {com.samsung.android.privateaccesstokens/com.samsung.android.privateaccesstokens.components.services.PATService}
06-16 22:57:25.079  1909  1973 I ActivityManager: ProcessObserver broadcast disabled
06-16 22:57:25.372  1909  2803 I ActivityManager: Killing 24975:com.lguplus.appstore/u0a99 (adj 985): empty #25
06-16 22:57:25.689  1909  2224 I ActivityManager: No activity to handle assist action.
06-16 22:57:25.689  1909  2224 I ActivityManager: android.util.AndroidRuntimeException: Activity could not be started for Intent { act=android.intent.action.MAIN cat=[android.intent.category.LAUNCHER] flg=0x10000000 xflg=0x4 pkg=com.google.android.apps.playconsole cmp=com.google.android.apps.playconsole/com.google.android.apps.play.console.mobile.MainActivity }
06-16 22:57:25.689  1909  2224 I ActivityManager: 	at android.app.Instrumentation.checkStartActivityResult(Instrumentation.java:2509)
06-16 22:57:25.689  1909  2224 I ActivityManager: 	at android.app.Instrumentation.execStartActivity(Instrumentation.java:2015)
06-16 22:57:25.689  1909  2224 I ActivityManager: 	at android.app.ContextImpl.startActivity(ContextImpl.java:1207)
06-16 22:57:25.689  1909  2224 I ActivityManager: 	at com.android.server.am.ActivityManagerService.doActiveLaunch(qb/108940926 802103cef46cde14cb0d3b748d2076734c471a17d4b8e991ffa01c0e15de42a9:101)
06-16 22:57:25.689  1909  2224 I ActivityManager: 	at android.app.IActivityManager$Stub.onTransact(IActivityManager.java:5096)
06-16 22:57:25.689  1909  2224 I ActivityManager: 	at com.android.server.am.ActivityManagerService.onTransact(qb/108940926 802103cef46cde14cb0d3b748d2076734c471a17d4b8e991ffa01c0e15de42a9:425)
06-16 22:57:25.689  1909  2224 I ActivityManager: 	at android.os.Binder.execTransactInternal(Binder.java:1462)
06-16 22:57:25.689  1909  2224 I ActivityManager: 	at android.os.Binder.execTransact(Binder.java:1401)
06-16 22:57:25.783  1909  1973 I ActivityManager: Start proc 26818:com.google.android.packageinstaller/u0a78 for next-top-activity {com.google.android.packageinstaller/com.android.packageinstaller.UninstallerActivity}
06-16 22:57:25.783  1909  1973 I ActivityManager: ProcessObserver broadcast disabled
06-16 22:57:25.813  1909  2803 I ActivityManager: Changes in 10078 20 to 2, 0 to 255
06-16 22:57:29.405  1909  1972 I ActivityManager: Force stopping com.arcfire.online appid=11048 user=0: deletePackageX
06-16 22:57:29.414  1909  1972 I ActivityManager: Killing 26747:com.arcfire.online/u0a1048 (adj 915): stop com.arcfire.online due to deletePackageX
06-16 22:57:29.454  1909  1972 I ActivityManager: Changes in 10078 2 to 19, 255 to 128
06-16 22:57:29.470  1909  2803 I ActivityManager: Killing 24973:com.google.android.apps.tachyon/u0a254 (adj 975): empty #25
06-16 22:57:29.564  1909  1965 I ActivityManager: Changes in 10078 19 to 19, 128 to 0
06-16 22:57:29.729  1909  1972 I ActivityManager: Changes in 10078 19 to 11, 0 to 128
06-16 22:57:29.732  1909  2030 I ActivityManager: Force stopping com.arcfire.online appid=11048 user=0: pkg removed
06-16 22:57:29.758  1909  2030 I ActivityManager: broadcastAllowList remove BroadcastFilter{b574d 10313/u0 ReceiverList{6b9c6e4 25723 com.google.android.apps.photos/10313/u0 remote:1a6a77}}
06-16 22:57:29.812  1909  1972 I ActivityManager: Changes in 10214 19 to 11, 0 to 128
06-16 22:57:29.823  1909  1972 I ActivityManager: Changes in 10251 19 to 11, 0 to 128
06-16 22:57:29.827  1909  1933 I ActivityManager: Changes in 10078 11 to 19, 128 to 0
06-16 22:57:29.941  1909  1973 W ActivityManager: Slow operation: 113ms so far, now at startProcess: returned from zygote!
06-16 22:57:29.962  1909  4225 I ActivityManager: Changes in 99137 19 to 10, 0 to 128
06-16 22:57:29.963  1909  1973 W ActivityManager: Slow operation: 135ms so far, now at startProcess: done updating battery stats
06-16 22:57:29.963  1909  1973 W ActivityManager: Slow operation: 135ms so far, now at startProcess: building log message
06-16 22:57:29.963  1909  1973 I ActivityManager: Start proc 26880:com.samsung.android.provider.filterprovider/1000 for broadcast {com.samsung.android.provider.filterprovider/com.samsung.android.provider.filterprovider.PackageIntentReceiver}
06-16 22:57:29.963  1909  1973 W ActivityManager: Slow operation: 136ms so far, now at startProcess: starting to update pids map
06-16 22:57:29.963  1909  1973 I ActivityManager: ProcessObserver broadcast disabled
06-16 22:57:29.963  1909  1973 W ActivityManager: Slow operation: 136ms so far, now at startProcess: done updating pids map
06-16 22:57:29.964  1909  2225 I ActivityManager: Changes in 10214 11 to 19, 128 to 0
06-16 22:57:29.968  1909  1909 I ActivityManager: Changes in 10198 19 to 19, 0 to 128
06-16 22:57:30.047  1909  4174 W ActivityManager: Slow operation: 74ms so far, now at attachApplicationLocked: before bindApplication
06-16 22:57:30.048  1909  4174 W ActivityManager: Slow operation: 75ms so far, now at attachApplicationLocked: immediately before bindApplication
06-16 22:57:30.058  1909  4174 W ActivityManager: Slow operation: 85ms so far, now at attachApplicationLocked: immediately after bindApplication
06-16 22:57:30.058  1909  4174 W ActivityManager: Slow operation: 85ms so far, now at attachApplicationLocked: after updateLruProcessLocked
06-16 22:57:30.061  1909  4174 W ActivityManager: Slow operation: 88ms so far, now at attachApplicationLocked: after updateOomAdjLocked
06-16 22:57:30.082  1909  1973 W ActivityManager: Slow operation: 113ms so far, now at startProcess: done updating battery stats
06-16 22:57:30.083  1909  1973 W ActivityManager: Slow operation: 114ms so far, now at startProcess: building log message
06-16 22:57:30.083  1909  1973 I ActivityManager: Start proc 26894:com.android.keychain/1000 for service {com.android.keychain/com.android.keychain.KeyChainService}
06-16 22:57:30.083  1909  1973 W ActivityManager: Slow operation: 114ms so far, now at startProcess: starting to update pids map
06-16 22:57:30.120  1909  1973 I ActivityManager: ProcessObserver broadcast disabled
06-16 22:57:30.120  1909  1973 W ActivityManager: Slow operation: 151ms so far, now at startProcess: done updating pids map
06-16 22:57:30.309  1909 26916 W ActivityManager: Slow operation: 129ms so far, now at startProcess: done creating new process record
06-16 22:57:30.309  1909 26916 W ActivityManager: Slow operation: 129ms so far, now at startProcess: stepping in to startProcess
06-16 22:57:30.310  1909 26916 W ActivityManager: Slow operation: 130ms so far, now at startProcess: done starting proc!
06-16 22:57:30.324  1909  2776 W ActivityManager: Slow operation: 78ms so far, now at finishAttachApplicationInner: after mServices.attachApplicationLocked
06-16 22:57:30.324  1909  2776 W ActivityManager: Slow operation: 78ms so far, now at finishAttachApplicationInner: after dispatching broadcasts
06-16 22:57:30.335  1909  2749 I ActivityManager: Changes in 99137 11 to 19, 128 to 0
06-16 22:57:30.336  1909  2749 I ActivityManager: Changes in 10251 11 to 19, 128 to 0
06-16 22:57:30.347  1909  1972 I ActivityManager: Changes in 99137 19 to 11, 0 to 128
06-16 22:57:30.347  1909  1972 I ActivityManager: Changes in 10266 17 to 11, 0 to 128
06-16 22:57:30.347  1909  1972 I ActivityManager: Changes in 10251 19 to 11, 0 to 128
06-16 22:57:30.353  1909  1973 I ActivityManager: Start proc 26936:com.samsung.klmsagent/u0a83 for content provider {com.samsung.klmsagent/com.samsung.klmsagent.common.LicenseAgentProvider}
06-16 22:57:30.353  1909  1973 I ActivityManager: ProcessObserver broadcast disabled
06-16 22:57:30.398  1909  3050 I ActivityManager: Changes in 99137 10 to 10, 128 to 0
06-16 22:57:30.398  1909  3050 I ActivityManager: Changes in 10266 11 to 17, 128 to 0
06-16 22:57:30.398  1909  3050 I ActivityManager: Changes in 10251 11 to 19, 128 to 0
06-16 22:57:30.410  1909  1972 I ActivityManager: Changes in 10348 19 to 11, 0 to 128
06-16 22:57:30.420  1909  3050 I ActivityManager: Changes in 10348 11 to 19, 128 to 0
06-16 22:57:30.456  1909  1972 I ActivityManager: Changes in 10108 10 to 10, 0 to 128
06-16 22:57:30.472  1909  2537 I ActivityManager: Changes in 10108 10 to 10, 128 to 0
06-16 22:57:30.480  1909  1973 I ActivityManager: Start proc 26964:com.samsung.android.ssiframework/u0a112 for broadcast {com.samsung.android.ssiframework/com.samsung.android.ssiframework.CaPackageBroadcastReceiver}
06-16 22:57:30.480  1909  1973 I ActivityManager: ProcessObserver broadcast disabled
06-16 22:57:30.701  1909  4343 I ActivityManager: Changes in 10083 19 to 5, 0 to 144
06-16 22:57:30.796  1909  4343 I ActivityManager: Changes in 99137 10 to 3, 0 to 184
06-16 22:57:30.843  1909  4343 I ActivityManager: Changes in 10112 19 to 11, 0 to 128
06-16 22:57:30.853  1909  4343 I ActivityManager: Killing 25152:com.skt.skaf.OA00018282/u0a104 (adj 975): empty #25
06-16 22:57:30.856  1909  4343 I ActivityManager: Changes in 10112 11 to 19, 128 to 0
06-16 22:57:30.858  1909  1973 I ActivityManager: Start proc 27028:com.android.vending:background/u0a251 for broadcast {com.android.vending/com.google.android.finsky.packagemonitor.backgroundimpl.BackgroundPackageMonitorReceiverImpl$RegisteredReceiver}
06-16 22:57:30.858  1909  1973 I ActivityManager: ProcessObserver broadcast disabled
06-16 22:57:31.013  1909  4343 I ActivityManager: Changes in 10251 19 to 11, 0 to 128
06-16 22:57:31.027  1909  1973 I ActivityManager: Start proc 27058:com.google.android.apps.carrier.carrierwifi/u0a241 for broadcast {com.google.android.apps.carrier.carrierwifi/com.google.android.apps.carrier.carrierwifi.CarrierWifiReceiver}
06-16 22:57:31.028  1909  1973 I ActivityManager: ProcessObserver broadcast disabled
06-16 22:57:31.151  1909  3301 I ActivityManager: Killing 22205:com.osp.app.signin/u0a117 (adj 975): empty #25
06-16 22:57:31.155  1909  3301 I ActivityManager: Changes in 10251 11 to 19, 128 to 0
06-16 22:57:31.156  1909  2537 I ActivityManager: Changes in 10241 19 to 11, 0 to 128
06-16 22:57:31.171  1909  1973 I ActivityManager: Start proc 27102:com.lguplus.appstore/u0a99 for broadcast {com.lguplus.appstore/com.onestore.android.shopclient.specific.openprotocol.broadcast.receiver.SpecificInstallBroadcastReceiver}
06-16 22:57:31.172  1909  1973 I ActivityManager: ProcessObserver broadcast disabled
06-16 22:57:31.182  1909  2537 I ActivityManager: Killing 24974:com.samsung.android.mobileservice/u0a119 (adj 965): empty #25
06-16 22:57:31.185  1909  2537 I ActivityManager: Changes in 10241 11 to 19, 128 to 0
06-16 22:57:31.253  1909  4206 I ActivityManager: Changes in 10241 19 to 8, 0 to 128
06-16 22:57:31.328  1909  2537 I ActivityManager: Changes in 10241 8 to 10, 128 to 0
06-16 22:57:31.388  1909  4225 I ActivityManager: Changes in 10099 11 to 11, 0 to 128
06-16 22:57:31.404  1909  1973 I ActivityManager: Start proc 27165:com.samsung.android.forest/1000 for broadcast {com.samsung.android.forest/com.samsung.android.forest.receiver.PkgEventReceiver}
06-16 22:57:31.404  1909  1973 I ActivityManager: ProcessObserver broadcast disabled
06-16 22:57:31.405  1909  2749 I ActivityManager: Changes in 10251 19 to 3, 0 to 184
06-16 22:57:31.424  1909  4225 I ActivityManager: Changes in 10099 11 to 19, 128 to 0
06-16 22:57:31.430  1909  1973 I ActivityManager: Start proc 27168:com.skt.skaf.OA00018282/u0a104 for content provider {com.skt.skaf.OA00018282/com.onestore.utils.ApiContentProvider}
06-16 22:57:31.432  1909  1973 I ActivityManager: ProcessObserver broadcast disabled
06-16 22:57:31.711  1909  1973 I ActivityManager: Start proc 27243:com.samsung.android.mapsagent/u0a183 for broadcast {com.samsung.android.mapsagent/com.samsung.android.mapsagent.receiver.PackageDeletedReceiver}
06-16 22:57:31.711  1909  1973 I ActivityManager: ProcessObserver broadcast disabled
06-16 22:57:31.764  1909  4225 I ActivityManager: Killing 25376:com.google.android.as.oss/u0a248 (adj 965): empty #25
06-16 22:57:31.813  1909  4225 I ActivityManager: Changes in 10183 19 to 11, 0 to 128
06-16 22:57:31.820  1909  4225 I ActivityManager: Killing 25723:com.google.android.apps.photos/u0a313 (adj 955): empty #25
06-16 22:57:31.821  1909  4225 I ActivityManager: Changes in 10183 11 to 19, 128 to 0
06-16 22:57:31.831  1909  1973 I ActivityManager: Start proc 27266:com.google.android.videos/u0a311 for broadcast {com.google.android.videos/com.google.android.libraries.social.peoplekit.thirdparty.viewcontrollers.ThirdPartyReceiver}
06-16 22:57:31.831  1909  1973 I ActivityManager: ProcessObserver broadcast disabled
06-16 22:57:32.135  1909  2803 I ActivityManager: Changes in 10311 19 to 11, 0 to 128
06-16 22:57:32.140  1909  1972 I ActivityManager: com.android.providers.downloads is exempt from freezer by list
06-16 22:57:32.152  1909  1973 I ActivityManager: Start proc 27320:android.process.media/u0a66 for broadcast {com.android.providers.downloads/com.android.providers.downloads.DownloadReceiver}
06-16 22:57:32.152  1909  1973 I ActivityManager: ProcessObserver broadcast disabled
06-16 22:57:32.169  1909  2776 I ActivityManager: Killing 24702:com.samsung.mfcontents/u0a95 (adj 955): empty #25
06-16 22:57:32.171  1909  2776 I ActivityManager: Changes in 10311 11 to 19, 128 to 0
06-16 22:57:32.263  1909  3301 I ActivityManager: Changes in 10066 19 to 11, 0 to 128
06-16 22:57:32.277  1909  1973 I ActivityManager: Start proc 27354:com.samsung.android.mdm/u0a185 for broadcast {com.samsung.android.mdm/com.samsung.android.ppclient.receiver.UnEnrollmentReceiver}
06-16 22:57:32.277  1909  1973 I ActivityManager: ProcessObserver broadcast disabled
06-16 22:57:32.287  1909  2803 I ActivityManager: Killing 26070:com.samsung.android.sm.provider/1000 (adj 905): empty #25
06-16 22:57:32.290  1909  2803 I ActivityManager: Changes in 10066 11 to 19, 128 to 0
06-16 22:57:32.362  1909  2776 I ActivityManager: Changes in 10185 19 to 11, 0 to 128
06-16 22:57:32.369  1909  2776 I ActivityManager: Killing 26079:com.samsung.android.voc/u0a329 (adj 945): empty #25
06-16 22:57:32.372  1909  2776 I ActivityManager: Changes in 10185 11 to 19, 128 to 0
06-16 22:57:32.379  1909  1973 I ActivityManager: Start proc 27370:com.sec.android.provider.badge/u0a55 for broadcast {com.sec.android.provider.badge/com.sec.android.provider.badge.BadgeCountReceiver}
06-16 22:57:32.379  1909  1973 I ActivityManager: ProcessObserver broadcast disabled
06-16 22:57:32.450  1909  4174 I ActivityManager: Changes in 10055 19 to 11, 0 to 128
06-16 22:57:32.471  1909  2776 I ActivityManager: Changes in 10055 11 to 3, 128 to 144
06-16 22:57:32.586  1909  4174 I ActivityManager: Killing 22294:com.samsung.android.scloud/5009 (adj 945): empty #25
06-16 22:57:36.718  1909  1971 I ActivityManager: Changes in 10083 5 to 10, 144 to 0
06-16 22:57:38.492  1909  1971 I ActivityManager: Changes in 10055 3 to 15, 144 to 0
06-16 22:57:39.870  1909  1973 I ActivityManager: Start proc 27407:com.samsung.android.privacydashboard/u0a107 for content provider {com.samsung.android.privacydashboard/com.samsung.android.privacydashboard.provider.PermissionAccessInformationContentProvider}
06-16 22:57:39.871  1909  1973 I ActivityManager: ProcessObserver broadcast disabled
06-16 22:57:39.956  1909  3174 I ActivityManager: Changes in 10107 19 to 5, 0 to 144
06-16 22:57:45.888  1909  2224 I ActivityManager: Changes in 99137 3 to 10, 184 to 0
06-16 22:57:45.889  1909  2224 I ActivityManager: Changes in 10251 3 to 10, 184 to 0
06-16 22:57:45.899  1909  2224 I ActivityManager: Killing 26456:com.google.android.webview:sandboxed_process0:org.chromium.content.app.SandboxedProcessService0:0/u0a253i141 (adj 935): empty #25
06-16 22:57:45.901  1909  2224 I ActivityManager: Killing 24545:com.google.android.googlequicksearchbox:search/u0a253 (adj 935): empty #26
06-16 22:57:45.903  1909  2224 I ActivityManager: Killing 26342:com.samsung.android.kmxservice:AiPrivacy/u0a89 (adj 945): empty #27
06-16 22:57:45.945  1909  3174 W ActivityManager: Scheduling restart of crashed service com.google.android.googlequicksearchbox/org.chromium.content.app.SandboxedProcessService0:0 in 1000ms for connection
06-16 22:57:46.010  1909  1971 I ActivityManager: Changes in 10107 5 to 15, 144 to 0
06-16 22:57:47.314  1909  2065 I ActivityManager: Changes in 10251 19 to 8, 0 to 128
06-16 22:57:51.130  1909  2224 I ActivityManager: Changes in 10251 8 to 10, 128 to 0
06-16 22:57:51.155  1909  1973 I ActivityManager: Start proc 27434:com.google.android.as.oss/u0a248 for service {com.google.android.as.oss/com.google.android.gms.learning.internal.training.InAppJobService}
06-16 22:57:51.155  1909  1973 I ActivityManager: ProcessObserver broadcast disabled
06-16 22:57:51.229  1909  2224 I ActivityManager: Changes in 10248 19 to 8, 0 to 128
06-16 22:57:51.248  1909  4206 I ActivityManager: Changes in 10248 8 to 10, 128 to 0
06-16 22:57:51.253  1909  4206 I ActivityManager: Killing 26555:com.google.android.webview:webview_service/u0a263 (adj 935): empty #25
06-16 22:57:58.499  1909  1972 I ActivityManager: Killing 20941:com.samsung.cmh/5004 (adj 925): empty #25
06-16 22:57:59.837  1909  2065 I ActivityManager: Changes in 10198 19 to 19, 128 to 0
06-16 22:58:06.018  1909  1972 I ActivityManager: Killing 26623:com.samsung.faceservice/5004 (adj 925): empty #25
06-16 23:00:32.574  1909  1973 I ActivityManager: Start proc 27506:com.samsung.android.ce/u0a96 for broadcast {com.samsung.android.mcfds/com.samsung.android.ce.ContextEngineReceiver}
06-16 23:00:32.574  1909  1973 I ActivityManager: ProcessObserver broadcast disabled
06-16 23:00:32.734  1909  3606 I ActivityManager: Changes in 10096 19 to 11, 0 to 128
06-16 23:00:32.743  1909  3606 I ActivityManager: Killing 26611:com.samsung.android.game.gos/u0a76 (adj 915): empty #25
06-16 23:00:32.744  1909  3606 I ActivityManager: Changes in 10096 11 to 19, 128 to 0
06-16 23:00:32.904  1909  1972 I ActivityManager: Changes in 10096 19 to 11, 0 to 128
06-16 23:00:32.912  1909  4206 I ActivityManager: Changes in 10096 11 to 19, 128 to 0
06-16 23:00:33.024  1909  1973 I ActivityManager: Start proc 27561:com.samsung.android.mcfds/u0a96 for content provider {com.samsung.android.mcfds/com.samsung.android.mcfds.handler.client.ClientProvider}
06-16 23:00:33.025  1909  1973 I ActivityManager: ProcessObserver broadcast disabled
06-16 23:00:33.133  1909  4206 I ActivityManager: Killing 26762:com.samsung.aasaservice/1000 (adj 915): empty #25
06-16 23:00:33.192  1909  1935 I ActivityManager: Changes in 10096 19 to 5, 0 to 184
06-16 23:00:43.260  1909  3606 I ActivityManager: Changes in 10096 5 to 10, 184 to 0
06-16 23:01:00.680  1909  2065 I ActivityManager: Changes in 10248 19 to 8, 0 to 128
06-16 23:01:00.713  1909  3606 I ActivityManager: Changes in 10248 8 to 10, 128 to 0
06-16 23:01:03.193  1909  1972 I ActivityManager: Changes in 10096 19 to 11, 0 to 128
06-16 23:01:03.200  1909  3606 I ActivityManager: Changes in 10096 11 to 19, 128 to 0
06-16 23:01:53.202  1909  1973 I ActivityManager: Start proc 27600:com.google.android.googlequicksearchbox:search/u0a253 for service {com.google.android.googlequicksearchbox/androidx.work.impl.background.systemjob.SystemJobService}
06-16 23:01:53.203  1909  1973 I ActivityManager: ProcessObserver broadcast disabled
06-16 23:01:53.485  1909  4206 I ActivityManager: Killing 26818:com.google.android.packageinstaller/u0a78 (adj 905): empty #25
06-16 23:01:55.441  1909  1973 I ActivityManager: Start proc 27644:com.google.android.cellbroadcastreceiver/u0a296 for broadcast {com.google.android.cellbroadcastreceiver/com.android.cellbroadcastreceiver.CellBroadcastReceiver}
06-16 23:01:55.441  1909  1973 I ActivityManager: ProcessObserver broadcast disabled
06-16 23:01:55.534  1909  4206 I ActivityManager: Changes in 10296 19 to 11, 0 to 128
06-16 23:01:55.563  1909  2776 I ActivityManager: Killing 26069:com.samsung.android.sm.devicesecurity/u0a214 (adj 905): empty #25
06-16 23:01:55.566  1909  2776 I ActivityManager: Changes in 10296 11 to 19, 128 to 0
06-16 23:01:56.455  1909  1972 I ActivityManager: Changes in 10296 19 to 11, 0 to 128
06-16 23:01:56.463  1909  4206 I ActivityManager: Changes in 10296 11 to 19, 128 to 0
06-16 23:02:30.862  1909  2057 I ActivityManager: Killing 26660:com.google.android.rkpdapp/u0a348 (adj 905): empty #25
06-16 23:03:44.729  1909  1972 I ActivityManager: Changes in 10096 19 to 11, 0 to 128
06-16 23:03:44.734  1909  2057 I ActivityManager: Changes in 10096 11 to 19, 128 to 0
06-16 23:05:03.450  1909  1972 I ActivityManager: Changes in 10296 19 to 11, 0 to 128
06-16 23:05:03.459  1909  2057 I ActivityManager: Changes in 10296 11 to 19, 128 to 0
06-16 23:05:04.347  1909  1972 I ActivityManager: Changes in 10296 19 to 11, 0 to 128
06-16 23:05:04.357  1909  1933 I ActivityManager: Changes in 10296 11 to 19, 128 to 0
06-16 23:06:03.595  1909  1972 I ActivityManager: Changes in 10296 19 to 11, 0 to 128
06-16 23:06:03.602  1909  4407 I ActivityManager: Changes in 10296 11 to 19, 128 to 0
06-16 23:06:04.765  1909  1972 I ActivityManager: Changes in 10296 19 to 11, 0 to 128
06-16 23:06:04.775  1909  2776 I ActivityManager: Changes in 10296 11 to 19, 128 to 0
06-16 23:07:04.344  1909  1973 I ActivityManager: Start proc 27756:com.samsung.mfcontents/u0a95 for service {com.samsung.mfcontents/com.samsung.mfcontents.scheduler.MFCJobService}
06-16 23:07:04.345  1909  1973 I ActivityManager: ProcessObserver broadcast disabled
06-16 23:07:04.464  1909  2057 I ActivityManager: Changes in 10095 19 to 8, 0 to 128
06-16 23:07:04.472  1909  2057 I ActivityManager: Changes in 10095 8 to 10, 128 to 0
06-16 23:07:04.476  1909  2057 I ActivityManager: Killing 26880:com.samsung.android.provider.filterprovider/1000 (adj 905): empty #25
06-16 23:07:06.709  1909  2030 I ActivityManager: Changes in 10251 19 to 19, 0 to 128
06-16 23:07:06.729  1909  1973 I ActivityManager: Start proc 27777:com.samsung.android.sm.devicesecurity/u0a214 for broadcast {com.samsung.android.sm.devicesecurity/com.samsung.android.sm.devicesecurity.AppVerificationReceiver}
06-16 23:07:06.730  1909  1973 I ActivityManager: ProcessObserver broadcast disabled
06-16 23:07:06.803  1909  1933 I ActivityManager: Changes in 10214 19 to 11, 0 to 128
06-16 23:07:06.821  1909  1973 I ActivityManager: Start proc 27798:com.samsung.android.game.gos/u0a76 for broadcast {com.samsung.android.game.gos/com.samsung.android.game.gos.receiver.GameServiceReceiver}
06-16 23:07:06.822  1909  1973 I ActivityManager: ProcessObserver broadcast disabled
06-16 23:07:06.830  1909  4206 I ActivityManager: Background started FGS: Allowed [callingPackage: com.samsung.android.sm.devicesecurity; callingUid: 10214; uidState: RCVR; uidBFSL: n/a; intent: Intent { act=com.samsung.android.sm.security.service.ACTION_START dat=file:///... typ=application/vnd.android.package-archive flg=0x10000011 xflg=0x4 cmp=com.samsung.android.sm.devicesecurity/.AppVerificationService (has extras) }; code:BACKGROUND_ACTIVITY_PERMISSION; tempAllowListReason:<,reasonCode:SYSTEM_ALLOW_LISTED,duration:9223372036854775807,callingUid:-1>; allowWiu:58; targetSdkVersion:36; callerTargetSdkVersion:36; startForegroundCount:0; bindFromPackage:null: isBindService:false]
06-16 23:07:06.837  1909  4206 I ActivityManager: Changes in 10214 10 to 4, 128 to 248
06-16 23:07:06.958  1909  2769 I ActivityManager: Changes in 10076 19 to 11, 0 to 128
06-16 23:07:06.987  1909  4206 I ActivityManager: Changes in 10076 10 to 10, 128 to 0
06-16 23:07:07.098  1909  4206 I ActivityManager: Changes in 99137 19 to 10, 0 to 128
06-16 23:07:07.898  1909  2769 I ActivityManager: Killing 26964:com.samsung.android.ssiframework/u0a112 (adj 905): empty #25
06-16 23:07:17.879  1909  4206 I ActivityManager: Changes in 10214 4 to 19, 248 to 128
06-16 23:07:17.958  1909  1935 I ActivityManager: Killing 27028:com.android.vending:background/u0a251 (adj 985): empty #25
06-16 23:07:18.048  1909  1973 W ActivityManager: Slow operation: 61ms so far, now at startProcess: done updating battery stats
06-16 23:07:18.049  1909  1973 W ActivityManager: Slow operation: 62ms so far, now at startProcess: building log message
06-16 23:07:18.049  1909  1973 I ActivityManager: Start proc 27877:com.google.android.packageinstaller/u0a78 for broadcast {com.google.android.packageinstaller/com.android.packageinstaller.PackageInstalledReceiver}
06-16 23:07:18.049  1909  1973 W ActivityManager: Slow operation: 62ms so far, now at startProcess: starting to update pids map
06-16 23:07:18.050  1909  1973 I ActivityManager: ProcessObserver broadcast disabled
06-16 23:07:18.050  1909  1973 W ActivityManager: Slow operation: 63ms so far, now at startProcess: done updating pids map
06-16 23:07:18.075  1909  1972 I ActivityManager: Changes in 10108 10 to 10, 0 to 128
06-16 23:07:18.089  1909  4407 I ActivityManager: Changes in 10108 10 to 10, 128 to 0
06-16 23:07:18.102  1909  1973 W ActivityManager: Slow operation: 72ms so far, now at startProcess: returned from zygote!
06-16 23:07:18.103  1909  1973 W ActivityManager: Slow operation: 73ms so far, now at startProcess: done updating battery stats
06-16 23:07:18.103  1909  1973 W ActivityManager: Slow operation: 73ms so far, now at startProcess: building log message
06-16 23:07:18.103  1909  1973 I ActivityManager: Start proc 27894:com.samsung.android.app.routines/u0a53 for service {com.samsung.android.app.routines/com.samsung.android.app.routines.domainmodel.service.RoutineService}
06-16 23:07:18.103  1909  1973 W ActivityManager: Slow operation: 73ms so far, now at startProcess: starting to update pids map
06-16 23:07:18.103  1909  1973 I ActivityManager: ProcessObserver broadcast disabled
06-16 23:07:18.103  1909  1973 W ActivityManager: Slow operation: 73ms so far, now at startProcess: done updating pids map
06-16 23:07:18.195  1909  2769 I ActivityManager: Changes in 10078 19 to 11, 0 to 128
06-16 23:07:18.221  1909  1935 I ActivityManager: Changes in 10078 11 to 19, 128 to 0
06-16 23:07:18.254  1909  1973 I ActivityManager: Start proc 27921:com.samsung.android.provider.filterprovider/1000 for broadcast {com.samsung.android.provider.filterprovider/com.samsung.android.provider.filterprovider.PackageIntentReceiver}
06-16 23:07:18.262  1909  1973 I ActivityManager: ProcessObserver broadcast disabled
06-16 23:07:18.265  1909  1973 W ActivityManager: Slow operation: 57ms so far, now at startProcess: done updating pids map
06-16 23:07:18.318  1909  2769 I ActivityManager: Changes in 99137 10 to 3, 128 to 184
06-16 23:07:20.285  1909  2769 I ActivityManager: Killing 26894:com.android.keychain/1000 (adj 975): empty #25
06-16 23:07:33.356  1909  2769 I ActivityManager: Changes in 99137 3 to 10, 184 to 0
06-16 23:07:33.359  1909  1933 I ActivityManager: Killing 27243:com.samsung.android.mapsagent/u0a183 (adj 965): empty #25
06-16 23:07:33.365  1909  1933 I ActivityManager: Killing 27058:com.google.android.apps.carrier.carrierwifi/u0a241 (adj 975): empty #26
06-16 23:07:36.717  1909  2065 I ActivityManager: Changes in 10251 19 to 19, 128 to 0
06-16 23:07:36.815  1909  2065 I ActivityManager: Changes in 10214 19 to 19, 128 to 0
06-16 23:07:46.004  1909  2065 I ActivityManager: Changes in 10251 19 to 8, 0 to 128
06-16 23:07:47.361  1909  1933 I ActivityManager: Changes in 10251 8 to 10, 128 to 0
06-16 23:08:25.382  1909  1973 I ActivityManager: Start proc 28033:com.arcfire.online/u0a1049 for next-top-activity {com.arcfire.online/com.arcfire.online.MainActivity}
06-16 23:08:25.382  1909  1973 I ActivityManager: ProcessObserver broadcast disabled
06-16 23:08:25.445  1909  4227 I ActivityManager: Changes in 11049 19 to 2, 0 to 255
06-16 23:08:25.978  1909  1933 I ActivityManager: Changes in 99137 19 to 3, 0 to 184
06-16 23:08:26.585  1909  4227 I ActivityManager: Changes in 10251 19 to 3, 0 to 184
06-16 23:08:26.644  1909  1965 I ActivityManager: Changes in 10147 2 to 5, 255 to 184
06-16 23:08:26.648  1909  4227 I ActivityManager: Changes in 10297 5 to 6, 184 to 128
06-16 23:08:26.656  1909  2057 I ActivityManager: Changes in 10251 3 to 10, 184 to 0
06-16 23:08:33.364  1909  1972 I ActivityManager: Changes in 10296 19 to 11, 0 to 128
06-16 23:08:33.378  1909  2057 I ActivityManager: Changes in 10296 11 to 19, 128 to 0
06-16 23:08:34.520  1909  1972 I ActivityManager: Changes in 10296 19 to 11, 0 to 128
06-16 23:08:34.531  1909  2057 I ActivityManager: Changes in 10296 11 to 19, 128 to 0
06-16 23:08:36.642  1909  4227 I ActivityManager: Changes in 99137 3 to 10, 184 to 0
06-16 23:09:15.326 28033 28149 W ReactNativeJS: 'This method is deprecated (as well as all React Native Firebase namespaced API) and will be removed in the next major release as part of move to match Firebase Web modular SDK API. Please see migration guide for more details: https://rnfirebase.io/migrating-to-v22 Please use `getApp()` instead.', { [Component Stack] name: 'Component Stack' }
06-16 23:09:15.344 28033 28149 W ReactNativeJS: 'This method is deprecated (as well as all React Native Firebase namespaced API) and will be removed in the next major release as part of move to match Firebase Web modular SDK API. Please see migration guide for more details: https://rnfirebase.io/migrating-to-v22 Please use `getApp()` instead.', { [Component Stack] name: 'Component Stack' }
06-16 23:09:15.360 28033 28149 W ReactNativeJS: 'This method is deprecated (as well as all React Native Firebase namespaced API) and will be removed in the next major release as part of move to match Firebase Web modular SDK API. Please see migration guide for more details: https://rnfirebase.io/migrating-to-v22. Method called was `settings`. Please use `settings()` instead.', { [Component Stack] name: 'Component Stack' }
06-16 23:09:15.384 28033 28149 W ReactNativeJS: 'This method is deprecated (as well as all React Native Firebase namespaced API) and will be removed in the next major release as part of move to match Firebase Web modular SDK API. Please see migration guide for more details: https://rnfirebase.io/migrating-to-v22 Please use `getApp()` instead.', { [Component Stack] name: 'Component Stack' }
06-16 23:09:15.395 28033 28149 W ReactNativeJS: 'This method is deprecated (as well as all React Native Firebase namespaced API) and will be removed in the next major release as part of move to match Firebase Web modular SDK API. Please see migration guide for more details: https://rnfirebase.io/migrating-to-v22. Method called was `logEvent`. Please use `logEvent()` instead.', { [Component Stack] name: 'Component Stack' }
06-16 23:09:15.534  1909  4227 I ActivityManager: Changes in 99137 19 to 3, 0 to 184
06-16 23:09:25.300  1909  2410 I ActivityManager: Killing 27266:com.google.android.videos/u0a311 (adj 975): Chimera #0
06-16 23:09:25.317  1909  2410 I ActivityManager: Killing 27777:com.samsung.android.sm.devicesecurity/u0a214 (adj 925): Chimera #0
06-16 23:09:25.330  1909  2410 I ActivityManager: Killing 22679:android.process.acore/u0a56 (adj 850): Chimera #0
06-16 23:09:25.740  1909  4343 I ActivityManager: Changes in 99137 3 to 10, 184 to 0
06-16 23:09:37.530  1909  2410 I ActivityManager: Killing 23276:com.android.vending/u0a251 (adj 905): Chimera #0
06-16 23:09:37.535  1909  2410 W ActivityManager: Scheduling restart of crashed service com.android.vending/com.google.android.finsky.installservice.DevTriggeredUpdateService in 1000ms for connection
06-16 23:09:37.542  1909  2410 I ActivityManager: Killing 27434:com.google.android.as.oss/u0a248 (adj 945): Chimera #0
06-16 23:09:37.547  1909  2410 I ActivityManager: Killing 27354:com.samsung.android.mdm/u0a185 (adj 965): Chimera #0
06-16 23:09:37.551  1909  2410 I ActivityManager: Killing 27407:com.samsung.android.privacydashboard/u0a107 (adj 955): Chimera #0
06-16 23:09:37.555  1909  2410 I ActivityManager: Killing 27165:com.samsung.android.forest/1000 (adj 925): Chimera #0
06-16 23:09:37.566  1909  2410 I ActivityManager: Killing 27370:com.sec.android.provider.badge/u0a55 (adj 965): Chimera #0
06-16 23:09:37.567  1909  2410 I ActivityManager: Killing 26792:com.samsung.android.privateaccesstokens/u0a198 (adj 955): Chimera #0
06-16 23:09:37.572  1909  2410 I ActivityManager: Killing 26936:com.samsung.klmsagent/u0a83 (adj 945): Chimera #0
06-16 23:09:37.576  1909  2410 I ActivityManager: Killing 27756:com.samsung.mfcontents/u0a95 (adj 935): Chimera #0
06-16 23:09:37.587  1909  2410 I ActivityManager: Killing 27877:com.google.android.packageinstaller/u0a78 (adj 925): Chimera #0
06-16 23:09:37.592  1909  2410 I ActivityManager: Killing 27921:com.samsung.android.provider.filterprovider/1000 (adj 915): Chimera #0
06-16 23:09:38.563  1909  1973 I ActivityManager: Start proc 28246:com.android.vending/u0a251 for service {com.android.vending/com.google.android.finsky.installservice.DevTriggeredUpdateService}
06-16 23:09:38.564  1909  1973 I ActivityManager: ProcessObserver broadcast disabled
06-16 23:09:39.570  1909  1972 I ActivityManager: Changes in 10251 19 to 11, 0 to 128
06-16 23:09:39.584  1909  4225 I ActivityManager: Changes in 10251 11 to 19, 128 to 0
06-16 23:09:49.407  1909  1973 I ActivityManager: Start proc 28347:com.android.vending:background/u0a251 for service {com.android.vending/com.google.frameworks.client.data.android.server.play.BackgroundProcessEndpointService}
06-16 23:09:49.408  1909  1973 I ActivityManager: ProcessObserver broadcast disabled
06-16 23:09:49.593  1909  4225 I ActivityManager: Process com.samsung.android.fmm (pid 20649) has died: cch+85 SVC (91,280)
06-16 23:09:49.595  1909  4225 W ActivityManager: Scheduling restart of crashed service com.samsung.android.fmm/com.samsung.android.fme.offlinefinding.OfflineFindingService in 1000ms for start-requested
06-16 23:09:49.603  1909  4225 I ActivityManager: Changes in 10122 6 to 19, 128 to 0
06-16 23:09:49.641  1909  1971 W ActivityManager: Rescheduling restart of crashed service com.samsung.android.fmm/com.samsung.android.fme.offlinefinding.OfflineFindingService in 19956ms for mem-pressure-event
06-16 23:09:49.695  1909  4174 I ActivityManager: Process com.samsung.android.spay (pid 21014) has died: cch+85 SVC (91,283)
06-16 23:09:49.715  1909  4174 W ActivityManager: Scheduling restart of crashed service com.samsung.android.spay/.wearablewallet.lcm.WatchLongLifeLog in 49881ms for start-requested
06-16 23:09:49.715  1909  4174 W ActivityManager: Scheduling restart of crashed service com.samsung.android.spay/com.ubivelox.hcesupport.library.internal.service.ApduService in 79880ms for start-requested
06-16 23:09:49.725  1909  2057 I ActivityManager: Process android.process.media (pid 27320) has died: cch+75 CEM (87,284)
06-16 23:09:49.773  1909  2225 I ActivityManager: Process com.skt.skaf.OA00018282 (pid 27168) has died: cch+65 CEM (90,286)
06-16 23:09:49.778  1909  1971 W ActivityManager: Rescheduling restart of crashed service com.samsung.android.fmm/com.samsung.android.fme.offlinefinding.OfflineFindingService in 9817ms for mem-pressure-event
06-16 23:09:49.778  1909  1971 W ActivityManager: Rescheduling restart of crashed service com.samsung.android.spay/.wearablewallet.lcm.WatchLongLifeLog in 29817ms for mem-pressure-event
06-16 23:09:49.778  1909  1971 W ActivityManager: Rescheduling restart of crashed service com.samsung.android.spay/com.ubivelox.hcesupport.library.internal.service.ApduService in 49817ms for mem-pressure-event
06-16 23:09:49.811  1909  2225 I ActivityManager: Process com.samsung.android.mcfds (pid 27561) has died: cch+55 CEM (86,287)
06-16 23:09:49.858  1909  3434 I ActivityManager: Process com.google.android.googlequicksearchbox:search (pid 27600) has died: cch+45 CEM (112,289)
06-16 23:09:49.915  1909  2537 I ActivityManager: Process com.samsung.android.ce (pid 27506) has died: cch+35 CEM (115,293)
06-16 23:09:49.963  1909  2537 I ActivityManager: Process com.android.vending (pid 28246) has died: cch+30 CEM (147,295)
06-16 23:09:49.965  1909  4174 W ActivityManager: pid 28347 com.android.vending:background sent binder code 2 with flags 1 to frozen apps and got error -32
06-16 23:09:49.971  1909  2537 W ActivityManager: Scheduling restart of crashed service com.android.vending/com.google.android.finsky.installservice.DevTriggeredUpdateService in 69624ms for connection
06-16 23:09:54.107  1909  3050 I ActivityManager: Changes in 99137 19 to 3, 0 to 184
06-16 23:09:59.634  1909  1973 I ActivityManager: Start proc 28438:com.samsung.android.fmm/1000 for service {com.samsung.android.fmm/com.samsung.android.fme.offlinefinding.OfflineFindingService}
06-16 23:09:59.634  1909  1973 I ActivityManager: ProcessObserver broadcast disabled
06-16 23:10:09.073  1909  1971 W ActivityManager: Rescheduling restart of crashed service com.samsung.android.spay/.wearablewallet.lcm.WatchLongLifeLog in 0ms for mem-pressure-event
06-16 23:10:09.073  1909  1971 W ActivityManager: Rescheduling restart of crashed service com.samsung.android.spay/com.ubivelox.hcesupport.library.internal.service.ApduService in 0ms for mem-pressure-event
06-16 23:10:09.073  1909  1971 W ActivityManager: Rescheduling restart of crashed service com.android.vending/com.google.android.finsky.installservice.DevTriggeredUpdateService in 0ms for mem-pressure-event
06-16 23:10:09.094  1909  1973 I ActivityManager: Start proc 28489:com.samsung.android.spay/u0a333 for service {com.samsung.android.spay/com.samsung.android.spay.wearablewallet.lcm.WatchLongLifeLog}
06-16 23:10:09.094  1909  1973 I ActivityManager: ProcessObserver broadcast disabled
06-16 23:10:09.113  1909  1973 I ActivityManager: Start proc 28491:com.android.vending/u0a251 for service {com.android.vending/com.google.android.finsky.installservice.DevTriggeredUpdateService}
06-16 23:10:09.114  1909  1973 I ActivityManager: ProcessObserver broadcast disabled
06-16 23:10:09.237  1909  2776 I ActivityManager: Changes in 99137 3 to 10, 184 to 0
06-16 23:10:09.365  1909  4407 I ActivityManager: Broadcasting: Intent { act=android.intent.action.MEDIA_SCANNER_SCAN_FILE dat=file:///... flg=0x400000 }
06-16 23:10:09.372  1909  4407 I ActivityManager: Enqueued broadcast Intent { act=android.intent.action.MEDIA_SCANNER_SCAN_FILE dat=file:///... flg=0x400000 }: 0
06-16 23:10:09.384  1909  1962 I ActivityManager: Broadcast completed: result=0
06-16 23:10:09.766  1909  1972 I ActivityManager: Changes in 10251 19 to 11, 0 to 128
06-16 23:10:09.781  1909  1933 I ActivityManager: Changes in 10251 11 to 19, 128 to 0
06-16 23:10:10.013  1909  2065 I ActivityManager: Changes in 10066 19 to 8, 0 to 128
06-16 23:10:10.019  1909  1973 I ActivityManager: Start proc 28560:com.samsung.android.scs/u0a116 for service {com.samsung.android.scs/androidx.work.impl.background.systemjob.SystemJobService}
06-16 23:10:10.019  1909  1973 I ActivityManager: ProcessObserver broadcast disabled
06-16 23:10:10.030  1909  2776 I ActivityManager: Changes in 10066 8 to 10, 128 to 0
06-16 23:10:10.190  1909  4174 I ActivityManager: Changes in 10116 19 to 8, 0 to 128
06-16 23:10:10.199  1909  2776 I ActivityManager: Process com.android.chrome (pid 21013) has died: cch+30 CACC(78,554)
06-16 23:10:10.204  1909  2776 W ActivityManager: Scheduling restart of crashed service com.android.chrome/org.chromium.chrome.browser.customtabs.CustomTabsConnectionService in 1000ms for connection
06-16 23:10:10.211  1909  1971 W ActivityManager: Rescheduling restart of crashed service com.android.chrome/org.chromium.chrome.browser.customtabs.CustomTabsConnectionService in 29993ms for mem-pressure-event
06-16 23:10:10.418  1909  2776 I ActivityManager: Changes in 10066 19 to 8, 0 to 128
06-16 23:10:10.422  1909  1971 W ActivityManager: Rescheduling restart of crashed service com.android.chrome/org.chromium.chrome.browser.customtabs.CustomTabsConnectionService in 9782ms for mem-pressure-event
06-16 23:10:10.651  1909  2803 I ActivityManager: Process com.lguplus.appstore (pid 27102) has died: cch+15 CEM (68,591)
06-16 23:10:10.709  1909  1971 W ActivityManager: Rescheduling restart of crashed service com.android.chrome/org.chromium.chrome.browser.customtabs.CustomTabsConnectionService in 29495ms for mem-pressure-event
06-16 23:10:10.729  1909  1973 I ActivityManager: Start proc 28675:com.sec.android.provider.badge/u0a55 for broadcast {com.sec.android.provider.badge/com.sec.android.provider.badge.BadgeCountReceiver}
06-16 23:10:10.729  1909  1973 I ActivityManager: ProcessObserver broadcast disabled
06-16 23:10:10.772  1909  1973 I ActivityManager: Start proc 28688:com.samsung.cmh/5004 for content provider {com.samsung.cmh/com.samsung.cmh.provider.CMHProvider}
06-16 23:10:10.773  1909  1973 I ActivityManager: ProcessObserver broadcast disabled
06-16 23:10:10.818  1909  3698 I ActivityManager: Changes in 10055 19 to 11, 0 to 128
06-16 23:10:10.857  1909  3698 I ActivityManager: Changes in 10055 11 to 19, 128 to 0
06-16 23:10:10.869  1909  2769 I ActivityManager: Changes in 10055 19 to 5, 0 to 144
06-16 23:10:10.915  1909  2769 I ActivityManager: Changes in 5004 19 to 8, 0 to 128
06-16 23:10:10.934  1909  1973 I ActivityManager: Start proc 28727:com.samsung.android.app.watchmanager:remote/u0a327 for service {com.samsung.android.app.watchmanager/com.samsung.android.app.twatchmanager.plugininfoservice.PluginInfoProvideService}
06-16 23:10:10.934  1909  1973 I ActivityManager: ProcessObserver broadcast disabled
06-16 23:10:11.017  1909  2803 I ActivityManager: Changes in 10116 8 to 10, 128 to 0
06-16 23:10:11.017  1909  2803 I ActivityManager: Changes in 10066 8 to 10, 128 to 0
06-16 23:10:11.021  1909  2803 I ActivityManager: Changes in 5004 8 to 10, 128 to 0
06-16 23:10:11.031  1909  2803 I ActivityManager: Changes in 5004 10 to 8, 0 to 128
06-16 23:10:11.045  1909  3606 I ActivityManager: Process com.samsung.android.game.gos (pid 27798) has died: cch+15 CEM (29,613)
06-16 23:10:11.069  1909  3606 I ActivityManager: Changes in 5004 8 to 10, 128 to 0
06-16 23:10:11.102  1909  2224 I ActivityManager: Process com.samsung.android.lool (pid 21846) has died: cch+10 CAC (25,618)
06-16 23:10:11.118  1909  1965 W ActivityManager: setHasOverlayUi called on unknown pid: 21846
06-16 23:10:11.171  1909  1973 I ActivityManager: Start proc 28754:com.samsung.android.app.watchmanager:contentprovider/u0a327 for content provider {com.samsung.android.app.watchmanager/com.samsung.android.app.twatchmanager.contentprovider.BaseContentProvider}
06-16 23:10:11.171  1909  1973 I ActivityManager: ProcessObserver broadcast disabled
06-16 23:10:11.225  1909  1973 I ActivityManager: Start proc 28776:com.samsung.faceservice/5004 for content provider {com.samsung.faceservice/com.samsung.faceservice.provider.FaceServiceProvider}
06-16 23:10:11.225  1909  1973 I ActivityManager: ProcessObserver broadcast disabled
06-16 23:10:11.340  1909  2224 I ActivityManager: Changes in 10116 19 to 8, 0 to 128
06-16 23:10:11.340  1909  2224 I ActivityManager: Changes in 10066 19 to 8, 0 to 128
06-16 23:10:11.340  1909  2224 I ActivityManager: Changes in 5004 19 to 8, 0 to 128
06-16 23:10:11.354  1909  2057 W ActivityManager: Receiver with filter android.content.IntentFilter@eb1822c already registered for pid 28776, callerPackage is com.samsung.faceservice
06-16 23:10:11.354  1909  2720 W ActivityManager: Receiver with filter android.content.IntentFilter@ad0f28a already registered for pid 28776, callerPackage is com.samsung.faceservice
06-16 23:10:11.461  1909  2057 I ActivityManager: Changes in 10116 8 to 10, 128 to 0
06-16 23:10:11.462  1909  2057 I ActivityManager: Changes in 10066 8 to 10, 128 to 0
06-16 23:10:11.462  1909  2057 I ActivityManager: Changes in 5004 8 to 10, 128 to 0
06-16 23:10:11.632  1909  2057 I ActivityManager: Process com.android.vending (pid 28491) has died: cch+5 CEM (102,629)
06-16 23:10:11.636  1909  1971 W ActivityManager: Rescheduling restart of crashed service com.android.chrome/org.chromium.chrome.browser.customtabs.CustomTabsConnectionService in 18569ms for mem-pressure-event
06-16 23:10:11.661  1909  2057 I ActivityManager: Process com.android.vending:background (pid 28347) has died: cch+5 CEM (132,629)
06-16 23:10:11.696  1909  2224 I ActivityManager: Process com.samsung.android.scs (pid 28560) has died: cch+5 CEM (164,629)
06-16 23:10:11.699  1909  1971 W ActivityManager: Rescheduling restart of crashed service com.android.chrome/org.chromium.chrome.browser.customtabs.CustomTabsConnectionService in 28504ms for mem-pressure-event
06-16 23:10:15.349  1909  1971 W ActivityManager: Rescheduling restart of crashed service com.android.chrome/org.chromium.chrome.browser.customtabs.CustomTabsConnectionService in 0ms for mem-pressure-event
06-16 23:10:15.374  1909  1973 I ActivityManager: Start proc 28831:com.android.chrome/u0a266 for service {com.android.chrome/org.chromium.chrome.browser.customtabs.CustomTabsConnectionService}
06-16 23:10:15.374  1909  1973 I ActivityManager: ProcessObserver broadcast disabled
06-16 23:10:16.363  1909  1973 I ActivityManager: Start proc 28872:com.android.chrome:privileged_process0/u0a266 for service {com.android.chrome/org.chromium.content.app.PrivilegedProcessService0}
06-16 23:10:16.363  1909  1973 I ActivityManager: ProcessObserver broadcast disabled
06-16 23:10:16.375  1909  1973 I ActivityManager: Start proc 28873:com.android.vending/u0a251 for service {com.android.vending/com.google.android.finsky.installservice.DevTriggeredUpdateService}
06-16 23:10:16.375  1909  1973 I ActivityManager: ProcessObserver broadcast disabled
06-16 23:10:16.454  1909  4407 I ActivityManager: Process com.samsung.faceservice (pid 28776) has died: cch+25 CEM (98,725)
06-16 23:10:16.478  1909  2776 I ActivityManager: Process com.samsung.android.app.watchmanager:contentprovider (pid 28754) has died: cch+15 CEM (114,727)
06-16 23:10:16.518  1909  2224 I ActivityManager: Process com.samsung.cmh (pid 28688) has died: cch+5 CEM (120,731)
06-16 23:10:16.544  1909  4343 I ActivityManager: Process com.samsung.android.app.watchmanager:remote (pid 28727) has died: cch+5 CEM (126,732)
06-16 23:10:16.641  1909  3174 I ActivityManager: Process com.samsung.android.rubin.app (pid 20652) has died: cch+5 SVC (115,743)
06-16 23:10:16.643  1909  3174 W ActivityManager: Scheduling restart of crashed service com.samsung.android.rubin.app/com.samsung.android.rubin.controller.services.KeepAliveService in 1000ms for start-requested
06-16 23:10:16.679  1909  3301 I ActivityManager: Process com.samsung.android.app.routines (pid 27894) has died: cch+5 CEM (118,746)
06-16 23:10:16.696  1909  3301 I ActivityManager: Process com.google.android.cellbroadcastreceiver (pid 27644) has died: cch+5 CEM (113,748)
06-16 23:10:16.726  1909  4211 I ActivityManager: Process com.android.chrome (pid 28831) has died: cch CACC(126,749)
06-16 23:10:16.733  1909  4211 W ActivityManager: Scheduling restart of crashed service com.android.chrome/org.chromium.chrome.browser.customtabs.CustomTabsConnectionService in 40909ms for connection
06-16 23:10:16.744  1909  1971 W ActivityManager: Rescheduling restart of crashed service com.samsung.android.rubin.app/com.samsung.android.rubin.controller.services.KeepAliveService in 29898ms for mem-pressure-event
06-16 23:10:16.744  1909  1971 W ActivityManager: Rescheduling restart of crashed service com.android.chrome/org.chromium.chrome.browser.customtabs.CustomTabsConnectionService in 69898ms for mem-pressure-event
06-16 23:10:16.795  1909  4343 I ActivityManager: Process com.android.chrome:privileged_process0 (pid 28872) has died: fg  SVC (144,751)
06-16 23:10:16.892  1909  1971 I ActivityManager: Changes in 10055 5 to 15, 144 to 0
06-16 23:10:16.919  1909  1973 I ActivityManager: Start proc 28997:com.android.vending:background/u0a251 for service {com.android.vending/com.google.frameworks.client.data.android.server.play.BackgroundProcessEndpointService}
06-16 23:10:16.923  1909  1973 I ActivityManager: ProcessObserver broadcast disabled
06-16 23:10:16.986  1909  1972 I ActivityManager: Changes in 99137 19 to 11, 0 to 128
06-16 23:10:16.986  1909  1972 I ActivityManager: Changes in 10251 19 to 11, 0 to 128
06-16 23:10:16.988  1909  3301 I ActivityManager: Changes in 99137 11 to 19, 128 to 0
06-16 23:10:16.988  1909  3301 I ActivityManager: Changes in 10251 11 to 19, 128 to 0
06-16 23:10:17.381  1909  1971 I ActivityManager: Changes in 10122 10 to 6, 0 to 128
06-16 23:10:20.845  1909  1971 W ActivityManager: Rescheduling restart of crashed service com.samsung.android.rubin.app/com.samsung.android.rubin.controller.services.KeepAliveService in 5797ms for mem-pressure-event
06-16 23:10:20.845  1909  1971 W ActivityManager: Rescheduling restart of crashed service com.android.chrome/org.chromium.chrome.browser.customtabs.CustomTabsConnectionService in 25797ms for mem-pressure-event
06-16 23:10:22.681  1909  1971 W ActivityManager: Rescheduling restart of crashed service com.samsung.android.rubin.app/com.samsung.android.rubin.controller.services.KeepAliveService in 0ms for mem-pressure-event
06-16 23:10:22.682  1909  1971 W ActivityManager: Rescheduling restart of crashed service com.android.chrome/org.chromium.chrome.browser.customtabs.CustomTabsConnectionService in 0ms for mem-pressure-event
06-16 23:10:22.705  1909  1973 I ActivityManager: Start proc 29078:com.samsung.android.rubin.app/u0a108 for service {com.samsung.android.rubin.app/com.samsung.android.rubin.controller.services.KeepAliveService}
06-16 23:10:22.705  1909  1973 I ActivityManager: ProcessObserver broadcast disabled
06-16 23:10:22.716  1909  1973 I ActivityManager: Start proc 29079:com.android.chrome/u0a266 for service {com.android.chrome/org.chromium.chrome.browser.customtabs.CustomTabsConnectionService}
06-16 23:10:22.716  1909  1973 I ActivityManager: ProcessObserver broadcast disabled
06-16 23:10:22.991  1909  1973 I ActivityManager: Start proc 29141:com.android.chrome:privileged_process0/u0a266 for service {com.android.chrome/org.chromium.content.app.PrivilegedProcessService0}
06-16 23:10:22.991  1909  1973 I ActivityManager: ProcessObserver broadcast disabled
06-16 23:10:23.559 29226 29226 E libc    : SetHeapTaggingLevel: re-enabling tagging after it was disabled is not supported
06-16 23:10:23.563  1909  1973 W ActivityManager: Slow operation: 143ms so far, now at startProcess: returned from zygote!
06-16 23:10:23.572  1909  1973 W ActivityManager: Slow operation: 152ms so far, now at startProcess: done updating battery stats
06-16 23:10:23.573  1909  1973 W ActivityManager: Slow operation: 153ms so far, now at startProcess: building log message
06-16 23:10:23.573  1909  1973 I ActivityManager: Start proc 29226:com.android.chrome:sandboxed_process0:org.chromium.content.app.SandboxedProcessService0:0/u0ai0 for  {com.android.chrome/org.chromium.content.app.SandboxedProcessService0:0}
06-16 23:10:23.573  1909  1973 W ActivityManager: Slow operation: 153ms so far, now at startProcess: starting to update pids map
06-16 23:10:23.573  1909  1973 I ActivityManager: ProcessObserver broadcast disabled
06-16 23:10:23.573  1909  1973 W ActivityManager: Slow operation: 153ms so far, now at startProcess: done updating pids map
06-16 23:10:23.627  1909  4343 I ActivityManager: Changes in 99137 10 to 8, 0 to 128
06-16 23:10:23.712  1909  1973 I ActivityManager: Start proc 29248:com.osp.app.signin/u0a117 for content provider {com.osp.app.signin/com.samsung.android.samsungaccount.place.db.PlaceProvider}
06-16 23:10:23.712  1909  1973 I ActivityManager: ProcessObserver broadcast disabled
06-16 23:10:23.729  1909  1973 I ActivityManager: Start proc 29249:com.samsung.android.samsungpositioning/5017 for content provider {com.samsung.android.samsungpositioning/com.samsung.android.samsungpositioning.presentation.PathHistoryProvider}
06-16 23:10:23.752  1909  1973 I ActivityManager: ProcessObserver broadcast disabled
06-16 23:10:23.805  1909  4211 I ActivityManager: Process com.android.vending (pid 28873) has died: cch CEM (104,845)
06-16 23:10:23.805  1909  3174 W ActivityManager: pid 28997 com.android.vending:background sent binder code 2 with flags 1 to frozen apps and got error -32
06-16 23:10:23.810  1909  4211 W ActivityManager: Scheduling restart of crashed service com.android.vending/com.google.android.finsky.installservice.DevTriggeredUpdateService in 1000ms for connection
06-16 23:10:23.810  1909  4211 W ActivityManager: Scheduling restart of crashed service com.android.vending/com.google.android.finsky.setup.dse.impl.DseService in 11000ms for connection
06-16 23:10:23.822  1909  3174 W ActivityManager: pid 29079 com.android.chrome sent binder code 2 with flags 1 to frozen apps and got error -32
06-16 23:10:23.852  1909  4211 I ActivityManager: Changes in 99137 8 to 10, 128 to 0
06-16 23:10:23.863  1909  1971 W ActivityManager: Rescheduling restart of crashed service com.android.vending/com.google.android.finsky.installservice.DevTriggeredUpdateService in 29951ms for mem-pressure-event
06-16 23:10:23.863  1909  1971 W ActivityManager: Rescheduling restart of crashed service com.android.vending/com.google.android.finsky.setup.dse.impl.DseService in 69951ms for mem-pressure-event
06-16 23:10:23.874  1909  3174 I ActivityManager: Process com.android.vending:background (pid 28997) has died: fg  SVC (123,857)
06-16 23:10:23.935  1909  1933 I ActivityManager: Process com.google.android.googlequicksearchbox:googleapp (pid 21759) has died: cch CACC(124,867)
06-16 23:10:23.936  1909  1933 W ActivityManager: Scheduling restart of crashed service com.google.android.googlequicksearchbox/com.google.android.apps.gsa.nowoverlayservice.DrawerOverlayService in 109874ms for connection
06-16 23:10:23.936  1909  1933 I ActivityManager: Changes in 10297 6 to 6, 128 to 0
06-16 23:10:23.978  1909  4407 I ActivityManager: Process com.android.chrome (pid 29079) has died: cch CACC(164,874)
06-16 23:10:23.987  1909  4407 I ActivityManager: Killing 29226:com.android.chrome:sandboxed_process0:org.chromium.content.app.SandboxedProcessService0:0/u0a266i-9000 (adj 0): isolated not needed
06-16 23:10:23.989  1909  4407 W ActivityManager: Scheduling restart of crashed service com.android.chrome/org.chromium.chrome.browser.customtabs.CustomTabsConnectionService in 30000ms for connection
06-16 23:10:24.034  1909  4343 I ActivityManager: Process com.android.chrome:privileged_process0 (pid 29141) has died: fg  SVC (201,884)
06-16 23:10:24.084  1909  4343 I ActivityManager: Changes in 5017 10 to 8, 0 to 128
06-16 23:10:24.138  1909  3174 I ActivityManager: Changes in 5017 8 to 10, 128 to 0
06-16 23:10:24.194  1909  1973 I ActivityManager: Start proc 29310:com.sec.android.app.shealth:remote/u0a328 for service {com.sec.android.app.shealth/com.samsung.android.service.health.HealthService}
06-16 23:10:24.194  1909  1973 I ActivityManager: ProcessObserver broadcast disabled
06-16 23:10:24.345  1909  4343 I ActivityManager: Changes in 99137 10 to 8, 0 to 128
06-16 23:10:24.345  1909  4343 I ActivityManager: Changes in 10117 10 to 8, 0 to 128
06-16 23:10:24.364  1909  4174 I ActivityManager: Changes in 99137 8 to 10, 128 to 0
06-16 23:10:24.364  1909  4174 I ActivityManager: Changes in 10117 8 to 10, 128 to 0
06-16 23:10:27.111  1909  4174 W ActivityManager: Receiver with filter android.content.IntentFilter@2157cfb already registered for pid 29078, callerPackage is com.samsung.android.rubin.app
06-16 23:10:27.114  1909  4343 W ActivityManager: Receiver with filter android.content.IntentFilter@45ce118 already registered for pid 29078, callerPackage is com.samsung.android.rubin.app
06-16 23:10:27.117  1909  4174 W ActivityManager: Receiver with filter android.content.IntentFilter@8b15771 already registered for pid 29078, callerPackage is com.samsung.android.rubin.app
06-16 23:10:27.119  1909  4343 W ActivityManager: Receiver with filter android.content.IntentFilter@e8cd956 already registered for pid 29078, callerPackage is com.samsung.android.rubin.app
06-16 23:10:27.122  1909  4174 W ActivityManager: Receiver with filter android.content.IntentFilter@ab4edd7 already registered for pid 29078, callerPackage is com.samsung.android.rubin.app
06-16 23:10:27.125  1909  4343 W ActivityManager: Receiver with filter android.content.IntentFilter@acaf6c4 already registered for pid 29078, callerPackage is com.samsung.android.rubin.app
06-16 23:10:27.128  1909  4174 W ActivityManager: Receiver with filter android.content.IntentFilter@f32f9ad already registered for pid 29078, callerPackage is com.samsung.android.rubin.app
06-16 23:10:27.133  1909  4343 W ActivityManager: Receiver with filter android.content.IntentFilter@99534e2 already registered for pid 29078, callerPackage is com.samsung.android.rubin.app
06-16 23:10:27.137  1909  4174 W ActivityManager: Receiver with filter android.content.IntentFilter@3709073 already registered for pid 29078, callerPackage is com.samsung.android.rubin.app
06-16 23:10:28.267  1909  1973 I ActivityManager: Start proc 29391:com.samsung.cmh/5004 for content provider {com.samsung.cmh/com.samsung.cmh.provider.CMHProvider}
06-16 23:10:28.267  1909  1973 I ActivityManager: ProcessObserver broadcast disabled
06-16 23:10:28.373  1909  3174 I ActivityManager: Changes in 5004 10 to 8, 0 to 128
06-16 23:10:28.385  1909  4174 I ActivityManager: Changes in 5004 8 to 10, 128 to 0
06-16 23:10:28.465  1909  1973 I ActivityManager: Start proc 29443:com.samsung.faceservice/5004 for content provider {com.samsung.faceservice/com.samsung.faceservice.provider.FaceServiceProvider}
06-16 23:10:28.465  1909  1973 I ActivityManager: ProcessObserver broadcast disabled
06-16 23:10:28.542  1909  4174 W ActivityManager: Receiver with filter android.content.IntentFilter@794091c already registered for pid 29443, callerPackage is com.samsung.faceservice
06-16 23:10:28.542  1909  4343 W ActivityManager: Receiver with filter android.content.IntentFilter@c769925 already registered for pid 29443, callerPackage is com.samsung.faceservice
06-16 23:10:29.086  1909  4174 I ActivityManager: Changes in 99137 10 to 8, 0 to 128
06-16 23:10:29.099  1909  4174 I ActivityManager: Changes in 99137 8 to 10, 128 to 0
06-16 23:10:30.149  1909  1971 W ActivityManager: Rescheduling restart of crashed service com.android.chrome/org.chromium.chrome.browser.customtabs.CustomTabsConnectionService in 0ms for mem-pressure-event
06-16 23:10:30.168  1909  1973 I ActivityManager: Start proc 29464:com.android.chrome/u0a266 for service {com.android.chrome/org.chromium.chrome.browser.customtabs.CustomTabsConnectionService}
06-16 23:10:30.168  1909  1973 I ActivityManager: ProcessObserver broadcast disabled
06-16 23:10:30.455  1909  1973 I ActivityManager: Start proc 29504:com.android.chrome:privileged_process0/u0a266 for service {com.android.chrome/org.chromium.content.app.PrivilegedProcessService0}
06-16 23:10:30.455  1909  1973 I ActivityManager: ProcessObserver broadcast disabled
06-16 23:10:30.470  1909  1973 I ActivityManager: Start proc 29505:com.android.vending/u0a251 for service {com.android.vending/com.google.android.finsky.installservice.DevTriggeredUpdateService}
06-16 23:10:30.470  1909  1973 I ActivityManager: ProcessObserver broadcast disabled
06-16 23:10:30.902  1909  3174 I ActivityManager: Changes in 99137 10 to 8, 0 to 128
06-16 23:10:30.921  1909  1973 W ActivityManager: Slow operation: 115ms so far, now at startProcess: returned from zygote!
06-16 23:10:30.921  1909  1973 W ActivityManager: Slow operation: 115ms so far, now at startProcess: done updating battery stats
06-16 23:10:30.921  1909  1973 W ActivityManager: Slow operation: 115ms so far, now at startProcess: building log message
06-16 23:10:30.921  1909  1973 I ActivityManager: Start proc 29612:com.android.chrome:sandboxed_process0:org.chromium.content.app.SandboxedProcessService0:0/u0ai0 for  {com.android.chrome/org.chromium.content.app.SandboxedProcessService0:0}
06-16 23:10:30.921  1909  1973 W ActivityManager: Slow operation: 115ms so far, now at startProcess: starting to update pids map
06-16 23:10:30.921  1909  1973 I ActivityManager: ProcessObserver broadcast disabled
06-16 23:10:30.921  1909  1973 W ActivityManager: Slow operation: 115ms so far, now at startProcess: done updating pids map
06-16 23:10:30.923 29612 29612 E libc    : SetHeapTaggingLevel: re-enabling tagging after it was disabled is not supported
06-16 23:10:30.970  1909  3174 I ActivityManager: Changes in 99137 8 to 10, 128 to 0
06-16 23:10:31.016  1909  1972 I ActivityManager: Changes in 10251 19 to 11, 0 to 128
06-16 23:10:31.040  1909  4225 I ActivityManager: Changes in 10251 11 to 19, 128 to 0
06-16 23:10:31.090  1909  3301 I ActivityManager: Process com.sec.android.app.shealth:remote (pid 29310) has died: cch+5 CEM (121,995)
06-16 23:10:40.677  1909  1973 I ActivityManager: Start proc 29724:com.android.vending:background/u0a251 for service {com.android.vending/com.google.frameworks.client.data.android.server.play.BackgroundProcessEndpointService}
06-16 23:10:40.677  1909  1973 I ActivityManager: ProcessObserver broadcast disabled
06-16 23:11:38.570  1909  1973 I ActivityManager: Start proc 29856:com.samsung.android.ce/u0a96 for broadcast {com.samsung.android.mcfds/com.samsung.android.ce.ContextEngineReceiver}
06-16 23:11:38.570  1909  1973 I ActivityManager: ProcessObserver broadcast disabled
06-16 23:11:38.783  1909  3050 I ActivityManager: Changes in 10096 19 to 11, 0 to 128
06-16 23:11:39.078  1909  1973 I ActivityManager: Start proc 29912:com.samsung.android.mcfds/u0a96 for content provider {com.samsung.android.mcfds/com.samsung.android.mcfds.handler.client.ClientProvider}
06-16 23:11:39.078  1909  1973 I ActivityManager: ProcessObserver broadcast disabled
06-16 23:11:39.243  1909  4225 I ActivityManager: Changes in 10096 19 to 5, 128 to 184
06-16 23:11:39.262  1909  2410 I ActivityManager: Killing 29248:com.osp.app.signin/u0a117 (adj 905): Chimera #0
06-16 23:11:39.263  1909  2410 I ActivityManager: Killing 28438:com.samsung.android.fmm/1000 (adj 800): Chimera #0
06-16 23:11:39.266  1909  2410 W ActivityManager: Scheduling restart of crashed service com.samsung.android.fmm/com.samsung.android.fme.offlinefinding.OfflineFindingService in 1000ms for start-requested
06-16 23:11:39.270  1909  2410 I ActivityManager: Killing 29249:com.samsung.android.samsungpositioning/5017 (adj 905): Chimera #0
06-16 23:11:39.272  1909  2410 I ActivityManager: Killing 29443:com.samsung.faceservice/5004 (adj 905): Chimera #0
06-16 23:11:39.403  1909  1971 W ActivityManager: Rescheduling restart of crashed service com.samsung.android.fmm/com.samsung.android.fme.offlinefinding.OfflineFindingService in 29863ms for mem-pressure-event
06-16 23:11:42.071  1909  1971 W ActivityManager: Rescheduling restart of crashed service com.samsung.android.fmm/com.samsung.android.fme.offlinefinding.OfflineFindingService in 0ms for mem-pressure-event
06-16 23:11:42.098  1909  1973 I ActivityManager: Start proc 29939:com.samsung.android.fmm/1000 for service {com.samsung.android.fmm/com.samsung.android.fme.offlinefinding.OfflineFindingService}
06-16 23:11:42.099  1909  1973 I ActivityManager: ProcessObserver broadcast disabled
06-16 23:11:42.176  1909  1973 I ActivityManager: Start proc 29953:com.osp.app.signin/u0a117 for content provider {com.osp.app.signin/com.samsung.android.samsungaccount.place.db.PlaceProvider}
06-16 23:11:42.176  1909  1973 I ActivityManager: ProcessObserver broadcast disabled
06-16 23:11:42.249  1909  3301 I ActivityManager: Changes in 10122 6 to 10, 128 to 0
06-16 23:11:42.384  1909  3301 I ActivityManager: Changes in 99137 10 to 5, 0 to 184
06-16 23:11:42.384  1909  3301 I ActivityManager: Changes in 10117 19 to 5, 0 to 144
06-16 23:11:42.419  1909  1973 I ActivityManager: Start proc 30031:com.samsung.android.scs/u0a116 for service {com.samsung.android.scs/androidx.work.impl.background.systemjob.SystemJobService}
06-16 23:11:42.419  1909  1973 I ActivityManager: ProcessObserver broadcast disabled
06-16 23:11:42.512  1909  3050 I ActivityManager: Changes in 10116 19 to 8, 0 to 128
06-16 23:11:42.581  1909  3050 I ActivityManager: Changes in 10116 8 to 10, 128 to 0
06-16 23:11:43.566  1909  2065 I ActivityManager: Changes in 10116 19 to 8, 0 to 128
06-16 23:11:43.914  1909  3050 I ActivityManager: Changes in 10116 8 to 10, 128 to 0
06-16 23:11:48.332  1909  1971 I ActivityManager: Changes in 99137 5 to 10, 184 to 0
06-16 23:11:48.334  1909  1971 I ActivityManager: Changes in 10117 5 to 15, 144 to 0
06-16 23:11:49.312  1909  4225 I ActivityManager: Changes in 10096 5 to 10, 184 to 0
06-16 23:11:58.873  1909  1972 I ActivityManager: Changes in 10096 15 to 11, 0 to 128
06-16 23:12:08.884  1909  2065 I ActivityManager: Changes in 10096 19 to 19, 128 to 0
06-16 23:12:09.355  1909  1972 I ActivityManager: Changes in 10096 19 to 11, 0 to 128
06-16 23:12:09.357  1909  4225 I ActivityManager: Changes in 10096 11 to 19, 128 to 0
06-16 23:12:10.099  1909  1965 I ActivityManager: Changes in 10209 7 to 5, 128 to 255
06-16 23:12:10.361  1909  4174 I ActivityManager: Changes in 10117 19 to 5, 0 to 144
06-16 23:12:15.117 28033 28149 W ReactNativeJS: This method is deprecated (as well as all React Native Firebase namespaced API) and will be removed in the next major release as part of move to match Firebase Web modular SDK API. Please see migration guide for more details: https://rnfirebase.io/migrating-to-v22. Method called was `FieldValue`. Please use `FieldValue` instead.
06-16 23:12:15.118 28033 28149 W ReactNativeJS: This method is deprecated (as well as all React Native Firebase namespaced API) and will be removed in the next major release as part of move to match Firebase Web modular SDK API. Please see migration guide for more details: https://rnfirebase.io/migrating-to-v22. Method called was `serverTimestamp`. Please use `serverTimestamp()` instead.
06-16 23:12:15.119 28033 28149 W ReactNativeJS: This method is deprecated (as well as all React Native Firebase namespaced API) and will be removed in the next major release as part of move to match Firebase Web modular SDK API. Please see migration guide for more details: https://rnfirebase.io/migrating-to-v22. Method called was `FieldValue`. Please use `FieldValue` instead.
06-16 23:12:15.119 28033 28149 W ReactNativeJS: This method is deprecated (as well as all React Native Firebase namespaced API) and will be removed in the next major release as part of move to match Firebase Web modular SDK API. Please see migration guide for more details: https://rnfirebase.io/migrating-to-v22. Method called was `serverTimestamp`. Please use `serverTimestamp()` instead.
06-16 23:12:15.186  1909  1965 I ActivityManager: Changes in 10209 5 to 7, 255 to 128
06-16 23:12:15.187  1909  1965 I ActivityManager: Changes in 10117 5 to 7, 144 to 128
06-16 23:12:15.304 28033 28149 W ReactNativeJS: This method is deprecated (as well as all React Native Firebase namespaced API) and will be removed in the next major release as part of move to match Firebase Web modular SDK API. Please see migration guide for more details: https://rnfirebase.io/migrating-to-v22. Method called was `FieldValue`. Please use `FieldValue` instead.
06-16 23:12:15.304 28033 28149 W ReactNativeJS: This method is deprecated (as well as all React Native Firebase namespaced API) and will be removed in the next major release as part of move to match Firebase Web modular SDK API. Please see migration guide for more details: https://rnfirebase.io/migrating-to-v22. Method called was `delete`. Please use `deleteField()` instead.
06-16 23:12:15.304 28033 28149 W ReactNativeJS: This method is deprecated (as well as all React Native Firebase namespaced API) and will be removed in the next major release as part of move to match Firebase Web modular SDK API. Please see migration guide for more details: https://rnfirebase.io/migrating-to-v22. Method called was `FieldValue`. Please use `FieldValue` instead.
06-16 23:12:15.305 28033 28149 W ReactNativeJS: This method is deprecated (as well as all React Native Firebase namespaced API) and will be removed in the next major release as part of move to match Firebase Web modular SDK API. Please see migration guide for more details: https://rnfirebase.io/migrating-to-v22. Method called was `serverTimestamp`. Please use `serverTimestamp()` instead.
06-16 23:12:16.234 28033 28149 W ReactNativeJS: This method is deprecated (as well as all React Native Firebase namespaced API) and will be removed in the next major release as part of move to match Firebase Web modular SDK API. Please see migration guide for more details: https://rnfirebase.io/migrating-to-v22. Method called was `FieldValue`. Please use `FieldValue` instead.
06-16 23:12:16.235 28033 28149 W ReactNativeJS: This method is deprecated (as well as all React Native Firebase namespaced API) and will be removed in the next major release as part of move to match Firebase Web modular SDK API. Please see migration guide for more details: https://rnfirebase.io/migrating-to-v22. Method called was `delete`. Please use `deleteField()` instead.
06-16 23:12:16.235 28033 28149 W ReactNativeJS: This method is deprecated (as well as all React Native Firebase namespaced API) and will be removed in the next major release as part of move to match Firebase Web modular SDK API. Please see migration guide for more details: https://rnfirebase.io/migrating-to-v22. Method called was `FieldValue`. Please use `FieldValue` instead.
06-16 23:12:16.235 28033 28149 W ReactNativeJS: This method is deprecated (as well as all React Native Firebase namespaced API) and will be removed in the next major release as part of move to match Firebase Web modular SDK API. Please see migration guide for more details: https://rnfirebase.io/migrating-to-v22. Method called was `serverTimestamp`. Please use `serverTimestamp()` instead.
06-16 23:12:16.437  1909  1971 I ActivityManager: Changes in 10117 7 to 15, 128 to 0
06-16 23:12:36.074  1909  1973 I ActivityManager: Start proc 30163:com.lguplus.appstore/u0a99 for service {com.lguplus.appstore/androidx.work.impl.background.systemjob.SystemJobService}
06-16 23:12:36.075  1909  1973 I ActivityManager: ProcessObserver broadcast disabled
06-16 23:12:36.564  1909  1972 I ActivityManager: Changes in 10055 19 to 11, 0 to 128
06-16 23:12:36.576  1909  4225 I ActivityManager: Changes in 10055 11 to 5, 128 to 144
06-16 23:12:36.659  1909  4225 I ActivityManager: Changes in 99137 19 to 8, 0 to 128
06-16 23:12:36.660  1909  4225 I ActivityManager: Changes in 10099 19 to 8, 0 to 128
06-16 23:12:36.710  1909  4407 I ActivityManager: Changes in 10251 19 to 8, 0 to 128
06-16 23:12:36.811  1909  3050 I ActivityManager: Changes in 99137 8 to 10, 128 to 0
06-16 23:12:36.812  1909  3050 I ActivityManager: Changes in 10251 8 to 10, 128 to 0
06-16 23:12:36.812  1909  3050 I ActivityManager: Changes in 10099 8 to 10, 128 to 0
06-16 23:12:42.621  1909  1971 I ActivityManager: Changes in 10055 5 to 15, 144 to 0
06-16 23:13:24.380  1909  1973 I ActivityManager: Start proc 30263:com.google.android.apps.photos/u0a313 for service {com.google.android.apps.photos/com.google.android.libraries.social.mediamonitor.MediaMonitorJobSchedulerService}
06-16 23:13:24.381  1909  1973 I ActivityManager: ProcessObserver broadcast disabled
06-16 23:13:24.400  1909  1973 I ActivityManager: Start proc 30265:com.google.android.as.oss/u0a248 for service {com.google.android.as.oss/com.google.android.gms.learning.internal.training.InAppJobService}
06-16 23:13:24.400  1909  1973 I ActivityManager: ProcessObserver broadcast disabled
06-16 23:13:24.720  1909  4225 I ActivityManager: Changes in 10248 19 to 8, 0 to 128
06-16 23:13:24.766  1909  3050 I ActivityManager: Changes in 10248 8 to 10, 128 to 0
06-16 23:13:24.941  1909  3050 I ActivityManager: Changes in 10313 19 to 8, 0 to 128
06-16 23:13:24.955  1909  1909 I ActivityManager: Changes in 10313 8 to 10, 128 to 0
06-16 23:13:30.044  1909  1973 I ActivityManager: Start proc 30324:com.google.android.gms.unstable/u0a252 for service {com.google.android.gms/com.google.android.gms.droidguard.DroidGuardService}
06-16 23:13:30.045  1909  1973 I ActivityManager: ProcessObserver broadcast disabled
06-16 23:13:48.427  1909  1965 I ActivityManager: Changes in 10147 5 to 2, 184 to 255
06-16 23:13:48.431  1909  1965 I ActivityManager: updateOomAdj start time is before than pendingPid added, don't delete it
06-16 23:13:48.836  1909  1965 I ActivityManager: Changes in 10122 10 to 6, 0 to 128
06-16 23:13:49.202  1909  1965 I ActivityManager: Changes in 11049 2 to 15, 255 to 128
06-16 23:13:49.336  1909  4343 I ActivityManager: Changes in 11049 15 to 15, 128 to 0
06-16 23:13:50.132  1909  1973 I ActivityManager: Start proc 30400:com.samsung.android.lool/1000 for next-top-activity {com.samsung.android.lool/com.samsung.android.sm.ram.ui.RamActivity2}
06-16 23:13:50.135  1909  1973 I ActivityManager: ProcessObserver broadcast disabled
06-16 23:13:50.570  1909  1973 I ActivityManager: Start proc 30434:com.samsung.android.sm.provider/1000 for content provider {com.samsung.android.lool/com.samsung.android.sm.database.SmProvider}
06-16 23:13:50.570  1909  1973 I ActivityManager: ProcessObserver broadcast disabled
06-16 23:13:50.894  1909  4174 I ActivityManager: Changes in 10147 2 to 5, 255 to 184
06-16 23:13:51.849  1909  1973 I ActivityManager: Start proc 30482:com.samsung.android.sm.devicesecurity/u0a214 for content provider {com.samsung.android.sm.devicesecurity/com.samsung.android.sm.devicesecurity.DeviceSecurityProvider}
06-16 23:13:51.850  1909  1973 I ActivityManager: ProcessObserver broadcast disabled
06-16 23:13:51.872  1909  1973 I ActivityManager: Start proc 30490:com.samsung.android.voc/u0a329 for content provider {com.samsung.android.voc/com.samsung.android.voc.diagnosis.provider.SamsungMembersDiagnosisProvider}
06-16 23:13:51.873  1909  1973 I ActivityManager: ProcessObserver broadcast disabled
06-16 23:13:52.019  1909  2769 I ActivityManager: Changes in 10214 19 to 3, 0 to 144
06-16 23:13:52.358  1909  4225 I ActivityManager: Changes in 10329 19 to 3, 0 to 144
06-16 23:13:58.100  1909  1971 I ActivityManager: Changes in 10214 3 to 15, 144 to 0
06-16 23:13:58.212  1909  1965 I ActivityManager: Changes in 10147 5 to 2, 184 to 255
06-16 23:13:58.327  1909  1971 I ActivityManager: Changes in 10329 3 to 15, 144 to 0
06-16 23:13:59.588  1909  1965 I ActivityManager: Changes in 99137 19 to 3, 0 to 184
06-16 23:13:59.588  1909  1965 I ActivityManager: Changes in 11049 16 to 2, 0 to 255
06-16 23:13:59.937  1909  1965 I ActivityManager: Changes in 10147 2 to 5, 255 to 184
06-16 23:14:01.869  1909  1965 I ActivityManager: Changes in 10147 5 to 2, 184 to 255
06-16 23:14:02.507  1909  1965 I ActivityManager: Changes in 99137 3 to 15, 184 to 128
06-16 23:14:02.507  1909  1965 I ActivityManager: Changes in 11049 2 to 15, 255 to 128
06-16 23:14:02.629  1909  4225 I ActivityManager: Changes in 99137 15 to 15, 128 to 0
06-16 23:14:02.629  1909  4225 I ActivityManager: Changes in 11049 15 to 15, 128 to 0
06-16 23:14:03.275  1909  1965 I ActivityManager: Killing 28033:com.arcfire.online/u0a1049 (adj 905): remove task
06-16 23:14:03.511  1909  1965 W ActivityManager: setHasOverlayUi called on unknown pid: 28033
06-16 23:14:04.533  1909  1973 I ActivityManager: Start proc 30672:com.google.android.googlequicksearchbox:googleapp/u0a253 for service {com.google.android.googlequicksearchbox/com.google.android.apps.gsa.nowoverlayservice.DrawerOverlayService}
06-16 23:14:04.535  1909  1973 I ActivityManager: ProcessObserver broadcast disabled
06-16 23:14:04.938  1909  2867 I ActivityManager: Changes in 99137 19 to 3, 0 to 184
06-16 23:14:06.749  1909  1973 I ActivityManager: Start proc 30710:com.arcfire.online/u0a1049 for activelaunch {com.arcfire.online/com.arcfire.online.MainActivity}
06-16 23:14:06.750  1909  1973 I ActivityManager: ProcessObserver broadcast disabled
06-16 23:14:07.901  1909  1965 I ActivityManager: Changes in 11049 19 to 2, 0 to 255
06-16 23:14:08.135  1909  1965 I ActivityManager: Changes in 10147 2 to 5, 255 to 184
06-16 23:14:18.265  1909  1935 I ActivityManager: Changes in 99137 3 to 10, 184 to 128
06-16 23:14:19.972  1909  2867 I ActivityManager: Changes in 99137 19 to 10, 128 to 0
06-16 23:14:34.976  1909  4226 I ActivityManager: Changes in 99137 19 to 10, 0 to 128
06-16 23:14:49.987  1909  4226 I ActivityManager: Changes in 99137 10 to 10, 128 to 0
06-16 23:14:55.079 30710 30797 W ReactNativeJS: 'This method is deprecated (as well as all React Native Firebase namespaced API) and will be removed in the next major release as part of move to match Firebase Web modular SDK API. Please see migration guide for more details: https://rnfirebase.io/migrating-to-v22 Please use `getApp()` instead.', { [Component Stack] name: 'Component Stack' }
06-16 23:14:55.100 30710 30797 W ReactNativeJS: 'This method is deprecated (as well as all React Native Firebase namespaced API) and will be removed in the next major release as part of move to match Firebase Web modular SDK API. Please see migration guide for more details: https://rnfirebase.io/migrating-to-v22 Please use `getApp()` instead.', { [Component Stack] name: 'Component Stack' }
06-16 23:14:55.118 30710 30797 W ReactNativeJS: 'This method is deprecated (as well as all React Native Firebase namespaced API) and will be removed in the next major release as part of move to match Firebase Web modular SDK API. Please see migration guide for more details: https://rnfirebase.io/migrating-to-v22. Method called was `settings`. Please use `settings()` instead.', { [Component Stack] name: 'Component Stack' }
06-16 23:14:55.141 30710 30797 W ReactNativeJS: 'This method is deprecated (as well as all React Native Firebase namespaced API) and will be removed in the next major release as part of move to match Firebase Web modular SDK API. Please see migration guide for more details: https://rnfirebase.io/migrating-to-v22 Please use `getApp()` instead.', { [Component Stack] name: 'Component Stack' }
06-16 23:14:55.154 30710 30797 W ReactNativeJS: 'This method is deprecated (as well as all React Native Firebase namespaced API) and will be removed in the next major release as part of move to match Firebase Web modular SDK API. Please see migration guide for more details: https://rnfirebase.io/migrating-to-v22. Method called was `logEvent`. Please use `logEvent()` instead.', { [Component Stack] name: 'Component Stack' }
06-16 23:14:55.280  1909  4211 I ActivityManager: Changes in 99137 19 to 3, 0 to 184
06-16 23:14:55.617 30710 30797 W ReactNativeJS: This method is deprecated (as well as all React Native Firebase namespaced API) and will be removed in the next major release as part of move to match Firebase Web modular SDK API. Please see migration guide for more details: https://rnfirebase.io/migrating-to-v22. Method called was `FieldValue`. Please use `FieldValue` instead.
06-16 23:14:55.617 30710 30797 W ReactNativeJS: This method is deprecated (as well as all React Native Firebase namespaced API) and will be removed in the next major release as part of move to match Firebase Web modular SDK API. Please see migration guide for more details: https://rnfirebase.io/migrating-to-v22. Method called was `delete`. Please use `deleteField()` instead.
06-16 23:14:55.618 30710 30797 W ReactNativeJS: This method is deprecated (as well as all React Native Firebase namespaced API) and will be removed in the next major release as part of move to match Firebase Web modular SDK API. Please see migration guide for more details: https://rnfirebase.io/migrating-to-v22. Method called was `FieldValue`. Please use `FieldValue` instead.
06-16 23:14:55.619 30710 30797 W ReactNativeJS: This method is deprecated (as well as all React Native Firebase namespaced API) and will be removed in the next major release as part of move to match Firebase Web modular SDK API. Please see migration guide for more details: https://rnfirebase.io/migrating-to-v22. Method called was `serverTimestamp`. Please use `serverTimestamp()` instead.
06-16 23:14:58.404 30710 30797 W ReactNativeJS: This method is deprecated (as well as all React Native Firebase namespaced API) and will be removed in the next major release as part of move to match Firebase Web modular SDK API. Please see migration guide for more details: https://rnfirebase.io/migrating-to-v22. Method called was `FieldValue`. Please use `FieldValue` instead.
06-16 23:14:58.404 30710 30797 W ReactNativeJS: This method is deprecated (as well as all React Native Firebase namespaced API) and will be removed in the next major release as part of move to match Firebase Web modular SDK API. Please see migration guide for more details: https://rnfirebase.io/migrating-to-v22. Method called was `delete`. Please use `deleteField()` instead.
06-16 23:14:58.404 30710 30797 W ReactNativeJS: This method is deprecated (as well as all React Native Firebase namespaced API) and will be removed in the next major release as part of move to match Firebase Web modular SDK API. Please see migration guide for more details: https://rnfirebase.io/migrating-to-v22. Method called was `FieldValue`. Please use `FieldValue` instead.
06-16 23:14:58.404 30710 30797 W ReactNativeJS: This method is deprecated (as well as all React Native Firebase namespaced API) and will be removed in the next major release as part of move to match Firebase Web modular SDK API. Please see migration guide for more details: https://rnfirebase.io/migrating-to-v22. Method called was `serverTimestamp`. Please use `serverTimestamp()` instead.
06-16 23:15:05.357  1909  4226 I ActivityManager: Changes in 99137 3 to 10, 184 to 0
06-16 23:15:40.632  1909  1965 I ActivityManager: Changes in 10147 5 to 2, 184 to 255
06-16 23:15:41.215  1909  1965 I ActivityManager: Changes in 11049 2 to 15, 255 to 128
06-16 23:15:41.244  1909  2537 I ActivityManager: Changes in 99137 19 to 10, 0 to 128
06-16 23:15:41.282  1909  2537 I ActivityManager: Changes in 99137 15 to 15, 128 to 0
06-16 23:15:41.282  1909  2537 I ActivityManager: Changes in 11049 15 to 15, 128 to 0
06-16 23:15:41.887  1909  1965 I ActivityManager: Killing 30710:com.arcfire.online/u0a1049 (adj 905): remove task
06-16 23:15:42.092  1909  1965 W ActivityManager: setHasOverlayUi called on unknown pid: 30710
06-16 23:15:46.565  1909  1973 I ActivityManager: Start proc 30950:com.arcfire.online/u0a1049 for activelaunch {com.arcfire.online/com.arcfire.online.MainActivity}
06-16 23:15:46.567  1909  1973 I ActivityManager: ProcessObserver broadcast disabled
06-16 23:15:47.608  1909  4338 I ActivityManager: Changes in 99137 19 to 3, 0 to 184
06-16 23:15:47.608  1909  4338 I ActivityManager: Changes in 11049 19 to 2, 0 to 255
06-16 23:15:47.827  1909  1965 I ActivityManager: Changes in 10147 2 to 5, 255 to 184
06-16 23:15:57.935  1909  4225 I ActivityManager: Changes in 99137 3 to 10, 184 to 0
06-16 23:16:37.712 30950 31039 W ReactNativeJS: 'This method is deprecated (as well as all React Native Firebase namespaced API) and will be removed in the next major release as part of move to match Firebase Web modular SDK API. Please see migration guide for more details: https://rnfirebase.io/migrating-to-v22 Please use `getApp()` instead.', { [Component Stack] name: 'Component Stack' }
06-16 23:16:37.735 30950 31039 W ReactNativeJS: 'This method is deprecated (as well as all React Native Firebase namespaced API) and will be removed in the next major release as part of move to match Firebase Web modular SDK API. Please see migration guide for more details: https://rnfirebase.io/migrating-to-v22 Please use `getApp()` instead.', { [Component Stack] name: 'Component Stack' }
06-16 23:16:37.755 30950 31039 W ReactNativeJS: 'This method is deprecated (as well as all React Native Firebase namespaced API) and will be removed in the next major release as part of move to match Firebase Web modular SDK API. Please see migration guide for more details: https://rnfirebase.io/migrating-to-v22. Method called was `settings`. Please use `settings()` instead.', { [Component Stack] name: 'Component Stack' }
06-16 23:16:37.782 30950 31039 W ReactNativeJS: 'This method is deprecated (as well as all React Native Firebase namespaced API) and will be removed in the next major release as part of move to match Firebase Web modular SDK API. Please see migration guide for more details: https://rnfirebase.io/migrating-to-v22 Please use `getApp()` instead.', { [Component Stack] name: 'Component Stack' }
06-16 23:16:37.795 30950 31039 W ReactNativeJS: 'This method is deprecated (as well as all React Native Firebase namespaced API) and will be removed in the next major release as part of move to match Firebase Web modular SDK API. Please see migration guide for more details: https://rnfirebase.io/migrating-to-v22. Method called was `logEvent`. Please use `logEvent()` instead.', { [Component Stack] name: 'Component Stack' }
06-16 23:16:37.925  1909  2720 I ActivityManager: Changes in 99137 19 to 3, 0 to 184
06-16 23:16:48.014  1909  3606 I ActivityManager: Changes in 99137 3 to 10, 184 to 0
06-16 23:17:05.720  1909  1973 I ActivityManager: Start proc 31138:com.samsung.android.dqagent/1000 for broadcast {com.samsung.android.dqagent/com.samsung.android.dqagent.receiver.DQADataReceiver}
06-16 23:17:05.720  1909  1973 I ActivityManager: ProcessObserver broadcast disabled
06-16 23:17:06.185  1909  1965 I ActivityManager: Changes in 10209 7 to 5, 128 to 255
06-16 23:17:06.236  1909  1973 I ActivityManager: Start proc 31160:com.samsung.android.samsungpassautofill/u0a207 for service {com.samsung.android.samsungpassautofill/com.samsung.android.samsungpassautofill.AutofillServiceMain}
06-16 23:17:06.237  1909  1973 I ActivityManager: ProcessObserver broadcast disabled
06-16 23:17:06.342  1909  4343 I ActivityManager: Changes in 10117 19 to 5, 0 to 144
06-16 23:17:06.478  1909  4338 I ActivityManager: Changes in 10207 19 to 6, 0 to 128
06-16 23:17:06.494  1909  1973 I ActivityManager: Start proc 31186:com.samsung.android.samsungpass/u0a127 for content provider {com.samsung.android.samsungpass/com.samsung.android.samsungpass.passservice.provider.SamsungPassProvider}
06-16 23:17:06.494  1909  1973 I ActivityManager: ProcessObserver broadcast disabled
06-16 23:17:06.761  1909  2537 I ActivityManager: Changes in 10127 19 to 6, 0 to 128
06-16 23:17:06.766  1909  1973 I ActivityManager: Start proc 31234:com.samsung.android.authfw/5278 for service {com.samsung.android.authfw/com.samsung.android.authfw.pass.PassService}
06-16 23:17:06.766  1909  1973 I ActivityManager: ProcessObserver broadcast disabled
06-16 23:17:06.894  1909  4338 I ActivityManager: Changes in 5278 19 to 6, 0 to 128
06-16 23:17:10.716 30950 31039 W ReactNativeJS: This method is deprecated (as well as all React Native Firebase namespaced API) and will be removed in the next major release as part of move to match Firebase Web modular SDK API. Please see migration guide for more details: https://rnfirebase.io/migrating-to-v22. Method called was `FieldValue`. Please use `FieldValue` instead.
06-16 23:17:10.716 30950 31039 W ReactNativeJS: This method is deprecated (as well as all React Native Firebase namespaced API) and will be removed in the next major release as part of move to match Firebase Web modular SDK API. Please see migration guide for more details: https://rnfirebase.io/migrating-to-v22. Method called was `serverTimestamp`. Please use `serverTimestamp()` instead.
06-16 23:17:10.717 30950 31039 W ReactNativeJS: This method is deprecated (as well as all React Native Firebase namespaced API) and will be removed in the next major release as part of move to match Firebase Web modular SDK API. Please see migration guide for more details: https://rnfirebase.io/migrating-to-v22. Method called was `FieldValue`. Please use `FieldValue` instead.
06-16 23:17:10.718 30950 31039 W ReactNativeJS: This method is deprecated (as well as all React Native Firebase namespaced API) and will be removed in the next major release as part of move to match Firebase Web modular SDK API. Please see migration guide for more details: https://rnfirebase.io/migrating-to-v22. Method called was `serverTimestamp`. Please use `serverTimestamp()` instead.
06-16 23:17:10.837 30950 31039 W ReactNativeJS: This method is deprecated (as well as all React Native Firebase namespaced API) and will be removed in the next major release as part of move to match Firebase Web modular SDK API. Please see migration guide for more details: https://rnfirebase.io/migrating-to-v22. Method called was `FieldValue`. Please use `FieldValue` instead.
06-16 23:17:10.838 30950 31039 W ReactNativeJS: This method is deprecated (as well as all React Native Firebase namespaced API) and will be removed in the next major release as part of move to match Firebase Web modular SDK API. Please see migration guide for more details: https://rnfirebase.io/migrating-to-v22. Method called was `delete`. Please use `deleteField()` instead.
06-16 23:17:10.838 30950 31039 W ReactNativeJS: This method is deprecated (as well as all React Native Firebase namespaced API) and will be removed in the next major release as part of move to match Firebase Web modular SDK API. Please see migration guide for more details: https://rnfirebase.io/migrating-to-v22. Method called was `FieldValue`. Please use `FieldValue` instead.
06-16 23:17:10.838 30950 31039 W ReactNativeJS: This method is deprecated (as well as all React Native Firebase namespaced API) and will be removed in the next major release as part of move to match Firebase Web modular SDK API. Please see migration guide for more details: https://rnfirebase.io/migrating-to-v22. Method called was `serverTimestamp`. Please use `serverTimestamp()` instead.
06-16 23:17:10.846  1909  1965 I ActivityManager: Changes in 10209 5 to 7, 255 to 128
06-16 23:17:10.847  1909  1965 I ActivityManager: Changes in 10117 5 to 6, 144 to 128
06-16 23:17:11.923  1909  1909 I ActivityManager: Changes in 10207 6 to 10, 128 to 0
06-16 23:17:11.924  1909  1909 I ActivityManager: Changes in 10127 6 to 10, 128 to 0
06-16 23:17:11.924  1909  1909 I ActivityManager: Changes in 5278 6 to 10, 128 to 0
06-16 23:17:12.378  1909  1971 I ActivityManager: Changes in 10117 7 to 15, 128 to 0
06-16 23:17:54.813  1909  2065 I ActivityManager: Changes in 10248 19 to 8, 0 to 128
06-16 23:17:54.855  1909  2720 I ActivityManager: Changes in 10248 8 to 10, 128 to 0
06-16 23:19:09.202  1909  2720 I ActivityManager: updateOomAdj start time is before than pendingPid added, don't delete it
06-16 23:19:09.238  1909  1965 I ActivityManager: Changes in 10147 5 to 2, 184 to 255
06-16 23:19:09.785  1909  1965 I ActivityManager: Changes in 11049 2 to 15, 255 to 128
06-16 23:19:09.835  1909  3606 I ActivityManager: Changes in 99137 19 to 10, 0 to 128
06-16 23:19:09.867  1909  1933 I ActivityManager: Changes in 99137 15 to 15, 128 to 0
06-16 23:19:09.868  1909  1933 I ActivityManager: Changes in 11049 15 to 15, 128 to 0
06-16 23:19:10.480  1909  1909 I ActivityManager: Changes in 10207 19 to 6, 0 to 128
06-16 23:19:10.481  1909  1909 I ActivityManager: Changes in 10127 19 to 6, 0 to 128
06-16 23:19:10.481  1909  1909 I ActivityManager: Changes in 5278 19 to 6, 0 to 128
06-16 23:19:10.493  1909  1965 I ActivityManager: Killing 30950:com.arcfire.online/u0a1049 (adj 905): remove task
06-16 23:19:10.507  1909  1965 I ActivityManager: Killing 22029:com.android.settings/1000 (adj 850): remove task
06-16 23:19:10.595  1909  1965 I ActivityManager: Changes in 99140 6 to 3, 0 to 184
06-16 23:19:10.595  1909  1965 I ActivityManager: Changes in 90000 19 to 19, 0 to 128
06-16 23:19:10.595  1909  1965 I ActivityManager: Changes in 10297 6 to 3, 0 to 184
06-16 23:19:10.597  1909  1965 I ActivityManager: Changes in 10275 6 to 2, 0 to 255
06-16 23:19:10.598  1909  1965 I ActivityManager: Changes in 10266 19 to 19, 0 to 128
06-16 23:19:10.765  1909  1965 W ActivityManager: setHasOverlayUi called on unknown pid: 22029
06-16 23:19:10.905  1909  1965 W ActivityManager: setHasOverlayUi called on unknown pid: 30950
06-16 23:19:11.087  1909  4338 I ActivityManager: Killing 13545:com.google.android.webview:sandboxed_process0:org.chromium.content.app.SandboxedProcessService0:0/u0a275i140 (adj 701): remove task
06-16 23:19:11.095  1909  4338 I ActivityManager: Changes in 99140 3 to 15, 184 to 0
06-16 23:19:11.104  1909  4338 I ActivityManager: Changes in 90000 19 to 19, 128 to 0
06-16 23:19:11.104  1909  4338 I ActivityManager: Changes in 10297 3 to 15, 184 to 0
06-16 23:19:11.105  1909  4338 I ActivityManager: Changes in 10275 2 to 15, 255 to 0
06-16 23:19:11.105  1909  4338 I ActivityManager: Changes in 10266 17 to 17, 128 to 0
06-16 23:19:11.267 31446 31446 E libc    : SetHeapTaggingLevel: re-enabling tagging after it was disabled is not supported
06-16 23:19:11.269  1909  1973 I ActivityManager: Start proc 31446:com.google.android.webview:sandboxed_process0:org.chromium.content.app.SandboxedProcessService0:1/u0i142 for  {com.eonsoft.ScreenON/org.chromium.content.app.SandboxedProcessService0:1}
06-16 23:19:11.269  1909  1973 I ActivityManager: ProcessObserver broadcast disabled
06-16 23:19:11.474  1909  1933 I ActivityManager: Killing 31446:com.google.android.webview:sandboxed_process0:org.chromium.content.app.SandboxedProcessService0:1/u0a275i142 (adj 0): isolated not needed
06-16 23:19:12.360  1909  1973 I ActivityManager: Start proc 31487:com.google.android.webview:sandboxed_process0:org.chromium.content.app.SandboxedProcessService0:2/u0i143 for  {com.eonsoft.ScreenON/org.chromium.content.app.SandboxedProcessService0:2}
06-16 23:19:12.360  1909  1973 I ActivityManager: ProcessObserver broadcast disabled
06-16 23:19:12.363 31487 31487 E libc    : SetHeapTaggingLevel: re-enabling tagging after it was disabled is not supported
06-16 23:19:12.398  1909  1972 I ActivityManager: Changes in 99137 6 to 6, 0 to 128
06-16 23:19:12.403  1909  4338 I ActivityManager: Changes in 99137 6 to 6, 128 to 0
06-16 23:19:12.929  1909  1973 I ActivityManager: Start proc 31526:com.arcfire.online/u0a1049 for activelaunch {com.arcfire.online/com.arcfire.online.MainActivity}
06-16 23:19:12.929  1909  1973 I ActivityManager: ProcessObserver broadcast disabled
06-16 23:19:13.999  1909  4211 I ActivityManager: Changes in 99137 6 to 3, 0 to 184
06-16 23:19:13.999  1909  4211 I ActivityManager: Changes in 11049 19 to 2, 0 to 255
06-16 23:19:14.199  1909  1965 I ActivityManager: Changes in 10147 2 to 5, 255 to 184
06-16 23:19:15.507  1909  1909 I ActivityManager: Changes in 10207 6 to 10, 128 to 0
06-16 23:19:15.508  1909  1909 I ActivityManager: Changes in 10127 6 to 10, 128 to 0
06-16 23:19:15.509  1909  1909 I ActivityManager: Changes in 5278 6 to 10, 128 to 0
06-16 23:19:24.283  1909  2225 I ActivityManager: Changes in 99137 3 to 6, 184 to 0
06-16 23:20:02.458 31526 31626 W ReactNativeJS: 'This method is deprecated (as well as all React Native Firebase namespaced API) and will be removed in the next major release as part of move to match Firebase Web modular SDK API. Please see migration guide for more details: https://rnfirebase.io/migrating-to-v22 Please use `getApp()` instead.', { [Component Stack] name: 'Component Stack' }
06-16 23:20:02.481 31526 31626 W ReactNativeJS: 'This method is deprecated (as well as all React Native Firebase namespaced API) and will be removed in the next major release as part of move to match Firebase Web modular SDK API. Please see migration guide for more details: https://rnfirebase.io/migrating-to-v22 Please use `getApp()` instead.', { [Component Stack] name: 'Component Stack' }
06-16 23:20:02.500 31526 31626 W ReactNativeJS: 'This method is deprecated (as well as all React Native Firebase namespaced API) and will be removed in the next major release as part of move to match Firebase Web modular SDK API. Please see migration guide for more details: https://rnfirebase.io/migrating-to-v22. Method called was `settings`. Please use `settings()` instead.', { [Component Stack] name: 'Component Stack' }
06-16 23:20:02.527 31526 31626 W ReactNativeJS: 'This method is deprecated (as well as all React Native Firebase namespaced API) and will be removed in the next major release as part of move to match Firebase Web modular SDK API. Please see migration guide for more details: https://rnfirebase.io/migrating-to-v22 Please use `getApp()` instead.', { [Component Stack] name: 'Component Stack' }
06-16 23:20:02.539 31526 31626 W ReactNativeJS: 'This method is deprecated (as well as all React Native Firebase namespaced API) and will be removed in the next major release as part of move to match Firebase Web modular SDK API. Please see migration guide for more details: https://rnfirebase.io/migrating-to-v22. Method called was `logEvent`. Please use `logEvent()` instead.', { [Component Stack] name: 'Component Stack' }
06-16 23:20:02.644  1909  2225 I ActivityManager: Changes in 99137 19 to 3, 0 to 184
06-16 23:20:12.733  1909  4211 I ActivityManager: Changes in 99137 3 to 10, 184 to 0
06-16 23:20:23.587  1909  1965 I ActivityManager: Changes in 10209 7 to 5, 128 to 255
06-16 23:20:23.662  1909  1909 I ActivityManager: Changes in 10207 19 to 6, 0 to 128
06-16 23:20:23.662  1909  1909 I ActivityManager: Changes in 10127 19 to 6, 0 to 128
06-16 23:20:23.662  1909  1909 I ActivityManager: Changes in 5278 19 to 6, 0 to 128
06-16 23:20:23.708  1909  4211 I ActivityManager: Changes in 10117 19 to 5, 0 to 144
06-16 23:20:28.728  1909  1909 I ActivityManager: Changes in 10207 6 to 10, 128 to 0
06-16 23:20:28.729  1909  1909 I ActivityManager: Changes in 10127 6 to 10, 128 to 0
06-16 23:20:28.730  1909  1909 I ActivityManager: Changes in 5278 6 to 10, 128 to 0
06-16 23:20:29.662 31526 31626 W ReactNativeJS: This method is deprecated (as well as all React Native Firebase namespaced API) and will be removed in the next major release as part of move to match Firebase Web modular SDK API. Please see migration guide for more details: https://rnfirebase.io/migrating-to-v22. Method called was `FieldValue`. Please use `FieldValue` instead.
06-16 23:20:29.662 31526 31626 W ReactNativeJS: This method is deprecated (as well as all React Native Firebase namespaced API) and will be removed in the next major release as part of move to match Firebase Web modular SDK API. Please see migration guide for more details: https://rnfirebase.io/migrating-to-v22. Method called was `serverTimestamp`. Please use `serverTimestamp()` instead.
06-16 23:20:29.663 31526 31626 W ReactNativeJS: This method is deprecated (as well as all React Native Firebase namespaced API) and will be removed in the next major release as part of move to match Firebase Web modular SDK API. Please see migration guide for more details: https://rnfirebase.io/migrating-to-v22. Method called was `FieldValue`. Please use `FieldValue` instead.
06-16 23:20:29.663 31526 31626 W ReactNativeJS: This method is deprecated (as well as all React Native Firebase namespaced API) and will be removed in the next major release as part of move to match Firebase Web modular SDK API. Please see migration guide for more details: https://rnfirebase.io/migrating-to-v22. Method called was `serverTimestamp`. Please use `serverTimestamp()` instead.
06-16 23:20:29.742  1909  1971 I ActivityManager: Changes in 10117 5 to 15, 144 to 0
06-16 23:20:29.802  1909  1965 I ActivityManager: Changes in 10209 5 to 7, 255 to 128
06-16 23:20:29.831 31526 31626 W ReactNativeJS: This method is deprecated (as well as all React Native Firebase namespaced API) and will be removed in the next major release as part of move to match Firebase Web modular SDK API. Please see migration guide for more details: https://rnfirebase.io/migrating-to-v22. Method called was `FieldValue`. Please use `FieldValue` instead.
06-16 23:20:29.831 31526 31626 W ReactNativeJS: This method is deprecated (as well as all React Native Firebase namespaced API) and will be removed in the next major release as part of move to match Firebase Web modular SDK API. Please see migration guide for more details: https://rnfirebase.io/migrating-to-v22. Method called was `delete`. Please use `deleteField()` instead.
06-16 23:20:29.831 31526 31626 W ReactNativeJS: This method is deprecated (as well as all React Native Firebase namespaced API) and will be removed in the next major release as part of move to match Firebase Web modular SDK API. Please see migration guide for more details: https://rnfirebase.io/migrating-to-v22. Method called was `FieldValue`. Please use `FieldValue` instead.
06-16 23:20:29.832 31526 31626 W ReactNativeJS: This method is deprecated (as well as all React Native Firebase namespaced API) and will be removed in the next major release as part of move to match Firebase Web modular SDK API. Please see migration guide for more details: https://rnfirebase.io/migrating-to-v22. Method called was `serverTimestamp`. Please use `serverTimestamp()` instead.
06-16 23:21:17.551  1909  1973 I ActivityManager: Start proc 31834:com.google.android.cellbroadcastreceiver/u0a296 for broadcast {com.google.android.cellbroadcastreceiver/com.android.cellbroadcastreceiver.CellBroadcastReceiver}
06-16 23:21:17.552  1909  1973 I ActivityManager: ProcessObserver broadcast disabled
06-16 23:21:17.735  1909  2225 I ActivityManager: Changes in 10296 19 to 11, 0 to 128
06-16 23:21:17.769  1909  2225 I ActivityManager: Killing 29504:com.android.chrome:privileged_process0/u0a266 (adj 905): empty #25
06-16 23:21:17.771  1909  2225 I ActivityManager: Changes in 10296 11 to 19, 128 to 0
06-16 23:21:17.815  1909  2225 W ActivityManager: Scheduling restart of crashed service com.android.chrome/org.chromium.content.app.PrivilegedProcessService0 in 1000ms for connection
06-16 23:21:18.098  1909  1973 I ActivityManager: Start proc 31848:com.samsung.mfcontents/u0a95 for service {com.samsung.mfcontents/com.samsung.mfcontents.scheduler.MFCJobService}
06-16 23:21:18.098  1909  1973 I ActivityManager: ProcessObserver broadcast disabled
06-16 23:21:18.224  1909  4342 I ActivityManager: Changes in 10095 19 to 8, 0 to 128
06-16 23:21:18.246  1909  4342 I ActivityManager: Changes in 10095 8 to 10, 128 to 0
06-16 23:21:18.253  1909  2225 I ActivityManager: Killing 29612:com.android.chrome:sandboxed_process0:org.chromium.content.app.SandboxedProcessService0:0/u0a266i-9000 (adj 901): empty #25
06-16 23:21:18.303  1909  2225 W ActivityManager: Scheduling restart of crashed service com.android.chrome/org.chromium.content.app.SandboxedProcessService0:0 in 1000ms for connection
06-16 23:21:18.683  1909  1972 I ActivityManager: Changes in 10296 19 to 11, 0 to 128
06-16 23:21:18.694  1909  4342 I ActivityManager: Changes in 10296 11 to 19, 128 to 0
06-16 23:22:12.580  1909  1972 I ActivityManager: Changes in 10096 19 to 11, 0 to 128
06-16 23:22:12.582  1909  2225 I ActivityManager: Changes in 10096 11 to 19, 128 to 0
06-16 23:22:15.108  1909  1972 I ActivityManager: Changes in 10296 19 to 11, 0 to 128
06-16 23:22:15.120  1909  2225 I ActivityManager: Changes in 10296 11 to 19, 128 to 0
06-16 23:22:16.275  1909  1972 I ActivityManager: Changes in 10296 19 to 11, 0 to 128
06-16 23:22:16.283  1909  3606 I ActivityManager: Changes in 10296 11 to 19, 128 to 0
06-16 23:22:48.486 31526 31626 W ReactNativeJS: This method is deprecated (as well as all React Native Firebase namespaced API) and will be removed in the next major release as part of move to match Firebase Web modular SDK API. Please see migration guide for more details: https://rnfirebase.io/migrating-to-v22. Method called was `FieldValue`. Please use `FieldValue` instead.
06-16 23:22:48.492 31526 31626 W ReactNativeJS: This method is deprecated (as well as all React Native Firebase namespaced API) and will be removed in the next major release as part of move to match Firebase Web modular SDK API. Please see migration guide for more details: https://rnfirebase.io/migrating-to-v22. Method called was `delete`. Please use `deleteField()` instead.
06-16 23:22:48.492 31526 31626 W ReactNativeJS: This method is deprecated (as well as all React Native Firebase namespaced API) and will be removed in the next major release as part of move to match Firebase Web modular SDK API. Please see migration guide for more details: https://rnfirebase.io/migrating-to-v22. Method called was `FieldValue`. Please use `FieldValue` instead.
06-16 23:22:48.493 31526 31626 W ReactNativeJS: This method is deprecated (as well as all React Native Firebase namespaced API) and will be removed in the next major release as part of move to match Firebase Web modular SDK API. Please see migration guide for more details: https://rnfirebase.io/migrating-to-v22. Method called was `serverTimestamp`. Please use `serverTimestamp()` instead.
06-16 23:24:55.206 31526 31626 W ReactNativeJS: This method is deprecated (as well as all React Native Firebase namespaced API) and will be removed in the next major release as part of move to match Firebase Web modular SDK API. Please see migration guide for more details: https://rnfirebase.io/migrating-to-v22. Method called was `FieldValue`. Please use `FieldValue` instead.
06-16 23:24:55.208 31526 31626 W ReactNativeJS: This method is deprecated (as well as all React Native Firebase namespaced API) and will be removed in the next major release as part of move to match Firebase Web modular SDK API. Please see migration guide for more details: https://rnfirebase.io/migrating-to-v22. Method called was `delete`. Please use `deleteField()` instead.
06-16 23:24:55.209 31526 31626 W ReactNativeJS: This method is deprecated (as well as all React Native Firebase namespaced API) and will be removed in the next major release as part of move to match Firebase Web modular SDK API. Please see migration guide for more details: https://rnfirebase.io/migrating-to-v22. Method called was `FieldValue`. Please use `FieldValue` instead.
06-16 23:24:55.210 31526 31626 W ReactNativeJS: This method is deprecated (as well as all React Native Firebase namespaced API) and will be removed in the next major release as part of move to match Firebase Web modular SDK API. Please see migration guide for more details: https://rnfirebase.io/migrating-to-v22. Method called was `serverTimestamp`. Please use `serverTimestamp()` instead.
06-16 23:25:01.257  1909  1965 I ActivityManager: Changes in 10147 5 to 2, 184 to 255
06-16 23:25:01.925  1909  1965 I ActivityManager: Changes in 11049 2 to 15, 255 to 128
06-16 23:25:02.068  1909  4338 I ActivityManager: Changes in 99137 19 to 10, 0 to 128
06-16 23:25:02.077  1909  2225 I ActivityManager: Changes in 99137 10 to 10, 128 to 0
06-16 23:25:02.078  1909  2225 I ActivityManager: Changes in 11049 15 to 15, 128 to 0
06-16 23:25:04.311  1909  1973 I ActivityManager: Start proc 32116:com.android.settings/1000 for activelaunch {com.android.settings/com.android.settings.Settings}
06-16 23:25:04.312  1909  1973 I ActivityManager: ProcessObserver broadcast disabled
06-16 23:25:04.627  1909  4342 I ActivityManager: Changes in 10117 19 to 3, 0 to 144
06-16 23:25:04.804  1909  1965 I ActivityManager: Changes in 10147 2 to 5, 255 to 184
06-16 23:25:06.275  1909  1973 I ActivityManager: Start proc 32233:com.samsung.android.scloud/5009 for content provider {com.samsung.android.scloud/com.samsung.android.scloud.app.manifest.SCloudStatusProvider}
06-16 23:25:06.275  1909  1973 I ActivityManager: ProcessObserver broadcast disabled
06-16 23:25:06.686  1909  2769 I ActivityManager: Changes in 5004 19 to 5, 0 to 144
06-16 23:25:06.965  1909  1973 I ActivityManager: Start proc 32389:com.samsung.android.app.contacts/u0a120 for content provider {com.samsung.android.app.contacts/com.samsung.android.dialtacts.model.internal.datasource.samsungcloudrpc.SamsungCloudRPCSettingProvider}
06-16 23:25:06.967  1909  1973 I ActivityManager: ProcessObserver broadcast disabled
06-16 23:25:07.012  1909  3606 I ActivityManager: Changes in 10127 19 to 5, 0 to 144
06-16 23:25:07.015  1909  3606 I ActivityManager: Changes in 5278 19 to 5, 0 to 184
06-16 23:25:07.027  1909  1973 W ActivityManager: Slow operation: 86ms so far, now at startProcess: done updating battery stats
06-16 23:25:07.027  1909  1973 W ActivityManager: Slow operation: 86ms so far, now at startProcess: building log message
06-16 23:25:07.027  1909  1973 I ActivityManager: Start proc 32408:com.samsung.android.aremoji/u0a50 for content provider {com.samsung.android.aremoji/com.samsung.android.aremoji.home.sync.SamsungCloudProvider}
06-16 23:25:07.027  1909  1973 W ActivityManager: Slow operation: 86ms so far, now at startProcess: starting to update pids map
06-16 23:25:07.027  1909  1973 I ActivityManager: ProcessObserver broadcast disabled
06-16 23:25:07.027  1909  1973 W ActivityManager: Slow operation: 86ms so far, now at startProcess: done updating pids map
06-16 23:25:07.027  1909  1973 W ActivityManager: Slow operation: 75ms so far, now at startProcess: asking zygote to start proc
06-16 23:25:07.039  1909  1973 W ActivityManager: Slow operation: 87ms so far, now at startProcess: returned from zygote!
06-16 23:25:07.042  1909  1973 W ActivityManager: Slow operation: 91ms so far, now at startProcess: done updating battery stats
06-16 23:25:07.042  1909  1973 W ActivityManager: Slow operation: 91ms so far, now at startProcess: building log message
06-16 23:25:07.043  1909  1973 I ActivityManager: Start proc 32419:com.samsung.android.app.reminder/u0a224 for content provider {com.samsung.android.app.reminder/com.samsung.android.app.reminder.data.sync.CloudConnectionProvider}
06-16 23:25:07.043  1909  1973 W ActivityManager: Slow operation: 91ms so far, now at startProcess: starting to update pids map
06-16 23:25:07.043  1909  1973 I ActivityManager: ProcessObserver broadcast disabled
06-16 23:25:07.043  1909  1973 W ActivityManager: Slow operation: 91ms so far, now at startProcess: done updating pids map
06-16 23:25:07.043  1909  1973 W ActivityManager: Slow operation: 65ms so far, now at startProcess: asking zygote to start proc
06-16 23:25:07.071  1909  1973 W ActivityManager: Slow operation: 93ms so far, now at startProcess: returned from zygote!
06-16 23:25:07.072  1909  1973 W ActivityManager: Slow operation: 94ms so far, now at startProcess: done updating battery stats
06-16 23:25:07.072  1909  1973 W ActivityManager: Slow operation: 94ms so far, now at startProcess: building log message
06-16 23:25:07.072  1909  1973 I ActivityManager: Start proc 32422:com.sec.android.app.shealth:remote/u0a328 for content provider {com.sec.android.app.shealth/com.samsung.android.service.health.server.SCloudSettingProvider}
06-16 23:25:07.072  1909  1973 W ActivityManager: Slow operation: 94ms so far, now at startProcess: starting to update pids map
06-16 23:25:07.072  1909  1973 I ActivityManager: ProcessObserver broadcast disabled
06-16 23:25:07.072  1909  1973 W ActivityManager: Slow operation: 94ms so far, now at startProcess: done updating pids map
06-16 23:25:07.075  1909  1973 W ActivityManager: Slow operation: 76ms so far, now at startProcess: asking zygote to start proc
06-16 23:25:07.087  1909  1973 W ActivityManager: Slow operation: 88ms so far, now at startProcess: returned from zygote!
06-16 23:25:07.103  1909  1973 W ActivityManager: Slow operation: 104ms so far, now at startProcess: done updating battery stats
06-16 23:25:07.103  1909  1973 W ActivityManager: Slow operation: 104ms so far, now at startProcess: building log message
06-16 23:25:07.103  1909  1973 I ActivityManager: Start proc 32425:com.samsung.android.calendar/u0a222 for content provider {com.samsung.android.calendar/com.samsung.android.libcalendar.platform.samsungcloud.RPCSettingProvider}
06-16 23:25:07.103  1909  1973 W ActivityManager: Slow operation: 104ms so far, now at startProcess: starting to update pids map
06-16 23:25:07.103  1909  1973 I ActivityManager: ProcessObserver broadcast disabled
06-16 23:25:07.103  1909  1973 W ActivityManager: Slow operation: 104ms so far, now at startProcess: done updating pids map
06-16 23:25:07.103  1909  1973 W ActivityManager: Slow operation: 83ms so far, now at startProcess: asking zygote to start proc
06-16 23:25:07.120  1909  1973 W ActivityManager: Slow operation: 99ms so far, now at startProcess: returned from zygote!
06-16 23:25:07.142  1909  1973 W ActivityManager: Slow operation: 122ms so far, now at startProcess: done updating battery stats
06-16 23:25:07.143  1909  1973 W ActivityManager: Slow operation: 122ms so far, now at startProcess: building log message
06-16 23:25:07.143  1909  1973 I ActivityManager: Start proc 32443:com.samsung.android.app.notes/u0a326 for content provider {com.samsung.android.app.notes/com.samsung.android.support.senl.nt.app.sync.cloudsettings.callee.NotesSyncRpcProvider}
06-16 23:25:07.143  1909  1973 W ActivityManager: Slow operation: 122ms so far, now at startProcess: starting to update pids map
06-16 23:25:07.143  1909  1973 I ActivityManager: ProcessObserver broadcast disabled
06-16 23:25:07.143  1909  1973 W ActivityManager: Slow operation: 122ms so far, now at startProcess: done updating pids map
06-16 23:25:07.146  1909  1973 W ActivityManager: Slow operation: 105ms so far, now at startProcess: asking zygote to start proc
06-16 23:25:07.164  1909  1973 W ActivityManager: Slow operation: 123ms so far, now at startProcess: returned from zygote!
06-16 23:25:07.201  1909  1973 W ActivityManager: Slow operation: 160ms so far, now at startProcess: done updating battery stats
06-16 23:25:07.201  1909  1973 W ActivityManager: Slow operation: 160ms so far, now at startProcess: building log message
06-16 23:25:07.201  1909  1973 I ActivityManager: Start proc 32454:com.sec.android.app.sbrowser/u0a330 for content provider {com.sec.android.app.sbrowser/com.sec.android.app.sbrowser.sync.SamsungCloudSyncSettingProvider}
06-16 23:25:07.203  1909  1973 W ActivityManager: Slow operation: 162ms so far, now at startProcess: starting to update pids map
06-16 23:25:07.203  1909  1973 I ActivityManager: ProcessObserver broadcast disabled
06-16 23:25:07.203  1909  1973 W ActivityManager: Slow operation: 162ms so far, now at startProcess: done updating pids map
06-16 23:25:07.440  1909  2870 I ActivityManager: Changes in 10328 19 to 5, 0 to 144
06-16 23:25:07.530  1909  4211 I ActivityManager: Changes in 10120 19 to 5, 0 to 144
06-16 23:25:07.536  1909  1973 I ActivityManager: Start proc 32529:com.samsung.android.stickercenter/1000 for service {com.samsung.android.stickercenter/com.samsung.android.stickercenter.StickerCenterService}
06-16 23:25:07.537  1909  1973 I ActivityManager: ProcessObserver broadcast disabled
06-16 23:25:07.600  1909  1935 I ActivityManager: Changes in 10050 19 to 5, 0 to 144
06-16 23:25:07.633  1909  3606 I ActivityManager: Changes in 10222 19 to 5, 0 to 144
06-16 23:25:07.648  1909  1973 I ActivityManager: Start proc 32559:com.android.providers.calendar/u0a115 for content provider {com.android.providers.calendar/com.android.providers.calendar.CalendarProvider2}
06-16 23:25:07.649  1909  1973 I ActivityManager: ProcessObserver broadcast disabled
06-16 23:25:07.785  1909  1973 I ActivityManager: Start proc 32576:android.process.acore/u0a56 for content provider {com.samsung.android.providers.contacts/com.samsung.android.providers.contacts.SamsungContactsProvider2}
06-16 23:25:07.786  1909  1973 I ActivityManager: ProcessObserver broadcast disabled
06-16 23:25:07.889  1909  1935 I ActivityManager: Changes in 10224 19 to 5, 0 to 144
06-16 23:25:07.894  1909  4342 I ActivityManager: Changes in 99137 15 to 5, 0 to 184
06-16 23:25:07.894  1909  4342 I ActivityManager: Changes in 10330 19 to 5, 0 to 144
06-16 23:25:07.910  1909  1935 I ActivityManager: Changes in 10115 19 to 5, 0 to 144
06-16 23:25:08.132  1909  4342 I ActivityManager: Changes in 10056 19 to 5, 0 to 144
06-16 23:25:08.396  1909  2870 I ActivityManager: Changes in 10326 19 to 5, 0 to 144
06-16 23:25:08.408  1909  1973 I ActivityManager: Start proc 32663:com.sec.android.app.sbrowser:privileged_process0/u0a330 for service {com.sec.android.app.sbrowser/org.chromium.content.app.PrivilegedProcessService0}
06-16 23:25:08.408  1909  1973 I ActivityManager: ProcessObserver broadcast disabled
06-16 23:25:08.511  1909  2870 I ActivityManager: Changes in 10330 5 to 5, 144 to 184
06-16 23:25:09.227  1909  1965 I ActivityManager: Changes in 10127 5 to 5, 144 to 184
06-16 23:25:09.384  1909  4211 I ActivityManager: Changes in 10214 19 to 3, 0 to 144
06-16 23:25:09.409  1909  4342 I ActivityManager: Changes in 10329 19 to 3, 0 to 144
06-16 23:25:09.980  1909  2870 I ActivityManager: Changes in 10127 5 to 5, 184 to 144
06-16 23:25:10.001  1909  2870 I ActivityManager: Changes in 10127 5 to 5, 144 to 184
06-16 23:25:11.608  1909  2870 I ActivityManager: Changes in 10117 5 to 5, 144 to 184
06-16 23:25:11.787  1909  2870 I ActivityManager: Changes in 10117 5 to 5, 184 to 144
06-16 23:25:12.701  1909  1971 I ActivityManager: Changes in 5004 5 to 15, 144 to 0
06-16 23:25:13.469  1909  1971 I ActivityManager: Changes in 10328 5 to 15, 144 to 0
06-16 23:25:13.750  1909  1971 I ActivityManager: Changes in 99137 5 to 15, 184 to 0
06-16 23:25:13.751  1909  1971 I ActivityManager: Changes in 10330 5 to 15, 184 to 0
06-16 23:25:13.751  1909  1971 I ActivityManager: Changes in 10326 5 to 15, 144 to 0
06-16 23:25:13.752  1909  1971 I ActivityManager: Changes in 10224 5 to 15, 144 to 0
06-16 23:25:13.752  1909  1971 I ActivityManager: Changes in 10222 5 to 15, 144 to 0
06-16 23:25:13.752  1909  1971 I ActivityManager: Changes in 10127 5 to 15, 184 to 0
06-16 23:25:13.752  1909  1971 I ActivityManager: Changes in 10120 5 to 15, 144 to 0
06-16 23:25:13.752  1909  1971 I ActivityManager: Changes in 10117 5 to 15, 144 to 0
06-16 23:25:13.752  1909  1971 I ActivityManager: Changes in 10115 5 to 15, 144 to 0
06-16 23:25:13.752  1909  1971 I ActivityManager: Changes in 10056 5 to 15, 144 to 0
06-16 23:25:13.752  1909  1971 I ActivityManager: Changes in 10050 5 to 15, 144 to 0
06-16 23:25:13.752  1909  1971 I ActivityManager: Changes in 5278 5 to 15, 184 to 0
06-16 23:25:15.425  1909  1971 I ActivityManager: Changes in 10329 3 to 15, 144 to 0
06-16 23:25:15.451  1909  1971 I ActivityManager: Changes in 10214 3 to 15, 144 to 0
06-16 23:25:16.198  1909  1965 I ActivityManager: Changes in 10147 5 to 2, 184 to 255
06-16 23:25:16.199  1909  1965 I ActivityManager: updateOomAdj start time is before than pendingPid added, don't delete it
06-16 23:25:17.212  1909  1965 I ActivityManager: Changes in 11049 16 to 2, 0 to 255
06-16 23:25:17.258  1909  4342 I ActivityManager: Changes in 99137 19 to 3, 0 to 184
06-16 23:25:17.516  1909  4338 I ActivityManager: Changes in 10120 19 to 8, 0 to 128
06-16 23:25:17.596  1909  1965 I ActivityManager: Changes in 10147 2 to 5, 255 to 184
06-16 23:25:17.620  1909  4342 I ActivityManager: Changes in 10056 19 to 8, 0 to 128
06-16 23:25:17.687  1909  1935 I ActivityManager: Changes in 10120 8 to 10, 128 to 0
06-16 23:25:17.688  1909  1935 I ActivityManager: Changes in 10056 8 to 10, 128 to 0
06-16 23:25:17.700  1909  4342 I ActivityManager: Killing 29912:com.samsung.android.mcfds/u0a96 (adj 975): empty #25
06-16 23:25:27.504  1909  4342 I ActivityManager: Changes in 99137 3 to 10, 184 to 0
06-16 23:25:27.506  1909  1935 I ActivityManager: Killing 28675:com.sec.android.provider.badge/u0a55 (adj 975): empty #25
06-16 23:25:27.510  1909  1935 I ActivityManager: Killing 29724:com.android.vending:background/u0a251 (adj 975): empty #26
06-16 23:25:31.586  1909  1972 I ActivityManager: Killing 30163:com.lguplus.appstore/u0a99 (adj 965): empty #25
06-16 23:25:32.702  1909  1972 I ActivityManager: Killing 29505:com.android.vending/u0a251 (adj 965): empty #25
06-16 23:25:33.705  1909  1972 I ActivityManager: Killing 30263:com.google.android.apps.photos/u0a313 (adj 965): empty #25
06-16 23:25:34.702  1909  1972 I ActivityManager: Killing 30324:com.google.android.gms.unstable/u0a252 (adj 955): empty #25
06-16 23:25:35.705  1909  1972 I ActivityManager: Killing 31160:com.samsung.android.samsungpassautofill/u0a207 (adj 945): empty #25
06-16 23:25:35.706  1909  1972 I ActivityManager: Killing 30265:com.google.android.as.oss/u0a248 (adj 955): empty #26
06-16 23:25:35.706  1909  1972 I ActivityManager: Killing 31138:com.samsung.android.dqagent/1000 (adj 955): empty #27
06-16 23:26:28.547  1909  1972 I ActivityManager: Changes in 10296 19 to 11, 0 to 128
06-16 23:26:28.555  1909  2224 I ActivityManager: Changes in 10296 11 to 19, 128 to 0
06-16 23:26:29.718  1909  1972 I ActivityManager: Changes in 10296 19 to 11, 0 to 128
06-16 23:26:29.727  1909  2224 I ActivityManager: Changes in 10296 11 to 19, 128 to 0
06-16 23:26:41.716  1909  1965 I ActivityManager: Changes in 10147 5 to 2, 184 to 255
06-16 23:26:42.383  1909  2224 I ActivityManager: Changes in 99137 19 to 3, 0 to 184
06-16 23:26:42.403  1909  3174 I ActivityManager: Changes in 99137 3 to 10, 184 to 0
06-16 23:26:42.403  1909  3174 I ActivityManager: Changes in 11049 2 to 15, 255 to 0
06-16 23:26:43.251  1909  1965 I ActivityManager: Killing 31526:com.arcfire.online/u0a1049 (adj 900): remove task
06-16 23:26:43.482  1909  1965 W ActivityManager: setHasOverlayUi called on unknown pid: 31526
06-16 23:26:52.905  1909  1973 I ActivityManager: Start proc 785:com.arcfire.online/u0a1049 for activelaunch {com.arcfire.online/com.arcfire.online.MainActivity}
06-16 23:26:52.905  1909  1973 I ActivityManager: ProcessObserver broadcast disabled
06-16 23:26:53.350  1909  1973 I ActivityManager: Start proc 811:com.samsung.aasaservice/1000 for service {com.samsung.aasaservice/com.samsung.aasaservice.securitythreatdetector.SecurityThreatDetector}
06-16 23:26:53.351  1909  1973 I ActivityManager: ProcessObserver broadcast disabled
06-16 23:26:53.583  1909  1973 I ActivityManager: Start proc 837:com.samsung.android.privateaccesstokens/u0a198 for service {com.samsung.android.privateaccesstokens/com.samsung.android.privateaccesstokens.components.services.PATService}
06-16 23:26:53.583  1909  1973 I ActivityManager: ProcessObserver broadcast disabled
06-16 23:26:54.036  1909  3050 I ActivityManager: Killing 29856:com.samsung.android.ce/u0a96 (adj 975): empty #25
06-16 23:26:54.036  1909  3050 I ActivityManager: Killing 31848:com.samsung.mfcontents/u0a95 (adj 985): empty #26
06-16 23:26:54.189  1909  4341 I ActivityManager: No activity to handle assist action.
06-16 23:26:54.189  1909  4341 I ActivityManager: android.util.AndroidRuntimeException: Activity could not be started for Intent { act=android.intent.action.MAIN cat=[android.intent.category.LAUNCHER] flg=0x10000000 xflg=0x4 pkg=com.google.android.apps.playconsole cmp=com.google.android.apps.playconsole/com.google.android.apps.play.console.mobile.MainActivity }
06-16 23:26:54.189  1909  4341 I ActivityManager: 	at android.app.Instrumentation.checkStartActivityResult(Instrumentation.java:2509)
06-16 23:26:54.189  1909  4341 I ActivityManager: 	at android.app.Instrumentation.execStartActivity(Instrumentation.java:2015)
06-16 23:26:54.189  1909  4341 I ActivityManager: 	at android.app.ContextImpl.startActivity(ContextImpl.java:1207)
06-16 23:26:54.189  1909  4341 I ActivityManager: 	at com.android.server.am.ActivityManagerService.doActiveLaunch(qb/108940926 802103cef46cde14cb0d3b748d2076734c471a17d4b8e991ffa01c0e15de42a9:101)
06-16 23:26:54.189  1909  4341 I ActivityManager: 	at android.app.IActivityManager$Stub.onTransact(IActivityManager.java:5096)
06-16 23:26:54.189  1909  4341 I ActivityManager: 	at com.android.server.am.ActivityManagerService.onTransact(qb/108940926 802103cef46cde14cb0d3b748d2076734c471a17d4b8e991ffa01c0e15de42a9:425)
06-16 23:26:54.189  1909  4341 I ActivityManager: 	at android.os.Binder.execTransactInternal(Binder.java:1462)
06-16 23:26:54.189  1909  4341 I ActivityManager: 	at android.os.Binder.execTransact(Binder.java:1401)
06-16 23:26:54.326  1909  1973 I ActivityManager: Start proc 940:com.google.android.packageinstaller/u0a78 for next-top-activity {com.google.android.packageinstaller/com.android.packageinstaller.UninstallerActivity}
06-16 23:26:54.326  1909  1973 I ActivityManager: ProcessObserver broadcast disabled
06-16 23:26:54.360  1909  4338 I ActivityManager: Changes in 10078 20 to 2, 0 to 255
06-16 23:26:55.266  1909  1972 I ActivityManager: Force stopping com.arcfire.online appid=11049 user=0: deletePackageX
06-16 23:26:55.270  1909  1972 I ActivityManager: Killing 785:com.arcfire.online/u0a1049 (adj 915): stop com.arcfire.online due to deletePackageX
06-16 23:26:55.309  1909  1972 I ActivityManager: Changes in 10078 2 to 19, 255 to 128
06-16 23:26:55.339  1909  4341 I ActivityManager: Killing 32408:com.samsung.android.aremoji/u0a50 (adj 975): empty #25
06-16 23:26:55.433  1909  1965 I ActivityManager: Changes in 10078 19 to 19, 128 to 0
06-16 23:26:55.755  1909  1972 I ActivityManager: Changes in 10078 19 to 11, 0 to 128
06-16 23:26:55.756  1909  2030 I ActivityManager: Force stopping com.arcfire.online appid=11049 user=0: pkg removed
06-16 23:26:55.827  1909  1972 I ActivityManager: Changes in 10214 19 to 11, 0 to 128
06-16 23:26:55.833  1909  1909 I ActivityManager: Changes in 10198 19 to 19, 0 to 128
06-16 23:26:55.851  1909  4343 I ActivityManager: Changes in 10078 11 to 19, 128 to 0
06-16 23:26:55.874  1909  1972 I ActivityManager: Changes in 10297 6 to 6, 0 to 128
06-16 23:26:55.877  1909  1972 I ActivityManager: Changes in 10266 17 to 11, 0 to 128
06-16 23:26:55.882  1909  1973 I ActivityManager: Start proc 1002:com.android.keychain/1000 for service {com.android.keychain/com.android.keychain.KeyChainService}
06-16 23:26:55.885  1909  1973 I ActivityManager: ProcessObserver broadcast disabled
06-16 23:26:55.904  1909  4341 I ActivityManager: Changes in 10214 11 to 19, 128 to 0
06-16 23:26:55.929  1909  4341 I ActivityManager: Changes in 10297 6 to 6, 128 to 0
06-16 23:26:55.930  1909  4341 I ActivityManager: Changes in 10266 11 to 17, 128 to 0
06-16 23:26:55.937  1909  1973 W ActivityManager: Slow operation: 71ms so far, now at startProcess: done updating battery stats
06-16 23:26:55.937  1909  1973 W ActivityManager: Slow operation: 71ms so far, now at startProcess: building log message
06-16 23:26:55.937  1909  1973 I ActivityManager: Start proc 1004:com.samsung.android.ssiframework/u0a112 for broadcast {com.samsung.android.ssiframework/com.samsung.android.ssiframework.CaPackageBroadcastReceiver}
06-16 23:26:55.937  1909  1973 W ActivityManager: Slow operation: 71ms so far, now at startProcess: starting to update pids map
06-16 23:26:55.937  1909  1973 I ActivityManager: ProcessObserver broadcast disabled
06-16 23:26:55.937  1909  1973 W ActivityManager: Slow operation: 71ms so far, now at startProcess: done updating pids map
06-16 23:26:56.013  1909  1973 I ActivityManager: Start proc 1019:com.samsung.klmsagent/u0a83 for content provider {com.samsung.klmsagent/com.samsung.klmsagent.common.LicenseAgentProvider}
06-16 23:26:56.013  1909  1973 I ActivityManager: ProcessObserver broadcast disabled
06-16 23:26:56.294  1909  4341 W ActivityManager: Slow operation: 203ms so far, now at attachApplicationLocked: after updateOomAdjLocked
06-16 23:26:56.323  1909  1972 I ActivityManager: Changes in 10297 6 to 6, 0 to 128
06-16 23:26:56.398  1909  2769 W ActivityManager: Slow operation: 229ms so far, now at finishAttachApplicationInner: after mServices.attachApplicationLocked
06-16 23:26:56.398  1909  2769 W ActivityManager: Slow operation: 229ms so far, now at finishAttachApplicationInner: after dispatching broadcasts
06-16 23:26:56.464  1909  1973 I ActivityManager: Start proc 1074:com.android.vending/u0a251 for service {com.android.vending/com.google.android.finsky.developergroupidinfo.DeveloperGroupIdInfoService}
06-16 23:26:56.470  1909  1973 I ActivityManager: ProcessObserver broadcast disabled
06-16 23:26:56.479  1909  1972 I ActivityManager: Changes in 10108 10 to 10, 0 to 128
06-16 23:26:56.494  1909  4342 I ActivityManager: Changes in 10297 6 to 6, 128 to 0
06-16 23:26:56.519  1909  3050 I ActivityManager: Changes in 10108 10 to 10, 128 to 0
06-16 23:26:56.533  1909  4356 I ActivityManager: Changes in 10083 19 to 5, 0 to 144
06-16 23:26:56.610  1909  4338 I ActivityManager: Changes in 99137 10 to 3, 0 to 184
06-16 23:26:56.682  1909  2769 I ActivityManager: Changes in 10112 19 to 11, 0 to 128
06-16 23:26:56.704  1909  2769 I ActivityManager: Changes in 10112 11 to 19, 128 to 0
06-16 23:26:56.705  1909  1973 I ActivityManager: Start proc 1118:com.android.vending:background/u0a251 for broadcast {com.android.vending/com.google.android.finsky.packagemonitor.backgroundimpl.BackgroundPackageMonitorReceiverImpl$RegisteredReceiver}
06-16 23:26:56.705  1909  1973 I ActivityManager: ProcessObserver broadcast disabled
06-16 23:26:56.910  1909  2769 I ActivityManager: Changes in 10251 19 to 11, 0 to 128
06-16 23:26:56.927  1909  1973 I ActivityManager: Start proc 1168:com.google.android.apps.carrier.carrierwifi/u0a241 for broadcast {com.google.android.apps.carrier.carrierwifi/com.google.android.apps.carrier.carrierwifi.CarrierWifiReceiver}
06-16 23:26:56.928  1909  1973 I ActivityManager: ProcessObserver broadcast disabled
06-16 23:26:57.027  1909  3050 I ActivityManager: Changes in 10241 19 to 11, 0 to 128
06-16 23:26:57.041  1909  1973 I ActivityManager: Start proc 1198:com.google.android.rkpdapp/u0a348 for broadcast {com.google.android.rkpdapp/com.android.rkpdapp.PackageRemovalReceiver}
06-16 23:26:57.041  1909  1973 I ActivityManager: ProcessObserver broadcast disabled
06-16 23:26:57.052  1909  4342 I ActivityManager: Killing 32419:com.samsung.android.app.reminder/u0a224 (adj 975): empty #25
06-16 23:26:57.057  1909  4342 I ActivityManager: Changes in 10241 11 to 19, 128 to 0
06-16 23:26:57.120  1909  4341 I ActivityManager: Changes in 10348 19 to 11, 0 to 128
06-16 23:26:57.130  1909  4341 I ActivityManager: Killing 32425:com.samsung.android.calendar/u0a222 (adj 975): empty #25
06-16 23:26:57.130  1909  4341 I ActivityManager: Changes in 10348 11 to 19, 128 to 0
06-16 23:26:57.132  1909  4341 I ActivityManager: Killing 32454:com.sec.android.app.sbrowser/u0a330 (adj 975): empty #25
06-16 23:26:57.137  1909  1973 I ActivityManager: Start proc 1221:com.lguplus.appstore/u0a99 for broadcast {com.lguplus.appstore/com.onestore.android.shopclient.specific.openprotocol.broadcast.receiver.SpecificInstallBroadcastReceiver}
06-16 23:26:57.138  1909  1973 I ActivityManager: ProcessObserver broadcast disabled
06-16 23:26:57.192  1909  4343 I ActivityManager: Changes in 10241 19 to 8, 0 to 128
06-16 23:26:57.268  1909  4226 I ActivityManager: Process com.sec.android.app.sbrowser:privileged_process0 (pid 32663) has died: fg  SVC (582,1692)
06-16 23:26:57.300  1909  2225 I ActivityManager: Changes in 10241 8 to 10, 128 to 0
06-16 23:26:57.460  1909  4341 I ActivityManager: Changes in 10251 11 to 19, 128 to 0
06-16 23:26:57.638  1909  4226 I ActivityManager: Changes in 10099 11 to 11, 0 to 128
06-16 23:26:57.657  1909  1973 I ActivityManager: Start proc 1716:com.samsung.android.forest/1000 for broadcast {com.samsung.android.forest/com.samsung.android.forest.receiver.PkgEventReceiver}
06-16 23:26:57.657  1909  1973 I ActivityManager: ProcessObserver broadcast disabled
06-16 23:26:57.659  1909  4341 I ActivityManager: Changes in 10251 19 to 3, 0 to 184
06-16 23:26:57.668  1909  4341 I ActivityManager: Changes in 10099 11 to 19, 128 to 0
06-16 23:26:57.686  1909  1973 I ActivityManager: Start proc 1719:com.skt.skaf.OA00018282/u0a104 for content provider {com.skt.skaf.OA00018282/com.onestore.utils.ApiContentProvider}
06-16 23:26:57.686  1909  1973 I ActivityManager: ProcessObserver broadcast disabled
06-16 23:26:57.970  1909  1973 I ActivityManager: Start proc 1850:com.samsung.android.mapsagent/u0a183 for broadcast {com.samsung.android.mapsagent/com.samsung.android.mapsagent.receiver.PackageDeletedReceiver}
06-16 23:26:57.970  1909  1973 I ActivityManager: ProcessObserver broadcast disabled
06-16 23:26:58.089  1909  4342 I ActivityManager: Changes in 10183 19 to 11, 0 to 128
06-16 23:26:58.108  1909  4342 I ActivityManager: Killing 29391:com.samsung.cmh/5004 (adj 965): empty #25
06-16 23:26:58.110  1909  4342 I ActivityManager: Changes in 10183 11 to 19, 128 to 0
06-16 23:26:58.119  1909  1973 I ActivityManager: Start proc 1876:com.google.android.videos/u0a311 for broadcast {com.google.android.videos/com.google.android.libraries.social.peoplekit.thirdparty.viewcontrollers.ThirdPartyReceiver}
06-16 23:26:58.120  1909  1973 I ActivityManager: ProcessObserver broadcast disabled
06-16 23:26:58.431  1909  3050 I ActivityManager: Changes in 10311 19 to 11, 0 to 128
06-16 23:26:58.434  1909  1972 I ActivityManager: com.android.providers.downloads is exempt from freezer by list
06-16 23:26:58.451  1909  1973 I ActivityManager: Start proc 1991:android.process.media/u0a66 for broadcast {com.android.providers.downloads/com.android.providers.downloads.DownloadReceiver}
06-16 23:26:58.451  1909  1973 I ActivityManager: ProcessObserver broadcast disabled
06-16 23:26:58.470  1909  4341 I ActivityManager: Killing 32422:com.sec.android.app.shealth:remote/u0a328 (adj 965): empty #25
06-16 23:26:58.477  1909  4341 I ActivityManager: Changes in 10311 11 to 19, 128 to 0
06-16 23:26:58.572  1909  4226 I ActivityManager: Changes in 10066 19 to 11, 0 to 128
06-16 23:26:58.586  1909  1973 I ActivityManager: Start proc 2041:com.samsung.android.provider.filterprovider/1000 for broadcast {com.samsung.android.provider.filterprovider/com.samsung.android.provider.filterprovider.PackageIntentReceiver}
06-16 23:26:58.587  1909  1973 I ActivityManager: ProcessObserver broadcast disabled
06-16 23:26:58.598  1909  4341 I ActivityManager: Killing 32559:com.android.providers.calendar/u0a115 (adj 965): empty #25
06-16 23:26:58.598  1909  4341 I ActivityManager: Changes in 10066 11 to 19, 128 to 0
06-16 23:26:58.724  1909  1973 I ActivityManager: Start proc 2085:com.samsung.android.mdm/u0a185 for broadcast {com.samsung.android.mdm/com.samsung.android.ppclient.receiver.UnEnrollmentReceiver}
06-16 23:26:58.724  1909  1973 I ActivityManager: ProcessObserver broadcast disabled
06-16 23:26:58.734  1909  4341 I ActivityManager: Killing 30434:com.samsung.android.sm.provider/1000 (adj 915): empty #25
06-16 23:26:58.838  1909  3050 I ActivityManager: Changes in 10185 19 to 11, 0 to 128
06-16 23:26:58.846  1909  4341 I ActivityManager: Killing 30490:com.samsung.android.voc/u0a329 (adj 945): empty #25
06-16 23:26:58.847  1909  4341 I ActivityManager: Changes in 10185 11 to 19, 128 to 0
06-16 23:26:58.858  1909  1973 I ActivityManager: Start proc 2139:com.sec.android.provider.badge/u0a55 for broadcast {com.sec.android.provider.badge/com.sec.android.provider.badge.BadgeCountReceiver}
06-16 23:26:58.858  1909  1973 I ActivityManager: ProcessObserver broadcast disabled
06-16 23:26:58.946  1909  2225 I ActivityManager: Changes in 10055 19 to 11, 0 to 128
06-16 23:26:58.973  1909  2225 I ActivityManager: Changes in 10055 11 to 3, 128 to 144
06-16 23:26:58.988  1909  4341 I ActivityManager: Killing 32443:com.samsung.android.app.notes/u0a326 (adj 945): empty #25
06-16 23:27:01.629  1909  1973 I ActivityManager: Start proc 2202:com.samsung.android.ce/u0a96 for broadcast {com.samsung.android.mcfds/com.samsung.android.ce.ContextEngineReceiver}
06-16 23:27:01.629  1909  1973 I ActivityManager: ProcessObserver broadcast disabled
06-16 23:27:01.828  1909  4343 I ActivityManager: Changes in 10096 19 to 11, 0 to 128
06-16 23:27:01.834  1909  3698 I ActivityManager: Killing 29953:com.osp.app.signin/u0a117 (adj 945): empty #25
06-16 23:27:01.835  1909  3698 I ActivityManager: Changes in 10096 11 to 19, 128 to 0
06-16 23:27:01.980  1909  1972 I ActivityManager: Changes in 10096 19 to 11, 0 to 128
06-16 23:27:01.985  1909  2776 I ActivityManager: Changes in 10096 11 to 19, 128 to 0
06-16 23:27:01.989  1909  1972 I ActivityManager: Changes in 10096 19 to 11, 0 to 128
06-16 23:27:01.991  1909  2776 I ActivityManager: Changes in 10096 11 to 19, 128 to 0
06-16 23:27:02.102  1909  1973 I ActivityManager: Start proc 2265:com.samsung.android.mcfds/u0a96 for content provider {com.samsung.android.mcfds/com.samsung.android.mcfds.handler.client.ClientProvider}
06-16 23:27:02.102  1909  1973 I ActivityManager: ProcessObserver broadcast disabled
06-16 23:27:02.212  1909  3698 I ActivityManager: Killing 32233:com.samsung.android.scloud/5009 (adj 935): empty #25
06-16 23:27:02.259  1909  3698 I ActivityManager: Changes in 10096 19 to 5, 0 to 184
06-16 23:27:02.534  1909  1971 I ActivityManager: Changes in 10083 5 to 10, 144 to 0
06-16 23:27:05.008  1909  1971 I ActivityManager: Changes in 10055 3 to 15, 144 to 0
06-16 23:27:05.873  1909  1973 I ActivityManager: Start proc 2303:com.samsung.android.privacydashboard/u0a107 for content provider {com.samsung.android.privacydashboard/com.samsung.android.privacydashboard.provider.PermissionAccessInformationContentProvider}
06-16 23:27:05.874  1909  1973 I ActivityManager: ProcessObserver broadcast disabled
06-16 23:27:06.034  1909  2776 I ActivityManager: Changes in 10107 19 to 5, 0 to 144
06-16 23:27:11.734  1909  4341 I ActivityManager: Changes in 99137 3 to 10, 184 to 0
06-16 23:27:11.736  1909  4341 I ActivityManager: Changes in 10251 3 to 10, 184 to 0
06-16 23:27:12.087  1909  1971 I ActivityManager: Changes in 10107 5 to 15, 144 to 0
06-16 23:27:12.320  1909  2776 I ActivityManager: Changes in 10096 5 to 10, 184 to 0
06-16 23:27:22.027  1909  3698 I ActivityManager: Killing 31234:com.samsung.android.authfw/5278 (adj 925): empty #25
06-16 23:27:22.073  1909  2057 W ActivityManager: Scheduling restart of crashed service com.samsung.android.authfw/.pass.PassService in 1000ms for connection
06-16 23:27:23.112  1909  1973 I ActivityManager: Start proc 2429:com.samsung.android.authfw/5278 for service {com.samsung.android.authfw/com.samsung.android.authfw.pass.PassService}
06-16 23:27:23.112  1909  1973 I ActivityManager: ProcessObserver broadcast disabled
06-16 23:27:23.249  1909  4341 I ActivityManager: Killing 31186:com.samsung.android.samsungpass/u0a127 (adj 925): empty #25
06-16 23:27:23.494  1909  1972 I ActivityManager: Killing 811:com.samsung.aasaservice/1000 (adj 905): empty #25
06-16 23:27:23.496  1909  1972 I ActivityManager: Killing 31834:com.google.android.cellbroadcastreceiver/u0a296 (adj 925): empty #26
06-16 23:27:23.529  1909  3698 I ActivityManager: Changes in 10198 19 to 10, 128 to 0
06-16 23:27:25.012  1909  1972 I ActivityManager: Killing 32529:com.samsung.android.stickercenter/1000 (adj 905): empty #25
06-16 23:27:28.942  1909  1972 I ActivityManager: Killing 940:com.google.android.packageinstaller/u0a78 (adj 905): empty #25
06-16 23:27:28.989  1909  1965 W ActivityManager: setHasOverlayUi called on unknown pid: 940
06-16 23:27:32.094  1909  1972 I ActivityManager: Killing 30482:com.samsung.android.sm.devicesecurity/u0a214 (adj 905): empty #25
06-16 23:27:32.342  1909  1972 I ActivityManager: Changes in 10096 19 to 11, 0 to 128
06-16 23:27:32.346  1909  2776 I ActivityManager: Changes in 10096 11 to 19, 128 to 0
06-16 23:27:38.674  1909  1973 I ActivityManager: Start proc 2548:com.android.providers.calendar/u0a115 for content provider {com.android.providers.calendar/com.android.providers.calendar.CalendarProvider2}
06-16 23:27:38.674  1909  1973 I ActivityManager: ProcessObserver broadcast disabled
06-16 23:27:38.688  1909  1973 I ActivityManager: Start proc 2549:com.sec.android.gallery3d/u0a124 for content provider {com.sec.android.gallery3d/com.samsung.android.gallery.app.provider.LocalProvider2}
06-16 23:27:38.694  1909  1973 I ActivityManager: ProcessObserver broadcast disabled
06-16 23:27:38.709  1909  1973 I ActivityManager: Start proc 2559:com.samsung.android.app.reminder/u0a224 for content provider {com.samsung.android.app.reminder/com.samsung.android.app.reminder.data.provider.ReminderProvider}
06-16 23:27:38.710  1909  1973 I ActivityManager: ProcessObserver broadcast disabled
06-16 23:27:38.821  1909  1973 W ActivityManager: Slow operation: 58ms so far, now at startProcess: done updating battery stats
06-16 23:27:38.821  1909  1973 W ActivityManager: Slow operation: 58ms so far, now at startProcess: building log message
06-16 23:27:38.821  1909  1973 I ActivityManager: Start proc 2591:com.samsung.cmh/5004 for content provider {com.samsung.cmh/com.samsung.cmh.provider.CMHProvider}
06-16 23:27:38.821  1909  1973 W ActivityManager: Slow operation: 58ms so far, now at startProcess: starting to update pids map
06-16 23:27:38.821  1909  1973 I ActivityManager: ProcessObserver broadcast disabled
06-16 23:27:38.821  1909  1973 W ActivityManager: Slow operation: 58ms so far, now at startProcess: done updating pids map
06-16 23:27:38.871  1909  3698 I ActivityManager: Killing 30031:com.samsung.android.scs/u0a116 (adj 905): empty #25
06-16 23:27:38.908  1909  3174 I ActivityManager: Killing 32389:com.samsung.android.app.contacts/u0a120 (adj 935): empty #25
06-16 23:27:38.932  1909  2225 I ActivityManager: Killing 1004:com.samsung.android.ssiframework/u0a112 (adj 905): empty #25
06-16 23:27:38.966  1909  4174 I ActivityManager: Killing 1002:com.android.keychain/1000 (adj 905): empty #25
06-16 23:27:39.132  1909  1973 I ActivityManager: Start proc 2740:com.samsung.faceservice/5004 for content provider {com.samsung.faceservice/com.samsung.faceservice.provider.FaceServiceProvider}
06-16 23:27:39.133  1909  1973 I ActivityManager: ProcessObserver broadcast disabled
06-16 23:27:39.246  1909  3050 W ActivityManager: Receiver with filter android.content.IntentFilter@d3ab16 already registered for pid 2740, callerPackage is com.samsung.faceservice
06-16 23:27:39.248  1909  3050 W ActivityManager: Receiver with filter android.content.IntentFilter@80e466d already registered for pid 2740, callerPackage is com.samsung.faceservice
06-16 23:27:39.254  1909  4227 I ActivityManager: Killing 1198:com.google.android.rkpdapp/u0a348 (adj 905): empty #25
06-16 23:28:05.869  1909  1973 I ActivityManager: Start proc 2809:com.google.android.cellbroadcastreceiver/u0a296 for broadcast {com.google.android.cellbroadcastreceiver/com.android.cellbroadcastreceiver.CellBroadcastReceiver}
06-16 23:28:05.869  1909  1973 I ActivityManager: ProcessObserver broadcast disabled
06-16 23:28:05.921  1909  4342 I ActivityManager: Changes in 10296 19 to 11, 0 to 128
06-16 23:28:05.937  1909  4227 I ActivityManager: Killing 1168:com.google.android.apps.carrier.carrierwifi/u0a241 (adj 905): empty #25
06-16 23:28:05.937  1909  4227 I ActivityManager: Changes in 10296 11 to 19, 128 to 0
06-16 23:28:07.015  1909  1972 I ActivityManager: Changes in 10296 19 to 11, 0 to 128
06-16 23:28:07.023  1909  4227 I ActivityManager: Changes in 10296 11 to 19, 128 to 0
06-16 23:28:18.230  1909  2065 I ActivityManager: Changes in 10251 19 to 8, 0 to 128
06-16 23:28:18.242  1909  1973 I ActivityManager: Start proc 2888:com.google.android.apps.turbo:aab/u0a250 for service {com.google.android.apps.turbo/com.google.android.libraries.smartbattery.appusage.library.EvaluateAppBucketsJob}
06-16 23:28:18.242  1909  1973 I ActivityManager: ProcessObserver broadcast disabled
06-16 23:28:18.249  1909  1909 I ActivityManager: Changes in 5004 19 to 8, 0 to 128
06-16 23:28:18.256  1909  1973 I ActivityManager: Start proc 2891:com.google.android.partnersetup/u0a243 for service {com.google.android.partnersetup/com.google.android.partnersetup.InstalledAppJobService}
06-16 23:28:18.257  1909  1973 I ActivityManager: ProcessObserver broadcast disabled
06-16 23:28:18.298  1909  3174 I ActivityManager: Changes in 99137 10 to 8, 0 to 128
06-16 23:28:18.317  1909  4227 I ActivityManager: Changes in 5004 8 to 10, 128 to 0
06-16 23:28:18.335  1909  1973 I ActivityManager: Start proc 2950:com.samsung.android.scs/u0a116 for service {com.samsung.android.scs/androidx.work.impl.background.systemjob.SystemJobService}
06-16 23:28:18.335  1909  1973 I ActivityManager: ProcessObserver broadcast disabled
06-16 23:28:18.375  1909  3174 I ActivityManager: Changes in 10243 19 to 8, 0 to 128
06-16 23:28:18.386  1909  3174 I ActivityManager: Changes in 10250 19 to 8, 0 to 128
06-16 23:28:18.421  1909  2867 I ActivityManager: Changes in 10243 8 to 10, 128 to 0
06-16 23:28:18.444  1909  4227 I ActivityManager: Changes in 10116 19 to 8, 0 to 128
06-16 23:28:18.518  1909  1973 I ActivityManager: Start proc 3076:com.samsung.android.dqagent/1000 for broadcast {com.samsung.android.dqagent/com.samsung.android.dqagent.receiver.DQADataReceiver}
06-16 23:28:18.519  1909  1973 I ActivityManager: ProcessObserver broadcast disabled
06-16 23:28:18.573  1909  4174 I ActivityManager: Changes in 5004 19 to 8, 0 to 128
06-16 23:28:18.620  1909  4225 I ActivityManager: Changes in 5004 8 to 10, 128 to 0
06-16 23:28:18.647  1909  4225 I ActivityManager: Changes in 10115 19 to 8, 0 to 128
06-16 23:28:18.650  1909  4227 I ActivityManager: Changes in 10056 19 to 8, 0 to 128
06-16 23:28:18.659  1909  3698 I ActivityManager: Changes in 10224 19 to 8, 0 to 128
06-16 23:28:18.678  1909  4227 I ActivityManager: Changes in 10066 19 to 8, 0 to 128
06-16 23:28:18.693  1909  2867 I ActivityManager: Changes in 10124 19 to 8, 0 to 128
06-16 23:28:18.816  1909  4227 I ActivityManager: Changes in 10243 19 to 8, 0 to 128
06-16 23:28:18.850  1909  4227 I ActivityManager: Changes in 10243 8 to 10, 128 to 0
06-16 23:28:18.896  1909  4174 I ActivityManager: Changes in 5004 19 to 8, 0 to 128
06-16 23:28:18.956  1909  2065 I ActivityManager: Changes in 10243 19 to 8, 0 to 128
06-16 23:28:18.966  1909  4225 I ActivityManager: Changes in 10224 8 to 10, 128 to 0
06-16 23:28:18.966  1909  4225 I ActivityManager: Changes in 10124 8 to 10, 128 to 0
06-16 23:28:18.966  1909  4225 I ActivityManager: Changes in 10116 8 to 10, 128 to 0
06-16 23:28:18.966  1909  4225 I ActivityManager: Changes in 10115 8 to 10, 128 to 0
06-16 23:28:18.966  1909  4225 I ActivityManager: Changes in 10066 8 to 10, 128 to 0
06-16 23:28:18.966  1909  4225 I ActivityManager: Changes in 10056 8 to 10, 128 to 0
06-16 23:28:18.966  1909  4225 I ActivityManager: Changes in 5004 8 to 10, 128 to 0
06-16 23:28:18.970  1909  4174 I ActivityManager: Changes in 10250 8 to 10, 128 to 0
06-16 23:28:18.977  1909  3698 I ActivityManager: Changes in 10243 8 to 10, 128 to 0
06-16 23:28:18.984  1909  4174 I ActivityManager: Killing 1221:com.lguplus.appstore/u0a99 (adj 905): empty #25
06-16 23:28:19.077  1909  2065 I ActivityManager: Changes in 10243 19 to 8, 0 to 128
06-16 23:28:19.266  1909  2225 I ActivityManager: Changes in 10243 8 to 10, 128 to 0
06-16 23:28:19.563  1909  2225 I ActivityManager: Changes in 10224 19 to 8, 0 to 128
06-16 23:28:19.564  1909  2225 I ActivityManager: Changes in 10124 19 to 8, 0 to 128
06-16 23:28:19.564  1909  2225 I ActivityManager: Changes in 10116 19 to 8, 0 to 128
06-16 23:28:19.564  1909  2225 I ActivityManager: Changes in 10115 19 to 8, 0 to 128
06-16 23:28:19.564  1909  2225 I ActivityManager: Changes in 10066 19 to 8, 0 to 128
06-16 23:28:19.564  1909  2225 I ActivityManager: Changes in 10056 19 to 8, 0 to 128
06-16 23:28:19.564  1909  2225 I ActivityManager: Changes in 5004 19 to 8, 0 to 128
06-16 23:28:20.012  1909  3698 I ActivityManager: Changes in 10224 8 to 10, 128 to 0
06-16 23:28:20.012  1909  3698 I ActivityManager: Changes in 10124 8 to 10, 128 to 0
06-16 23:28:20.012  1909  3698 I ActivityManager: Changes in 10116 8 to 10, 128 to 0
06-16 23:28:20.012  1909  3698 I ActivityManager: Changes in 10115 8 to 10, 128 to 0
06-16 23:28:20.012  1909  3698 I ActivityManager: Changes in 10066 8 to 10, 128 to 0
06-16 23:28:20.012  1909  3698 I ActivityManager: Changes in 10056 8 to 10, 128 to 0
06-16 23:28:20.012  1909  3698 I ActivityManager: Changes in 5004 8 to 10, 128 to 0
06-16 23:28:21.867  1909  3698 I ActivityManager: Changes in 99137 8 to 10, 128 to 0
06-16 23:28:21.868  1909  3698 I ActivityManager: Changes in 10251 8 to 10, 128 to 0
06-16 23:28:21.876  1909  3698 I ActivityManager: Killing 1876:com.google.android.videos/u0a311 (adj 905): empty #25
06-16 23:28:21.880  1909  3698 I ActivityManager: Killing 1850:com.samsung.android.mapsagent/u0a183 (adj 905): empty #26
06-16 23:28:21.881  1909  3698 I ActivityManager: Killing 1716:com.samsung.android.forest/1000 (adj 905): empty #27
06-16 23:29:11.023  1909  1973 I ActivityManager: Start proc 3160:com.google.android.as.oss/u0a248 for service {com.google.android.as.oss/com.google.android.gms.learning.internal.training.InAppJobService}
06-16 23:29:11.023  1909  1973 I ActivityManager: ProcessObserver broadcast disabled
06-16 23:29:11.109  1909  3698 I ActivityManager: Changes in 10248 19 to 8, 0 to 128
06-16 23:29:11.124  1909  3698 I ActivityManager: Changes in 10248 8 to 10, 128 to 0
06-16 23:29:11.126  1909  3698 I ActivityManager: Killing 1991:android.process.media/u0a66 (adj 905): empty #25
06-16 23:29:18.643  1909  4225 I ActivityManager: Changes in 10116 19 to 8, 0 to 128
06-16 23:29:18.673  1909  4225 I ActivityManager: Changes in 10116 8 to 10, 128 to 0
06-16 23:30:00.016  1909  1972 I ActivityManager: Changes in 10096 19 to 11, 0 to 128
06-16 23:30:00.025  1909  3174 I ActivityManager: Changes in 10096 11 to 19, 128 to 0
06-16 23:30:47.945  1909  2776 I ActivityManager: Changes in 99137 19 to 3, 0 to 184
06-16 23:30:48.187  1909  1973 I ActivityManager: Start proc 3330:com.google.android.googlequicksearchbox:search/u0a253 for broadcast {com.google.android.googlequicksearchbox/com.google.android.libraries.search.gcm.search.SearchProcessGcmBroadcastReceiver_Receiver}
06-16 23:30:48.190  1909  1973 I ActivityManager: ProcessObserver broadcast disabled
06-16 23:30:48.310  3384  3384 E libc    : SetHeapTaggingLevel: re-enabling tagging after it was disabled is not supported
06-16 23:30:48.311  1909  1973 I ActivityManager: Start proc 3384:com.google.android.webview:sandboxed_process0:org.chromium.content.app.SandboxedProcessService0:0/u0i144 for  {com.google.android.googlequicksearchbox/org.chromium.content.app.SandboxedProcessService0:0}
06-16 23:30:48.311  1909  1973 I ActivityManager: ProcessObserver broadcast disabled
06-16 23:30:48.348  1909  3698 I ActivityManager: Changes in 99144 19 to 3, 0 to 184
06-16 23:30:48.381  1909  2867 I ActivityManager: Changes in 10297 6 to 3, 0 to 184
06-16 23:30:48.908  1909  3174 I ActivityManager: Changes in 99144 3 to 19, 184 to 128
06-16 23:31:03.487  1909  2776 I ActivityManager: Changes in 99137 3 to 10, 184 to 0
06-16 23:31:03.496  1909  4225 I ActivityManager: Killing 2085:com.samsung.android.mdm/u0a185 (adj 905): empty #25
06-16 23:31:03.505  1909  4225 I ActivityManager: Killing 2041:com.samsung.android.provider.filterprovider/1000 (adj 905): empty #26
06-16 23:31:56.727  1909  2867 I ActivityManager: Killing 2139:com.sec.android.provider.badge/u0a55 (adj 905): empty #25
06-16 23:33:44.736  1909  1972 I ActivityManager: Changes in 10096 19 to 11, 0 to 128
06-16 23:33:44.750  1909  4225 I ActivityManager: Changes in 10096 11 to 19, 128 to 0
06-16 23:34:12.608  1909  2065 I ActivityManager: Changes in 10248 19 to 8, 0 to 128
06-16 23:34:12.658  1909  4225 I ActivityManager: Changes in 10248 8 to 10, 128 to 0
06-16 23:34:18.678  1909  4225 I ActivityManager: com.samsung.android.app.telephonyui is exempt from freezer by list
06-16 23:34:18.687  1909  1973 I ActivityManager: Start proc 3709:com.samsung.android.game.gos/u0a76 for service {com.samsung.android.game.gos/com.samsung.android.game.gos.service.GameIntentService}
06-16 23:34:18.688  1909  1973 I ActivityManager: ProcessObserver broadcast disabled
06-16 23:34:18.700  1909  1973 I ActivityManager: Start proc 3710:com.samsung.android.app.telephonyui/1001 for content provider {com.samsung.android.app.telephonyui/com.samsung.android.app.telephonyui.provider.InternalContentProvider}
06-16 23:34:18.700  1909  1973 I ActivityManager: ProcessObserver broadcast disabled
06-16 23:34:18.907  1909  2769 I ActivityManager: Killing 1719:com.skt.skaf.OA00018282/u0a104 (adj 905): empty #25
06-16 23:34:44.926  1909  1972 I ActivityManager: Killing 2303:com.samsung.android.privacydashboard/u0a107 (adj 905): empty #25
06-16 23:35:19.775  1909  1973 I ActivityManager: Start proc 3782:com.samsung.mfcontents/u0a95 for service {com.samsung.mfcontents/com.samsung.mfcontents.scheduler.MFCJobService}
06-16 23:35:19.775  1909  1973 I ActivityManager: ProcessObserver broadcast disabled
06-16 23:35:19.855  1909  2776 I ActivityManager: Changes in 10095 19 to 8, 0 to 128
06-16 23:35:19.866  1909  2776 I ActivityManager: Changes in 10095 8 to 10, 128 to 0
06-16 23:35:19.874  1909  4342 I ActivityManager: Killing 2265:com.samsung.android.mcfds/u0a96 (adj 905): empty #25
06-16 23:45:36.039  1909  1972 I ActivityManager: Changes in 10108 10 to 10, 0 to 128
06-16 23:45:36.051  1909  4356 I ActivityManager: Changes in 10108 10 to 10, 128 to 0
06-16 23:45:36.064  1909  2065 I ActivityManager: Changes in 5004 19 to 8, 0 to 128
06-16 23:45:36.068  1909  2065 I ActivityManager: Changes in 10248 19 to 8, 0 to 128
06-16 23:45:36.073  1909  1973 I ActivityManager: Start proc 3970:com.lguplus.appstore/u0a99 for service {com.lguplus.appstore/androidx.work.impl.background.systemjob.SystemJobService}
06-16 23:45:36.073  1909  1973 I ActivityManager: ProcessObserver broadcast disabled
06-16 23:45:36.081  1909  4356 I ActivityManager: Changes in 5004 8 to 10, 128 to 0
06-16 23:45:36.098  1909  2867 I ActivityManager: Changes in 10248 8 to 10, 128 to 0
06-16 23:45:36.234  1909  1973 I ActivityManager: Start proc 4017:com.sec.android.provider.badge/u0a55 for broadcast {com.sec.android.provider.badge/com.sec.android.provider.badge.BadgeCountReceiver}
06-16 23:45:36.235  1909  1973 I ActivityManager: ProcessObserver broadcast disabled
06-16 23:45:36.257  1909  4356 I ActivityManager: Changes in 99137 19 to 8, 0 to 128
06-16 23:45:36.259  1909  4356 I ActivityManager: Changes in 10099 19 to 8, 0 to 128
06-16 23:45:36.292  1909  4342 I ActivityManager: Changes in 10251 19 to 8, 0 to 128
06-16 23:45:36.310  1909  4356 I ActivityManager: Changes in 10055 19 to 11, 0 to 128
06-16 23:45:36.314  1909  2769 I ActivityManager: Changes in 99137 8 to 10, 128 to 0
06-16 23:45:36.314  1909  2769 I ActivityManager: Changes in 10251 8 to 10, 128 to 0
06-16 23:45:36.314  1909  2769 I ActivityManager: Changes in 10099 8 to 10, 128 to 0
06-16 23:45:36.324  1909  4356 I ActivityManager: Killing 2429:com.samsung.android.authfw/5278 (adj 905): empty #25
06-16 23:45:36.358  1909  4356 I ActivityManager: Changes in 10055 11 to 3, 128 to 144
06-16 23:45:42.387  1909  1971 I ActivityManager: Changes in 10055 3 to 15, 144 to 0
06-16 23:46:02.383  1909  1972 I ActivityManager: Killing 837:com.samsung.android.privateaccesstokens/u0a198 (adj 905): empty #25
06-16 23:46:35.168  1909  2030 I ActivityManager: Changes in 10251 19 to 19, 0 to 128
06-16 23:46:35.178  1909  1972 I ActivityManager: Changes in 10076 19 to 11, 0 to 128
06-16 23:46:35.188  1909  2776 I ActivityManager: Changes in 10076 10 to 10, 128 to 0
06-16 23:46:35.190  1909  1973 I ActivityManager: Start proc 4071:com.samsung.android.sm.devicesecurity/u0a214 for broadcast {com.samsung.android.sm.devicesecurity/com.samsung.android.sm.devicesecurity.AppVerificationReceiver}
06-16 23:46:35.190  1909  1973 I ActivityManager: ProcessObserver broadcast disabled
06-16 23:46:35.268  1909  4356 I ActivityManager: Changes in 10214 19 to 11, 0 to 128
06-16 23:46:35.290  1909  2769 I ActivityManager: Background started FGS: Allowed [callingPackage: com.samsung.android.sm.devicesecurity; callingUid: 10214; uidState: RCVR; uidBFSL: n/a; intent: Intent { act=com.samsung.android.sm.security.service.ACTION_START dat=file:///... typ=application/vnd.android.package-archive flg=0x10000011 xflg=0x4 cmp=com.samsung.android.sm.devicesecurity/.AppVerificationService (has extras) }; code:BACKGROUND_ACTIVITY_PERMISSION; tempAllowListReason:<,reasonCode:SYSTEM_ALLOW_LISTED,duration:9223372036854775807,callingUid:-1>; allowWiu:58; targetSdkVersion:36; callerTargetSdkVersion:36; startForegroundCount:0; bindFromPackage:null: isBindService:false]
06-16 23:46:35.303  1909  2769 I ActivityManager: Changes in 10214 10 to 4, 128 to 248
06-16 23:46:35.565  1909  4225 I ActivityManager: Changes in 99137 19 to 10, 0 to 128
06-16 23:46:46.356  1909  4225 I ActivityManager: Changes in 10214 4 to 19, 248 to 128
06-16 23:46:47.727  1909  2867 I ActivityManager: Killing 2809:com.google.android.cellbroadcastreceiver/u0a296 (adj 985): empty #25
06-16 23:46:47.816  1909  1973 W ActivityManager: Slow operation: 62ms so far, now at startProcess: done updating battery stats
06-16 23:46:47.816  1909  1973 W ActivityManager: Slow operation: 62ms so far, now at startProcess: building log message
06-16 23:46:47.816  1909  1973 I ActivityManager: Start proc 4183:com.google.android.packageinstaller/u0a78 for broadcast {com.google.android.packageinstaller/com.android.packageinstaller.PackageInstalledReceiver}
06-16 23:46:47.816  1909  1973 W ActivityManager: Slow operation: 62ms so far, now at startProcess: starting to update pids map
06-16 23:46:47.816  1909  1973 I ActivityManager: ProcessObserver broadcast disabled
06-16 23:46:47.816  1909  1973 W ActivityManager: Slow operation: 62ms so far, now at startProcess: done updating pids map
06-16 23:46:47.864  1909  1972 I ActivityManager: Changes in 10108 10 to 10, 0 to 128
06-16 23:46:47.887  1909  1973 I ActivityManager: Start proc 4222:com.samsung.android.app.routines/u0a53 for service {com.samsung.android.app.routines/com.samsung.android.app.routines.domainmodel.service.RoutineService}
06-16 23:46:47.887  1909  1973 I ActivityManager: ProcessObserver broadcast disabled
06-16 23:46:47.888  1909  2776 I ActivityManager: Changes in 10108 10 to 10, 128 to 0
06-16 23:46:47.954  1909  2749 I ActivityManager: Changes in 10078 19 to 11, 0 to 128
06-16 23:46:47.978  1909  4174 I ActivityManager: Changes in 10078 11 to 19, 128 to 0
06-16 23:46:47.989  1909  1973 I ActivityManager: Start proc 4267:com.samsung.android.provider.filterprovider/1000 for broadcast {com.samsung.android.provider.filterprovider/com.samsung.android.provider.filterprovider.PackageIntentReceiver}
06-16 23:46:47.989  1909  1973 I ActivityManager: ProcessObserver broadcast disabled
06-16 23:46:48.017  1909  1933 I ActivityManager: Changes in 99137 10 to 3, 128 to 184
06-16 23:46:48.266  1909  1973 I ActivityManager: Start proc 4303:com.skt.skaf.OA00018282/u0a104 for content provider {com.skt.skaf.OA00018282/com.onestore.utils.ApiContentProvider}
06-16 23:46:48.266  1909  1973 I ActivityManager: ProcessObserver broadcast disabled
06-16 23:46:49.404  1909  3050 I ActivityManager: Killing 3076:com.samsung.android.dqagent/1000 (adj 985): empty #25
06-16 23:46:50.117  1909  2749 I ActivityManager: Killing 2888:com.google.android.apps.turbo:aab/u0a250 (adj 975): empty #25
06-16 23:46:50.261  1909  2065 I ActivityManager: Changes in 10116 19 to 8, 0 to 128
06-16 23:46:51.371  1909  2769 I ActivityManager: Changes in 10116 8 to 8, 128 to 0
06-16 23:47:03.054  1909  3698 I ActivityManager: Changes in 99137 3 to 10, 184 to 0
06-16 23:47:03.060  1909  2769 I ActivityManager: Killing 2548:com.android.providers.calendar/u0a115 (adj 975): empty #25
06-16 23:47:03.065  1909  2769 I ActivityManager: Killing 2891:com.google.android.partnersetup/u0a243 (adj 975): empty #26
06-16 23:47:05.180  1909  2065 I ActivityManager: Changes in 10251 19 to 19, 128 to 0
06-16 23:47:05.273  1909  2065 I ActivityManager: Changes in 10214 19 to 19, 128 to 0
06-16 23:47:23.699  1909  2065 I ActivityManager: Changes in 10251 19 to 8, 0 to 128
06-16 23:47:23.702  1909  1973 I ActivityManager: Start proc 4431:com.arcfire.online/u0a1050 for next-top-activity {com.arcfire.online/com.arcfire.online.MainActivity}
06-16 23:47:23.704  1909  1973 I ActivityManager: ProcessObserver broadcast disabled
06-16 23:47:23.752  1909  3050 I ActivityManager: Changes in 11050 19 to 2, 0 to 255
06-16 23:47:23.881  1909  3050 I ActivityManager: Changes in 99137 19 to 3, 0 to 184
06-16 23:47:24.164  1909  1965 I ActivityManager: Changes in 10147 2 to 5, 255 to 184
06-16 23:47:24.283  1909  2225 I ActivityManager: Changes in 10251 8 to 3, 128 to 184
06-16 23:47:24.342  1909  2225 I ActivityManager: Changes in 10251 3 to 8, 184 to 128
06-16 23:47:25.070  1909  4174 I ActivityManager: Changes in 10251 8 to 10, 128 to 0
06-16 23:47:34.341  1909  4174 I ActivityManager: Changes in 99137 3 to 10, 184 to 0
06-16 23:47:44.697  1909  3050 I ActivityManager: Changes in 99137 19 to 3, 0 to 184
06-16 23:47:53.073  1909  2410 I ActivityManager: Killing 2549:com.sec.android.gallery3d/u0a124 (adj 975): Chimera #0
06-16 23:47:54.817  1909  3698 I ActivityManager: Changes in 99137 3 to 10, 184 to 0
06-16 23:48:03.658  1909  2410 I ActivityManager: Killing 4071:com.samsung.android.sm.devicesecurity/u0a214 (adj 935): Chimera #0
06-16 23:48:03.665  1909  2410 I ActivityManager: Killing 2559:com.samsung.android.app.reminder/u0a224 (adj 975): Chimera #0
06-16 23:48:03.670  1909  2410 I ActivityManager: Killing 32576:android.process.acore/u0a56 (adj 850): Chimera #0
06-16 23:48:03.684  1909  2410 I ActivityManager: Killing 3160:com.google.android.as.oss/u0a248 (adj 935): Chimera #0
06-16 23:48:03.686  1909  2410 I ActivityManager: Killing 1019:com.samsung.klmsagent/u0a83 (adj 965): Chimera #0
06-16 23:48:03.687  1909  2410 I ActivityManager: Killing 2740:com.samsung.faceservice/5004 (adj 945): Chimera #0
06-16 23:48:03.690  1909  2410 I ActivityManager: Killing 3782:com.samsung.mfcontents/u0a95 (adj 955): Chimera #0
06-16 23:48:03.698  1909  2410 I ActivityManager: Killing 4017:com.sec.android.provider.badge/u0a55 (adj 935): Chimera #0
06-16 23:48:03.701  1909  2410 I ActivityManager: Killing 4183:com.google.android.packageinstaller/u0a78 (adj 925): Chimera #0
06-16 23:48:03.709  1909  2410 I ActivityManager: Killing 4267:com.samsung.android.provider.filterprovider/1000 (adj 925): Chimera #0
06-16 23:48:23.508  1909  1965 I ActivityManager: Changes in 10147 5 to 2, 184 to 255
06-16 23:48:24.297  1909  1965 I ActivityManager: Changes in 11050 2 to 15, 255 to 128
06-16 23:48:24.393  1909  2225 I ActivityManager: Changes in 99137 19 to 10, 0 to 128
06-16 23:48:24.418  1909  2057 I ActivityManager: Changes in 99137 10 to 10, 128 to 0
06-16 23:48:24.419  1909  2057 I ActivityManager: Changes in 11050 15 to 15, 128 to 0
06-16 23:48:24.607  1909  2225 I ActivityManager: Process com.samsung.android.fmm (pid 29939) has died: cch+75 SVC (41,312)
06-16 23:48:24.610  1909  2225 W ActivityManager: Scheduling restart of crashed service com.samsung.android.fmm/com.samsung.android.fme.offlinefinding.OfflineFindingService in 1000ms for start-requested
06-16 23:48:24.611  1909  2225 I ActivityManager: Changes in 10122 6 to 19, 128 to 0
06-16 23:48:24.654  1909  2225 I ActivityManager: Process com.samsung.android.spay (pid 28489) has died: cch+75 SVC (70,313)
06-16 23:48:24.656  1909  2225 W ActivityManager: Scheduling restart of crashed service com.samsung.android.spay/com.ubivelox.hcesupport.library.internal.service.ApduService in 10953ms for start-requested
06-16 23:48:24.692  1909  2769 I ActivityManager: Process com.samsung.android.ce (pid 2202) has died: cch+55 CEM (69,313)
06-16 23:48:24.723  1909  2769 I ActivityManager: Process com.samsung.android.app.telephonyui (pid 3710) has died: cch+55 CEM (73,313)
06-16 23:48:24.738  1909  1971 W ActivityManager: Rescheduling restart of crashed service com.samsung.android.fmm/com.samsung.android.fme.offlinefinding.OfflineFindingService in 29875ms for mem-pressure-event
06-16 23:48:24.738  1909  1971 W ActivityManager: Rescheduling restart of crashed service com.samsung.android.spay/com.ubivelox.hcesupport.library.internal.service.ApduService in 69875ms for mem-pressure-event
06-16 23:48:24.762  1909  3698 I ActivityManager: Process com.google.android.googlequicksearchbox:search (pid 3330) has died: cch+45 CEM (78,314)
06-16 23:48:24.793  1909  2776 I ActivityManager: Process com.samsung.cmh (pid 2591) has died: cch+45 CEM (83,314)
06-16 23:48:24.830  1909  4225 I ActivityManager: Process com.lguplus.appstore (pid 3970) has died: cch+35 CEM (95,314)
06-16 23:48:24.855  1909  4225 I ActivityManager: Process com.android.vending:background (pid 1118) has died: cch+35 CEM (105,314)
06-16 23:48:24.894  1909  1935 I ActivityManager: Process com.android.chrome (pid 29464) has died: cch+30 CACC(120,314)
06-16 23:48:24.895  1909  1935 W ActivityManager: Scheduling restart of crashed service com.android.chrome/org.chromium.chrome.browser.customtabs.CustomTabsConnectionService in 109714ms for connection
06-16 23:48:24.915  1909  1935 I ActivityManager: Process com.skt.skaf.OA00018282 (pid 4303) has died: cch+25 CEM (125,315)
06-16 23:48:24.941  1909  3698 I ActivityManager: Process com.samsung.android.game.gos (pid 3709) has died: cch+25 CEM (128,315)
06-16 23:48:24.971  1909  3698 I ActivityManager: Process com.android.vending (pid 1074) has died: cch+15 CEM (150,313)
06-16 23:48:24.999  1909  2720 I ActivityManager: Process com.samsung.android.app.routines (pid 4222) has died: cch+15 CEM (164,304)
06-16 23:48:25.037  1909  2537 I ActivityManager: Process com.samsung.android.lool (pid 30400) has died: cch+10 CAC (176,300)
06-16 23:48:25.046  1909  1965 W ActivityManager: setHasOverlayUi called on unknown pid: 30400
06-16 23:48:25.484  1909  1965 I ActivityManager: Killing 4431:com.arcfire.online/u0a1050 (adj 900): remove task
06-16 23:48:26.010  1909  1965 I ActivityManager: Changes in 10122 19 to 6, 0 to 128
06-16 23:48:26.219  1909  1971 W ActivityManager: Rescheduling restart of crashed service com.samsung.android.fmm/com.samsung.android.fme.offlinefinding.OfflineFindingService in 8390ms for mem-pressure-event
06-16 23:48:26.219  1909  1971 W ActivityManager: Rescheduling restart of crashed service com.samsung.android.spay/com.ubivelox.hcesupport.library.internal.service.ApduService in 28390ms for mem-pressure-event
06-16 23:48:26.219  1909  1971 W ActivityManager: Rescheduling restart of crashed service com.android.chrome/org.chromium.chrome.browser.customtabs.CustomTabsConnectionService in 48390ms for mem-pressure-event
06-16 23:48:26.479  1909  1965 W ActivityManager: setHasOverlayUi called on unknown pid: 4431
06-16 23:48:27.633  1909  1973 I ActivityManager: Start proc 4686:com.lguplus.appstore/u0a99 for activelaunch {com.lguplus.appstore/com.onestore.default_launcher}
06-16 23:48:27.634  1909  1973 I ActivityManager: ProcessObserver broadcast disabled
06-16 23:48:28.097  1909  1973 I ActivityManager: Start proc 4726:com.sec.android.provider.badge/u0a55 for broadcast {com.sec.android.provider.badge/com.sec.android.provider.badge.BadgeCountReceiver}
06-16 23:48:28.097  1909  1973 I ActivityManager: ProcessObserver broadcast disabled
06-16 23:48:28.191  1909  2720 I ActivityManager: Changes in 10055 19 to 11, 0 to 128
06-16 23:48:28.207  1909  1973 I ActivityManager: Start proc 4757:com.android.vending/u0a251 for service {com.android.vending/com.google.android.finsky.developergroupidinfo.DeveloperGroupIdInfoService}
06-16 23:48:28.207  1909  1973 I ActivityManager: ProcessObserver broadcast disabled
06-16 23:48:28.235  1909  3050 I ActivityManager: Changes in 10055 11 to 3, 128 to 144
06-16 23:48:28.333  1909  1971 W ActivityManager: Rescheduling restart of crashed service com.samsung.android.fmm/com.samsung.android.fme.offlinefinding.OfflineFindingService in 0ms for mem-pressure-event
06-16 23:48:28.333  1909  1971 W ActivityManager: Rescheduling restart of crashed service com.samsung.android.spay/com.ubivelox.hcesupport.library.internal.service.ApduService in 0ms for mem-pressure-event
06-16 23:48:28.333  1909  1971 W ActivityManager: Rescheduling restart of crashed service com.android.chrome/org.chromium.chrome.browser.customtabs.CustomTabsConnectionService in 0ms for mem-pressure-event
06-16 23:48:28.350  1909  1973 I ActivityManager: Start proc 4770:com.samsung.android.fmm/1000 for service {com.samsung.android.fmm/com.samsung.android.fme.offlinefinding.OfflineFindingService}
06-16 23:48:28.350  1909  1973 I ActivityManager: ProcessObserver broadcast disabled
06-16 23:48:28.363  1909  1973 I ActivityManager: Start proc 4771:com.samsung.android.spay/u0a333 for service {com.samsung.android.spay/com.ubivelox.hcesupport.library.internal.service.ApduService}
06-16 23:48:28.365  1909  1973 I ActivityManager: ProcessObserver broadcast disabled
06-16 23:48:28.386  1909  1973 I ActivityManager: Start proc 4772:com.android.chrome/u0a266 for service {com.android.chrome/org.chromium.chrome.browser.customtabs.CustomTabsConnectionService}
06-16 23:48:28.388  1909  1973 I ActivityManager: ProcessObserver broadcast disabled
06-16 23:48:28.623  1909  1973 I ActivityManager: Start proc 4838:com.arcfire.online/u0a1050 for activelaunch {com.arcfire.online/com.arcfire.online.MainActivity}
06-16 23:48:28.623  1909  1973 I ActivityManager: ProcessObserver broadcast disabled
06-16 23:48:28.799  1909  2720 I ActivityManager: Changes in 10122 6 to 10, 128 to 0
06-16 23:48:28.998  1909  1972 I ActivityManager: Changes in 10251 10 to 10, 0 to 128
06-16 23:48:29.017  1909  2720 I ActivityManager: Changes in 10251 10 to 10, 128 to 0
06-16 23:48:29.046  1909  2769 I ActivityManager: Changes in 99137 10 to 3, 0 to 184
06-16 23:48:29.046  1909  2769 I ActivityManager: Changes in 11050 19 to 2, 0 to 255
06-16 23:48:29.046  1909  2769 I ActivityManager: Changes in 10251 10 to 3, 0 to 184
06-16 23:48:29.373  1909  1965 I ActivityManager: Changes in 10147 2 to 5, 255 to 184
06-16 23:48:29.373  1909  1965 I ActivityManager: Changes in 10122 10 to 6, 0 to 128
06-16 23:48:29.920  1909  1973 I ActivityManager: Start proc 4991:com.android.chrome:privileged_process0/u0a266 for service {com.android.chrome/org.chromium.content.app.PrivilegedProcessService0}
06-16 23:48:29.920  1909  1973 I ActivityManager: ProcessObserver broadcast disabled
06-16 23:48:30.610  1909  3301 I ActivityManager: Killing 4686:com.lguplus.appstore/u0a99 (adj 905): AL_Kill : over 3 sec
06-16 23:48:30.617  1909  1973 W ActivityManager: Slow operation: 192ms so far, now at startProcess: returned from zygote!
06-16 23:48:30.617  1909  1973 W ActivityManager: Slow operation: 192ms so far, now at startProcess: done updating battery stats
06-16 23:48:30.617  1909  1973 W ActivityManager: Slow operation: 192ms so far, now at startProcess: building log message
06-16 23:48:30.617  1909  1973 I ActivityManager: Start proc 5129:com.android.chrome:sandboxed_process0:org.chromium.content.app.SandboxedProcessService0:0/u0ai0 for  {com.android.chrome/org.chromium.content.app.SandboxedProcessService0:0}
06-16 23:48:30.617  1909  1973 W ActivityManager: Slow operation: 192ms so far, now at startProcess: starting to update pids map
06-16 23:48:30.617  1909  1973 I ActivityManager: ProcessObserver broadcast disabled
06-16 23:48:30.617  1909  1973 W ActivityManager: Slow operation: 192ms so far, now at startProcess: done updating pids map
06-16 23:48:30.625  5129  5129 E libc    : SetHeapTaggingLevel: re-enabling tagging after it was disabled is not supported
06-16 23:48:30.968  1909  1973 I ActivityManager: Start proc 5207:com.samsung.android.app.watchmanager:remote/u0a327 for service {com.samsung.android.app.watchmanager/com.samsung.android.app.twatchmanager.plugininfoservice.PluginInfoProvideService}
06-16 23:48:30.968  1909  1973 I ActivityManager: ProcessObserver broadcast disabled
06-16 23:48:31.167  1909  1973 I ActivityManager: Start proc 5229:com.samsung.android.app.watchmanager:contentprovider/u0a327 for content provider {com.samsung.android.app.watchmanager/com.samsung.android.app.twatchmanager.contentprovider.BaseContentProvider}
06-16 23:48:31.167  1909  1973 I ActivityManager: ProcessObserver broadcast disabled
06-16 23:48:34.265  1909  1971 I ActivityManager: Changes in 10055 5 to 15, 144 to 0
06-16 23:48:38.596  1909  1973 I ActivityManager: Start proc 5309:com.android.vending:background/u0a251 for service {com.android.vending/com.google.frameworks.client.data.android.server.play.BackgroundProcessEndpointService}
06-16 23:48:38.596  1909  1973 I ActivityManager: ProcessObserver broadcast disabled
06-16 23:48:39.479  1909  3301 I ActivityManager: Changes in 99137 3 to 10, 184 to 0
06-16 23:48:39.479  1909  3301 I ActivityManager: Changes in 10251 3 to 10, 184 to 0
06-16 23:48:45.355  1909  1973 I ActivityManager: Start proc 5389:com.samsung.android.sm.devicesecurity/u0a214 for broadcast {com.samsung.android.sm.devicesecurity/com.samsung.android.sm.devicesecurity.StatusReceiver}
06-16 23:48:45.355  1909  1973 I ActivityManager: ProcessObserver broadcast disabled
06-16 23:48:45.595  1909  2720 I ActivityManager: Changes in 10214 19 to 11, 0 to 128
06-16 23:48:45.624  1909  1973 I ActivityManager: Start proc 5416:com.google.android.apps.turbo/u0a250 for broadcast {com.google.android.apps.turbo/com.google.android.apps.turbo.nudges.broadcasts.BatteryStatusChangedReceiver}
06-16 23:48:45.624  1909  1973 I ActivityManager: ProcessObserver broadcast disabled
06-16 23:48:45.626  1909  2870 I ActivityManager: Changes in 10214 11 to 19, 128 to 0
06-16 23:48:45.704  1909  2870 I ActivityManager: Changes in 10214 19 to 8, 0 to 128
06-16 23:48:45.792  1909  2720 I ActivityManager: Changes in 10214 8 to 10, 128 to 0
06-16 23:48:45.836  1909  3301 I ActivityManager: Changes in 10250 19 to 11, 0 to 128
06-16 23:48:45.847  1909  3301 I ActivityManager: Changes in 10250 11 to 19, 128 to 0
06-16 23:48:45.852  1909  1973 I ActivityManager: Start proc 5444:com.samsung.android.lool/1000 for broadcast {com.samsung.android.lool/com.samsung.android.sm.security.model.trigger.SecurityBridgeReceiver}
06-16 23:48:45.852  1909  1973 I ActivityManager: ProcessObserver broadcast disabled
06-16 23:48:52.135  1909  2720 I ActivityManager: Changes in 99137 15 to 3, 0 to 184
06-16 23:48:55.818  1909  1972 I ActivityManager: Waited long enough for: ServiceRecord{e6118e9 u0 com.samsung.android.spay/.wearablewallet.lcm.WatchLongLifeLog c:com.samsung.android.spay}
06-16 23:49:02.206  1909  2870 I ActivityManager: Changes in 99137 3 to 10, 184 to 0
06-16 23:49:04.053  1909  1965 I ActivityManager: Changes in 10147 5 to 2, 184 to 255
06-16 23:49:04.640  1909  1965 I ActivityManager: Changes in 11050 2 to 15, 255 to 128
06-16 23:49:04.658  1909  2720 I ActivityManager: Changes in 99137 19 to 10, 0 to 128
06-16 23:49:04.693  1909  2720 I ActivityManager: Changes in 99137 15 to 15, 128 to 0
06-16 23:49:04.693  1909  2720 I ActivityManager: Changes in 11050 15 to 15, 128 to 0
06-16 23:49:05.307  1909  1973 I ActivityManager: Start proc 5601:com.samsung.android.sm.provider/1000 for content provider {com.samsung.android.lool/com.samsung.android.sm.database.SmProvider}
06-16 23:49:05.307  1909  1973 I ActivityManager: ProcessObserver broadcast disabled
06-16 23:49:05.871  1909  2720 I ActivityManager: Changes in 10147 2 to 5, 255 to 184
06-16 23:49:06.884  1909  2720 I ActivityManager: Changes in 10214 19 to 3, 0 to 144
06-16 23:49:06.932  1909  1973 I ActivityManager: Start proc 5662:com.samsung.android.voc/u0a329 for content provider {com.samsung.android.voc/com.samsung.android.voc.diagnosis.provider.SamsungMembersDiagnosisProvider}
06-16 23:49:06.932  1909  1973 I ActivityManager: ProcessObserver broadcast disabled
06-16 23:49:07.346  1909  3434 I ActivityManager: Changes in 10329 19 to 3, 0 to 144
06-16 23:49:12.959  1909  1971 I ActivityManager: Changes in 10214 3 to 15, 144 to 0
06-16 23:49:13.321  1909  1971 I ActivityManager: Changes in 10329 3 to 15, 144 to 0
06-16 23:49:14.678  1909  1965 I ActivityManager: Changes in 10147 5 to 2, 184 to 255
06-16 23:49:15.562  1909  1965 I ActivityManager: Changes in 99137 19 to 3, 0 to 184
06-16 23:49:15.571  1909  1965 I ActivityManager: Changes in 11050 16 to 2, 0 to 255
06-16 23:49:15.859  1909  1965 I ActivityManager: Changes in 10147 2 to 5, 255 to 184
06-16 23:49:25.691  1909  2720 I ActivityManager: Changes in 99137 3 to 10, 184 to 0
06-16 23:49:33.625  1909  1965 I ActivityManager: Changes in 10209 7 to 5, 128 to 255
06-16 23:49:33.666  1909  1973 I ActivityManager: Start proc 5806:com.samsung.android.samsungpassautofill/u0a207 for service {com.samsung.android.samsungpassautofill/com.samsung.android.samsungpassautofill.AutofillServiceMain}
06-16 23:49:33.666  1909  1973 I ActivityManager: ProcessObserver broadcast disabled
06-16 23:49:33.842  1909  2720 I ActivityManager: Changes in 10207 19 to 6, 0 to 128
06-16 23:49:33.851  1909  1973 I ActivityManager: Start proc 5835:com.osp.app.signin/u0a117 for content provider {com.osp.app.signin/com.samsung.android.samsungaccount.utils.accounts.AccountManagerProvider}
06-16 23:49:33.852  1909  1973 I ActivityManager: ProcessObserver broadcast disabled
06-16 23:49:33.875  1909  1973 I ActivityManager: Start proc 5836:com.samsung.android.samsungpass/u0a127 for content provider {com.samsung.android.samsungpass/com.samsung.android.samsungpass.passservice.provider.SamsungPassProvider}
06-16 23:49:33.875  1909  1973 I ActivityManager: ProcessObserver broadcast disabled
06-16 23:49:34.243  1909  3434 I ActivityManager: Changes in 10127 19 to 6, 0 to 128
06-16 23:49:34.247  1909  1973 I ActivityManager: Start proc 5943:com.samsung.android.authfw/5278 for service {com.samsung.android.authfw/com.samsung.android.authfw.pass.PassService}
06-16 23:49:34.247  1909  1973 I ActivityManager: ProcessObserver broadcast disabled
06-16 23:49:34.429  1909  4226 I ActivityManager: Changes in 99137 19 to 5, 0 to 184
06-16 23:49:34.429  1909  4226 I ActivityManager: Changes in 10117 19 to 5, 0 to 144
06-16 23:49:34.433  1909  4206 I ActivityManager: Changes in 5278 19 to 6, 0 to 128
06-16 23:49:37.526  1909  1965 I ActivityManager: Changes in 99137 5 to 6, 184 to 128
06-16 23:49:37.527  1909  1965 I ActivityManager: Changes in 10209 5 to 7, 255 to 128
06-16 23:49:37.527  1909  1965 I ActivityManager: Changes in 10117 5 to 6, 144 to 128
06-16 23:49:39.366  1909  1909 I ActivityManager: Changes in 10207 6 to 10, 128 to 0
06-16 23:49:39.366  1909  1909 I ActivityManager: Changes in 10127 6 to 10, 128 to 0
06-16 23:49:39.366  1909  1909 I ActivityManager: Changes in 5278 6 to 10, 128 to 0
06-16 23:49:40.397  1909  1971 I ActivityManager: Changes in 99137 7 to 15, 128 to 0
06-16 23:49:40.398  1909  1971 I ActivityManager: Changes in 10117 7 to 15, 128 to 0
06-16 23:50:06.122  1909  1965 I ActivityManager: Changes in 10147 5 to 2, 184 to 255
06-16 23:50:06.730  1909  1965 I ActivityManager: Changes in 11050 2 to 15, 255 to 128
06-16 23:50:06.792  1909  2720 I ActivityManager: Changes in 99137 19 to 10, 0 to 128
06-16 23:50:06.854  1909  2537 I ActivityManager: Changes in 99137 15 to 15, 128 to 0
06-16 23:50:06.855  1909  2537 I ActivityManager: Changes in 11050 15 to 15, 128 to 0
06-16 23:50:07.379  1909  2537 I ActivityManager: Changes in 10147 2 to 5, 255 to 184
06-16 23:50:07.788  1909  2537 I ActivityManager: Changes in 10214 19 to 3, 0 to 144
06-16 23:50:07.794  1909  2537 I ActivityManager: Changes in 10329 19 to 3, 0 to 144
06-16 23:50:13.803  1909  1971 I ActivityManager: Changes in 10329 3 to 15, 144 to 0
06-16 23:50:13.859  1909  1971 I ActivityManager: Changes in 10214 3 to 15, 144 to 0
06-16 23:50:15.366  1909  1965 I ActivityManager: Changes in 10147 5 to 2, 184 to 255
06-16 23:50:16.248  1909  1965 I ActivityManager: Changes in 99137 19 to 3, 0 to 184
06-16 23:50:16.250  1909  1965 I ActivityManager: Changes in 11050 16 to 2, 0 to 255
06-16 23:50:16.539  1909  1965 I ActivityManager: Changes in 10147 2 to 5, 255 to 184
06-16 23:50:26.438  1909  4226 I ActivityManager: Changes in 99137 3 to 10, 184 to 0
