--------- beginning of system
06-23 10:43:04.186  1909  1972 I ActivityManager: Changes in 10096 19 to 11, 0 to 128
06-23 10:43:14.201  1909  2065 I ActivityManager: Changes in 10096 19 to 19, 128 to 0
06-23 10:44:35.319  1909  1972 I ActivityManager: Changes in 10250 19 to 11, 0 to 128
06-23 10:44:35.322  1909  3050 I ActivityManager: Changes in 10250 11 to 19, 128 to 0
06-23 10:46:41.349  1909  1965 I ActivityManager: Changes in 10147 5 to 2, 184 to 255
06-23 10:46:41.941  1909  1965 I ActivityManager: Changes in 11064 2 to 15, 255 to 128
06-23 10:46:42.050  1909  2224 I ActivityManager: Changes in 11064 15 to 15, 128 to 0
06-23 10:46:42.867  1909  2749 I ActivityManager: Changes in 10147 2 to 5, 255 to 184
06-23 10:46:44.650  1909  4338 I ActivityManager: Changes in 10117 19 to 3, 0 to 144
06-23 10:46:46.204  1909  2867 I ActivityManager: Changes in 5009 19 to 5, 0 to 144
06-23 10:46:46.218  1909  3050 I ActivityManager: Changes in 10326 19 to 5, 0 to 144
06-23 10:46:46.224  1909  3050 I ActivityManager: Changes in 10224 19 to 5, 0 to 144
06-23 10:46:50.460  1909  2749 I ActivityManager: Changes in 10214 19 to 3, 0 to 144
06-23 10:46:50.470  1909  2749 I ActivityManager: Changes in 10329 19 to 3, 0 to 144
06-23 10:46:50.679  1909  1971 I ActivityManager: Changes in 10117 3 to 15, 144 to 0
06-23 10:46:52.287  1909  1971 I ActivityManager: Changes in 10326 5 to 15, 144 to 0
06-23 10:46:52.289  1909  1971 I ActivityManager: Changes in 10224 5 to 15, 144 to 0
06-23 10:46:52.325  1909  1971 I ActivityManager: Changes in 5009 5 to 15, 144 to 0
06-23 10:46:56.477  1909  1971 I ActivityManager: Changes in 10329 3 to 15, 144 to 0
06-23 10:46:56.529  1909  1971 I ActivityManager: Changes in 10214 3 to 15, 144 to 0
06-23 10:46:57.658  1909  1965 I ActivityManager: Changes in 10147 5 to 2, 184 to 255
06-23 10:46:58.385  1909  1965 I ActivityManager: Changes in 11064 16 to 2, 0 to 255
06-23 10:46:58.694  1909  1965 I ActivityManager: Changes in 10147 2 to 5, 255 to 184
06-23 10:46:58.742  1909  1973 I ActivityManager: Start proc 4842:com.google.android.partnersetup/u0a243 for service {com.google.android.partnersetup/com.google.android.partnersetup.InstalledAppJobService}
06-23 10:46:58.742  1909  1973 I ActivityManager: ProcessObserver broadcast disabled
06-23 10:46:58.921  1909  4211 I ActivityManager: Changes in 10243 19 to 8, 0 to 128
06-23 10:46:58.995  1909  4211 I ActivityManager: Changes in 10243 8 to 10, 128 to 0
06-23 10:46:59.028  1909  2065 I ActivityManager: Changes in 10243 19 to 8, 0 to 128
06-23 10:46:59.075  1909  3434 I ActivityManager: Changes in 10243 8 to 10, 128 to 0
06-23 10:46:59.178  1909  2065 I ActivityManager: Changes in 10243 19 to 8, 0 to 128
06-23 10:46:59.207  1909  3434 I ActivityManager: Changes in 10243 8 to 10, 128 to 0
06-23 10:46:59.314  1909  2065 I ActivityManager: Changes in 10243 19 to 8, 0 to 128
06-23 10:46:59.623  1909  4211 I ActivityManager: Changes in 10243 8 to 10, 128 to 0
06-23 10:47:00.006  1909  1972 I ActivityManager: Changes in 10251 19 to 11, 0 to 128
06-23 10:47:00.049  1909  1973 I ActivityManager: Start proc 4861:com.android.vending:background/u0a251 for broadcast {com.android.vending/com.google.android.finsky.packagemonitor.backgroundimpl.BackgroundPackageMonitorReceiverImpl$RegisteredReceiver}
06-23 10:47:00.052  1909  1973 I ActivityManager: ProcessObserver broadcast disabled
06-23 10:47:00.054  1909  1973 W ActivityManager: Slow operation: 51ms so far, now at startProcess: done updating pids map
06-23 10:47:00.101  1909  1973 I ActivityManager: Start proc 4876:com.google.android.apps.turbo:aab/u0a250 for service {com.google.android.apps.turbo/com.google.android.libraries.smartbattery.appusage.library.InferAppBucketsJob}
06-23 10:47:00.101  1909  1973 I ActivityManager: ProcessObserver broadcast disabled
--------- beginning of main
06-23 10:47:00.126  1909  1909 E ActivityManager: Sending non-protected broadcast com.samsung.intent.action.ONGOING_ACTIVITY_LIST_CHANGED from system 1909:system/1000 pkg android
06-23 10:47:00.126  1909  1909 E ActivityManager: java.lang.Throwable
06-23 10:47:00.126  1909  1909 E ActivityManager: 	at com.android.server.am.BroadcastController.checkBroadcastFromSystem(qb/108940926 802103cef46cde14cb0d3b748d2076734c471a17d4b8e991ffa01c0e15de42a9:252)
06-23 10:47:00.126  1909  1909 E ActivityManager: 	at com.android.server.am.BroadcastController.broadcastIntentLockedTraced(qb/108940926 802103cef46cde14cb0d3b748d2076734c471a17d4b8e991ffa01c0e15de42a9:344)
06-23 10:47:00.126  1909  1909 E ActivityManager: 	at com.android.server.am.BroadcastController.broadcastIntentLocked(qb/108940926 802103cef46cde14cb0d3b748d2076734c471a17d4b8e991ffa01c0e15de42a9:18)
06-23 10:47:00.126  1909  1909 E ActivityManager: 	at com.android.server.am.ActivityManagerService.broadcastIntentWithFeature(qb/108940926 802103cef46cde14cb0d3b748d2076734c471a17d4b8e991ffa01c0e15de42a9:149)
06-23 10:47:00.126  1909  1909 E ActivityManager: 	at android.app.ContextImpl.sendBroadcastAsUser(ContextImpl.java:1611)
06-23 10:47:00.126  1909  1909 E ActivityManager: 	at android.app.ContextImpl.sendBroadcastAsUser(ContextImpl.java:1582)
06-23 10:47:00.126  1909  1909 E ActivityManager: 	at com.android.server.notification.NotificationManagerService$2.onReceive$com$android$server$notification$NotificationManagerService$9(qb/108940926 802103cef46cde14cb0d3b748d2076734c471a17d4b8e991ffa01c0e15de42a9:1049)
06-23 10:47:00.126  1909  1909 E ActivityManager: 	at com.android.server.notification.NotificationManagerService$2.onReceive(qb/108940926 802103cef46cde14cb0d3b748d2076734c471a17d4b8e991ffa01c0e15de42a9:261)
06-23 10:47:00.126  1909  1909 E ActivityManager: 	at android.app.LoadedApk$ReceiverDispatcher$Args.lambda$getRunnable$0(LoadedApk.java:1981)
06-23 10:47:00.126  1909  1909 E ActivityManager: 	at android.app.LoadedApk$ReceiverDispatcher$Args.$r8$lambda$mcNAAl1SQ4MyJPyDg8TJ2x2h0Rk(LoadedApk.java:0)
06-23 10:47:00.126  1909  1909 E ActivityManager: 	at android.app.LoadedApk$ReceiverDispatcher$Args$$ExternalSyntheticLambda0.run(D8$$SyntheticClass:0)
06-23 10:47:00.126  1909  1909 E ActivityManager: 	at android.os.Handler.handleCallback(Handler.java:995)
06-23 10:47:00.126  1909  1909 E ActivityManager: 	at android.os.Handler.dispatchMessage(Handler.java:103)
06-23 10:47:00.126  1909  1909 E ActivityManager: 	at android.os.Looper.loopOnce(Looper.java:273)
06-23 10:47:00.126  1909  1909 E ActivityManager: 	at android.os.Looper.loop(Looper.java:363)
06-23 10:47:00.126  1909  1909 E ActivityManager: 	at com.android.server.SystemServer.main(qb/108940926 802103cef46cde14cb0d3b748d2076734c471a17d4b8e991ffa01c0e15de42a9:867)
06-23 10:47:00.126  1909  1909 E ActivityManager: 	at java.lang.reflect.Method.invoke(Native Method)
06-23 10:47:00.126  1909  1909 E ActivityManager: 	at com.android.internal.os.RuntimeInit$MethodAndArgsCaller.run(RuntimeInit.java:632)
06-23 10:47:00.126  1909  1909 E ActivityManager: 	at com.android.internal.os.ZygoteInit.main(ZygoteInit.java:953)
06-23 10:47:00.243  1909  3050 I ActivityManager: Changes in 10251 11 to 19, 128 to 0
06-23 10:47:00.276  1909  4338 I ActivityManager: Changes in 10250 19 to 8, 0 to 128
06-23 10:47:00.501  1909  2870 I ActivityManager: Changes in 10251 19 to 11, 0 to 128
06-23 10:47:00.766  1909  2867 I ActivityManager: Changes in 10251 11 to 19, 128 to 0
06-23 10:47:00.913  1909  2867 I ActivityManager: Changes in 10250 8 to 10, 128 to 0
06-23 10:47:17.480  1909  1972 I ActivityManager: Killing 32357:com.sec.android.app.shealth:remote/u0a328 (adj 975): empty #25
06-23 10:47:17.483  1909  1972 I ActivityManager: Killing 32196:com.samsung.cmh/5004 (adj 975): empty #26
06-23 10:47:58.100  1909  1973 I ActivityManager: Start proc 5031:com.samsung.android.networkdiagnostic/5023 for broadcast {com.samsung.android.networkdiagnostic/com.samsung.android.networkdiagnostic.receiver.NetworkDiagnosticReceiver}
06-23 10:47:58.100  1909  1973 I ActivityManager: ProcessObserver broadcast disabled
06-23 10:47:58.287  1909  2720 I ActivityManager: Changes in 5023 19 to 11, 0 to 128
06-23 10:47:58.316  1909  2870 I ActivityManager: Killing 4098:com.android.providers.calendar/u0a115 (adj 965): empty #25
06-23 10:47:58.317  1909  2870 I ActivityManager: Changes in 5023 11 to 19, 128 to 0
06-23 10:47:58.381  1909  4343 I ActivityManager: Changes in 5023 19 to 8, 0 to 128
06-23 10:47:58.536  1909  4343 I ActivityManager: Changes in 5023 8 to 10, 128 to 0
06-23 10:47:58.789  1909  2065 I ActivityManager: Changes in 5023 19 to 8, 0 to 128
06-23 10:47:58.886  1909  3698 I ActivityManager: Changes in 5023 8 to 10, 128 to 0
06-23 10:49:36.798  1909  1972 I ActivityManager: Changes in 10250 19 to 11, 0 to 128
06-23 10:49:36.802  1909  3698 I ActivityManager: Changes in 10250 11 to 19, 128 to 0
06-23 10:54:38.304  1909  1972 I ActivityManager: Changes in 10250 19 to 11, 0 to 128
06-23 10:54:38.309  1909  2720 I ActivityManager: Changes in 10250 11 to 19, 128 to 0
06-23 10:54:48.065  1909  1973 I ActivityManager: Start proc 5177:com.lguplus.appstore/u0a99 for service {com.lguplus.appstore/androidx.work.impl.background.systemjob.SystemJobService}
06-23 10:54:48.065  1909  1973 I ActivityManager: ProcessObserver broadcast disabled
06-23 10:54:48.101  1909  1973 I ActivityManager: Start proc 5191:com.google.android.googlequicksearchbox:search/u0a253 for broadcast {com.google.android.googlequicksearchbox/com.google.android.libraries.search.gcm.search.SearchProcessGcmBroadcastReceiver_Receiver}
06-23 10:54:48.101  1909  1973 I ActivityManager: ProcessObserver broadcast disabled
06-23 10:54:48.375  1909  2749 I ActivityManager: Changes in 10099 19 to 8, 0 to 128
06-23 10:54:48.405  1909  2749 I ActivityManager: Changes in 10251 19 to 8, 0 to 128
06-23 10:54:48.444  1909  1973 I ActivityManager: Start proc 5264:com.sec.android.provider.badge/u0a55 for broadcast {com.sec.android.provider.badge/com.sec.android.provider.badge.BadgeCountReceiver}
06-23 10:54:48.444  1909  1973 I ActivityManager: ProcessObserver broadcast disabled
06-23 10:54:48.452  1909  3698 I ActivityManager: Changes in 10251 8 to 10, 128 to 0
06-23 10:54:48.452  1909  3698 I ActivityManager: Changes in 10099 8 to 10, 128 to 0
06-23 10:54:48.474  1909  4343 I ActivityManager: Killing 31855:com.samsung.android.authfw/5278 (adj 965): empty #25
06-23 10:54:48.488  1909  3698 I ActivityManager: Killing 4139:com.samsung.android.stickercenter/1000 (adj 955): empty #25
06-23 10:54:48.521  1909  2720 W ActivityManager: Scheduling restart of crashed service com.samsung.android.authfw/.pass.PassService in 1000ms for connection
06-23 10:54:48.536  1909  2870 I ActivityManager: Changes in 10055 19 to 11, 0 to 128
06-23 10:54:48.570  1909  2720 I ActivityManager: Changes in 10055 11 to 5, 128 to 144
06-23 10:54:48.573  1909  2870 W ActivityManager: Scheduling restart of crashed service com.samsung.android.stickercenter/.StickerCenterService in 10948ms for connection
06-23 10:54:49.544  1909  1973 I ActivityManager: Start proc 5284:com.samsung.android.authfw/5278 for service {com.samsung.android.authfw/com.samsung.android.authfw.pass.PassService}
06-23 10:54:49.545  1909  1973 I ActivityManager: ProcessObserver broadcast disabled
06-23 10:54:49.714  1909  3050 I ActivityManager: Killing 3948:com.samsung.android.samsungpass/u0a127 (adj 955): empty #25
06-23 10:54:54.602  1909  1971 I ActivityManager: Changes in 10055 5 to 15, 144 to 0
06-23 10:54:59.544  1909  1973 I ActivityManager: Start proc 5300:com.samsung.android.stickercenter/1000 for service {com.samsung.android.stickercenter/com.samsung.android.stickercenter.StickerCenterService}
06-23 10:54:59.544  1909  1973 I ActivityManager: ProcessObserver broadcast disabled
06-23 10:54:59.676  1909  2870 I ActivityManager: Killing 3982:com.samsung.android.calendar/u0a222 (adj 945): empty #25
06-23 10:55:14.606  1909  1972 I ActivityManager: Killing 3997:com.sec.android.app.sbrowser/u0a330 (adj 945): empty #25
06-23 10:57:12.473  1909  1973 I ActivityManager: Start proc 5348:com.samsung.android.smartface/1000 for service {com.samsung.android.smartface/com.samsung.android.smartface.SmartFaceServiceStarter}
06-23 10:57:12.473  1909  1973 I ActivityManager: ProcessObserver broadcast disabled
06-23 10:57:13.687  1909  4338 I ActivityManager: Killing 4016:com.samsung.android.aremoji/u0a50 (adj 935): empty #25
06-23 10:57:35.648  1909  1965 I ActivityManager: Changes in 11064 2 to 12, 255 to 128
06-23 10:57:36.046  1909  1972 I ActivityManager: Changes in 5006 8 to 8, 0 to 128
06-23 10:57:36.052  1909  2720 I ActivityManager: Changes in 5006 8 to 8, 128 to 0
06-23 10:57:36.055  1909  1972 I ActivityManager: Changes in 5025 8 to 8, 0 to 128
06-23 10:57:36.060  1909  4174 I ActivityManager: Changes in 5025 8 to 8, 128 to 0
06-23 10:57:36.084  1909  1972 I ActivityManager: Changes in 10108 10 to 10, 0 to 128
06-23 10:57:36.204  1909  4174 I ActivityManager: Changes in 10108 10 to 10, 128 to 0
06-23 10:57:36.222  1909  1972 I ActivityManager: Changes in 10096 19 to 11, 0 to 128
06-23 10:57:36.227  1909  2870 I ActivityManager: Changes in 10096 11 to 19, 128 to 0
06-23 10:59:36.628  1909  1972 I ActivityManager: Changes in 10096 19 to 11, 0 to 128
06-23 10:59:36.645  1909  1973 I ActivityManager: Start proc 5603:com.samsung.android.game.gos/u0a76 for service {com.samsung.android.game.gos/com.samsung.android.game.gos.service.MainIntentService}
06-23 10:59:36.650  1909  1973 I ActivityManager: ProcessObserver broadcast disabled
06-23 10:59:36.682  1909  4174 I ActivityManager: Changes in 10096 11 to 19, 128 to 0
06-23 10:59:36.797  1909  1972 I ActivityManager: Changes in 10251 19 to 11, 0 to 128
06-23 10:59:36.798  1909  1909 E ActivityManager: Sending non-protected broadcast com.samsung.intent.action.ONGOING_ACTIVITY_LIST_CHANGED from system 1909:system/1000 pkg android
06-23 10:59:36.798  1909  1909 E ActivityManager: java.lang.Throwable
06-23 10:59:36.798  1909  1909 E ActivityManager: 	at com.android.server.am.BroadcastController.checkBroadcastFromSystem(qb/108940926 802103cef46cde14cb0d3b748d2076734c471a17d4b8e991ffa01c0e15de42a9:252)
06-23 10:59:36.798  1909  1909 E ActivityManager: 	at com.android.server.am.BroadcastController.broadcastIntentLockedTraced(qb/108940926 802103cef46cde14cb0d3b748d2076734c471a17d4b8e991ffa01c0e15de42a9:344)
06-23 10:59:36.798  1909  1909 E ActivityManager: 	at com.android.server.am.BroadcastController.broadcastIntentLocked(qb/108940926 802103cef46cde14cb0d3b748d2076734c471a17d4b8e991ffa01c0e15de42a9:18)
06-23 10:59:36.798  1909  1909 E ActivityManager: 	at com.android.server.am.ActivityManagerService.broadcastIntentWithFeature(qb/108940926 802103cef46cde14cb0d3b748d2076734c471a17d4b8e991ffa01c0e15de42a9:149)
06-23 10:59:36.798  1909  1909 E ActivityManager: 	at android.app.ContextImpl.sendBroadcastAsUser(ContextImpl.java:1611)
06-23 10:59:36.798  1909  1909 E ActivityManager: 	at android.app.ContextImpl.sendBroadcastAsUser(ContextImpl.java:1582)
06-23 10:59:36.798  1909  1909 E ActivityManager: 	at com.android.server.notification.NotificationManagerService$2.onReceive$com$android$server$notification$NotificationManagerService$9(qb/108940926 802103cef46cde14cb0d3b748d2076734c471a17d4b8e991ffa01c0e15de42a9:1049)
06-23 10:59:36.798  1909  1909 E ActivityManager: 	at com.android.server.notification.NotificationManagerService$2.onReceive(qb/108940926 802103cef46cde14cb0d3b748d2076734c471a17d4b8e991ffa01c0e15de42a9:261)
06-23 10:59:36.798  1909  1909 E ActivityManager: 	at android.app.LoadedApk$ReceiverDispatcher$Args.lambda$getRunnable$0(LoadedApk.java:1981)
06-23 10:59:36.798  1909  1909 E ActivityManager: 	at android.app.LoadedApk$ReceiverDispatcher$Args.$r8$lambda$mcNAAl1SQ4MyJPyDg8TJ2x2h0Rk(LoadedApk.java:0)
06-23 10:59:36.798  1909  1909 E ActivityManager: 	at android.app.LoadedApk$ReceiverDispatcher$Args$$ExternalSyntheticLambda0.run(D8$$SyntheticClass:0)
06-23 10:59:36.798  1909  1909 E ActivityManager: 	at android.os.Handler.handleCallback(Handler.java:995)
06-23 10:59:36.798  1909  1909 E ActivityManager: 	at android.os.Handler.dispatchMessage(Handler.java:103)
06-23 10:59:36.798  1909  1909 E ActivityManager: 	at android.os.Looper.loopOnce(Looper.java:273)
06-23 10:59:36.798  1909  1909 E ActivityManager: 	at android.os.Looper.loop(Looper.java:363)
06-23 10:59:36.798  1909  1909 E ActivityManager: 	at com.android.server.SystemServer.main(qb/108940926 802103cef46cde14cb0d3b748d2076734c471a17d4b8e991ffa01c0e15de42a9:867)
06-23 10:59:36.798  1909  1909 E ActivityManager: 	at java.lang.reflect.Method.invoke(Native Method)
06-23 10:59:36.798  1909  1909 E ActivityManager: 	at com.android.internal.os.RuntimeInit$MethodAndArgsCaller.run(RuntimeInit.java:632)
06-23 10:59:36.798  1909  1909 E ActivityManager: 	at com.android.internal.os.ZygoteInit.main(ZygoteInit.java:953)
06-23 10:59:37.513  1909  2749 I ActivityManager: Changes in 10251 11 to 19, 128 to 0
06-23 11:00:13.220  1909  2749 I ActivityManager: Killing 3225:com.osp.app.signin/u0a117 (adj 985): empty #25
06-23 11:03:01.170  1909  1972 I ActivityManager: Changes in 10108 10 to 10, 0 to 128
06-23 11:03:01.174  1909  4407 I ActivityManager: Changes in 10108 10 to 10, 128 to 0
06-23 11:03:04.201  1909  1972 I ActivityManager: Changes in 10096 19 to 11, 0 to 128
06-23 11:04:24.916  1909  2065 I ActivityManager: Changes in 10096 19 to 19, 128 to 0
06-23 11:14:50.598  1909  1973 W ActivityManager: Slow operation: 57ms so far, now at startProcess: returned from zygote!
06-23 11:14:50.599  1909  1973 W ActivityManager: Slow operation: 58ms so far, now at startProcess: done updating battery stats
06-23 11:14:50.600  1909  1973 W ActivityManager: Slow operation: 59ms so far, now at startProcess: building log message
06-23 11:14:50.600  1909  1973 I ActivityManager: Start proc 5718:com.samsung.android.privacydashboard/u0a107 for content provider {com.samsung.android.privacydashboard/com.samsung.android.privacydashboard.provider.PermissionAccessInformationContentProvider}
06-23 11:14:50.600  1909  1973 W ActivityManager: Slow operation: 59ms so far, now at startProcess: starting to update pids map
06-23 11:14:50.601  1909  1973 I ActivityManager: ProcessObserver broadcast disabled
06-23 11:14:50.601  1909  1973 W ActivityManager: Slow operation: 61ms so far, now at startProcess: done updating pids map
06-23 11:14:50.868  1909  3698 I ActivityManager: Changes in 10107 19 to 5, 0 to 144
06-23 11:16:01.225  1909  1971 I ActivityManager: Changes in 10107 5 to 15, 144 to 0
06-23 11:16:37.786  1909  1972 I ActivityManager: Changes in 5006 8 to 8, 0 to 128
06-23 11:16:37.823  1909  1972 I ActivityManager: Changes in 5025 8 to 8, 0 to 128
06-23 11:16:37.880  1909  3434 I ActivityManager: Changes in 5006 8 to 8, 128 to 0
06-23 11:16:37.932  1909  4407 I ActivityManager: Changes in 5025 8 to 8, 128 to 0
06-23 11:16:37.967  1909  1972 I ActivityManager: Changes in 10108 10 to 10, 0 to 128
06-23 11:16:37.997  1909  3050 I ActivityManager: Changes in 10108 10 to 10, 128 to 0
06-23 11:16:38.078  1909  1972 I ActivityManager: Changes in 10096 19 to 11, 0 to 128
06-23 11:16:38.147  1909  3050 I ActivityManager: Changes in 10096 11 to 19, 128 to 0
06-23 11:16:38.148  1909  1973 I ActivityManager: Start proc 5832:com.osp.app.signin/u0a117 for content provider {com.osp.app.signin/com.samsung.android.samsungaccount.utils.accounts.AccountManagerProvider}
06-23 11:16:38.148  1909  1973 I ActivityManager: ProcessObserver broadcast disabled
06-23 11:16:38.341  1909  1973 I ActivityManager: Start proc 5864:com.samsung.android.app.aodservice/u0a53 for content provider {com.samsung.android.app.aodservice/com.samsung.android.app.aodservice.settings.provider.SALoggingContentProvider}
06-23 11:16:38.341  1909  1973 I ActivityManager: ProcessObserver broadcast disabled
06-23 11:16:38.538  1909  3434 I ActivityManager: Changes in 10117 19 to 5, 0 to 144
06-23 11:16:39.726  1909  1965 I ActivityManager: Changes in 11064 12 to 2, 128 to 255
06-23 11:16:39.869  1909  1973 I ActivityManager: Start proc 5950:com.sec.android.daemonapp/u0a215 for broadcast {com.sec.android.daemonapp/com.sec.android.daemonapp.receiver.SystemReceiver}
06-23 11:16:39.877  1909  1973 I ActivityManager: ProcessObserver broadcast disabled
06-23 11:16:40.629  1909  4211 I ActivityManager: Changes in 10215 11 to 11, 0 to 128
06-23 11:16:40.649  1909  1973 I ActivityManager: Start proc 6007:com.samsung.android.privateaccesstokens/u0a198 for broadcast {com.samsung.android.privateaccesstokens/com.samsung.android.privateaccesstokens.components.receivers.PatReceiver}
06-23 11:16:40.649  1909  1973 I ActivityManager: ProcessObserver broadcast disabled
06-23 11:16:40.662  1909  4407 I ActivityManager: Changes in 10108 10 to 10, 0 to 128
06-23 11:16:40.674  1909  4174 I ActivityManager: Changes in 10215 11 to 19, 128 to 0
06-23 11:16:40.674  1909  4174 I ActivityManager: Changes in 10108 10 to 10, 128 to 0
06-23 11:16:40.775  1909  4407 I ActivityManager: Changes in 10198 19 to 11, 0 to 128
06-23 11:16:40.785  1909  2224 I ActivityManager: Killing 3983:com.samsung.android.app.notes/u0a326 (adj 975): empty #25
06-23 11:16:40.786  1909  2224 I ActivityManager: Changes in 10198 11 to 19, 128 to 0
06-23 11:16:40.927  1909  2224 I ActivityManager: Changes in 10215 19 to 8, 0 to 128
06-23 11:16:40.927  1909  2224 I ActivityManager: Changes in 10108 10 to 8, 0 to 128
06-23 11:16:41.150  1909  2065 I ActivityManager: Changes in 10099 19 to 8, 0 to 128
06-23 11:16:41.193  1909  3050 I ActivityManager: Changes in 10099 8 to 10, 128 to 0
06-23 11:16:42.921  1909  1965 I ActivityManager: Changes in 10147 5 to 2, 184 to 255
06-23 11:16:43.517  1909  1965 I ActivityManager: Changes in 11064 2 to 15, 255 to 128
06-23 11:16:43.637  1909  4174 I ActivityManager: Changes in 11064 15 to 15, 128 to 0
06-23 11:16:44.493  1909  1971 I ActivityManager: Changes in 10117 5 to 15, 144 to 0
06-23 11:16:46.149  1909  1973 I ActivityManager: Start proc 6080:com.eonsoft.ScreenON/u0a275 for activelaunch {com.eonsoft.ScreenON/com.eonsoft.ScreenON.MainActivity}
06-23 11:16:46.149  1909  1973 I ActivityManager: ProcessObserver broadcast disabled
06-23 11:16:46.246  1909  4174 I ActivityManager: Changes in 10275 7 to 2, 0 to 255
06-23 11:16:46.376  1909  1965 I ActivityManager: Changes in 10302 6 to 2, 128 to 255
06-23 11:16:46.568  6150  6150 E libc    : SetHeapTaggingLevel: re-enabling tagging after it was disabled is not supported
06-23 11:16:46.592  1909  4407 W ActivityManager: Slow operation: 73ms so far, now at startProcess: done updating battery stats
06-23 11:16:46.592  1909  4407 W ActivityManager: Slow operation: 73ms so far, now at startProcess: building log message
06-23 11:16:46.592  1909  4407 I ActivityManager: Start proc 6150:com.google.android.webview:sandboxed_process0:org.chromium.content.app.SandboxedProcessService0:0/u0i214 for  {com.eonsoft.ScreenON/org.chromium.content.app.SandboxedProcessService0:0}
06-23 11:16:46.592  1909  4407 W ActivityManager: Slow operation: 73ms so far, now at startProcess: starting to update pids map
06-23 11:16:46.597  1909  1973 W ActivityManager: Slow operation: 77ms so far, now at startProcess: returned from zygote!
06-23 11:16:46.605  1909  4407 I ActivityManager: ProcessObserver broadcast disabled
06-23 11:16:46.605  1909  4407 W ActivityManager: Slow operation: 86ms so far, now at startProcess: done updating pids map
06-23 11:16:46.642  1909  2749 I ActivityManager: Changes in 10302 2 to 6, 255 to 128
06-23 11:16:46.664  1909  1965 I ActivityManager: Changes in 10147 2 to 5, 255 to 184
06-23 11:16:46.665  1909  4174 I ActivityManager: Changes in 99214 19 to 3, 0 to 184
06-23 11:16:46.743  1909  1971 I ActivityManager: Changes in 10108 8 to 10, 128 to 0
06-23 11:16:47.172  1909  3434 I ActivityManager: Changes in 10251 19 to 3, 0 to 184
06-23 11:16:47.504  1909  1973 I ActivityManager: Start proc 6349:com.google.android.webview:sandboxed_process0:org.chromium.content.app.SandboxedProcessService0:0/u0i215 for  {com.google.android.gms/org.chromium.content.app.SandboxedProcessService0:0}
06-23 11:16:47.504  1909  1973 I ActivityManager: ProcessObserver broadcast disabled
06-23 11:16:47.507  6349  6349 E libc    : SetHeapTaggingLevel: re-enabling tagging after it was disabled is not supported
06-23 11:16:47.552  1909  3698 I ActivityManager: Changes in 99215 19 to 3, 0 to 184
06-23 11:16:48.771  1909  1965 I ActivityManager: Changes in 10147 5 to 2, 184 to 255
06-23 11:16:48.772  1909  1965 I ActivityManager: updateOomAdj start time is before than pendingPid added, don't delete it
06-23 11:16:49.071  1909  1973 I ActivityManager: Start proc 6441:com.google.android.webview:webview_service/u0a263 for service {com.google.android.webview/org.chromium.android_webview.services.VariationsSeedServer}
06-23 11:16:49.071  1909  1973 I ActivityManager: ProcessObserver broadcast disabled
06-23 11:16:49.179  1909  2749 I ActivityManager: Changes in 10263 19 to 3, 0 to 184
06-23 11:16:49.196  1909  4211 I ActivityManager: Changes in 10263 3 to 19, 184 to 0
06-23 11:16:49.328  1909  1965 I ActivityManager: Changes in 99214 3 to 6, 184 to 128
06-23 11:16:49.328  1909  1965 I ActivityManager: Changes in 10275 2 to 6, 255 to 128
06-23 11:16:49.349  1909  2870 I ActivityManager: Changes in 99214 6 to 6, 128 to 0
06-23 11:16:49.349  1909  2870 I ActivityManager: Changes in 10275 6 to 6, 128 to 0
06-23 11:16:49.541  1909  1965 I ActivityManager: Changes in 11064 16 to 2, 0 to 255
06-23 11:16:49.865  1909  1965 I ActivityManager: Changes in 10147 2 to 5, 255 to 184
06-23 11:16:49.997  1909  4211 I ActivityManager: Changes in 10263 19 to 3, 0 to 184
06-23 11:16:50.005  1909  4211 I ActivityManager: Changes in 10263 3 to 10, 184 to 0
06-23 11:16:50.703  1909  1973 I ActivityManager: Start proc 6522:com.android.chrome/u0a266 for service {com.android.chrome/org.chromium.chrome.browser.customtabs.CustomTabsConnectionService}
06-23 11:16:50.703  1909  1973 I ActivityManager: ProcessObserver broadcast disabled
06-23 11:16:51.329  1909  1973 I ActivityManager: Start proc 6567:com.android.chrome:privileged_process0/u0a266 for service {com.android.chrome/org.chromium.content.app.PrivilegedProcessService0}
06-23 11:16:51.329  1909  1973 I ActivityManager: ProcessObserver broadcast disabled
06-23 11:16:51.985  1909  1973 W ActivityManager: Slow operation: 143ms so far, now at startProcess: returned from zygote!
06-23 11:16:51.985  1909  1973 W ActivityManager: Slow operation: 143ms so far, now at startProcess: done updating battery stats
06-23 11:16:51.985  1909  1973 W ActivityManager: Slow operation: 144ms so far, now at startProcess: building log message
06-23 11:16:51.985  1909  1973 I ActivityManager: Start proc 6649:com.android.chrome:sandboxed_process0:org.chromium.content.app.SandboxedProcessService0:0/u0ai0 for  {com.android.chrome/org.chromium.content.app.SandboxedProcessService0:0}
06-23 11:16:51.985  1909  1973 W ActivityManager: Slow operation: 144ms so far, now at startProcess: starting to update pids map
06-23 11:16:51.985  1909  1973 I ActivityManager: ProcessObserver broadcast disabled
06-23 11:16:51.985  1909  1973 W ActivityManager: Slow operation: 144ms so far, now at startProcess: done updating pids map
06-23 11:16:51.987  6649  6649 E libc    : SetHeapTaggingLevel: re-enabling tagging after it was disabled is not supported
06-23 11:16:52.042  1909  3434 I ActivityManager: Killing 3945:com.samsung.android.app.reminder/u0a224 (adj 975): empty #25
06-23 11:16:55.066  1909  1972 I ActivityManager: Killing 32594:com.samsung.android.sm.provider/1000 (adj 975): empty #25
06-23 11:16:59.583  1909  2867 I ActivityManager: Changes in 99215 3 to 6, 184 to 0
06-23 11:16:59.584  1909  2867 I ActivityManager: Changes in 10251 3 to 6, 184 to 0
06-23 11:17:01.420  1909  2867 I ActivityManager: Changes in 10215 8 to 10, 128 to 0
06-23 11:17:01.424  1909  3698 I ActivityManager: Killing 3547:com.samsung.android.sm.devicesecurity/u0a214 (adj 965): empty #25
06-23 11:17:04.494  1909  1972 I ActivityManager: Killing 3549:com.samsung.android.voc/u0a329 (adj 965): empty #25
06-23 11:17:05.494  1909  1972 I ActivityManager: Killing 4842:com.google.android.partnersetup/u0a243 (adj 965): empty #25
06-23 11:17:07.839  1909  1972 I ActivityManager: Changes in 10250 19 to 11, 0 to 128
06-23 11:17:07.843  1909  2224 I ActivityManager: Changes in 10250 11 to 19, 128 to 0
06-23 11:21:39.176  1909  1972 I ActivityManager: Changes in 10250 19 to 11, 0 to 128
06-23 11:21:39.178  1909  4407 I ActivityManager: Changes in 10250 11 to 19, 128 to 0
06-23 11:21:43.015  1909  1972 I ActivityManager: Changes in 10096 19 to 11, 0 to 128
06-23 11:21:43.030  1909  3698 I ActivityManager: Changes in 99215 6 to 5, 0 to 184
06-23 11:21:43.030  1909  3698 I ActivityManager: Changes in 10251 6 to 5, 0 to 184
06-23 11:21:53.029  1909  2065 I ActivityManager: Changes in 10096 19 to 19, 128 to 0
06-23 11:21:58.066  1909  2749 I ActivityManager: Changes in 99215 5 to 10, 184 to 0
06-23 11:21:58.066  1909  2749 I ActivityManager: Changes in 10251 5 to 10, 184 to 0
06-23 11:21:58.074  1909  2749 I ActivityManager: Killing 5031:com.samsung.android.networkdiagnostic/5023 (adj 955): empty #25
06-23 11:21:58.077  1909  2749 I ActivityManager: Killing 4876:com.google.android.apps.turbo:aab/u0a250 (adj 955): empty #26
06-23 11:21:58.081  1909  2749 I ActivityManager: Killing 5264:com.sec.android.provider.badge/u0a55 (adj 945): empty #25
06-23 11:22:05.049  1909  1972 I ActivityManager: Changes in 10096 19 to 11, 0 to 128
06-23 11:22:10.606  1909  2065 I ActivityManager: Changes in 5009 19 to 8, 0 to 128
06-23 11:22:10.644  1909  2870 I ActivityManager: Changes in 99215 10 to 5, 0 to 184
06-23 11:22:10.910  1909  2867 I ActivityManager: Changes in 5009 8 to 10, 128 to 0
06-23 11:22:15.054  1909  2065 I ActivityManager: Changes in 10096 19 to 19, 128 to 0
06-23 11:22:25.728  1909  2867 I ActivityManager: Changes in 99215 5 to 10, 184 to 0
06-23 11:26:10.514  1909  1972 I ActivityManager: Changes in 10250 19 to 11, 0 to 128
06-23 11:26:10.516  1909  2776 I ActivityManager: Changes in 10250 11 to 19, 128 to 0
06-23 11:28:13.054  1909  1972 I ActivityManager: Changes in 10096 19 to 11, 0 to 128
06-23 11:28:13.061  1909  2867 I ActivityManager: Changes in 10096 11 to 19, 128 to 0
06-23 11:29:14.595  1909  1973 I ActivityManager: Start proc 7067:com.skt.skaf.OA00018282/u0a104 for content provider {com.skt.skaf.OA00018282/com.onestore.utils.ApiContentProvider}
06-23 11:29:14.595  1909  1973 I ActivityManager: ProcessObserver broadcast disabled
06-23 11:29:15.867  1909  2867 I ActivityManager: Killing 5284:com.samsung.android.authfw/5278 (adj 945): empty #25
06-23 11:31:11.986  1909  1972 I ActivityManager: Changes in 10250 19 to 11, 0 to 128
06-23 11:31:11.988  1909  3698 I ActivityManager: Changes in 10250 11 to 19, 128 to 0
06-23 11:31:41.355  1909  2065 I ActivityManager: Changes in 10099 19 to 8, 0 to 128
06-23 11:31:41.369  1909  2224 I ActivityManager: Changes in 10099 8 to 10, 128 to 0
06-23 11:35:43.568  1909  1972 I ActivityManager: Changes in 10250 19 to 11, 0 to 128
06-23 11:35:43.570  1909  2867 I ActivityManager: Changes in 10250 11 to 19, 128 to 0
06-23 11:37:15.532  1909  1972 I ActivityManager: Changes in 10108 10 to 10, 0 to 128
06-23 11:37:15.538  1909  2867 I ActivityManager: Changes in 10108 10 to 10, 128 to 0
06-23 11:40:14.892  1909  1972 I ActivityManager: Changes in 10250 19 to 11, 0 to 128
06-23 11:40:14.894  1909  2867 I ActivityManager: Changes in 10250 11 to 19, 128 to 0
06-23 11:41:43.023  1909  1972 I ActivityManager: Changes in 10096 19 to 11, 0 to 128
06-23 11:41:43.039  1909  2224 I ActivityManager: Changes in 99215 19 to 5, 0 to 184
06-23 11:41:53.038  1909  2065 I ActivityManager: Changes in 10096 19 to 19, 128 to 0
06-23 11:41:58.107  1909  2776 I ActivityManager: Changes in 99215 5 to 10, 184 to 0
06-23 11:45:16.382  1909  1972 I ActivityManager: Changes in 10250 19 to 11, 0 to 128
06-23 11:45:16.384  1909  3434 I ActivityManager: Changes in 10250 11 to 19, 128 to 0
06-23 11:45:43.072  1909  1972 I ActivityManager: Changes in 10096 19 to 11, 0 to 128
06-23 11:45:43.086  1909  3434 I ActivityManager: Changes in 10096 11 to 19, 128 to 0
06-23 11:45:43.116  1909  3698 I ActivityManager: Changes in 99215 19 to 5, 0 to 184
06-23 11:45:58.192  1909  2867 I ActivityManager: Changes in 99215 5 to 10, 184 to 0
06-23 11:46:37.699  1909  9411 I ActivityManager: Changes in 10107 19 to 5, 0 to 144
06-23 11:46:37.804  1909  1972 I ActivityManager: Changes in 10096 19 to 11, 0 to 128
06-23 11:46:37.806  1909  2867 I ActivityManager: Changes in 10096 11 to 19, 128 to 0
06-23 11:46:41.517  1909  2065 I ActivityManager: Changes in 10099 19 to 8, 0 to 128
06-23 11:46:41.532  1909  2776 I ActivityManager: Changes in 10099 8 to 10, 128 to 0
06-23 11:46:43.783  1909  1971 I ActivityManager: Changes in 10107 5 to 15, 144 to 0
06-23 11:47:12.139  1909  1973 I ActivityManager: Start proc 7482:com.google.android.partnersetup/u0a243 for service {com.google.android.partnersetup/com.google.android.partnersetup.InstalledAppJobService}
06-23 11:47:12.139  1909  1973 I ActivityManager: ProcessObserver broadcast disabled
06-23 11:47:12.167  1909  1973 I ActivityManager: Start proc 7483:com.google.android.apps.turbo:aab/u0a250 for service {com.google.android.apps.turbo/com.google.android.libraries.smartbattery.appusage.library.InferAppBucketsJob}
06-23 11:47:12.171  1909  1973 I ActivityManager: ProcessObserver broadcast disabled
06-23 11:47:12.264  1909  2776 I ActivityManager: Changes in 10243 19 to 8, 0 to 128
06-23 11:47:12.268  1909  2224 I ActivityManager: Changes in 10250 19 to 8, 0 to 128
06-23 11:47:12.320  1909  2224 I ActivityManager: Changes in 10243 8 to 10, 128 to 0
06-23 11:47:12.327  1909  2867 I ActivityManager: Killing 5348:com.samsung.android.smartface/1000 (adj 935): empty #25
06-23 11:47:12.368  1909  2065 I ActivityManager: Changes in 10243 19 to 8, 0 to 128
06-23 11:47:12.406  1909  3698 I ActivityManager: Changes in 10243 8 to 10, 128 to 0
06-23 11:47:12.508  1909  2065 I ActivityManager: Changes in 10243 19 to 8, 0 to 128
06-23 11:47:12.529  1909  3698 I ActivityManager: Changes in 10243 8 to 10, 128 to 0
06-23 11:47:12.594  1909  2224 I ActivityManager: Changes in 10250 8 to 10, 128 to 0
06-23 11:47:12.603  1909  4174 I ActivityManager: Killing 5300:com.samsung.android.stickercenter/1000 (adj 935): empty #25
06-23 11:47:12.631  1909  2065 I ActivityManager: Changes in 10243 19 to 8, 0 to 128
06-23 11:47:12.649  1909  2224 I ActivityManager: Changes in 99215 19 to 8, 0 to 128
06-23 11:47:12.838  1909  2224 I ActivityManager: Changes in 99215 8 to 10, 128 to 0
06-23 11:47:12.838  1909  2224 I ActivityManager: Changes in 10243 8 to 10, 128 to 0
06-23 11:47:13.346  1909  1972 I ActivityManager: Changes in 10251 19 to 11, 0 to 128
06-23 11:47:13.347  1909  1909 E ActivityManager: Sending non-protected broadcast com.samsung.intent.action.ONGOING_ACTIVITY_LIST_CHANGED from system 1909:system/1000 pkg android
06-23 11:47:13.347  1909  1909 E ActivityManager: java.lang.Throwable
06-23 11:47:13.347  1909  1909 E ActivityManager: 	at com.android.server.am.BroadcastController.checkBroadcastFromSystem(qb/108940926 802103cef46cde14cb0d3b748d2076734c471a17d4b8e991ffa01c0e15de42a9:252)
06-23 11:47:13.347  1909  1909 E ActivityManager: 	at com.android.server.am.BroadcastController.broadcastIntentLockedTraced(qb/108940926 802103cef46cde14cb0d3b748d2076734c471a17d4b8e991ffa01c0e15de42a9:344)
06-23 11:47:13.347  1909  1909 E ActivityManager: 	at com.android.server.am.BroadcastController.broadcastIntentLocked(qb/108940926 802103cef46cde14cb0d3b748d2076734c471a17d4b8e991ffa01c0e15de42a9:18)
06-23 11:47:13.347  1909  1909 E ActivityManager: 	at com.android.server.am.ActivityManagerService.broadcastIntentWithFeature(qb/108940926 802103cef46cde14cb0d3b748d2076734c471a17d4b8e991ffa01c0e15de42a9:149)
06-23 11:47:13.347  1909  1909 E ActivityManager: 	at android.app.ContextImpl.sendBroadcastAsUser(ContextImpl.java:1611)
06-23 11:47:13.347  1909  1909 E ActivityManager: 	at android.app.ContextImpl.sendBroadcastAsUser(ContextImpl.java:1582)
06-23 11:47:13.347  1909  1909 E ActivityManager: 	at com.android.server.notification.NotificationManagerService$2.onReceive$com$android$server$notification$NotificationManagerService$9(qb/108940926 802103cef46cde14cb0d3b748d2076734c471a17d4b8e991ffa01c0e15de42a9:1049)
06-23 11:47:13.347  1909  1909 E ActivityManager: 	at com.android.server.notification.NotificationManagerService$2.onReceive(qb/108940926 802103cef46cde14cb0d3b748d2076734c471a17d4b8e991ffa01c0e15de42a9:261)
06-23 11:47:13.347  1909  1909 E ActivityManager: 	at android.app.LoadedApk$ReceiverDispatcher$Args.lambda$getRunnable$0(LoadedApk.java:1981)
06-23 11:47:13.347  1909  1909 E ActivityManager: 	at android.app.LoadedApk$ReceiverDispatcher$Args.$r8$lambda$mcNAAl1SQ4MyJPyDg8TJ2x2h0Rk(LoadedApk.java:0)
06-23 11:47:13.347  1909  1909 E ActivityManager: 	at android.app.LoadedApk$ReceiverDispatcher$Args$$ExternalSyntheticLambda0.run(D8$$SyntheticClass:0)
06-23 11:47:13.347  1909  1909 E ActivityManager: 	at android.os.Handler.handleCallback(Handler.java:995)
06-23 11:47:13.347  1909  1909 E ActivityManager: 	at android.os.Handler.dispatchMessage(Handler.java:103)
06-23 11:47:13.347  1909  1909 E ActivityManager: 	at android.os.Looper.loopOnce(Looper.java:273)
06-23 11:47:13.347  1909  1909 E ActivityManager: 	at android.os.Looper.loop(Looper.java:363)
06-23 11:47:13.347  1909  1909 E ActivityManager: 	at com.android.server.SystemServer.main(qb/108940926 802103cef46cde14cb0d3b748d2076734c471a17d4b8e991ffa01c0e15de42a9:867)
06-23 11:47:13.347  1909  1909 E ActivityManager: 	at java.lang.reflect.Method.invoke(Native Method)
06-23 11:47:13.347  1909  1909 E ActivityManager: 	at com.android.internal.os.RuntimeInit$MethodAndArgsCaller.run(RuntimeInit.java:632)
06-23 11:47:13.347  1909  1909 E ActivityManager: 	at com.android.internal.os.ZygoteInit.main(ZygoteInit.java:953)
06-23 11:47:13.508  1909  4174 I ActivityManager: Changes in 10251 11 to 19, 128 to 0
06-23 11:47:13.584  1909  3434 I ActivityManager: Changes in 99215 10 to 5, 0 to 184
06-23 11:47:28.708  1909  4338 I ActivityManager: Changes in 99215 5 to 19, 184 to 0
06-23 11:49:47.713  1909  1972 I ActivityManager: Changes in 10250 19 to 11, 0 to 128
06-23 11:49:47.716  1909  4407 I ActivityManager: Changes in 10250 11 to 19, 128 to 0
06-23 11:52:38.121  1909  3434 I ActivityManager: Changes in 99215 19 to 5, 0 to 184
06-23 11:52:53.182  1909  4407 I ActivityManager: Changes in 99215 5 to 10, 184 to 0
06-23 11:54:19.096  1909  1972 I ActivityManager: Changes in 10250 19 to 11, 0 to 128
06-23 11:54:19.099  1909  4407 I ActivityManager: Changes in 10250 11 to 19, 128 to 0
06-23 11:55:19.647  1909  1973 I ActivityManager: Start proc 7701:com.google.android.apps.tachyon/u0a254 for service {com.google.android.apps.tachyon/androidx.work.impl.background.systemjob.SystemJobService}
06-23 11:55:19.647  1909  1973 I ActivityManager: ProcessObserver broadcast disabled
06-23 11:55:20.108  1909  4338 I ActivityManager: Changes in 99215 19 to 8, 0 to 128
06-23 11:55:20.108  1909  4338 I ActivityManager: Changes in 10254 19 to 8, 0 to 128
06-23 11:55:20.388  1909  3434 I ActivityManager: Changes in 99215 8 to 10, 128 to 0
06-23 11:55:20.388  1909  3434 I ActivityManager: Changes in 10254 8 to 10, 128 to 0
06-23 11:55:20.397  1909  3434 I ActivityManager: Killing 5864:com.samsung.android.app.aodservice/u0a53 (adj 905): empty #25
06-23 11:58:56.878  1909  1973 I ActivityManager: Start proc 7848:com.google.android.cellbroadcastreceiver/u0a296 for broadcast {com.google.android.cellbroadcastreceiver/com.android.cellbroadcastreceiver.CellBroadcastReceiver}
06-23 11:58:56.878  1909  1973 I ActivityManager: ProcessObserver broadcast disabled
06-23 11:58:56.995  1909  2870 I ActivityManager: Changes in 10296 19 to 11, 0 to 128
06-23 11:58:57.019  1909  2870 I ActivityManager: Killing 5832:com.osp.app.signin/u0a117 (adj 905): empty #25
06-23 11:58:57.022  1909  2870 I ActivityManager: Changes in 10296 11 to 19, 128 to 0
06-23 11:58:57.875  1909  1972 I ActivityManager: Changes in 10296 19 to 11, 0 to 128
06-23 11:58:57.879  1909  2749 I ActivityManager: Changes in 10296 11 to 19, 128 to 0
06-23 11:59:20.617  1909  1972 I ActivityManager: Changes in 10250 19 to 11, 0 to 128
06-23 11:59:20.623  1909  2870 I ActivityManager: Changes in 10250 11 to 19, 128 to 0
06-23 12:01:41.602  1909  2065 I ActivityManager: Changes in 10099 19 to 8, 0 to 128
06-23 12:01:41.616  1909  2870 I ActivityManager: Changes in 10099 8 to 10, 128 to 0
06-23 12:01:43.017  1909  1972 I ActivityManager: Changes in 10096 19 to 11, 0 to 128
06-23 12:01:43.035  1909  4338 I ActivityManager: Changes in 99215 19 to 5, 0 to 184
06-23 12:01:53.034  1909  2065 I ActivityManager: Changes in 10096 19 to 19, 128 to 0
06-23 12:01:58.064  1909  4338 I ActivityManager: Changes in 99215 5 to 10, 184 to 0
06-23 12:02:51.638  1909  1972 I ActivityManager: Changes in 10250 19 to 11, 0 to 128
06-23 12:02:51.641  1909  4338 I ActivityManager: Changes in 10250 11 to 19, 128 to 0
06-23 12:03:13.096  1909  1972 I ActivityManager: Changes in 10096 19 to 11, 0 to 128
06-23 12:03:13.100  1909  4174 I ActivityManager: Changes in 10096 11 to 19, 128 to 0
06-23 12:03:13.110  1909  1972 I ActivityManager: Changes in 10108 10 to 10, 0 to 128
06-23 12:03:13.117  1909  4174 I ActivityManager: Changes in 10108 10 to 10, 128 to 0
06-23 12:05:52.506  1909  1972 I ActivityManager: Changes in 10250 19 to 11, 0 to 128
06-23 12:05:52.512  1909  4174 I ActivityManager: Changes in 10250 11 to 19, 128 to 0
06-23 12:06:33.667  1909  1972 I ActivityManager: Changes in 10296 19 to 11, 0 to 128
06-23 12:06:33.675  1909  4338 I ActivityManager: Changes in 10296 11 to 19, 128 to 0
06-23 12:06:34.828  1909  1972 I ActivityManager: Changes in 10296 19 to 11, 0 to 128
06-23 12:06:34.835  1909  4338 I ActivityManager: Changes in 10296 11 to 19, 128 to 0
06-23 12:07:19.994  1909  1973 I ActivityManager: Start proc 8063:com.samsung.android.kmxservice:AiPrivacy/u0a89 for content provider {com.samsung.android.kmxservice/com.samsung.android.kmxservice.ai.privacy.AiPrivacyContentProvider}
06-23 12:07:19.994  1909  1973 I ActivityManager: ProcessObserver broadcast disabled
06-23 12:07:20.221  1909  2870 I ActivityManager: Changes in 10089 19 to 5, 0 to 144
06-23 12:07:26.229  1909  1971 I ActivityManager: Changes in 10089 5 to 15, 144 to 0
06-23 12:07:46.233  1909  1972 I ActivityManager: Killing 6007:com.samsung.android.privateaccesstokens/u0a198 (adj 915): empty #25
06-23 12:09:53.927  1909  1972 I ActivityManager: Changes in 10250 19 to 11, 0 to 128
06-23 12:09:53.930  1909  4174 I ActivityManager: Changes in 10250 11 to 19, 128 to 0
06-23 12:10:57.340  1909  1972 I ActivityManager: Changes in 10296 19 to 11, 0 to 128
06-23 12:10:57.344  1909  2749 I ActivityManager: Changes in 10296 11 to 19, 128 to 0
06-23 12:10:58.515  1909  1972 I ActivityManager: Changes in 10296 19 to 11, 0 to 128
06-23 12:10:58.521  1909  2749 I ActivityManager: Changes in 10296 11 to 19, 128 to 0
06-23 12:14:25.246  1909  1972 I ActivityManager: Changes in 10250 19 to 11, 0 to 128
06-23 12:14:25.248  1909  2749 I ActivityManager: Changes in 10250 11 to 19, 128 to 0
06-23 12:15:32.286  1909  1972 I ActivityManager: Changes in 10096 19 to 11, 0 to 128
06-23 12:15:32.292  1909  3434 I ActivityManager: Changes in 10096 11 to 19, 128 to 0
06-23 12:16:36.537  1909  1972 I ActivityManager: Changes in 10296 19 to 11, 0 to 128
06-23 12:16:36.544  1909  2749 I ActivityManager: Changes in 10296 11 to 19, 128 to 0
06-23 12:16:37.713  1909  1972 I ActivityManager: Changes in 10296 19 to 11, 0 to 128
06-23 12:16:37.719  1909  2749 I ActivityManager: Changes in 10296 11 to 19, 128 to 0
06-23 12:16:37.802  1909  1972 I ActivityManager: Changes in 10096 19 to 11, 0 to 128
06-23 12:16:37.805  1909  2749 I ActivityManager: Changes in 10096 11 to 19, 128 to 0
06-23 12:17:12.312  1909  9411 I ActivityManager: Changes in 10107 19 to 5, 0 to 144
06-23 12:17:18.379  1909  1971 I ActivityManager: Changes in 10107 5 to 15, 144 to 0
06-23 12:18:56.576  1909  1972 I ActivityManager: Changes in 10250 19 to 11, 0 to 128
06-23 12:18:56.580  1909  4338 I ActivityManager: Changes in 10250 11 to 19, 128 to 0
06-23 12:21:01.519  1909  1972 I ActivityManager: Changes in 10296 19 to 11, 0 to 128
06-23 12:21:01.523  1909  2803 I ActivityManager: Changes in 10296 11 to 19, 128 to 0
06-23 12:21:02.681  1909  1972 I ActivityManager: Changes in 10296 19 to 11, 0 to 128
06-23 12:21:02.687  1909  2749 I ActivityManager: Changes in 10296 11 to 19, 128 to 0
06-23 12:21:43.029  1909  1972 I ActivityManager: Changes in 10096 19 to 11, 0 to 128
06-23 12:21:43.045  1909  2870 I ActivityManager: Changes in 99215 19 to 5, 0 to 184
06-23 12:21:53.042  1909  2065 I ActivityManager: Changes in 10096 19 to 19, 128 to 0
06-23 12:21:58.092  1909  2867 I ActivityManager: Changes in 99215 5 to 10, 184 to 0
06-23 12:22:44.590  1909  1965 I ActivityManager: Changes in 10147 5 to 2, 184 to 255
06-23 12:22:45.215  1909  1965 I ActivityManager: Changes in 11064 2 to 15, 255 to 128
06-23 12:22:45.257  1909  2803 I ActivityManager: Changes in 99215 19 to 10, 0 to 128
06-23 12:22:45.281  1909  2803 I ActivityManager: Changes in 99215 15 to 15, 128 to 0
06-23 12:22:45.281  1909  2803 I ActivityManager: Changes in 11064 15 to 15, 128 to 0
06-23 12:22:46.481  1909  2749 I ActivityManager: Changes in 10147 2 to 5, 255 to 184
06-23 12:22:47.074  1909  1973 I ActivityManager: Start proc 8451:com.samsung.android.sm.devicesecurity/u0a214 for content provider {com.samsung.android.sm.devicesecurity/com.samsung.android.sm.devicesecurity.DeviceSecurityProvider}
06-23 12:22:47.074  1909  1973 I ActivityManager: ProcessObserver broadcast disabled
06-23 12:22:47.088  1909  1973 I ActivityManager: Start proc 8452:com.samsung.android.sm.provider/1000 for content provider {com.samsung.android.lool/com.samsung.android.sm.database.SmProvider}
06-23 12:22:47.089  1909  1973 I ActivityManager: ProcessObserver broadcast disabled
06-23 12:22:47.107  1909  1973 I ActivityManager: Start proc 8461:com.samsung.android.voc/u0a329 for content provider {com.samsung.android.voc/com.samsung.android.voc.diagnosis.provider.SamsungMembersDiagnosisProvider}
06-23 12:22:47.117  1909  1973 I ActivityManager: ProcessObserver broadcast disabled
06-23 12:22:47.207  1909  2803 I ActivityManager: Changes in 10214 19 to 3, 0 to 144
06-23 12:22:47.480  1909  1933 I ActivityManager: Changes in 10329 19 to 3, 0 to 144
06-23 12:22:53.305  1909  1971 I ActivityManager: Changes in 10214 3 to 15, 144 to 0
06-23 12:22:53.442  1909  1971 I ActivityManager: Changes in 10329 3 to 15, 144 to 0
06-23 12:22:53.558  1909  1965 I ActivityManager: Changes in 10147 5 to 2, 184 to 255
06-23 12:22:54.401  1909  1965 I ActivityManager: Changes in 99215 19 to 3, 0 to 184
06-23 12:22:54.401  1909  1965 I ActivityManager: Changes in 11064 16 to 2, 0 to 255
06-23 12:22:54.685  1909  1965 I ActivityManager: Changes in 10147 2 to 5, 255 to 184
06-23 12:22:57.754  1909  1972 I ActivityManager: Changes in 10250 19 to 11, 0 to 128
06-23 12:22:57.759  1909  2867 I ActivityManager: Changes in 10250 11 to 19, 128 to 0
06-23 12:23:04.511  1909  2720 I ActivityManager: Changes in 99215 3 to 10, 184 to 0
06-23 12:23:13.306  1909  1972 I ActivityManager: Killing 6441:com.google.android.webview:webview_service/u0a263 (adj 975): empty #25
06-23 12:23:14.306  1909  1972 I ActivityManager: Killing 6649:com.android.chrome:sandboxed_process0:org.chromium.content.app.SandboxedProcessService0:0/u0a266i-9000 (adj 965): empty #25
06-23 12:23:14.308  1909  1972 I ActivityManager: Killing 6567:com.android.chrome:privileged_process0/u0a266 (adj 975): empty #26
06-23 12:23:14.351  1909  2749 W ActivityManager: Scheduling restart of crashed service com.android.chrome/org.chromium.content.app.SandboxedProcessService0:0 in 1000ms for connection
06-23 12:23:14.360  1909  4174 W ActivityManager: Scheduling restart of crashed service com.android.chrome/org.chromium.content.app.PrivilegedProcessService0 in 10988ms for connection
06-23 12:23:29.987  1909  1972 I ActivityManager: Changes in 10296 19 to 11, 0 to 128
06-23 12:23:29.992  1909  4407 I ActivityManager: Changes in 10296 11 to 19, 128 to 0
06-23 12:23:31.113  1909  4407 I ActivityManager: Changes in 99215 19 to 5, 0 to 184
06-23 12:23:31.140  1909  1972 I ActivityManager: Changes in 10296 19 to 11, 0 to 128
06-23 12:23:31.148  1909  4407 I ActivityManager: Changes in 10296 11 to 19, 128 to 0
06-23 12:23:31.350  1909  1973 I ActivityManager: Start proc 8649:com.google.android.rkpdapp/u0a348 for service {com.google.android.rkpdapp/com.android.rkpdapp.service.RemoteProvisioningService}
06-23 12:23:31.350  1909  1973 I ActivityManager: ProcessObserver broadcast disabled
06-23 12:23:31.498  1909  2720 I ActivityManager: Changes in 10348 19 to 6, 0 to 128
06-23 12:23:31.516  1909  4174 I ActivityManager: Changes in 10348 6 to 10, 128 to 0
06-23 12:23:32.215  1909  4407 I ActivityManager: Changes in 10348 19 to 6, 0 to 128
06-23 12:23:32.224  1909  2720 I ActivityManager: Changes in 10348 6 to 10, 128 to 0
06-23 12:23:46.189  1909  4407 I ActivityManager: Changes in 99215 5 to 10, 184 to 0
06-23 12:23:46.195  1909  2867 I ActivityManager: Killing 5950:com.sec.android.daemonapp/u0a215 (adj 965): empty #25
06-23 12:27:29.077  1909  1972 I ActivityManager: Changes in 10250 19 to 11, 0 to 128
06-23 12:27:29.084  1909  4174 I ActivityManager: Changes in 10250 11 to 19, 128 to 0
06-23 12:27:54.874  1909  1973 I ActivityManager: Start proc 8752:com.ss.android.ugc.trill/u0a388 for broadcast {com.ss.android.ugc.trill/com.google.firebase.iid.FirebaseInstanceIdReceiver}
06-23 12:27:54.874  1909  1973 I ActivityManager: ProcessObserver broadcast disabled
06-23 12:27:55.811  1909  4211 I ActivityManager: Changes in 10388 19 to 11, 0 to 128
06-23 12:27:55.853  1909  4211 I ActivityManager: Killing 7067:com.skt.skaf.OA00018282/u0a104 (adj 965): empty #25
06-23 12:27:55.940  1909  4174 I ActivityManager: Changes in 99215 19 to 10, 0 to 128
06-23 12:27:55.991  1909  4174 I ActivityManager: Changes in 99215 10 to 10, 128 to 0
06-23 12:27:56.137  1909  1973 I ActivityManager: Start proc 8901:com.sec.android.provider.badge/u0a55 for broadcast {com.sec.android.provider.badge/com.sec.android.provider.badge.BadgeCountReceiver}
06-23 12:27:56.137  1909  1973 I ActivityManager: ProcessObserver broadcast disabled
06-23 12:27:56.209  1909  2720 I ActivityManager: Changes in 10055 19 to 11, 0 to 128
06-23 12:27:56.247  1909  2720 I ActivityManager: Changes in 10055 11 to 5, 128 to 144
06-23 12:28:02.279  1909  1971 I ActivityManager: Changes in 99215 19 to 19, 0 to 128
06-23 12:28:02.279  1909  1971 I ActivityManager: Changes in 10055 5 to 15, 144 to 0
06-23 12:28:02.474  1909  1973 I ActivityManager: Start proc 9062:com.samsung.drmboost/u0a339 for service {com.samsung.drmboost/com.samsung.drmboost.DrmEventService}
06-23 12:28:02.474  1909  1973 I ActivityManager: ProcessObserver broadcast disabled
06-23 12:28:02.570  1909  4211 I ActivityManager: Killing 7483:com.google.android.apps.turbo:aab/u0a250 (adj 955): empty #25
06-23 12:28:05.190  1909  1972 I ActivityManager: Changes in 10296 19 to 11, 0 to 128
06-23 12:28:05.197  1909  2749 I ActivityManager: Changes in 10296 11 to 19, 128 to 0
06-23 12:28:06.114  1909  2803 I ActivityManager: Changes in 10251 19 to 19, 0 to 128
06-23 12:28:06.356  1909  1972 I ActivityManager: Changes in 10296 19 to 11, 0 to 128
06-23 12:28:06.365  1909  1933 I ActivityManager: Changes in 10296 11 to 19, 128 to 0
06-23 12:28:06.587  1909  1933 I ActivityManager: Changes in 10251 19 to 10, 128 to 0
06-23 12:28:10.309  1909  1972 I ActivityManager: Changes in 10296 19 to 11, 0 to 128
06-23 12:28:10.311  1909  4174 I ActivityManager: Changes in 10296 11 to 19, 128 to 0
06-23 12:28:11.465  1909  1972 I ActivityManager: Changes in 10296 19 to 11, 0 to 128
06-23 12:28:11.474  1909  2803 I ActivityManager: Changes in 10296 11 to 19, 128 to 0
06-23 12:28:12.240  1909  2803 I ActivityManager: Changes in 99215 19 to 10, 128 to 0
06-23 12:28:15.823  1909  2065 I ActivityManager: Changes in 10388 19 to 19, 128 to 0
06-23 12:28:22.279  1909  1972 I ActivityManager: Killing 7482:com.google.android.partnersetup/u0a243 (adj 955): empty #25
06-23 12:28:27.897  1909  2867 I ActivityManager: Changes in 10348 19 to 6, 0 to 128
06-23 12:28:27.904  1909  2867 I ActivityManager: Changes in 10348 6 to 10, 128 to 0
06-23 12:29:29.317  1909  1972 I ActivityManager: Changes in 10096 19 to 11, 0 to 128
06-23 12:29:29.330  1909  4174 I ActivityManager: Changes in 10096 11 to 19, 128 to 0
06-23 12:30:49.010  1909  1972 I ActivityManager: Changes in 10296 19 to 11, 0 to 128
06-23 12:30:49.014  1909  4211 I ActivityManager: Changes in 10296 11 to 19, 128 to 0
06-23 12:30:50.191  1909  1972 I ActivityManager: Changes in 10296 19 to 11, 0 to 128
06-23 12:30:50.199  1909  2803 I ActivityManager: Changes in 10296 11 to 19, 128 to 0
06-23 12:31:30.263  1909  1972 I ActivityManager: Changes in 10250 19 to 11, 0 to 128
06-23 12:31:30.265  1909  1933 I ActivityManager: Changes in 10250 11 to 19, 128 to 0
06-23 12:33:23.315  1909  1972 I ActivityManager: Changes in 10108 10 to 10, 0 to 128
06-23 12:33:23.323  1909  2803 I ActivityManager: Changes in 10108 10 to 10, 128 to 0
06-23 12:33:23.376  1909  1933 I ActivityManager: Changes in 99215 19 to 5, 0 to 184
06-23 12:33:38.436  1909  2803 I ActivityManager: Changes in 99215 5 to 10, 184 to 0
06-23 12:34:38.153  1909  1972 I ActivityManager: Changes in 10296 19 to 11, 0 to 128
06-23 12:34:38.172  1909  1933 I ActivityManager: Changes in 10296 11 to 19, 128 to 0
06-23 12:34:39.304  1909  1972 I ActivityManager: Changes in 10296 19 to 11, 0 to 128
06-23 12:34:39.309  1909  2749 I ActivityManager: Changes in 10296 11 to 19, 128 to 0
06-23 12:34:50.071  1909  2187 I ActivityManager: Changes in 99215 19 to 8, 0 to 128
06-23 12:34:50.117  1909  2749 I ActivityManager: Changes in 10056 19 to 8, 0 to 128
06-23 12:34:50.361  1909  1973 I ActivityManager: Start proc 9808:com.google.android.setupwizard/u0a279 for service {com.google.android.setupwizard/com.google.android.setupwizard.notification.SetupNotificationService}
06-23 12:34:50.362  1909  1973 I ActivityManager: ProcessObserver broadcast disabled
06-23 12:34:50.574  1909  2749 I ActivityManager: Changes in 10279 19 to 8, 0 to 128
06-23 12:34:50.624  1909  2749 I ActivityManager: Changes in 10279 8 to 10, 128 to 0
06-23 12:34:51.429  1909  1971 I ActivityManager: Changes in 10056 8 to 5, 128 to 144
06-23 12:34:51.933  1909  2065 I ActivityManager: Changes in 10120 19 to 8, 0 to 128
06-23 12:34:51.967  1909  1973 I ActivityManager: Start proc 9852:com.samsung.android.scs/u0a116 for service {com.samsung.android.scs/androidx.work.impl.background.systemjob.SystemJobService}
06-23 12:34:51.967  1909  1973 I ActivityManager: ProcessObserver broadcast disabled
06-23 12:34:51.989  1909  4174 I ActivityManager: Changes in 10120 8 to 10, 128 to 0
06-23 12:34:52.033  1909  3434 I ActivityManager: Changes in 99215 8 to 5, 128 to 184
06-23 12:34:52.122  1909  4407 I ActivityManager: Changes in 10116 19 to 8, 0 to 128
06-23 12:34:52.457  1909  1973 I ActivityManager: Start proc 9902:com.osp.app.signin/u0a117 for content provider {com.osp.app.signin/com.samsung.android.samsungaccount.profile.data.provider.ProfileProvider}
06-23 12:34:52.457  1909  1973 I ActivityManager: ProcessObserver broadcast disabled
06-23 12:34:52.544  1909  2867 I ActivityManager: Changes in 10116 8 to 10, 128 to 0
06-23 12:34:52.891  1909  2867 I ActivityManager: Changes in 10117 19 to 6, 0 to 128
06-23 12:34:53.177  1909  2065 I ActivityManager: Changes in 10116 19 to 8, 0 to 128
06-23 12:34:53.331  1909  4407 I ActivityManager: Changes in 10116 8 to 10, 128 to 0
06-23 12:34:56.463  1909  1973 I ActivityManager: Start proc 9967:com.samsung.android.mobileservice/u0a119 for service {com.samsung.android.mobileservice/com.samsung.android.mobileservice.social.buddy.account.presentation.service.ContactObserverService}
06-23 12:34:56.463  1909  1973 I ActivityManager: ProcessObserver broadcast disabled
06-23 12:34:56.767  1909  3434 I ActivityManager: Changes in 10119 19 to 8, 0 to 128
06-23 12:34:56.871  1909  4407 I ActivityManager: Changes in 10119 8 to 10, 128 to 0
06-23 12:34:58.053  1909  1971 I ActivityManager: Changes in 10056 5 to 6, 144 to 128
06-23 12:34:58.786  1909  1971 I ActivityManager: Changes in 10117 6 to 15, 128 to 0
06-23 12:34:58.795  1909  1971 I ActivityManager: Changes in 10056 6 to 10, 128 to 0
06-23 12:35:01.436  1909  2065 I ActivityManager: Changes in 10120 10 to 8, 0 to 128
06-23 12:35:01.447  1909  2749 I ActivityManager: Changes in 10056 15 to 8, 0 to 128
06-23 12:35:01.500  1909  3434 I ActivityManager: Changes in 10120 8 to 10, 128 to 0
06-23 12:35:01.501  1909  3434 I ActivityManager: Changes in 10056 8 to 10, 128 to 0
06-23 12:35:01.715  1909  1971 I ActivityManager: Changes in 10056 10 to 5, 0 to 144
06-23 12:35:02.224  1909  2065 I ActivityManager: Changes in 10120 10 to 8, 0 to 128
06-23 12:35:02.234  1909  2065 I ActivityManager: Changes in 10116 19 to 8, 0 to 128
06-23 12:35:02.249  1909  3434 I ActivityManager: Changes in 10120 8 to 10, 128 to 0
06-23 12:35:02.295  1909  2224 I ActivityManager: Changes in 10116 8 to 10, 128 to 0
06-23 12:35:02.721  1909  2224 I ActivityManager: Changes in 10117 15 to 6, 0 to 128
06-23 12:35:06.722  1909  2065 I ActivityManager: Changes in 10119 19 to 8, 0 to 128
06-23 12:35:06.735  1909  3434 I ActivityManager: Changes in 10119 8 to 10, 128 to 0
06-23 12:35:06.757  1909  2867 I ActivityManager: Changes in 10119 19 to 8, 0 to 128
06-23 12:35:06.928  1909  3434 I ActivityManager: Changes in 10119 8 to 10, 128 to 0
06-23 12:35:06.932  1909  2187 I ActivityManager: Changes in 10119 10 to 8, 0 to 128
06-23 12:35:07.089  1909  3434 I ActivityManager: Changes in 99215 5 to 10, 184 to 0
06-23 12:35:07.090  1909  2867 I ActivityManager: Killing 5603:com.samsung.android.game.gos/u0a76 (adj 945): empty #25
06-23 12:35:07.308  1909  2187 I ActivityManager: Changes in 10119 8 to 10, 128 to 0
06-23 12:35:07.310  1909  2224 I ActivityManager: Killing 7701:com.google.android.apps.tachyon/u0a254 (adj 935): empty #25
06-23 12:35:07.980  1909  1971 I ActivityManager: Changes in 10056 5 to 6, 144 to 128
06-23 12:35:08.742  1909  1971 I ActivityManager: Changes in 10117 6 to 15, 128 to 0
06-23 12:35:08.753  1909  1971 I ActivityManager: Changes in 10056 6 to 10, 128 to 0
06-23 12:35:09.800  1909  2410 I ActivityManager: Killing 8752:com.ss.android.ugc.trill/u0a388 (adj 905): Chimera #0
06-23 12:35:11.510  1909  2870 I ActivityManager: Changes in 99215 19 to 8, 0 to 128
06-23 12:35:11.520  1909  2225 I ActivityManager: Changes in 99215 8 to 10, 128 to 0
06-23 12:35:11.720  1909  2065 I ActivityManager: Changes in 10119 19 to 8, 0 to 128
06-23 12:35:11.721  1909  2065 I ActivityManager: Changes in 10056 15 to 8, 0 to 128
06-23 12:35:11.729  1909  2065 I ActivityManager: Changes in 10120 10 to 8, 0 to 128
06-23 12:35:11.788  1909  2870 I ActivityManager: Changes in 10120 8 to 10, 128 to 0
06-23 12:35:11.794  1909  2720 I ActivityManager: Changes in 10119 8 to 10, 128 to 0
06-23 12:35:11.795  1909  2720 I ActivityManager: Changes in 10056 8 to 10, 128 to 0
06-23 12:35:31.748  1909  3174 I ActivityManager: Changes in 99215 19 to 5, 0 to 184
06-23 12:35:31.767  1909  4340 I ActivityManager: Changes in 10056 15 to 5, 0 to 144
06-23 12:35:37.815  1909  1971 I ActivityManager: Changes in 10056 5 to 15, 144 to 0
06-23 12:35:46.830  1909  2720 I ActivityManager: Changes in 99215 5 to 10, 184 to 0
06-23 12:35:49.263  1909  3606 I ActivityManager: Changes in 99215 19 to 8, 0 to 128
06-23 12:35:49.296  1909  3174 I ActivityManager: Changes in 99215 8 to 10, 128 to 0
06-23 12:35:58.841  1909  1972 I ActivityManager: Changes in 10296 19 to 11, 0 to 128
06-23 12:35:58.850  1909  3174 I ActivityManager: Changes in 10296 11 to 19, 128 to 0
06-23 12:35:59.972  1909  1972 I ActivityManager: Changes in 10296 19 to 11, 0 to 128
06-23 12:35:59.986  1909  3174 I ActivityManager: Changes in 10296 11 to 19, 128 to 0
06-23 12:38:02.232  1909  1972 I ActivityManager: Changes in 10250 19 to 11, 0 to 128
06-23 12:38:02.234  1909  4340 I ActivityManager: Changes in 10250 11 to 19, 128 to 0
06-23 12:38:22.138  1909  1965 I ActivityManager: Changes in 10147 5 to 2, 184 to 255
06-23 12:38:22.758  1909  1965 I ActivityManager: Changes in 11064 2 to 15, 255 to 128
06-23 12:38:22.822  1909  2225 I ActivityManager: Changes in 99215 19 to 10, 0 to 128
06-23 12:38:22.860  1909  2776 I ActivityManager: Changes in 99215 15 to 15, 128 to 0
06-23 12:38:22.861  1909  2776 I ActivityManager: Changes in 11064 15 to 15, 128 to 0
06-23 12:38:23.454  1909  3606 I ActivityManager: Changes in 10147 2 to 5, 255 to 184
06-23 12:38:24.307  1909  4340 I ActivityManager: Changes in 10214 19 to 3, 0 to 144
06-23 12:38:24.315  1909  2720 I ActivityManager: Changes in 10329 19 to 3, 0 to 144
06-23 12:38:30.329  1909  1971 I ActivityManager: Changes in 10329 3 to 15, 144 to 0
06-23 12:38:30.352  1909  1971 I ActivityManager: Changes in 10214 3 to 15, 144 to 0
06-23 12:38:32.469  1909  2225 I ActivityManager: Changes in 10214 15 to 3, 0 to 144
06-23 12:38:32.475  1909  3606 I ActivityManager: Changes in 10329 15 to 3, 0 to 144
06-23 12:38:35.811  1909  1965 I ActivityManager: Changes in 10147 5 to 2, 184 to 255
06-23 12:38:36.390  1909  1965 I ActivityManager: Changes in 10329 3 to 15, 144 to 128
06-23 12:38:36.390  1909  1965 I ActivityManager: Changes in 10214 3 to 15, 144 to 128
06-23 12:38:36.445  1909  4340 I ActivityManager: Changes in 10329 10 to 10, 128 to 0
06-23 12:38:36.445  1909  4340 I ActivityManager: Changes in 10214 10 to 10, 128 to 0
06-23 12:38:36.654  1909  1965 I ActivityManager: Changes in 11064 16 to 2, 0 to 255
06-23 12:38:36.664  1909  2870 I ActivityManager: Changes in 99215 19 to 3, 0 to 184
06-23 12:38:36.945  1909  1965 I ActivityManager: Changes in 10147 2 to 5, 255 to 184
06-23 12:38:46.796  1909  3174 I ActivityManager: Changes in 99215 3 to 10, 184 to 0
06-23 12:39:31.390  1909  1965 I ActivityManager: Changes in 10147 5 to 2, 184 to 255
06-23 12:39:31.960  1909  1965 I ActivityManager: Changes in 11064 2 to 15, 255 to 128
06-23 12:39:31.987  1909  2870 I ActivityManager: Changes in 99215 19 to 10, 0 to 128
06-23 12:39:32.033  1909  4340 I ActivityManager: Changes in 99215 15 to 15, 128 to 0
06-23 12:39:32.035  1909  4340 I ActivityManager: Changes in 11064 15 to 15, 128 to 0
06-23 12:39:32.271  1909  3174 I ActivityManager: Changes in 10214 19 to 3, 0 to 144
06-23 12:39:32.287  1909  3174 I ActivityManager: Changes in 10329 19 to 3, 0 to 144
06-23 12:39:32.570  1909  1965 I ActivityManager: Changes in 10147 2 to 5, 255 to 184
06-23 12:39:33.156  1909  2776 I ActivityManager: Changes in 10329 3 to 10, 144 to 128
06-23 12:39:33.156  1909  2776 I ActivityManager: Changes in 10214 3 to 10, 144 to 128
06-23 12:39:33.262  1909  2720 I ActivityManager: Changes in 10117 19 to 3, 0 to 144
06-23 12:39:33.785  1909  1965 I ActivityManager: Changes in 10329 19 to 19, 128 to 0
06-23 12:39:33.786  1909  1965 I ActivityManager: Changes in 10214 19 to 19, 128 to 0
06-23 12:39:34.919  1909  4340 I ActivityManager: Changes in 5009 19 to 5, 0 to 144
06-23 12:39:34.958  1909  1973 I ActivityManager: Start proc 10501:com.samsung.android.app.notes/u0a326 for content provider {com.samsung.android.app.notes/com.samsung.android.support.senl.nt.app.sync.cloudsettings.callee.NotesSyncRpcProvider}
06-23 12:39:34.959  1909  1973 I ActivityManager: ProcessObserver broadcast disabled
06-23 12:39:34.971  1909  1973 I ActivityManager: Start proc 10502:com.samsung.android.app.reminder/u0a224 for content provider {com.samsung.android.app.reminder/com.samsung.android.app.reminder.data.sync.CloudConnectionProvider}
06-23 12:39:34.971  1909  1973 I ActivityManager: ProcessObserver broadcast disabled
06-23 12:39:35.289  1909  2720 I ActivityManager: Changes in 10224 19 to 5, 0 to 144
06-23 12:39:35.559  1909  2720 I ActivityManager: Changes in 10326 19 to 5, 0 to 144
06-23 12:39:37.061  1909  1965 I ActivityManager: Changes in 10329 19 to 3, 0 to 144
06-23 12:39:37.061  1909  1965 I ActivityManager: Changes in 10214 19 to 3, 0 to 144
06-23 12:39:37.735  1909  1965 I ActivityManager: Changes in 10117 3 to 15, 144 to 128
06-23 12:39:37.782  1909  2776 I ActivityManager: Changes in 10117 15 to 15, 128 to 0
06-23 12:39:38.293  1909  1971 I ActivityManager: Changes in 10329 3 to 15, 144 to 0
06-23 12:39:38.326  1909  1971 I ActivityManager: Changes in 10214 3 to 15, 144 to 0
06-23 12:39:39.357  1909  2776 I ActivityManager: Changes in 10117 19 to 5, 0 to 144
06-23 12:39:39.376  1909  2720 I ActivityManager: Changes in 10117 5 to 5, 144 to 184
06-23 12:39:39.571  1909  4340 I ActivityManager: Changes in 10117 5 to 5, 184 to 144
06-23 12:39:41.084  1909  1971 I ActivityManager: Changes in 10326 5 to 15, 144 to 0
06-23 12:39:41.085  1909  1971 I ActivityManager: Changes in 10224 5 to 15, 144 to 0
06-23 12:39:41.085  1909  1971 I ActivityManager: Changes in 10117 5 to 15, 144 to 0
06-23 12:39:41.118  1909  1971 I ActivityManager: Changes in 5009 5 to 15, 144 to 0
06-23 12:39:42.934  1909  1965 I ActivityManager: Changes in 10147 5 to 2, 184 to 255
06-23 12:39:43.700  1909  1965 I ActivityManager: Changes in 99215 19 to 3, 0 to 184
06-23 12:39:43.701  1909  1965 I ActivityManager: Changes in 11064 16 to 2, 0 to 255
06-23 12:39:43.967  1909  1965 I ActivityManager: Changes in 10147 2 to 5, 255 to 184
06-23 12:39:53.820  1909  2720 I ActivityManager: Changes in 99215 3 to 10, 184 to 0
06-23 12:40:01.085  1909  1972 I ActivityManager: Killing 5177:com.lguplus.appstore/u0a99 (adj 985): empty #25
06-23 12:40:02.087  1909  1972 I ActivityManager: Killing 8063:com.samsung.android.kmxservice:AiPrivacy/u0a89 (adj 985): empty #25
06-23 12:41:43.031  1909  1972 I ActivityManager: Changes in 10096 19 to 11, 0 to 128
06-23 12:41:43.051  1909  2749 I ActivityManager: Changes in 99215 19 to 5, 0 to 184
06-23 12:41:53.042  1909  2065 I ActivityManager: Changes in 10096 19 to 19, 128 to 0
06-23 12:41:58.117  1909  2870 I ActivityManager: Changes in 99215 5 to 10, 184 to 0
06-23 12:43:03.706  1909  1972 I ActivityManager: Changes in 10250 19 to 11, 0 to 128
06-23 12:43:03.708  1909  4174 I ActivityManager: Changes in 10250 11 to 19, 128 to 0
06-23 12:44:52.550  1909  1972 I ActivityManager: Changes in 10296 19 to 11, 0 to 128
06-23 12:44:52.559  1909  4174 I ActivityManager: Changes in 10296 11 to 19, 128 to 0
06-23 12:44:53.715  1909  1972 I ActivityManager: Changes in 10296 19 to 11, 0 to 128
06-23 12:44:53.721  1909  2870 I ActivityManager: Changes in 10296 11 to 19, 128 to 0
06-23 12:46:37.809  1909  1972 I ActivityManager: Changes in 10096 19 to 11, 0 to 128
06-23 12:46:37.823  1909  2749 I ActivityManager: Changes in 10096 11 to 19, 128 to 0
06-23 12:46:59.339  1909  1972 I ActivityManager: Changes in 10096 19 to 11, 0 to 128
06-23 12:46:59.351  1909  3174 I ActivityManager: Changes in 10096 11 to 19, 128 to 0
06-23 12:46:59.392  1909  1973 I ActivityManager: Start proc 10800:com.lguplus.appstore/u0a99 for service {com.lguplus.appstore/androidx.work.impl.background.systemjob.SystemJobService}
06-23 12:46:59.392  1909  1973 I ActivityManager: ProcessObserver broadcast disabled
06-23 12:46:59.890  1909  1972 I ActivityManager: Changes in 10055 19 to 11, 0 to 128
06-23 12:46:59.900  1909  3050 I ActivityManager: Changes in 10055 11 to 5, 128 to 144
06-23 12:46:59.976  1909  2057 I ActivityManager: Changes in 99215 19 to 8, 0 to 128
06-23 12:46:59.976  1909  2057 I ActivityManager: Changes in 10099 19 to 8, 0 to 128
06-23 12:47:00.009  1909  3606 I ActivityManager: Changes in 10251 19 to 8, 0 to 128
06-23 12:47:00.018  1909  3606 I ActivityManager: Changes in 99215 8 to 10, 128 to 0
06-23 12:47:00.018  1909  3606 I ActivityManager: Changes in 10251 8 to 10, 128 to 0
06-23 12:47:00.018  1909  3606 I ActivityManager: Changes in 10099 8 to 10, 128 to 0
06-23 12:47:05.951  1909  1971 I ActivityManager: Changes in 10055 5 to 15, 144 to 0
06-23 12:47:25.955  1909  1972 I ActivityManager: Killing 5718:com.samsung.android.privacydashboard/u0a107 (adj 975): empty #25
06-23 12:47:35.028  1909  1972 I ActivityManager: Changes in 10250 19 to 11, 0 to 128
06-23 12:47:35.031  1909  3606 I ActivityManager: Changes in 10250 11 to 19, 128 to 0
06-23 12:47:51.865  1909  1973 I ActivityManager: Start proc 10873:com.google.android.partnersetup/u0a243 for service {com.google.android.partnersetup/com.google.android.partnersetup.InstalledAppJobService}
06-23 12:47:51.865  1909  1973 I ActivityManager: ProcessObserver broadcast disabled
06-23 12:47:51.877  1909  1973 I ActivityManager: Start proc 10874:com.google.android.apps.turbo:aab/u0a250 for service {com.google.android.apps.turbo/com.google.android.libraries.smartbattery.appusage.library.InferAppBucketsJob}
06-23 12:47:51.878  1909  1973 I ActivityManager: ProcessObserver broadcast disabled
06-23 12:47:51.993  1909  2057 I ActivityManager: Changes in 10243 19 to 8, 0 to 128
06-23 12:47:52.012  1909  3174 I ActivityManager: Changes in 10250 19 to 8, 0 to 128
06-23 12:47:52.047  1909  2057 I ActivityManager: Changes in 10243 8 to 10, 128 to 0
06-23 12:47:52.054  1909  3174 I ActivityManager: Killing 9062:com.samsung.drmboost/u0a339 (adj 965): empty #25
06-23 12:47:52.105  1909  2065 I ActivityManager: Changes in 10243 19 to 8, 0 to 128
06-23 12:47:52.152  1909  3606 I ActivityManager: Changes in 10243 8 to 10, 128 to 0
06-23 12:47:52.258  1909  2065 I ActivityManager: Changes in 10243 19 to 8, 0 to 128
06-23 12:47:52.281  1909  3174 I ActivityManager: Changes in 10243 8 to 10, 128 to 0
06-23 12:47:52.384  1909  2065 I ActivityManager: Changes in 10243 19 to 8, 0 to 128
06-23 12:47:52.394  1909  3606 I ActivityManager: Changes in 10250 8 to 10, 128 to 0
06-23 12:47:52.415  1909  3606 I ActivityManager: Changes in 99215 19 to 8, 0 to 128
06-23 12:47:52.653  1909  3606 I ActivityManager: Changes in 99215 8 to 10, 128 to 0
06-23 12:47:52.654  1909  3606 I ActivityManager: Changes in 10243 8 to 10, 128 to 0
06-23 12:47:52.658  1909  2057 I ActivityManager: Killing 8649:com.google.android.rkpdapp/u0a348 (adj 955): empty #25
06-23 12:48:53.426  1909  1972 I ActivityManager: Changes in 10096 19 to 11, 0 to 128
06-23 12:48:53.432  1909  3050 I ActivityManager: Changes in 10096 11 to 19, 128 to 0
06-23 12:48:53.502  1909  1973 I ActivityManager: Start proc 10929:com.sec.android.app.shealth:remote/u0a328 for service {com.sec.android.app.shealth/com.samsung.android.service.health.data.phd.PrivilegedHealthService}
06-23 12:48:53.503  1909  1973 I ActivityManager: ProcessObserver broadcast disabled
06-23 12:48:54.110  1909  2749 I ActivityManager: Killing 4861:com.android.vending:background/u0a251 (adj 945): empty #25
06-23 12:49:22.032  1909  1973 I ActivityManager: Start proc 10976:com.samsung.android.privacydashboard/u0a107 for content provider {com.samsung.android.privacydashboard/com.samsung.android.privacydashboard.provider.PermissionAccessInformationContentProvider}
06-23 12:49:22.033  1909  1973 I ActivityManager: ProcessObserver broadcast disabled
06-23 12:49:22.168  1909  2803 I ActivityManager: Changes in 10107 19 to 5, 0 to 144
06-23 12:49:28.271  1909  1971 I ActivityManager: Changes in 10107 5 to 15, 144 to 0
06-23 12:49:48.276  1909  1972 I ActivityManager: Killing 9808:com.google.android.setupwizard/u0a279 (adj 925): empty #25
06-23 12:50:31.991  1909  1973 I ActivityManager: Start proc 11014:com.samsung.android.game.gos/u0a76 for service {com.samsung.android.game.gos/com.samsung.android.game.gos.service.MainIntentService}
06-23 12:50:31.992  1909  1973 I ActivityManager: ProcessObserver broadcast disabled
06-23 12:50:32.279  1909  2749 I ActivityManager: Killing 9967:com.samsung.android.mobileservice/u0a119 (adj 915): empty #25
06-23 12:52:36.520  1909  1972 I ActivityManager: Changes in 10250 19 to 11, 0 to 128
06-23 12:52:36.522  1909  2870 I ActivityManager: Changes in 10250 11 to 19, 128 to 0
06-23 12:52:46.277  1909  1972 I ActivityManager: Changes in 10096 19 to 11, 0 to 128
06-23 12:52:46.310  1909  2749 I ActivityManager: Changes in 99215 19 to 5, 0 to 184
06-23 12:52:56.293  1909  2065 I ActivityManager: Changes in 10096 19 to 19, 128 to 0
06-23 12:53:01.362  1909  2769 I ActivityManager: Changes in 99215 5 to 10, 184 to 0
06-23 12:58:08.155  1909  1972 I ActivityManager: Changes in 10250 19 to 11, 0 to 128
06-23 12:58:08.160  1909  3606 I ActivityManager: Changes in 10250 11 to 19, 128 to 0
06-23 13:04:29.366  1909  1972 I ActivityManager: Changes in 10096 19 to 11, 0 to 128
06-23 13:04:29.373  1909  1972 I ActivityManager: Changes in 10108 10 to 10, 0 to 128
06-23 13:04:29.375  1909  2870 I ActivityManager: Changes in 10096 11 to 19, 128 to 0
06-23 13:04:29.376  1909  2870 I ActivityManager: Changes in 10108 10 to 10, 128 to 0
06-23 13:06:52.135  1909  2749 I ActivityManager: com.samsung.android.app.telephonyui is exempt from freezer by list
06-23 13:06:52.147  1909  1973 I ActivityManager: Start proc 11395:com.samsung.android.app.telephonyui/1001 for content provider {com.samsung.android.app.telephonyui/com.samsung.android.app.telephonyui.provider.InternalContentProvider}
06-23 13:06:52.147  1909  1973 I ActivityManager: ProcessObserver broadcast disabled
06-23 13:07:18.396  1909  1972 I ActivityManager: Killing 10502:com.samsung.android.app.reminder/u0a224 (adj 905): empty #25
06-23 13:07:46.927  1909  1972 I ActivityManager: Changes in 10096 19 to 11, 0 to 128
06-23 13:07:46.930  1909  2749 I ActivityManager: Changes in 10096 11 to 19, 128 to 0
06-23 13:09:11.434  1909  1972 I ActivityManager: Changes in 10250 19 to 11, 0 to 128
06-23 13:09:11.435  1909  3050 I ActivityManager: Changes in 10250 11 to 19, 128 to 0
06-23 13:12:46.279  1909  1972 I ActivityManager: Changes in 10096 19 to 11, 0 to 128
06-23 13:12:46.301  1909  2870 I ActivityManager: Changes in 99215 19 to 5, 0 to 184
06-23 13:12:56.294  1909  2065 I ActivityManager: Changes in 10096 19 to 19, 128 to 0
06-23 13:13:01.366  1909  3050 I ActivityManager: Changes in 99215 5 to 10, 184 to 0
06-23 13:13:42.992  1909  1972 I ActivityManager: Changes in 10250 19 to 11, 0 to 128
06-23 13:13:42.994  1909  3050 I ActivityManager: Changes in 10250 11 to 19, 128 to 0
06-23 13:16:37.793  1909  1972 I ActivityManager: Changes in 10096 19 to 11, 0 to 128
06-23 13:16:37.799  1909  2057 I ActivityManager: Changes in 10096 11 to 19, 128 to 0
06-23 13:18:14.411  1909  1972 I ActivityManager: Changes in 10250 19 to 11, 0 to 128
06-23 13:18:14.414  1909  4340 I ActivityManager: Changes in 10250 11 to 19, 128 to 0
06-23 13:18:47.305  1909  2870 I ActivityManager: Changes in 99215 19 to 5, 0 to 184
06-23 13:19:02.322  1909  2057 I ActivityManager: Changes in 99215 5 to 10, 184 to 0
06-23 13:19:23.274  1909  9411 I ActivityManager: Changes in 10107 19 to 5, 0 to 144
06-23 13:19:29.321  1909  1971 I ActivityManager: Changes in 10107 5 to 15, 144 to 0
06-23 13:21:59.395  1909  1972 I ActivityManager: Changes in 10096 19 to 11, 0 to 128
06-23 13:21:59.405  1909  2057 I ActivityManager: Changes in 10096 11 to 19, 128 to 0
06-23 13:21:59.422  1909  2057 I ActivityManager: Changes in 99215 19 to 5, 0 to 184
06-23 13:22:14.496  1909  4340 I ActivityManager: Changes in 99215 5 to 10, 184 to 0
06-23 13:22:45.768  1909  1972 I ActivityManager: Changes in 10250 19 to 11, 0 to 128
06-23 13:22:45.772  1909  4340 I ActivityManager: Changes in 10250 11 to 19, 128 to 0
06-23 13:27:17.125  1909  1972 I ActivityManager: Changes in 10250 19 to 11, 0 to 128
06-23 13:27:17.131  1909  2769 I ActivityManager: Changes in 10250 11 to 19, 128 to 0
06-23 13:27:56.652  1909  1965 I ActivityManager: Changes in 10147 5 to 2, 184 to 255
06-23 13:27:57.260  1909  1965 I ActivityManager: Changes in 11064 2 to 15, 255 to 128
06-23 13:27:57.315  1909  4340 I ActivityManager: Changes in 99215 19 to 10, 0 to 128
06-23 13:27:57.343  1909  4340 I ActivityManager: Changes in 99215 15 to 15, 128 to 0
06-23 13:27:57.344  1909  4340 I ActivityManager: Changes in 11064 15 to 15, 128 to 0
06-23 13:27:57.992  1909  4340 I ActivityManager: Changes in 10147 2 to 5, 255 to 184
06-23 13:27:58.607  1909  2803 I ActivityManager: Changes in 10214 19 to 3, 0 to 144
06-23 13:27:58.613  1909  3050 I ActivityManager: Changes in 10329 19 to 3, 0 to 144
06-23 13:28:04.631  1909  1971 I ActivityManager: Changes in 10329 3 to 15, 144 to 0
06-23 13:28:04.661  1909  1971 I ActivityManager: Changes in 10214 3 to 15, 144 to 0
06-23 13:28:05.524  1909  1965 I ActivityManager: Changes in 10147 5 to 2, 184 to 255
06-23 13:28:06.274  1909  1965 I ActivityManager: Changes in 99215 19 to 3, 0 to 184
06-23 13:28:06.274  1909  1965 I ActivityManager: Changes in 11064 16 to 2, 0 to 255
06-23 13:28:06.534  1909  1965 I ActivityManager: Changes in 10147 2 to 5, 255 to 184
06-23 13:28:16.420  1909  3174 I ActivityManager: Changes in 99215 3 to 10, 184 to 0
06-23 13:29:03.640  1909  2187 I ActivityManager: Changes in 99215 19 to 8, 0 to 128
06-23 13:29:03.659  1909  2187 I ActivityManager: Changes in 99215 8 to 10, 128 to 0
06-23 13:29:12.443  1909  1973 I ActivityManager: Start proc 11978:com.skt.skaf.OA00018282/u0a104 for content provider {com.skt.skaf.OA00018282/com.onestore.utils.ApiContentProvider}
06-23 13:29:12.443  1909  1973 I ActivityManager: ProcessObserver broadcast disabled
06-23 13:29:13.722  1909  3050 I ActivityManager: Killing 10501:com.samsung.android.app.notes/u0a326 (adj 965): empty #25
06-23 13:31:48.440  1909  1972 I ActivityManager: Changes in 10250 19 to 11, 0 to 128
06-23 13:31:48.443  1909  3606 I ActivityManager: Changes in 10250 11 to 19, 128 to 0
06-23 13:32:46.282  1909  1972 I ActivityManager: Changes in 10096 19 to 11, 0 to 128
06-23 13:32:46.302  1909  4174 I ActivityManager: Changes in 99215 19 to 5, 0 to 184
06-23 13:32:56.299  1909  2065 I ActivityManager: Changes in 10096 19 to 19, 128 to 0
06-23 13:33:01.353  1909  4174 I ActivityManager: Changes in 99215 5 to 10, 184 to 0
06-23 13:36:49.919  1909  1972 I ActivityManager: Changes in 10250 19 to 11, 0 to 128
06-23 13:36:49.921  1909  3606 I ActivityManager: Changes in 10250 11 to 19, 128 to 0
06-23 13:39:29.414  1909  1972 I ActivityManager: Changes in 10108 10 to 10, 0 to 128
06-23 13:39:29.421  1909  1972 I ActivityManager: Changes in 10096 19 to 11, 0 to 128
06-23 13:39:29.424  1909  2769 I ActivityManager: Changes in 10108 10 to 10, 128 to 0
06-23 13:39:29.435  1909  2769 I ActivityManager: Changes in 10096 11 to 19, 128 to 0
--------- beginning of crash
06-23 13:39:51.918 31582 31631 F libc    : Fatal signal 11 (SIGSEGV), code 1 (SEGV_MAPERR), fault addr 0xc0 in tid 31631 (mqt_v_js), pid 31582 (.arcfire.online)
06-23 13:39:52.839 12269 12269 F DEBUG   : *** *** *** *** *** *** *** *** *** *** *** *** *** *** *** ***
06-23 13:39:52.839 12269 12269 F DEBUG   : Build fingerprint: 'samsung/a34xks/a34x:16/BP2A.250605.031.A3/A346NKSSEEZD4:user/release-keys'
06-23 13:39:52.839 12269 12269 F DEBUG   : Revision: '6'
06-23 13:39:52.839 12269 12269 F DEBUG   : ABI: 'arm64'
06-23 13:39:52.839 12269 12269 F DEBUG   : Processor: '7'
06-23 13:39:52.839 12269 12269 F DEBUG   : Timestamp: 2026-06-23 13:39:52.036993712+0900
06-23 13:39:52.839 12269 12269 F DEBUG   : Process uptime: 11807s
06-23 13:39:52.839 12269 12269 F DEBUG   : Cmdline: com.arcfire.online
06-23 13:39:52.839 12269 12269 F DEBUG   : pid: 31582, tid: 31631, name: mqt_v_js  >>> com.arcfire.online <<<
06-23 13:39:52.839 12269 12269 F DEBUG   : uid: 11064
06-23 13:39:52.839 12269 12269 F DEBUG   : tagged_addr_ctrl: 0000000000000001 (PR_TAGGED_ADDR_ENABLE)
06-23 13:39:52.839 12269 12269 F DEBUG   : signal 11 (SIGSEGV), code 1 (SEGV_MAPERR), fault addr 0x00000000000000c0
06-23 13:39:52.839 12269 12269 F DEBUG   : Cause: null pointer dereference
06-23 13:39:52.839 12269 12269 F DEBUG   :     x0  00000001000002aa  x1  fffb8000000002aa  x2  000000000000000a  x3  000000005d8121bf
06-23 13:39:52.839 12269 12269 F DEBUG   :     x4  0000000000000000  x5  000000005d8121bf  x6  000000784b0d6c18  x7  000000784b0d6c18
06-23 13:39:52.839 12269 12269 F DEBUG   :     x8  00000001000002aa  x9  0000000000000000  x10 b4000079b19a1490  x11 0010160000000000
06-23 13:39:52.839 12269 12269 F DEBUG   :     x12 0000000000000000  x13 0000007843e7e060  x14 0000000000000001  x15 0000007780a02240
06-23 13:39:52.839 12269 12269 F DEBUG   :     x16 0000007843e7cb20  x17 0000007c58ac7c80  x18 000000784a4b8000  x19 00000076b4c00000
06-23 13:39:52.839 12269 12269 F DEBUG   :     x20 00000076b4c02420  x21 000000784b0d6c28  x22 00000076b4c00000  x23 b400007b619800e0
06-23 13:39:52.839 12269 12269 F DEBUG   :     x24 000000001fffffff  x25 000000784b0d6c18  x26 000000784b0d8700  x27 0000000000000001
06-23 13:39:52.839 12269 12269 F DEBUG   :     x28 000000784b0d6c08  x29 000000784b0d6a80
06-23 13:39:52.839 12269 12269 F DEBUG   :     lr  0000007843d2382c  sp  000000784b0d6a80  pc  0000007843d238b0  pst 0000000000001000
06-23 13:39:52.839 12269 12269 F DEBUG   : 43 total frames
06-23 13:39:52.839 12269 12269 F DEBUG   : backtrace:
06-23 13:39:52.839 12269 12269 F DEBUG   :       #00 pc 00000000000aa8b0  /data/app/~~LKpupZ9kwJI8VVleKZBWGA==/com.arcfire.online-frOiN8C1QVjtBYjJYCAtAw==/base.apk!libhermes.so (offset 0x122e000) (BuildId: 86f5d3fe3822a585f13315932b890fa3aca87d19)
06-23 13:39:52.839 12269 12269 F DEBUG   :       #01 pc 00000000000c0b0c  /data/app/~~LKpupZ9kwJI8VVleKZBWGA==/com.arcfire.online-frOiN8C1QVjtBYjJYCAtAw==/base.apk!libhermes.so (offset 0x122e000) (BuildId: 86f5d3fe3822a585f13315932b890fa3aca87d19)
06-23 13:39:52.839 12269 12269 F DEBUG   :       #02 pc 00000000000c2cb0  /data/app/~~LKpupZ9kwJI8VVleKZBWGA==/com.arcfire.online-frOiN8C1QVjtBYjJYCAtAw==/base.apk!libhermes.so (offset 0x122e000) (BuildId: 86f5d3fe3822a585f13315932b890fa3aca87d19)
06-23 13:39:52.839 12269 12269 F DEBUG   :       #03 pc 000000000008cad0  /data/app/~~LKpupZ9kwJI8VVleKZBWGA==/com.arcfire.online-frOiN8C1QVjtBYjJYCAtAw==/base.apk!libhermes.so (offset 0x122e000) (BuildId: 86f5d3fe3822a585f13315932b890fa3aca87d19)
06-23 13:39:52.839 12269 12269 F DEBUG   :       #04 pc 00000000000ab8a0  /data/app/~~LKpupZ9kwJI8VVleKZBWGA==/com.arcfire.online-frOiN8C1QVjtBYjJYCAtAw==/base.apk!libreanimated.so (offset 0x1bab000) (facebook::jsi::WithRuntimeDecorator<reanimated::AroundLock, facebook::jsi::Runtime, facebook::jsi::Runtime>::setPropertyValue(facebook::jsi::Object const&, facebook::jsi::String const&, facebook::jsi::Value const&)+88) (BuildId: 46cdad22725668141510151d95da88d7c5261256)
06-23 13:39:52.839 12269 12269 F DEBUG   :       #05 pc 000000000009b23c  /data/app/~~LKpupZ9kwJI8VVleKZBWGA==/com.arcfire.online-frOiN8C1QVjtBYjJYCAtAw==/base.apk!libreanimated.so (offset 0x1bab000) (void facebook::jsi::Object::setProperty<facebook::jsi::Value>(facebook::jsi::Runtime&, char const*, facebook::jsi::Value&&) const+112) (BuildId: 46cdad22725668141510151d95da88d7c5261256)
06-23 13:39:52.839 12269 12269 F DEBUG   :       #06 pc 00000000000b9e04  /data/app/~~LKpupZ9kwJI8VVleKZBWGA==/com.arcfire.online-frOiN8C1QVjtBYjJYCAtAw==/base.apk!libreanimated.so (offset 0x1bab000) (reanimated::ShareableObject::toJSValue(facebook::jsi::Runtime&)+176) (BuildId: 46cdad22725668141510151d95da88d7c5261256)
06-23 13:39:52.839 12269 12269 F DEBUG   :       #07 pc 00000000000ba35c  /data/app/~~LKpupZ9kwJI8VVleKZBWGA==/com.arcfire.online-frOiN8C1QVjtBYjJYCAtAw==/base.apk!libreanimated.so (offset 0x1bab000) (reanimated::ShareableWorklet::toJSValue(facebook::jsi::Runtime&)+44) (BuildId: 46cdad22725668141510151d95da88d7c5261256)
06-23 13:39:52.839 12269 12269 F DEBUG   :       #08 pc 00000000000a92b0  /data/app/~~LKpupZ9kwJI8VVleKZBWGA==/com.arcfire.online-frOiN8C1QVjtBYjJYCAtAw==/base.apk!libreanimated.so (offset 0x1bab000) (reanimated::WorkletRuntime::executeSync(facebook::jsi::Runtime&, facebook::jsi::Value const&) const+184) (BuildId: 46cdad22725668141510151d95da88d7c5261256)
06-23 13:39:52.839 12269 12269 F DEBUG   :       #09 pc 0000000000096070  /data/app/~~LKpupZ9kwJI8VVleKZBWGA==/com.arcfire.online-frOiN8C1QVjtBYjJYCAtAw==/base.apk!libhermes.so (offset 0x122e000) (BuildId: 86f5d3fe3822a585f13315932b890fa3aca87d19)
06-23 13:39:52.839 12269 12269 F DEBUG   :       #10 pc 0000000000095cd0  /data/app/~~LKpupZ9kwJI8VVleKZBWGA==/com.arcfire.online-frOiN8C1QVjtBYjJYCAtAw==/base.apk!libhermes.so (offset 0x122e000) (BuildId: 86f5d3fe3822a585f13315932b890fa3aca87d19)
06-23 13:39:52.839 12269 12269 F DEBUG   :       #11 pc 000000000009c7b8  /data/app/~~LKpupZ9kwJI8VVleKZBWGA==/com.arcfire.online-frOiN8C1QVjtBYjJYCAtAw==/base.apk!libhermes.so (offset 0x122e000) (BuildId: 86f5d3fe3822a585f13315932b890fa3aca87d19)
06-23 13:39:52.839 12269 12269 F DEBUG   :       #12 pc 00000000000aca40  /data/app/~~LKpupZ9kwJI8VVleKZBWGA==/com.arcfire.online-frOiN8C1QVjtBYjJYCAtAw==/base.apk!libhermes.so (offset 0x122e000) (BuildId: 86f5d3fe3822a585f13315932b890fa3aca87d19)
06-23 13:39:52.839 12269 12269 F DEBUG   :       #13 pc 00000000000ae3f4  /data/app/~~LKpupZ9kwJI8VVleKZBWGA==/com.arcfire.online-frOiN8C1QVjtBYjJYCAtAw==/base.apk!libhermes.so (offset 0x122e000) (BuildId: 86f5d3fe3822a585f13315932b890fa3aca87d19)
06-23 13:39:52.839 12269 12269 F DEBUG   :       #14 pc 00000000000adaac  /data/app/~~LKpupZ9kwJI8VVleKZBWGA==/com.arcfire.online-frOiN8C1QVjtBYjJYCAtAw==/base.apk!libhermes.so (offset 0x122e000) (BuildId: 86f5d3fe3822a585f13315932b890fa3aca87d19)
06-23 13:39:52.839 12269 12269 F DEBUG   :       #15 pc 000000000009c8c8  /data/app/~~LKpupZ9kwJI8VVleKZBWGA==/com.arcfire.online-frOiN8C1QVjtBYjJYCAtAw==/base.apk!libhermes.so (offset 0x122e000) (BuildId: 86f5d3fe3822a585f13315932b890fa3aca87d19)
06-23 13:39:52.840 12269 12269 F DEBUG   :       #16 pc 000000000009b20c  /data/app/~~LKpupZ9kwJI8VVleKZBWGA==/com.arcfire.online-frOiN8C1QVjtBYjJYCAtAw==/base.apk!libhermes.so (offset 0x122e000) (BuildId: 86f5d3fe3822a585f13315932b890fa3aca87d19)
06-23 13:39:52.840 12269 12269 F DEBUG   :       #17 pc 00000000000c1184  /data/app/~~LKpupZ9kwJI8VVleKZBWGA==/com.arcfire.online-frOiN8C1QVjtBYjJYCAtAw==/base.apk!libhermes.so (offset 0x122e000) (BuildId: 86f5d3fe3822a585f13315932b890fa3aca87d19)
06-23 13:39:52.840 12269 12269 F DEBUG   :       #18 pc 00000000000afce0  /data/app/~~LKpupZ9kwJI8VVleKZBWGA==/com.arcfire.online-frOiN8C1QVjtBYjJYCAtAw==/base.apk!libhermes.so (offset 0x122e000) (BuildId: 86f5d3fe3822a585f13315932b890fa3aca87d19)
06-23 13:39:52.840 12269 12269 F DEBUG   :       #19 pc 00000000000adaac  /data/app/~~LKpupZ9kwJI8VVleKZBWGA==/com.arcfire.online-frOiN8C1QVjtBYjJYCAtAw==/base.apk!libhermes.so (offset 0x122e000) (BuildId: 86f5d3fe3822a585f13315932b890fa3aca87d19)
06-23 13:39:52.840 12269 12269 F DEBUG   :       #20 pc 000000000009c8c8  /data/app/~~LKpupZ9kwJI8VVleKZBWGA==/com.arcfire.online-frOiN8C1QVjtBYjJYCAtAw==/base.apk!libhermes.so (offset 0x122e000) (BuildId: 86f5d3fe3822a585f13315932b890fa3aca87d19)
06-23 13:39:52.840 12269 12269 F DEBUG   :       #21 pc 000000000009b20c  /data/app/~~LKpupZ9kwJI8VVleKZBWGA==/com.arcfire.online-frOiN8C1QVjtBYjJYCAtAw==/base.apk!libhermes.so (offset 0x122e000) (BuildId: 86f5d3fe3822a585f13315932b890fa3aca87d19)
06-23 13:39:52.840 12269 12269 F DEBUG   :       #22 pc 00000000000e34a8  /data/app/~~LKpupZ9kwJI8VVleKZBWGA==/com.arcfire.online-frOiN8C1QVjtBYjJYCAtAw==/base.apk!libhermes.so (offset 0x122e000) (BuildId: 86f5d3fe3822a585f13315932b890fa3aca87d19)
06-23 13:39:52.840 12269 12269 F DEBUG   :       #23 pc 000000000008a300  /data/app/~~LKpupZ9kwJI8VVleKZBWGA==/com.arcfire.online-frOiN8C1QVjtBYjJYCAtAw==/base.apk!libhermes.so (offset 0x122e000) (BuildId: 86f5d3fe3822a585f13315932b890fa3aca87d19)
06-23 13:39:52.840 12269 12269 F DEBUG   :       #24 pc 00000000001a3140  /data/app/~~LKpupZ9kwJI8VVleKZBWGA==/com.arcfire.online-frOiN8C1QVjtBYjJYCAtAw==/base.apk!libfabricjni.so (offset 0xec6000) (facebook::react::RuntimeScheduler_Modern::executeTask(facebook::jsi::Runtime&, facebook::react::Task&, std::__ndk1::chrono::time_point<std::__ndk1::chrono::steady_clock, std::__ndk1::chrono::duration<long long, std::__ndk1::ratio<1l, 1000000000l>>>)+80) (BuildId: 074196c1ce0fefdd)
06-23 13:39:52.840 12269 12269 F DEBUG   :       #25 pc 00000000001a2d98  /data/app/~~LKpupZ9kwJI8VVleKZBWGA==/com.arcfire.online-frOiN8C1QVjtBYjJYCAtAw==/base.apk!libfabricjni.so (offset 0xec6000) (facebook::react::RuntimeScheduler_Modern::startWorkLoop(facebook::jsi::Runtime&, bool)+144) (BuildId: 074196c1ce0fefdd)
06-23 13:39:52.840 12269 12269 F DEBUG   :       #26 pc 00000000000560c0  /data/app/~~LKpupZ9kwJI8VVleKZBWGA==/com.arcfire.online-frOiN8C1QVjtBYjJYCAtAw==/base.apk!librninstance.so (offset 0x1c9f000) (BuildId: 44780688da79cb26)
06-23 13:39:52.840 12269 12269 F DEBUG   :       #27 pc 0000000000093194  /data/app/~~LKpupZ9kwJI8VVleKZBWGA==/com.arcfire.online-frOiN8C1QVjtBYjJYCAtAw==/base.apk!libreactnativejni.so (offset 0x1acb000) (BuildId: 414dcce2b8e85959)
06-23 13:39:52.840 12269 12269 F DEBUG   :       #28 pc 0000000000019804  /data/app/~~LKpupZ9kwJI8VVleKZBWGA==/com.arcfire.online-frOiN8C1QVjtBYjJYCAtAw==/base.apk!libfbjni.so (offset 0x10e4000) (facebook::jni::detail::MethodWrapper<void (facebook::jni::JNativeRunnable::*)(), &facebook::jni::JNativeRunnable::run(), facebook::jni::JNativeRunnable, void>::dispatch(facebook::jni::alias_ref<facebook::jni::detail::JTypeFor<facebook::jni::HybridClass<facebook::jni::JNativeRunnable, facebook::jni::JRunnable>::JavaPart, facebook::jni::JRunnable, void>::_javaobject*>)+72) (BuildId: a22242831a7971267de570e06121acb588ce64cd)
06-23 13:39:52.840 12269 12269 F DEBUG   :       #29 pc 0000000000019744  /data/app/~~LKpupZ9kwJI8VVleKZBWGA==/com.arcfire.online-frOiN8C1QVjtBYjJYCAtAw==/base.apk!libfbjni.so (offset 0x10e4000) (facebook::jni::detail::FunctionWrapper<void (*)(facebook::jni::alias_ref<facebook::jni::detail::JTypeFor<facebook::jni::HybridClass<facebook::jni::JNativeRunnable, facebook::jni::JRunnable>::JavaPart, facebook::jni::JRunnable, void>::_javaobject*>), facebook::jni::detail::JTypeFor<facebook::jni::HybridClass<facebook::jni::JNativeRunnable, facebook::jni::JRunnable>::JavaPart, facebook::jni::JRunnable, void>::_javaobject*, void>::call(_JNIEnv*, _jobject*, void (*)(facebook::jni::alias_ref<facebook::jni::detail::JTypeFor<facebook::jni::HybridClass<facebook::jni::JNativeRunnable, facebook::jni::JRunnable>::JavaPart, facebook::jni::JRunnable, void>::_javaobject*>))+60) (BuildId: a22242831a7971267de570e06121acb588ce64cd)
06-23 13:39:52.840 12269 12269 F DEBUG   :       #30 pc 0000000000f2f23c  /data/misc/apexdata/com.android.art/dalvik-cache/arm64/boot.oat (art_jni_trampoline+108)
06-23 13:39:52.840 12269 12269 F DEBUG   :       #31 pc 000000000008e9b8  [anon_shmem:dalvik-jit-code-cache] (offset 0x2000000) (com.facebook.react.bridge.queue.MessageQueueThreadHandler.dispatchMessage+72)
06-23 13:39:52.840 12269 12269 F DEBUG   :       #32 pc 00000000009c3500  /data/misc/apexdata/com.android.art/dalvik-cache/arm64/boot.oat (android.os.Looper.loopOnce+1952)
06-23 13:39:52.840 12269 12269 F DEBUG   :       #33 pc 00000000009c2ce4  /data/misc/apexdata/com.android.art/dalvik-cache/arm64/boot.oat (android.os.Looper.loop+244)
06-23 13:39:52.840 12269 12269 F DEBUG   :       #34 pc 000000000072c104  /apex/com.android.art/lib64/libart.so (nterp_helper+116) (BuildId: 1f156fc62660d075a8d675db850b95d5)
06-23 13:39:52.840 12269 12269 F DEBUG   :       #35 pc 000000000043c0f4  /data/app/~~LKpupZ9kwJI8VVleKZBWGA==/com.arcfire.online-frOiN8C1QVjtBYjJYCAtAw==/oat/arm64/base.vdex (com.facebook.react.bridge.queue.MessageQueueThreadImpl$4.run+80)
06-23 13:39:52.840 12269 12269 F DEBUG   :       #36 pc 000000000038dd10  /data/misc/apexdata/com.android.art/dalvik-cache/arm64/boot.oat (java.lang.Thread.run+64)
06-23 13:39:52.840 12269 12269 F DEBUG   :       #37 pc 0000000000298f94  /apex/com.android.art/lib64/libart.so (art_quick_invoke_stub+612) (BuildId: 1f156fc62660d075a8d675db850b95d5)
06-23 13:39:52.840 12269 12269 F DEBUG   :       #38 pc 000000000029738c  /apex/com.android.art/lib64/libart.so (art::ArtMethod::Invoke(art::Thread*, unsigned int*, unsigned int, art::JValue*, char const*)+148) (BuildId: 1f156fc62660d075a8d675db850b95d5)
06-23 13:39:52.840 12269 12269 F DEBUG   :       #39 pc 00000000004d5fd0  /apex/com.android.art/lib64/libart.so (art::Thread::CreateCallback(void*)+1384) (BuildId: 1f156fc62660d075a8d675db850b95d5)
06-23 13:39:52.840 12269 12269 F DEBUG   :       #40 pc 00000000004d5a54  /apex/com.android.art/lib64/libart.so (art::Thread::CreateCallbackWithUffdGc(void*)+12) (BuildId: 1f156fc62660d075a8d675db850b95d5)
06-23 13:39:52.840 12269 12269 F DEBUG   :       #41 pc 0000000000080f8c  /apex/com.android.runtime/lib64/bionic/libc.so (__pthread_start(void*)+236) (BuildId: 8ff701fa7a74a8ad475206062b5b72aa)
06-23 13:39:52.840 12269 12269 F DEBUG   :       #42 pc 00000000000737f0  /apex/com.android.runtime/lib64/bionic/libc.so (__start_thread+64) (BuildId: 8ff701fa7a74a8ad475206062b5b72aa)
06-23 13:39:52.899  1909 12283 W ActivityManager: crash : com.arcfire.online,11064
06-23 13:39:52.916  1909  1963 I ActivityManager: Showing crash dialog for package com.arcfire.online u0
06-23 13:39:52.940  1909 12278 I ActivityManager: Killing 31582:com.arcfire.online/u0a1064 (adj 0): crash
06-23 13:39:52.975  1909  2342 W ActivityManager: pid 1909 system sent binder code 1 with flags 1 to frozen apps and got error -32
06-23 13:39:52.990  1909  1972 I ActivityManager: Changes in 10147 5 to 2, 184 to 255
06-23 13:39:53.048  1909  1965 W ActivityManager: setHasOverlayUi called on unknown pid: 31582
06-23 13:39:53.059  1909  2057 E ActivityManager: Sending non-protected broadcast com.sec.android.intent.action.APP_HQM_SEND_REQ from system 3994:com.sec.android.diagmonagent/1000 pkg com.sec.android.diagmonagent
06-23 13:39:53.059  1909  2057 E ActivityManager: java.lang.Throwable
06-23 13:39:53.059  1909  2057 E ActivityManager: 	at com.android.server.am.BroadcastController.checkBroadcastFromSystem(qb/108940926 802103cef46cde14cb0d3b748d2076734c471a17d4b8e991ffa01c0e15de42a9:252)
06-23 13:39:53.059  1909  2057 E ActivityManager: 	at com.android.server.am.BroadcastController.broadcastIntentLockedTraced(qb/108940926 802103cef46cde14cb0d3b748d2076734c471a17d4b8e991ffa01c0e15de42a9:344)
06-23 13:39:53.059  1909  2057 E ActivityManager: 	at com.android.server.am.BroadcastController.broadcastIntentLocked(qb/108940926 802103cef46cde14cb0d3b748d2076734c471a17d4b8e991ffa01c0e15de42a9:18)
06-23 13:39:53.059  1909  2057 E ActivityManager: 	at com.android.server.am.ActivityManagerService.broadcastIntentWithFeature(qb/108940926 802103cef46cde14cb0d3b748d2076734c471a17d4b8e991ffa01c0e15de42a9:149)
06-23 13:39:53.059  1909  2057 E ActivityManager: 	at android.app.IActivityManager$Stub.onTransact$broadcastIntentWithFeature$(IActivityManager.java:12412)
06-23 13:39:53.059  1909  2057 E ActivityManager: 	at android.app.IActivityManager$Stub.onTransact(IActivityManager.java:3205)
06-23 13:39:53.059  1909  2057 E ActivityManager: 	at com.android.server.am.ActivityManagerService.onTransact(qb/108940926 802103cef46cde14cb0d3b748d2076734c471a17d4b8e991ffa01c0e15de42a9:425)
06-23 13:39:53.059  1909  2057 E ActivityManager: 	at android.os.Binder.execTransactInternal(Binder.java:1462)
06-23 13:39:53.059  1909  2057 E ActivityManager: 	at android.os.Binder.execTransact(Binder.java:1401)
06-23 13:39:53.120  1909  2720 I ActivityManager: Changes in 99215 19 to 3, 0 to 184
06-23 13:39:53.366  1909  2225 W ActivityManager: pid 1909 system sent binder code 7 with flags 1 to frozen apps and got error -32
06-23 13:39:57.276  1909  2225 I ActivityManager: PendingStartActivityUids startActivity to updateOomAdj delay:3870ms, uid:10147
06-23 13:40:08.200  1909  2225 I ActivityManager: Changes in 99215 3 to 10, 184 to 0
06-23 13:41:05.360  1909  1973 I ActivityManager: Start proc 12357:com.arcfire.online/u0a1064 for next-top-activity {com.arcfire.online/com.arcfire.online.MainActivity}
06-23 13:41:05.360  1909  1973 I ActivityManager: ProcessObserver broadcast disabled
06-23 13:41:05.385  1909  4342 I ActivityManager: Changes in 11064 19 to 2, 0 to 255
06-23 13:41:05.496  1909  2225 I ActivityManager: Changes in 99215 19 to 3, 0 to 184
06-23 13:41:05.978  1909  1965 I ActivityManager: Changes in 10147 2 to 5, 255 to 184
06-23 13:41:15.768  1909  4342 I ActivityManager: Changes in 99215 3 to 10, 184 to 0
06-23 13:41:25.433  1909  4342 I ActivityManager: Changes in 99215 19 to 3, 0 to 184
06-23 13:41:35.502  1909  3606 I ActivityManager: Changes in 99215 3 to 10, 184 to 0
06-23 13:43:21.874  1909  1972 I ActivityManager: Changes in 10250 19 to 11, 0 to 128
06-23 13:43:21.879  1909  2225 I ActivityManager: Changes in 10250 11 to 19, 128 to 0
06-23 13:46:37.809  1909  1972 I ActivityManager: Changes in 10096 19 to 11, 0 to 128
06-23 13:46:37.812  1909  4342 I ActivityManager: Changes in 10096 11 to 19, 128 to 0
06-23 13:47:53.201  1909  1972 I ActivityManager: Changes in 10250 19 to 11, 0 to 128
06-23 13:47:53.203  1909  2057 I ActivityManager: Changes in 10250 11 to 19, 128 to 0
06-23 13:48:08.790  1909  2065 I ActivityManager: Changes in 10243 19 to 8, 0 to 128
06-23 13:48:08.805  1909  2065 I ActivityManager: Changes in 10250 19 to 8, 0 to 128
06-23 13:48:08.809  1909  4342 I ActivityManager: Changes in 10243 8 to 10, 128 to 0
06-23 13:48:08.945  1909  4342 I ActivityManager: Changes in 10250 8 to 10, 128 to 0
06-23 13:49:31.731  1909  9411 I ActivityManager: Changes in 10107 19 to 5, 0 to 144
06-23 13:49:37.766  1909  1971 I ActivityManager: Changes in 10107 5 to 15, 144 to 0
06-23 13:51:32.177  1909  1965 I ActivityManager: Changes in 10147 5 to 2, 184 to 255
06-23 13:51:32.178  1909  1965 I ActivityManager: updateOomAdj start time is before than pendingPid added, don't delete it
06-23 13:51:32.738  1909  1965 I ActivityManager: Changes in 11064 2 to 15, 255 to 128
06-23 13:51:34.110  1909  4174 I ActivityManager: Changes in 99215 19 to 10, 0 to 128
06-23 13:51:34.125  1909  3606 I ActivityManager: Changes in 99215 15 to 15, 128 to 0
06-23 13:51:34.125  1909  3606 I ActivityManager: Changes in 11064 15 to 15, 128 to 0
06-23 13:51:35.896  1909  1965 I ActivityManager: Killing 7848:com.google.android.cellbroadcastreceiver/u0a296 (adj 975): empty #25
06-23 13:51:35.897  1909  1965 I ActivityManager: Killing 12357:com.arcfire.online/u0a1064 (adj 905): remove task
06-23 13:51:36.082  1909  1965 W ActivityManager: setHasOverlayUi called on unknown pid: 12357
06-23 13:51:38.008  1909  1973 I ActivityManager: Start proc 12798:com.arcfire.online/u0a1064 for activelaunch {com.arcfire.online/com.arcfire.online.MainActivity}
06-23 13:51:38.008  1909  1973 I ActivityManager: ProcessObserver broadcast disabled
06-23 13:51:38.458  1909  1973 I ActivityManager: Start proc 12829:com.samsung.aasaservice/1000 for service {com.samsung.aasaservice/com.samsung.aasaservice.securitythreatdetector.SecurityThreatDetector}
06-23 13:51:38.458  1909  1973 I ActivityManager: ProcessObserver broadcast disabled
06-23 13:51:38.589  1909  1973 I ActivityManager: Start proc 12847:com.samsung.android.privateaccesstokens/u0a198 for service {com.samsung.android.privateaccesstokens/com.samsung.android.privateaccesstokens.components.services.PATService}
06-23 13:51:38.589  1909  1973 I ActivityManager: ProcessObserver broadcast disabled
06-23 13:51:38.680  1909  2057 I ActivityManager: Killing 8901:com.sec.android.provider.badge/u0a55 (adj 985): empty #25
06-23 13:51:39.288  1909  4343 I ActivityManager: No activity to handle assist action.
06-23 13:51:39.288  1909  4343 I ActivityManager: android.util.AndroidRuntimeException: Activity could not be started for Intent { act=android.intent.action.MAIN cat=[android.intent.category.LAUNCHER] flg=0x10000000 xflg=0x4 pkg=com.google.android.apps.playconsole cmp=com.google.android.apps.playconsole/com.google.android.apps.play.console.mobile.MainActivity }
06-23 13:51:39.288  1909  4343 I ActivityManager: 	at android.app.Instrumentation.checkStartActivityResult(Instrumentation.java:2509)
06-23 13:51:39.288  1909  4343 I ActivityManager: 	at android.app.Instrumentation.execStartActivity(Instrumentation.java:2015)
06-23 13:51:39.288  1909  4343 I ActivityManager: 	at android.app.ContextImpl.startActivity(ContextImpl.java:1207)
06-23 13:51:39.288  1909  4343 I ActivityManager: 	at com.android.server.am.ActivityManagerService.doActiveLaunch(qb/108940926 802103cef46cde14cb0d3b748d2076734c471a17d4b8e991ffa01c0e15de42a9:101)
06-23 13:51:39.288  1909  4343 I ActivityManager: 	at android.app.IActivityManager$Stub.onTransact(IActivityManager.java:5096)
06-23 13:51:39.288  1909  4343 I ActivityManager: 	at com.android.server.am.ActivityManagerService.onTransact(qb/108940926 802103cef46cde14cb0d3b748d2076734c471a17d4b8e991ffa01c0e15de42a9:425)
06-23 13:51:39.288  1909  4343 I ActivityManager: 	at android.os.Binder.execTransactInternal(Binder.java:1462)
06-23 13:51:39.288  1909  4343 I ActivityManager: 	at android.os.Binder.execTransact(Binder.java:1401)
06-23 13:51:39.471  1909  1973 I ActivityManager: Start proc 12867:com.google.android.packageinstaller/u0a78 for next-top-activity {com.google.android.packageinstaller/com.android.packageinstaller.UninstallerActivity}
06-23 13:51:39.472  1909  1973 I ActivityManager: ProcessObserver broadcast disabled
06-23 13:51:39.488  1909  3174 I ActivityManager: Changes in 10078 20 to 2, 0 to 255
06-23 13:51:40.502  1909  1972 I ActivityManager: Force stopping com.arcfire.online appid=11064 user=0: deletePackageX
06-23 13:51:40.528  1909  1972 I ActivityManager: Killing 12798:com.arcfire.online/u0a1064 (adj 915): stop com.arcfire.online due to deletePackageX
06-23 13:51:40.558  1909  1972 I ActivityManager: Changes in 10078 2 to 19, 255 to 128
06-23 13:51:40.562  1909  2720 I ActivityManager: Killing 10800:com.lguplus.appstore/u0a99 (adj 975): empty #25
06-23 13:51:40.675  1909  1965 I ActivityManager: Changes in 10078 19 to 19, 128 to 0
06-23 13:51:41.018  1909  1972 I ActivityManager: Changes in 10078 19 to 11, 0 to 128
06-23 13:51:41.020  1909  2030 I ActivityManager: Force stopping com.arcfire.online appid=11064 user=0: pkg removed
06-23 13:51:41.092  1909  1909 I ActivityManager: Changes in 10198 19 to 19, 0 to 128
06-23 13:51:41.168  1909  1973 W ActivityManager: Slow operation: 72ms so far, now at startProcess: returned from zygote!
06-23 13:51:41.180  1909  1973 W ActivityManager: Slow operation: 85ms so far, now at startProcess: done updating battery stats
06-23 13:51:41.182  1909  1973 W ActivityManager: Slow operation: 87ms so far, now at startProcess: building log message
06-23 13:51:41.184  1909  1973 I ActivityManager: Start proc 12930:com.android.keychain/1000 for service {com.android.keychain/com.android.keychain.KeyChainService}
06-23 13:51:41.184  1909  1973 W ActivityManager: Slow operation: 89ms so far, now at startProcess: starting to update pids map
06-23 13:51:41.185  1909  1973 I ActivityManager: ProcessObserver broadcast disabled
06-23 13:51:41.185  1909  1973 W ActivityManager: Slow operation: 90ms so far, now at startProcess: done updating pids map
06-23 13:51:41.234  1909  1972 I ActivityManager: Changes in 10214 19 to 11, 0 to 128
06-23 13:51:41.240  1909  4174 I ActivityManager: Changes in 10078 11 to 19, 128 to 0
06-23 13:51:41.461  1909  1973 W ActivityManager: Slow operation: 230ms so far, now at startProcess: done updating battery stats
06-23 13:51:41.463  1909  1973 W ActivityManager: Slow operation: 232ms so far, now at startProcess: building log message
06-23 13:51:41.463  1909  1973 I ActivityManager: Start proc 12941:com.samsung.android.provider.filterprovider/1000 for broadcast {com.samsung.android.provider.filterprovider/com.samsung.android.provider.filterprovider.PackageIntentReceiver}
06-23 13:51:41.465  1909  1973 W ActivityManager: Slow operation: 234ms so far, now at startProcess: starting to update pids map
06-23 13:51:41.470  1909  1973 I ActivityManager: ProcessObserver broadcast disabled
06-23 13:51:41.470  1909  1973 W ActivityManager: Slow operation: 240ms so far, now at startProcess: done updating pids map
06-23 13:51:41.490  1909  1972 I ActivityManager: Changes in 10251 19 to 11, 0 to 128
06-23 13:51:41.499  1909  1933 W ActivityManager: Slow operation: 178ms so far, now at finishAttachApplicationInner: after mServices.attachApplicationLocked
06-23 13:51:41.500  1909  1933 W ActivityManager: Slow operation: 178ms so far, now at finishAttachApplicationInner: after dispatching broadcasts
06-23 13:51:41.503  1909  3174 I ActivityManager: Changes in 10214 11 to 19, 128 to 0
06-23 13:51:41.547  1909  1972 I ActivityManager: Changes in 10266 17 to 11, 0 to 128
06-23 13:51:41.638  1909  2720 I ActivityManager: Changes in 99215 10 to 3, 0 to 184
06-23 13:51:41.661  1909  1973 I ActivityManager: Start proc 12985:com.samsung.klmsagent/u0a83 for content provider {com.samsung.klmsagent/com.samsung.klmsagent.common.LicenseAgentProvider}
06-23 13:51:41.661  1909  1973 I ActivityManager: ProcessObserver broadcast disabled
06-23 13:51:41.667  1909  3174 I ActivityManager: Changes in 10266 11 to 17, 128 to 0
06-23 13:51:41.743  1909  1973 W ActivityManager: Slow operation: 72ms so far, now at startProcess: returned from zygote!
06-23 13:51:41.745  1909  1973 W ActivityManager: Slow operation: 74ms so far, now at startProcess: done updating battery stats
06-23 13:51:41.756  1909  1973 W ActivityManager: Slow operation: 84ms so far, now at startProcess: building log message
06-23 13:51:41.757  1909  1973 I ActivityManager: Start proc 13002:com.samsung.android.ssiframework/u0a112 for broadcast {com.samsung.android.ssiframework/com.samsung.android.ssiframework.CaPackageBroadcastReceiver}
06-23 13:51:41.757  1909  1973 W ActivityManager: Slow operation: 85ms so far, now at startProcess: starting to update pids map
06-23 13:51:41.757  1909  1973 I ActivityManager: ProcessObserver broadcast disabled
06-23 13:51:41.757  1909  1973 W ActivityManager: Slow operation: 85ms so far, now at startProcess: done updating pids map
06-23 13:51:41.926  1909  4174 I ActivityManager: Changes in 10251 11 to 3, 128 to 184
06-23 13:51:41.944  1909  2224 I ActivityManager: Changes in 10251 3 to 11, 184 to 128
06-23 13:51:41.961  1909  1972 I ActivityManager: Changes in 10108 10 to 10, 0 to 128
06-23 13:51:41.967  1909  3174 I ActivityManager: Changes in 10108 10 to 10, 128 to 0
06-23 13:51:41.995  1909  3174 I ActivityManager: Changes in 10083 19 to 5, 0 to 144
06-23 13:51:42.045  1909  3606 I ActivityManager: Changes in 10251 11 to 10, 128 to 0
06-23 13:51:42.141  1909  4226 I ActivityManager: Changes in 10112 19 to 11, 0 to 128
06-23 13:51:42.154  1909  4226 I ActivityManager: Killing 9902:com.osp.app.signin/u0a117 (adj 975): empty #25
06-23 13:51:42.154  1909  4226 I ActivityManager: Changes in 10112 11 to 19, 128 to 0
06-23 13:51:42.156  1909  1973 I ActivityManager: Start proc 13083:com.android.vending:background/u0a251 for broadcast {com.android.vending/com.google.android.finsky.packagemonitor.backgroundimpl.BackgroundPackageMonitorReceiverImpl$RegisteredReceiver}
06-23 13:51:42.156  1909  1973 I ActivityManager: ProcessObserver broadcast disabled
06-23 13:51:42.331  1909  4226 I ActivityManager: Changes in 10251 19 to 11, 0 to 128
06-23 13:51:42.347  1909  1973 I ActivityManager: Start proc 13117:com.google.android.apps.carrier.carrierwifi/u0a241 for broadcast {com.google.android.apps.carrier.carrierwifi/com.google.android.apps.carrier.carrierwifi.CarrierWifiReceiver}
06-23 13:51:42.347  1909  1973 I ActivityManager: ProcessObserver broadcast disabled
06-23 13:51:42.438  1909  4226 I ActivityManager: Killing 10929:com.sec.android.app.shealth:remote/u0a328 (adj 975): empty #25
06-23 13:51:42.439  1909  4226 I ActivityManager: Changes in 10251 11 to 19, 128 to 0
06-23 13:51:42.441  1909  1933 I ActivityManager: Changes in 10241 19 to 11, 0 to 128
06-23 13:51:42.457  1909  1973 I ActivityManager: Start proc 13148:com.google.android.rkpdapp/u0a348 for broadcast {com.google.android.rkpdapp/com.android.rkpdapp.PackageRemovalReceiver}
06-23 13:51:42.457  1909  1973 I ActivityManager: ProcessObserver broadcast disabled
06-23 13:51:42.462  1909  1933 I ActivityManager: Killing 11395:com.samsung.android.app.telephonyui/1001 (adj 975): empty #25
06-23 13:51:42.464  1909  1933 I ActivityManager: Changes in 10241 11 to 19, 128 to 0
06-23 13:51:42.536  1909  1933 I ActivityManager: Changes in 10241 19 to 8, 0 to 128
06-23 13:51:42.543  1909  4407 I ActivityManager: Changes in 10348 19 to 11, 0 to 128
06-23 13:51:42.548  1909  4407 I ActivityManager: Changes in 10348 11 to 19, 128 to 0
06-23 13:51:42.555  1909  1973 I ActivityManager: Start proc 13177:com.lguplus.appstore/u0a99 for broadcast {com.lguplus.appstore/com.onestore.android.shopclient.specific.openprotocol.broadcast.receiver.SpecificInstallBroadcastReceiver}
06-23 13:51:42.555  1909  1973 I ActivityManager: ProcessObserver broadcast disabled
06-23 13:51:42.605  1909  3606 I ActivityManager: Changes in 10241 8 to 10, 128 to 0
06-23 13:51:42.612  1909  4226 I ActivityManager: Killing 8461:com.samsung.android.voc/u0a329 (adj 965): empty #25
06-23 13:51:42.758  1909  1933 I ActivityManager: Changes in 10099 11 to 11, 0 to 128
06-23 13:51:42.771  1909  1973 I ActivityManager: Start proc 13246:com.samsung.android.forest/1000 for broadcast {com.samsung.android.forest/com.samsung.android.forest.receiver.PkgEventReceiver}
06-23 13:51:42.771  1909  1973 I ActivityManager: ProcessObserver broadcast disabled
06-23 13:51:42.781  1909  1933 I ActivityManager: Changes in 10104 19 to 11, 0 to 128
06-23 13:51:42.784  1909  2224 I ActivityManager: Changes in 10251 19 to 3, 0 to 184
06-23 13:51:42.787  1909  3174 I ActivityManager: Changes in 10104 11 to 19, 128 to 0
06-23 13:51:42.788  1909  3174 I ActivityManager: Changes in 10099 11 to 19, 128 to 0
06-23 13:51:43.005  1909  1973 I ActivityManager: Start proc 13286:com.samsung.android.mapsagent/u0a183 for broadcast {com.samsung.android.mapsagent/com.samsung.android.mapsagent.receiver.PackageDeletedReceiver}
06-23 13:51:43.005  1909  1973 I ActivityManager: ProcessObserver broadcast disabled
06-23 13:51:43.048  1909  4407 I ActivityManager: Killing 8452:com.samsung.android.sm.provider/1000 (adj 915): empty #25
06-23 13:51:43.100  1909  1933 I ActivityManager: Changes in 10183 19 to 11, 0 to 128
06-23 13:51:43.108  1909  4407 I ActivityManager: Killing 5191:com.google.android.googlequicksearchbox:search/u0a253 (adj 955): empty #25
06-23 13:51:43.108  1909  4407 I ActivityManager: Changes in 10183 11 to 19, 128 to 0
06-23 13:51:43.116  1909  1973 I ActivityManager: Start proc 13310:com.google.android.videos/u0a311 for broadcast {com.google.android.videos/com.google.android.libraries.social.peoplekit.thirdparty.viewcontrollers.ThirdPartyReceiver}
06-23 13:51:43.116  1909  1973 I ActivityManager: ProcessObserver broadcast disabled
06-23 13:51:43.487  1909  1933 I ActivityManager: Changes in 10311 19 to 11, 0 to 128
06-23 13:51:43.491  1909  1972 I ActivityManager: com.android.providers.downloads is exempt from freezer by list
06-23 13:51:43.504  1909  1973 I ActivityManager: Start proc 13373:android.process.media/u0a66 for broadcast {com.android.providers.downloads/com.android.providers.downloads.DownloadReceiver}
06-23 13:51:43.504  1909  1973 I ActivityManager: ProcessObserver broadcast disabled
06-23 13:51:43.514  1909  2224 I ActivityManager: Killing 3112:com.samsung.android.dqagent/1000 (adj 915): empty #25
06-23 13:51:43.515  1909  2224 I ActivityManager: Changes in 10311 11 to 19, 128 to 0
06-23 13:51:43.523  1909  1972 I ActivityManager: Changes in 10311 19 to 11, 0 to 128
06-23 13:51:43.531  1909  1933 I ActivityManager: Changes in 10311 11 to 19, 128 to 0
06-23 13:51:43.626  1909  2769 I ActivityManager: Changes in 10066 19 to 11, 0 to 128
06-23 13:51:43.641  1909  1973 I ActivityManager: Start proc 13392:com.samsung.android.mdm/u0a185 for broadcast {com.samsung.android.mdm/com.samsung.android.ppclient.receiver.UnEnrollmentReceiver}
06-23 13:51:43.641  1909  1973 I ActivityManager: ProcessObserver broadcast disabled
06-23 13:51:43.676  1909  2769 I ActivityManager: Killing 3175:com.samsung.android.scpm/5009 (adj 945): empty #25
06-23 13:51:43.679  1909  2769 I ActivityManager: Changes in 10066 11 to 19, 128 to 0
06-23 13:51:43.749  1909  2769 I ActivityManager: Changes in 10185 19 to 11, 0 to 128
06-23 13:51:43.757  1909  2769 I ActivityManager: Killing 3744:com.samsung.android.scloud/5009 (adj 945): empty #25
06-23 13:51:43.757  1909  2769 I ActivityManager: Changes in 10185 11 to 19, 128 to 0
06-23 13:51:43.767  1909  1973 I ActivityManager: Start proc 13406:com.sec.android.provider.badge/u0a55 for broadcast {com.sec.android.provider.badge/com.sec.android.provider.badge.BadgeCountReceiver}
06-23 13:51:43.767  1909  1973 I ActivityManager: ProcessObserver broadcast disabled
06-23 13:51:43.844  1909  2769 I ActivityManager: Changes in 10055 19 to 11, 0 to 128
06-23 13:51:43.869  1909  2769 I ActivityManager: Changes in 10055 11 to 3, 128 to 144
06-23 13:51:43.985  1909  1972 I ActivityManager: Changes in 10096 19 to 11, 0 to 128
06-23 13:51:43.987  1909  2769 I ActivityManager: Changes in 10096 11 to 19, 128 to 0
06-23 13:51:43.994  1909  2065 I ActivityManager: Changes in 10116 19 to 8, 0 to 128
06-23 13:51:44.023  1909  2224 I ActivityManager: Changes in 10116 8 to 8, 128 to 0
06-23 13:51:48.026  1909  1971 I ActivityManager: Changes in 10083 5 to 10, 144 to 0
06-23 13:51:49.899  1909  1971 I ActivityManager: Changes in 10055 3 to 15, 144 to 0
06-23 13:51:51.206  1909  9411 I ActivityManager: Changes in 10107 19 to 5, 0 to 144
06-23 13:51:56.762  1909  2867 I ActivityManager: Changes in 99215 3 to 10, 184 to 0
06-23 13:51:56.763  1909  2867 I ActivityManager: Changes in 10251 3 to 10, 184 to 0
06-23 13:51:56.768  1909  4174 I ActivityManager: Killing 10873:com.google.android.partnersetup/u0a243 (adj 935): empty #25
06-23 13:51:56.770  1909  4174 I ActivityManager: Killing 2286:com.google.android.apps.turbo/u0a250 (adj 935): empty #26
06-23 13:51:57.227  1909  1971 I ActivityManager: Changes in 10107 5 to 15, 144 to 0
06-23 13:51:58.574  1909  1972 I ActivityManager: Changes in 10096 19 to 11, 0 to 128
06-23 13:51:58.579  1909  3698 I ActivityManager: Changes in 10096 11 to 19, 128 to 0
06-23 13:52:00.186  1909  1973 I ActivityManager: Start proc 13455:com.samsung.android.dqagent/1000 for broadcast {com.samsung.android.dqagent/com.samsung.android.dqagent.receiver.DQADataReceiver}
06-23 13:52:00.186  1909  1973 I ActivityManager: ProcessObserver broadcast disabled
06-23 13:52:00.429  1909  4227 I ActivityManager: Killing 10874:com.google.android.apps.turbo:aab/u0a250 (adj 935): empty #25
06-23 13:52:01.632  1909  1972 I ActivityManager: Changes in 10096 19 to 11, 0 to 128
06-23 13:52:01.636  1909  2720 I ActivityManager: Changes in 10096 11 to 19, 128 to 0
06-23 13:52:02.177  1909  1973 I ActivityManager: Start proc 13476:com.osp.app.signin/u0a117 for content provider {com.osp.app.signin/com.samsung.android.samsungaccount.place.db.PlaceProvider}
06-23 13:52:02.177  1909  1973 I ActivityManager: ProcessObserver broadcast disabled
06-23 13:52:02.439  1909  3050 I ActivityManager: Killing 11014:com.samsung.android.game.gos/u0a76 (adj 925): empty #25
06-23 13:52:02.455  1909  2065 I ActivityManager: Changes in 10251 19 to 8, 0 to 128
06-23 13:52:02.488  1909  3050 I ActivityManager: Changes in 99215 19 to 8, 0 to 128
06-23 13:52:02.488  1909  3050 I ActivityManager: Changes in 10117 19 to 8, 0 to 128
06-23 13:52:02.505  1909  4343 I ActivityManager: Changes in 99215 8 to 10, 128 to 0
06-23 13:52:02.506  1909  4343 I ActivityManager: Changes in 10117 8 to 10, 128 to 0
06-23 13:52:06.315  1909  3050 I ActivityManager: Changes in 10251 8 to 10, 128 to 0
06-23 13:52:09.901  1909  1972 I ActivityManager: Killing 12829:com.samsung.aasaservice/1000 (adj 905): empty #25
06-23 13:52:09.951  1909  2720 I ActivityManager: Changes in 10198 19 to 10, 128 to 0
06-23 13:52:17.229  1909  1972 I ActivityManager: Killing 12867:com.google.android.packageinstaller/u0a78 (adj 905): empty #25
06-23 13:52:17.279  1909  1965 W ActivityManager: setHasOverlayUi called on unknown pid: 12867
06-23 13:52:24.564  1909  1973 I ActivityManager: Start proc 13551:com.google.android.apps.turbo/u0a250 for broadcast {com.google.android.apps.turbo/com.google.android.apps.turbo.nudges.broadcasts.BatteryStatusChangedReceiver}
06-23 13:52:24.564  1909  1973 I ActivityManager: ProcessObserver broadcast disabled
06-23 13:52:24.637  1909  2749 I ActivityManager: Changes in 10250 19 to 11, 0 to 128
06-23 13:52:24.641  1909  2749 I ActivityManager: Killing 8451:com.samsung.android.sm.devicesecurity/u0a214 (adj 905): empty #25
06-23 13:52:24.643  1909  2749 I ActivityManager: Changes in 10250 11 to 19, 128 to 0
06-23 13:52:46.284  1909  1972 I ActivityManager: Changes in 10096 19 to 11, 0 to 128
06-23 13:52:46.302  1909  4343 I ActivityManager: Changes in 99215 19 to 3, 0 to 184
06-23 13:52:56.299  1909  2065 I ActivityManager: Changes in 10096 19 to 19, 128 to 0
06-23 13:53:01.353  1909  4343 I ActivityManager: Changes in 99215 3 to 10, 184 to 0
06-23 13:53:44.861  1909  2720 W ActivityManager: Unable to start service Intent { xflg=0x4 cmp=com.samsung.android.app.tips/.TipsIntentService (has extras) } U=0: not found
06-23 13:53:44.865  1909  1972 I ActivityManager: Changes in 10250 19 to 11, 0 to 128
06-23 13:53:44.872  1909  1973 I ActivityManager: Start proc 13589:com.samsung.android.sm.devicesecurity/u0a214 for broadcast {com.samsung.android.sm.devicesecurity/com.samsung.android.sm.devicesecurity.StatusReceiver}
06-23 13:53:44.872  1909  1973 I ActivityManager: ProcessObserver broadcast disabled
06-23 13:53:44.874  1909  3698 I ActivityManager: Changes in 10250 11 to 19, 128 to 0
06-23 13:53:44.944  1909  2870 W ActivityManager: Unable to start service Intent { act=com.google.android.gms.lockbox.service.START xflg=0x4 pkg=com.google.android.gms } U=0: not found
06-23 13:53:44.945  1909  2870 W ActivityManager: Unbind failed: could not find connection for android.os.BinderProxy@3686a0c
06-23 13:53:44.967  1909  2769 I ActivityManager: Changes in 99215 10 to 3, 0 to 184
06-23 13:53:45.104  1909  2720 I ActivityManager: Changes in 10214 19 to 11, 0 to 128
06-23 13:53:45.126  1909  1973 I ActivityManager: Start proc 13620:com.samsung.sait.sohservice/1000 for broadcast {com.samsung.sait.sohservice/com.samsung.sait.sohservice.receiver.MyReceiver}
06-23 13:53:45.127  1909  1973 I ActivityManager: ProcessObserver broadcast disabled
06-23 13:53:45.266  1909  4174 I ActivityManager: Changes in 10214 8 to 10, 128 to 0
06-23 13:53:49.584  1909  3050 W ActivityManager: pid 24971 com.google.android.gms.persistent sent binder code 2 with flags 1 to frozen apps and got error -32
06-23 13:53:49.780  1909  1973 I ActivityManager: Start proc 13706:com.samsung.android.app.sharelive/5026 for broadcast {com.samsung.android.app.sharelive/com.samsung.android.app.sharelive.presentation.receiver.NearbyShareReceiver}
06-23 13:53:49.780  1909  1973 I ActivityManager: ProcessObserver broadcast disabled
06-23 13:53:50.091  1909  2057 I ActivityManager: Changes in 5026 19 to 11, 0 to 128
06-23 13:53:50.092  1909  2057 I ActivityManager: Changes in 5025 8 to 8, 0 to 128
06-23 13:53:50.094  1909  2749 I ActivityManager: Changes in 10117 19 to 11, 0 to 128
06-23 13:53:50.113  1909  4174 I ActivityManager: Changes in 10117 11 to 19, 128 to 0
06-23 13:53:50.113  1909  4174 I ActivityManager: Changes in 5026 11 to 19, 128 to 0
06-23 13:53:50.114  1909  4174 I ActivityManager: Changes in 5025 8 to 8, 128 to 0
06-23 13:54:04.888  1909  3050 I ActivityManager: Changes in 99215 3 to 10, 184 to 0
06-23 13:54:04.895  1909  3050 I ActivityManager: Killing 13002:com.samsung.android.ssiframework/u0a112 (adj 905): empty #25
06-23 13:54:04.896  1909  3050 I ActivityManager: Killing 12941:com.samsung.android.provider.filterprovider/1000 (adj 915): empty #26
06-23 13:54:37.683  1909  2065 I ActivityManager: Changes in 10214 19 to 8, 0 to 128
06-23 13:54:37.710  1909  1935 I ActivityManager: Changes in 10214 8 to 10, 128 to 0
06-23 13:54:44.868  1909  1972 I ActivityManager: Changes in 10250 19 to 11, 0 to 128
06-23 13:54:44.872  1909  3698 I ActivityManager: Changes in 10250 11 to 19, 128 to 0
06-23 13:54:47.461  1909  1973 I ActivityManager: Start proc 13823:com.google.android.googlequicksearchbox:search/u0a253 for broadcast {com.google.android.googlequicksearchbox/com.google.android.libraries.search.gcm.search.SearchProcessGcmBroadcastReceiver_Receiver}
06-23 13:54:47.461  1909  1973 I ActivityManager: ProcessObserver broadcast disabled
06-23 13:55:03.800  1909  1972 I ActivityManager: Killing 12930:com.android.keychain/1000 (adj 985): empty #25
06-23 13:55:12.264  1909  1972 I ActivityManager: Changes in 10108 10 to 10, 0 to 128
06-23 13:55:22.273  1909  2065 I ActivityManager: Changes in 10108 10 to 10, 128 to 0
06-23 13:55:44.879  1909  1972 I ActivityManager: Changes in 10250 19 to 11, 0 to 128
06-23 13:55:44.884  1909  2749 I ActivityManager: Changes in 10250 11 to 19, 128 to 0
06-23 13:56:42.191  1909  2057 I ActivityManager: Killing 13083:com.android.vending:background/u0a251 (adj 985): empty #25
06-23 13:56:44.881  1909  1972 I ActivityManager: Changes in 10250 19 to 11, 0 to 128
06-23 13:56:44.886  1909  1935 I ActivityManager: Changes in 10250 11 to 19, 128 to 0
06-23 13:57:44.890  1909  1972 I ActivityManager: Changes in 10250 19 to 11, 0 to 128
06-23 13:57:44.893  1909  2867 I ActivityManager: Changes in 10250 11 to 19, 128 to 0
06-23 13:58:44.897  1909  1972 I ActivityManager: Changes in 10250 19 to 11, 0 to 128
06-23 13:58:44.903  1909  4226 I ActivityManager: Changes in 10250 11 to 19, 128 to 0
06-23 13:59:44.907  1909  1972 I ActivityManager: Changes in 10250 19 to 11, 0 to 128
06-23 13:59:44.910  1909  4226 I ActivityManager: Changes in 10250 11 to 19, 128 to 0
06-23 14:00:44.912  1909  1972 I ActivityManager: Changes in 10250 19 to 11, 0 to 128
06-23 14:00:44.916  1909  2224 I ActivityManager: Changes in 10250 11 to 19, 128 to 0
06-23 14:01:44.912  1909  1972 I ActivityManager: Changes in 10250 19 to 11, 0 to 128
06-23 14:01:44.915  1909  1935 I ActivityManager: Changes in 10250 11 to 19, 128 to 0
06-23 14:02:00.424  1909  1972 I ActivityManager: Changes in 10108 10 to 10, 0 to 128
06-23 14:02:00.429  1909  1972 I ActivityManager: Changes in 10096 19 to 11, 0 to 128
06-23 14:02:00.436  1909  1935 I ActivityManager: Changes in 10108 10 to 10, 128 to 0
06-23 14:02:00.451  1909  1935 I ActivityManager: Changes in 10096 11 to 19, 128 to 0
06-23 14:02:00.474  1909  1973 I ActivityManager: Start proc 13985:com.samsung.android.simagent/1000 for service {com.samsung.android.simagent/com.samsung.android.simagent.push.RefreshPushTokenScheduler}
06-23 14:02:00.474  1909  1973 I ActivityManager: ProcessObserver broadcast disabled
06-23 14:02:00.484  1909  1973 I ActivityManager: Start proc 13986:com.microsoft.appmanager/u0a151 for service {com.microsoft.appmanager/androidx.work.impl.background.systemjob.SystemJobService}
06-23 14:02:00.484  1909  1973 I ActivityManager: ProcessObserver broadcast disabled
06-23 14:02:00.605  1909  2065 I ActivityManager: Changes in 10099 19 to 8, 0 to 128
06-23 14:02:00.731  1909  4341 I ActivityManager: Changes in 10099 8 to 10, 128 to 0
06-23 14:02:00.734  1909  2224 I ActivityManager: Killing 13148:com.google.android.rkpdapp/u0a348 (adj 985): empty #25
06-23 14:02:00.799  1909  1973 I ActivityManager: Start proc 14058:com.samsung.android.mdx/u0a94 for content provider {com.samsung.android.mdx/com.samsung.android.mdx.windowslink.tileservice.StateContentProvider}
06-23 14:02:00.799  1909  1973 I ActivityManager: ProcessObserver broadcast disabled
06-23 14:02:00.961  1909  1973 I ActivityManager: Start proc 14075:com.samsung.android.app.routines/u0a53 for content provider {com.samsung.android.app.routines/com.samsung.android.app.routines.domainmodel.routineinfoprovider.RoutineInfoProvider}
06-23 14:02:00.961  1909  1973 I ActivityManager: ProcessObserver broadcast disabled
06-23 14:02:00.963  1909  4343 I ActivityManager: Killing 13117:com.google.android.apps.carrier.carrierwifi/u0a241 (adj 975): empty #25
06-23 14:02:01.034  1909  4174 I ActivityManager: Changes in 10094 19 to 5, 0 to 184
06-23 14:02:01.116  1909  4174 I ActivityManager: Changes in 10151 19 to 8, 0 to 128
06-23 14:02:01.197  1909  2749 I ActivityManager: Changes in 10151 8 to 10, 128 to 0
06-23 14:02:27.319  1909  1972 I ActivityManager: Killing 11978:com.skt.skaf.OA00018282/u0a104 (adj 975): empty #25
06-23 14:02:31.062  1909  4174 I ActivityManager: Changes in 10094 5 to 10, 184 to 0
06-23 14:02:31.066  1909  2749 I ActivityManager: Killing 13286:com.samsung.android.mapsagent/u0a183 (adj 965): empty #25
06-23 14:02:44.916  1909  1972 I ActivityManager: Changes in 10250 19 to 11, 0 to 128
06-23 14:02:44.920  1909  3301 I ActivityManager: Changes in 10250 11 to 19, 128 to 0
06-23 14:02:52.947  1909  2187 I ActivityManager: Changes in 99215 19 to 8, 0 to 128
06-23 14:02:52.990  1909  2187 I ActivityManager: Changes in 99215 8 to 10, 128 to 0
06-23 14:03:44.929  1909  1972 I ActivityManager: Changes in 10250 19 to 11, 0 to 128
06-23 14:03:44.933  1909  4174 I ActivityManager: Changes in 10250 11 to 19, 128 to 0
06-23 14:03:49.654  1909  4343 I ActivityManager: Process com.google.android.videos (pid 13310) has died: cch+65 CEM (384,1868)
06-23 14:04:44.931  1909  1972 I ActivityManager: Changes in 10250 19 to 11, 0 to 128
06-23 14:04:44.935  1909  4343 I ActivityManager: Changes in 10250 11 to 19, 128 to 0
06-23 14:05:44.935  1909  1972 I ActivityManager: Changes in 10250 19 to 11, 0 to 128
06-23 14:05:44.937  1909  3434 I ActivityManager: Changes in 10250 11 to 19, 128 to 0
06-23 14:06:44.943  1909  1972 I ActivityManager: Changes in 10250 19 to 11, 0 to 128
06-23 14:06:44.947  1909  4343 I ActivityManager: Changes in 10250 11 to 19, 128 to 0
06-23 14:07:32.706  1909  1973 I ActivityManager: Start proc 14271:com.samsung.android.oneconnect/u0a332 for service {com.samsung.android.oneconnect/androidx.work.impl.background.systemjob.SystemJobService}
06-23 14:07:32.706  1909  1973 I ActivityManager: ProcessObserver broadcast disabled
06-23 14:07:33.209  1909  1973 I ActivityManager: Start proc 14331:com.samsung.android.oneconnect:Core/u0a332 for content provider {com.samsung.android.oneconnect/com.samsung.android.oneconnect.base.storage.db.internal.InternalSettingsProvider}
06-23 14:07:33.209  1909  1973 I ActivityManager: ProcessObserver broadcast disabled
06-23 14:07:33.359  1909  4341 I ActivityManager: Changes in 10332 19 to 8, 0 to 128
06-23 14:07:33.588  1909  2720 I ActivityManager: Changes in 10332 8 to 10, 128 to 0
06-23 14:07:33.602  1909  2720 I ActivityManager: Killing 13373:android.process.media/u0a66 (adj 955): empty #25
06-23 14:07:44.956  1909  1972 I ActivityManager: Changes in 10250 19 to 11, 0 to 128
06-23 14:07:44.960  1909  3174 I ActivityManager: Changes in 10250 11 to 19, 128 to 0
06-23 14:08:44.961  1909  1972 I ActivityManager: Changes in 10250 19 to 11, 0 to 128
06-23 14:08:44.966  1909  3174 I ActivityManager: Changes in 10250 11 to 19, 128 to 0
06-23 14:09:05.979  1909  1973 I ActivityManager: Start proc 14432:com.samsung.faceservice/5004 for service {com.samsung.faceservice/androidx.work.impl.background.systemjob.SystemJobService}
06-23 14:09:05.979  1909  1973 I ActivityManager: ProcessObserver broadcast disabled
06-23 14:09:05.992  1909  4056 I ActivityManager: Changes in 99215 19 to 6, 0 to 128
06-23 14:09:05.997  1909  1973 I ActivityManager: Start proc 14434:com.samsung.cmh/5004 for service {com.samsung.cmh/com.samsung.cmh.core.cmhjobservice.CMHJobService}
06-23 14:09:05.997  1909  1973 I ActivityManager: ProcessObserver broadcast disabled
06-23 14:09:06.015  1909  1973 W ActivityManager: Slow operation: 51ms so far, now at startProcess: returned from zygote!
06-23 14:09:06.017  1909  1973 W ActivityManager: Slow operation: 52ms so far, now at startProcess: done updating battery stats
06-23 14:09:06.017  1909  1973 W ActivityManager: Slow operation: 53ms so far, now at startProcess: building log message
06-23 14:09:06.017  1909  1973 I ActivityManager: Start proc 14447:com.google.android.apps.turbo:aab/u0a250 for service {com.google.android.apps.turbo/com.google.android.libraries.smartbattery.appusage.library.EvaluateAppBucketsJob}
06-23 14:09:06.017  1909  1973 W ActivityManager: Slow operation: 53ms so far, now at startProcess: starting to update pids map
06-23 14:09:06.017  1909  1973 I ActivityManager: ProcessObserver broadcast disabled
06-23 14:09:06.018  1909  1973 W ActivityManager: Slow operation: 53ms so far, now at startProcess: done updating pids map
06-23 14:09:06.032  1909  1973 W ActivityManager: Slow operation: 64ms so far, now at startProcess: returned from zygote!
06-23 14:09:06.043  1909  1973 W ActivityManager: Slow operation: 76ms so far, now at startProcess: done updating battery stats
06-23 14:09:06.045  1909  1973 W ActivityManager: Slow operation: 78ms so far, now at startProcess: building log message
06-23 14:09:06.045  1909  1973 I ActivityManager: Start proc 14465:com.google.android.as.oss/u0a248 for service {com.google.android.as.oss/com.google.android.gms.learning.internal.training.InAppJobService}
06-23 14:09:06.045  1909  1973 W ActivityManager: Slow operation: 78ms so far, now at startProcess: starting to update pids map
06-23 14:09:06.046  1909  1973 I ActivityManager: ProcessObserver broadcast disabled
06-23 14:09:06.046  1909  1973 W ActivityManager: Slow operation: 78ms so far, now at startProcess: done updating pids map
06-23 14:09:06.108  1909  4341 I ActivityManager: Changes in 10250 19 to 8, 0 to 128
06-23 14:09:06.134  1909  4341 I ActivityManager: Changes in 5004 19 to 8, 0 to 128
06-23 14:09:06.185  1909  1933 I ActivityManager: Changes in 5004 8 to 10, 128 to 0
06-23 14:09:06.250  1909  2224 I ActivityManager: Changes in 10248 19 to 8, 0 to 128
06-23 14:09:06.287  1909  2057 I ActivityManager: Changes in 10108 10 to 8, 0 to 128
06-23 14:09:06.294  1909  1973 I ActivityManager: Start proc 14553:com.samsung.mfcontents/u0a95 for service {com.samsung.mfcontents/com.samsung.mfcontents.scheduler.MFCJobService}
06-23 14:09:06.294  1909  1973 I ActivityManager: ProcessObserver broadcast disabled
06-23 14:09:06.297  1909  2224 I ActivityManager: Changes in 10099 19 to 8, 0 to 128
06-23 14:09:06.304  1909  2224 I ActivityManager: Changes in 5004 19 to 8, 0 to 128
06-23 14:09:06.316  1909  1933 I ActivityManager: Changes in 10248 8 to 10, 128 to 0
06-23 14:09:06.331  1909  4341 I ActivityManager: Changes in 5004 8 to 10, 128 to 0
06-23 14:09:06.338  1909  1933 I ActivityManager: Changes in 10099 8 to 10, 128 to 0
06-23 14:09:06.341  1909  4341 I ActivityManager: Killing 13392:com.samsung.android.mdm/u0a185 (adj 955): empty #25
06-23 14:09:06.378  1909  2224 I ActivityManager: Changes in 10095 19 to 8, 0 to 128
06-23 14:09:06.386  1909  1933 I ActivityManager: Changes in 10250 8 to 10, 128 to 0
06-23 14:09:06.391  1909  1933 I ActivityManager: Killing 13406:com.sec.android.provider.badge/u0a55 (adj 955): empty #25
06-23 14:09:06.399  1909  4341 I ActivityManager: Changes in 10095 8 to 10, 128 to 0
06-23 14:09:06.404  1909  2749 I ActivityManager: Killing 10976:com.samsung.android.privacydashboard/u0a107 (adj 945): empty #25
06-23 14:09:07.192  1909  1933 I ActivityManager: Changes in 10108 8 to 10, 128 to 0
06-23 14:09:07.203  1909  4341 I ActivityManager: Changes in 10108 10 to 8, 0 to 128
06-23 14:09:07.236  1909  2224 I ActivityManager: Changes in 10108 8 to 10, 128 to 0
06-23 14:09:08.005  1909  1973 I ActivityManager: Start proc 14593:com.google.android.apps.maps/u0a270 for backup {com.google.android.apps.maps/com.google.android.apps.gmm.backup.GmmPersistentBackupAgentHelper}
06-23 14:09:08.005  1909  1973 I ActivityManager: ProcessObserver broadcast disabled
06-23 14:09:08.659  1909  1973 I ActivityManager: Start proc 14649:com.google.android.projection.gearhead:car/u0a242 for service {com.google.android.projection.gearhead/com.google.android.apps.auto.carservice.service.impl.GearheadCarStartupService}
06-23 14:09:08.659  1909  1973 I ActivityManager: ProcessObserver broadcast disabled
06-23 14:09:08.699  1909  2065 I ActivityManager: Changes in 10095 19 to 8, 0 to 128
06-23 14:09:08.718  1909  4341 I ActivityManager: Changes in 10095 8 to 10, 128 to 0
06-23 14:09:08.943  1909  3434 I ActivityManager: Killing 13455:com.samsung.android.dqagent/1000 (adj 945): empty #25
06-23 14:09:18.757  1909  1973 I ActivityManager: Start proc 14722:com.google.android.youtube/u0a271 for backup {com.google.android.youtube/com.google.android.apps.youtube.app.application.backup.YouTubeBackupAgent}
06-23 14:09:18.757  1909  1973 I ActivityManager: ProcessObserver broadcast disabled
06-23 14:09:19.464  1909 14451 I ActivityManager: Changes in 99215 6 to 8, 128 to 0
06-23 14:09:19.931  1909  1973 I ActivityManager: Start proc 14809:com.google.android.gms.unstable/u0a252 for service {com.google.android.gms/com.google.android.gms.droidguard.DroidGuardService}
06-23 14:09:19.931  1909  1973 I ActivityManager: ProcessObserver broadcast disabled
06-23 14:09:21.279  1909  1973 I ActivityManager: Start proc 14874:com.google.android.rkpdapp/u0a348 for service {com.google.android.rkpdapp/com.android.rkpdapp.service.RemoteProvisioningService}
06-23 14:09:21.279  1909  1973 I ActivityManager: ProcessObserver broadcast disabled
06-23 14:09:21.370  1909  1933 I ActivityManager: Changes in 10348 19 to 6, 0 to 128
06-23 14:09:21.387  1909  3050 I ActivityManager: Changes in 10348 6 to 10, 128 to 0
06-23 14:09:27.830  1909  1933 I ActivityManager: Killing 12847:com.samsung.android.privateaccesstokens/u0a198 (adj 935): empty #25
06-23 14:09:44.968  1909  1972 I ActivityManager: Changes in 10250 19 to 11, 0 to 128
06-23 14:09:44.972  1909  2057 I ActivityManager: Changes in 10250 11 to 19, 128 to 0
06-23 14:09:51.368  1909  2057 I ActivityManager: Killing 13476:com.osp.app.signin/u0a117 (adj 915): empty #25
06-23 14:09:51.372  1909  2057 I ActivityManager: Killing 13706:com.samsung.android.app.sharelive/5026 (adj 925): empty #26
06-23 14:10:23.712  1909  3434 I ActivityManager: Killing 13589:com.samsung.android.sm.devicesecurity/u0a214 (adj 905): empty #25
06-23 14:10:44.968  1909  1972 I ActivityManager: Changes in 10250 19 to 11, 0 to 128
06-23 14:10:44.996  1909  3050 I ActivityManager: Changes in 10250 11 to 19, 128 to 0
06-23 14:10:53.157  1909  2030 I ActivityManager: Changes in 10251 19 to 19, 0 to 128
06-23 14:10:53.205  1909  1973 I ActivityManager: Start proc 14964:com.samsung.android.sm.devicesecurity/u0a214 for broadcast {com.samsung.android.sm.devicesecurity/com.samsung.android.sm.devicesecurity.AppVerificationReceiver}
06-23 14:10:53.205  1909  1973 I ActivityManager: ProcessObserver broadcast disabled
06-23 14:10:53.302  1909  3301 I ActivityManager: Changes in 10214 19 to 11, 0 to 128
06-23 14:10:53.331  1909  3301 I ActivityManager: Background started FGS: Allowed [callingPackage: com.samsung.android.sm.devicesecurity; callingUid: 10214; uidState: RCVR; uidBFSL: n/a; intent: Intent { act=com.samsung.android.sm.security.service.ACTION_START dat=file:///... typ=application/vnd.android.package-archive flg=0x10000011 xflg=0x4 cmp=com.samsung.android.sm.devicesecurity/.AppVerificationService (has extras) }; code:BACKGROUND_ACTIVITY_PERMISSION; tempAllowListReason:<,reasonCode:SYSTEM_ALLOW_LISTED,duration:9223372036854775807,callingUid:-1>; allowWiu:58; targetSdkVersion:36; callerTargetSdkVersion:36; startForegroundCount:0; bindFromPackage:null: isBindService:false]
06-23 14:10:53.337  1909  3301 I ActivityManager: Changes in 10214 10 to 4, 128 to 248
06-23 14:10:53.337  1909  1973 I ActivityManager: Start proc 14986:com.samsung.android.game.gos/u0a76 for broadcast {com.samsung.android.game.gos/com.samsung.android.game.gos.receiver.GameServiceReceiver}
06-23 14:10:53.337  1909  1973 I ActivityManager: ProcessObserver broadcast disabled
06-23 14:10:53.515  1909  3301 I ActivityManager: Changes in 10076 19 to 11, 0 to 128
06-23 14:10:53.528  1909  3301 I ActivityManager: Changes in 10076 10 to 10, 128 to 0
06-23 14:10:53.601  1909  2057 I ActivityManager: Changes in 99215 19 to 10, 0 to 128
06-23 14:10:54.474  1909  2057 I ActivityManager: Killing 13823:com.google.android.googlequicksearchbox:search/u0a253 (adj 905): empty #25
06-23 14:11:05.886  1909  3050 I ActivityManager: Killing 12985:com.samsung.klmsagent/u0a83 (adj 905): empty #25
06-23 14:11:05.888  1909  3050 I ActivityManager: Changes in 10214 4 to 19, 248 to 128
06-23 14:11:06.349  1909  2036 I ActivityManager: Killing 14075:com.samsung.android.app.routines/u0a53 (adj 995): empty #25
06-23 14:11:06.355  1909  2036 I ActivityManager: Killing 13985:com.samsung.android.simagent/1000 (adj 995): empty #26
06-23 14:11:08.655  1909  1972 I ActivityManager: Changes in 10108 10 to 10, 0 to 128
06-23 14:11:08.659  1909  1973 W ActivityManager: Slow operation: 62ms so far, now at startProcess: done updating battery stats
06-23 14:11:08.659  1909  1973 W ActivityManager: Slow operation: 63ms so far, now at startProcess: building log message
06-23 14:11:08.660  1909  1973 I ActivityManager: Start proc 15074:com.samsung.android.app.routines/u0a53 for service {com.samsung.android.app.routines/com.samsung.android.app.routines.domainmodel.service.RoutineService}
06-23 14:11:08.660  1909  1973 W ActivityManager: Slow operation: 63ms so far, now at startProcess: starting to update pids map
06-23 14:11:08.660  1909  1973 I ActivityManager: ProcessObserver broadcast disabled
06-23 14:11:08.661  1909  1973 W ActivityManager: Slow operation: 64ms so far, now at startProcess: done updating pids map
06-23 14:11:08.680  1909  1973 I ActivityManager: Start proc 15081:com.samsung.android.provider.filterprovider/1000 for broadcast {com.samsung.android.provider.filterprovider/com.samsung.android.provider.filterprovider.PackageIntentReceiver}
06-23 14:11:08.688  1909  1973 I ActivityManager: ProcessObserver broadcast disabled
06-23 14:11:08.694  1909  4211 I ActivityManager: Changes in 99215 10 to 10, 128 to 0
06-23 14:11:08.695  1909  2720 I ActivityManager: Changes in 10108 10 to 10, 128 to 0
06-23 14:11:08.891  1909  2867 I ActivityManager: Changes in 99215 10 to 3, 0 to 184
06-23 14:11:08.901  1909  1973 I ActivityManager: Start proc 15130:com.google.android.packageinstaller/u0a78 for broadcast {com.google.android.packageinstaller/com.android.packageinstaller.PackageInstalledReceiver}
06-23 14:11:08.901  1909  1973 I ActivityManager: ProcessObserver broadcast disabled
06-23 14:11:09.028  1909  4211 I ActivityManager: Changes in 10078 19 to 11, 0 to 128
06-23 14:11:09.039  1909  2769 I ActivityManager: Changes in 10078 11 to 19, 128 to 0
06-23 14:11:10.934  1909  2720 I ActivityManager: Killing 2906:com.samsung.android.ce/u0a96 (adj 985): empty #25
06-23 14:11:11.073  1909  2065 I ActivityManager: Changes in 10116 19 to 8, 0 to 128
06-23 14:11:12.354  1909  1935 I ActivityManager: Changes in 10116 8 to 8, 128 to 0
06-23 14:11:23.171  1909  2065 I ActivityManager: Changes in 10251 19 to 19, 128 to 0
06-23 14:11:23.306  1909  2065 I ActivityManager: Changes in 10214 19 to 19, 128 to 0
06-23 14:11:23.954  1909  4341 I ActivityManager: Changes in 99215 3 to 10, 184 to 0
06-23 14:11:23.961  1909  2720 I ActivityManager: Killing 14331:com.samsung.android.oneconnect:Core/u0a332 (adj 975): empty #25
06-23 14:11:23.966  1909  2720 I ActivityManager: Killing 14058:com.samsung.android.mdx/u0a94 (adj 975): empty #26
06-23 14:11:35.199  1909  2065 I ActivityManager: Changes in 10251 19 to 8, 0 to 128
06-23 14:11:35.247  1909  1973 I ActivityManager: Start proc 15220:com.arcfire.online/u0a1065 for next-top-activity {com.arcfire.online/com.arcfire.online.MainActivity}
06-23 14:11:35.256  1909  1973 I ActivityManager: ProcessObserver broadcast disabled
06-23 14:11:35.286  1909  3434 I ActivityManager: Changes in 11065 20 to 2, 0 to 255
06-23 14:11:35.461  1909  3050 I ActivityManager: Changes in 99215 19 to 3, 0 to 184
06-23 14:11:35.752  1909  1965 I ActivityManager: Changes in 10147 2 to 5, 255 to 184
06-23 14:11:35.819  1909  3434 I ActivityManager: Changes in 10251 8 to 3, 128 to 184
06-23 14:11:35.928  1909  3050 I ActivityManager: Changes in 10251 3 to 8, 184 to 128
06-23 14:11:38.176  1909  4227 I ActivityManager: Changes in 10251 8 to 10, 128 to 0
06-23 14:11:44.970  1909  1972 I ActivityManager: Changes in 10250 19 to 11, 0 to 128
06-23 14:11:44.974  1909  4227 I ActivityManager: Changes in 10250 11 to 19, 128 to 0
06-23 14:11:45.927  1909  3050 I ActivityManager: Changes in 99215 3 to 10, 184 to 0
06-23 14:12:00.086  1909  4227 I ActivityManager: Changes in 99215 19 to 3, 0 to 184
06-23 14:12:10.283  1909  4227 I ActivityManager: Changes in 99215 3 to 10, 184 to 0
06-23 14:12:31.420  1909  1973 I ActivityManager: Start proc 15370:com.samsung.android.ce/u0a96 for broadcast {com.samsung.android.mcfds/com.samsung.android.ce.ContextEngineReceiver}
06-23 14:12:31.420  1909  1973 I ActivityManager: ProcessObserver broadcast disabled
06-23 14:12:31.609  1909  4341 I ActivityManager: Changes in 10096 19 to 11, 0 to 128
06-23 14:12:31.613  1909  4341 I ActivityManager: Killing 14271:com.samsung.android.oneconnect/u0a332 (adj 985): empty #25
06-23 14:12:31.614  1909  4341 I ActivityManager: Changes in 10096 11 to 19, 128 to 0
06-23 14:12:31.776  1909  1972 I ActivityManager: Changes in 10096 19 to 11, 0 to 128
06-23 14:12:31.779  1909  4340 I ActivityManager: Changes in 10096 11 to 19, 128 to 0
06-23 14:12:31.793  1909  1972 I ActivityManager: Changes in 10096 19 to 11, 0 to 128
06-23 14:12:31.794  1909  4340 I ActivityManager: Changes in 10096 11 to 19, 128 to 0
06-23 14:12:31.854  1909  1973 I ActivityManager: Start proc 15426:com.sec.android.app.shealth/u0a328 for content provider {com.sec.android.app.shealth/com.samsung.android.app.shealth.insights.healthcontext.HealthContextProvider}
06-23 14:12:31.854  1909  1973 I ActivityManager: ProcessObserver broadcast disabled
06-23 14:12:32.495  1909  1973 I ActivityManager: Start proc 15451:com.osp.app.signin/u0a117 for content provider {com.osp.app.signin/com.samsung.android.samsungaccount.utils.accounts.AccountManagerProvider}
06-23 14:12:32.495  1909  1973 I ActivityManager: ProcessObserver broadcast disabled
06-23 14:12:32.508  1909  1973 I ActivityManager: Start proc 15455:com.sec.android.app.shealth:remote/u0a328 for service {com.sec.android.app.shealth/com.samsung.android.service.health.HealthService}
06-23 14:12:32.508  1909  1973 I ActivityManager: ProcessObserver broadcast disabled
06-23 14:12:32.579  1909  1973 I ActivityManager: Start proc 15480:com.samsung.android.mcfds/u0a96 for content provider {com.samsung.android.mcfds/com.samsung.android.mcfds.handler.client.ClientProvider}
06-23 14:12:32.579  1909  1973 I ActivityManager: ProcessObserver broadcast disabled
06-23 14:12:32.691  1909  2776 I ActivityManager: Killing 14432:com.samsung.faceservice/5004 (adj 975): empty #25
06-23 14:12:32.698  1909  4407 I ActivityManager: Killing 14465:com.google.android.as.oss/u0a248 (adj 975): empty #25
06-23 14:12:32.714  1909  1935 I ActivityManager: Killing 14434:com.samsung.cmh/5004 (adj 975): empty #25
06-23 14:12:32.759  1909  2776 I ActivityManager: Changes in 10328 19 to 5, 0 to 184
06-23 14:12:32.759  1909  2776 I ActivityManager: Changes in 10096 19 to 5, 0 to 184
06-23 14:12:32.954  1909  2720 I ActivityManager: Changes in 99215 19 to 5, 0 to 184
06-23 14:12:32.954  1909  2720 I ActivityManager: Changes in 10117 19 to 5, 0 to 144
06-23 14:12:38.497  1909  1971 I ActivityManager: Changes in 99215 5 to 15, 184 to 0
06-23 14:12:38.497  1909  1971 I ActivityManager: Changes in 10328 5 to 15, 184 to 0
06-23 14:12:38.498  1909  1971 I ActivityManager: Changes in 10117 5 to 15, 144 to 0
06-23 14:12:42.824  1909  2720 I ActivityManager: Changes in 10096 5 to 10, 184 to 0
06-23 14:12:44.971  1909  1972 I ActivityManager: Changes in 10250 19 to 11, 0 to 128
06-23 14:12:44.977  1909  2776 I ActivityManager: Changes in 10250 11 to 19, 128 to 0
06-23 14:12:46.295  1909  1972 I ActivityManager: Changes in 10096 15 to 11, 0 to 128
06-23 14:12:46.315  1909  2776 I ActivityManager: Changes in 99215 19 to 3, 0 to 184
06-23 14:12:56.310  1909  2065 I ActivityManager: Changes in 10096 15 to 15, 128 to 0
06-23 14:13:01.364  1909  4407 I ActivityManager: Changes in 99215 3 to 10, 184 to 0
06-23 14:13:01.371  1909  3434 I ActivityManager: Killing 14447:com.google.android.apps.turbo:aab/u0a250 (adj 965): empty #25
06-23 14:13:02.827  1909  1972 I ActivityManager: Changes in 10096 19 to 11, 0 to 128
06-23 14:13:02.831  1909  3434 I ActivityManager: Changes in 10096 11 to 19, 128 to 0
06-23 14:13:44.984  1909  1972 I ActivityManager: Changes in 10250 19 to 11, 0 to 128
06-23 14:13:44.988  1909  4338 I ActivityManager: Changes in 10250 11 to 19, 128 to 0
06-23 14:13:59.978  1909  1973 I ActivityManager: Start proc 15688:com.facebook.katana/u0a356 for service {com.facebook.katana/androidx.work.impl.background.systemjob.SystemJobService}
06-23 14:13:59.979  1909  1973 I ActivityManager: ProcessObserver broadcast disabled
06-23 14:14:00.185  1909  3434 I ActivityManager: Changes in 10356 19 to 8, 0 to 128
06-23 14:14:00.682  1909  1973 I ActivityManager: Start proc 15800:com.google.android.googlequicksearchbox:search/u0a253 for service {com.google.android.googlequicksearchbox/androidx.work.impl.background.systemjob.SystemJobService}
06-23 14:14:00.682  1909  1973 I ActivityManager: ProcessObserver broadcast disabled
06-23 14:14:01.390  1909  3434 I ActivityManager: Changes in 99215 19 to 8, 0 to 128
06-23 14:14:01.574  1909  1973 I ActivityManager: Start proc 15874:com.facebook.katana:pretosproc/u0a356 for service {com.facebook.katana/com.facebook.appcomponentmanager.AppComponentManagerService}
06-23 14:14:01.574  1909  1973 I ActivityManager: ProcessObserver broadcast disabled
06-23 14:14:02.373  1909  1909 I ActivityManager: Changes in 10356 8 to 10, 128 to 0
06-23 14:14:02.426  1909  4341 I ActivityManager: Changes in 99215 8 to 10, 128 to 0
06-23 14:14:02.429  1909  4341 I ActivityManager: Killing 14649:com.google.android.projection.gearhead:car/u0a242 (adj 955): empty #25
06-23 14:14:02.432  1909  4341 I ActivityManager: Killing 14553:com.samsung.mfcontents/u0a95 (adj 965): empty #26
06-23 14:14:02.433  1909  4341 I ActivityManager: Killing 14593:com.google.android.apps.maps/u0a270 (adj 965): empty #27
06-23 14:14:02.467  1909  4341 W ActivityManager: Scheduling restart of crashed service com.google.android.projection.gearhead/com.google.android.apps.auto.carservice.service.impl.GearheadCarStartupService in 1000ms for connection
06-23 14:14:04.051  1909  1972 I ActivityManager: Changes in 10356 19 to 11, 0 to 128
06-23 14:14:04.054  1909  2537 I ActivityManager: Changes in 10356 11 to 19, 128 to 0
06-23 14:14:04.473  1909  2065 I ActivityManager: Changes in 99215 10 to 8, 0 to 128
06-23 14:14:04.533  1909  1935 I ActivityManager: Changes in 99215 8 to 10, 128 to 0
06-23 14:14:06.872  1909  1973 I ActivityManager: Start proc 15991:com.samsung.SMT/1000 for content provider {com.samsung.SMT/com.samsung.SMT.LanguageProvider}
06-23 14:14:06.872  1909  1973 I ActivityManager: ProcessObserver broadcast disabled
06-23 14:14:06.968  1909  1973 I ActivityManager: Start proc 16004:com.sec.android.provider.badge/u0a55 for broadcast {com.sec.android.provider.badge/com.sec.android.provider.badge.BadgeCountReceiver}
06-23 14:14:06.968  1909  1973 I ActivityManager: ProcessObserver broadcast disabled
06-23 14:14:07.039  1909  1935 W ActivityManager: Unable to start service Intent { xflg=0x4 cmp=com.samsung.android.deviceidservice/.DeviceIdService } U=0: not found
06-23 14:14:07.042  1909  1973 I ActivityManager: Start proc 16019:com.google.android.tts/u0a260 for service {com.google.android.tts/com.google.android.apps.speech.tts.googletts.service.GoogleTtsService}
06-23 14:14:07.042  1909  1973 I ActivityManager: ProcessObserver broadcast disabled
06-23 14:14:07.059  1909  1935 I ActivityManager: Changes in 10055 19 to 11, 0 to 128
06-23 14:14:07.093  1909  2537 I ActivityManager: Changes in 10055 11 to 5, 128 to 144
06-23 14:14:07.207  1909  3434 I ActivityManager: Changes in 10260 19 to 5, 0 to 184
06-23 14:14:13.109  1909  1971 I ActivityManager: Changes in 10055 5 to 15, 144 to 0
06-23 14:14:14.417  1909  4342 I ActivityManager: Killing 14722:com.google.android.youtube/u0a271 (adj 955): empty #25
06-23 14:14:33.111  1909  1972 I ActivityManager: Killing 14874:com.google.android.rkpdapp/u0a348 (adj 955): empty #25
06-23 14:14:44.988  1909  1972 I ActivityManager: Changes in 10250 19 to 11, 0 to 128
06-23 14:14:44.990  1909  2537 I ActivityManager: Changes in 10250 11 to 19, 128 to 0
06-23 14:15:16.536  1909  1965 I ActivityManager: Changes in 10209 7 to 5, 128 to 255
06-23 14:15:16.575  1909  1973 I ActivityManager: Start proc 16189:com.samsung.android.samsungpassautofill/u0a207 for service {com.samsung.android.samsungpassautofill/com.samsung.android.samsungpassautofill.AutofillServiceMain}
06-23 14:15:16.575  1909  1973 I ActivityManager: ProcessObserver broadcast disabled
06-23 14:15:16.731  1909  4340 I ActivityManager: Changes in 10207 19 to 6, 0 to 128
06-23 14:15:16.757  1909  1973 I ActivityManager: Start proc 16216:com.samsung.android.samsungpass/u0a127 for content provider {com.samsung.android.samsungpass/com.samsung.android.samsungpass.passservice.provider.SamsungPassProvider}
06-23 14:15:16.757  1909  1973 I ActivityManager: ProcessObserver broadcast disabled
06-23 14:15:16.784  1909  4340 I ActivityManager: Changes in 10117 19 to 5, 0 to 144
06-23 14:15:17.045  1909  4342 I ActivityManager: Changes in 10127 19 to 6, 0 to 128
06-23 14:15:17.053  1909  1973 I ActivityManager: Start proc 16266:com.samsung.android.authfw/5278 for service {com.samsung.android.authfw/com.samsung.android.authfw.pass.PassService}
06-23 14:15:17.054  1909  1973 I ActivityManager: ProcessObserver broadcast disabled
06-23 14:15:17.171  1909  4407 I ActivityManager: Changes in 5278 19 to 6, 0 to 128
06-23 14:15:22.158  1909  1909 I ActivityManager: Changes in 10207 6 to 10, 128 to 0
06-23 14:15:22.158  1909  1909 I ActivityManager: Changes in 10127 6 to 10, 128 to 0
06-23 14:15:22.158  1909  1909 I ActivityManager: Changes in 5278 6 to 10, 128 to 0
06-23 14:15:22.161  1909  4211 I ActivityManager: Killing 14964:com.samsung.android.sm.devicesecurity/u0a214 (adj 945): empty #25
06-23 14:15:22.162  1909  4211 I ActivityManager: Killing 14809:com.google.android.gms.unstable/u0a252 (adj 945): empty #26
06-23 14:15:22.836  1909  1971 I ActivityManager: Changes in 10117 5 to 15, 144 to 0
06-23 14:15:24.109  1909  1965 I ActivityManager: Changes in 10209 5 to 7, 255 to 128
06-23 14:15:30.098  1909  1965 I ActivityManager: Changes in 10209 7 to 5, 128 to 255
06-23 14:15:30.168  1909  2057 I ActivityManager: Changes in 10117 15 to 5, 0 to 144
06-23 14:15:35.007  1909  1965 I ActivityManager: Changes in 10209 5 to 7, 255 to 128
06-23 14:15:35.009  1909  1965 I ActivityManager: Changes in 10117 5 to 7, 144 to 128
06-23 14:15:36.193  1909  1971 I ActivityManager: Changes in 10117 7 to 15, 128 to 0
06-23 14:15:56.201  1909  1972 I ActivityManager: Killing 15081:com.samsung.android.provider.filterprovider/1000 (adj 935): empty #25
06-23 14:15:59.080  1909  1972 I ActivityManager: Changes in 10250 19 to 11, 0 to 128
06-23 14:15:59.084  1909  2776 I ActivityManager: Changes in 10250 11 to 19, 128 to 0
06-23 14:16:37.818  1909  1972 I ActivityManager: Changes in 10096 19 to 11, 0 to 128
06-23 14:16:37.820  1909  2776 I ActivityManager: Changes in 10096 11 to 19, 128 to 0
06-23 14:16:52.929  1909  1972 I ActivityManager: Changes in 10096 19 to 11, 0 to 128
06-23 14:16:52.935  1909  2776 I ActivityManager: Changes in 10096 11 to 19, 128 to 0
06-23 14:16:58.759  1909  1965 I ActivityManager: Changes in 10147 5 to 2, 184 to 255
06-23 14:16:58.760  1909  1965 I ActivityManager: updateOomAdj start time is before than pendingPid added, don't delete it
06-23 14:16:59.380  1909  1965 I ActivityManager: Changes in 11065 2 to 15, 255 to 128
06-23 14:16:59.396  1909  4338 I ActivityManager: Changes in 99215 19 to 10, 0 to 128
06-23 14:16:59.431  1909  2769 I ActivityManager: Changes in 99215 15 to 15, 128 to 0
06-23 14:16:59.431  1909  2769 I ActivityManager: Changes in 11065 15 to 15, 128 to 0
06-23 14:17:00.007  1909  1965 I ActivityManager: Killing 14986:com.samsung.android.game.gos/u0a76 (adj 985): empty #25
06-23 14:17:00.010  1909  1909 I ActivityManager: Changes in 10207 19 to 6, 0 to 128
06-23 14:17:00.010  1909  1909 I ActivityManager: Changes in 10127 19 to 6, 0 to 128
06-23 14:17:00.010  1909  1909 I ActivityManager: Changes in 5278 19 to 6, 0 to 128
06-23 14:17:00.014  1909  1965 I ActivityManager: Killing 15220:com.arcfire.online/u0a1065 (adj 905): remove task
06-23 14:17:00.157  1909  1965 W ActivityManager: setHasOverlayUi called on unknown pid: 15220
06-23 14:17:05.029  1909  1909 I ActivityManager: Changes in 10207 6 to 10, 128 to 0
06-23 14:17:05.030  1909  1909 I ActivityManager: Changes in 10127 6 to 10, 128 to 0
06-23 14:17:05.031  1909  1909 I ActivityManager: Changes in 5278 6 to 10, 128 to 0
06-23 14:17:07.142  1909  1973 I ActivityManager: Start proc 16443:com.arcfire.online/u0a1065 for activelaunch {com.arcfire.online/com.arcfire.online.MainActivity}
06-23 14:17:07.142  1909  1973 I ActivityManager: ProcessObserver broadcast disabled
06-23 14:17:07.335  1909  4356 I ActivityManager: Changes in 99215 19 to 3, 0 to 184
06-23 14:17:07.336  1909  4356 I ActivityManager: Changes in 11065 19 to 2, 0 to 255
06-23 14:17:07.563  1909  1965 I ActivityManager: Changes in 10147 2 to 5, 255 to 184
06-23 14:17:17.514  1909  4225 I ActivityManager: Changes in 99215 3 to 10, 184 to 0
06-23 14:17:20.491  1909  1972 I ActivityManager: Changes in 10250 19 to 11, 0 to 128
06-23 14:17:20.494  1909  4356 I ActivityManager: Changes in 10250 11 to 19, 128 to 0
06-23 14:17:29.413  1909  4356 I ActivityManager: Changes in 99215 19 to 3, 0 to 184
06-23 14:17:39.478  1909  4343 I ActivityManager: Changes in 99215 3 to 10, 184 to 0
06-23 14:18:26.951  1909  1973 I ActivityManager: Start proc 16586:com.samsung.android.dqagent/1000 for broadcast {com.samsung.android.dqagent/com.samsung.android.dqagent.receiver.DQADataReceiver}
06-23 14:18:26.952  1909  1973 I ActivityManager: ProcessObserver broadcast disabled
06-23 14:18:41.799  1909  1972 I ActivityManager: Changes in 10250 19 to 11, 0 to 128
06-23 14:18:41.803  1909  4343 I ActivityManager: Changes in 10250 11 to 19, 128 to 0
06-23 14:18:46.741  1909  1965 I ActivityManager: Changes in 10147 5 to 2, 184 to 255
06-23 14:18:47.296  1909  1965 I ActivityManager: Changes in 11065 2 to 15, 255 to 128
06-23 14:18:47.329  1909  2749 I ActivityManager: Changes in 99215 19 to 10, 0 to 128
06-23 14:18:47.341  1909  4225 I ActivityManager: Changes in 99215 15 to 15, 128 to 0
06-23 14:18:47.342  1909  4225 I ActivityManager: Changes in 11065 15 to 15, 128 to 0
06-23 14:18:47.799  1909  1965 I ActivityManager: Killing 16443:com.arcfire.online/u0a1065 (adj 900): remove task
06-23 14:18:47.919  1909  1965 W ActivityManager: setHasOverlayUi called on unknown pid: 16443
06-23 14:18:49.731  1909  1973 I ActivityManager: Start proc 16647:com.arcfire.online/u0a1065 for activelaunch {com.arcfire.online/com.arcfire.online.MainActivity}
06-23 14:18:49.731  1909  1973 I ActivityManager: ProcessObserver broadcast disabled
06-23 14:18:50.175  1909  1973 I ActivityManager: Start proc 16674:com.samsung.aasaservice/1000 for service {com.samsung.aasaservice/com.samsung.aasaservice.securitythreatdetector.SecurityThreatDetector}
06-23 14:18:50.176  1909  1973 I ActivityManager: ProcessObserver broadcast disabled
06-23 14:18:50.287  1909  1973 I ActivityManager: Start proc 16692:com.samsung.android.privateaccesstokens/u0a198 for service {com.samsung.android.privateaccesstokens/com.samsung.android.privateaccesstokens.components.services.PATService}
06-23 14:18:50.287  1909  1973 I ActivityManager: ProcessObserver broadcast disabled
06-23 14:18:50.312  1909  4343 I ActivityManager: Killing 15130:com.google.android.packageinstaller/u0a78 (adj 995): empty #25
06-23 14:18:50.392  1909  4342 I ActivityManager: Killing 13177:com.lguplus.appstore/u0a99 (adj 985): empty #25
06-23 14:18:50.876  1909  4342 I ActivityManager: No activity to handle assist action.
06-23 14:18:50.876  1909  4342 I ActivityManager: android.util.AndroidRuntimeException: Activity could not be started for Intent { act=android.intent.action.MAIN cat=[android.intent.category.LAUNCHER] flg=0x10000000 xflg=0x4 pkg=com.google.android.apps.playconsole cmp=com.google.android.apps.playconsole/com.google.android.apps.play.console.mobile.MainActivity }
06-23 14:18:50.876  1909  4342 I ActivityManager: 	at android.app.Instrumentation.checkStartActivityResult(Instrumentation.java:2509)
06-23 14:18:50.876  1909  4342 I ActivityManager: 	at android.app.Instrumentation.execStartActivity(Instrumentation.java:2015)
06-23 14:18:50.876  1909  4342 I ActivityManager: 	at android.app.ContextImpl.startActivity(ContextImpl.java:1207)
06-23 14:18:50.876  1909  4342 I ActivityManager: 	at com.android.server.am.ActivityManagerService.doActiveLaunch(qb/108940926 802103cef46cde14cb0d3b748d2076734c471a17d4b8e991ffa01c0e15de42a9:101)
06-23 14:18:50.876  1909  4342 I ActivityManager: 	at android.app.IActivityManager$Stub.onTransact(IActivityManager.java:5096)
06-23 14:18:50.876  1909  4342 I ActivityManager: 	at com.android.server.am.ActivityManagerService.onTransact(qb/108940926 802103cef46cde14cb0d3b748d2076734c471a17d4b8e991ffa01c0e15de42a9:425)
06-23 14:18:50.876  1909  4342 I ActivityManager: 	at android.os.Binder.execTransactInternal(Binder.java:1462)
06-23 14:18:50.876  1909  4342 I ActivityManager: 	at android.os.Binder.execTransact(Binder.java:1401)
06-23 14:18:50.960  1909  1973 I ActivityManager: Start proc 16712:com.google.android.packageinstaller/u0a78 for next-top-activity {com.google.android.packageinstaller/com.android.packageinstaller.UninstallerActivity}
06-23 14:18:50.960  1909  1973 I ActivityManager: ProcessObserver broadcast disabled
06-23 14:18:50.988  1909  2720 I ActivityManager: Changes in 10078 20 to 2, 0 to 255
06-23 14:18:51.821  1909  1972 I ActivityManager: Force stopping com.arcfire.online appid=11065 user=0: deletePackageX
06-23 14:18:51.831  1909  1972 I ActivityManager: Killing 16647:com.arcfire.online/u0a1065 (adj 915): stop com.arcfire.online due to deletePackageX
06-23 14:18:51.863  1909  1972 I ActivityManager: Changes in 10078 2 to 19, 255 to 128
06-23 14:18:51.874  1909  4342 I ActivityManager: Killing 15074:com.samsung.android.app.routines/u0a53 (adj 985): empty #25
06-23 14:18:52.168  1909  2030 I ActivityManager: Force stopping com.arcfire.online appid=11065 user=0: pkg removed
06-23 14:18:52.286  1909  1909 I ActivityManager: Changes in 10198 19 to 19, 0 to 128
06-23 14:18:52.312  1909  1972 I ActivityManager: Changes in 10251 19 to 11, 0 to 128
06-23 14:18:52.398  1909  4340 I ActivityManager: Changes in 10078 11 to 19, 128 to 0
06-23 14:18:52.452  1909  1973 W ActivityManager: Slow operation: 152ms so far, now at startProcess: returned from zygote!
06-23 14:18:52.470  1909  1972 I ActivityManager: Changes in 10266 17 to 11, 0 to 128
06-23 14:18:52.480  1909  1973 W ActivityManager: Slow operation: 180ms so far, now at startProcess: done updating battery stats
06-23 14:18:52.481  1909  1973 W ActivityManager: Slow operation: 180ms so far, now at startProcess: building log message
06-23 14:18:52.482  1909  1973 I ActivityManager: Start proc 16770:com.android.keychain/1000 for service {com.android.keychain/com.android.keychain.KeyChainService}
06-23 14:18:52.482  1909  1973 W ActivityManager: Slow operation: 181ms so far, now at startProcess: starting to update pids map
06-23 14:18:52.482  1909  1973 I ActivityManager: ProcessObserver broadcast disabled
06-23 14:18:52.482  1909  1973 W ActivityManager: Slow operation: 182ms so far, now at startProcess: done updating pids map
06-23 14:18:52.484  1909  1973 W ActivityManager: Slow operation: 65ms so far, now at startProcess: asking zygote to start proc
06-23 14:18:52.506  1909  1973 W ActivityManager: Slow operation: 87ms so far, now at startProcess: returned from zygote!
06-23 14:18:52.645  1909 16800 W ActivityManager: Slow operation: 158ms so far, now at startProcess: building args
06-23 14:18:52.646  1909 16800 W ActivityManager: Slow operation: 163ms so far, now at startProcess: done starting proc!
06-23 14:18:52.689  1909  1973 W ActivityManager: Slow operation: 270ms so far, now at startProcess: done updating battery stats
06-23 14:18:52.690  1909  1973 W ActivityManager: Slow operation: 270ms so far, now at startProcess: building log message
06-23 14:18:52.690  1909  1973 I ActivityManager: Start proc 16805:com.samsung.android.sm.devicesecurity/u0a214 for broadcast {com.samsung.android.sm.devicesecurity/com.samsung.android.sm.devicesecurity.PackageReceiver}
06-23 14:18:52.690  1909  1973 W ActivityManager: Slow operation: 270ms so far, now at startProcess: starting to update pids map
06-23 14:18:52.706  1909  1973 I ActivityManager: ProcessObserver broadcast disabled
06-23 14:18:52.706  1909  1973 W ActivityManager: Slow operation: 286ms so far, now at startProcess: done updating pids map
06-23 14:18:52.706  1909  1973 W ActivityManager: Slow operation: 219ms so far, now at startProcess: asking zygote to start proc
06-23 14:18:52.728  1909  1973 W ActivityManager: Slow operation: 241ms so far, now at startProcess: returned from zygote!
06-23 14:18:52.753  1909  1973 W ActivityManager: Slow operation: 264ms so far, now at startProcess: done updating battery stats
06-23 14:18:52.755  1909  1973 W ActivityManager: Slow operation: 268ms so far, now at startProcess: building log message
06-23 14:18:52.755  1909  1973 I ActivityManager: Start proc 16833:com.samsung.klmsagent/u0a83 for content provider {com.samsung.klmsagent/com.samsung.klmsagent.common.LicenseAgentProvider}
06-23 14:18:52.755  1909  1973 W ActivityManager: Slow operation: 268ms so far, now at startProcess: starting to update pids map
06-23 14:18:52.757  1909  1973 I ActivityManager: ProcessObserver broadcast disabled
06-23 14:18:52.766  1909  1973 W ActivityManager: Slow operation: 279ms so far, now at startProcess: done updating pids map
06-23 14:18:52.768  1909  2224 I ActivityManager: Changes in 10266 11 to 17, 128 to 0
06-23 14:18:52.789  1909  2224 I ActivityManager: Changes in 10251 11 to 10, 128 to 0
06-23 14:18:52.930  1909  2720 I ActivityManager: Changes in 10214 19 to 11, 0 to 128
06-23 14:18:53.017  1909  1972 I ActivityManager: Changes in 10108 10 to 10, 0 to 128
06-23 14:18:53.022  1909  1973 I ActivityManager: Start proc 16870:com.samsung.android.ssiframework/u0a112 for broadcast {com.samsung.android.ssiframework/com.samsung.android.ssiframework.CaPackageBroadcastReceiver}
06-23 14:18:53.022  1909  1973 I ActivityManager: ProcessObserver broadcast disabled
06-23 14:18:53.063  1909  2720 I ActivityManager: Changes in 10083 19 to 5, 0 to 144
06-23 14:18:53.101  1909  4342 I ActivityManager: Changes in 10108 10 to 10, 128 to 0
06-23 14:18:53.145  1909  3050 I ActivityManager: Changes in 99215 10 to 3, 0 to 184
06-23 14:18:53.186  1909  2776 I ActivityManager: Changes in 10214 8 to 10, 128 to 0
06-23 14:18:53.246  1909  4206 I ActivityManager: Changes in 10112 19 to 11, 0 to 128
06-23 14:18:53.255  1909  4206 I ActivityManager: Killing 15455:com.sec.android.app.shealth:remote/u0a328 (adj 975): empty #25
06-23 14:18:53.256  1909  4206 I ActivityManager: Changes in 10112 11 to 19, 128 to 0
06-23 14:18:53.261  1909  1973 I ActivityManager: Start proc 16925:com.android.vending:background/u0a251 for broadcast {com.android.vending/com.google.android.finsky.packagemonitor.backgroundimpl.BackgroundPackageMonitorReceiverImpl$RegisteredReceiver}
06-23 14:18:53.261  1909  1973 I ActivityManager: ProcessObserver broadcast disabled
06-23 14:18:53.491  1909  4225 I ActivityManager: Changes in 10251 19 to 11, 0 to 128
06-23 14:18:53.517  1909  1973 I ActivityManager: Start proc 16954:com.google.android.apps.carrier.carrierwifi/u0a241 for broadcast {com.google.android.apps.carrier.carrierwifi/com.google.android.apps.carrier.carrierwifi.CarrierWifiReceiver}
06-23 14:18:53.517  1909  1973 I ActivityManager: ProcessObserver broadcast disabled
06-23 14:18:53.618  1909  4206 I ActivityManager: Killing 15426:com.sec.android.app.shealth/u0a328 (adj 975): empty #25
06-23 14:18:53.619  1909  4206 I ActivityManager: Changes in 10251 11 to 19, 128 to 0
06-23 14:18:53.625  1909  4206 I ActivityManager: Changes in 10241 19 to 11, 0 to 128
06-23 14:18:53.644  1909  4206 I ActivityManager: Killing 15480:com.samsung.android.mcfds/u0a96 (adj 965): empty #25
06-23 14:18:53.645  1909  4206 I ActivityManager: Changes in 10241 11 to 19, 128 to 0
06-23 14:18:53.645  1909  1973 I ActivityManager: Start proc 16983:com.google.android.rkpdapp/u0a348 for broadcast {com.google.android.rkpdapp/com.android.rkpdapp.PackageRemovalReceiver}
06-23 14:18:53.645  1909  1973 I ActivityManager: ProcessObserver broadcast disabled
06-23 14:18:53.699  1909  4206 I ActivityManager: Changes in 10241 19 to 8, 0 to 128
06-23 14:18:53.701  1909  2776 I ActivityManager: Changes in 10348 19 to 11, 0 to 128
06-23 14:18:53.710  1909  4342 I ActivityManager: Changes in 10348 11 to 19, 128 to 0
06-23 14:18:53.718  1909  1973 I ActivityManager: Start proc 17017:com.lguplus.appstore/u0a99 for broadcast {com.lguplus.appstore/com.onestore.android.shopclient.specific.openprotocol.broadcast.receiver.SpecificInstallBroadcastReceiver}
06-23 14:18:53.718  1909  1973 I ActivityManager: ProcessObserver broadcast disabled
06-23 14:18:53.762  1909  3174 I ActivityManager: Changes in 10241 8 to 10, 128 to 0
06-23 14:18:53.764  1909  2776 I ActivityManager: Killing 15874:com.facebook.katana:pretosproc/u0a356 (adj 965): empty #25
06-23 14:18:53.936  1909  1972 I ActivityManager: Changes in 10055 19 to 11, 0 to 128
06-23 14:18:53.941  1909  3174 I ActivityManager: Changes in 10055 11 to 3, 128 to 144
06-23 14:18:53.979  1909  4342 I ActivityManager: Changes in 10099 11 to 11, 0 to 128
06-23 14:18:53.994  1909  3174 I ActivityManager: Changes in 10099 11 to 19, 128 to 0
06-23 14:18:54.001  1909  4342 I ActivityManager: Changes in 10251 19 to 3, 0 to 184
06-23 14:18:54.002  1909  1973 I ActivityManager: Start proc 17088:com.samsung.android.mapsagent/u0a183 for broadcast {com.samsung.android.mapsagent/com.samsung.android.mapsagent.receiver.PackageDeletedReceiver}
06-23 14:18:54.003  1909  1973 I ActivityManager: ProcessObserver broadcast disabled
06-23 14:18:54.022  1909  1973 I ActivityManager: Start proc 17092:com.skt.skaf.OA00018282/u0a104 for content provider {com.skt.skaf.OA00018282/com.onestore.utils.ApiContentProvider}
06-23 14:18:54.022  1909  1973 I ActivityManager: ProcessObserver broadcast disabled
06-23 14:18:54.118  1909  2776 I ActivityManager: Changes in 10183 19 to 11, 0 to 128
06-23 14:18:54.125  1909  2776 I ActivityManager: Changes in 10183 11 to 19, 128 to 0
06-23 14:18:54.136  1909  1973 I ActivityManager: Start proc 17120:com.google.android.videos/u0a311 for broadcast {com.google.android.videos/com.google.android.libraries.social.peoplekit.thirdparty.viewcontrollers.ThirdPartyReceiver}
06-23 14:18:54.137  1909  1973 I ActivityManager: ProcessObserver broadcast disabled
06-23 14:18:54.532  1909  2867 I ActivityManager: Changes in 10311 19 to 11, 0 to 128
06-23 14:18:54.535  1909  1972 I ActivityManager: com.android.providers.downloads is exempt from freezer by list
06-23 14:18:54.547  1909  1973 I ActivityManager: Start proc 17199:android.process.media/u0a66 for broadcast {com.android.providers.downloads/com.android.providers.downloads.DownloadReceiver}
06-23 14:18:54.547  1909  1973 I ActivityManager: ProcessObserver broadcast disabled
06-23 14:18:54.571  1909  3174 I ActivityManager: Killing 15991:com.samsung.SMT/1000 (adj 955): empty #25
06-23 14:18:54.572  1909  3174 I ActivityManager: Changes in 10311 11 to 19, 128 to 0
06-23 14:18:54.651  1909  2867 I ActivityManager: Changes in 10066 19 to 11, 0 to 128
06-23 14:18:54.669  1909  1973 I ActivityManager: Start proc 17222:com.samsung.android.provider.filterprovider/1000 for broadcast {com.samsung.android.provider.filterprovider/com.samsung.android.provider.filterprovider.PackageIntentReceiver}
06-23 14:18:54.670  1909  1973 I ActivityManager: ProcessObserver broadcast disabled
06-23 14:18:54.682  1909  3174 I ActivityManager: Killing 15688:com.facebook.katana/u0a356 (adj 955): empty #25
06-23 14:18:54.683  1909  3174 I ActivityManager: Changes in 10066 11 to 19, 128 to 0
06-23 14:18:54.781  1909  1909 I ActivityManager: Changes in 10260 5 to 10, 184 to 0
06-23 14:18:54.784  1909  1909 W ActivityManager: pid 1909 system sent binder code 2 with flags 1 to frozen apps and got error -32
06-23 14:18:54.784  1909  1973 I ActivityManager: Start proc 17237:com.samsung.android.mdm/u0a185 for broadcast {com.samsung.android.mdm/com.samsung.android.ppclient.receiver.UnEnrollmentReceiver}
06-23 14:18:54.784  1909  1973 I ActivityManager: ProcessObserver broadcast disabled
06-23 14:18:54.788  1909  2224 I ActivityManager: Killing 15800:com.google.android.googlequicksearchbox:search/u0a253 (adj 945): empty #25
06-23 14:18:54.791  1909  2224 I ActivityManager: Killing 15451:com.osp.app.signin/u0a117 (adj 945): empty #25
06-23 14:18:54.842  1909  4227 W ActivityManager: pid 6725 com.google.android.googlequicksearchbox:interactor sent binder code 2 with flags 1 to frozen apps and got error -32
06-23 14:18:54.874  1909  4227 I ActivityManager: Changes in 10185 19 to 11, 0 to 128
06-23 14:18:54.880  1909  4340 I ActivityManager: Killing 15370:com.samsung.android.ce/u0a96 (adj 935): empty #25
06-23 14:18:54.881  1909  4340 I ActivityManager: Changes in 10185 11 to 19, 128 to 0
06-23 14:18:55.276  1909  4340 I ActivityManager: Killing 16266:com.samsung.android.authfw/5278 (adj 935): empty #25
06-23 14:18:55.316  1909  4340 W ActivityManager: Scheduling restart of crashed service com.samsung.android.authfw/.pass.PassService in 1000ms for connection
06-23 14:18:56.340  1909  1973 I ActivityManager: Start proc 17258:com.samsung.android.authfw/5278 for service {com.samsung.android.authfw/com.samsung.android.authfw.pass.PassService}
06-23 14:18:56.340  1909  1973 I ActivityManager: ProcessObserver broadcast disabled
06-23 14:18:56.483  1909  4225 I ActivityManager: Killing 16216:com.samsung.android.samsungpass/u0a127 (adj 935): empty #25
06-23 14:18:56.518  1909  4174 W ActivityManager: Scheduling restart of crashed service com.samsung.android.samsungpass/.passservice.PassService in 1000ms for connection
06-23 14:18:57.555  1909  1973 I ActivityManager: Start proc 17273:com.samsung.android.samsungpass/u0a127 for service {com.samsung.android.samsungpass/com.samsung.android.samsungpass.passservice.PassService}
06-23 14:18:57.555  1909  1973 I ActivityManager: ProcessObserver broadcast disabled
06-23 14:18:57.739  1909  4340 I ActivityManager: Killing 16189:com.samsung.android.samsungpassautofill/u0a207 (adj 925): empty #25
06-23 14:18:57.781  1909  1973 I ActivityManager: Start proc 17324:com.osp.app.signin/u0a117 for content provider {com.osp.app.signin/com.samsung.android.samsungaccount.utils.accounts.AccountManagerProvider}
06-23 14:18:57.781  1909  1973 I ActivityManager: ProcessObserver broadcast disabled
06-23 14:18:57.985  1909  4174 I ActivityManager: Killing 16586:com.samsung.android.dqagent/1000 (adj 915): empty #25
06-23 14:18:58.028  1909  4174 I ActivityManager: Changes in 10117 19 to 8, 0 to 128
06-23 14:18:58.043  1909  3434 I ActivityManager: Changes in 10117 8 to 10, 128 to 0
06-23 14:18:59.072  1909  1971 I ActivityManager: Changes in 10083 5 to 10, 144 to 0
06-23 14:18:59.967  1909  1971 I ActivityManager: Changes in 10055 3 to 15, 144 to 0
06-23 14:19:02.277  1909  1973 I ActivityManager: Start proc 17404:com.samsung.android.privacydashboard/u0a107 for content provider {com.samsung.android.privacydashboard/com.samsung.android.privacydashboard.provider.PermissionAccessInformationContentProvider}
06-23 14:19:02.277  1909  1973 I ActivityManager: ProcessObserver broadcast disabled
06-23 14:19:02.438  1909  2224 I ActivityManager: Changes in 10107 19 to 5, 0 to 144
06-23 14:19:08.210  1909  2225 I ActivityManager: Changes in 99215 3 to 10, 184 to 0
06-23 14:19:08.211  1909  2225 I ActivityManager: Changes in 10251 3 to 10, 184 to 0
06-23 14:19:08.218  1909  4174 I ActivityManager: Killing 16674:com.samsung.aasaservice/1000 (adj 905): empty #25
06-23 14:19:08.219  1909  4174 I ActivityManager: Killing 13986:com.microsoft.appmanager/u0a151 (adj 915): empty #26
06-23 14:19:08.221  1909  4174 I ActivityManager: Killing 13551:com.google.android.apps.turbo/u0a250 (adj 915): empty #27
06-23 14:19:08.257  1909  4342 I ActivityManager: Changes in 10198 19 to 10, 128 to 0
06-23 14:19:08.491  1909  1971 I ActivityManager: Changes in 10107 5 to 15, 144 to 0
06-23 14:19:20.141  1909  1972 I ActivityManager: Killing 16712:com.google.android.packageinstaller/u0a78 (adj 905): empty #25
06-23 14:19:20.189  1909  1965 W ActivityManager: setHasOverlayUi called on unknown pid: 16712
06-23 14:19:27.372  1909  2065 I ActivityManager: Changes in 10251 19 to 8, 0 to 128
06-23 14:19:29.844  1909  3050 I ActivityManager: Changes in 10251 8 to 10, 128 to 0
06-23 14:19:29.855  1909  4356 I ActivityManager: Killing 16770:com.android.keychain/1000 (adj 915): empty #25
06-23 14:20:05.861  1909  1973 I ActivityManager: Start proc 17452:com.samsung.mfcontents/u0a95 for service {com.samsung.mfcontents/com.samsung.mfcontents.scheduler.MFCJobService}
06-23 14:20:05.861  1909  1973 I ActivityManager: ProcessObserver broadcast disabled
06-23 14:20:05.958  1909  4356 I ActivityManager: Changes in 10095 19 to 8, 0 to 128
06-23 14:20:05.970  1909  4356 I ActivityManager: Changes in 10095 8 to 10, 128 to 0
06-23 14:20:05.973  1909  3698 I ActivityManager: Killing 13246:com.samsung.android.forest/1000 (adj 905): empty #25
06-23 14:20:13.317  1909  1973 I ActivityManager: Start proc 17475:com.google.android.apps.turbo/u0a250 for broadcast {com.google.android.apps.turbo/com.google.android.apps.turbo.nudges.broadcasts.BatteryStatusChangedReceiver}
06-23 14:20:13.317  1909  1973 I ActivityManager: ProcessObserver broadcast disabled
06-23 14:20:13.406  1909  4356 I ActivityManager: Changes in 10250 19 to 11, 0 to 128
06-23 14:20:13.410  1909  4356 I ActivityManager: Killing 16805:com.samsung.android.sm.devicesecurity/u0a214 (adj 905): empty #25
06-23 14:20:13.411  1909  4356 I ActivityManager: Changes in 10250 11 to 19, 128 to 0
06-23 14:21:44.964  1909  1972 I ActivityManager: Changes in 10250 19 to 11, 0 to 128
06-23 14:21:44.966  1909  2803 I ActivityManager: Changes in 10250 11 to 19, 128 to 0
06-23 14:23:26.891  1909  1972 I ActivityManager: Changes in 10250 19 to 11, 0 to 128
06-23 14:23:26.894  1909  3050 I ActivityManager: Changes in 10250 11 to 19, 128 to 0
06-23 14:23:53.193  1909  3050 I ActivityManager: Killing 16870:com.samsung.android.ssiframework/u0a112 (adj 905): empty #25
06-23 14:24:06.249  1909  1973 I ActivityManager: Start proc 17545:com.samsung.android.ce/u0a96 for broadcast {com.samsung.android.mcfds/com.samsung.android.ce.ContextEngineReceiver}
06-23 14:24:06.249  1909  1973 I ActivityManager: ProcessObserver broadcast disabled
06-23 14:24:06.265  1909  1973 I ActivityManager: Start proc 17546:com.samsung.cmh/5004 for service {com.samsung.cmh/com.samsung.cmh.core.cmhjobservice.CMHJobService}
06-23 14:24:06.265  1909  1973 I ActivityManager: ProcessObserver broadcast disabled
06-23 14:24:06.304  1909  4340 I ActivityManager: Changes in 99215 10 to 3, 0 to 184
06-23 14:24:06.379  1909  2769 I ActivityManager: Changes in 10096 19 to 11, 0 to 128
06-23 14:24:06.382  1909  2769 I ActivityManager: Changes in 10096 11 to 19, 128 to 0
06-23 14:24:06.412  1909  2769 I ActivityManager: Changes in 5004 19 to 8, 0 to 128
06-23 14:24:06.421  1909  2803 I ActivityManager: Changes in 5004 8 to 10, 128 to 0
06-23 14:24:06.439  1909  1973 I ActivityManager: Start proc 17619:com.google.android.as.oss/u0a248 for service {com.google.android.as.oss/com.google.android.gms.learning.internal.training.InAppJobService}
06-23 14:24:06.439  1909  1973 I ActivityManager: ProcessObserver broadcast disabled
06-23 14:24:06.574  1909  1972 I ActivityManager: Changes in 10096 19 to 11, 0 to 128
06-23 14:24:06.583  1909  3050 I ActivityManager: Changes in 10096 11 to 19, 128 to 0
06-23 14:24:06.628  1909  4356 I ActivityManager: Changes in 10248 19 to 8, 0 to 128
06-23 14:24:06.636  1909  1973 I ActivityManager: Start proc 17684:com.samsung.faceservice/5004 for content provider {com.samsung.faceservice/com.samsung.faceservice.provider.FaceServiceProvider}
06-23 14:24:06.636  1909  1973 I ActivityManager: ProcessObserver broadcast disabled
06-23 14:24:06.655  1909  4340 I ActivityManager: Changes in 10066 19 to 8, 0 to 128
06-23 14:24:06.656  1909  4340 I ActivityManager: Changes in 5004 19 to 8, 0 to 128
06-23 14:24:06.668  1909  4356 I ActivityManager: Changes in 10066 8 to 10, 128 to 0
06-23 14:24:06.668  1909  4356 I ActivityManager: Changes in 5004 8 to 10, 128 to 0
06-23 14:24:06.690  1909  4340 I ActivityManager: Changes in 10248 8 to 10, 128 to 0
06-23 14:24:06.694  1909  4356 I ActivityManager: Killing 16925:com.android.vending:background/u0a251 (adj 905): empty #25
06-23 14:24:06.717  1909  1973 I ActivityManager: Start proc 17704:com.samsung.android.mcfds/u0a96 for content provider {com.samsung.android.mcfds/com.samsung.android.mcfds.handler.client.ClientProvider}
06-23 14:24:06.717  1909  1973 I ActivityManager: ProcessObserver broadcast disabled
06-23 14:24:06.737  1909  4340 W ActivityManager: Receiver with filter android.content.IntentFilter@13fa07d already registered for pid 17684, callerPackage is com.samsung.faceservice
06-23 14:24:06.743  1909  4340 W ActivityManager: Receiver with filter android.content.IntentFilter@8ab9b72 already registered for pid 17684, callerPackage is com.samsung.faceservice
06-23 14:24:06.747  1909  1935 I ActivityManager: Killing 16983:com.google.android.rkpdapp/u0a348 (adj 905): empty #25
06-23 14:24:06.795  1909  3434 I ActivityManager: Killing 16954:com.google.android.apps.carrier.carrierwifi/u0a241 (adj 905): empty #25
06-23 14:24:06.844  1909  3434 I ActivityManager: Changes in 10096 19 to 5, 0 to 184
06-23 14:24:16.897  1909  3434 I ActivityManager: Changes in 10096 5 to 10, 184 to 0
06-23 14:24:18.482  1909  3050 I ActivityManager: Changes in 10251 19 to 3, 0 to 184
06-23 14:24:18.514  1909  3050 I ActivityManager: Changes in 10251 3 to 10, 184 to 0
06-23 14:24:19.244  1909  3050 W ActivityManager: Unable to start service Intent { act=com.google.android.gms.mdocstore.service.MDOC_STORE xflg=0x4 pkg=com.google.android.gms } U=0: not found
06-23 14:24:19.245  1909  3050 W ActivityManager: Unbind failed: could not find connection for android.os.BinderProxy@fff96f
06-23 14:24:19.254  1909  4227 W ActivityManager: Unable to start service Intent { act=com.google.android.gms.mdocstore.service.MDOC_STORE xflg=0x4 pkg=com.google.android.gms } U=0: not found
06-23 14:24:19.254  1909  4227 W ActivityManager: Unbind failed: could not find connection for android.os.BinderProxy@c9f3e68
06-23 14:24:19.264  1909  4227 W ActivityManager: Unable to start service Intent { act=com.google.android.gms.mdocstore.service.MDOC_STORE xflg=0x4 pkg=com.google.android.gms } U=0: not found
06-23 14:24:19.264  1909  4341 W ActivityManager: Unbind failed: could not find connection for android.os.BinderProxy@1417281
06-23 14:24:19.284  1909  4341 W ActivityManager: Unable to start service Intent { act=com.google.android.gms.mdocstore.service.MDOC_STORE xflg=0x4 pkg=com.google.android.gms } U=0: not found
06-23 14:24:19.286  1909  4341 W ActivityManager: Unbind failed: could not find connection for android.os.BinderProxy@a873f26
06-23 14:24:20.128  1909  1973 I ActivityManager: Start proc 17778:com.google.android.gms.unstable/u0a252 for service {com.google.android.gms/com.google.android.gms.chimera.UnstableInternalBoundBrokerService}
06-23 14:24:20.128  1909  1973 I ActivityManager: ProcessObserver broadcast disabled
06-23 14:24:20.883  1909  1973 I ActivityManager: Start proc 17839:com.google.android.rkpdapp/u0a348 for service {com.google.android.rkpdapp/com.android.rkpdapp.service.RemoteProvisioningService}
06-23 14:24:20.883  1909  1973 I ActivityManager: ProcessObserver broadcast disabled
06-23 14:24:20.973  1909  4340 I ActivityManager: Changes in 10348 19 to 6, 0 to 128
06-23 14:24:20.989  1909  4356 I ActivityManager: Changes in 10348 6 to 10, 128 to 0
06-23 14:24:22.755  1909  4340 I ActivityManager: Killing 16004:com.sec.android.provider.badge/u0a55 (adj 905): empty #25
06-23 14:24:22.800  1909  1973 I ActivityManager: Start proc 17883:com.google.android.apps.restore/u0a249 for service {com.google.android.apps.restore/com.google.android.apps.restore.backup.photos.apiservice.PhotosBackupApiEndpointService}
06-23 14:24:22.800  1909  1973 I ActivityManager: ProcessObserver broadcast disabled
06-23 14:24:22.963  1909  4356 I ActivityManager: Changes in 10249 19 to 3, 0 to 184
06-23 14:24:23.038  1909  1973 I ActivityManager: Start proc 17916:com.google.android.apps.photos/u0a313 for service {com.google.android.apps.photos/com.google.android.apps.photos.backup.apiservice.grpc.PhotosBackupGrpcService}
06-23 14:24:23.038  1909  1973 I ActivityManager: ProcessObserver broadcast disabled
06-23 14:24:23.425  1909  4341 I ActivityManager: Changes in 10313 19 to 3, 0 to 184
06-23 14:24:26.206  1909  3698 I ActivityManager: Changes in 10056 19 to 5, 0 to 144
06-23 14:24:31.934  1909  1972 I ActivityManager: Changes in 10096 15 to 11, 0 to 128
06-23 14:24:31.940  1909  4211 I ActivityManager: Changes in 10096 11 to 15, 128 to 0
06-23 14:24:32.327  1909  1971 I ActivityManager: Changes in 10056 5 to 15, 144 to 0
06-23 14:24:33.536  1909  1972 I ActivityManager: Killing 17017:com.lguplus.appstore/u0a99 (adj 905): empty #25
06-23 14:24:36.948  1909  1972 I ActivityManager: Changes in 10096 19 to 11, 0 to 128
06-23 14:24:36.953  1909  1935 I ActivityManager: Changes in 10096 11 to 19, 128 to 0
06-23 14:24:43.196  1909  1935 I ActivityManager: Changes in 99215 3 to 10, 184 to 0
06-23 14:24:43.197  1909  1935 I ActivityManager: Changes in 10313 3 to 10, 184 to 0
06-23 14:24:43.197  1909  1935 I ActivityManager: Changes in 10249 3 to 10, 184 to 0
06-23 14:24:43.206  1909  1935 I ActivityManager: Killing 16019:com.google.android.tts/u0a260 (adj 905): empty #25
06-23 14:24:43.207  1909  1935 I ActivityManager: Killing 17199:android.process.media/u0a66 (adj 905): empty #26
06-23 14:24:43.208  1909  1935 I ActivityManager: Killing 17120:com.google.android.videos/u0a311 (adj 905): empty #27
06-23 14:24:43.210  1909  1935 I ActivityManager: Killing 17088:com.samsung.android.mapsagent/u0a183 (adj 905): empty #28
06-23 14:25:18.930  1909  1972 I ActivityManager: Changes in 10250 19 to 11, 0 to 128
06-23 14:25:18.936  1909  1933 I ActivityManager: Changes in 10250 11 to 19, 128 to 0
06-23 14:25:23.693  1909  2749 I ActivityManager: Changes in 10313 19 to 8, 0 to 128
06-23 14:25:23.723  1909  2224 I ActivityManager: Changes in 10313 8 to 10, 128 to 0
06-23 14:26:21.908  1909  1972 I ActivityManager: Changes in 10096 19 to 11, 0 to 128
06-23 14:26:21.912  1909  1933 I ActivityManager: Changes in 10096 11 to 19, 128 to 0
06-23 14:27:21.408  1909  1972 I ActivityManager: Changes in 10250 19 to 11, 0 to 128
06-23 14:27:21.418  1909  2803 I ActivityManager: Changes in 10250 11 to 19, 128 to 0
06-23 14:29:13.832  1909  1972 I ActivityManager: Changes in 10250 19 to 11, 0 to 128
06-23 14:29:13.840  1909  2749 I ActivityManager: Changes in 10250 11 to 19, 128 to 0
06-23 14:30:48.427  1909  1973 I ActivityManager: Start proc 18132:com.google.android.apps.tachyon/u0a254 for service {com.google.android.apps.tachyon/androidx.work.impl.background.systemjob.SystemJobService}
06-23 14:30:48.427  1909  1973 I ActivityManager: ProcessObserver broadcast disabled
06-23 14:30:48.446  1909  1973 I ActivityManager: Start proc 18133:com.lguplus.appstore/u0a99 for service {com.lguplus.appstore/androidx.work.impl.background.systemjob.SystemJobService}
06-23 14:30:48.447  1909  1973 I ActivityManager: ProcessObserver broadcast disabled
06-23 14:30:48.459  1909  1973 I ActivityManager: Start proc 18144:com.google.android.googlequicksearchbox:search/u0a253 for broadcast {com.google.android.googlequicksearchbox/com.google.android.libraries.search.gcm.search.SearchProcessGcmBroadcastReceiver_Receiver}
06-23 14:30:48.460  1909  1973 I ActivityManager: ProcessObserver broadcast disabled
06-23 14:30:48.627  1909  1933 I ActivityManager: Killing 17222:com.samsung.android.provider.filterprovider/1000 (adj 905): empty #25
06-23 14:30:48.652  1909  1973 I ActivityManager: Start proc 18224:com.sec.android.provider.badge/u0a55 for broadcast {com.sec.android.provider.badge/com.sec.android.provider.badge.BadgeCountReceiver}
06-23 14:30:48.652  1909  1973 I ActivityManager: ProcessObserver broadcast disabled
06-23 14:30:48.690  1909  4407 I ActivityManager: Changes in 99215 19 to 8, 0 to 128
06-23 14:30:48.690  1909  4407 I ActivityManager: Changes in 10099 19 to 8, 0 to 128
06-23 14:30:48.715  1909  4407 I ActivityManager: Changes in 10251 19 to 8, 0 to 128
06-23 14:30:48.742  1909  4407 I ActivityManager: Changes in 10055 19 to 11, 0 to 128
06-23 14:30:48.770  1909  2224 I ActivityManager: Changes in 99215 8 to 10, 128 to 0
06-23 14:30:48.771  1909  2224 I ActivityManager: Changes in 10251 8 to 10, 128 to 0
06-23 14:30:48.772  1909  2224 I ActivityManager: Changes in 10099 8 to 10, 128 to 0
06-23 14:30:48.785  1909  2224 I ActivityManager: Killing 17237:com.samsung.android.mdm/u0a185 (adj 905): empty #25
06-23 14:30:48.829  1909  2803 I ActivityManager: Changes in 10055 11 to 3, 128 to 144
06-23 14:30:48.981  1909  1933 I ActivityManager: Changes in 99215 19 to 8, 0 to 128
06-23 14:30:48.982  1909  1933 I ActivityManager: Changes in 10254 19 to 8, 0 to 128
06-23 14:30:48.982  1909  1933 I ActivityManager: Changes in 10251 19 to 8, 0 to 128
06-23 14:30:49.766  1909  1933 I ActivityManager: Changes in 99215 8 to 10, 128 to 0
06-23 14:30:49.766  1909  1933 I ActivityManager: Changes in 10254 8 to 10, 128 to 0
06-23 14:30:49.767  1909  1933 I ActivityManager: Changes in 10251 8 to 10, 128 to 0
06-23 14:30:49.771  1909  1933 I ActivityManager: Killing 17092:com.skt.skaf.OA00018282/u0a104 (adj 905): empty #25
06-23 14:30:54.861  1909  1971 I ActivityManager: Changes in 10055 3 to 15, 144 to 0
06-23 14:31:14.865  1909  1972 I ActivityManager: Killing 17258:com.samsung.android.authfw/5278 (adj 905): empty #25
06-23 14:31:14.910  1909  3050 W ActivityManager: Scheduling restart of crashed service com.samsung.android.authfw/.pass.PassService in 1000ms for connection
06-23 14:31:15.951  1909  1973 I ActivityManager: Start proc 18312:com.samsung.android.authfw/5278 for service {com.samsung.android.authfw/com.samsung.android.authfw.pass.PassService}
06-23 14:31:15.951  1909  1973 I ActivityManager: ProcessObserver broadcast disabled
06-23 14:31:16.128  1909  1933 I ActivityManager: Killing 17273:com.samsung.android.samsungpass/u0a127 (adj 905): empty #25
06-23 14:31:26.326  1909  1972 I ActivityManager: Changes in 10250 19 to 11, 0 to 128
06-23 14:31:26.331  1909  1933 I ActivityManager: Changes in 10250 11 to 19, 128 to 0
06-23 14:31:44.723  1909  1972 I ActivityManager: Changes in 10096 19 to 11, 0 to 128
06-23 14:31:44.739  1909  1933 I ActivityManager: Changes in 99215 19 to 3, 0 to 184
06-23 14:31:54.734  1909  2065 I ActivityManager: Changes in 10096 19 to 19, 128 to 0
06-23 14:31:57.905  1909  1972 I ActivityManager: Changes in 10096 19 to 11, 0 to 128
06-23 14:31:57.912  1909  1935 I ActivityManager: Changes in 10096 11 to 19, 128 to 0
06-23 14:31:59.776  1909  1935 I ActivityManager: Changes in 99215 3 to 10, 184 to 0
06-23 14:32:05.183  1909  1972 I ActivityManager: Changes in 10096 19 to 11, 0 to 128
06-23 14:32:15.197  1909  2065 I ActivityManager: Changes in 10096 19 to 19, 128 to 0
06-23 14:33:28.116  1909  1972 I ActivityManager: Changes in 10250 19 to 11, 0 to 128
06-23 14:33:28.121  1909  1935 I ActivityManager: Changes in 10250 11 to 19, 128 to 0
06-23 14:35:03.699  1909  1973 I ActivityManager: Start proc 18398:com.ss.android.ugc.trill/u0a388 for broadcast {com.ss.android.ugc.trill/com.google.firebase.iid.FirebaseInstanceIdReceiver}
06-23 14:35:03.699  1909  1973 I ActivityManager: ProcessObserver broadcast disabled
06-23 14:35:04.693  1909  3050 I ActivityManager: Changes in 10388 19 to 11, 0 to 128
06-23 14:35:04.710  1909  1935 I ActivityManager: Changes in 99215 19 to 10, 0 to 128
06-23 14:35:04.726  1909  2224 I ActivityManager: Killing 17324:com.osp.app.signin/u0a117 (adj 905): empty #25
06-23 14:35:04.761  1909  2224 I ActivityManager: Changes in 99215 19 to 10, 128 to 0
06-23 14:35:04.930  1909  1972 I ActivityManager: Changes in 10055 19 to 11, 0 to 128
06-23 14:35:04.938  1909  1935 I ActivityManager: Changes in 10055 11 to 3, 128 to 144
06-23 14:35:10.958  1909  1971 I ActivityManager: Changes in 10055 3 to 15, 144 to 0
06-23 14:35:11.223  1909  1971 I ActivityManager: Changes in 99215 19 to 19, 0 to 128
06-23 14:35:11.529  1909  1973 I ActivityManager: Start proc 18690:com.samsung.drmboost/u0a339 for service {com.samsung.drmboost/com.samsung.drmboost.DrmEventService}
06-23 14:35:11.529  1909  1973 I ActivityManager: ProcessObserver broadcast disabled
06-23 14:35:21.058  1909  2224 I ActivityManager: Changes in 99215 19 to 10, 128 to 0
06-23 14:35:24.704  1909  2065 I ActivityManager: Changes in 10388 19 to 19, 128 to 0
06-23 14:35:29.886  1909  1972 I ActivityManager: Changes in 10250 19 to 11, 0 to 128
06-23 14:35:29.888  1909  1935 I ActivityManager: Changes in 10250 11 to 19, 128 to 0
06-23 14:35:30.964  1909  1972 I ActivityManager: Killing 17404:com.samsung.android.privacydashboard/u0a107 (adj 905): empty #25
06-23 14:36:23.844  1909  1972 I ActivityManager: Changes in 10108 10 to 10, 0 to 128
06-23 14:36:23.854  1909  2065 I ActivityManager: Changes in 10095 19 to 8, 0 to 128
06-23 14:36:23.859  1909  1935 I ActivityManager: Changes in 10108 10 to 10, 128 to 0
06-23 14:36:23.867  1909  2803 I ActivityManager: Changes in 10095 8 to 10, 128 to 0
06-23 14:36:51.089  1909  1972 I ActivityManager: Changes in 10250 19 to 11, 0 to 128
06-23 14:36:51.094  1909  2803 I ActivityManager: Changes in 10250 11 to 19, 128 to 0
06-23 14:36:57.163  1909  3050 I ActivityManager: Changes in 10348 19 to 6, 0 to 128
06-23 14:36:57.173  1909  2803 I ActivityManager: Changes in 10348 6 to 10, 128 to 0
06-23 14:38:12.545  1909  1972 I ActivityManager: Changes in 10250 19 to 11, 0 to 128
06-23 14:38:12.547  1909  1935 I ActivityManager: Changes in 10250 11 to 19, 128 to 0
06-23 14:39:06.229  1909  2065 I ActivityManager: Changes in 5004 19 to 8, 0 to 128
06-23 14:39:06.245  1909  2187 I ActivityManager: Changes in 99215 19 to 8, 0 to 128
06-23 14:39:06.274  1909  2187 I ActivityManager: Changes in 99215 8 to 10, 128 to 0
06-23 14:39:06.294  1909  3050 I ActivityManager: Changes in 5004 8 to 10, 128 to 0
06-23 14:39:06.473  1909  2065 I ActivityManager: Changes in 5004 19 to 8, 0 to 128
06-23 14:39:06.490  1909  1933 I ActivityManager: Changes in 5004 8 to 10, 128 to 0
06-23 14:39:06.499  1909  2065 I ActivityManager: Changes in 10099 19 to 8, 0 to 128
06-23 14:39:06.593  1909  1933 I ActivityManager: Changes in 10099 8 to 10, 128 to 0
06-23 14:39:06.812  1909  2065 I ActivityManager: Changes in 10248 19 to 8, 0 to 128
06-23 14:39:06.880  1909  1933 I ActivityManager: Changes in 10248 8 to 10, 128 to 0
06-23 14:39:14.280  1909  1973 I ActivityManager: Start proc 19227:com.android.vending:background/u0a251 for service {com.android.vending/com.google.android.finsky.appcontentservice.engage.AppEngageServiceV2}
06-23 14:39:14.280  1909  1973 I ActivityManager: ProcessObserver broadcast disabled
06-23 14:39:14.546  1909  3050 I ActivityManager: Killing 16692:com.samsung.android.privateaccesstokens/u0a198 (adj 905): empty #25
06-23 14:40:27.908  1909  1972 I ActivityManager: Changes in 10096 19 to 11, 0 to 128
06-23 14:40:27.912  1909  2803 I ActivityManager: Changes in 10096 11 to 19, 128 to 0
06-23 14:40:41.818  1909  1972 I ActivityManager: Changes in 10096 19 to 11, 0 to 128
06-23 14:40:51.829  1909  2065 I ActivityManager: Changes in 10096 19 to 19, 128 to 0
06-23 14:41:01.821  1909  1972 I ActivityManager: Changes in 10096 19 to 11, 0 to 128
06-23 14:41:11.840  1909  2065 I ActivityManager: Changes in 10096 19 to 19, 128 to 0
06-23 14:45:07.805  1909  4211 I ActivityManager: Changes in 10096 19 to 5, 0 to 184
06-23 14:45:17.880  1909  2803 I ActivityManager: Changes in 10096 5 to 10, 184 to 0
06-23 14:46:37.813  1909  1972 I ActivityManager: Changes in 10096 19 to 11, 0 to 128
06-23 14:46:37.815  1909  2803 I ActivityManager: Changes in 10096 11 to 19, 128 to 0
06-23 14:48:59.594  1909  1972 I ActivityManager: Changes in 10096 19 to 11, 0 to 128
06-23 14:48:59.601  1909  2803 I ActivityManager: Changes in 10096 11 to 19, 128 to 0
06-23 14:48:59.622  1909  1973 I ActivityManager: Start proc 19652:com.samsung.android.game.gos/u0a76 for service {com.samsung.android.game.gos/com.samsung.android.game.gos.service.MainIntentService}
06-23 14:48:59.624  1909  1973 I ActivityManager: ProcessObserver broadcast disabled
06-23 14:48:59.635  1909  1973 I ActivityManager: Start proc 19653:com.samsung.android.mobileservice/u0a119 for service {com.samsung.android.mobileservice/com.samsung.android.mobileservice.common.util.PeriodicJobUtil$PeriodicJob}
06-23 14:48:59.636  1909  1973 I ActivityManager: ProcessObserver broadcast disabled
06-23 14:48:59.661  1909  1973 I ActivityManager: Start proc 19655:com.google.android.partnersetup/u0a243 for service {com.google.android.partnersetup/com.google.android.partnersetup.InstalledAppJobService}
06-23 14:48:59.663  1909  1973 I ActivityManager: ProcessObserver broadcast disabled
06-23 14:48:59.680  1909  1973 I ActivityManager: Start proc 19672:com.google.android.apps.turbo:aab/u0a250 for service {com.google.android.apps.turbo/com.google.android.libraries.smartbattery.appusage.library.InferAppBucketsJob}
06-23 14:48:59.681  1909  1973 I ActivityManager: ProcessObserver broadcast disabled
06-23 14:48:59.759  1909  4211 I ActivityManager: Changes in 10250 19 to 8, 0 to 128
06-23 14:48:59.780  1909  1933 I ActivityManager: Changes in 10243 19 to 8, 0 to 128
06-23 14:48:59.812  1909  3050 I ActivityManager: Changes in 10243 8 to 10, 128 to 0
06-23 14:48:59.816  1909  1935 I ActivityManager: Killing 16833:com.samsung.klmsagent/u0a83 (adj 905): empty #25
06-23 14:48:59.884  1909  2065 I ActivityManager: Changes in 10243 19 to 8, 0 to 128
06-23 14:48:59.917  1909  3050 I ActivityManager: Changes in 10243 8 to 10, 128 to 0
06-23 14:48:59.919  1909  1935 I ActivityManager: Killing 17704:com.samsung.android.mcfds/u0a96 (adj 905): empty #25
06-23 14:48:59.923  1909  1935 I ActivityManager: Changes in 10119 19 to 8, 0 to 128
06-23 14:48:59.948  1909  4211 I ActivityManager: Changes in 10119 8 to 10, 128 to 0
06-23 14:48:59.952  1909  3050 I ActivityManager: Killing 17778:com.google.android.gms.unstable/u0a252 (adj 905): empty #25
06-23 14:49:00.021  1909  2065 I ActivityManager: Changes in 10243 19 to 8, 0 to 128
06-23 14:49:00.040  1909  1933 I ActivityManager: Changes in 10243 8 to 10, 128 to 0
06-23 14:49:00.103  1909  1933 I ActivityManager: Changes in 10250 8 to 10, 128 to 0
06-23 14:49:00.109  1909  3606 I ActivityManager: Killing 17883:com.google.android.apps.restore/u0a249 (adj 905): empty #25
06-23 14:49:00.146  1909  2065 I ActivityManager: Changes in 10243 19 to 8, 0 to 128
06-23 14:49:00.172  1909  2803 I ActivityManager: Changes in 99215 19 to 8, 0 to 128
06-23 14:49:00.344  1909  2803 I ActivityManager: Changes in 99215 8 to 10, 128 to 0
06-23 14:49:00.344  1909  2803 I ActivityManager: Changes in 10243 8 to 10, 128 to 0
06-23 14:49:08.307  1909  1973 I ActivityManager: Start proc 19760:com.samsung.android.privacydashboard/u0a107 for content provider {com.samsung.android.privacydashboard/com.samsung.android.privacydashboard.provider.PermissionAccessInformationContentProvider}
06-23 14:49:08.307  1909  1973 I ActivityManager: ProcessObserver broadcast disabled
06-23 14:49:08.443  1909  2769 I ActivityManager: Changes in 10107 19 to 5, 0 to 144
06-23 14:49:14.540  1909  1971 I ActivityManager: Changes in 10107 5 to 15, 144 to 0
06-23 14:49:34.548  1909  1972 I ActivityManager: Killing 17916:com.google.android.apps.photos/u0a313 (adj 905): empty #25
06-23 14:49:51.940  1909  2065 I ActivityManager: Changes in 10095 19 to 8, 0 to 128
06-23 14:49:51.958  1909  4341 I ActivityManager: Changes in 10095 8 to 10, 128 to 0
06-23 14:50:59.641  1909  2065 I ActivityManager: Changes in 10251 19 to 8, 0 to 128
06-23 14:51:00.536  1909  4341 I ActivityManager: Changes in 10251 8 to 10, 128 to 0
06-23 14:51:08.244  1909  1973 I ActivityManager: Start proc 19876:com.samsung.android.scpm/5009 for content provider {com.samsung.android.scpm/com.samsung.scsp.common.ScpmProvider}
06-23 14:51:08.244  1909  1973 I ActivityManager: ProcessObserver broadcast disabled
06-23 14:51:08.406  1909  2769 I ActivityManager: Changes in 5009 19 to 5, 0 to 144
06-23 14:51:08.435  1909  1973 I ActivityManager: Start proc 19908:com.osp.app.signin/u0a117 for content provider {com.osp.app.signin/com.samsung.android.samsungaccount.setting.data.family.group.FamilyGroupProvider}
06-23 14:51:08.435  1909  1973 I ActivityManager: ProcessObserver broadcast disabled
06-23 14:51:08.618  1909  2769 I ActivityManager: Changes in 99215 19 to 5, 0 to 184
06-23 14:51:08.618  1909  2769 I ActivityManager: Changes in 10117 19 to 5, 0 to 144
06-23 14:51:14.596  1909  1971 I ActivityManager: Changes in 99215 5 to 15, 184 to 0
06-23 14:51:14.597  1909  1971 I ActivityManager: Changes in 10117 5 to 15, 144 to 0
06-23 14:51:31.955  1909  1971 I ActivityManager: Changes in 5009 5 to 15, 144 to 0
06-23 14:51:34.603  1909  1972 I ActivityManager: Killing 18132:com.google.android.apps.tachyon/u0a254 (adj 905): empty #25
06-23 14:51:51.968  1909  1972 I ActivityManager: Killing 18312:com.samsung.android.authfw/5278 (adj 905): empty #25
06-23 14:54:06.461  1909  2065 I ActivityManager: Changes in 5004 19 to 8, 0 to 128
06-23 14:54:06.479  1909  4356 I ActivityManager: Changes in 5004 8 to 10, 128 to 0
06-23 14:54:06.493  1909  3174 I ActivityManager: Killing 18144:com.google.android.googlequicksearchbox:search/u0a253 (adj 905): empty #25
06-23 14:54:06.809  1909  1973 I ActivityManager: Start proc 20110:com.samsung.android.dqagent/1000 for broadcast {com.samsung.android.dqagent/com.samsung.android.dqagent.receiver.DQADataReceiver}
06-23 14:54:06.809  1909  1973 I ActivityManager: ProcessObserver broadcast disabled
06-23 14:54:07.001  1909  3174 I ActivityManager: Killing 18224:com.sec.android.provider.badge/u0a55 (adj 905): empty #25
06-23 14:54:46.820  1909  4407 I ActivityManager: Changes in 99215 19 to 8, 0 to 128
06-23 14:54:46.862  1909  1973 I ActivityManager: Start proc 20163:com.google.android.gms:com.google.android.gms.chimera.IsolatedBoundBrokerService/u0i216 for service {com.google.android.gms/com.google.android.gms.chimera.IsolatedBoundBrokerService}
06-23 14:54:46.862  1909  1973 I ActivityManager: ProcessObserver broadcast disabled
06-23 14:54:46.896  1909  2803 I ActivityManager: Changes in 99215 8 to 3, 128 to 184
06-23 14:54:46.954  1909  2803 I ActivityManager: Changes in 99216 19 to 3, 0 to 184
06-23 14:54:48.402  1909  2720 I ActivityManager: Killing 20163:com.google.android.gms:com.google.android.gms.chimera.IsolatedBoundBrokerService/u0a252i216 (adj 0): isolated not needed
06-23 14:54:48.404  1909  2720 I ActivityManager: Changes in 99216 3 to 19, 184 to 0
06-23 14:54:48.573  1909  1973 I ActivityManager: Start proc 20203:com.google.android.apps.restore/u0a249 for service {com.google.android.apps.restore/com.google.android.apps.restore.backup.photos.apiservice.PhotosBackupApiEndpointService}
06-23 14:54:48.573  1909  1973 I ActivityManager: ProcessObserver broadcast disabled
06-23 14:54:48.643  1909  1973 I ActivityManager: Start proc 20215:com.google.android.apps.photos/u0a313 for service {com.google.android.apps.photos/com.google.android.apps.photos.backup.apiservice.grpc.PhotosBackupGrpcService}
06-23 14:54:48.644  1909  1973 I ActivityManager: ProcessObserver broadcast disabled
06-23 14:54:48.659  1909  2769 I ActivityManager: Changes in 10249 19 to 3, 0 to 184
06-23 14:54:48.755  1909  2776 I ActivityManager: Changes in 10313 19 to 3, 0 to 184
06-23 14:54:48.767  1909  2065 I ActivityManager: Changes in 10248 19 to 8, 0 to 128
06-23 14:54:48.811  1909  2720 I ActivityManager: Changes in 10248 8 to 10, 128 to 0
06-23 14:55:03.598  1909  2776 I ActivityManager: Changes in 99215 3 to 10, 184 to 0
06-23 14:55:03.599  1909  2776 I ActivityManager: Changes in 10249 3 to 10, 184 to 0
06-23 14:55:14.648  1909  1972 I ActivityManager: Killing 18690:com.samsung.drmboost/u0a339 (adj 905): empty #25
06-23 14:55:53.833  1909  2803 I ActivityManager: Changes in 10313 3 to 10, 184 to 0
06-23 14:55:53.845  1909  2720 I ActivityManager: Killing 543:com.android.vending/u0a251 (adj 905): empty #25
06-23 14:56:28.177  1909  2030 I ActivityManager: Changes in 10251 19 to 19, 0 to 128
06-23 14:56:28.190  1909  1972 I ActivityManager: Changes in 10076 19 to 11, 0 to 128
06-23 14:56:28.202  1909  1973 I ActivityManager: Start proc 20378:com.android.vending/u0a251 for broadcast {com.android.vending/com.google.android.finsky.verifier.impl.PackageVerificationReceiver}
06-23 14:56:28.203  1909  1973 I ActivityManager: ProcessObserver broadcast disabled
06-23 14:56:28.204  1909  4407 I ActivityManager: Changes in 10076 10 to 10, 128 to 0
06-23 14:56:28.358  1909  1973 I ActivityManager: Start proc 20411:com.samsung.android.sm.devicesecurity/u0a214 for broadcast {com.samsung.android.sm.devicesecurity/com.samsung.android.sm.devicesecurity.AppVerificationReceiver}
06-23 14:56:28.358  1909  1973 I ActivityManager: ProcessObserver broadcast disabled
06-23 14:56:28.385  1909  4225 I ActivityManager: Changes in 99215 19 to 10, 0 to 128
06-23 14:56:28.461  1909  4407 I ActivityManager: Changes in 10214 19 to 11, 0 to 128
06-23 14:56:28.488  1909  4338 I ActivityManager: Background started FGS: Allowed [callingPackage: com.samsung.android.sm.devicesecurity; callingUid: 10214; uidState: RCVR; uidBFSL: n/a; intent: Intent { act=com.samsung.android.sm.security.service.ACTION_START dat=file:///... typ=application/vnd.android.package-archive flg=0x10000011 xflg=0x4 cmp=com.samsung.android.sm.devicesecurity/.AppVerificationService (has extras) }; code:BACKGROUND_ACTIVITY_PERMISSION; tempAllowListReason:<,reasonCode:SYSTEM_ALLOW_LISTED,duration:9223372036854775807,callingUid:-1>; allowWiu:58; targetSdkVersion:36; callerTargetSdkVersion:36; startForegroundCount:0; bindFromPackage:null: isBindService:false]
06-23 14:56:28.498  1909  4338 I ActivityManager: Changes in 10214 10 to 4, 128 to 248
06-23 14:56:29.608  1909  4338 I ActivityManager: Killing 18398:com.ss.android.ugc.trill/u0a388 (adj 905): empty #25
06-23 14:56:38.527  1909  2036 I ActivityManager: Changes in 99215 10 to 19, 128 to 0
06-23 14:56:38.608  1909  4056 I ActivityManager: Changes in 99215 19 to 6, 0 to 128
06-23 14:56:39.551  1909  3050 I ActivityManager: Changes in 10214 4 to 19, 248 to 128
06-23 14:56:40.785  1909  2224 I ActivityManager: Killing 17839:com.google.android.rkpdapp/u0a348 (adj 985): empty #25
06-23 14:56:40.907  1909  1972 I ActivityManager: Changes in 10108 10 to 10, 0 to 128
06-23 14:56:40.915  1909  3434 I ActivityManager: Changes in 10108 10 to 10, 128 to 0
06-23 14:56:40.916  1909  1973 I ActivityManager: Start proc 20579:com.google.android.packageinstaller/u0a78 for broadcast {com.google.android.packageinstaller/com.android.packageinstaller.PackageInstalledReceiver}
06-23 14:56:40.916  1909  1973 I ActivityManager: ProcessObserver broadcast disabled
06-23 14:56:40.938  1909  1973 I ActivityManager: Start proc 20594:com.samsung.android.app.routines/u0a53 for service {com.samsung.android.app.routines/com.samsung.android.app.routines.domainmodel.service.RoutineService}
06-23 14:56:40.938  1909  1973 I ActivityManager: ProcessObserver broadcast disabled
06-23 14:56:41.051  1909  2769 I ActivityManager: Changes in 99215 10 to 3, 128 to 184
06-23 14:56:41.061  1909  2867 I ActivityManager: Changes in 10078 19 to 11, 0 to 128
06-23 14:56:41.077  1909  2867 I ActivityManager: Changes in 10078 11 to 19, 128 to 0
06-23 14:56:41.090  1909  1973 I ActivityManager: Start proc 20618:com.samsung.android.provider.filterprovider/1000 for broadcast {com.samsung.android.provider.filterprovider/com.samsung.android.provider.filterprovider.PackageIntentReceiver}
06-23 14:56:41.090  1909  1973 I ActivityManager: ProcessObserver broadcast disabled
06-23 14:56:41.349  1909  1973 I ActivityManager: Start proc 20648:com.skt.skaf.OA00018282/u0a104 for content provider {com.skt.skaf.OA00018282/com.onestore.utils.ApiContentProvider}
06-23 14:56:41.349  1909  1973 I ActivityManager: ProcessObserver broadcast disabled
06-23 14:56:42.470  1909  4211 I ActivityManager: Killing 17475:com.google.android.apps.turbo/u0a250 (adj 985): empty #25
06-23 14:56:43.063  1909  2803 I ActivityManager: Killing 17684:com.samsung.faceservice/5004 (adj 975): empty #25
06-23 14:56:56.107  1909  2803 I ActivityManager: Changes in 99215 3 to 10, 184 to 0
06-23 14:56:56.113  1909  2867 I ActivityManager: Killing 19672:com.google.android.apps.turbo:aab/u0a250 (adj 965): empty #25
06-23 14:56:56.118  1909  2867 I ActivityManager: Killing 19653:com.samsung.android.mobileservice/u0a119 (adj 965): empty #26
06-23 14:56:58.359  1909  2065 I ActivityManager: Changes in 10251 19 to 19, 128 to 0
06-23 14:56:58.470  1909  2065 I ActivityManager: Changes in 10214 19 to 19, 128 to 0
06-23 14:57:33.085  1909  2065 I ActivityManager: Changes in 10251 19 to 8, 0 to 128
06-23 14:57:33.117  1909  1973 I ActivityManager: Start proc 20789:com.arcfire.online/u0a1066 for next-top-activity {com.arcfire.online/com.arcfire.online.MainActivity}
06-23 14:57:33.118  1909  1973 I ActivityManager: ProcessObserver broadcast disabled
06-23 14:57:33.151  1909  4227 I ActivityManager: Changes in 11066 19 to 2, 0 to 255
06-23 14:57:33.336  1909  4211 I ActivityManager: Changes in 99215 19 to 3, 0 to 184
06-23 14:57:33.628  1909  1965 I ActivityManager: Changes in 10147 2 to 5, 255 to 184
06-23 14:57:33.679  1909  4227 I ActivityManager: Changes in 10251 8 to 3, 128 to 184
06-23 14:57:33.792  1909  4341 I ActivityManager: Changes in 10251 3 to 8, 184 to 128
06-23 14:57:36.799  1909  4174 I ActivityManager: Changes in 10251 8 to 10, 128 to 0
06-23 14:57:43.791  1909  4341 I ActivityManager: Changes in 99215 3 to 10, 184 to 0
06-23 14:57:53.405  1909  4174 I ActivityManager: Changes in 99215 19 to 3, 0 to 184
06-23 14:58:03.551  1909  4174 I ActivityManager: Changes in 99215 3 to 10, 184 to 0
06-23 14:58:04.838  1909  1965 I ActivityManager: Changes in 10209 7 to 5, 128 to 255
06-23 14:58:04.992  1909  1973 I ActivityManager: Start proc 20994:com.samsung.android.samsungpassautofill/u0a207 for service {com.samsung.android.samsungpassautofill/com.samsung.android.samsungpassautofill.AutofillServiceMain}
06-23 14:58:04.993  1909  1973 I ActivityManager: ProcessObserver broadcast disabled
06-23 14:58:05.058  1909  2867 I ActivityManager: Changes in 10117 19 to 5, 0 to 144
06-23 14:58:05.168  1909  4211 I ActivityManager: Changes in 10207 19 to 6, 0 to 128
06-23 14:58:05.190  1909  1973 I ActivityManager: Start proc 21011:com.samsung.android.samsungpass/u0a127 for content provider {com.samsung.android.samsungpass/com.samsung.android.samsungpass.passservice.provider.SamsungPassProvider}
06-23 14:58:05.190  1909  1973 I ActivityManager: ProcessObserver broadcast disabled
06-23 14:58:05.357  1909  2224 I ActivityManager: Changes in 10127 19 to 6, 0 to 128
06-23 14:58:05.359  1909  1973 I ActivityManager: Start proc 21060:com.samsung.android.authfw/5278 for service {com.samsung.android.authfw/com.samsung.android.authfw.pass.PassService}
06-23 14:58:05.359  1909  1973 I ActivityManager: ProcessObserver broadcast disabled
06-23 14:58:05.464  1909  2224 I ActivityManager: Changes in 5278 19 to 6, 0 to 128
06-23 14:58:10.102  1909  1965 I ActivityManager: Changes in 10209 5 to 7, 255 to 128
06-23 14:58:10.102  1909  1965 I ActivityManager: Changes in 10117 5 to 6, 144 to 128
06-23 14:58:10.584  1909  1909 I ActivityManager: Changes in 10207 6 to 10, 128 to 0
06-23 14:58:10.585  1909  1909 I ActivityManager: Changes in 10127 6 to 10, 128 to 0
06-23 14:58:10.585  1909  1909 I ActivityManager: Changes in 5278 6 to 10, 128 to 0
06-23 14:58:10.587  1909  2224 I ActivityManager: Killing 17545:com.samsung.android.ce/u0a96 (adj 975): empty #25
06-23 14:58:10.589  1909  2224 I ActivityManager: Killing 19655:com.google.android.partnersetup/u0a243 (adj 975): empty #26
06-23 14:58:11.118  1909  1971 I ActivityManager: Changes in 10117 7 to 15, 128 to 0
06-23 14:58:26.881  1909  1973 I ActivityManager: Start proc 21119:com.google.android.googlequicksearchbox:search/u0a253 for service {com.google.android.googlequicksearchbox/androidx.work.impl.background.systemjob.SystemJobService}
06-23 14:58:26.882  1909  1973 I ActivityManager: ProcessObserver broadcast disabled
06-23 14:58:27.173  1909  4342 I ActivityManager: Killing 19760:com.samsung.android.privacydashboard/u0a107 (adj 975): empty #25
06-23 14:58:27.689  1909  1973 I ActivityManager: Start proc 21171:com.google.android.webview:sandboxed_process0:org.chromium.content.app.SandboxedProcessService0:0/u0i217 for  {com.google.android.googlequicksearchbox/org.chromium.content.app.SandboxedProcessService0:0}
06-23 14:58:27.689  1909  1973 I ActivityManager: ProcessObserver broadcast disabled
06-23 14:58:27.691 21171 21171 E libc    : SetHeapTaggingLevel: re-enabling tagging after it was disabled is not supported
06-23 14:58:27.734  1909  2537 I ActivityManager: Killing 17452:com.samsung.mfcontents/u0a95 (adj 965): empty #25
06-23 14:58:30.235  1909  1973 I ActivityManager: Start proc 21212:com.google.android.webview:webview_service/u0a263 for service {com.google.android.webview/org.chromium.android_webview.services.VariationsSeedServer}
06-23 14:58:30.235  1909  1973 I ActivityManager: ProcessObserver broadcast disabled
06-23 14:58:30.319  1909  2537 I ActivityManager: Killing 13620:com.samsung.sait.sohservice/1000 (adj 955): empty #25
06-23 14:58:31.121  1909  1972 I ActivityManager: Killing 20110:com.samsung.android.dqagent/1000 (adj 955): empty #25
06-23 14:58:31.220  1909  2065 I ActivityManager: Changes in 99217 19 to 8, 0 to 128
06-23 14:58:31.220  1909  2065 I ActivityManager: Changes in 99215 19 to 8, 0 to 128
06-23 14:58:31.259  1909  2224 I ActivityManager: Changes in 99217 8 to 10, 128 to 0
06-23 14:58:31.260  1909  2224 I ActivityManager: Changes in 99215 8 to 10, 128 to 0
06-23 14:58:57.026  1909  2537 I ActivityManager: Changes in 99217 19 to 8, 0 to 128
06-23 14:58:57.062  1909  4206 I ActivityManager: Changes in 99217 8 to 10, 128 to 0
06-23 15:00:41.858  1909  1973 I ActivityManager: Start proc 21318:com.samsung.android.ce/u0a96 for broadcast {com.samsung.android.mcfds/com.samsung.android.ce.ContextEngineReceiver}
06-23 15:00:41.858  1909  1973 I ActivityManager: ProcessObserver broadcast disabled
06-23 15:00:41.868  1909  4206 I ActivityManager: Changes in 99215 19 to 3, 0 to 184
06-23 15:00:42.076  1909  2537 I ActivityManager: Changes in 10096 19 to 11, 0 to 128
06-23 15:00:42.363  1909  1973 I ActivityManager: Start proc 21376:com.samsung.android.mcfds/u0a96 for content provider {com.samsung.android.mcfds/com.samsung.android.mcfds.handler.client.ClientProvider}
06-23 15:00:42.363  1909  1973 I ActivityManager: ProcessObserver broadcast disabled
06-23 15:00:42.509  1909  3050 I ActivityManager: Changes in 10096 19 to 5, 128 to 184
06-23 15:00:52.568  1909  3050 I ActivityManager: Changes in 10096 5 to 10, 184 to 0
06-23 15:00:56.932  1909  4211 I ActivityManager: Changes in 99215 3 to 10, 184 to 0
06-23 15:00:56.939  1909  4211 I ActivityManager: Killing 17619:com.google.android.as.oss/u0a248 (adj 945): empty #25
06-23 15:01:09.224  1909  1972 I ActivityManager: Killing 20203:com.google.android.apps.restore/u0a249 (adj 945): empty #25
06-23 15:01:12.637  1909  1972 I ActivityManager: Changes in 10096 19 to 11, 0 to 128
06-23 15:01:12.646  1909  2537 I ActivityManager: Changes in 10096 11 to 19, 128 to 0
06-23 15:02:01.266  1909  1973 I ActivityManager: Start proc 21431:com.google.android.syncadapters.calendar/u0a257 for service {com.google.android.syncadapters.calendar/com.google.android.libraries.notifications.entrypoints.scheduled.ScheduledTaskService}
06-23 15:02:01.266  1909  1973 I ActivityManager: ProcessObserver broadcast disabled
06-23 15:02:01.390  1909  4174 I ActivityManager: Changes in 10257 19 to 8, 0 to 128
06-23 15:02:01.549  1909  4174 I ActivityManager: Changes in 10257 8 to 10, 128 to 0
06-23 15:02:01.555  1909  4174 I ActivityManager: Killing 20215:com.google.android.apps.photos/u0a313 (adj 945): empty #25
06-23 15:04:00.166  1909  1973 I ActivityManager: Start proc 21504:com.samsung.android.mobileservice/u0a119 for content provider {com.samsung.android.mobileservice/com.samsung.android.mobileservice.social.common.provider.OpenSessionProvider}
06-23 15:04:00.166  1909  1973 I ActivityManager: ProcessObserver broadcast disabled
06-23 15:04:00.341  1909  4206 I ActivityManager: Changes in 10119 19 to 8, 0 to 128
06-23 15:04:00.353  1909  4206 I ActivityManager: Changes in 10119 8 to 8, 128 to 0
06-23 15:04:26.348  1909  1972 I ActivityManager: Killing 20411:com.samsung.android.sm.devicesecurity/u0a214 (adj 935): empty #25
06-23 15:06:29.930  1909  1972 I ActivityManager: Changes in 10108 10 to 10, 0 to 128
06-23 15:06:29.947  1909  4174 I ActivityManager: Changes in 10108 10 to 10, 128 to 0
06-23 15:06:29.987  1909  1973 I ActivityManager: Start proc 21590:com.samsung.mfcontents/u0a95 for service {com.samsung.mfcontents/com.samsung.mfcontents.scheduler.MFCJobService}
06-23 15:06:29.988  1909  1973 I ActivityManager: ProcessObserver broadcast disabled
06-23 15:06:30.072  1909  4174 I ActivityManager: Changes in 10095 19 to 8, 0 to 128
06-23 15:06:30.087  1909  4174 I ActivityManager: Changes in 10095 8 to 10, 128 to 0
06-23 15:06:30.095  1909  4206 I ActivityManager: Killing 20579:com.google.android.packageinstaller/u0a78 (adj 935): empty #25
06-23 15:06:50.546  1909  1972 I ActivityManager: Changes in 99217 19 to 11, 0 to 128
06-23 15:06:50.585  1909  2720 I ActivityManager: Changes in 99217 11 to 19, 128 to 0
06-23 15:09:06.489  1909  1973 I ActivityManager: Start proc 21712:com.samsung.faceservice/5004 for service {com.samsung.faceservice/androidx.work.impl.background.systemjob.SystemJobService}
06-23 15:09:06.489  1909  1973 I ActivityManager: ProcessObserver broadcast disabled
06-23 15:09:06.491  1909  2065 I ActivityManager: Changes in 5004 19 to 8, 0 to 128
06-23 15:09:06.509  1909  2776 I ActivityManager: Changes in 5004 8 to 10, 128 to 0
06-23 15:09:06.523  1909  4174 I ActivityManager: Changes in 99215 19 to 5, 0 to 184
06-23 15:09:06.611  1909  4174 I ActivityManager: Changes in 5004 19 to 8, 0 to 128
06-23 15:09:06.664  1909  4174 I ActivityManager: Changes in 5004 8 to 10, 128 to 0
06-23 15:09:21.568  1909  2720 I ActivityManager: Changes in 99215 5 to 10, 184 to 0
06-23 15:09:21.576  1909  2776 I ActivityManager: Killing 19652:com.samsung.android.game.gos/u0a76 (adj 935): empty #25
06-23 15:09:59.017  1909  1973 I ActivityManager: Start proc 21743:com.google.android.as.oss/u0a248 for service {com.google.android.as.oss/com.google.android.gms.learning.internal.training.InAppJobService}
06-23 15:09:59.017  1909  1973 I ActivityManager: ProcessObserver broadcast disabled
06-23 15:09:59.022  1909  2187 I ActivityManager: Changes in 10257 19 to 8, 0 to 128
06-23 15:09:59.089  1909  1973 I ActivityManager: Start proc 21757:com.android.providers.calendar/u0a115 for content provider {com.android.providers.calendar/com.android.providers.calendar.CalendarProvider2}
06-23 15:09:59.089  1909  1973 I ActivityManager: ProcessObserver broadcast disabled
06-23 15:09:59.186  1909  2537 I ActivityManager: Changes in 10115 19 to 8, 0 to 128
06-23 15:09:59.214  1909  2776 I ActivityManager: Changes in 10248 19 to 8, 0 to 128
06-23 15:09:59.259  1909  2776 I ActivityManager: Changes in 10248 8 to 10, 128 to 0
06-23 15:10:00.347  1909  2187 I ActivityManager: Changes in 10257 8 to 10, 128 to 0
06-23 15:10:00.347  1909  2187 I ActivityManager: Changes in 10115 8 to 10, 128 to 0
06-23 15:10:00.351  1909  4206 I ActivityManager: Killing 18133:com.lguplus.appstore/u0a99 (adj 925): empty #25
06-23 15:10:00.356  1909  4206 I ActivityManager: Killing 20618:com.samsung.android.provider.filterprovider/1000 (adj 925): empty #26
06-23 15:10:00.368  1909  2187 I ActivityManager: Changes in 10257 19 to 8, 0 to 128
06-23 15:10:00.368  1909  2187 I ActivityManager: Changes in 10115 19 to 8, 0 to 128
06-23 15:10:00.814  1909  2187 I ActivityManager: Changes in 10257 8 to 10, 128 to 0
06-23 15:10:00.814  1909  2187 I ActivityManager: Changes in 10115 8 to 10, 128 to 0
06-23 15:10:01.252  1909  2065 I ActivityManager: Changes in 10116 19 to 8, 0 to 128
06-23 15:10:01.293  1909  4206 I ActivityManager: Changes in 10115 19 to 8, 0 to 128
06-23 15:10:01.293  1909  4206 I ActivityManager: Changes in 10056 19 to 8, 0 to 128
06-23 15:10:01.371  1909  2720 I ActivityManager: Changes in 10116 8 to 10, 128 to 0
06-23 15:10:01.371  1909  2720 I ActivityManager: Changes in 10115 8 to 10, 128 to 0
06-23 15:10:01.371  1909  2720 I ActivityManager: Changes in 10056 8 to 10, 128 to 0
06-23 15:10:01.852  1909  4206 I ActivityManager: Changes in 10115 19 to 5, 0 to 144
06-23 15:10:01.854  1909  4206 I ActivityManager: Changes in 10056 19 to 5, 0 to 144
06-23 15:10:01.884  1909  1973 I ActivityManager: Start proc 21819:com.samsung.android.calendar/u0a222 for content provider {com.samsung.android.calendar/com.samsung.android.app.calendar.model.settings.provider.PreferenceProvider}
06-23 15:10:01.885  1909  1973 I ActivityManager: ProcessObserver broadcast disabled
06-23 15:10:02.116  1909  4174 I ActivityManager: Changes in 10222 19 to 5, 0 to 144
06-23 15:10:02.135  1909  1973 I ActivityManager: Start proc 21835:com.samsung.android.app.reminder/u0a224 for content provider {com.samsung.android.app.reminder/com.samsung.android.app.reminder.data.provider.ReminderProvider}
06-23 15:10:02.135  1909  1973 I ActivityManager: ProcessObserver broadcast disabled
06-23 15:10:02.401  1909  2720 I ActivityManager: Changes in 10224 19 to 5, 0 to 144
06-23 15:10:02.964  1909  1973 I ActivityManager: Start proc 21898:com.samsung.android.stickercenter/1000 for content provider {com.samsung.android.stickercenter/com.samsung.android.stickercenter.service.StickerProvider}
06-23 15:10:02.965  1909  1973 I ActivityManager: ProcessObserver broadcast disabled
06-23 15:10:05.645  1909  4206 I ActivityManager: Changes in 5009 19 to 5, 0 to 144
06-23 15:10:05.751  1909  2065 I ActivityManager: Changes in 10119 19 to 8, 0 to 128
06-23 15:10:05.828  1909  2537 I ActivityManager: Changes in 10119 8 to 10, 128 to 0
06-23 15:10:07.238  1909  1971 I ActivityManager: Changes in 10056 5 to 15, 144 to 0
06-23 15:10:08.134  1909  1971 I ActivityManager: Changes in 10224 5 to 15, 144 to 0
06-23 15:10:08.135  1909  1971 I ActivityManager: Changes in 10222 5 to 15, 144 to 0
06-23 15:10:08.135  1909  1971 I ActivityManager: Changes in 5009 5 to 15, 144 to 0
06-23 15:10:08.138  1909  1971 I ActivityManager: Changes in 10115 5 to 15, 144 to 0
06-23 15:10:11.706  1909  1971 I ActivityManager: Killing 20648:com.skt.skaf.OA00018282/u0a104 (adj 915): empty #25
06-23 15:10:28.241  1909  1972 I ActivityManager: Killing 20378:com.android.vending/u0a251 (adj 905): empty #25
06-23 15:10:28.246  1909  1972 I ActivityManager: Killing 20594:com.samsung.android.app.routines/u0a53 (adj 915): empty #26
06-23 15:10:54.322  1909  1973 I ActivityManager: Start proc 21950:com.google.android.cellbroadcastreceiver/u0a296 for broadcast {com.google.android.cellbroadcastreceiver/com.android.cellbroadcastreceiver.CellBroadcastReceiver}
06-23 15:10:54.323  1909  1973 I ActivityManager: ProcessObserver broadcast disabled
06-23 15:10:54.492  1909  2870 I ActivityManager: Changes in 10296 19 to 11, 0 to 128
06-23 15:10:54.518  1909  2870 I ActivityManager: Killing 19227:com.android.vending:background/u0a251 (adj 905): empty #25
06-23 15:10:54.518  1909  2870 I ActivityManager: Changes in 10296 11 to 19, 128 to 0
06-23 15:10:55.318  1909  1972 I ActivityManager: Changes in 10296 19 to 11, 0 to 128
06-23 15:10:55.326  1909  2870 I ActivityManager: Changes in 10296 11 to 19, 128 to 0
06-23 15:11:46.626  1909  1972 I ActivityManager: Changes in 10296 19 to 11, 0 to 128
06-23 15:11:46.630  1909  2720 I ActivityManager: Changes in 10296 11 to 19, 128 to 0
06-23 15:11:47.796  1909  1972 I ActivityManager: Changes in 10296 19 to 11, 0 to 128
06-23 15:11:47.804  1909  2720 I ActivityManager: Changes in 10296 11 to 19, 128 to 0
06-23 15:16:37.808  1909  1972 I ActivityManager: Changes in 10096 19 to 11, 0 to 128
06-23 15:16:37.811  1909  3698 I ActivityManager: Changes in 10096 11 to 19, 128 to 0
06-23 15:17:22.236  1909  1973 I ActivityManager: Start proc 22070:com.samsung.android.dqagent/1000 for broadcast {com.samsung.android.dqagent/com.samsung.android.dqagent.receiver.DQADataReceiver}
06-23 15:17:22.237  1909  1973 I ActivityManager: ProcessObserver broadcast disabled
06-23 15:17:22.395  1909  4340 I ActivityManager: Killing 19908:com.osp.app.signin/u0a117 (adj 905): empty #25
06-23 15:18:12.542  1909  1972 I ActivityManager: Changes in 10096 19 to 11, 0 to 128
06-23 15:18:12.547  1909  2720 I ActivityManager: Changes in 10096 11 to 19, 128 to 0
06-23 15:18:12.576  1909  1973 I ActivityManager: Start proc 22127:com.lguplus.appstore/u0a99 for service {com.lguplus.appstore/androidx.work.impl.background.systemjob.SystemJobService}
06-23 15:18:12.576  1909  1973 I ActivityManager: ProcessObserver broadcast disabled
06-23 15:18:12.661  1909  2749 W ActivityManager: Slow operation: 52ms so far, now at attachApplicationLocked: after updateOomAdjLocked
06-23 15:18:12.976  1909  1973 I ActivityManager: Start proc 22164:com.sec.android.provider.badge/u0a55 for broadcast {com.sec.android.provider.badge/com.sec.android.provider.badge.BadgeCountReceiver}
06-23 15:18:12.976  1909  1973 I ActivityManager: ProcessObserver broadcast disabled
06-23 15:18:13.051  1909  2870 I ActivityManager: Changes in 99215 19 to 8, 0 to 128
06-23 15:18:13.055  1909  2870 I ActivityManager: Changes in 10099 19 to 8, 0 to 128
06-23 15:18:13.113  1909  2870 I ActivityManager: Changes in 99215 8 to 10, 128 to 0
06-23 15:18:13.113  1909  2870 I ActivityManager: Changes in 10099 8 to 10, 128 to 0
06-23 15:18:13.123  1909  4340 I ActivityManager: Changes in 10055 19 to 11, 0 to 128
06-23 15:18:13.125  1909  1973 I ActivityManager: Start proc 22194:com.android.vending/u0a251 for service {com.android.vending/com.google.android.finsky.developergroupidinfo.DeveloperGroupIdInfoService}
06-23 15:18:13.127  1909  1973 I ActivityManager: ProcessObserver broadcast disabled
06-23 15:18:13.171  1909  3050 I ActivityManager: Changes in 10055 11 to 5, 128 to 144
06-23 15:18:13.744  1909  1972 I ActivityManager: Changes in 10251 10 to 10, 0 to 128
06-23 15:18:13.750  1909  3050 I ActivityManager: Changes in 10251 10 to 10, 128 to 0
06-23 15:18:19.216  1909  1971 I ActivityManager: Changes in 10055 5 to 15, 144 to 0
06-23 15:18:23.163  1909  2870 I ActivityManager: Killing 21011:com.samsung.android.samsungpass/u0a127 (adj 905): empty #25
06-23 15:18:23.167  1909  2870 I ActivityManager: Killing 21060:com.samsung.android.authfw/5278 (adj 905): empty #26
06-23 15:18:23.235  1909  2870 W ActivityManager: Scheduling restart of crashed service com.samsung.android.authfw/.pass.PassService in 1000ms for connection
06-23 15:18:23.254  1909  3050 W ActivityManager: Scheduling restart of crashed service com.samsung.android.samsungpass/.passservice.PassService in 1000ms for connection
06-23 15:18:23.537  1909  1973 I ActivityManager: Start proc 22297:com.android.vending:background/u0a251 for service {com.android.vending/com.google.frameworks.client.data.android.server.play.BackgroundProcessEndpointService}
06-23 15:18:23.538  1909  1973 I ActivityManager: ProcessObserver broadcast disabled
06-23 15:18:24.274  1909  1973 I ActivityManager: Start proc 22377:com.samsung.android.samsungpass/u0a127 for service {com.samsung.android.samsungpass/com.samsung.android.samsungpass.passservice.PassService}
06-23 15:18:24.275  1909  1973 I ActivityManager: ProcessObserver broadcast disabled
06-23 15:18:24.478  1909  1973 I ActivityManager: Start proc 22426:com.samsung.android.authfw/5278 for service {com.samsung.android.authfw/com.samsung.android.authfw.pass.PassService}
06-23 15:18:24.478  1909  1973 I ActivityManager: ProcessObserver broadcast disabled
06-23 15:18:24.540  1909  1973 I ActivityManager: Start proc 22437:com.osp.app.signin/u0a117 for content provider {com.osp.app.signin/com.samsung.android.samsungaccount.utils.accounts.AccountManagerProvider}
06-23 15:18:24.542  1909  1973 I ActivityManager: ProcessObserver broadcast disabled
06-23 15:18:24.756  1909  3050 I ActivityManager: Killing 21376:com.samsung.android.mcfds/u0a96 (adj 905): empty #25
06-23 15:18:24.759  1909  3050 I ActivityManager: Killing 21212:com.google.android.webview:webview_service/u0a263 (adj 905): empty #26
06-23 15:18:24.760  1909  3050 I ActivityManager: Killing 20994:com.samsung.android.samsungpassautofill/u0a207 (adj 905): empty #27
06-23 15:18:24.822  1909  2749 I ActivityManager: Killing 21590:com.samsung.mfcontents/u0a95 (adj 905): empty #25
06-23 15:18:24.853  1909  3698 I ActivityManager: Changes in 99215 19 to 8, 0 to 128
06-23 15:18:24.854  1909  3698 I ActivityManager: Changes in 10251 19 to 8, 0 to 128
06-23 15:18:24.854  1909  3698 I ActivityManager: Changes in 10117 19 to 8, 0 to 128
06-23 15:18:24.874  1909  3698 I ActivityManager: Changes in 99215 8 to 10, 128 to 0
06-23 15:18:24.874  1909  3698 I ActivityManager: Changes in 10251 8 to 10, 128 to 0
06-23 15:18:24.874  1909  3698 I ActivityManager: Changes in 10117 8 to 10, 128 to 0
06-23 15:18:39.218  1909  1972 I ActivityManager: Killing 21171:com.google.android.webview:sandboxed_process0:org.chromium.content.app.SandboxedProcessService0:0/u0a253i217 (adj 905): empty #25
06-23 15:18:39.252  1909  4211 W ActivityManager: Scheduling restart of crashed service com.google.android.googlequicksearchbox/org.chromium.content.app.SandboxedProcessService0:0 in 1000ms for connection
06-23 15:19:22.708  1909  1973 I ActivityManager: Start proc 22532:com.samsung.android.privacydashboard/u0a107 for content provider {com.samsung.android.privacydashboard/com.samsung.android.privacydashboard.provider.PermissionAccessInformationContentProvider}
06-23 15:19:22.708  1909  1973 I ActivityManager: ProcessObserver broadcast disabled
06-23 15:19:22.829  1909  2749 I ActivityManager: Changes in 10107 19 to 5, 0 to 144
06-23 15:19:28.908  1909  1971 I ActivityManager: Changes in 10107 5 to 15, 144 to 0
06-23 15:19:48.911  1909  1972 I ActivityManager: Killing 21119:com.google.android.googlequicksearchbox:search/u0a253 (adj 905): empty #25
06-23 15:19:54.903  1909  1972 I ActivityManager: Changes in 10096 19 to 11, 0 to 128
06-23 15:19:54.907  1909  3698 I ActivityManager: Changes in 10096 11 to 19, 128 to 0
06-23 15:20:41.858  1909  1972 I ActivityManager: Changes in 10096 19 to 11, 0 to 128
06-23 15:20:41.872  1909  3698 I ActivityManager: Changes in 99215 19 to 5, 0 to 184
06-23 15:20:51.871  1909  2065 I ActivityManager: Changes in 10096 19 to 19, 128 to 0
06-23 15:20:56.939  1909  4227 I ActivityManager: Changes in 99215 5 to 10, 184 to 0
06-23 15:21:04.818  1909  1973 I ActivityManager: Start proc 22611:com.samsung.mfcontents/u0a95 for service {com.samsung.mfcontents/com.samsung.mfcontents.scheduler.MFCJobService}
06-23 15:21:04.818  1909  1973 I ActivityManager: ProcessObserver broadcast disabled
06-23 15:21:04.848  1909  4343 I ActivityManager: Changes in 99215 19 to 8, 0 to 128
06-23 15:21:04.887  1909  4343 I ActivityManager: Changes in 99215 8 to 10, 128 to 0
06-23 15:21:04.919  1909  3698 I ActivityManager: Changes in 10095 19 to 8, 0 to 128
06-23 15:21:04.937  1909  3698 I ActivityManager: Changes in 10095 8 to 10, 128 to 0
06-23 15:21:04.943  1909  4341 I ActivityManager: Changes in 99215 19 to 5, 0 to 184
06-23 15:21:05.494  1909  4227 W ActivityManager: Unable to start service Intent { act=com.google.android.gms.lockbox.service.START xflg=0x4 pkg=com.google.android.gms } U=0: not found
06-23 15:21:05.494  1909  4227 W ActivityManager: Unbind failed: could not find connection for android.os.BinderProxy@9b02827
06-23 15:21:05.553  1909  1973 I ActivityManager: Start proc 22643:com.google.android.googlequicksearchbox:search/u0a253 for broadcast {com.google.android.googlequicksearchbox/com.google.android.libraries.search.udcdataservice.facs.SearchFacsBroadcastReceiver_Receiver}
06-23 15:21:05.553  1909  1973 I ActivityManager: ProcessObserver broadcast disabled
06-23 15:21:10.574  1909  4341 W ActivityManager: Unable to start service Intent { act=com.google.android.gms.lockbox.service.START xflg=0x4 pkg=com.google.android.gms } U=0: not found
06-23 15:21:10.575  1909  4227 W ActivityManager: Unbind failed: could not find connection for android.os.BinderProxy@19b1545
06-23 15:21:15.584  1909  4227 W ActivityManager: Unable to start service Intent { act=com.google.android.gms.lockbox.service.START xflg=0x4 pkg=com.google.android.gms } U=0: not found
06-23 15:21:15.584  1909  4227 W ActivityManager: Unbind failed: could not find connection for android.os.BinderProxy@798b67f
06-23 15:21:20.180  1909  4227 I ActivityManager: Changes in 99215 5 to 10, 184 to 0
06-23 15:21:20.596  1909  4341 I ActivityManager: Changes in 99215 10 to 5, 0 to 184
06-23 15:21:20.603  1909  4341 W ActivityManager: Unable to start service Intent { act=com.google.android.gms.lockbox.service.START xflg=0x4 pkg=com.google.android.gms } U=0: not found
06-23 15:21:20.604  1909  4227 W ActivityManager: Unbind failed: could not find connection for android.os.BinderProxy@1219681
06-23 15:21:35.649  1909  4227 I ActivityManager: Changes in 99215 5 to 10, 184 to 0
06-23 15:21:35.655  1909  4227 I ActivityManager: Killing 21431:com.google.android.syncadapters.calendar/u0a257 (adj 905): empty #25
06-23 15:21:35.659  1909  4227 I ActivityManager: Killing 21743:com.google.android.as.oss/u0a248 (adj 905): empty #26
06-23 15:24:06.592  1909  2065 I ActivityManager: Changes in 5004 19 to 8, 0 to 128
06-23 15:24:06.601  1909  4227 I ActivityManager: Changes in 5004 8 to 10, 128 to 0
06-23 15:24:06.838  1909  2065 I ActivityManager: Changes in 10099 19 to 8, 0 to 128
06-23 15:24:06.954  1909  4342 I ActivityManager: Changes in 10099 8 to 10, 128 to 0
06-23 15:25:38.550  1909  1973 I ActivityManager: Start proc 22781:com.google.android.as.oss/u0a248 for service {com.google.android.as.oss/com.google.android.gms.learning.internal.training.InAppJobService}
06-23 15:25:38.550  1909  1973 I ActivityManager: ProcessObserver broadcast disabled
06-23 15:25:38.594  1909  4338 I ActivityManager: Changes in 99215 19 to 8, 0 to 128
06-23 15:25:38.616  1909  4338 I ActivityManager: Changes in 99215 8 to 10, 128 to 0
06-23 15:25:38.668  1909  4338 I ActivityManager: Changes in 10248 19 to 8, 0 to 128
06-23 15:25:38.718  1909  4338 I ActivityManager: Changes in 10248 8 to 10, 128 to 0
06-23 15:25:38.723  1909  4338 I ActivityManager: Killing 21835:com.samsung.android.app.reminder/u0a224 (adj 905): empty #25
06-23 15:28:40.927  1909  4211 I ActivityManager: Changes in 99215 19 to 8, 0 to 128
06-23 15:28:40.956  1909  3698 I ActivityManager: Changes in 99215 8 to 10, 128 to 0
06-23 15:29:18.000  1909  1973 I ActivityManager: Start proc 22883:com.skt.skaf.OA00018282/u0a104 for content provider {com.skt.skaf.OA00018282/com.onestore.utils.ApiContentProvider}
06-23 15:29:18.000  1909  1973 I ActivityManager: ProcessObserver broadcast disabled
06-23 15:29:19.231  1909  4211 I ActivityManager: Killing 21819:com.samsung.android.calendar/u0a222 (adj 905): empty #25
06-23 15:35:42.566  1909  1972 I ActivityManager: Changes in 10096 19 to 11, 0 to 128
06-23 15:35:42.575  1909  1972 I ActivityManager: Changes in 10108 10 to 10, 0 to 128
06-23 15:35:42.578  1909  3698 I ActivityManager: Changes in 10096 11 to 19, 128 to 0
06-23 15:35:42.583  1909  3698 I ActivityManager: Changes in 10108 10 to 10, 128 to 0
06-23 15:35:42.586  1909  2065 I ActivityManager: Changes in 10095 19 to 8, 0 to 128
06-23 15:35:42.599  1909  2867 I ActivityManager: Changes in 10095 8 to 10, 128 to 0
06-23 15:39:06.737  1909  2065 I ActivityManager: Changes in 5004 19 to 8, 0 to 128
06-23 15:39:06.779  1909  4343 I ActivityManager: Changes in 5004 8 to 10, 128 to 0
06-23 15:39:06.967  1909  2065 I ActivityManager: Changes in 10099 19 to 8, 0 to 128
06-23 15:39:07.084  1909  4338 I ActivityManager: Changes in 10099 8 to 10, 128 to 0
06-23 15:40:41.850  1909  1972 I ActivityManager: Changes in 10096 19 to 11, 0 to 128
06-23 15:40:41.874  1909  4343 I ActivityManager: Changes in 99215 19 to 5, 0 to 184
06-23 15:40:51.866  1909  2065 I ActivityManager: Changes in 10096 19 to 19, 128 to 0
06-23 15:40:56.934  1909  2867 I ActivityManager: Changes in 99215 5 to 10, 184 to 0
06-23 15:41:47.496  1909  2065 I ActivityManager: Changes in 10248 19 to 8, 0 to 128
06-23 15:41:47.556  1909  4343 I ActivityManager: Changes in 10248 8 to 10, 128 to 0
06-23 15:46:37.806  1909  1972 I ActivityManager: Changes in 10096 19 to 11, 0 to 128
06-23 15:46:37.811  1909  4174 I ActivityManager: Changes in 10096 11 to 19, 128 to 0
06-23 15:48:18.053  1909  1972 I ActivityManager: Changes in 10096 19 to 11, 0 to 128
06-23 15:48:18.057  1909  4174 I ActivityManager: Changes in 10096 11 to 19, 128 to 0
06-23 15:48:18.070  1909  1972 I ActivityManager: Changes in 10115 19 to 11, 0 to 128
06-23 15:48:18.101  1909  4343 I ActivityManager: Changes in 99215 19 to 5, 0 to 184
06-23 15:48:18.106  1909  4174 I ActivityManager: Changes in 10115 11 to 19, 128 to 0
06-23 15:48:33.139  1909  3698 I ActivityManager: Changes in 99215 5 to 10, 184 to 0
06-23 15:48:53.448  1909  1972 I ActivityManager: Changes in 10096 19 to 11, 0 to 128
06-23 15:48:53.449  1909  3698 I ActivityManager: Changes in 10096 11 to 19, 128 to 0
06-23 15:48:53.483  1909  1973 I ActivityManager: Start proc 23599:com.sec.android.app.shealth:remote/u0a328 for service {com.sec.android.app.shealth/com.samsung.android.service.health.data.phd.PrivilegedHealthService}
06-23 15:48:53.484  1909  1973 I ActivityManager: ProcessObserver broadcast disabled
06-23 15:48:54.140  1909  4343 I ActivityManager: Killing 21898:com.samsung.android.stickercenter/1000 (adj 905): empty #25
06-23 15:49:10.570  1909  1973 I ActivityManager: Start proc 23646:com.samsung.android.game.gos/u0a76 for service {com.samsung.android.game.gos/com.samsung.android.game.gos.service.MainIntentService}
06-23 15:49:10.573  1909  1973 I ActivityManager: ProcessObserver broadcast disabled
06-23 15:49:10.590  1909  1973 I ActivityManager: Start proc 23647:com.google.android.partnersetup/u0a243 for service {com.google.android.partnersetup/com.google.android.partnersetup.InstalledAppJobService}
06-23 15:49:10.590  1909  1973 I ActivityManager: ProcessObserver broadcast disabled
06-23 15:49:10.610  1909  1973 I ActivityManager: Start proc 23648:com.google.android.apps.turbo:aab/u0a250 for service {com.google.android.apps.turbo/com.google.android.libraries.smartbattery.appusage.library.InferAppBucketsJob}
06-23 15:49:10.611  1909  1973 I ActivityManager: ProcessObserver broadcast disabled
06-23 15:49:10.708  1909  4343 I ActivityManager: Changes in 10250 19 to 8, 0 to 128
06-23 15:49:10.711  1909  4174 I ActivityManager: Changes in 10243 19 to 8, 0 to 128
06-23 15:49:10.751  1909  4338 I ActivityManager: Changes in 10243 8 to 10, 128 to 0
06-23 15:49:10.757  1909  4174 I ActivityManager: Killing 21504:com.samsung.android.mobileservice/u0a119 (adj 905): empty #25
06-23 15:49:10.815  1909  2065 I ActivityManager: Changes in 10243 19 to 8, 0 to 128
06-23 15:49:10.860  1909  4342 I ActivityManager: Changes in 10243 8 to 10, 128 to 0
06-23 15:49:10.863  1909  4342 I ActivityManager: Killing 21950:com.google.android.cellbroadcastreceiver/u0a296 (adj 905): empty #25
06-23 15:49:10.963  1909  2065 I ActivityManager: Changes in 10243 19 to 8, 0 to 128
06-23 15:49:10.984  1909  2867 I ActivityManager: Changes in 10243 8 to 10, 128 to 0
06-23 15:49:11.076  1909  4341 I ActivityManager: Changes in 10250 8 to 10, 128 to 0
06-23 15:49:11.086  1909  2065 I ActivityManager: Changes in 10243 19 to 8, 0 to 128
06-23 15:49:11.108  1909  4341 I ActivityManager: Changes in 99215 19 to 8, 0 to 128
06-23 15:49:11.357  1909  2867 I ActivityManager: Changes in 99215 8 to 10, 128 to 0
06-23 15:49:11.357  1909  2867 I ActivityManager: Changes in 10243 8 to 10, 128 to 0
06-23 15:49:11.362  1909  4341 I ActivityManager: Killing 22070:com.samsung.android.dqagent/1000 (adj 905): empty #25
06-23 15:49:37.849  1909  9411 I ActivityManager: Changes in 10107 19 to 5, 0 to 144
06-23 15:49:43.889  1909  1971 I ActivityManager: Changes in 10107 5 to 15, 144 to 0
06-23 15:50:03.073  1909  2065 I ActivityManager: Changes in 10095 19 to 8, 0 to 128
06-23 15:50:03.086  1909  1973 I ActivityManager: Start proc 23736:com.samsung.android.dqagent/1000 for service {com.samsung.android.dqagent/com.samsung.android.dqagent.scheduler.service.UploadFileJobService}
06-23 15:50:03.086  1909  1973 I ActivityManager: ProcessObserver broadcast disabled
06-23 15:50:03.094  1909  4341 I ActivityManager: Changes in 10095 8 to 10, 128 to 0
06-23 15:50:03.954  1909  4341 I ActivityManager: Killing 22164:com.sec.android.provider.badge/u0a55 (adj 905): empty #25
06-23 15:52:32.570  1909  1973 I ActivityManager: Start proc 23805:com.google.android.tts/u0a260 for service {com.google.android.tts/androidx.work.impl.background.systemjob.SystemJobService}
06-23 15:52:32.570  1909  1973 I ActivityManager: ProcessObserver broadcast disabled
06-23 15:52:32.762  1909  4341 I ActivityManager: Changes in 10260 19 to 8, 0 to 128
06-23 15:52:33.000  1909  4341 I ActivityManager: Changes in 10260 8 to 10, 128 to 0
06-23 15:52:33.005  1909  4341 I ActivityManager: Killing 22426:com.samsung.android.authfw/5278 (adj 915): empty #25
06-23 15:52:33.020  1909  4341 I ActivityManager: Changes in 10260 19 to 8, 0 to 128
06-23 15:52:33.046  1909  4174 W ActivityManager: Scheduling restart of crashed service com.samsung.android.authfw/.pass.PassService in 1000ms for connection
06-23 15:52:33.094  1909  4174 I ActivityManager: Changes in 10260 8 to 10, 128 to 0
06-23 15:52:34.069  1909  1973 I ActivityManager: Start proc 23843:com.samsung.android.authfw/5278 for service {com.samsung.android.authfw/com.samsung.android.authfw.pass.PassService}
06-23 15:52:34.069  1909  1973 I ActivityManager: ProcessObserver broadcast disabled
06-23 15:52:34.234  1909  4174 I ActivityManager: Killing 22377:com.samsung.android.samsungpass/u0a127 (adj 905): empty #25
06-23 15:52:37.700  1909  4174 I ActivityManager: Changes in 99215 19 to 5, 0 to 184
06-23 15:52:52.745  1909  4174 I ActivityManager: Changes in 99215 5 to 10, 184 to 0
06-23 15:53:43.629  1909  1973 I ActivityManager: Start proc 23928:com.google.android.webview:sandboxed_process0:org.chromium.content.app.SandboxedProcessService0:0/u0i218 for  {com.google.android.googlequicksearchbox/org.chromium.content.app.SandboxedProcessService0:0}
06-23 15:53:43.629  1909  1973 I ActivityManager: ProcessObserver broadcast disabled
06-23 15:53:43.630 23928 23928 E libc    : SetHeapTaggingLevel: re-enabling tagging after it was disabled is not supported
06-23 15:53:43.684  1909  4343 I ActivityManager: Killing 22194:com.android.vending/u0a251 (adj 905): empty #25
06-23 15:53:44.006  1909  2065 I ActivityManager: Changes in 99218 19 to 8, 0 to 128
06-23 15:53:44.006  1909  2065 I ActivityManager: Changes in 99215 10 to 8, 0 to 128
06-23 15:53:44.012  1909  1973 I ActivityManager: Start proc 24018:com.samsung.android.app.sharelive/5026 for service {com.samsung.android.app.sharelive/com.samsung.android.mobileservice.policy.presentation.service.GetPolicyJobService}
06-23 15:53:44.012  1909  1973 I ActivityManager: ProcessObserver broadcast disabled
06-23 15:53:44.026  1909  1973 I ActivityManager: Start proc 24021:com.samsung.android.mobileservice/u0a119 for service {com.samsung.android.mobileservice/com.samsung.android.mobileservice.policy.presentation.service.GetPolicyJobService}
06-23 15:53:44.026  1909  1973 I ActivityManager: ProcessObserver broadcast disabled
06-23 15:53:44.185  1909  4211 I ActivityManager: Changes in 99218 8 to 10, 128 to 0
06-23 15:53:44.185  1909  4211 I ActivityManager: Changes in 99215 8 to 10, 128 to 0
06-23 15:53:44.216  1909  4342 I ActivityManager: Changes in 10119 19 to 8, 0 to 128
06-23 15:53:44.256  1909  4174 I ActivityManager: Changes in 10119 8 to 10, 128 to 0
06-23 15:53:44.258  1909  4338 I ActivityManager: Killing 22297:com.android.vending:background/u0a251 (adj 905): empty #25
06-23 15:53:44.467  1909  2867 I ActivityManager: Changes in 10117 19 to 8, 0 to 128
06-23 15:53:44.467  1909  2867 I ActivityManager: Changes in 5026 19 to 8, 0 to 128
06-23 15:53:44.467  1909  2867 I ActivityManager: Changes in 5025 8 to 8, 0 to 128
06-23 15:53:44.494  1909  4174 I ActivityManager: Changes in 10117 8 to 10, 128 to 0
06-23 15:53:44.495  1909  4174 I ActivityManager: Changes in 5026 8 to 10, 128 to 0
06-23 15:53:44.495  1909  4174 I ActivityManager: Changes in 5025 8 to 8, 128 to 0
06-23 15:53:44.500  1909  2867 I ActivityManager: Killing 9852:com.samsung.android.scs/u0a116 (adj 905): empty #25
06-23 15:53:50.763  1909  2065 I ActivityManager: Changes in 99218 19 to 19, 0 to 128
06-23 15:53:50.764  1909  2065 I ActivityManager: Changes in 99215 19 to 8, 0 to 128
06-23 15:53:50.867 24119 24119 E libc    : SetHeapTaggingLevel: re-enabling tagging after it was disabled is not supported
06-23 15:53:50.868  1909  1973 I ActivityManager: Start proc 24119:com.google.android.webview:sandboxed_process0:org.chromium.content.app.SandboxedProcessService0:1/u0i219 for  {com.google.android.googlequicksearchbox/org.chromium.content.app.SandboxedProcessService0:1}
06-23 15:53:50.868  1909  1973 I ActivityManager: ProcessObserver broadcast disabled
06-23 15:53:50.923  1909  4338 I ActivityManager: Changes in 99219 19 to 8, 0 to 128
06-23 15:53:51.091  1909  2867 I ActivityManager: Changes in 99218 19 to 19, 128 to 0
06-23 15:53:51.091  1909  2867 I ActivityManager: Changes in 99215 8 to 10, 128 to 0
06-23 15:53:51.100  1909  4341 I ActivityManager: Killing 22883:com.skt.skaf.OA00018282/u0a104 (adj 905): empty #25
06-23 15:54:06.859  1909  2065 I ActivityManager: Changes in 5004 19 to 8, 0 to 128
06-23 15:54:06.871  1909  1973 I ActivityManager: Start proc 24154:com.samsung.sait.sohservice/1000 for service {com.samsung.sait.sohservice/androidx.work.impl.background.systemjob.SystemJobService}
06-23 15:54:06.871  1909  1973 I ActivityManager: ProcessObserver broadcast disabled
06-23 15:54:06.872  1909  4338 I ActivityManager: Changes in 5004 8 to 10, 128 to 0
06-23 15:54:07.054  1909  2867 I ActivityManager: Killing 21712:com.samsung.faceservice/5004 (adj 905): empty #25
06-23 15:57:52.880  1909  2065 I ActivityManager: Changes in 10248 19 to 8, 0 to 128
06-23 15:57:52.929  1909  4338 I ActivityManager: Changes in 10248 8 to 10, 128 to 0
06-23 15:59:13.542  1909  1972 I ActivityManager: Changes in 10096 19 to 11, 0 to 128
06-23 15:59:13.550  1909  4338 I ActivityManager: Changes in 10096 11 to 19, 128 to 0
06-23 15:59:13.573  1909  1973 I ActivityManager: Start proc 24306:com.google.android.apps.tachyon/u0a254 for service {com.google.android.apps.tachyon/androidx.work.impl.background.systemjob.SystemJobService}
06-23 15:59:13.573  1909  1973 I ActivityManager: ProcessObserver broadcast disabled
06-23 15:59:14.169  1909  2867 I ActivityManager: Changes in 99215 19 to 8, 0 to 128
06-23 15:59:14.170  1909  2867 I ActivityManager: Changes in 10254 19 to 8, 0 to 128
06-23 15:59:14.292  1909  1972 I ActivityManager: com.samsung.android.app.telephonyui is exempt from freezer by list
06-23 15:59:14.311  1909  1973 I ActivityManager: Start proc 24371:com.samsung.android.app.telephonyui/1001 for broadcast {com.samsung.android.app.telephonyui/com.samsung.android.app.telephonyui.netsettings.ui.receiver.SimManagerInfoReceiver}
06-23 15:59:14.311  1909  1973 I ActivityManager: ProcessObserver broadcast disabled
06-23 15:59:14.332  1909  4338 I ActivityManager: Changes in 99215 8 to 10, 128 to 0
06-23 15:59:14.332  1909  4338 I ActivityManager: Changes in 10254 8 to 10, 128 to 0
06-23 15:59:14.341  1909  4227 I ActivityManager: Killing 22127:com.lguplus.appstore/u0a99 (adj 905): empty #25
06-23 15:59:14.602  1909  4227 I ActivityManager: Killing 21757:com.android.providers.calendar/u0a115 (adj 905): empty #25
06-23 16:00:00.005  1909  2094 E ActivityManager: Sending non-protected broadcast ACTION_EXACT_NOTI_NOW_UPDATE_TIME from system 1909:system/1000 pkg android
06-23 16:00:00.005  1909  2094 E ActivityManager: java.lang.Throwable
06-23 16:00:00.005  1909  2094 E ActivityManager: 	at com.android.server.am.BroadcastController.checkBroadcastFromSystem(qb/108940926 802103cef46cde14cb0d3b748d2076734c471a17d4b8e991ffa01c0e15de42a9:252)
06-23 16:00:00.005  1909  2094 E ActivityManager: 	at com.android.server.am.BroadcastController.broadcastIntentLockedTraced(qb/108940926 802103cef46cde14cb0d3b748d2076734c471a17d4b8e991ffa01c0e15de42a9:344)
06-23 16:00:00.005  1909  2094 E ActivityManager: 	at com.android.server.am.BroadcastController.broadcastIntentLocked(qb/108940926 802103cef46cde14cb0d3b748d2076734c471a17d4b8e991ffa01c0e15de42a9:18)
06-23 16:00:00.005  1909  2094 E ActivityManager: 	at com.android.server.am.BroadcastController.broadcastIntentInPackage(qb/108940926 802103cef46cde14cb0d3b748d2076734c471a17d4b8e991ffa01c0e15de42a9:86)
06-23 16:00:00.005  1909  2094 E ActivityManager: 	at com.android.server.am.ActivityManagerService$LocalService.broadcastIntentInPackage(qb/108940926 802103cef46cde14cb0d3b748d2076734c471a17d4b8e991ffa01c0e15de42a9:59)
06-23 16:00:00.005  1909  2094 E ActivityManager: 	at com.android.server.am.PendingIntentRecord.sendInner(qb/108940926 802103cef46cde14cb0d3b748d2076734c471a17d4b8e991ffa01c0e15de42a9:133)
06-23 16:00:00.005  1909  2094 E ActivityManager: 	at com.android.server.am.ActivityManagerService.sendIntentSender(qb/108940926 802103cef46cde14cb0d3b748d2076734c471a17d4b8e991ffa01c0e15de42a9:17)
06-23 16:00:00.005  1909  2094 E ActivityManager: 	at com.android.server.am.ActivityManagerService.sendIntentSender(qb/108940926 802103cef46cde14cb0d3b748d2076734c471a17d4b8e991ffa01c0e15de42a9:1)
06-23 16:00:00.005  1909  2094 E ActivityManager: 	at android.app.PendingIntent.sendAndReturnResult(PendingIntent.java:1133)
06-23 16:00:00.005  1909  2094 E ActivityManager: 	at android.app.PendingIntent.send(PendingIntent.java:1099)
06-23 16:00:00.005  1909  2094 E ActivityManager: 	at com.android.server.alarm.AlarmManagerService$DeliveryTracker.deliverLocked(qb/108940926 802103cef46cde14cb0d3b748d2076734c471a17d4b8e991ffa01c0e15de42a9:112)
06-23 16:00:00.005  1909  2094 E ActivityManager: 	at com.android.server.alarm.AlarmManagerService.deliverAlarmsLocked(qb/108940926 802103cef46cde14cb0d3b748d2076734c471a17d4b8e991ffa01c0e15de42a9:75)
06-23 16:00:00.005  1909  2094 E ActivityManager: 	at com.android.server.alarm.AlarmManagerService$AlarmThread.run(qb/108940926 802103cef46cde14cb0d3b748d2076734c471a17d4b8e991ffa01c0e15de42a9:720)
06-23 16:00:01.028  1909 15075 I ActivityManager: Changes in 10108 10 to 5, 0 to 144
06-23 16:00:07.118  1909  1971 I ActivityManager: Changes in 10108 5 to 10, 144 to 0
06-23 16:00:41.862  1909  1972 I ActivityManager: Changes in 10096 19 to 11, 0 to 128
06-23 16:00:41.873  1909  4341 I ActivityManager: Changes in 99215 19 to 5, 0 to 184
06-23 16:00:51.869  1909  2065 I ActivityManager: Changes in 10096 19 to 19, 128 to 0
06-23 16:00:56.915  1909  4338 I ActivityManager: Changes in 99215 5 to 10, 184 to 0
06-23 16:06:13.275  1909  1972 I ActivityManager: Changes in 10108 10 to 10, 0 to 128
06-23 16:06:13.284  1909  4341 I ActivityManager: Changes in 10108 10 to 10, 128 to 0
06-23 16:06:13.288  1909  2065 I ActivityManager: Changes in 10095 19 to 8, 0 to 128
06-23 16:06:13.296  1909  3698 I ActivityManager: Changes in 10095 8 to 10, 128 to 0
06-23 16:06:13.298  1909  1973 I ActivityManager: Start proc 24533:com.lguplus.appstore/u0a99 for service {com.lguplus.appstore/androidx.work.impl.background.systemjob.SystemJobService}
06-23 16:06:13.299  1909  1973 I ActivityManager: ProcessObserver broadcast disabled
06-23 16:06:13.651  1909  1973 I ActivityManager: Start proc 24572:com.sec.android.provider.badge/u0a55 for broadcast {com.sec.android.provider.badge/com.sec.android.provider.badge.BadgeCountReceiver}
06-23 16:06:13.651  1909  1973 I ActivityManager: ProcessObserver broadcast disabled
06-23 16:06:13.704  1909  3698 I ActivityManager: Changes in 99215 19 to 8, 0 to 128
06-23 16:06:13.704  1909  3698 I ActivityManager: Changes in 10099 19 to 8, 0 to 128
06-23 16:06:13.753  1909  1973 I ActivityManager: Start proc 24596:com.android.vending/u0a251 for service {com.android.vending/com.google.android.finsky.developergroupidinfo.DeveloperGroupIdInfoService}
06-23 16:06:13.753  1909  1973 I ActivityManager: ProcessObserver broadcast disabled
06-23 16:06:13.765  1909  3698 I ActivityManager: Changes in 10055 19 to 11, 0 to 128
06-23 16:06:13.778  1909  3698 I ActivityManager: Changes in 99215 8 to 10, 128 to 0
06-23 16:06:13.781  1909  3698 I ActivityManager: Changes in 10099 8 to 10, 128 to 0
06-23 16:06:13.794  1909  3301 I ActivityManager: Killing 23599:com.sec.android.app.shealth:remote/u0a328 (adj 905): empty #25
06-23 16:06:13.815  1909  3301 I ActivityManager: Changes in 10055 11 to 5, 128 to 144
06-23 16:06:13.951  1909  4338 I ActivityManager: Killing 23646:com.samsung.android.game.gos/u0a76 (adj 905): empty #25
06-23 16:06:14.349  1909  1972 I ActivityManager: Changes in 10251 19 to 11, 0 to 128
06-23 16:06:14.361  1909  4227 I ActivityManager: Changes in 10251 11 to 19, 128 to 0
06-23 16:06:19.859  1909  1971 I ActivityManager: Changes in 10055 5 to 15, 144 to 0
06-23 16:06:24.070  1909  1973 I ActivityManager: Start proc 24703:com.android.vending:background/u0a251 for service {com.android.vending/com.google.frameworks.client.data.android.server.play.BackgroundProcessEndpointService}
06-23 16:06:24.070  1909  1973 I ActivityManager: ProcessObserver broadcast disabled
06-23 16:06:49.956  1909  1972 I ActivityManager: Killing 23647:com.google.android.partnersetup/u0a243 (adj 905): empty #25
06-23 16:06:49.962  1909  1972 I ActivityManager: Killing 23648:com.google.android.apps.turbo:aab/u0a250 (adj 905): empty #26
06-23 16:06:52.259  1909  1973 I ActivityManager: Start proc 24810:com.samsung.android.game.gos/u0a76 for service {com.samsung.android.game.gos/com.samsung.android.game.gos.service.GameIntentService}
06-23 16:06:52.259  1909  1973 I ActivityManager: ProcessObserver broadcast disabled
06-23 16:07:18.290  1909  1972 I ActivityManager: Killing 22532:com.samsung.android.privacydashboard/u0a107 (adj 905): empty #25
06-23 16:09:07.004  1909  2065 I ActivityManager: Changes in 5004 19 to 8, 0 to 128
06-23 16:09:07.007  1909  1973 I ActivityManager: Start proc 24891:com.sec.android.app.samsungapps/u0a86 for service {com.sec.android.app.samsungapps/com.sec.android.app.samsungapps.jobscheduling.PollJobService}
06-23 16:09:07.007  1909  1973 I ActivityManager: ProcessObserver broadcast disabled
06-23 16:09:07.017  1909  2776 I ActivityManager: Changes in 5004 8 to 10, 128 to 0
06-23 16:09:07.018  1909  1973 I ActivityManager: Start proc 24893:com.samsung.faceservice/5004 for service {com.samsung.faceservice/androidx.work.impl.background.systemjob.SystemJobService}
06-23 16:09:07.018  1909  1973 I ActivityManager: ProcessObserver broadcast disabled
06-23 16:09:07.148  1909  2776 I ActivityManager: Changes in 5004 19 to 8, 0 to 128
06-23 16:09:07.189  1909  3606 I ActivityManager: Changes in 5004 8 to 10, 128 to 0
06-23 16:09:07.194  1909  2776 I ActivityManager: Killing 23736:com.samsung.android.dqagent/1000 (adj 905): empty #25
06-23 16:09:07.201  1909  2065 I ActivityManager: Changes in 10099 19 to 8, 0 to 128
06-23 16:09:07.336  1909  3606 I ActivityManager: Changes in 10099 8 to 10, 128 to 0
06-23 16:09:07.624  1909  3050 I ActivityManager: Changes in 99215 19 to 8, 0 to 128
06-23 16:09:07.625  1909  3050 I ActivityManager: Changes in 10117 19 to 8, 0 to 128
06-23 16:09:07.625  1909  3050 I ActivityManager: Changes in 10086 19 to 8, 0 to 128
06-23 16:09:07.639  1909  3050 I ActivityManager: Changes in 99215 8 to 10, 128 to 0
06-23 16:09:13.627  1909  1971 I ActivityManager: Changes in 10117 8 to 15, 128 to 0
06-23 16:10:35.196  1909  3606 I ActivityManager: Changes in 10086 8 to 10, 128 to 0
06-23 16:10:35.200  1909  3606 I ActivityManager: Killing 23805:com.google.android.tts/u0a260 (adj 905): empty #25
06-23 16:12:12.696  1909  2065 I ActivityManager: Changes in 99218 19 to 19, 0 to 128
06-23 16:12:12.803  1909  2749 I ActivityManager: Changes in 99218 19 to 19, 128 to 0
06-23 16:13:23.060  1909  1972 I ActivityManager: Changes in 10096 19 to 11, 0 to 128
06-23 16:13:23.067  1909  2065 I ActivityManager: Changes in 10248 19 to 8, 0 to 128
06-23 16:13:23.079  1909  2749 I ActivityManager: Changes in 10096 11 to 19, 128 to 0
06-23 16:13:23.130  1909  3050 I ActivityManager: Changes in 10248 8 to 10, 128 to 0
06-23 16:16:37.802  1909  1972 I ActivityManager: Changes in 10096 19 to 11, 0 to 128
06-23 16:16:37.809  1909  4338 I ActivityManager: Changes in 10096 11 to 19, 128 to 0
06-23 16:18:47.787  1909  2224 I ActivityManager: Changes in 99215 19 to 8, 0 to 128
06-23 16:18:47.837  1909  1972 I ActivityManager: Changes in 99218 19 to 19, 0 to 128
06-23 16:18:47.842  1909  2224 I ActivityManager: Changes in 99218 19 to 19, 128 to 0
06-23 16:18:48.104  1909  2224 I ActivityManager: Changes in 99215 8 to 10, 128 to 0
06-23 16:18:48.146  1909  2224 I ActivityManager: Changes in 99215 19 to 5, 0 to 184
06-23 16:19:03.155  1909  2749 I ActivityManager: Changes in 99215 5 to 10, 184 to 0
06-23 16:19:47.105  1909  1973 I ActivityManager: Start proc 25275:com.samsung.android.privacydashboard/u0a107 for content provider {com.samsung.android.privacydashboard/com.samsung.android.privacydashboard.provider.PermissionAccessInformationContentProvider}
06-23 16:19:47.106  1909  1973 I ActivityManager: ProcessObserver broadcast disabled
06-23 16:19:47.229  1909  2749 I ActivityManager: Changes in 10107 19 to 5, 0 to 144
06-23 16:19:53.309  1909  1971 I ActivityManager: Changes in 10107 5 to 15, 144 to 0
06-23 16:20:13.315  1909  1972 I ActivityManager: Killing 23843:com.samsung.android.authfw/5278 (adj 905): empty #25
06-23 16:20:21.501  1909  2065 I ActivityManager: Changes in 99218 19 to 19, 0 to 128
06-23 16:20:21.501  1909  2065 I ActivityManager: Changes in 99215 10 to 8, 0 to 128
06-23 16:20:21.508  1909  2065 I ActivityManager: Changes in 10095 19 to 8, 0 to 128
06-23 16:20:21.517  1909  2776 I ActivityManager: Changes in 10095 8 to 10, 128 to 0
06-23 16:20:21.586  1909  3050 I ActivityManager: Changes in 99218 19 to 19, 128 to 0
06-23 16:20:21.586  1909  3050 I ActivityManager: Changes in 99215 8 to 10, 128 to 0
06-23 16:20:26.932  1909  1973 I ActivityManager: Start proc 25331:com.samsung.android.sm.provider/1000 for content provider {com.samsung.android.lool/com.samsung.android.sm.database.SmProvider}
06-23 16:20:26.932  1909  1973 I ActivityManager: ProcessObserver broadcast disabled
06-23 16:20:27.882  1909  1973 I ActivityManager: Start proc 25346:com.samsung.android.dqagent/1000 for broadcast {com.samsung.android.dqagent/com.samsung.android.dqagent.receiver.DQADataReceiver}
06-23 16:20:27.882  1909  1973 I ActivityManager: ProcessObserver broadcast disabled
06-23 16:20:28.167  1909  4338 I ActivityManager: Killing 23928:com.google.android.webview:sandboxed_process0:org.chromium.content.app.SandboxedProcessService0:0/u0a253i218 (adj 915): empty #25
06-23 16:20:28.211  1909  4338 W ActivityManager: Scheduling restart of crashed service com.google.android.googlequicksearchbox/org.chromium.content.app.SandboxedProcessService0:0 in 1000ms for connection
06-23 16:20:32.965  1909  1973 I ActivityManager: Start proc 25368:com.samsung.android.app.aodservice/u0a53 for broadcast {com.samsung.android.app.aodservice/com.samsung.android.app.aodservice.AODBroadcastReceiver}
06-23 16:20:32.965  1909  1973 I ActivityManager: ProcessObserver broadcast disabled
06-23 16:20:33.040  1909  1973 I ActivityManager: Start proc 25382:com.sec.android.daemonapp:weather_content_provider/u0a215 for content provider {com.sec.android.daemonapp/com.sec.android.daemonapp.provider.SystemLevelContentProvider}
06-23 16:20:33.044  1909  1973 I ActivityManager: ProcessObserver broadcast disabled
06-23 16:20:33.449  1909  3050 I ActivityManager: Killing 24021:com.samsung.android.mobileservice/u0a119 (adj 905): empty #25
06-23 16:20:33.503  1909  1973 I ActivityManager: Start proc 25423:com.sec.android.daemonapp/u0a215 for service {com.sec.android.daemonapp/androidx.room.MultiInstanceInvalidationService}
06-23 16:20:33.507  1909  1973 I ActivityManager: ProcessObserver broadcast disabled
06-23 16:20:33.538  1909  3050 I ActivityManager: Changes in 10215 19 to 5, 0 to 144
06-23 16:20:33.896  1909  4343 I ActivityManager: Changes in 10215 5 to 5, 144 to 184
06-23 16:20:33.925  1909  4343 I ActivityManager: Changes in 10108 10 to 5, 0 to 144
06-23 16:20:39.575  1909  1971 I ActivityManager: Changes in 10215 5 to 8, 184 to 128
06-23 16:20:39.576  1909  1971 I ActivityManager: Changes in 10108 5 to 8, 144 to 128
06-23 16:20:40.119  1909  1971 I ActivityManager: Changes in 10108 8 to 10, 128 to 0
06-23 16:20:41.855  1909  1972 I ActivityManager: Changes in 10096 19 to 11, 0 to 128
06-23 16:20:41.884  1909  4343 I ActivityManager: Changes in 99215 19 to 5, 0 to 184
06-23 16:20:51.874  1909  2065 I ActivityManager: Changes in 10096 19 to 19, 128 to 0
06-23 16:20:54.538  1909  4343 I ActivityManager: Changes in 10215 8 to 10, 128 to 0
06-23 16:20:56.944  1909  4343 I ActivityManager: Changes in 99215 5 to 10, 184 to 0
06-23 16:20:59.125  1909  1972 I ActivityManager: Killing 24018:com.samsung.android.app.sharelive/5026 (adj 905): empty #25
06-23 16:21:00.126  1909  1972 I ActivityManager: Killing 24154:com.samsung.sait.sohservice/1000 (adj 905): empty #25
06-23 16:21:00.129  1909  1972 I ActivityManager: Killing 24119:com.google.android.webview:sandboxed_process0:org.chromium.content.app.SandboxedProcessService0:1/u0a253i219 (adj 905): empty #26
06-23 16:21:00.171  1909  3050 W ActivityManager: Scheduling restart of crashed service com.google.android.googlequicksearchbox/org.chromium.content.app.SandboxedProcessService0:1 in 1000ms for connection
06-23 16:24:07.126  1909  2065 I ActivityManager: Changes in 5004 19 to 8, 0 to 128
06-23 16:24:07.140  1909  4174 I ActivityManager: Changes in 5004 8 to 10, 128 to 0
06-23 16:24:07.337  1909  1972 I ActivityManager: Changes in 10096 19 to 11, 0 to 128
06-23 16:24:07.343  1909  2776 I ActivityManager: Changes in 10096 11 to 19, 128 to 0
06-23 16:24:07.352  1909  2065 I ActivityManager: Changes in 10099 19 to 8, 0 to 128
06-23 16:24:07.452  1909  4174 I ActivityManager: Changes in 10099 8 to 10, 128 to 0
06-23 16:26:51.364  1909  2187 I ActivityManager: Changes in 99215 19 to 8, 0 to 128
06-23 16:26:51.379  1909  2187 I ActivityManager: Changes in 99215 8 to 10, 128 to 0
06-23 16:27:54.779  1909  1973 I ActivityManager: Start proc 25614:com.ss.android.ugc.trill/u0a388 for broadcast {com.ss.android.ugc.trill/com.google.firebase.iid.FirebaseInstanceIdReceiver}
06-23 16:27:54.780  1909  1973 I ActivityManager: ProcessObserver broadcast disabled
06-23 16:27:55.808  1909  2776 I ActivityManager: Changes in 10388 19 to 11, 0 to 128
06-23 16:27:55.843  1909  2776 I ActivityManager: Killing 24306:com.google.android.apps.tachyon/u0a254 (adj 905): empty #25
06-23 16:27:55.877  1909  4338 I ActivityManager: Changes in 99215 19 to 19, 0 to 128
06-23 16:27:55.948  1909  4174 I ActivityManager: Changes in 99215 10 to 10, 128 to 0
06-23 16:27:56.125  1909  1972 I ActivityManager: Changes in 10055 19 to 11, 0 to 128
06-23 16:27:56.134  1909  1935 I ActivityManager: Changes in 10055 11 to 5, 128 to 144
06-23 16:28:02.180  1909  1971 I ActivityManager: Changes in 10055 5 to 15, 144 to 0
06-23 16:28:02.464  1909  1971 I ActivityManager: Changes in 99215 19 to 19, 0 to 128
06-23 16:28:02.623  1909  1973 I ActivityManager: Start proc 25896:com.samsung.drmboost/u0a339 for service {com.samsung.drmboost/com.samsung.drmboost.DrmEventService}
06-23 16:28:02.623  1909  1973 I ActivityManager: ProcessObserver broadcast disabled
06-23 16:28:12.511  1909  1935 I ActivityManager: Changes in 99215 19 to 10, 128 to 0
06-23 16:28:15.819  1909  2065 I ActivityManager: Changes in 10388 19 to 19, 128 to 0
06-23 16:28:22.181  1909  1972 I ActivityManager: Killing 24371:com.samsung.android.app.telephonyui/1001 (adj 905): empty #25
06-23 16:28:28.076  1909  1973 I ActivityManager: Start proc 26012:com.google.android.rkpdapp/u0a348 for service {com.google.android.rkpdapp/com.android.rkpdapp.service.RemoteProvisioningService}
06-23 16:28:28.076  1909  1973 I ActivityManager: ProcessObserver broadcast disabled
06-23 16:28:28.176  1909  4174 I ActivityManager: Changes in 10348 19 to 6, 0 to 128
06-23 16:28:28.199  1909  3050 I ActivityManager: Changes in 10348 6 to 10, 128 to 0
06-23 16:28:28.203  1909  4338 I ActivityManager: Killing 24810:com.samsung.android.game.gos/u0a76 (adj 905): empty #25
06-23 16:29:31.442  1909  2065 I ActivityManager: Changes in 10248 19 to 8, 0 to 128
06-23 16:29:31.499  1909  3050 I ActivityManager: Changes in 10248 8 to 10, 128 to 0
06-23 16:29:31.537  1909  3050 I ActivityManager: Changes in 99215 19 to 8, 0 to 128
06-23 16:29:31.574  1909  2776 I ActivityManager: Changes in 99215 8 to 5, 128 to 184
06-23 16:29:46.630  1909  2776 I ActivityManager: Changes in 99215 5 to 10, 184 to 0
06-23 16:33:04.994  1909  2776 I ActivityManager: Changes in 99215 19 to 19, 0 to 128
06-23 16:33:34.996  1909  2776 I ActivityManager: Changes in 99215 19 to 10, 128 to 0
06-23 16:34:39.452  1909  1973 I ActivityManager: Start proc 26564:com.google.android.cellbroadcastreceiver/u0a296 for broadcast {com.google.android.cellbroadcastreceiver/com.android.cellbroadcastreceiver.CellBroadcastReceiver}
06-23 16:34:39.453  1909  1973 I ActivityManager: ProcessObserver broadcast disabled
06-23 16:34:39.571  1909  2776 I ActivityManager: Changes in 10296 19 to 11, 0 to 128
06-23 16:34:39.596  1909  2224 I ActivityManager: Killing 24893:com.samsung.faceservice/5004 (adj 905): empty #25
06-23 16:34:39.598  1909  2224 I ActivityManager: Changes in 10296 11 to 19, 128 to 0
06-23 16:34:40.617  1909  1972 I ActivityManager: Changes in 10296 19 to 11, 0 to 128
06-23 16:34:40.624  1909  2224 I ActivityManager: Changes in 10296 11 to 19, 128 to 0
06-23 16:36:09.708  1909  1972 I ActivityManager: Changes in 10108 10 to 10, 0 to 128
06-23 16:36:09.712  1909  1972 I ActivityManager: Changes in 10096 19 to 11, 0 to 128
06-23 16:36:09.714  1909  4174 I ActivityManager: Changes in 10108 10 to 10, 128 to 0
06-23 16:36:09.717  1909  4174 I ActivityManager: Changes in 10096 11 to 19, 128 to 0
06-23 16:36:09.728  1909  2065 I ActivityManager: Changes in 10095 19 to 8, 0 to 128
06-23 16:36:09.740  1909  2224 I ActivityManager: Changes in 10095 8 to 10, 128 to 0
06-23 16:39:07.255  1909  2065 I ActivityManager: Changes in 5004 19 to 8, 0 to 128
06-23 16:39:07.268  1909  3301 I ActivityManager: Changes in 5004 8 to 10, 128 to 0
06-23 16:39:07.270  1909  1973 I ActivityManager: Start proc 26766:com.samsung.faceservice/5004 for service {com.samsung.faceservice/androidx.work.impl.background.systemjob.SystemJobService}
06-23 16:39:07.270  1909  1973 I ActivityManager: ProcessObserver broadcast disabled
06-23 16:39:07.426  1909  4174 I ActivityManager: Changes in 5004 19 to 8, 0 to 128
06-23 16:39:07.455  1909  2065 I ActivityManager: Changes in 10099 19 to 8, 0 to 128
06-23 16:39:07.475  1909  3301 I ActivityManager: Changes in 5004 8 to 10, 128 to 0
06-23 16:39:07.568  1909  4174 I ActivityManager: Changes in 10099 8 to 10, 128 to 0
06-23 16:39:07.572  1909  4174 I ActivityManager: Killing 22437:com.osp.app.signin/u0a117 (adj 905): empty #25
06-23 16:40:41.868  1909  1972 I ActivityManager: Changes in 10096 19 to 11, 0 to 128
06-23 16:40:41.892  1909  3050 I ActivityManager: Changes in 99215 19 to 5, 0 to 184
06-23 16:40:51.884  1909  2065 I ActivityManager: Changes in 10096 19 to 19, 128 to 0
06-23 16:40:56.939  1909  2224 I ActivityManager: Changes in 99215 5 to 10, 184 to 0
06-23 16:44:11.946  1909  1972 I ActivityManager: Changes in 10388 19 to 11, 0 to 128
06-23 16:44:12.045  1909  1972 I ActivityManager: Changes in 10055 19 to 11, 0 to 128
06-23 16:44:12.051  1909  4342 I ActivityManager: Changes in 99215 19 to 10, 0 to 128
06-23 16:44:12.062  1909  4342 I ActivityManager: Changes in 10055 11 to 5, 128 to 144
06-23 16:44:18.103  1909  1971 I ActivityManager: Changes in 10055 5 to 15, 144 to 0
06-23 16:44:22.200  1909  4342 I ActivityManager: Changes in 99215 19 to 10, 128 to 0
06-23 16:44:31.961  1909  2065 I ActivityManager: Changes in 10388 19 to 19, 128 to 0
06-23 16:45:36.190  1909  1972 I ActivityManager: Changes in 10296 19 to 11, 0 to 128
06-23 16:45:36.193  1909  2224 I ActivityManager: Changes in 10296 11 to 19, 128 to 0
06-23 16:45:37.242  1909  1972 I ActivityManager: Changes in 10296 19 to 11, 0 to 128
06-23 16:45:37.249  1909  2776 I ActivityManager: Changes in 10296 11 to 19, 128 to 0
06-23 16:45:50.159  1909  1972 I ActivityManager: Changes in 10296 19 to 11, 0 to 128
06-23 16:45:50.165  1909  4342 I ActivityManager: Changes in 10296 11 to 19, 128 to 0
06-23 16:45:51.312  1909  1972 I ActivityManager: Changes in 10296 19 to 11, 0 to 128
06-23 16:45:51.319  1909  2776 I ActivityManager: Changes in 10296 11 to 19, 128 to 0
06-23 16:46:37.803  1909  1972 I ActivityManager: Changes in 10096 19 to 11, 0 to 128
06-23 16:46:37.807  1909  2224 I ActivityManager: Changes in 10096 11 to 19, 128 to 0
06-23 16:47:29.071  1909  1973 I ActivityManager: Start proc 27255:com.osp.app.signin/u0a117 for service {com.osp.app.signin/com.samsung.android.samsungaccount.mobileservice.commonservice.CommonService}
06-23 16:47:29.071  1909  1973 I ActivityManager: ProcessObserver broadcast disabled
06-23 16:47:29.086  1909  1973 I ActivityManager: Start proc 27257:com.samsung.android.mobileservice/u0a119 for service {com.samsung.android.mobileservice/com.samsung.android.mobileservice.commonservice.CommonService}
06-23 16:47:29.086  1909  1973 I ActivityManager: ProcessObserver broadcast disabled
06-23 16:47:29.420  1909  2776 I ActivityManager: Changes in 10119 8 to 8, 0 to 128
06-23 16:47:29.432  1909  2065 I ActivityManager: Changes in 10248 19 to 8, 0 to 128
06-23 16:47:29.479  1909  2776 I ActivityManager: Changes in 10119 8 to 8, 128 to 0
06-23 16:47:29.481  1909  2776 I ActivityManager: Changes in 10388 19 to 8, 0 to 128
06-23 16:47:29.509  1909  2776 I ActivityManager: Changes in 10248 8 to 10, 128 to 0
06-23 16:47:29.525  1909  4174 I ActivityManager: Changes in 99215 8 to 8, 0 to 128
06-23 16:47:29.525  1909  4174 I ActivityManager: Changes in 10117 8 to 8, 0 to 128
06-23 16:47:29.532  1909  4174 I ActivityManager: Changes in 10388 8 to 10, 128 to 0
06-23 16:47:29.542  1909  2776 I ActivityManager: Changes in 99215 8 to 8, 128 to 0
06-23 16:47:29.542  1909  2776 I ActivityManager: Changes in 10117 8 to 8, 128 to 0
06-23 16:47:29.611  1909  4342 I ActivityManager: Changes in 10119 8 to 8, 0 to 128
06-23 16:47:29.933  1909  2224 I ActivityManager: Changes in 10119 8 to 8, 128 to 0
06-23 16:47:29.939  1909  2187 I ActivityManager: Changes in 10119 8 to 8, 0 to 128
06-23 16:47:29.948  1909  2224 I ActivityManager: Changes in 10056 19 to 8, 0 to 128
06-23 16:47:30.016  1909  2187 I ActivityManager: Changes in 10119 8 to 8, 128 to 0
06-23 16:47:30.016  1909  2187 I ActivityManager: Changes in 10056 8 to 8, 128 to 0
06-23 16:48:49.484  1909  4342 I ActivityManager: Killing 24891:com.sec.android.app.samsungapps/u0a86 (adj 905): empty #25
06-23 16:48:49.490  1909  2776 I ActivityManager: Killing 25275:com.samsung.android.privacydashboard/u0a107 (adj 905): empty #25
06-23 16:48:54.509  1909  1972 I ActivityManager: Changes in 10096 19 to 11, 0 to 128
06-23 16:48:54.514  1909  2776 I ActivityManager: Changes in 10096 11 to 19, 128 to 0
06-23 16:49:47.032  1909  1973 I ActivityManager: Start proc 27570:com.samsung.android.game.gos/u0a76 for service {com.samsung.android.game.gos/com.samsung.android.game.gos.service.MainIntentService}
06-23 16:49:47.033  1909  1973 I ActivityManager: ProcessObserver broadcast disabled
06-23 16:49:47.047  1909  2065 I ActivityManager: Changes in 10388 19 to 8, 0 to 128
06-23 16:49:47.053  1909  1973 I ActivityManager: Start proc 27571:com.google.android.partnersetup/u0a243 for service {com.google.android.partnersetup/com.google.android.partnersetup.InstalledAppJobService}
06-23 16:49:47.053  1909  1973 I ActivityManager: ProcessObserver broadcast disabled
06-23 16:49:47.064  1909  1973 I ActivityManager: Start proc 27572:com.google.android.apps.turbo:aab/u0a250 for service {com.google.android.apps.turbo/com.google.android.libraries.smartbattery.appusage.library.InferAppBucketsJob}
06-23 16:49:47.064  1909  1973 I ActivityManager: ProcessObserver broadcast disabled
06-23 16:49:47.066  1909  4342 I ActivityManager: Changes in 10388 8 to 10, 128 to 0
06-23 16:49:47.174  1909  2224 I ActivityManager: Changes in 10243 19 to 8, 0 to 128
06-23 16:49:47.203  1909  2224 I ActivityManager: Changes in 10243 8 to 10, 128 to 0
06-23 16:49:47.205  1909  2224 I ActivityManager: Killing 25331:com.samsung.android.sm.provider/1000 (adj 905): empty #25
06-23 16:49:47.216  1909  2224 I ActivityManager: Changes in 10250 19 to 8, 0 to 128
06-23 16:49:47.279  1909  2065 I ActivityManager: Changes in 10243 19 to 8, 0 to 128
06-23 16:49:47.323  1909  3301 I ActivityManager: Changes in 10243 8 to 10, 128 to 0
06-23 16:49:47.325  1909  3301 I ActivityManager: Killing 25382:com.sec.android.daemonapp:weather_content_provider/u0a215 (adj 905): empty #25
06-23 16:49:47.426  1909  2065 I ActivityManager: Changes in 10243 19 to 8, 0 to 128
06-23 16:49:47.448  1909  4342 I ActivityManager: Changes in 10243 8 to 10, 128 to 0
06-23 16:49:47.571  1909  2065 I ActivityManager: Changes in 10243 19 to 8, 0 to 128
06-23 16:49:47.598  1909  4342 I ActivityManager: Changes in 99215 19 to 8, 0 to 128
06-23 16:49:47.638  1909  2776 I ActivityManager: Changes in 10250 8 to 10, 128 to 0
06-23 16:49:47.809  1909  2224 I ActivityManager: Changes in 99215 8 to 10, 128 to 0
06-23 16:49:47.809  1909  2224 I ActivityManager: Changes in 10243 8 to 10, 128 to 0
06-23 16:49:47.813  1909  2224 I ActivityManager: Killing 25368:com.samsung.android.app.aodservice/u0a53 (adj 905): empty #25
06-23 16:49:55.770  1909  1973 I ActivityManager: Start proc 27641:com.samsung.android.privacydashboard/u0a107 for content provider {com.samsung.android.privacydashboard/com.samsung.android.privacydashboard.provider.PermissionAccessInformationContentProvider}
06-23 16:49:55.771  1909  1973 I ActivityManager: ProcessObserver broadcast disabled
06-23 16:49:55.898  1909  4174 I ActivityManager: Changes in 10107 19 to 5, 0 to 144
06-23 16:50:01.971  1909  1971 I ActivityManager: Changes in 10107 5 to 15, 144 to 0
06-23 16:50:21.975  1909  1972 I ActivityManager: Killing 25423:com.sec.android.daemonapp/u0a215 (adj 905): empty #25
06-23 16:50:39.536  1909  2065 I ActivityManager: Changes in 10095 19 to 8, 0 to 128
06-23 16:50:39.555  1909  2776 I ActivityManager: Changes in 10095 8 to 10, 128 to 0
06-23 16:54:02.821  1909  2776 I ActivityManager: Changes in 99215 19 to 5, 0 to 184
06-23 16:54:07.392  1909  2065 I ActivityManager: Changes in 5004 19 to 8, 0 to 128
06-23 16:54:07.398  1909  1973 I ActivityManager: Start proc 27816:com.samsung.sait.sohservice/1000 for service {com.samsung.sait.sohservice/androidx.work.impl.background.systemjob.SystemJobService}
06-23 16:54:07.398  1909  1973 I ActivityManager: ProcessObserver broadcast disabled
06-23 16:54:07.410  1909  2776 I ActivityManager: Changes in 5004 8 to 10, 128 to 0
06-23 16:54:07.573  1909  2065 I ActivityManager: Changes in 10099 19 to 8, 0 to 128
06-23 16:54:07.684  1909  4343 I ActivityManager: Changes in 10099 8 to 10, 128 to 0
06-23 16:54:17.876  1909  4343 I ActivityManager: Changes in 99215 5 to 10, 184 to 0
06-23 16:54:17.883  1909  2776 I ActivityManager: Killing 25896:com.samsung.drmboost/u0a339 (adj 905): empty #25
06-23 16:54:48.140  1909  2065 I ActivityManager: Changes in 10388 19 to 8, 0 to 128
06-23 16:54:48.594  1909  2776 I ActivityManager: Changes in 10388 8 to 10, 128 to 0
06-23 16:57:07.254  1909  2776 I ActivityManager: Changes in 99215 19 to 5, 0 to 184
06-23 16:57:07.368  1909  1972 I ActivityManager: Changes in 10096 19 to 11, 0 to 128
06-23 16:57:17.378  1909  2065 I ActivityManager: Changes in 10096 19 to 19, 128 to 0
06-23 16:57:22.284  1909  1935 I ActivityManager: Changes in 99215 5 to 10, 184 to 0
06-23 16:57:22.622  1909  1972 I ActivityManager: Changes in 10296 19 to 11, 0 to 128
06-23 16:57:22.628  1909  4343 I ActivityManager: Changes in 10296 11 to 19, 128 to 0
06-23 16:57:23.789  1909  1972 I ActivityManager: Changes in 10296 19 to 11, 0 to 128
06-23 16:57:23.794  1909  4343 I ActivityManager: Changes in 10296 11 to 19, 128 to 0
06-23 16:57:26.458  1909  1972 I ActivityManager: Changes in 10296 19 to 11, 0 to 128
06-23 16:57:26.466  1909  4343 I ActivityManager: Changes in 10296 11 to 19, 128 to 0
06-23 16:57:27.630  1909  1972 I ActivityManager: Changes in 10296 19 to 11, 0 to 128
06-23 16:57:27.638  1909  1935 I ActivityManager: Changes in 10296 11 to 19, 128 to 0
06-23 16:58:05.066  1909  3050 I ActivityManager: Changes in 99215 19 to 5, 0 to 184
06-23 16:58:07.315  1909  1972 I ActivityManager: Changes in 10096 19 to 11, 0 to 128
06-23 16:58:17.334  1909  2065 I ActivityManager: Changes in 10096 19 to 19, 128 to 0
06-23 16:58:20.130  1909  4174 I ActivityManager: Changes in 99215 5 to 10, 184 to 0
06-23 16:58:25.385  1909  1972 I ActivityManager: Changes in 10096 19 to 11, 0 to 128
06-23 16:58:35.399  1909  2065 I ActivityManager: Changes in 10096 19 to 19, 128 to 0
06-23 16:58:52.350  1909  4342 I ActivityManager: Changes in 99215 19 to 8, 0 to 128
06-23 16:58:52.378  1909  1935 I ActivityManager: Changes in 99215 8 to 10, 128 to 0
06-23 16:58:52.400  1909  4174 I ActivityManager: Changes in 99215 19 to 8, 0 to 128
06-23 16:58:52.414  1909  2224 I ActivityManager: Changes in 99215 8 to 10, 128 to 0
06-23 17:03:57.823  1909  1973 I ActivityManager: Start proc 28360:com.samsung.android.oneconnect:BeaconManagerControlService/u0a332 for service {com.samsung.android.oneconnect/com.samsung.android.oneconnect.easysetup.beaconmanager.BeaconManagerControlService}
06-23 17:03:57.823  1909  1973 I ActivityManager: ProcessObserver broadcast disabled
06-23 17:03:58.502  1909  1973 I ActivityManager: Start proc 28391:com.samsung.android.oneconnect:Core/u0a332 for content provider {com.samsung.android.oneconnect/com.samsung.android.oneconnect.base.storage.db.internal.InternalSettingsProvider}
06-23 17:03:58.502  1909  1973 I ActivityManager: ProcessObserver broadcast disabled
06-23 17:04:25.746  1909  1972 I ActivityManager: Killing 24596:com.android.vending/u0a251 (adj 905): empty #25
06-23 17:05:52.673  1909  1972 I ActivityManager: Changes in 10096 19 to 11, 0 to 128
06-23 17:05:52.679  1909  4342 I ActivityManager: Changes in 10096 11 to 19, 128 to 0
06-23 17:05:52.684  1909  1972 I ActivityManager: Changes in 10108 10 to 10, 0 to 128
06-23 17:05:52.689  1909  4343 I ActivityManager: Changes in 10108 10 to 10, 128 to 0
06-23 17:07:10.880  1909  4174 I ActivityManager: Killing 26012:com.google.android.rkpdapp/u0a348 (adj 905): empty #25
06-23 17:08:38.578  1909  1972 I ActivityManager: Changes in 10296 19 to 11, 0 to 128
06-23 17:08:38.584  1909  4343 I ActivityManager: Changes in 10296 11 to 19, 128 to 0
06-23 17:08:39.634  1909  1972 I ActivityManager: Changes in 10296 19 to 11, 0 to 128
06-23 17:08:39.645  1909  4174 I ActivityManager: Changes in 10296 11 to 19, 128 to 0
06-23 17:15:28.131  1909  1972 I ActivityManager: Changes in 10096 19 to 11, 0 to 128
06-23 17:15:38.142  1909  2065 I ActivityManager: Changes in 10096 19 to 19, 128 to 0
06-23 17:15:48.136  1909  1972 I ActivityManager: Changes in 10096 19 to 11, 0 to 128
06-23 17:15:58.146  1909  2065 I ActivityManager: Changes in 10096 19 to 19, 128 to 0
06-23 17:16:37.819  1909  1972 I ActivityManager: Changes in 10096 19 to 11, 0 to 128
06-23 17:16:37.821  1909  3301 I ActivityManager: Changes in 10096 11 to 19, 128 to 0
06-23 17:16:51.374  1909  1972 I ActivityManager: Changes in 10296 19 to 11, 0 to 128
06-23 17:16:51.380  1909  4174 I ActivityManager: Changes in 10296 11 to 19, 128 to 0
06-23 17:16:52.429  1909  1972 I ActivityManager: Changes in 10296 19 to 11, 0 to 128
06-23 17:16:52.436  1909  3301 I ActivityManager: Changes in 10296 11 to 19, 128 to 0
06-23 17:17:07.910  1909  1972 I ActivityManager: Changes in 10296 19 to 11, 0 to 128
06-23 17:17:07.917  1909  3606 I ActivityManager: Changes in 10296 11 to 19, 128 to 0
06-23 17:17:09.083  1909  1972 I ActivityManager: Changes in 10296 19 to 11, 0 to 128
06-23 17:17:09.089  1909  3606 I ActivityManager: Changes in 10296 11 to 19, 128 to 0
06-23 17:18:00.370  1909  1972 I ActivityManager: Changes in 10296 19 to 11, 0 to 128
06-23 17:18:00.379  1909  4174 I ActivityManager: Changes in 10296 11 to 19, 128 to 0
06-23 17:18:01.561  1909  1972 I ActivityManager: Changes in 10296 19 to 11, 0 to 128
06-23 17:18:01.569  1909  4343 I ActivityManager: Changes in 10296 11 to 19, 128 to 0
06-23 17:18:14.162  1909  1972 I ActivityManager: Changes in 10096 19 to 11, 0 to 128
06-23 17:18:14.173  1909  3606 I ActivityManager: Changes in 99215 19 to 5, 0 to 184
06-23 17:18:24.175  1909  2065 I ActivityManager: Changes in 10096 19 to 19, 128 to 0
06-23 17:18:29.237  1909  4343 I ActivityManager: Changes in 99215 5 to 10, 184 to 0
06-23 17:20:04.679  1909  9411 I ActivityManager: Changes in 10107 19 to 5, 0 to 144
06-23 17:20:06.570  1909  1972 I ActivityManager: Changes in 10096 19 to 11, 0 to 128
06-23 17:20:06.577  1909  3606 I ActivityManager: Changes in 10096 11 to 19, 128 to 0
06-23 17:20:06.610  1909  3301 I ActivityManager: Changes in 99215 19 to 5, 0 to 184
06-23 17:20:10.751  1909  1971 I ActivityManager: Changes in 10107 5 to 15, 144 to 0
06-23 17:20:21.667  1909  4174 I ActivityManager: Changes in 99215 5 to 10, 184 to 0
06-23 17:24:19.234  1909  3301 I ActivityManager: Changes in 99215 19 to 5, 0 to 184
06-23 17:24:19.265  1909  1973 I ActivityManager: Start proc 29344:com.google.android.gms.unstable/u0a252 for service {com.google.android.gms/com.google.android.gms.droidguard.DroidGuardService}
06-23 17:24:19.265  1909  1973 I ActivityManager: ProcessObserver broadcast disabled
06-23 17:24:20.063  1909  1973 I ActivityManager: Start proc 29406:com.google.android.rkpdapp/u0a348 for service {com.google.android.rkpdapp/com.android.rkpdapp.service.RemoteProvisioningService}
06-23 17:24:20.063  1909  1973 I ActivityManager: ProcessObserver broadcast disabled
06-23 17:24:20.126  1909  2749 I ActivityManager: Changes in 10348 19 to 6, 0 to 128
06-23 17:24:20.137  1909  2749 I ActivityManager: Changes in 10348 6 to 10, 128 to 0
06-23 17:24:35.897  1909  2749 I ActivityManager: Changes in 99215 5 to 10, 184 to 0
06-23 17:24:35.904  1909  4343 I ActivityManager: Killing 24572:com.sec.android.provider.badge/u0a55 (adj 905): empty #25
06-23 17:24:35.909  1909  4343 I ActivityManager: Killing 24703:com.android.vending:background/u0a251 (adj 905): empty #26
06-23 17:27:30.422  1909  4343 I ActivityManager: Changes in 99215 19 to 8, 0 to 128
06-23 17:27:30.441  1909  4343 I ActivityManager: Changes in 99215 8 to 10, 128 to 0
06-23 17:29:20.440  1909  1973 I ActivityManager: Start proc 29730:com.skt.skaf.OA00018282/u0a104 for content provider {com.skt.skaf.OA00018282/com.onestore.utils.ApiContentProvider}
06-23 17:29:20.440  1909  1973 I ActivityManager: ProcessObserver broadcast disabled
06-23 17:29:21.732  1909  4342 I ActivityManager: Killing 22781:com.google.android.as.oss/u0a248 (adj 905): empty #25
06-23 17:31:10.129  1909  1972 I ActivityManager: Changes in 10296 19 to 11, 0 to 128
06-23 17:31:10.135  1909  2720 I ActivityManager: Changes in 10296 11 to 19, 128 to 0
06-23 17:31:11.313  1909  1972 I ActivityManager: Changes in 10296 19 to 11, 0 to 128
06-23 17:31:11.321  1909  2720 I ActivityManager: Changes in 10296 11 to 19, 128 to 0
06-23 17:32:43.584  1909  1972 I ActivityManager: Changes in 10296 19 to 11, 0 to 128
06-23 17:32:43.590  1909  4226 I ActivityManager: Changes in 10296 11 to 19, 128 to 0
06-23 17:32:44.763  1909  1972 I ActivityManager: Changes in 10296 19 to 11, 0 to 128
06-23 17:32:44.772  1909  2720 I ActivityManager: Changes in 10296 11 to 19, 128 to 0
06-23 17:34:48.246  1909  1972 I ActivityManager: Changes in 10096 19 to 11, 0 to 128
06-23 17:34:48.263  1909  2720 I ActivityManager: Changes in 99215 19 to 5, 0 to 184
06-23 17:34:58.254  1909  2065 I ActivityManager: Changes in 10096 19 to 19, 128 to 0
06-23 17:35:03.302  1909  4226 I ActivityManager: Changes in 99215 5 to 10, 184 to 0
06-23 17:35:08.483  1909  1972 I ActivityManager: Changes in 10096 19 to 11, 0 to 128
06-23 17:35:18.494  1909  2065 I ActivityManager: Changes in 10096 19 to 19, 128 to 0
06-23 17:36:32.388  1909  1972 I ActivityManager: Changes in 10096 19 to 11, 0 to 128
06-23 17:36:32.396  1909  4226 I ActivityManager: Changes in 10096 11 to 19, 128 to 0
06-23 17:36:32.399  1909  1972 I ActivityManager: Changes in 10108 10 to 10, 0 to 128
06-23 17:36:32.402  1909  4343 I ActivityManager: Changes in 10108 10 to 10, 128 to 0
06-23 17:37:29.900  1909  1972 I ActivityManager: Changes in 10096 19 to 11, 0 to 128
06-23 17:37:29.902  1909  4226 I ActivityManager: Changes in 10096 11 to 19, 128 to 0
06-23 17:37:41.826  1909  1972 I ActivityManager: Changes in 10296 19 to 11, 0 to 128
06-23 17:37:41.828  1909  4225 I ActivityManager: Changes in 10296 11 to 19, 128 to 0
06-23 17:37:43.011  1909  1972 I ActivityManager: Changes in 10296 19 to 11, 0 to 128
06-23 17:37:43.021  1909  4225 I ActivityManager: Changes in 10296 11 to 19, 128 to 0
06-23 17:40:08.317  1909  1972 I ActivityManager: Changes in 10096 19 to 11, 0 to 128
06-23 17:40:18.330  1909  2065 I ActivityManager: Changes in 10096 19 to 19, 128 to 0
06-23 17:40:28.319  1909  1972 I ActivityManager: Changes in 10096 19 to 11, 0 to 128
06-23 17:40:38.330  1909  2065 I ActivityManager: Changes in 10096 19 to 19, 128 to 0
06-23 17:46:37.835  1909  1972 I ActivityManager: Changes in 10096 19 to 11, 0 to 128
06-23 17:46:37.840  1909  2720 I ActivityManager: Changes in 10096 11 to 19, 128 to 0
06-23 17:50:06.598  1909  9411 I ActivityManager: Changes in 10107 19 to 5, 0 to 144
06-23 17:50:12.663  1909  1971 I ActivityManager: Changes in 10107 5 to 15, 144 to 0
06-23 17:50:29.330  1909  4343 I ActivityManager: Changes in 99215 19 to 8, 0 to 128
06-23 17:50:29.359  1909  2720 I ActivityManager: Changes in 99215 8 to 10, 128 to 0
06-23 17:50:29.374  1909  1972 I ActivityManager: Changes in 99215 10 to 10, 0 to 128
06-23 17:50:29.377  1909  2720 I ActivityManager: Changes in 99215 10 to 10, 128 to 0
06-23 17:50:29.390  1909  3606 I ActivityManager: Changes in 99215 10 to 5, 0 to 184
06-23 17:50:44.436  1909  2720 I ActivityManager: Changes in 99215 5 to 10, 184 to 0
06-23 17:54:02.421  1909  1972 I ActivityManager: Changes in 10096 19 to 11, 0 to 128
06-23 17:54:02.424  1909  2537 I ActivityManager: Changes in 10096 11 to 19, 128 to 0
06-23 17:58:17.313  1909  2720 I ActivityManager: Changes in 99215 19 to 5, 0 to 184
06-23 17:58:19.875  1909  1972 I ActivityManager: Changes in 10096 19 to 11, 0 to 128
06-23 17:58:29.890  1909  2065 I ActivityManager: Changes in 10096 19 to 19, 128 to 0
06-23 17:58:32.351  1909  4342 I ActivityManager: Changes in 99215 5 to 10, 184 to 0
06-23 17:58:37.603  1909  1972 I ActivityManager: Changes in 10096 19 to 11, 0 to 128
06-23 17:58:47.614  1909  2065 I ActivityManager: Changes in 10096 19 to 19, 128 to 0
06-23 18:03:17.216  1909  1972 I ActivityManager: Changes in 10108 10 to 10, 0 to 128
06-23 18:03:17.219  1909  4342 I ActivityManager: Changes in 10108 10 to 10, 128 to 0
06-23 18:07:37.972  1909  1973 I ActivityManager: Start proc 31377:com.android.vending/u0a251 for broadcast {com.android.vending/com.google.firebase.iid.FirebaseInstanceIdReceiver}
06-23 18:07:37.972  1909  1973 I ActivityManager: ProcessObserver broadcast disabled
06-23 18:07:38.131  1909  4342 I ActivityManager: Changes in 10251 19 to 11, 0 to 128
06-23 18:07:38.195  1909  2224 I ActivityManager: Killing 27257:com.samsung.android.mobileservice/u0a119 (adj 905): empty #25
06-23 18:07:38.198  1909  2224 I ActivityManager: Changes in 10251 11 to 19, 128 to 0
06-23 18:07:38.592  1909  1972 I ActivityManager: Changes in 99215 19 to 11, 0 to 128
06-23 18:07:38.593  1909  1972 I ActivityManager: Changes in 10251 19 to 11, 0 to 128
06-23 18:07:38.600  1909  2720 I ActivityManager: Changes in 99215 11 to 19, 128 to 0
06-23 18:07:38.600  1909  2720 I ActivityManager: Changes in 10251 11 to 19, 128 to 0
06-23 18:07:38.696  1909  1972 I ActivityManager: Changes in 99215 19 to 11, 0 to 128
06-23 18:07:38.696  1909  1972 I ActivityManager: Changes in 10251 19 to 11, 0 to 128
06-23 18:07:38.715  1909  4343 I ActivityManager: Changes in 99215 11 to 19, 128 to 0
06-23 18:07:38.716  1909  4343 I ActivityManager: Changes in 10251 11 to 19, 128 to 0
06-23 18:07:48.327  1909  1973 I ActivityManager: Start proc 31504:com.android.vending:background/u0a251 for service {com.android.vending/com.google.frameworks.client.data.android.server.play.BackgroundProcessEndpointService}
06-23 18:07:48.327  1909  1973 I ActivityManager: ProcessObserver broadcast disabled
06-23 18:08:03.248  1909  4343 I ActivityManager: Killing 27572:com.google.android.apps.turbo:aab/u0a250 (adj 905): empty #25
06-23 18:11:32.442  1909  1972 I ActivityManager: Changes in 10096 19 to 11, 0 to 128
06-23 18:11:32.450  1909  2720 I ActivityManager: Changes in 10096 11 to 19, 128 to 0
06-23 18:16:37.828  1909  1972 I ActivityManager: Changes in 10096 19 to 11, 0 to 128
06-23 18:16:37.833  1909  2720 I ActivityManager: Changes in 10096 11 to 19, 128 to 0
06-23 18:18:26.208  1909  1972 I ActivityManager: Changes in 10096 19 to 11, 0 to 128
06-23 18:18:26.231  1909  4226 I ActivityManager: Changes in 99215 19 to 5, 0 to 184
06-23 18:18:36.226  1909  2065 I ActivityManager: Changes in 10096 19 to 19, 128 to 0
06-23 18:18:41.301  1909  3434 I ActivityManager: Changes in 99215 5 to 10, 184 to 0
06-23 18:20:22.504  1909  9411 I ActivityManager: Changes in 10107 19 to 5, 0 to 144
06-23 18:20:28.562  1909  1971 I ActivityManager: Changes in 10107 5 to 15, 144 to 0
06-23 18:22:10.742  1909  1972 I ActivityManager: Changes in 10296 19 to 11, 0 to 128
06-23 18:22:10.758  1909  4342 I ActivityManager: Changes in 10296 11 to 19, 128 to 0
06-23 18:22:11.798  1909  1972 I ActivityManager: Changes in 10296 19 to 11, 0 to 128
06-23 18:22:11.805  1909  4342 I ActivityManager: Changes in 10296 11 to 19, 128 to 0
06-23 18:25:48.490  1909  1972 I ActivityManager: Changes in 10096 19 to 11, 0 to 128
06-23 18:25:48.533  1909  1973 I ActivityManager: Start proc 32376:com.samsung.android.kmxservice:AiPrivacy/u0a89 for content provider {com.samsung.android.kmxservice/com.samsung.android.kmxservice.ai.privacy.AiPrivacyContentProvider}
06-23 18:25:48.533  1909  1973 I ActivityManager: ProcessObserver broadcast disabled
06-23 18:25:48.670  1909  3606 I ActivityManager: Changes in 10089 19 to 5, 0 to 144
06-23 18:25:54.687  1909  1971 I ActivityManager: Changes in 10089 5 to 15, 144 to 0
06-23 18:25:58.499  1909  2065 I ActivityManager: Changes in 10096 19 to 19, 128 to 0
06-23 18:26:09.603  1909  1972 I ActivityManager: Changes in 10096 19 to 11, 0 to 128
06-23 18:26:14.691  1909  1972 I ActivityManager: Killing 27571:com.google.android.partnersetup/u0a243 (adj 905): empty #25
06-23 18:26:19.610  1909  2065 I ActivityManager: Changes in 10096 19 to 19, 128 to 0
06-23 18:27:22.499  1909  2224 I ActivityManager: Changes in 99215 19 to 5, 0 to 184
06-23 18:27:25.005  1909  4342 W ActivityManager: pid 24971 com.google.android.gms.persistent sent binder code 2 with flags 1 to frozen apps and got error -32
06-23 18:27:25.416  1909  1973 I ActivityManager: Start proc 32477:com.samsung.android.app.sharelive/5026 for broadcast {com.samsung.android.app.sharelive/com.samsung.android.app.sharelive.presentation.receiver.NearbyShareReceiver}
06-23 18:27:25.416  1909  1973 I ActivityManager: ProcessObserver broadcast disabled
06-23 18:27:25.744  1909  4225 I ActivityManager: Changes in 10117 19 to 11, 0 to 128
06-23 18:27:25.744  1909  4225 I ActivityManager: Changes in 5026 19 to 11, 0 to 128
06-23 18:27:25.744  1909  4225 I ActivityManager: Changes in 5025 8 to 8, 0 to 128
06-23 18:27:25.761  1909  4225 I ActivityManager: Changes in 10117 11 to 19, 128 to 0
06-23 18:27:25.761  1909  4225 I ActivityManager: Changes in 5026 11 to 19, 128 to 0
06-23 18:27:25.761  1909  4225 I ActivityManager: Changes in 5025 8 to 8, 128 to 0
06-23 18:27:26.386  1909  1972 I ActivityManager: Changes in 10117 19 to 11, 0 to 128
06-23 18:27:26.386  1909  1972 I ActivityManager: Changes in 5026 19 to 11, 0 to 128
06-23 18:27:26.386  1909  1972 I ActivityManager: Changes in 5025 8 to 8, 0 to 128
06-23 18:27:26.390  1909  4225 I ActivityManager: Changes in 5026 11 to 19, 128 to 0
06-23 18:27:26.390  1909  4225 I ActivityManager: Changes in 5025 8 to 8, 128 to 0
06-23 18:27:40.367  1909  2537 I ActivityManager: Changes in 99215 5 to 10, 184 to 0
06-23 18:29:02.460  1909  1972 I ActivityManager: Changes in 10096 19 to 11, 0 to 128
06-23 18:29:02.469  1909  2537 I ActivityManager: Changes in 10096 11 to 19, 128 to 0
06-23 18:31:21.025  1909  3434 W ActivityManager: pid 6725 com.google.android.googlequicksearchbox:interactor sent binder code 2 with flags 1 to frozen apps and got error -32
06-23 18:31:21.027  1909  4226 I ActivityManager: Process com.google.android.googlequicksearchbox:search (pid 22643) has died: cch+5 CEM (256,1401)
06-23 18:33:12.410  1909  1972 I ActivityManager: Changes in 10296 19 to 11, 0 to 128
06-23 18:33:12.415  1909  4226 I ActivityManager: Changes in 10296 11 to 19, 128 to 0
06-23 18:33:13.317  1909  1972 I ActivityManager: Changes in 10296 19 to 11, 0 to 128
06-23 18:33:13.324  1909  3301 I ActivityManager: Changes in 10296 11 to 19, 128 to 0
06-23 18:37:43.947  1909  1972 I ActivityManager: Changes in 10096 19 to 11, 0 to 128
06-23 18:37:43.953  1909  4206 I ActivityManager: Changes in 10096 11 to 19, 128 to 0
06-23 18:38:35.568  1909  1972 I ActivityManager: Changes in 10096 19 to 11, 0 to 128
06-23 18:38:35.598  1909  3606 I ActivityManager: Changes in 99215 19 to 5, 0 to 184
06-23 18:38:45.582  1909  2065 I ActivityManager: Changes in 10096 19 to 19, 128 to 0
06-23 18:38:50.631  1909  3606 I ActivityManager: Changes in 99215 5 to 10, 184 to 0
06-23 18:38:55.570  1909  1972 I ActivityManager: Changes in 10096 19 to 11, 0 to 128
06-23 18:39:05.582  1909  2065 I ActivityManager: Changes in 10096 19 to 19, 128 to 0
06-23 18:39:14.580  1909  1972 I ActivityManager: Changes in 10108 10 to 10, 0 to 128
06-23 18:39:14.585  1909  1972 I ActivityManager: Changes in 10096 19 to 11, 0 to 128
06-23 18:39:14.587  1909  3606 I ActivityManager: Changes in 10108 10 to 10, 128 to 0
06-23 18:39:14.592  1909  3606 I ActivityManager: Changes in 10096 11 to 19, 128 to 0
06-23 18:42:47.973  1909  1973 I ActivityManager: Start proc 1219:com.google.android.googlequicksearchbox:search/u0a253 for broadcast {com.google.android.googlequicksearchbox/com.google.android.libraries.search.gcm.search.SearchProcessGcmBroadcastReceiver_Receiver}
06-23 18:42:47.973  1909  1973 I ActivityManager: ProcessObserver broadcast disabled
06-23 18:42:48.239  1909  3301 I ActivityManager: Changes in 99215 19 to 10, 0 to 128
06-23 18:42:48.242  1909  4206 I ActivityManager: Changes in 99215 10 to 10, 128 to 0
06-23 18:45:07.809  1909  4340 I ActivityManager: Changes in 10096 19 to 5, 0 to 184
06-23 18:45:17.890  1909  3606 I ActivityManager: Changes in 10096 5 to 10, 184 to 0
06-23 18:46:37.827  1909  1972 I ActivityManager: Changes in 10096 19 to 11, 0 to 128
06-23 18:46:37.832  1909  3606 I ActivityManager: Changes in 10096 11 to 19, 128 to 0
06-23 18:48:53.458  1909  1972 I ActivityManager: Changes in 10096 19 to 11, 0 to 128
06-23 18:48:53.464  1909  3301 I ActivityManager: Changes in 10096 11 to 19, 128 to 0
06-23 18:48:53.496  1909  1973 I ActivityManager: Start proc 1951:com.sec.android.app.shealth:remote/u0a328 for service {com.sec.android.app.shealth/com.samsung.android.service.health.data.phd.PrivilegedHealthService}
06-23 18:48:53.496  1909  1973 I ActivityManager: ProcessObserver broadcast disabled
06-23 18:48:54.158  1909  4206 I ActivityManager: Killing 22611:com.samsung.mfcontents/u0a95 (adj 905): empty #25
06-23 18:50:31.312  1909  9411 I ActivityManager: Changes in 10107 19 to 5, 0 to 144
06-23 18:50:37.374  1909  1971 I ActivityManager: Changes in 10107 5 to 15, 144 to 0
06-23 18:51:08.600  1909  2308 I ActivityManager: Changes in 5009 19 to 5, 0 to 144
06-23 18:51:58.847  1909  1971 I ActivityManager: Changes in 5009 5 to 15, 144 to 0
06-23 18:52:21.939  1909  1973 I ActivityManager: Start proc 2439:com.samsung.aasaservice/1000 for broadcast {com.samsung.aasaservice/com.samsung.aasaservice.AASAUpdateReceiver}
06-23 18:52:21.940  1909  1973 I ActivityManager: ProcessObserver broadcast disabled
06-23 18:52:22.077  1909  1973 I ActivityManager: Start proc 2563:com.samsung.android.privateaccesstokens/u0a198 for service {com.samsung.android.privateaccesstokens/com.samsung.android.privateaccesstokens.components.services.PATService}
06-23 18:52:22.078  1909  1973 I ActivityManager: ProcessObserver broadcast disabled
06-23 18:52:22.140  1909  4340 I ActivityManager: Changes in 5009 19 to 11, 0 to 128
06-23 18:52:22.148  1909  4206 I ActivityManager: Killing 27816:com.samsung.sait.sohservice/1000 (adj 905): empty #25
06-23 18:52:22.151  1909  4206 I ActivityManager: Changes in 5009 11 to 19, 128 to 0
06-23 18:52:22.220  1909  4340 I ActivityManager: Killing 24533:com.lguplus.appstore/u0a99 (adj 905): empty #25
06-23 18:52:23.247  1909  2607 I ActivityManager: Changes in 5009 19 to 5, 0 to 144
06-23 18:52:38.252  1909  4206 I ActivityManager: Changes in 99215 19 to 5, 0 to 184
06-23 18:52:44.267  1909  1971 I ActivityManager: Changes in 5009 5 to 15, 144 to 0
06-23 18:52:47.018  1909  1972 I ActivityManager: Changes in 10096 19 to 11, 0 to 128
06-23 18:52:53.272  1909  2870 I ActivityManager: Changes in 99215 5 to 10, 184 to 0
06-23 18:52:57.029  1909  2065 I ActivityManager: Changes in 10096 19 to 19, 128 to 0
06-23 18:56:44.613  1909  1972 I ActivityManager: Changes in 10096 19 to 11, 0 to 128
06-23 18:56:44.620  1909  2870 I ActivityManager: Changes in 10096 11 to 19, 128 to 0
06-23 19:00:42.350  1909  1972 I ActivityManager: Changes in 10096 19 to 11, 0 to 128
06-23 19:00:42.354  1909  4225 I ActivityManager: Changes in 10096 11 to 19, 128 to 0
06-23 19:00:42.357  1909  1972 I ActivityManager: Changes in 10108 10 to 10, 0 to 128
06-23 19:00:42.359  1909  4225 I ActivityManager: Changes in 10108 10 to 10, 128 to 0
06-23 19:00:45.390  1909  1972 I ActivityManager: Changes in 10096 19 to 11, 0 to 128
06-23 19:00:45.395  1909  2776 I ActivityManager: Changes in 10096 11 to 19, 128 to 0
06-23 19:06:52.331  1909  3301 I ActivityManager: com.samsung.android.app.telephonyui is exempt from freezer by list
06-23 19:06:52.342  1909  1973 I ActivityManager: Start proc 3720:com.samsung.android.app.telephonyui/1001 for content provider {com.samsung.android.app.telephonyui/com.samsung.android.app.telephonyui.provider.InternalContentProvider}
06-23 19:06:52.342  1909  1973 I ActivityManager: ProcessObserver broadcast disabled
06-23 19:07:18.582  1909  1972 I ActivityManager: Killing 25614:com.ss.android.ugc.trill/u0a388 (adj 905): empty #25
06-23 19:08:50.539  1909  2065 I ActivityManager: Changes in 10198 19 to 8, 0 to 128
06-23 19:08:50.583  1909  1909 I ActivityManager: Changes in 5004 19 to 8, 0 to 128
06-23 19:08:50.593  1909  1973 I ActivityManager: Start proc 3820:com.samsung.sait.sohservice/1000 for service {com.samsung.sait.sohservice/androidx.work.impl.background.systemjob.SystemJobService}
06-23 19:08:50.595  1909  1973 I ActivityManager: ProcessObserver broadcast disabled
06-23 19:08:50.626  1909  3434 I ActivityManager: Changes in 5009 19 to 8, 0 to 128
06-23 19:08:50.631  1909  1973 I ActivityManager: Start proc 3824:com.google.android.syncadapters.calendar/u0a257 for service {com.google.android.syncadapters.calendar/com.google.android.syncadapters.calendar.CalendarSyncAdapterService}
06-23 19:08:50.634  1909  1973 I ActivityManager: ProcessObserver broadcast disabled
06-23 19:08:50.641  1909  1933 I ActivityManager: Changes in 5004 8 to 10, 128 to 0
06-23 19:08:50.664  1909  1973 W ActivityManager: Slow operation: 62ms so far, now at startProcess: done updating battery stats
06-23 19:08:50.665  1909  1973 W ActivityManager: Slow operation: 63ms so far, now at startProcess: building log message
06-23 19:08:50.665  1909  1973 I ActivityManager: Start proc 3850:com.lguplus.appstore/u0a99 for service {com.lguplus.appstore/androidx.work.impl.background.systemjob.SystemJobService}
06-23 19:08:50.665  1909  1973 W ActivityManager: Slow operation: 63ms so far, now at startProcess: starting to update pids map
06-23 19:08:50.667  1909  1973 I ActivityManager: ProcessObserver broadcast disabled
06-23 19:08:50.667  1909  1973 W ActivityManager: Slow operation: 64ms so far, now at startProcess: done updating pids map
06-23 19:08:50.807  1909  2776 I ActivityManager: Changes in 10198 8 to 10, 128 to 0
06-23 19:08:50.810  1909  2776 I ActivityManager: Changes in 5009 8 to 10, 128 to 0
06-23 19:08:50.889  1909  3434 I ActivityManager: Killing 28391:com.samsung.android.oneconnect:Core/u0a332 (adj 905): empty #25
06-23 19:08:50.964  1909  1933 I ActivityManager: Killing 28360:com.samsung.android.oneconnect:BeaconManagerControlService/u0a332 (adj 905): empty #25
06-23 19:08:50.968  1909  1973 I ActivityManager: Start proc 3897:com.google.android.as.oss/u0a248 for service {com.google.android.as.oss/com.google.android.gms.learning.internal.training.InAppJobService}
06-23 19:08:50.968  1909  1973 I ActivityManager: ProcessObserver broadcast disabled
06-23 19:08:51.040  1909  2187 I ActivityManager: Changes in 10257 19 to 8, 0 to 128
06-23 19:08:51.105  1909  3174 I ActivityManager: Changes in 5004 19 to 8, 0 to 128
06-23 19:08:51.109  1909  1973 I ActivityManager: Start proc 3942:com.android.providers.calendar/u0a115 for content provider {com.android.providers.calendar/com.android.providers.calendar.CalendarProvider2}
06-23 19:08:51.109  1909  1973 I ActivityManager: ProcessObserver broadcast disabled
06-23 19:08:51.121  1909  3174 I ActivityManager: Changes in 5004 8 to 10, 128 to 0
06-23 19:08:51.223  1909  3434 I ActivityManager: Changes in 10115 19 to 8, 0 to 128
06-23 19:08:51.226  1909  3434 I ActivityManager: Changes in 10248 19 to 8, 0 to 128
06-23 19:08:51.266  1909  1973 I ActivityManager: Start proc 3995:com.sec.android.provider.badge/u0a55 for broadcast {com.sec.android.provider.badge/com.sec.android.provider.badge.BadgeCountReceiver}
06-23 19:08:51.266  1909  1973 I ActivityManager: ProcessObserver broadcast disabled
06-23 19:08:51.346  1909  3434 I ActivityManager: Changes in 10248 8 to 10, 128 to 0
06-23 19:08:51.348  1909  1973 I ActivityManager: Start proc 4027:com.google.android.partnersetup/u0a243 for service {com.google.android.partnersetup/com.google.android.partnersetup.InstalledAppJobService}
06-23 19:08:51.348  1909  1973 I ActivityManager: ProcessObserver broadcast disabled
06-23 19:08:51.361  1909  3174 I ActivityManager: Changes in 99215 19 to 8, 0 to 128
06-23 19:08:51.363  1909  3174 I ActivityManager: Changes in 10099 19 to 8, 0 to 128
06-23 19:08:51.381  1909  1973 I ActivityManager: Start proc 4031:com.google.android.apps.turbo:aab/u0a250 for service {com.google.android.apps.turbo/com.google.android.libraries.smartbattery.appusage.library.InferAppBucketsJob}
06-23 19:08:51.381  1909  1973 I ActivityManager: ProcessObserver broadcast disabled
06-23 19:08:51.397  1909  1933 I ActivityManager: Changes in 10055 19 to 11, 0 to 128
06-23 19:08:51.444  1909  4211 I ActivityManager: Changes in 10251 19 to 8, 0 to 128
06-23 19:08:51.508  1909  1973 W ActivityManager: Slow operation: 59ms so far, now at startProcess: returned from zygote!
06-23 19:08:51.517  1909  1973 W ActivityManager: Slow operation: 69ms so far, now at startProcess: done updating battery stats
06-23 19:08:51.518  1909  1973 W ActivityManager: Slow operation: 69ms so far, now at startProcess: building log message
06-23 19:08:51.518  1909  1973 I ActivityManager: Start proc 4100:com.samsung.mfcontents/u0a95 for service {com.samsung.mfcontents/com.samsung.mfcontents.scheduler.MFCJobService}
06-23 19:08:51.518  1909  1973 W ActivityManager: Slow operation: 69ms so far, now at startProcess: starting to update pids map
06-23 19:08:51.529  1909  1973 I ActivityManager: ProcessObserver broadcast disabled
06-23 19:08:51.530  1909  1973 W ActivityManager: Slow operation: 81ms so far, now at startProcess: done updating pids map
06-23 19:08:51.538  1909  4226 I ActivityManager: Changes in 99215 8 to 10, 128 to 0
06-23 19:08:51.540  1909  4226 I ActivityManager: Changes in 10251 8 to 10, 128 to 0
06-23 19:08:51.541  1909  4226 I ActivityManager: Changes in 10099 8 to 10, 128 to 0
06-23 19:08:51.542  1909  4338 I ActivityManager: Changes in 10055 11 to 5, 128 to 144
06-23 19:08:51.564  1909  4211 I ActivityManager: Changes in 10243 19 to 8, 0 to 128
06-23 19:08:51.568  1909  4338 I ActivityManager: Changes in 10250 19 to 8, 0 to 128
06-23 19:08:51.570  1909  4356 I ActivityManager: Killing 26766:com.samsung.faceservice/5004 (adj 905): empty #25
06-23 19:08:51.597  1909  1972 I ActivityManager: Changes in 10096 19 to 11, 0 to 128
06-23 19:08:51.604  1909  3174 I ActivityManager: Changes in 10096 11 to 19, 128 to 0
06-23 19:08:51.608  1909  1909 I ActivityManager: Changes in 99215 19 to 8, 0 to 128
06-23 19:08:51.608  1909  1909 I ActivityManager: Changes in 10251 19 to 8, 0 to 128
06-23 19:08:51.608  1909  1909 I ActivityManager: Changes in 10099 19 to 8, 0 to 128
06-23 19:08:51.649  1909  3174 I ActivityManager: Changes in 10095 19 to 8, 0 to 128
06-23 19:08:51.743  1909  3434 I ActivityManager: Changes in 99215 8 to 10, 128 to 0
06-23 19:08:51.744  1909  3434 I ActivityManager: Changes in 10251 8 to 10, 128 to 0
06-23 19:08:51.744  1909  3434 I ActivityManager: Changes in 10099 8 to 10, 128 to 0
06-23 19:08:51.767  1909  1933 I ActivityManager: Changes in 10095 8 to 10, 128 to 0
06-23 19:08:51.783  1909  4356 I ActivityManager: Killing 29406:com.google.android.rkpdapp/u0a348 (adj 905): empty #25
06-23 19:08:51.803  1909  1909 I ActivityManager: Changes in 99215 19 to 8, 0 to 128
06-23 19:08:51.804  1909  1909 I ActivityManager: Changes in 10251 19 to 8, 0 to 128
06-23 19:08:51.804  1909  1909 I ActivityManager: Changes in 10099 19 to 8, 0 to 128
06-23 19:08:51.843  1909  3174 I ActivityManager: Changes in 99215 8 to 10, 128 to 0
06-23 19:08:51.843  1909  3174 I ActivityManager: Changes in 10251 8 to 10, 128 to 0
06-23 19:08:51.843  1909  3174 I ActivityManager: Changes in 10099 8 to 10, 128 to 0
06-23 19:08:51.882  1909  2065 I ActivityManager: Changes in 10095 19 to 8, 0 to 128
06-23 19:08:51.884  1909  1933 I ActivityManager: Changes in 10243 8 to 10, 128 to 0
06-23 19:08:51.889  1909  1933 I ActivityManager: Changes in 10095 8 to 10, 128 to 0
06-23 19:08:51.890  1909  1933 I ActivityManager: Killing 29344:com.google.android.gms.unstable/u0a252 (adj 905): empty #25
06-23 19:08:51.985  1909  2065 I ActivityManager: Changes in 10243 19 to 8, 0 to 128
06-23 19:08:51.999  1909  1933 I ActivityManager: Changes in 10243 8 to 10, 128 to 0
06-23 19:08:52.102  1909  2065 I ActivityManager: Changes in 10243 19 to 8, 0 to 128
06-23 19:08:52.131  1909  4338 I ActivityManager: Changes in 99215 19 to 8, 0 to 128
06-23 19:08:52.132  1909  4338 I ActivityManager: Changes in 10251 19 to 8, 0 to 128
06-23 19:08:52.198  1909  4211 I ActivityManager: Changes in 10250 8 to 10, 128 to 0
06-23 19:08:52.296  1909  1933 I ActivityManager: Changes in 99215 8 to 10, 128 to 0
06-23 19:08:52.297  1909  1933 I ActivityManager: Changes in 10251 8 to 10, 128 to 0
06-23 19:08:52.297  1909  1933 I ActivityManager: Changes in 10243 8 to 10, 128 to 0
06-23 19:08:52.300  1909  1933 I ActivityManager: Killing 29730:com.skt.skaf.OA00018282/u0a104 (adj 905): empty #25
06-23 19:08:53.230  1909  4342 I ActivityManager: Changes in 10056 19 to 8, 0 to 128
06-23 19:08:54.615  1909  2187 I ActivityManager: Changes in 10257 8 to 10, 128 to 0
06-23 19:08:54.616  1909  2187 I ActivityManager: Changes in 10115 8 to 10, 128 to 0
06-23 19:08:54.616  1909  2187 I ActivityManager: Changes in 10056 8 to 10, 128 to 0
06-23 19:08:54.626  1909  4338 I ActivityManager: Killing 32376:com.samsung.android.kmxservice:AiPrivacy/u0a89 (adj 905): empty #25
06-23 19:08:54.627  1909  4338 I ActivityManager: Killing 31504:com.android.vending:background/u0a251 (adj 905): empty #26
06-23 19:08:54.697  1909  2187 I ActivityManager: Changes in 10257 19 to 8, 0 to 128
06-23 19:08:54.697  1909  2187 I ActivityManager: Changes in 10115 19 to 8, 0 to 128
06-23 19:08:54.697  1909  2187 I ActivityManager: Changes in 10056 19 to 8, 0 to 128
06-23 19:08:55.315  1909  2187 I ActivityManager: Changes in 10257 8 to 10, 128 to 0
06-23 19:08:55.315  1909  2187 I ActivityManager: Changes in 10115 8 to 10, 128 to 0
06-23 19:08:55.315  1909  2187 I ActivityManager: Changes in 10056 8 to 10, 128 to 0
06-23 19:08:55.325  1909  2187 I ActivityManager: Changes in 10257 19 to 8, 0 to 128
06-23 19:08:55.325  1909  2187 I ActivityManager: Changes in 10115 19 to 8, 0 to 128
06-23 19:08:55.325  1909  2187 I ActivityManager: Changes in 10056 19 to 8, 0 to 128
06-23 19:08:55.790  1909  1973 I ActivityManager: Start proc 4232:com.samsung.android.scs/u0a116 for service {com.samsung.android.scs/androidx.work.impl.background.systemjob.SystemJobService}
06-23 19:08:55.790  1909  1973 I ActivityManager: ProcessObserver broadcast disabled
06-23 19:08:55.953  1909  4211 I ActivityManager: Changes in 10116 19 to 8, 0 to 128
06-23 19:08:56.065  1909  2187 I ActivityManager: Changes in 10257 8 to 10, 128 to 0
06-23 19:08:56.065  1909  2187 I ActivityManager: Changes in 10115 8 to 10, 128 to 0
06-23 19:08:56.065  1909  2187 I ActivityManager: Changes in 10056 8 to 10, 128 to 0
06-23 19:08:56.086  1909  4226 I ActivityManager: Changes in 10115 19 to 8, 0 to 128
06-23 19:08:56.087  1909  4226 I ActivityManager: Changes in 10056 19 to 8, 0 to 128
06-23 19:08:56.313  1909  2870 I ActivityManager: Changes in 10115 8 to 5, 128 to 144
06-23 19:08:56.314  1909  2870 I ActivityManager: Changes in 10056 8 to 5, 128 to 144
06-23 19:08:56.335  1909  2870 I ActivityManager: Changes in 10116 8 to 10, 128 to 0
06-23 19:08:56.346  1909  1973 I ActivityManager: Start proc 4285:com.samsung.android.calendar/u0a222 for content provider {com.samsung.android.calendar/com.samsung.android.app.calendar.model.settings.provider.PreferenceProvider}
06-23 19:08:56.346  1909  1973 I ActivityManager: ProcessObserver broadcast disabled
06-23 19:08:56.591  1909  4226 I ActivityManager: Changes in 10222 19 to 5, 0 to 144
06-23 19:08:56.608  1909  1973 I ActivityManager: Start proc 4302:com.samsung.android.app.reminder/u0a224 for content provider {com.samsung.android.app.reminder/com.samsung.android.app.reminder.data.provider.ReminderProvider}
06-23 19:08:56.608  1909  1973 I ActivityManager: ProcessObserver broadcast disabled
06-23 19:08:56.877  1909  2870 I ActivityManager: Changes in 10224 19 to 5, 0 to 144
06-23 19:08:57.048  1909  4407 I ActivityManager: Changes in 10116 19 to 8, 0 to 128
06-23 19:08:57.175  1909  4407 I ActivityManager: Changes in 10116 8 to 10, 128 to 0
06-23 19:08:57.597  1909  1971 I ActivityManager: Changes in 10055 5 to 15, 144 to 0
06-23 19:08:58.231  1909  1973 I ActivityManager: Start proc 4399:com.samsung.android.stickercenter/1000 for content provider {com.samsung.android.stickercenter/com.samsung.android.stickercenter.service.StickerProvider}
06-23 19:08:58.231  1909  1973 I ActivityManager: ProcessObserver broadcast disabled
06-23 19:08:59.277  1909  1971 I ActivityManager: Changes in 10056 5 to 15, 144 to 0
06-23 19:09:00.131  1909  4211 I ActivityManager: Changes in 5009 19 to 5, 0 to 144
06-23 19:09:01.037  1909  1973 I ActivityManager: Start proc 4441:com.samsung.android.mobileservice/u0a119 for service {com.samsung.android.mobileservice/com.samsung.android.mobileservice.social.calendar.presentation.service.jobservice.ObserverJobService}
06-23 19:09:01.037  1909  1973 I ActivityManager: ProcessObserver broadcast disabled
06-23 19:09:01.193  1909  4407 I ActivityManager: Changes in 10119 19 to 8, 0 to 128
06-23 19:09:01.216  1909  4226 I ActivityManager: Changes in 10119 8 to 10, 128 to 0
06-23 19:09:02.596  1909  1971 I ActivityManager: Changes in 10224 5 to 15, 144 to 0
06-23 19:09:02.598  1909  1971 I ActivityManager: Changes in 10222 5 to 15, 144 to 0
06-23 19:09:02.598  1909  1971 I ActivityManager: Changes in 5009 5 to 15, 144 to 0
06-23 19:09:02.602  1909  1971 I ActivityManager: Changes in 10115 5 to 15, 144 to 0
06-23 19:09:02.904  1909  1971 I ActivityManager: Killing 32477:com.samsung.android.app.sharelive/5026 (adj 905): empty #25
06-23 19:09:04.383  1909  1971 I ActivityManager: Killing 26564:com.google.android.cellbroadcastreceiver/u0a296 (adj 905): empty #25
06-23 19:09:06.179  1909  1971 I ActivityManager: Killing 1219:com.google.android.googlequicksearchbox:search/u0a253 (adj 905): empty #25
06-23 19:09:17.598  1909  1972 I ActivityManager: Killing 1951:com.sec.android.app.shealth:remote/u0a328 (adj 905): empty #25
06-23 19:09:22.595  1909  1972 I ActivityManager: Killing 27641:com.samsung.android.privacydashboard/u0a107 (adj 905): empty #25
06-23 19:09:23.597  1909  1972 I ActivityManager: Killing 27570:com.samsung.android.game.gos/u0a76 (adj 905): empty #25
06-23 19:12:24.931  1909  2065 I ActivityManager: Changes in 5004 19 to 8, 0 to 128
06-23 19:12:24.939  1909  2187 I ActivityManager: Changes in 10257 19 to 8, 0 to 128
06-23 19:12:24.947  1909  2867 I ActivityManager: Changes in 10115 19 to 8, 0 to 128
06-23 19:12:24.953  1909  4338 I ActivityManager: Changes in 5004 8 to 10, 128 to 0
06-23 19:12:24.955  1909  4340 I ActivityManager: Changes in 99215 19 to 5, 0 to 184
06-23 19:12:25.866  1909  2187 I ActivityManager: Changes in 10257 8 to 10, 128 to 0
06-23 19:12:25.866  1909  2187 I ActivityManager: Changes in 10115 8 to 10, 128 to 0
06-23 19:12:25.883  1909  2187 I ActivityManager: Changes in 10257 19 to 8, 0 to 128
06-23 19:12:25.884  1909  2187 I ActivityManager: Changes in 10115 19 to 8, 0 to 128
06-23 19:12:26.562  1909  2187 I ActivityManager: Changes in 10257 8 to 10, 128 to 0
06-23 19:12:26.563  1909  2187 I ActivityManager: Changes in 10115 8 to 10, 128 to 0
06-23 19:12:26.984  1909  2065 I ActivityManager: Changes in 10116 19 to 8, 0 to 128
06-23 19:12:27.004  1909  4338 I ActivityManager: Changes in 10115 19 to 8, 0 to 128
06-23 19:12:27.074  1909  4340 I ActivityManager: Changes in 10116 8 to 10, 128 to 0
06-23 19:12:27.074  1909  4340 I ActivityManager: Changes in 10115 8 to 10, 128 to 0
06-23 19:12:27.486  1909  4338 I ActivityManager: Changes in 10115 19 to 5, 0 to 144
06-23 19:12:27.498  1909  4338 I ActivityManager: Changes in 10222 19 to 5, 0 to 144
06-23 19:12:28.526  1909  4340 I ActivityManager: Changes in 10224 19 to 5, 0 to 144
06-23 19:12:31.480  1909  2065 I ActivityManager: Changes in 10119 19 to 8, 0 to 128
06-23 19:12:31.548  1909  2870 I ActivityManager: Changes in 10119 8 to 10, 128 to 0
06-23 19:12:33.510  1909  1971 I ActivityManager: Changes in 10224 5 to 15, 144 to 0
06-23 19:12:33.510  1909  1971 I ActivityManager: Changes in 10222 5 to 15, 144 to 0
06-23 19:12:33.512  1909  1971 I ActivityManager: Changes in 10115 5 to 15, 144 to 0
06-23 19:12:39.999  1909  2867 I ActivityManager: Changes in 99215 5 to 10, 184 to 0
06-23 19:12:47.022  1909  1972 I ActivityManager: Changes in 10096 19 to 11, 0 to 128
06-23 19:12:47.043  1909  2870 I ActivityManager: Changes in 99215 19 to 5, 0 to 184
06-23 19:12:57.026  1909  2065 I ActivityManager: Changes in 10096 19 to 19, 128 to 0
06-23 19:13:02.108  1909  4340 I ActivityManager: Changes in 99215 5 to 10, 184 to 0
06-23 19:14:22.800  1909  1973 I ActivityManager: Start proc 4704:com.google.android.cellbroadcastreceiver/u0a296 for broadcast {com.google.android.cellbroadcastreceiver/com.android.cellbroadcastreceiver.CellBroadcastReceiver}
06-23 19:14:22.800  1909  1973 I ActivityManager: ProcessObserver broadcast disabled
06-23 19:14:22.948  1909  4340 I ActivityManager: Changes in 10296 19 to 11, 0 to 128
06-23 19:14:22.972  1909  4340 I ActivityManager: Killing 3720:com.samsung.android.app.telephonyui/1001 (adj 905): empty #25
06-23 19:14:22.973  1909  4340 I ActivityManager: Changes in 10296 11 to 19, 128 to 0
06-23 19:14:23.972  1909  1972 I ActivityManager: Changes in 10296 19 to 11, 0 to 128
06-23 19:14:23.981  1909  2867 I ActivityManager: Changes in 10296 11 to 19, 128 to 0
06-23 19:16:37.839  1909  1972 I ActivityManager: Changes in 10096 19 to 11, 0 to 128
06-23 19:16:37.844  1909  2867 I ActivityManager: Changes in 10096 11 to 19, 128 to 0
06-23 19:18:48.303  1909  2867 I ActivityManager: Changes in 99215 19 to 5, 0 to 184
06-23 19:18:48.354  1909  1973 I ActivityManager: Start proc 4824:com.google.android.googlequicksearchbox:search/u0a253 for broadcast {com.google.android.googlequicksearchbox/com.google.android.libraries.search.gcm.search.SearchProcessGcmBroadcastReceiver_Receiver}
06-23 19:18:48.354  1909  1973 I ActivityManager: ProcessObserver broadcast disabled
06-23 19:19:00.540  1909  1972 I ActivityManager: Changes in 10296 19 to 11, 0 to 128
06-23 19:19:00.546  1909  4343 I ActivityManager: Changes in 10296 11 to 19, 128 to 0
06-23 19:19:01.714  1909  1972 I ActivityManager: Changes in 10296 19 to 11, 0 to 128
06-23 19:19:01.722  1909  4343 I ActivityManager: Changes in 10296 11 to 19, 128 to 0
06-23 19:19:03.314  1909  4338 I ActivityManager: Changes in 99215 5 to 10, 184 to 0
06-23 19:19:03.317  1909  4343 I ActivityManager: Killing 2563:com.samsung.android.privateaccesstokens/u0a198 (adj 905): empty #25
06-23 19:19:03.354  1909  4343 W ActivityManager: Scheduling restart of crashed service com.samsung.android.privateaccesstokens/.components.services.PATService in 1000ms for connection
06-23 19:19:04.373  1909  1973 I ActivityManager: Start proc 4870:com.samsung.android.privateaccesstokens/u0a198 for service {com.samsung.android.privateaccesstokens/com.samsung.android.privateaccesstokens.components.services.PATService}
06-23 19:19:04.373  1909  1973 I ActivityManager: ProcessObserver broadcast disabled
06-23 19:19:04.505  1909  2867 I ActivityManager: Killing 2439:com.samsung.aasaservice/1000 (adj 905): empty #25
06-23 19:20:11.911  1909  1972 I ActivityManager: Changes in 10096 19 to 11, 0 to 128
06-23 19:20:11.914  1909  4340 I ActivityManager: Changes in 10096 11 to 19, 128 to 0
06-23 19:20:11.929  1909  2065 I ActivityManager: Changes in 10095 19 to 8, 0 to 128
06-23 19:20:11.940  1909  1973 I ActivityManager: Start proc 4914:com.samsung.faceservice/5004 for service {com.samsung.faceservice/androidx.work.impl.background.systemjob.SystemJobService}
06-23 19:20:11.940  1909  1973 I ActivityManager: ProcessObserver broadcast disabled
06-23 19:20:11.947  1909  2867 I ActivityManager: Changes in 10095 8 to 10, 128 to 0
06-23 19:20:12.129  1909  2867 I ActivityManager: Changes in 5004 19 to 8, 0 to 128
06-23 19:20:12.173  1909  4340 I ActivityManager: Changes in 5004 8 to 10, 128 to 0
06-23 19:20:12.177  1909  2870 I ActivityManager: Killing 25346:com.samsung.android.dqagent/1000 (adj 905): empty #25
06-23 19:20:40.210  1909  1973 I ActivityManager: Start proc 4943:com.samsung.android.privacydashboard/u0a107 for content provider {com.samsung.android.privacydashboard/com.samsung.android.privacydashboard.provider.PermissionAccessInformationContentProvider}
06-23 19:20:40.210  1909  1973 I ActivityManager: ProcessObserver broadcast disabled
06-23 19:20:40.323  1909  4407 I ActivityManager: Changes in 10107 19 to 5, 0 to 144
06-23 19:20:46.436  1909  1971 I ActivityManager: Changes in 10107 5 to 15, 144 to 0
06-23 19:21:06.440  1909  1972 I ActivityManager: Killing 3820:com.samsung.sait.sohservice/1000 (adj 905): empty #25
06-23 19:23:51.812  1909  2065 I ActivityManager: Changes in 10248 19 to 8, 0 to 128
06-23 19:23:51.867  1909  2870 I ActivityManager: Changes in 10248 8 to 10, 128 to 0
06-23 19:23:51.934  1909  2065 I ActivityManager: Changes in 10099 19 to 8, 0 to 128
06-23 19:23:51.977  1909  4407 I ActivityManager: Changes in 10099 8 to 10, 128 to 0
06-23 19:24:08.532  1909  2065 I ActivityManager: Changes in 5004 19 to 8, 0 to 128
06-23 19:24:08.543  1909  4407 I ActivityManager: Changes in 5004 8 to 10, 128 to 0
06-23 19:25:06.005  1909  1972 I ActivityManager: Changes in 10099 19 to 11, 0 to 128
06-23 19:25:06.074  1909  1973 I ActivityManager: Start proc 5086:com.skt.skaf.OA00018282/u0a104 for content provider {com.skt.skaf.OA00018282/com.onestore.utils.ApiContentProvider}
06-23 19:25:06.074  1909  1973 I ActivityManager: ProcessObserver broadcast disabled
06-23 19:25:07.289  1909  2867 I ActivityManager: Changes in 99215 19 to 8, 0 to 128
06-23 19:25:07.289  1909  2867 I ActivityManager: Changes in 10104 19 to 8, 0 to 128
06-23 19:25:07.453  1909  4407 I ActivityManager: Killing 3995:com.sec.android.provider.badge/u0a55 (adj 905): empty #25
06-23 19:25:12.309  1909  1971 I ActivityManager: Changes in 99215 19 to 19, 128 to 0
06-23 19:25:12.309  1909  1971 I ActivityManager: Changes in 10104 19 to 19, 128 to 0
06-23 19:25:16.015  1909  2065 I ActivityManager: Changes in 10099 19 to 19, 128 to 0
06-23 19:32:47.028  1909  1972 I ActivityManager: Changes in 10096 19 to 11, 0 to 128
06-23 19:32:47.049  1909  4338 I ActivityManager: Changes in 99215 19 to 5, 0 to 184
06-23 19:32:57.046  1909  2065 I ActivityManager: Changes in 10096 19 to 19, 128 to 0
06-23 19:33:02.109  1909  2870 I ActivityManager: Changes in 99215 5 to 10, 184 to 0
06-23 19:35:27.214  1909  1973 I ActivityManager: Start proc 5351:com.ss.android.ugc.trill/u0a388 for broadcast {com.ss.android.ugc.trill/com.google.firebase.iid.FirebaseInstanceIdReceiver}
06-23 19:35:27.215  1909  1973 I ActivityManager: ProcessObserver broadcast disabled
06-23 19:35:27.903  1909  4340 I ActivityManager: Changes in 10388 19 to 11, 0 to 128
06-23 19:35:27.931  1909  4340 I ActivityManager: Killing 4031:com.google.android.apps.turbo:aab/u0a250 (adj 905): empty #25
06-23 19:35:28.036  1909  4225 I ActivityManager: Changes in 99215 19 to 10, 0 to 128
06-23 19:35:28.059  1909  4340 I ActivityManager: Changes in 99215 10 to 10, 128 to 0
06-23 19:35:28.091  1909  1973 I ActivityManager: Start proc 5486:com.sec.android.provider.badge/u0a55 for broadcast {com.sec.android.provider.badge/com.sec.android.provider.badge.BadgeCountReceiver}
06-23 19:35:28.091  1909  1973 I ActivityManager: ProcessObserver broadcast disabled
06-23 19:35:28.192  1909  2867 I ActivityManager: Changes in 10055 19 to 11, 0 to 128
06-23 19:35:28.244  1909  2867 I ActivityManager: Changes in 10055 11 to 5, 128 to 144
06-23 19:35:34.276  1909  1971 I ActivityManager: Changes in 10055 5 to 15, 144 to 0
06-23 19:35:38.190  1909  4340 I ActivityManager: Changes in 10251 19 to 19, 0 to 128
06-23 19:35:38.734  1909  2867 I ActivityManager: Changes in 10251 19 to 10, 128 to 0
06-23 19:35:47.919  1909  2065 I ActivityManager: Changes in 10388 19 to 19, 128 to 0
06-23 19:35:54.281  1909  1972 I ActivityManager: Killing 4027:com.google.android.partnersetup/u0a243 (adj 905): empty #25
06-23 19:37:32.131  1909  1972 I ActivityManager: Changes in 10108 10 to 10, 0 to 128
06-23 19:37:32.138  1909  2224 I ActivityManager: Changes in 10108 10 to 10, 128 to 0
06-23 19:37:32.144  1909  1972 I ActivityManager: Changes in 10096 19 to 11, 0 to 128
06-23 19:37:32.150  1909  2870 I ActivityManager: Changes in 10096 11 to 19, 128 to 0
06-23 19:37:32.158  1909  2065 I ActivityManager: Changes in 10095 19 to 8, 0 to 128
06-23 19:37:32.170  1909  2224 I ActivityManager: Changes in 10095 8 to 10, 128 to 0
06-23 19:38:51.928  1909  2065 I ActivityManager: Changes in 10099 19 to 8, 0 to 128
06-23 19:38:51.933  1909  2065 I ActivityManager: Changes in 10248 19 to 8, 0 to 128
06-23 19:38:51.948  1909  4343 I ActivityManager: Changes in 10099 8 to 10, 128 to 0
06-23 19:38:51.975  1909  2065 I ActivityManager: Changes in 10099 19 to 8, 0 to 128
06-23 19:38:51.994  1909  4343 I ActivityManager: Changes in 10248 8 to 10, 128 to 0
06-23 19:38:52.022  1909  1935 I ActivityManager: Changes in 10099 8 to 10, 128 to 0
06-23 19:39:08.658  1909  2065 I ActivityManager: Changes in 5004 19 to 8, 0 to 128
06-23 19:39:08.670  1909  1935 I ActivityManager: Changes in 5004 8 to 10, 128 to 0
06-23 19:42:47.685 20789 20789 F libc    : Fatal signal 11 (SIGSEGV), code 1 (SEGV_MAPERR), fault addr 0x441bc00000000002 in tid 20789 (.arcfire.online), pid 20789 (.arcfire.online)
06-23 19:42:48.661  5861  5861 F DEBUG   : *** *** *** *** *** *** *** *** *** *** *** *** *** *** *** ***
06-23 19:42:48.662  5861  5861 F DEBUG   : Build fingerprint: 'samsung/a34xks/a34x:16/BP2A.250605.031.A3/A346NKSSEEZD4:user/release-keys'
06-23 19:42:48.662  5861  5861 F DEBUG   : Revision: '6'
06-23 19:42:48.662  5861  5861 F DEBUG   : ABI: 'arm64'
06-23 19:42:48.662  5861  5861 F DEBUG   : Processor: '7'
06-23 19:42:48.662  5861  5861 F DEBUG   : Timestamp: 2026-06-23 19:42:47.846573471+0900
06-23 19:42:48.662  5861  5861 F DEBUG   : Process uptime: 17116s
06-23 19:42:48.662  5861  5861 F DEBUG   : Cmdline: com.arcfire.online
06-23 19:42:48.662  5861  5861 F DEBUG   : pid: 20789, tid: 20789, name: .arcfire.online  >>> com.arcfire.online <<<
06-23 19:42:48.662  5861  5861 F DEBUG   : uid: 11066
06-23 19:42:48.662  5861  5861 F DEBUG   : tagged_addr_ctrl: 0000000000000001 (PR_TAGGED_ADDR_ENABLE)
06-23 19:42:48.662  5861  5861 F DEBUG   : signal 11 (SIGSEGV), code 1 (SEGV_MAPERR), fault addr 0x441bc00000000002
06-23 19:42:48.662  5861  5861 F DEBUG   :     x0  0000007fee6153f8  x1  441bc00000000002  x2  0000000000000000  x3  000000783f918964
06-23 19:42:48.662  5861  5861 F DEBUG   :     x4  00000076a9800000  x5  00000076a9ba5bb8  x6  676e756f59204347  x7  6e654720676e756f
06-23 19:42:48.662  5861  5861 F DEBUG   :     x8  000000783f9cc6c0  x9  000000000218fa80  x10 441bc00000000082  x11 0000000000001d0d
06-23 19:42:48.662  5861  5861 F DEBUG   :     x12 0000000000144394  x13 000000007fffffff  x14 0000000023ee8ab6  x15 000010c46f0b8787
06-23 19:42:48.662  5861  5861 F DEBUG   :     x16 000000783f9ceb20  x17 0000007c58ac7c80  x18 0000007c74890000  x19 0000007fee615370
06-23 19:42:48.662  5861  5861 F DEBUG   :     x20 0000007fee617740  x21 441bc00000000002  x22 00000000026457c0  x23 000000037eededa0
06-23 19:42:48.662  5861  5861 F DEBUG   :     x24 441bc00000000082  x25 00000076a9002528  x26 0000007c74341700  x27 0000000000000000
06-23 19:42:48.662  5861  5861 F DEBUG   :     x28 00000000003eb000  x29 0000007fee615270
06-23 19:42:48.662  5861  5861 F DEBUG   :     lr  000000783f8726f8  sp  0000007fee615270  pc  000000783f9186a0  pst 0000000080001000
06-23 19:42:48.662  5861  5861 F DEBUG   : 117 total frames
06-23 19:42:48.662  5861  5861 F DEBUG   : backtrace:
06-23 19:42:48.662  5861  5861 F DEBUG   :       #00 pc 000000000014d6a0  /data/app/~~SEn0oC_rZtrSzFsGUHaxkQ==/com.arcfire.online-HZzdu_4T8-8GudUVUzaSpg==/base.apk!libhermes.so (offset 0x122e000) (BuildId: 86f5d3fe3822a585f13315932b890fa3aca87d19)
06-23 19:42:48.662  5861  5861 F DEBUG   :       #01 pc 00000000000a76f4  /data/app/~~SEn0oC_rZtrSzFsGUHaxkQ==/com.arcfire.online-HZzdu_4T8-8GudUVUzaSpg==/base.apk!libhermes.so (offset 0x122e000) (BuildId: 86f5d3fe3822a585f13315932b890fa3aca87d19)
06-23 19:42:48.662  5861  5861 F DEBUG   :       #02 pc 00000000000a767c  /data/app/~~SEn0oC_rZtrSzFsGUHaxkQ==/com.arcfire.online-HZzdu_4T8-8GudUVUzaSpg==/base.apk!libhermes.so (offset 0x122e000) (BuildId: 86f5d3fe3822a585f13315932b890fa3aca87d19)
06-23 19:42:48.662  5861  5861 F DEBUG   :       #03 pc 00000000000e01e0  /data/app/~~SEn0oC_rZtrSzFsGUHaxkQ==/com.arcfire.online-HZzdu_4T8-8GudUVUzaSpg==/base.apk!libhermes.so (offset 0x122e000) (BuildId: 86f5d3fe3822a585f13315932b890fa3aca87d19)
06-23 19:42:48.662  5861  5861 F DEBUG   :       #04 pc 000000000014a060  /data/app/~~SEn0oC_rZtrSzFsGUHaxkQ==/com.arcfire.online-HZzdu_4T8-8GudUVUzaSpg==/base.apk!libhermes.so (offset 0x122e000) (BuildId: 86f5d3fe3822a585f13315932b890fa3aca87d19)
06-23 19:42:48.662  5861  5861 F DEBUG   :       #05 pc 0000000000147158  /data/app/~~SEn0oC_rZtrSzFsGUHaxkQ==/com.arcfire.online-HZzdu_4T8-8GudUVUzaSpg==/base.apk!libhermes.so (offset 0x122e000) (BuildId: 86f5d3fe3822a585f13315932b890fa3aca87d19)
06-23 19:42:48.662  5861  5861 F DEBUG   :       #06 pc 0000000000149808  /data/app/~~SEn0oC_rZtrSzFsGUHaxkQ==/com.arcfire.online-HZzdu_4T8-8GudUVUzaSpg==/base.apk!libhermes.so (offset 0x122e000) (BuildId: 86f5d3fe3822a585f13315932b890fa3aca87d19)
06-23 19:42:48.662  5861  5861 F DEBUG   :       #07 pc 00000000000bf124  /data/app/~~SEn0oC_rZtrSzFsGUHaxkQ==/com.arcfire.online-HZzdu_4T8-8GudUVUzaSpg==/base.apk!libhermes.so (offset 0x122e000) (BuildId: 86f5d3fe3822a585f13315932b890fa3aca87d19)
06-23 19:42:48.662  5861  5861 F DEBUG   :       #08 pc 00000000000c410c  /data/app/~~SEn0oC_rZtrSzFsGUHaxkQ==/com.arcfire.online-HZzdu_4T8-8GudUVUzaSpg==/base.apk!libhermes.so (offset 0x122e000) (BuildId: 86f5d3fe3822a585f13315932b890fa3aca87d19)
06-23 19:42:48.662  5861  5861 F DEBUG   :       #09 pc 00000000000c28c8  /data/app/~~SEn0oC_rZtrSzFsGUHaxkQ==/com.arcfire.online-HZzdu_4T8-8GudUVUzaSpg==/base.apk!libhermes.so (offset 0x122e000) (BuildId: 86f5d3fe3822a585f13315932b890fa3aca87d19)
06-23 19:42:48.662  5861  5861 F DEBUG   :       #10 pc 00000000000c3084  /data/app/~~SEn0oC_rZtrSzFsGUHaxkQ==/com.arcfire.online-HZzdu_4T8-8GudUVUzaSpg==/base.apk!libhermes.so (offset 0x122e000) (BuildId: 86f5d3fe3822a585f13315932b890fa3aca87d19)
06-23 19:42:48.662  5861  5861 F DEBUG   :       #11 pc 000000000008cad0  /data/app/~~SEn0oC_rZtrSzFsGUHaxkQ==/com.arcfire.online-HZzdu_4T8-8GudUVUzaSpg==/base.apk!libhermes.so (offset 0x122e000) (BuildId: 86f5d3fe3822a585f13315932b890fa3aca87d19)
06-23 19:42:48.662  5861  5861 F DEBUG   :       #12 pc 00000000000ab8a0  /data/app/~~SEn0oC_rZtrSzFsGUHaxkQ==/com.arcfire.online-HZzdu_4T8-8GudUVUzaSpg==/base.apk!libreanimated.so (offset 0x1bab000) (facebook::jsi::WithRuntimeDecorator<reanimated::AroundLock, facebook::jsi::Runtime, facebook::jsi::Runtime>::setPropertyValue(facebook::jsi::Object const&, facebook::jsi::String const&, facebook::jsi::Value const&)+88) (BuildId: 46cdad22725668141510151d95da88d7c5261256)
06-23 19:42:48.662  5861  5861 F DEBUG   :       #13 pc 000000000009b23c  /data/app/~~SEn0oC_rZtrSzFsGUHaxkQ==/com.arcfire.online-HZzdu_4T8-8GudUVUzaSpg==/base.apk!libreanimated.so (offset 0x1bab000) (void facebook::jsi::Object::setProperty<facebook::jsi::Value>(facebook::jsi::Runtime&, char const*, facebook::jsi::Value&&) const+112) (BuildId: 46cdad22725668141510151d95da88d7c5261256)
06-23 19:42:48.662  5861  5861 F DEBUG   :       #14 pc 00000000000b9e04  /data/app/~~SEn0oC_rZtrSzFsGUHaxkQ==/com.arcfire.online-HZzdu_4T8-8GudUVUzaSpg==/base.apk!libreanimated.so (offset 0x1bab000) (reanimated::ShareableObject::toJSValue(facebook::jsi::Runtime&)+176) (BuildId: 46cdad22725668141510151d95da88d7c5261256)
06-23 19:42:48.662  5861  5861 F DEBUG   :       #15 pc 00000000000ba35c  /data/app/~~SEn0oC_rZtrSzFsGUHaxkQ==/com.arcfire.online-HZzdu_4T8-8GudUVUzaSpg==/base.apk!libreanimated.so (offset 0x1bab000) (reanimated::ShareableWorklet::toJSValue(facebook::jsi::Runtime&)+44) (BuildId: 46cdad22725668141510151d95da88d7c5261256)
06-23 19:42:48.662  5861  5861 F DEBUG   :       #16 pc 00000000000b9dec  /data/app/~~SEn0oC_rZtrSzFsGUHaxkQ==/com.arcfire.online-HZzdu_4T8-8GudUVUzaSpg==/base.apk!libreanimated.so (offset 0x1bab000) (reanimated::ShareableObject::toJSValue(facebook::jsi::Runtime&)+152) (BuildId: 46cdad22725668141510151d95da88d7c5261256)
06-23 19:42:48.662  5861  5861 F DEBUG   :       #17 pc 00000000000b9dec  /data/app/~~SEn0oC_rZtrSzFsGUHaxkQ==/com.arcfire.online-HZzdu_4T8-8GudUVUzaSpg==/base.apk!libreanimated.so (offset 0x1bab000) (reanimated::ShareableObject::toJSValue(facebook::jsi::Runtime&)+152) (BuildId: 46cdad22725668141510151d95da88d7c5261256)
06-23 19:42:48.662  5861  5861 F DEBUG   :       #18 pc 00000000000ba35c  /data/app/~~SEn0oC_rZtrSzFsGUHaxkQ==/com.arcfire.online-HZzdu_4T8-8GudUVUzaSpg==/base.apk!libreanimated.so (offset 0x1bab000) (reanimated::ShareableWorklet::toJSValue(facebook::jsi::Runtime&)+44) (BuildId: 46cdad22725668141510151d95da88d7c5261256)
06-23 19:42:48.662  5861  5861 F DEBUG   :       #19 pc 00000000000b9dec  /data/app/~~SEn0oC_rZtrSzFsGUHaxkQ==/com.arcfire.online-HZzdu_4T8-8GudUVUzaSpg==/base.apk!libreanimated.so (offset 0x1bab000) (reanimated::ShareableObject::toJSValue(facebook::jsi::Runtime&)+152) (BuildId: 46cdad22725668141510151d95da88d7c5261256)
06-23 19:42:48.662  5861  5861 F DEBUG   :       #20 pc 00000000000b9dec  /data/app/~~SEn0oC_rZtrSzFsGUHaxkQ==/com.arcfire.online-HZzdu_4T8-8GudUVUzaSpg==/base.apk!libreanimated.so (offset 0x1bab000) (reanimated::ShareableObject::toJSValue(facebook::jsi::Runtime&)+152) (BuildId: 46cdad22725668141510151d95da88d7c5261256)
06-23 19:42:48.662  5861  5861 F DEBUG   :       #21 pc 00000000000ba35c  /data/app/~~SEn0oC_rZtrSzFsGUHaxkQ==/com.arcfire.online-HZzdu_4T8-8GudUVUzaSpg==/base.apk!libreanimated.so (offset 0x1bab000) (reanimated::ShareableWorklet::toJSValue(facebook::jsi::Runtime&)+44) (BuildId: 46cdad22725668141510151d95da88d7c5261256)
06-23 19:42:48.662  5861  5861 F DEBUG   :       #22 pc 00000000000cd50c  /data/app/~~SEn0oC_rZtrSzFsGUHaxkQ==/com.arcfire.online-HZzdu_4T8-8GudUVUzaSpg==/base.apk!libreanimated.so (offset 0x1bab000) (reanimated::WorkletEventHandler::process(std::__ndk1::shared_ptr<reanimated::WorkletRuntime> const&, double, facebook::jsi::Value const&) const+76) (BuildId: 46cdad22725668141510151d95da88d7c5261256)
06-23 19:42:48.662  5861  5861 F DEBUG   :       #23 pc 00000000000b55a4  /data/app/~~SEn0oC_rZtrSzFsGUHaxkQ==/com.arcfire.online-HZzdu_4T8-8GudUVUzaSpg==/base.apk!libreanimated.so (offset 0x1bab000) (reanimated::EventHandlerRegistry::processEvent(std::__ndk1::shared_ptr<reanimated::WorkletRuntime> const&, double, std::__ndk1::basic_string<char, std::__ndk1::char_traits<char>, std::__ndk1::allocator<char>> const&, int, facebook::jsi::Value const&)+856) (BuildId: 46cdad22725668141510151d95da88d7c5261256)
06-23 19:42:48.662  5861  5861 F DEBUG   :       #24 pc 00000000000994c8  /data/app/~~SEn0oC_rZtrSzFsGUHaxkQ==/com.arcfire.online-HZzdu_4T8-8GudUVUzaSpg==/base.apk!libreanimated.so (offset 0x1bab000) (reanimated::NativeReanimatedModule::handleEvent(std::__ndk1::basic_string<char, std::__ndk1::char_traits<char>, std::__ndk1::allocator<char>> const&, int, facebook::jsi::Value const&, double)+64) (BuildId: 46cdad22725668141510151d95da88d7c5261256)
06-23 19:42:48.662  5861  5861 F DEBUG   :       #25 pc 00000000000d8b84  /data/app/~~SEn0oC_rZtrSzFsGUHaxkQ==/com.arcfire.online-HZzdu_4T8-8GudUVUzaSpg==/base.apk!libreanimated.so (offset 0x1bab000) (reanimated::NativeProxy::handleEvent(facebook::jni::alias_ref<facebook::jni::JString>, int, facebook::jni::alias_ref<facebook::react::WritableMap>)+384) (BuildId: 46cdad22725668141510151d95da88d7c5261256)
06-23 19:42:48.662  5861  5861 F DEBUG   :       #26 pc 00000000000dd290  /data/app/~~SEn0oC_rZtrSzFsGUHaxkQ==/com.arcfire.online-HZzdu_4T8-8GudUVUzaSpg==/base.apk!libreanimated.so (offset 0x1bab000) (std::__ndk1::__function::__func<std::__ndk1::function<void (facebook::jni::alias_ref<facebook::jni::JString>, int, facebook::jni::alias_ref<facebook::react::WritableMap>)> reanimated::NativeProxy::bindThis<void, facebook::jni::alias_ref<facebook::jni::JString>, int, facebook::jni::alias_ref<facebook::react::WritableMap>>(void (reanimated::NativeProxy::*)(facebook::jni::alias_ref<facebook::jni::JString>, int, facebook::jni::alias_ref<facebook::react::WritableMap>))::'lambda'(facebook::jni::alias_ref<facebook::jni::JString>&&, int&&, facebook::jni::alias_ref<facebook::react::WritableMap>&&), std::__ndk1::allocator<std::__ndk1::function<void (facebook::jni::alias_ref<facebook::jni::JString>, int, facebook::jni::alias_ref<facebook::react::WritableMap>)> reanimated::NativeProxy::bindThis<void, facebook::jni::alias_ref<facebook::jni::JString>, int, facebook::jni::alias_ref<facebook::react::WritableMap>>(void (reanimated::NativeProxy::*)(facebook::jni::alias_ref<facebook::jni::JString>, int, facebook::jni::alias_ref<facebook::react::WritableMap>))::'lambda'(facebook::jni::alias_ref<facebook::jni::JString>&&, int&&, facebook::jni::alias_ref<facebook::react::WritableMap>&&)>, void (facebook::jni::alias_ref<facebook::jni::JString>, int, facebook::jni::alias_ref<facebook::react::WritableMap>)>::operator()(facebook::jni::alias_ref<facebook::jni::JString>&&, int&&, facebook::jni::alias_ref<facebook::react::WritableMap>&&)+76) (BuildId: 46cdad22725668141510151d95da88d7c5261256)
06-23 19:42:48.662  5861  5861 F DEBUG   :       #27 pc 00000000000e4c78  /data/app/~~SEn0oC_rZtrSzFsGUHaxkQ==/com.arcfire.online-HZzdu_4T8-8GudUVUzaSpg==/base.apk!libreanimated.so (offset 0x1bab000) (facebook::jni::detail::MethodWrapper<void (reanimated::EventHandler::*)(facebook::jni::alias_ref<facebook::jni::JString>, int, facebook::jni::alias_ref<facebook::react::WritableMap>), &reanimated::EventHandler::receiveEvent(facebook::jni::alias_ref<facebook::jni::JString>, int, facebook::jni::alias_ref<facebook::react::WritableMap>), reanimated::EventHandler, void, facebook::jni::alias_ref<facebook::jni::JString>, int, facebook::jni::alias_ref<facebook::react::WritableMap>>::dispatch(facebook::jni::alias_ref<facebook::jni::detail::JTypeFor<facebook::jni::HybridClass<reanimated::EventHandler, facebook::jni::detail::BaseHybridClass>::JavaPart, facebook::jni::JObject, void>::_javaobject*>, facebook::jni::alias_ref<facebook::jni::JString>&&, int&&, facebook::jni::alias_ref<facebook::react::WritableMap>&&)+124) (BuildId: 46cdad22725668141510151d95da88d7c5261256)
06-23 19:42:48.662  5861  5861 F DEBUG   :       #28 pc 00000000000e4b80  /data/app/~~SEn0oC_rZtrSzFsGUHaxkQ==/com.arcfire.online-HZzdu_4T8-8GudUVUzaSpg==/base.apk!libreanimated.so (offset 0x1bab000) (facebook::jni::detail::FunctionWrapper<void (*)(facebook::jni::alias_ref<facebook::jni::detail::JTypeFor<facebook::jni::HybridClass<reanimated::EventHandler, facebook::jni::detail::BaseHybridClass>::JavaPart, facebook::jni::JObject, void>::_javaobject*>, facebook::jni::alias_ref<facebook::jni::JString>&&, int&&, facebook::jni::alias_ref<facebook::react::WritableMap>&&), facebook::jni::detail::JTypeFor<facebook::jni::HybridClass<reanimated::EventHandler, facebook::jni::detail::BaseHybridClass>::JavaPart, facebook::jni::JObject, void>::_javaobject*, void, facebook::jni::alias_ref<facebook::jni::JString>, int, facebook::jni::alias_ref<facebook::react::WritableMap>>::call(_JNIEnv*, _jobject*, _jstring*, int, facebook::jni::detail::JTypeFor<facebook::react::WritableMap, facebook::jni::JObject, void>::_javaobject*, void (*)(facebook::jni::alias_ref<facebook::jni::detail::JTypeFor<facebook::jni::HybridClass<reanimated::EventHandler, facebook::jni::detail::BaseHybridClass>::JavaPart, facebook::jni::JObject, void>::_javaobject*>, facebook::jni::alias_ref<facebook::jni::JString>&&, int&&, facebook::jni::alias_ref<facebook::react::WritableMap>&&))+96) (BuildId: 46cdad22725668141510151d95da88d7c5261256)
06-23 19:42:48.662  5861  5861 F DEBUG   :       #29 pc 0000000000f55968  /data/misc/apexdata/com.android.art/dalvik-cache/arm64/boot.oat (art_jni_trampoline+136)
06-23 19:42:48.662  5861  5861 F DEBUG   :       #30 pc 00000000000f17a4  [anon_shmem:dalvik-jit-code-cache] (offset 0x2000000) (com.swmansion.reanimated.nativeProxy.EventHandler.receiveEvent+196)
06-23 19:42:48.662  5861  5861 F DEBUG   :       #31 pc 000000000004f99c  [anon_shmem:dalvik-jit-code-cache] (offset 0x2000000) (com.facebook.react.uimanager.events.Event.dispatch+236)
06-23 19:42:48.662  5861  5861 F DEBUG   :       #32 pc 0000000000079068  [anon_shmem:dalvik-jit-code-cache] (offset 0x2000000) (com.swmansion.reanimated.NodesManager.onEventDispatch+488)
06-23 19:42:48.662  5861  5861 F DEBUG   :       #33 pc 000000000072c8dc  /apex/com.android.art/lib64/libart.so (nterp_helper+2124) (BuildId: 1f156fc62660d075a8d675db850b95d5)
06-23 19:42:48.662  5861  5861 F DEBUG   :       #34 pc 0000000001222fd6  /data/app/~~SEn0oC_rZtrSzFsGUHaxkQ==/com.arcfire.online-HZzdu_4T8-8GudUVUzaSpg==/oat/arm64/base.vdex (com.swmansion.gesturehandler.ReanimatedEventDispatcher.sendEvent+74)
06-23 19:42:48.662  5861  5861 F DEBUG   :       #35 pc 000000000072c884  /apex/com.android.art/lib64/libart.so (nterp_helper+2036) (BuildId: 1f156fc62660d075a8d675db850b95d5)
06-23 19:42:48.662  5861  5861 F DEBUG   :       #36 pc 000000000122e072  /data/app/~~SEn0oC_rZtrSzFsGUHaxkQ==/com.arcfire.online-HZzdu_4T8-8GudUVUzaSpg==/oat/arm64/base.vdex (com.swmansion.gesturehandler.react.RNGestureHandlerModule.sendEventForReanimated+26)
06-23 19:42:48.662  5861  5861 F DEBUG   :       #37 pc 000000000072c884  /apex/com.android.art/lib64/libart.so (nterp_helper+2036) (BuildId: 1f156fc62660d075a8d675db850b95d5)
06-23 19:42:48.662  5861  5861 F DEBUG   :       #38 pc 000000000122dd38  /data/app/~~SEn0oC_rZtrSzFsGUHaxkQ==/com.arcfire.online-HZzdu_4T8-8GudUVUzaSpg==/oat/arm64/base.vdex (com.swmansion.gesturehandler.react.RNGestureHandlerModule.onHandlerUpdate+88)
06-23 19:42:48.662  5861  5861 F DEBUG   :       #39 pc 000000000072c884  /apex/com.android.art/lib64/libart.so (nterp_helper+2036) (BuildId: 1f156fc62660d075a8d675db850b95d5)
06-23 19:42:48.662  5861  5861 F DEBUG   :       #40 pc 000000000122d998  /data/app/~~SEn0oC_rZtrSzFsGUHaxkQ==/com.arcfire.online-HZzdu_4T8-8GudUVUzaSpg==/oat/arm64/base.vdex (com.swmansion.gesturehandler.react.RNGestureHandlerModule.access$onHandlerUpdate+0)
06-23 19:42:48.662  5861  5861 F DEBUG   :       #41 pc 0000000000728c6c  /apex/com.android.art/lib64/libart.so (nterp3_op_invoke_static+44) (BuildId: 1f156fc62660d075a8d675db850b95d5)
06-23 19:42:48.662  5861  5861 F DEBUG   :       #42 pc 000000000122d55c  /data/app/~~SEn0oC_rZtrSzFsGUHaxkQ==/com.arcfire.online-HZzdu_4T8-8GudUVUzaSpg==/oat/arm64/base.vdex (com.swmansion.gesturehandler.react.RNGestureHandlerModule$eventListener$1.onHandlerUpdate+24)
06-23 19:42:48.662  5861  5861 F DEBUG   :       #43 pc 000000000072c884  /apex/com.android.art/lib64/libart.so (nterp_helper+2036) (BuildId: 1f156fc62660d075a8d675db850b95d5)
06-23 19:42:48.663  5861  5861 F DEBUG   :       #44 pc 00000000012265fe  /data/app/~~SEn0oC_rZtrSzFsGUHaxkQ==/com.arcfire.online-HZzdu_4T8-8GudUVUzaSpg==/oat/arm64/base.vdex (com.swmansion.gesturehandler.core.GestureHandler.dispatchHandlerUpdate+26)
06-23 19:42:48.663  5861  5861 F DEBUG   :       #45 pc 000000000004fbcc  [anon_shmem:dalvik-jit-code-cache] (offset 0x2000000) (com.swmansion.gesturehandler.core.GestureHandlerOrchestrator.deliverEventToGestureHandler+460)
06-23 19:42:48.663  5861  5861 F DEBUG   :       #46 pc 0000000000089b20  [anon_shmem:dalvik-jit-code-cache] (offset 0x2000000) (com.swmansion.gesturehandler.core.GestureHandlerOrchestrator.deliverEventToGestureHandlers+464)
06-23 19:42:48.663  5861  5861 F DEBUG   :       #47 pc 00000000000efae0  [anon_shmem:dalvik-jit-code-cache] (offset 0x2000000) (com.swmansion.gesturehandler.core.GestureHandlerOrchestrator.onTouchEvent+208)
06-23 19:42:48.663  5861  5861 F DEBUG   :       #48 pc 00000000000f1cd4  [anon_shmem:dalvik-jit-code-cache] (offset 0x2000000) (com.swmansion.gesturehandler.react.RNGestureHandlerRootHelper.dispatchTouchEvent+132)
06-23 19:42:48.663  5861  5861 F DEBUG   :       #49 pc 00000000000f3354  [anon_shmem:dalvik-jit-code-cache] (offset 0x2000000) (com.swmansion.gesturehandler.react.RNGestureHandlerRootView.dispatchTouchEvent+132)
06-23 19:42:48.663  5861  5861 F DEBUG   :       #50 pc 0000000000b8b474  /data/misc/apexdata/com.android.art/dalvik-cache/arm64/boot.oat (android.view.ViewGroup.dispatchTransformedTouchEvent+724)
06-23 19:42:48.663  5861  5861 F DEBUG   :       #51 pc 0000000000b92864  /data/misc/apexdata/com.android.art/dalvik-cache/arm64/boot.oat (android.view.ViewGroup.dispatchTouchEvent+4500)
06-23 19:42:48.663  5861  5861 F DEBUG   :       #52 pc 0000000000b8b474  /data/misc/apexdata/com.android.art/dalvik-cache/arm64/boot.oat (android.view.ViewGroup.dispatchTransformedTouchEvent+724)
06-23 19:42:48.663  5861  5861 F DEBUG   :       #53 pc 0000000000b92864  /data/misc/apexdata/com.android.art/dalvik-cache/arm64/boot.oat (android.view.ViewGroup.dispatchTouchEvent+4500)
06-23 19:42:48.663  5861  5861 F DEBUG   :       #54 pc 0000000000b8b474  /data/misc/apexdata/com.android.art/dalvik-cache/arm64/boot.oat (android.view.ViewGroup.dispatchTransformedTouchEvent+724)
06-23 19:42:48.663  5861  5861 F DEBUG   :       #55 pc 0000000000b92864  /data/misc/apexdata/com.android.art/dalvik-cache/arm64/boot.oat (android.view.ViewGroup.dispatchTouchEvent+4500)
06-23 19:42:48.663  5861  5861 F DEBUG   :       #56 pc 0000000000b8b474  /data/misc/apexdata/com.android.art/dalvik-cache/arm64/boot.oat (android.view.ViewGroup.dispatchTransformedTouchEvent+724)
06-23 19:42:48.663  5861  5861 F DEBUG   :       #57 pc 0000000000b92864  /data/misc/apexdata/com.android.art/dalvik-cache/arm64/boot.oat (android.view.ViewGroup.dispatchTouchEvent+4500)
06-23 19:42:48.663  5861  5861 F DEBUG   :       #58 pc 0000000000b8b474  /data/misc/apexdata/com.android.art/dalvik-cache/arm64/boot.oat (android.view.ViewGroup.dispatchTransformedTouchEvent+724)
06-23 19:42:48.663  5861  5861 F DEBUG   :       #59 pc 0000000000b92864  /data/misc/apexdata/com.android.art/dalvik-cache/arm64/boot.oat (android.view.ViewGroup.dispatchTouchEvent+4500)
06-23 19:42:48.663  5861  5861 F DEBUG   :       #60 pc 0000000000b8b474  /data/misc/apexdata/com.android.art/dalvik-cache/arm64/boot.oat (android.view.ViewGroup.dispatchTransformedTouchEvent+724)
06-23 19:42:48.663  5861  5861 F DEBUG   :       #61 pc 0000000000b92864  /data/misc/apexdata/com.android.art/dalvik-cache/arm64/boot.oat (android.view.ViewGroup.dispatchTouchEvent+4500)
06-23 19:42:48.663  5861  5861 F DEBUG   :       #62 pc 0000000000b8b474  /data/misc/apexdata/com.android.art/dalvik-cache/arm64/boot.oat (android.view.ViewGroup.dispatchTransformedTouchEvent+724)
06-23 19:42:48.663  5861  5861 F DEBUG   :       #63 pc 0000000000b92864  /data/misc/apexdata/com.android.art/dalvik-cache/arm64/boot.oat (android.view.ViewGroup.dispatchTouchEvent+4500)
06-23 19:42:48.663  5861  5861 F DEBUG   :       #64 pc 0000000000d5705c  /data/misc/apexdata/com.android.art/dalvik-cache/arm64/boot.oat (com.android.internal.policy.DecorView.superDispatchTouchEvent+44)
06-23 19:42:48.663  5861  5861 F DEBUG   :       #65 pc 0000000000d622c0  /data/misc/apexdata/com.android.art/dalvik-cache/arm64/boot.oat (com.android.internal.policy.PhoneWindow.superDispatchTouchEvent+48)
06-23 19:42:48.663  5861  5861 F DEBUG   :       #66 pc 0000000000649e30  /data/misc/apexdata/com.android.art/dalvik-cache/arm64/boot.oat (android.app.Activity.dispatchTouchEvent+272)
06-23 19:42:48.663  5861  5861 F DEBUG   :       #67 pc 000000000072cb3c  /apex/com.android.art/lib64/libart.so (nterp_helper+2732) (BuildId: 1f156fc62660d075a8d675db850b95d5)
06-23 19:42:48.663  5861  5861 F DEBUG   :       #68 pc 000000000019cc46  /data/app/~~SEn0oC_rZtrSzFsGUHaxkQ==/com.arcfire.online-HZzdu_4T8-8GudUVUzaSpg==/oat/arm64/base.vdex (androidx.appcompat.view.WindowCallbackWrapper.dispatchTouchEvent+10)
06-23 19:42:48.663  5861  5861 F DEBUG   :       #69 pc 0000000000d52f48  /data/misc/apexdata/com.android.art/dalvik-cache/arm64/boot.oat (com.android.internal.policy.DecorView.dispatchTouchEvent+88)
06-23 19:42:48.663  5861  5861 F DEBUG   :       #70 pc 0000000000bbbf3c  /data/misc/apexdata/com.android.art/dalvik-cache/arm64/boot.oat (android.view.ViewRootImpl$ViewPostImeInputStage.processPointerEvent+940)
06-23 19:42:48.663  5861  5861 F DEBUG   :       #71 pc 0000000000bbc858  /data/misc/apexdata/com.android.art/dalvik-cache/arm64/boot.oat (android.view.ViewRootImpl$ViewPostImeInputStage.onProcess+136)
06-23 19:42:48.663  5861  5861 F DEBUG   :       #72 pc 0000000000bb7518  /data/misc/apexdata/com.android.art/dalvik-cache/arm64/boot.oat (android.view.ViewRootImpl$InputStage.deliver+152)
06-23 19:42:48.663  5861  5861 F DEBUG   :       #73 pc 0000000000bb77d0  /data/misc/apexdata/com.android.art/dalvik-cache/arm64/boot.oat (android.view.ViewRootImpl$InputStage.onDeliverToNext+336)
06-23 19:42:48.663  5861  5861 F DEBUG   :       #74 pc 0000000000bb8378  /data/misc/apexdata/com.android.art/dalvik-cache/arm64/boot.oat (android.view.ViewRootImpl$AsyncInputStage.forward+72)
06-23 19:42:48.663  5861  5861 F DEBUG   :       #75 pc 0000000000bb73b0  /data/misc/apexdata/com.android.art/dalvik-cache/arm64/boot.oat (android.view.ViewRootImpl$InputStage.apply+48)
06-23 19:42:48.663  5861  5861 F DEBUG   :       #76 pc 0000000000bb8238  /data/misc/apexdata/com.android.art/dalvik-cache/arm64/boot.oat (android.view.ViewRootImpl$AsyncInputStage.apply+88)
06-23 19:42:48.663  5861  5861 F DEBUG   :       #77 pc 0000000000bb7594  /data/misc/apexdata/com.android.art/dalvik-cache/arm64/boot.oat (android.view.ViewRootImpl$InputStage.deliver+276)
06-23 19:42:48.663  5861  5861 F DEBUG   :       #78 pc 0000000000bb77d0  /data/misc/apexdata/com.android.art/dalvik-cache/arm64/boot.oat (android.view.ViewRootImpl$InputStage.onDeliverToNext+336)
06-23 19:42:48.663  5861  5861 F DEBUG   :       #79 pc 0000000000bb765c  /data/misc/apexdata/com.android.art/dalvik-cache/arm64/boot.oat (android.view.ViewRootImpl$InputStage.forward+44)
06-23 19:42:48.663  5861  5861 F DEBUG   :       #80 pc 0000000000bb73b0  /data/misc/apexdata/com.android.art/dalvik-cache/arm64/boot.oat (android.view.ViewRootImpl$InputStage.apply+48)
06-23 19:42:48.663  5861  5861 F DEBUG   :       #81 pc 0000000000bb7594  /data/misc/apexdata/com.android.art/dalvik-cache/arm64/boot.oat (android.view.ViewRootImpl$InputStage.deliver+276)
06-23 19:42:48.663  5861  5861 F DEBUG   :       #82 pc 0000000000bc3c7c  /data/misc/apexdata/com.android.art/dalvik-cache/arm64/boot.oat (android.view.ViewRootImpl.deliverInputEvent+2236)
06-23 19:42:48.663  5861  5861 F DEBUG   :       #83 pc 0000000000bdcb74  /data/misc/apexdata/com.android.art/dalvik-cache/arm64/boot.oat (android.view.ViewRootImpl.doProcessInputEvents+388)
06-23 19:42:48.663  5861  5861 F DEBUG   :       #84 pc 0000000000bdd1b4  /data/misc/apexdata/com.android.art/dalvik-cache/arm64/boot.oat (android.view.ViewRootImpl.enqueueInputEvent+1156)
06-23 19:42:48.663  5861  5861 F DEBUG   :       #85 pc 0000000000be0edc  /data/misc/apexdata/com.android.art/dalvik-cache/arm64/boot.oat (android.view.ViewRootImpl.processRawInputEvent+1612)
06-23 19:42:48.663  5861  5861 F DEBUG   :       #86 pc 0000000000bbfaa4  /data/misc/apexdata/com.android.art/dalvik-cache/arm64/boot.oat (android.view.ViewRootImpl$WindowInputEventReceiver.onInputEvent+52)
06-23 19:42:48.663  5861  5861 F DEBUG   :       #87 pc 0000000000b1e0cc  /data/misc/apexdata/com.android.art/dalvik-cache/arm64/boot.oat (android.view.InputEventReceiver.dispatchInputEvent+332)
06-23 19:42:48.663  5861  5861 F DEBUG   :       #88 pc 0000000000298f94  /apex/com.android.art/lib64/libart.so (art_quick_invoke_stub+612) (BuildId: 1f156fc62660d075a8d675db850b95d5)
06-23 19:42:48.663  5861  5861 F DEBUG   :       #89 pc 0000000000295dc8  /apex/com.android.art/lib64/libart.so (art::JValue art::InvokeVirtualOrInterfaceWithVarArgs<_jmethodID*>(art::ScopedObjectAccessAlreadyRunnable const&, _jobject*, _jmethodID*, std::__va_list)+888) (BuildId: 1f156fc62660d075a8d675db850b95d5)
06-23 19:42:48.663  5861  5861 F DEBUG   :       #90 pc 0000000000675e80  /apex/com.android.art/lib64/libart.so (art::JNI<false>::CallVoidMethodV(_JNIEnv*, _jobject*, _jmethodID*, std::__va_list)+276) (BuildId: 1f156fc62660d075a8d675db850b95d5)
06-23 19:42:48.663  5861  5861 F DEBUG   :       #91 pc 00000000000ff688  /system/lib64/libandroid_runtime.so (_JNIEnv::CallVoidMethod(_jobject*, _jmethodID*, ...)+120) (BuildId: bfd0efa3956dfcd7e6ecd6111b4dd10d)
06-23 19:42:48.663  5861  5861 F DEBUG   :       #92 pc 00000000001aaa90  /system/lib64/libandroid_runtime.so (android::NativeInputEventReceiver::consumeEvents(_JNIEnv*, bool, long, bool*)+384) (BuildId: bfd0efa3956dfcd7e6ecd6111b4dd10d)
06-23 19:42:48.663  5861  5861 F DEBUG   :       #93 pc 00000000001ac630  /system/lib64/libandroid_runtime.so (android::nativeConsumeBatchedInputEvents(_JNIEnv*, _jclass*, long, long)+96) (BuildId: bfd0efa3956dfcd7e6ecd6111b4dd10d)
06-23 19:42:48.663  5861  5861 F DEBUG   :       #94 pc 0000000000f3b42c  /data/misc/apexdata/com.android.art/dalvik-cache/arm64/boot.oat (art_jni_trampoline+108)
06-23 19:42:48.663  5861  5861 F DEBUG   :       #95 pc 0000000000b1e844  /data/misc/apexdata/com.android.art/dalvik-cache/arm64/boot.oat (android.view.InputEventReceiver.consumeBatchedInputEvents+164)
06-23 19:42:48.663  5861  5861 F DEBUG   :       #96 pc 0000000000bb863c  /data/misc/apexdata/com.android.art/dalvik-cache/arm64/boot.oat (android.view.ViewRootImpl$ConsumeBatchedInputRunnable.run+188)
06-23 19:42:48.663  5861  5861 F DEBUG   :       #97 pc 0000000000b21cac  /data/misc/apexdata/com.android.art/dalvik-cache/arm64/boot.oat (android.view.Choreographer.doCallbacks+988)
06-23 19:42:48.663  5861  5861 F DEBUG   :       #98 pc 0000000000b22a28  /data/misc/apexdata/com.android.art/dalvik-cache/arm64/boot.oat (android.view.Choreographer.doFrame+2344)
06-23 19:42:48.663  5861  5861 F DEBUG   :       #99 pc 0000000000b20364  /data/misc/apexdata/com.android.art/dalvik-cache/arm64/boot.oat (android.view.Choreographer$FrameDisplayEventReceiver.run+68)
06-23 19:42:48.663  5861  5861 F DEBUG   :       #100 pc 0000000000972264  /data/misc/apexdata/com.android.art/dalvik-cache/arm64/boot.oat (android.os.Handler.dispatchMessage+68)
06-23 19:42:48.663  5861  5861 F DEBUG   :       #101 pc 00000000009c3500  /data/misc/apexdata/com.android.art/dalvik-cache/arm64/boot.oat (android.os.Looper.loopOnce+1952)
06-23 19:42:48.663  5861  5861 F DEBUG   :       #102 pc 00000000009c2ce4  /data/misc/apexdata/com.android.art/dalvik-cache/arm64/boot.oat (android.os.Looper.loop+244)
06-23 19:42:48.663  5861  5861 F DEBUG   :       #103 pc 00000000006a6778  /data/misc/apexdata/com.android.art/dalvik-cache/arm64/boot.oat (android.app.ActivityThread.main+1544)
06-23 19:42:48.663  5861  5861 F DEBUG   :       #104 pc 0000000000299260  /apex/com.android.art/lib64/libart.so (art_quick_invoke_static_stub+640) (BuildId: 1f156fc62660d075a8d675db850b95d5)
06-23 19:42:48.663  5861  5861 F DEBUG   :       #105 pc 000000000028a194  /apex/com.android.art/lib64/libart.so (_jobject* art::InvokeMethod<(art::PointerSize)8>(art::ScopedObjectAccessAlreadyRunnable const&, _jobject*, _jobject*, _jobject*, unsigned long)+552) (BuildId: 1f156fc62660d075a8d675db850b95d5)
06-23 19:42:48.663  5861  5861 F DEBUG   :       #106 pc 00000000006334c8  /apex/com.android.art/lib64/libart.so (art::Method_invoke(_JNIEnv*, _jobject*, _jobject*, _jobjectArray*) (.__uniq.165753521025965369065708152063621506277)+36) (BuildId: 1f156fc62660d075a8d675db850b95d5)
06-23 19:42:48.663  5861  5861 F DEBUG   :       #107 pc 0000000000f30424  /data/misc/apexdata/com.android.art/dalvik-cache/arm64/boot.oat (art_jni_trampoline+116)
06-23 19:42:48.663  5861  5861 F DEBUG   :       #108 pc 0000000000d42ccc  /data/misc/apexdata/com.android.art/dalvik-cache/arm64/boot.oat (com.android.internal.os.RuntimeInit$MethodAndArgsCaller.run+108)
06-23 19:42:48.663  5861  5861 F DEBUG   :       #109 pc 0000000000d4bf9c  /data/misc/apexdata/com.android.art/dalvik-cache/arm64/boot.oat (com.android.internal.os.ZygoteInit.main+3244)
06-23 19:42:48.663  5861  5861 F DEBUG   :       #110 pc 0000000000299260  /apex/com.android.art/lib64/libart.so (art_quick_invoke_static_stub+640) (BuildId: 1f156fc62660d075a8d675db850b95d5)
06-23 19:42:48.663  5861  5861 F DEBUG   :       #111 pc 0000000000296cb0  /apex/com.android.art/lib64/libart.so (art::JValue art::InvokeWithVarArgs<_jmethodID*>(art::ScopedObjectAccessAlreadyRunnable const&, _jobject*, _jmethodID*, std::__va_list)+760) (BuildId: 1f156fc62660d075a8d675db850b95d5)
06-23 19:42:48.663  5861  5861 F DEBUG   :       #112 pc 00000000006a4960  /apex/com.android.art/lib64/libart.so (art::JNI<true>::CallStaticVoidMethodV(_JNIEnv*, _jclass*, _jmethodID*, std::__va_list)+164) (BuildId: 1f156fc62660d075a8d675db850b95d5)
06-23 19:42:48.664  5861  5861 F DEBUG   :       #113 pc 0000000000104558  /system/lib64/libandroid_runtime.so (_JNIEnv::CallStaticVoidMethod(_jclass*, _jmethodID*, ...)+104) (BuildId: bfd0efa3956dfcd7e6ecd6111b4dd10d)
06-23 19:42:48.664  5861  5861 F DEBUG   :       #114 pc 000000000012fd9c  /system/lib64/libandroid_runtime.so (android::AndroidRuntime::start(char const*, android::Vector<android::String8> const&, bool)+908) (BuildId: bfd0efa3956dfcd7e6ecd6111b4dd10d)
06-23 19:42:48.664  5861  5861 F DEBUG   :       #115 pc 00000000000025f8  /system/bin/app_process64 (main+1304) (BuildId: 4f9e45a3242ebb6b0d26cbe7a2e4ad9d)
06-23 19:42:48.664  5861  5861 F DEBUG   :       #116 pc 0000000000069848  /apex/com.android.runtime/lib64/bionic/libc.so (__libc_init+120) (BuildId: 8ff701fa7a74a8ad475206062b5b72aa)
06-23 19:42:48.758  1909  5882 W ActivityManager: crash : com.arcfire.online,11066
06-23 19:42:48.799  1909  1963 I ActivityManager: Showing crash dialog for package com.arcfire.online u0
06-23 19:42:48.815  1909  5869 I ActivityManager: Killing 20789:com.arcfire.online/u0a1066 (adj 0): crash
06-23 19:42:48.882  1909  4343 I ActivityManager: Changes in 10147 5 to 2, 184 to 255
06-23 19:42:48.938  1909  1973 W ActivityManager: Slow operation: 86ms so far, now at startProcess: done updating battery stats
06-23 19:42:48.944  1909  1973 W ActivityManager: Slow operation: 92ms so far, now at startProcess: building log message
06-23 19:42:48.945  1909  1973 I ActivityManager: Start proc 5894:com.samsung.android.dqagent/1000 for broadcast {com.samsung.android.dqagent/com.samsung.android.dqagent.receiver.DQADataReceiver}
06-23 19:42:48.946  1909  1973 W ActivityManager: Slow operation: 93ms so far, now at startProcess: starting to update pids map
06-23 19:42:48.977  1909  1973 I ActivityManager: ProcessObserver broadcast disabled
06-23 19:42:48.977  1909  1973 W ActivityManager: Slow operation: 125ms so far, now at startProcess: done updating pids map
06-23 19:42:49.018  1909  1973 I ActivityManager: Start proc 5912:com.sec.android.app.samsungapps/u0a86 for service {com.sec.android.app.samsungapps/com.sec.android.app.samsungapps.jobscheduling.PollJobService}
06-23 19:42:49.018  1909  1973 I ActivityManager: ProcessObserver broadcast disabled
06-23 19:42:49.021  1909  1965 W ActivityManager: setHasOverlayUi called on unknown pid: 20789
06-23 19:42:49.050  1909  4227 I ActivityManager: Changes in 99215 19 to 3, 0 to 184
06-23 19:42:49.060  1909  1935 E ActivityManager: Sending non-protected broadcast com.sec.android.intent.action.APP_HQM_SEND_REQ from system 3994:com.sec.android.diagmonagent/1000 pkg com.sec.android.diagmonagent
06-23 19:42:49.060  1909  1935 E ActivityManager: java.lang.Throwable
06-23 19:42:49.060  1909  1935 E ActivityManager: 	at com.android.server.am.BroadcastController.checkBroadcastFromSystem(qb/108940926 802103cef46cde14cb0d3b748d2076734c471a17d4b8e991ffa01c0e15de42a9:252)
06-23 19:42:49.060  1909  1935 E ActivityManager: 	at com.android.server.am.BroadcastController.broadcastIntentLockedTraced(qb/108940926 802103cef46cde14cb0d3b748d2076734c471a17d4b8e991ffa01c0e15de42a9:344)
06-23 19:42:49.060  1909  1935 E ActivityManager: 	at com.android.server.am.BroadcastController.broadcastIntentLocked(qb/108940926 802103cef46cde14cb0d3b748d2076734c471a17d4b8e991ffa01c0e15de42a9:18)
06-23 19:42:49.060  1909  1935 E ActivityManager: 	at com.android.server.am.ActivityManagerService.broadcastIntentWithFeature(qb/108940926 802103cef46cde14cb0d3b748d2076734c471a17d4b8e991ffa01c0e15de42a9:149)
06-23 19:42:49.060  1909  1935 E ActivityManager: 	at android.app.IActivityManager$Stub.onTransact$broadcastIntentWithFeature$(IActivityManager.java:12412)
06-23 19:42:49.060  1909  1935 E ActivityManager: 	at android.app.IActivityManager$Stub.onTransact(IActivityManager.java:3205)
06-23 19:42:49.060  1909  1935 E ActivityManager: 	at com.android.server.am.ActivityManagerService.onTransact(qb/108940926 802103cef46cde14cb0d3b748d2076734c471a17d4b8e991ffa01c0e15de42a9:425)
06-23 19:42:49.060  1909  1935 E ActivityManager: 	at android.os.Binder.execTransactInternal(Binder.java:1462)
06-23 19:42:49.060  1909  1935 E ActivityManager: 	at android.os.Binder.execTransact(Binder.java:1401)
06-23 19:42:49.247  1909  2720 W ActivityManager: pid 2184 com.samsung.android.honeyboard sent binder code 9 with flags 1 to frozen apps and got error -32
06-23 19:42:49.437  1909  1935 W ActivityManager: pid 1909 system sent binder code 7 with flags 1 to frozen apps and got error -32
06-23 19:42:49.461  1909  1965 I ActivityManager: Changes in 10117 10 to 19, 128 to 0
06-23 19:42:49.710  1909  4227 I ActivityManager: Changes in 10117 19 to 8, 0 to 128
06-23 19:42:49.711  1909  4227 I ActivityManager: Changes in 10086 19 to 8, 0 to 128
06-23 19:42:55.749  1909  1971 I ActivityManager: Changes in 10117 8 to 15, 128 to 0
06-23 19:43:04.114  1909  4227 I ActivityManager: Changes in 99215 3 to 10, 184 to 0
06-23 19:43:04.121  1909  2720 I ActivityManager: Killing 3824:com.google.android.syncadapters.calendar/u0a257 (adj 985): empty #25
06-23 19:43:15.751  1909  1972 I ActivityManager: Killing 4232:com.samsung.android.scs/u0a116 (adj 975): empty #25
06-23 19:43:25.882  1909  4227 I ActivityManager: Changes in 10086 8 to 10, 128 to 0
06-23 19:43:25.886  1909  4227 I ActivityManager: Killing 4285:com.samsung.android.calendar/u0a222 (adj 975): empty #25
06-23 19:44:31.235  1909  1973 I ActivityManager: Start proc 6098:com.arcfire.online/u0a1066 for next-top-activity {com.arcfire.online/com.arcfire.online.MainActivity}
06-23 19:44:31.235  1909  1973 I ActivityManager: ProcessObserver broadcast disabled
06-23 19:44:31.262  1909  1935 I ActivityManager: Changes in 11066 19 to 2, 0 to 255
06-23 19:44:31.374  1909  4227 I ActivityManager: Changes in 99215 19 to 3, 0 to 184
06-23 19:44:31.887  1909  1965 I ActivityManager: Changes in 10147 2 to 5, 255 to 184
06-23 19:44:41.705  1909  4227 I ActivityManager: Changes in 99215 3 to 10, 184 to 0
06-23 19:44:52.340  1909  4227 I ActivityManager: Changes in 99215 19 to 3, 0 to 184
06-23 19:45:02.424  1909  4174 I ActivityManager: Changes in 99215 3 to 10, 184 to 0
06-23 19:46:37.836  1909  1972 I ActivityManager: Changes in 10096 19 to 11, 0 to 128
06-23 19:46:37.843  1909  4342 I ActivityManager: Changes in 10096 11 to 19, 128 to 0
06-23 19:46:58.713  1909  1972 I ActivityManager: Changes in 10096 19 to 11, 0 to 128
06-23 19:46:58.728  1909  4342 I ActivityManager: Changes in 99215 19 to 3, 0 to 184
06-23 19:47:08.725  1909  2065 I ActivityManager: Changes in 10096 19 to 19, 128 to 0
06-23 19:47:13.767  1909  1933 I ActivityManager: Changes in 99215 3 to 10, 184 to 0
06-23 19:47:18.965  1909  1972 I ActivityManager: Changes in 10096 19 to 11, 0 to 128
06-23 19:47:24.865  1909  1965 I ActivityManager: Changes in 10147 5 to 2, 184 to 255
06-23 19:47:24.866  1909  1965 I ActivityManager: updateOomAdj start time is before than pendingPid added, don't delete it
06-23 19:47:25.419  1909  1965 I ActivityManager: Changes in 11066 2 to 15, 255 to 128
06-23 19:47:25.460  1909  4340 I ActivityManager: Changes in 99215 19 to 10, 0 to 128
06-23 19:47:25.486  1909  2870 I ActivityManager: Changes in 99215 15 to 15, 128 to 0
06-23 19:47:25.487  1909  2870 I ActivityManager: Changes in 11066 15 to 15, 128 to 0
06-23 19:47:26.034  1909  1965 I ActivityManager: Killing 6098:com.arcfire.online/u0a1066 (adj 900): remove task
06-23 19:47:26.128  1909  1965 W ActivityManager: setHasOverlayUi called on unknown pid: 6098
06-23 19:47:26.999  1909  1965 I ActivityManager: Killing 31983:com.android.settings/1000 (adj 850): remove task
06-23 19:47:27.054  1909  1965 W ActivityManager: setHasOverlayUi called on unknown pid: 31983
06-23 19:47:27.532  1909  1965 I ActivityManager: Killing 4302:com.samsung.android.app.reminder/u0a224 (adj 975): empty #25
06-23 19:47:27.687  1909  1965 I ActivityManager: Changes in 99214 6 to 3, 0 to 184
06-23 19:47:27.687  1909  1965 I ActivityManager: Changes in 10275 6 to 2, 0 to 255
06-23 19:47:27.687  1909  1965 I ActivityManager: Changes in 10266 19 to 19, 0 to 128
06-23 19:47:28.074  1909  1965 I ActivityManager: Changes in 99214 3 to 6, 184 to 128
06-23 19:47:28.074  1909  1965 I ActivityManager: Changes in 10275 2 to 6, 255 to 128
06-23 19:47:28.091  1909  2776 I ActivityManager: Changes in 99214 6 to 6, 128 to 0
06-23 19:47:28.091  1909  2776 I ActivityManager: Changes in 10275 6 to 6, 128 to 0
06-23 19:47:28.091  1909  2776 I ActivityManager: Changes in 10266 17 to 17, 128 to 0
06-23 19:47:28.968  1909  2065 I ActivityManager: Changes in 10096 19 to 19, 128 to 0
06-23 19:47:29.162  1909  1973 I ActivityManager: Start proc 6647:com.arcfire.online/u0a1066 for activelaunch {com.arcfire.online/com.arcfire.online.MainActivity}
06-23 19:47:29.162  1909  1973 I ActivityManager: ProcessObserver broadcast disabled
06-23 19:47:29.615  1909  1973 I ActivityManager: Start proc 6676:com.samsung.aasaservice/1000 for service {com.samsung.aasaservice/com.samsung.aasaservice.securitythreatdetector.SecurityThreatDetector}
06-23 19:47:29.616  1909  1973 I ActivityManager: ProcessObserver broadcast disabled
06-23 19:47:29.749  1909  4227 I ActivityManager: Changes in 10198 19 to 3, 0 to 184
06-23 19:47:29.762  1909  4227 I ActivityManager: Changes in 10198 3 to 10, 184 to 0
06-23 19:47:30.457  1909  4227 I ActivityManager: No activity to handle assist action.
06-23 19:47:30.457  1909  4227 I ActivityManager: android.util.AndroidRuntimeException: Activity could not be started for Intent { act=android.intent.action.MAIN cat=[android.intent.category.LAUNCHER] flg=0x10000000 xflg=0x4 pkg=com.google.android.apps.playconsole cmp=com.google.android.apps.playconsole/com.google.android.apps.play.console.mobile.MainActivity }
06-23 19:47:30.457  1909  4227 I ActivityManager: 	at android.app.Instrumentation.checkStartActivityResult(Instrumentation.java:2509)
06-23 19:47:30.457  1909  4227 I ActivityManager: 	at android.app.Instrumentation.execStartActivity(Instrumentation.java:2015)
06-23 19:47:30.457  1909  4227 I ActivityManager: 	at android.app.ContextImpl.startActivity(ContextImpl.java:1207)
06-23 19:47:30.457  1909  4227 I ActivityManager: 	at com.android.server.am.ActivityManagerService.doActiveLaunch(qb/108940926 802103cef46cde14cb0d3b748d2076734c471a17d4b8e991ffa01c0e15de42a9:101)
06-23 19:47:30.457  1909  4227 I ActivityManager: 	at android.app.IActivityManager$Stub.onTransact(IActivityManager.java:5096)
06-23 19:47:30.457  1909  4227 I ActivityManager: 	at com.android.server.am.ActivityManagerService.onTransact(qb/108940926 802103cef46cde14cb0d3b748d2076734c471a17d4b8e991ffa01c0e15de42a9:425)
06-23 19:47:30.457  1909  4227 I ActivityManager: 	at android.os.Binder.execTransactInternal(Binder.java:1462)
06-23 19:47:30.457  1909  4227 I ActivityManager: 	at android.os.Binder.execTransact(Binder.java:1401)
06-23 19:47:30.562  1909  1973 I ActivityManager: Start proc 6740:com.google.android.packageinstaller/u0a78 for next-top-activity {com.google.android.packageinstaller/com.android.packageinstaller.UninstallerActivity}
06-23 19:47:30.563  1909  1973 I ActivityManager: ProcessObserver broadcast disabled
06-23 19:47:30.590  1909  4227 I ActivityManager: Changes in 10078 20 to 2, 0 to 255
06-23 19:47:31.007  1909  1965 I ActivityManager: Killing 6150:com.google.android.webview:sandboxed_process0:org.chromium.content.app.SandboxedProcessService0:0/u0a275i214 (adj 701): remove task
06-23 19:47:31.077  1909  1973 I ActivityManager: Start proc 6827:com.google.android.webview:sandboxed_process0:org.chromium.content.app.SandboxedProcessService0:1/u0i220 for  {com.eonsoft.ScreenON/org.chromium.content.app.SandboxedProcessService0:1}
06-23 19:47:31.078  1909  1973 I ActivityManager: ProcessObserver broadcast disabled
06-23 19:47:31.083  6827  6827 E libc    : SetHeapTaggingLevel: re-enabling tagging after it was disabled is not supported
06-23 19:47:31.281  1909  4407 I ActivityManager: Killing 6827:com.google.android.webview:sandboxed_process0:org.chromium.content.app.SandboxedProcessService0:1/u0a275i220 (adj 0): isolated not needed
06-23 19:47:33.062  1909  1972 I ActivityManager: Force stopping com.arcfire.online appid=11066 user=0: deletePackageX
06-23 19:47:33.069  1909  1972 I ActivityManager: Killing 6647:com.arcfire.online/u0a1066 (adj 905): stop com.arcfire.online due to deletePackageX
06-23 19:47:33.100  1909  1972 I ActivityManager: Changes in 10078 2 to 19, 255 to 128
06-23 19:47:33.321  1909  1965 I ActivityManager: Changes in 10078 19 to 19, 128 to 0
06-23 19:47:33.416  1909  1972 I ActivityManager: Changes in 10078 19 to 11, 0 to 128
06-23 19:47:33.417  1909  2030 I ActivityManager: Force stopping com.arcfire.online appid=11066 user=0: pkg removed
06-23 19:47:33.507  1909  1909 I ActivityManager: Changes in 10198 19 to 19, 0 to 128
06-23 19:47:33.557  1909  2057 I ActivityManager: Changes in 10078 11 to 19, 128 to 0
06-23 19:47:33.587  1909  1972 I ActivityManager: Changes in 10251 19 to 11, 0 to 128
06-23 19:47:33.616  1909  4211 I ActivityManager: Changes in 99215 6 to 6, 0 to 128
06-23 19:47:33.639  1909  1973 W ActivityManager: Slow operation: 121ms so far, now at startProcess: returned from zygote!
06-23 19:47:33.689  1909  1972 W ActivityManager: Slow operation: 55ms so far, now at startProcess: done creating new process record
06-23 19:47:33.689  1909  1972 W ActivityManager: Slow operation: 55ms so far, now at startProcess: stepping in to startProcess
06-23 19:47:33.690  1909  1972 W ActivityManager: Slow operation: 55ms so far, now at startProcess: done starting proc!
06-23 19:47:33.933  1909  6881 W ActivityManager: Slow operation: 181ms so far, now at startProcess: done creating new process record
06-23 19:47:33.933  1909  6881 W ActivityManager: Slow operation: 181ms so far, now at startProcess: stepping in to startProcess
06-23 19:47:33.934  1909  6881 W ActivityManager: Slow operation: 182ms so far, now at startProcess: done starting proc!
06-23 19:47:33.953  1909  1973 W ActivityManager: Slow operation: 434ms so far, now at startProcess: done updating battery stats
06-23 19:47:33.953  1909  1973 W ActivityManager: Slow operation: 434ms so far, now at startProcess: building log message
06-23 19:47:33.953  1909  1973 I ActivityManager: Start proc 6880:com.android.keychain/1000 for service {com.android.keychain/com.android.keychain.KeyChainService}
06-23 19:47:33.953  1909  1973 W ActivityManager: Slow operation: 434ms so far, now at startProcess: starting to update pids map
06-23 19:47:33.954  1909  1973 I ActivityManager: ProcessObserver broadcast disabled
06-23 19:47:33.954  1909  1973 W ActivityManager: Slow operation: 435ms so far, now at startProcess: done updating pids map
06-23 19:47:33.954  1909  1973 W ActivityManager: Slow operation: 265ms so far, now at startProcess: asking zygote to start proc
06-23 19:47:33.969  1909  1973 W ActivityManager: Slow operation: 279ms so far, now at startProcess: returned from zygote!
06-23 19:47:34.007  1909  1972 I ActivityManager: Changes in 10266 17 to 11, 0 to 128
06-23 19:47:34.065  1909  1973 W ActivityManager: Slow operation: 376ms so far, now at startProcess: done updating battery stats
06-23 19:47:34.066  1909  1973 W ActivityManager: Slow operation: 376ms so far, now at startProcess: building log message
06-23 19:47:34.066  1909  1973 I ActivityManager: Start proc 6941:com.samsung.android.sm.devicesecurity/u0a214 for broadcast {com.samsung.android.sm.devicesecurity/com.samsung.android.sm.devicesecurity.PackageReceiver}
06-23 19:47:34.066  1909  1973 W ActivityManager: Slow operation: 376ms so far, now at startProcess: starting to update pids map
06-23 19:47:34.066  1909  1973 I ActivityManager: ProcessObserver broadcast disabled
06-23 19:47:34.067  1909  1973 W ActivityManager: Slow operation: 377ms so far, now at startProcess: done updating pids map
06-23 19:47:34.067  1909  1973 W ActivityManager: Slow operation: 133ms so far, now at startProcess: asking zygote to start proc
06-23 19:47:34.086  1909  1935 I ActivityManager: Changes in 99215 6 to 6, 128 to 0
06-23 19:47:34.090  1909  1973 W ActivityManager: Slow operation: 156ms so far, now at startProcess: returned from zygote!
06-23 19:47:34.125  1909  1973 W ActivityManager: Slow operation: 192ms so far, now at startProcess: done updating battery stats
06-23 19:47:34.126  1909  1973 W ActivityManager: Slow operation: 193ms so far, now at startProcess: building log message
06-23 19:47:34.128  1909  1973 I ActivityManager: Start proc 6964:com.samsung.klmsagent/u0a83 for content provider {com.samsung.klmsagent/com.samsung.klmsagent.common.LicenseAgentProvider}
06-23 19:47:34.130  1909  1973 W ActivityManager: Slow operation: 195ms so far, now at startProcess: starting to update pids map
06-23 19:47:34.131  1909  1973 I ActivityManager: ProcessObserver broadcast disabled
06-23 19:47:34.132  1909  1973 W ActivityManager: Slow operation: 198ms so far, now at startProcess: done updating pids map
06-23 19:47:34.147  1909  2224 I ActivityManager: Changes in 10251 11 to 10, 128 to 0
06-23 19:47:34.153  1909  2224 I ActivityManager: Changes in 10266 11 to 17, 128 to 0
06-23 19:47:34.159  1909  1972 I ActivityManager: Changes in 10108 10 to 10, 0 to 128
06-23 19:47:34.162  1909  1972 I ActivityManager: Changes in 10099 19 to 11, 0 to 128
06-23 19:47:34.199  1909  2225 I ActivityManager: Changes in 10108 10 to 10, 128 to 0
06-23 19:47:34.225  1909  2225 I ActivityManager: Changes in 10099 11 to 19, 128 to 0
06-23 19:47:34.355  1909  2225 I ActivityManager: Changes in 10083 19 to 5, 0 to 144
06-23 19:47:34.367  1909  3698 I ActivityManager: Changes in 10214 19 to 11, 0 to 128
06-23 19:47:34.389  1909  1973 I ActivityManager: Start proc 7033:com.samsung.android.ssiframework/u0a112 for broadcast {com.samsung.android.ssiframework/com.samsung.android.ssiframework.CaPackageBroadcastReceiver}
06-23 19:47:34.389  1909  1973 I ActivityManager: ProcessObserver broadcast disabled
06-23 19:47:34.396  1909  4211 I ActivityManager: Killing 4399:com.samsung.android.stickercenter/1000 (adj 915): empty #25
06-23 19:47:34.398  1909  4211 I ActivityManager: Changes in 10214 11 to 19, 128 to 0
06-23 19:47:34.401  1909  2720 I ActivityManager: Changes in 99215 6 to 3, 0 to 184
06-23 19:47:34.431  1909  2225 I ActivityManager: Changes in 10214 19 to 8, 0 to 128
06-23 19:47:34.520  1909  3050 I ActivityManager: Changes in 10214 8 to 10, 128 to 0
06-23 19:47:34.583  1909  3050 I ActivityManager: Changes in 10112 19 to 11, 0 to 128
06-23 19:47:34.600  1909  2870 I ActivityManager: Changes in 10112 11 to 19, 128 to 0
06-23 19:47:34.603  1909  1973 I ActivityManager: Start proc 7098:com.android.vending:background/u0a251 for broadcast {com.android.vending/com.google.android.finsky.packagemonitor.backgroundimpl.BackgroundPackageMonitorReceiverImpl$RegisteredReceiver}
06-23 19:47:34.604  1909  1973 I ActivityManager: ProcessObserver broadcast disabled
06-23 19:47:34.605  1909  2870 I ActivityManager: Killing 3942:com.android.providers.calendar/u0a115 (adj 975): empty #25
06-23 19:47:34.743  1909  2870 I ActivityManager: Changes in 10251 19 to 11, 0 to 128
06-23 19:47:34.756  1909  1973 I ActivityManager: Start proc 7129:com.google.android.apps.carrier.carrierwifi/u0a241 for broadcast {com.google.android.apps.carrier.carrierwifi/com.google.android.apps.carrier.carrierwifi.CarrierWifiReceiver}
06-23 19:47:34.756  1909  1973 I ActivityManager: ProcessObserver broadcast disabled
06-23 19:47:34.839  1909  3301 I ActivityManager: Killing 4441:com.samsung.android.mobileservice/u0a119 (adj 975): empty #25
06-23 19:47:34.842  1909  3301 I ActivityManager: Changes in 10251 11 to 19, 128 to 0
06-23 19:47:34.845  1909  3301 I ActivityManager: Changes in 10241 19 to 11, 0 to 128
06-23 19:47:34.858  1909  3050 I ActivityManager: Killing 4704:com.google.android.cellbroadcastreceiver/u0a296 (adj 965): empty #25
06-23 19:47:34.859  1909  3050 I ActivityManager: Changes in 10241 11 to 19, 128 to 0
06-23 19:47:34.859  1909  1973 I ActivityManager: Start proc 7182:com.google.android.rkpdapp/u0a348 for broadcast {com.google.android.rkpdapp/com.android.rkpdapp.PackageRemovalReceiver}
06-23 19:47:34.859  1909  1973 I ActivityManager: ProcessObserver broadcast disabled
06-23 19:47:34.921  1909  2870 I ActivityManager: Changes in 10241 19 to 8, 0 to 128
06-23 19:47:34.928  1909  2870 I ActivityManager: Changes in 10348 19 to 11, 0 to 128
06-23 19:47:34.935  1909  2870 I ActivityManager: Changes in 10348 11 to 19, 128 to 0
06-23 19:47:34.942  1909  1973 I ActivityManager: Start proc 7201:com.samsung.android.forest/1000 for broadcast {com.samsung.android.forest/com.samsung.android.forest.receiver.PkgEventReceiver}
06-23 19:47:34.942  1909  1973 I ActivityManager: ProcessObserver broadcast disabled
06-23 19:47:34.989  1909  4227 I ActivityManager: Changes in 10241 8 to 10, 128 to 0
06-23 19:47:34.994  1909  3301 I ActivityManager: Killing 4914:com.samsung.faceservice/5004 (adj 965): empty #25
06-23 19:47:35.212  1909  1972 I ActivityManager: Changes in 10096 19 to 11, 0 to 128
06-23 19:47:35.218  1909  4227 I ActivityManager: Changes in 10096 11 to 19, 128 to 0
06-23 19:47:35.236  1909  1973 I ActivityManager: Start proc 7253:com.samsung.android.mapsagent/u0a183 for broadcast {com.samsung.android.mapsagent/com.samsung.android.mapsagent.receiver.PackageDeletedReceiver}
06-23 19:47:35.237  1909  1973 I ActivityManager: ProcessObserver broadcast disabled
06-23 19:47:35.368  1909  3698 I ActivityManager: Killing 4943:com.samsung.android.privacydashboard/u0a107 (adj 965): empty #25
06-23 19:47:35.406  1909  2225 I ActivityManager: Changes in 10183 19 to 11, 0 to 128
06-23 19:47:35.413  1909  4227 I ActivityManager: Killing 5086:com.skt.skaf.OA00018282/u0a104 (adj 955): empty #25
06-23 19:47:35.414  1909  4227 I ActivityManager: Changes in 10183 11 to 19, 128 to 0
06-23 19:47:35.421  1909  1973 I ActivityManager: Start proc 7284:com.google.android.videos/u0a311 for broadcast {com.google.android.videos/com.google.android.libraries.social.peoplekit.thirdparty.viewcontrollers.ThirdPartyReceiver}
06-23 19:47:35.421  1909  1973 I ActivityManager: ProcessObserver broadcast disabled
06-23 19:47:35.791  1909  3301 I ActivityManager: Changes in 10311 19 to 11, 0 to 128
06-23 19:47:35.794  1909  1972 I ActivityManager: com.android.providers.downloads is exempt from freezer by list
06-23 19:47:35.807  1909  1973 I ActivityManager: Start proc 7348:android.process.media/u0a66 for broadcast {com.android.providers.downloads/com.android.providers.downloads.DownloadReceiver}
06-23 19:47:35.807  1909  1973 I ActivityManager: ProcessObserver broadcast disabled
06-23 19:47:35.820  1909  2225 I ActivityManager: Killing 4824:com.google.android.googlequicksearchbox:search/u0a253 (adj 955): empty #25
06-23 19:47:35.823  1909  2225 I ActivityManager: Changes in 10311 11 to 19, 128 to 0
06-23 19:47:35.831  1909  1972 I ActivityManager: Changes in 10311 19 to 11, 0 to 128
06-23 19:47:35.844  1909  3698 I ActivityManager: Changes in 10311 11 to 19, 128 to 0
06-23 19:47:35.914  1909  2057 I ActivityManager: Changes in 10066 19 to 11, 0 to 128
06-23 19:47:35.928  1909  1973 I ActivityManager: Start proc 7368:com.samsung.android.provider.filterprovider/1000 for broadcast {com.samsung.android.provider.filterprovider/com.samsung.android.provider.filterprovider.PackageIntentReceiver}
06-23 19:47:35.928  1909  1973 I ActivityManager: ProcessObserver broadcast disabled
06-23 19:47:35.956  1909  3050 I ActivityManager: Killing 5486:com.sec.android.provider.badge/u0a55 (adj 955): empty #25
06-23 19:47:35.959  1909  3050 I ActivityManager: Changes in 10066 11 to 19, 128 to 0
06-23 19:47:36.041  1909  2057 I ActivityManager: Killing 5351:com.ss.android.ugc.trill/u0a388 (adj 945): empty #25
06-23 19:47:36.044  1909  1973 I ActivityManager: Start proc 7386:com.samsung.android.mdm/u0a185 for broadcast {com.samsung.android.mdm/com.samsung.android.ppclient.receiver.UnEnrollmentReceiver}
06-23 19:47:36.045  1909  1973 I ActivityManager: ProcessObserver broadcast disabled
06-23 19:47:36.141  1909  2225 I ActivityManager: Changes in 10185 19 to 11, 0 to 128
06-23 19:47:36.147  1909  2225 I ActivityManager: Killing 4100:com.samsung.mfcontents/u0a95 (adj 945): empty #25
06-23 19:47:36.148  1909  2225 I ActivityManager: Changes in 10185 11 to 19, 128 to 0
06-23 19:47:40.375  1909  1971 I ActivityManager: Changes in 10083 5 to 10, 144 to 0
06-23 19:47:43.549  1909  1973 I ActivityManager: Start proc 7420:com.samsung.android.privacydashboard/u0a107 for content provider {com.samsung.android.privacydashboard/com.samsung.android.privacydashboard.provider.PermissionAccessInformationContentProvider}
06-23 19:47:43.549  1909  1973 I ActivityManager: ProcessObserver broadcast disabled
06-23 19:47:43.672  1909  2224 I ActivityManager: Changes in 10107 19 to 5, 0 to 144
06-23 19:47:49.490  1909  2225 I ActivityManager: Changes in 99215 3 to 6, 184 to 0
06-23 19:47:49.743  1909  1971 I ActivityManager: Changes in 10107 5 to 15, 144 to 0
06-23 19:48:03.156  1909  4211 I ActivityManager: Killing 17546:com.samsung.cmh/5004 (adj 935): empty #25
06-23 19:48:03.160  1909  4211 I ActivityManager: Killing 3897:com.google.android.as.oss/u0a248 (adj 935): empty #26
06-23 19:48:03.488  1909  2065 I ActivityManager: Changes in 10198 19 to 19, 128 to 0
06-23 19:48:08.532  1909  2065 I ActivityManager: Changes in 10251 19 to 8, 0 to 128
06-23 19:48:11.833  1909  4341 I ActivityManager: Changes in 10251 8 to 10, 128 to 0
06-23 19:48:11.844  1909  1933 I ActivityManager: Killing 19876:com.samsung.android.scpm/5009 (adj 925): empty #25
06-23 19:48:47.072  1909  2867 I ActivityManager: Changes in 99215 19 to 3, 0 to 184
06-23 19:49:02.118  1909  2867 I ActivityManager: Changes in 99215 3 to 10, 184 to 0
06-23 19:50:43.628  1909  1973 I ActivityManager: Start proc 7528:com.samsung.android.game.gos/u0a76 for service {com.samsung.android.game.gos/com.samsung.android.game.gos.service.MainIntentService}
06-23 19:50:43.629  1909  1973 I ActivityManager: ProcessObserver broadcast disabled
06-23 19:50:43.638  1909  1973 I ActivityManager: Start proc 7529:com.samsung.faceservice/5004 for service {com.samsung.faceservice/androidx.work.impl.background.systemjob.SystemJobService}
06-23 19:50:43.639  1909  1973 I ActivityManager: ProcessObserver broadcast disabled
06-23 19:50:43.649  1909  1973 I ActivityManager: Start proc 7530:com.samsung.mfcontents/u0a95 for service {com.samsung.mfcontents/com.samsung.mfcontents.scheduler.MFCJobService}
06-23 19:50:43.650  1909  1973 I ActivityManager: ProcessObserver broadcast disabled
06-23 19:50:43.730  1909  4340 I ActivityManager: Changes in 10095 19 to 8, 0 to 128
06-23 19:50:43.739  1909  4340 I ActivityManager: Changes in 5004 19 to 8, 0 to 128
06-23 19:50:43.744  1909  2867 I ActivityManager: Changes in 10095 8 to 10, 128 to 0
06-23 19:50:43.750  1909  4340 I ActivityManager: Killing 27255:com.osp.app.signin/u0a117 (adj 925): empty #25
06-23 19:50:43.779  1909  2776 I ActivityManager: Changes in 5004 8 to 10, 128 to 0
06-23 19:50:43.783  1909  2776 I ActivityManager: Killing 5894:com.samsung.android.dqagent/1000 (adj 925): empty #25
06-23 19:50:43.844  1909  2776 I ActivityManager: Killing 5912:com.sec.android.app.samsungapps/u0a86 (adj 915): empty #25
06-23 19:52:34.528  1909  2867 I ActivityManager: Killing 4870:com.samsung.android.privateaccesstokens/u0a198 (adj 915): empty #25
06-23 19:52:34.568  1909  2867 W ActivityManager: Scheduling restart of crashed service com.samsung.android.privateaccesstokens/.components.services.PATService in 1000ms for connection
06-23 19:52:35.607  1909  1973 I ActivityManager: Start proc 7598:com.samsung.android.privateaccesstokens/u0a198 for service {com.samsung.android.privateaccesstokens/com.samsung.android.privateaccesstokens.components.services.PATService}
06-23 19:52:35.608  1909  1973 I ActivityManager: ProcessObserver broadcast disabled
06-23 19:52:35.747  1909  2776 I ActivityManager: Killing 6676:com.samsung.aasaservice/1000 (adj 915): empty #25
06-23 19:53:52.076  1909  2065 I ActivityManager: Changes in 10099 19 to 8, 0 to 128
06-23 19:53:52.081  1909  1973 I ActivityManager: Start proc 7631:com.google.android.as.oss/u0a248 for service {com.google.android.as.oss/com.google.android.gms.learning.internal.training.InAppJobService}
06-23 19:53:52.082  1909  1973 I ActivityManager: ProcessObserver broadcast disabled
06-23 19:53:52.092  1909  4342 I ActivityManager: Changes in 10099 8 to 10, 128 to 0
06-23 19:53:52.166  1909  2867 I ActivityManager: Changes in 10248 19 to 8, 0 to 128
06-23 19:53:52.200  1909  4342 I ActivityManager: Changes in 10248 8 to 10, 128 to 0
06-23 19:53:52.202  1909  4342 I ActivityManager: Killing 6740:com.google.android.packageinstaller/u0a78 (adj 905): empty #25
06-23 19:53:52.247  1909  1965 W ActivityManager: setHasOverlayUi called on unknown pid: 6740
06-23 19:54:08.846  1909  1973 I ActivityManager: Start proc 7663:com.samsung.cmh/5004 for service {com.samsung.cmh/com.samsung.cmh.core.cmhjobservice.CMHJobService}
06-23 19:54:08.846  1909  1973 I ActivityManager: ProcessObserver broadcast disabled
06-23 19:54:08.966  1909  2720 I ActivityManager: Changes in 5004 19 to 8, 0 to 128
06-23 19:54:08.977  1909  4211 I ActivityManager: Changes in 5004 8 to 10, 128 to 0
06-23 19:54:08.980  1909  4211 I ActivityManager: Killing 6941:com.samsung.android.sm.devicesecurity/u0a214 (adj 905): empty #25
06-23 19:54:09.007  1909  2224 I ActivityManager: Changes in 5004 19 to 8, 0 to 128
06-23 19:54:09.011  1909  4211 I ActivityManager: Changes in 5004 8 to 10, 128 to 0
06-23 19:54:09.134  1909  4206 W ActivityManager: pid 7663 com.samsung.cmh sent binder code 21 with flags 2 to frozen apps and got error -2147483646
06-23 19:54:09.136  1909  1972 I ActivityManager: Killing 7529:com.samsung.faceservice/5004 (adj 905): Sync transaction while frozen
06-23 19:54:48.298  1909  4206 I ActivityManager: Changes in 99215 19 to 3, 0 to 184
06-23 19:54:48.430  1909  1973 I ActivityManager: Start proc 7744:com.google.android.googlequicksearchbox:search/u0a253 for broadcast {com.google.android.googlequicksearchbox/com.google.android.libraries.search.gcm.search.SearchProcessGcmBroadcastReceiver_Receiver}
06-23 19:54:48.430  1909  1973 I ActivityManager: ProcessObserver broadcast disabled
06-23 19:55:03.338  1909  2769 I ActivityManager: Changes in 99215 3 to 10, 184 to 0
06-23 19:58:18.707  1909  2030 I ActivityManager: Changes in 10251 19 to 19, 0 to 128
06-23 19:58:18.742  1909  1972 I ActivityManager: Changes in 10076 19 to 11, 0 to 128
06-23 19:58:18.753  1909  1973 I ActivityManager: Start proc 7844:com.samsung.android.sm.devicesecurity/u0a214 for broadcast {com.samsung.android.sm.devicesecurity/com.samsung.android.sm.devicesecurity.AppVerificationReceiver}
06-23 19:58:18.753  1909  1973 I ActivityManager: ProcessObserver broadcast disabled
06-23 19:58:18.755  1909  2769 I ActivityManager: Changes in 10076 10 to 10, 128 to 0
06-23 19:58:18.832  1909  2720 I ActivityManager: Changes in 10214 19 to 11, 0 to 128
06-23 19:58:18.852  1909  2057 I ActivityManager: Background started FGS: Allowed [callingPackage: com.samsung.android.sm.devicesecurity; callingUid: 10214; uidState: RCVR; uidBFSL: n/a; intent: Intent { act=com.samsung.android.sm.security.service.ACTION_START dat=file:///... typ=application/vnd.android.package-archive flg=0x10000011 xflg=0x4 cmp=com.samsung.android.sm.devicesecurity/.AppVerificationService (has extras) }; code:BACKGROUND_ACTIVITY_PERMISSION; tempAllowListReason:<,reasonCode:SYSTEM_ALLOW_LISTED,duration:9223372036854775807,callingUid:-1>; allowWiu:58; targetSdkVersion:36; callerTargetSdkVersion:36; startForegroundCount:0; bindFromPackage:null: isBindService:false]
06-23 19:58:18.860  1909  2057 I ActivityManager: Changes in 10214 10 to 4, 128 to 248
06-23 19:58:19.084  1909  2769 I ActivityManager: Changes in 99215 19 to 10, 0 to 128
06-23 19:58:29.912  1909  2720 I ActivityManager: Changes in 10214 4 to 19, 248 to 128
06-23 19:58:29.988  1909  3301 I ActivityManager: Killing 7033:com.samsung.android.ssiframework/u0a112 (adj 985): empty #25
06-23 19:58:30.095  1909  1973 W ActivityManager: Slow operation: 65ms so far, now at startProcess: done updating battery stats
06-23 19:58:30.095  1909  1973 W ActivityManager: Slow operation: 66ms so far, now at startProcess: building log message
06-23 19:58:30.095  1909  1973 I ActivityManager: Start proc 7929:com.google.android.packageinstaller/u0a78 for broadcast {com.google.android.packageinstaller/com.android.packageinstaller.PackageInstalledReceiver}
06-23 19:58:30.095  1909  1973 W ActivityManager: Slow operation: 66ms so far, now at startProcess: starting to update pids map
06-23 19:58:30.096  1909  1973 I ActivityManager: ProcessObserver broadcast disabled
06-23 19:58:30.096  1909  1973 W ActivityManager: Slow operation: 66ms so far, now at startProcess: done updating pids map
06-23 19:58:30.196  1909  1972 I ActivityManager: Changes in 10108 10 to 10, 0 to 128
06-23 19:58:30.197  1909  2537 I ActivityManager: Changes in 10078 19 to 11, 0 to 128
06-23 19:58:30.199  1909  1973 I ActivityManager: Start proc 7952:com.samsung.android.app.routines/u0a53 for service {com.samsung.android.app.routines/com.samsung.android.app.routines.domainmodel.service.RoutineService}
06-23 19:58:30.200  1909  1973 I ActivityManager: ProcessObserver broadcast disabled
06-23 19:58:30.204  1909  2720 I ActivityManager: Changes in 10108 10 to 10, 128 to 0
06-23 19:58:30.214  1909  3301 I ActivityManager: Changes in 10078 11 to 19, 128 to 0
06-23 19:58:30.377  1909  2769 I ActivityManager: Changes in 99215 10 to 3, 128 to 184
06-23 19:58:31.041  1909  1972 I ActivityManager: Changes in 10096 19 to 11, 0 to 128
06-23 19:58:31.044  1909  2769 I ActivityManager: Changes in 10096 11 to 19, 128 to 0
06-23 19:58:45.425  1909  2720 I ActivityManager: Changes in 99215 3 to 10, 184 to 0
06-23 19:58:45.433  1909  2720 I ActivityManager: Killing 7182:com.google.android.rkpdapp/u0a348 (adj 975): empty #25
06-23 19:58:45.434  1909  2720 I ActivityManager: Killing 6880:com.android.keychain/1000 (adj 985): empty #26
06-23 19:58:48.731  1909  2065 I ActivityManager: Changes in 10251 19 to 19, 128 to 0
06-23 19:58:48.841  1909  2065 I ActivityManager: Changes in 10214 19 to 19, 128 to 0
06-23 19:58:52.439  1909  2065 I ActivityManager: Changes in 10251 19 to 8, 0 to 128
06-23 19:58:52.471  1909  1973 I ActivityManager: Start proc 8074:com.arcfire.online/u0a1067 for next-top-activity {com.arcfire.online/com.arcfire.online.MainActivity}
06-23 19:58:52.471  1909  1973 I ActivityManager: ProcessObserver broadcast disabled
06-23 19:58:52.557  1909  2769 I ActivityManager: Changes in 11067 19 to 2, 0 to 255
06-23 19:58:53.110  1909  2057 I ActivityManager: Changes in 99215 19 to 3, 0 to 184
06-23 19:58:53.735  1909  2769 I ActivityManager: Changes in 10251 8 to 3, 128 to 184
06-23 19:58:53.800  1909  4342 I ActivityManager: Changes in 10251 3 to 8, 184 to 128
06-23 19:58:53.859  1909  1965 I ActivityManager: Changes in 10147 2 to 5, 255 to 184
06-23 19:58:54.226  1909  2225 I ActivityManager: Changes in 10251 8 to 10, 128 to 0
06-23 19:59:03.806  1909  2224 I ActivityManager: Changes in 99215 3 to 10, 184 to 0
06-23 20:00:05.834  8074  8202 W ReactNativeJS: 'Require cycle: src\\game\\playerInventory.ts -> src\\game\\durability\\index.ts -> src\\game\\durability\\durabilityModel.ts -> src\\game\\survivalPodShip.ts -> src\\game\\playerInventory.ts\n\nRequire cycles are allowed, but can result in uninitialized values. Consider refactoring to remove the need for a cycle.', { [Component Stack] name: 'Component Stack' }
06-23 20:00:36.879  8074  8202 W ReactNativeJS: 'This method is deprecated (as well as all React Native Firebase namespaced API) and will be removed in the next major release as part of move to match Firebase Web modular SDK API. Please see migration guide for more details: https://rnfirebase.io/migrating-to-v22 Please use `getApp()` instead.', { [Component Stack] name: 'Component Stack' }
06-23 20:00:36.905  8074  8202 W ReactNativeJS: 'This method is deprecated (as well as all React Native Firebase namespaced API) and will be removed in the next major release as part of move to match Firebase Web modular SDK API. Please see migration guide for more details: https://rnfirebase.io/migrating-to-v22 Please use `getApp()` instead.', { [Component Stack] name: 'Component Stack' }
06-23 20:00:36.923  8074  8202 W ReactNativeJS: 'This method is deprecated (as well as all React Native Firebase namespaced API) and will be removed in the next major release as part of move to match Firebase Web modular SDK API. Please see migration guide for more details: https://rnfirebase.io/migrating-to-v22. Method called was `settings`. Please use `settings()` instead.', { [Component Stack] name: 'Component Stack' }
06-23 20:00:36.944  8074  8202 W ReactNativeJS: 'This method is deprecated (as well as all React Native Firebase namespaced API) and will be removed in the next major release as part of move to match Firebase Web modular SDK API. Please see migration guide for more details: https://rnfirebase.io/migrating-to-v22 Please use `getApp()` instead.', { [Component Stack] name: 'Component Stack' }
06-23 20:00:36.954  8074  8202 W ReactNativeJS: 'This method is deprecated (as well as all React Native Firebase namespaced API) and will be removed in the next major release as part of move to match Firebase Web modular SDK API. Please see migration guide for more details: https://rnfirebase.io/migrating-to-v22. Method called was `logEvent`. Please use `logEvent()` instead.', { [Component Stack] name: 'Component Stack' }
06-23 20:00:37.090  1909  2225 I ActivityManager: Changes in 99215 19 to 3, 0 to 184
06-23 20:00:47.163  1909  4206 I ActivityManager: Changes in 99215 3 to 10, 184 to 0
06-23 20:03:51.007  1909  1972 I ActivityManager: Changes in 10099 19 to 11, 0 to 128
06-23 20:03:51.074  1909  1973 I ActivityManager: Start proc 8380:com.skt.skaf.OA00018282/u0a104 for content provider {com.skt.skaf.OA00018282/com.onestore.utils.ApiContentProvider}
06-23 20:03:51.074  1909  1973 I ActivityManager: ProcessObserver broadcast disabled
06-23 20:03:52.220  1909  2720 I ActivityManager: Changes in 99215 19 to 8, 0 to 128
06-23 20:03:52.220  1909  2720 I ActivityManager: Changes in 10104 19 to 8, 0 to 128
06-23 20:03:53.109  1909  2224 I ActivityManager: Killing 7129:com.google.android.apps.carrier.carrierwifi/u0a241 (adj 975): empty #25
06-23 20:03:57.221  1909  1971 I ActivityManager: Changes in 99215 19 to 19, 128 to 0
06-23 20:03:57.221  1909  1971 I ActivityManager: Changes in 10104 19 to 19, 128 to 0
06-23 20:04:01.015  1909  2065 I ActivityManager: Changes in 10099 19 to 19, 128 to 0
06-23 20:05:16.345  1909  1972 I ActivityManager: Changes in 10108 10 to 10, 0 to 128
06-23 20:05:16.350  1909  4342 I ActivityManager: Changes in 10108 10 to 10, 128 to 0
06-23 20:05:16.354  1909  2065 I ActivityManager: Changes in 10095 19 to 8, 0 to 128
06-23 20:05:16.372  1909  2769 I ActivityManager: Changes in 10095 8 to 10, 128 to 0
06-23 20:06:58.720  1909  1972 I ActivityManager: Changes in 10096 19 to 11, 0 to 128
06-23 20:06:58.742  1909  2769 I ActivityManager: Changes in 99215 19 to 5, 0 to 184
06-23 20:07:08.733  1909  2065 I ActivityManager: Changes in 10096 19 to 19, 128 to 0
06-23 20:07:13.775  1909  2057 I ActivityManager: Changes in 99215 5 to 10, 184 to 0
06-23 20:08:52.130  1909  1973 I ActivityManager: Start proc 8566:com.google.android.partnersetup/u0a243 for service {com.google.android.partnersetup/com.google.android.partnersetup.InstalledAppJobService}
06-23 20:08:52.132  1909  1973 I ActivityManager: ProcessObserver broadcast disabled
06-23 20:08:52.133  1909  2065 I ActivityManager: Changes in 10099 19 to 8, 0 to 128
06-23 20:08:52.145  1909  1973 I ActivityManager: Start proc 8568:com.google.android.apps.turbo:aab/u0a250 for service {com.google.android.apps.turbo/com.google.android.libraries.smartbattery.appusage.library.InferAppBucketsJob}
06-23 20:08:52.146  1909  1973 I ActivityManager: ProcessObserver broadcast disabled
06-23 20:08:52.179  1909  1972 I ActivityManager: Changes in 10096 19 to 11, 0 to 128
06-23 20:08:52.184  1909  2769 I ActivityManager: Changes in 10096 11 to 19, 128 to 0
06-23 20:08:52.191  1909  2065 I ActivityManager: Changes in 10248 19 to 8, 0 to 128
06-23 20:08:52.196  1909  2769 I ActivityManager: Changes in 10099 8 to 10, 128 to 0
06-23 20:08:52.205  1909  1933 I ActivityManager: Changes in 10248 8 to 10, 128 to 0
06-23 20:08:52.211  1909  2065 I ActivityManager: Changes in 10248 19 to 8, 0 to 128
06-23 20:08:52.240  1909  1933 I ActivityManager: Changes in 10243 19 to 8, 0 to 128
06-23 20:08:52.252  1909  2776 I ActivityManager: Changes in 10248 8 to 10, 128 to 0
06-23 20:08:52.266  1909  2537 I ActivityManager: Changes in 10250 19 to 8, 0 to 128
06-23 20:08:52.268  1909  2537 I ActivityManager: Changes in 10243 8 to 10, 128 to 0
06-23 20:08:52.272  1909  1933 I ActivityManager: Killing 7253:com.samsung.android.mapsagent/u0a183 (adj 975): empty #25
06-23 20:08:52.341  1909  2065 I ActivityManager: Changes in 10243 19 to 8, 0 to 128
06-23 20:08:52.373  1909  2057 I ActivityManager: Changes in 10243 8 to 10, 128 to 0
06-23 20:08:52.494  1909  2065 I ActivityManager: Changes in 10243 19 to 8, 0 to 128
06-23 20:08:52.517  1909  2769 I ActivityManager: Changes in 10243 8 to 10, 128 to 0
06-23 20:08:52.607  1909  2769 I ActivityManager: Changes in 10250 8 to 10, 128 to 0
06-23 20:08:52.615  1909  2776 I ActivityManager: Killing 7284:com.google.android.videos/u0a311 (adj 975): empty #25
06-23 20:08:52.620  1909  2065 I ActivityManager: Changes in 10243 19 to 8, 0 to 128
06-23 20:08:52.641  1909  2769 I ActivityManager: Changes in 99215 19 to 8, 0 to 128
06-23 20:08:52.785  1909  2057 I ActivityManager: Changes in 99215 8 to 10, 128 to 0
06-23 20:08:52.785  1909  2057 I ActivityManager: Changes in 10243 8 to 10, 128 to 0
06-23 20:09:44.688  1909  2065 I ActivityManager: Changes in 5004 19 to 8, 0 to 128
06-23 20:09:44.709  1909  3050 I ActivityManager: Changes in 5004 8 to 10, 128 to 0
06-23 20:11:30.889  8074  8705 W ReactNativeJS: 'Require cycle: src\\game\\playerInventory.ts -> src\\game\\durability\\index.ts -> src\\game\\durability\\durabilityModel.ts -> src\\game\\survivalPodShip.ts -> src\\game\\playerInventory.ts\n\nRequire cycles are allowed, but can result in uninitialized values. Consider refactoring to remove the need for a cycle.', { [Component Stack] name: 'Component Stack' }
06-23 20:11:56.573  1909  1973 I ActivityManager: Start proc 8723:com.samsung.aasaservice/1000 for service {com.samsung.aasaservice/com.samsung.aasaservice.AASAJobService}
06-23 20:11:56.573  1909  1973 I ActivityManager: ProcessObserver broadcast disabled
06-23 20:11:56.698  1909  4206 I ActivityManager: Changes in 10198 19 to 8, 0 to 128
06-23 20:11:56.712  1909  2769 I ActivityManager: Changes in 10198 8 to 10, 128 to 0
06-23 20:11:56.720  1909  2769 I ActivityManager: Killing 7348:android.process.media/u0a66 (adj 965): empty #25
06-23 20:12:01.101  8074  8705 W ReactNativeJS: 'This method is deprecated (as well as all React Native Firebase namespaced API) and will be removed in the next major release as part of move to match Firebase Web modular SDK API. Please see migration guide for more details: https://rnfirebase.io/migrating-to-v22 Please use `getApp()` instead.', { [Component Stack] name: 'Component Stack' }
06-23 20:12:01.114  8074  8705 W ReactNativeJS: 'This method is deprecated (as well as all React Native Firebase namespaced API) and will be removed in the next major release as part of move to match Firebase Web modular SDK API. Please see migration guide for more details: https://rnfirebase.io/migrating-to-v22 Please use `getApp()` instead.', { [Component Stack] name: 'Component Stack' }
06-23 20:12:01.131  8074  8705 W ReactNativeJS: 'This method is deprecated (as well as all React Native Firebase namespaced API) and will be removed in the next major release as part of move to match Firebase Web modular SDK API. Please see migration guide for more details: https://rnfirebase.io/migrating-to-v22. Method called was `settings`. Please use `settings()` instead.', { [Component Stack] name: 'Component Stack' }
06-23 20:12:01.149  8074  8705 W ReactNativeJS: 'This method is deprecated (as well as all React Native Firebase namespaced API) and will be removed in the next major release as part of move to match Firebase Web modular SDK API. Please see migration guide for more details: https://rnfirebase.io/migrating-to-v22 Please use `getApp()` instead.', { [Component Stack] name: 'Component Stack' }
06-23 20:12:01.161  8074  8705 W ReactNativeJS: 'This method is deprecated (as well as all React Native Firebase namespaced API) and will be removed in the next major release as part of move to match Firebase Web modular SDK API. Please see migration guide for more details: https://rnfirebase.io/migrating-to-v22. Method called was `logEvent`. Please use `logEvent()` instead.', { [Component Stack] name: 'Component Stack' }
06-23 20:12:01.191  1909  4206 I ActivityManager: Changes in 99215 19 to 3, 0 to 184
06-23 20:12:11.227  1909  2769 I ActivityManager: Changes in 99215 3 to 10, 184 to 0
06-23 20:13:13.918  8074  8805 W ReactNativeJS: 'This method is deprecated (as well as all React Native Firebase namespaced API) and will be removed in the next major release as part of move to match Firebase Web modular SDK API. Please see migration guide for more details: https://rnfirebase.io/migrating-to-v22 Please use `getApp()` instead.', { [Component Stack] name: 'Component Stack' }
06-23 20:13:13.935  8074  8805 W ReactNativeJS: 'This method is deprecated (as well as all React Native Firebase namespaced API) and will be removed in the next major release as part of move to match Firebase Web modular SDK API. Please see migration guide for more details: https://rnfirebase.io/migrating-to-v22 Please use `getApp()` instead.', { [Component Stack] name: 'Component Stack' }
06-23 20:13:13.951  8074  8805 W ReactNativeJS: 'This method is deprecated (as well as all React Native Firebase namespaced API) and will be removed in the next major release as part of move to match Firebase Web modular SDK API. Please see migration guide for more details: https://rnfirebase.io/migrating-to-v22. Method called was `settings`. Please use `settings()` instead.', { [Component Stack] name: 'Component Stack' }
06-23 20:13:13.970  8074  8805 W ReactNativeJS: 'This method is deprecated (as well as all React Native Firebase namespaced API) and will be removed in the next major release as part of move to match Firebase Web modular SDK API. Please see migration guide for more details: https://rnfirebase.io/migrating-to-v22 Please use `getApp()` instead.', { [Component Stack] name: 'Component Stack' }
06-23 20:13:13.983  8074  8805 W ReactNativeJS: 'This method is deprecated (as well as all React Native Firebase namespaced API) and will be removed in the next major release as part of move to match Firebase Web modular SDK API. Please see migration guide for more details: https://rnfirebase.io/migrating-to-v22. Method called was `logEvent`. Please use `logEvent()` instead.', { [Component Stack] name: 'Component Stack' }
06-23 20:13:14.014  1909  2720 I ActivityManager: Changes in 99215 19 to 3, 0 to 184
06-23 20:13:24.071  1909  2720 I ActivityManager: Changes in 99215 3 to 10, 184 to 0
06-23 20:13:54.931  1909  1972 I ActivityManager: Changes in 10096 19 to 11, 0 to 128
06-23 20:13:54.936  1909  2870 I ActivityManager: Changes in 10096 11 to 19, 128 to 0
06-23 20:15:23.760  1909  1965 I ActivityManager: Changes in 10209 7 to 5, 128 to 255
06-23 20:15:23.803  1909  1973 I ActivityManager: Start proc 8909:com.samsung.android.samsungpassautofill/u0a207 for service {com.samsung.android.samsungpassautofill/com.samsung.android.samsungpassautofill.AutofillServiceMain}
06-23 20:15:23.805  1909  1973 I ActivityManager: ProcessObserver broadcast disabled
06-23 20:15:23.994  1909  1973 I ActivityManager: Start proc 8935:com.osp.app.signin/u0a117 for content provider {com.osp.app.signin/com.samsung.android.samsungaccount.utils.accounts.AccountManagerProvider}
06-23 20:15:23.994  1909  1973 I ActivityManager: ProcessObserver broadcast disabled
06-23 20:15:24.020  1909  2720 I ActivityManager: Changes in 10207 19 to 6, 0 to 128
06-23 20:15:24.059  1909  1973 I ActivityManager: Start proc 8948:com.samsung.android.samsungpass/u0a127 for content provider {com.samsung.android.samsungpass/com.samsung.android.samsungpass.passservice.provider.SamsungPassProvider}
06-23 20:15:24.059  1909  1973 I ActivityManager: ProcessObserver broadcast disabled
06-23 20:15:24.461  1909  2057 I ActivityManager: Changes in 10127 19 to 6, 0 to 128
06-23 20:15:24.471  1909  1973 I ActivityManager: Start proc 9022:com.samsung.android.authfw/5278 for service {com.samsung.android.authfw/com.samsung.android.authfw.pass.PassService}
06-23 20:15:24.471  1909  1973 I ActivityManager: ProcessObserver broadcast disabled
06-23 20:15:24.526  1909  2057 I ActivityManager: Changes in 99215 19 to 5, 0 to 184
06-23 20:15:24.526  1909  2057 I ActivityManager: Changes in 10117 19 to 5, 0 to 144
06-23 20:15:24.609  1909  4340 I ActivityManager: Changes in 5278 19 to 6, 0 to 128
06-23 20:15:29.681  1909  1909 I ActivityManager: Changes in 10207 6 to 10, 128 to 0
06-23 20:15:29.681  1909  1909 I ActivityManager: Changes in 10127 6 to 10, 128 to 0
06-23 20:15:29.682  1909  1909 I ActivityManager: Changes in 5278 6 to 10, 128 to 0
06-23 20:15:29.683  1909  4340 I ActivityManager: Killing 7386:com.samsung.android.mdm/u0a185 (adj 965): empty #25
06-23 20:15:30.505  1909  1971 I ActivityManager: Changes in 99215 5 to 15, 184 to 0
06-23 20:15:30.506  1909  1971 I ActivityManager: Changes in 10117 5 to 15, 144 to 0
06-23 20:15:32.245  1909  1965 I ActivityManager: Changes in 10209 5 to 7, 255 to 128
06-23 20:15:32.409  8074  8805 W ReactNativeJS: This method is deprecated (as well as all React Native Firebase namespaced API) and will be removed in the next major release as part of move to match Firebase Web modular SDK API. Please see migration guide for more details: https://rnfirebase.io/migrating-to-v22. Method called was `FieldValue`. Please use `FieldValue` instead.
06-23 20:15:32.409  8074  8805 W ReactNativeJS: This method is deprecated (as well as all React Native Firebase namespaced API) and will be removed in the next major release as part of move to match Firebase Web modular SDK API. Please see migration guide for more details: https://rnfirebase.io/migrating-to-v22. Method called was `serverTimestamp`. Please use `serverTimestamp()` instead.
06-23 20:15:32.410  8074  8805 W ReactNativeJS: This method is deprecated (as well as all React Native Firebase namespaced API) and will be removed in the next major release as part of move to match Firebase Web modular SDK API. Please see migration guide for more details: https://rnfirebase.io/migrating-to-v22. Method called was `FieldValue`. Please use `FieldValue` instead.
06-23 20:15:32.410  8074  8805 W ReactNativeJS: This method is deprecated (as well as all React Native Firebase namespaced API) and will be removed in the next major release as part of move to match Firebase Web modular SDK API. Please see migration guide for more details: https://rnfirebase.io/migrating-to-v22. Method called was `serverTimestamp`. Please use `serverTimestamp()` instead.
06-23 20:15:32.574  8074  8805 W ReactNativeJS: This method is deprecated (as well as all React Native Firebase namespaced API) and will be removed in the next major release as part of move to match Firebase Web modular SDK API. Please see migration guide for more details: https://rnfirebase.io/migrating-to-v22. Method called was `FieldValue`. Please use `FieldValue` instead.
06-23 20:15:32.575  8074  8805 W ReactNativeJS: This method is deprecated (as well as all React Native Firebase namespaced API) and will be removed in the next major release as part of move to match Firebase Web modular SDK API. Please see migration guide for more details: https://rnfirebase.io/migrating-to-v22. Method called was `delete`. Please use `deleteField()` instead.
06-23 20:15:32.575  8074  8805 W ReactNativeJS: This method is deprecated (as well as all React Native Firebase namespaced API) and will be removed in the next major release as part of move to match Firebase Web modular SDK API. Please see migration guide for more details: https://rnfirebase.io/migrating-to-v22. Method called was `FieldValue`. Please use `FieldValue` instead.
06-23 20:15:32.575  8074  8805 W ReactNativeJS: This method is deprecated (as well as all React Native Firebase namespaced API) and will be removed in the next major release as part of move to match Firebase Web modular SDK API. Please see migration guide for more details: https://rnfirebase.io/migrating-to-v22. Method called was `serverTimestamp`. Please use `serverTimestamp()` instead.
06-23 20:15:34.465  8074  8805 W ReactNativeJS: This method is deprecated (as well as all React Native Firebase namespaced API) and will be removed in the next major release as part of move to match Firebase Web modular SDK API. Please see migration guide for more details: https://rnfirebase.io/migrating-to-v22. Method called was `FieldValue`. Please use `FieldValue` instead.
06-23 20:15:34.466  8074  8805 W ReactNativeJS: This method is deprecated (as well as all React Native Firebase namespaced API) and will be removed in the next major release as part of move to match Firebase Web modular SDK API. Please see migration guide for more details: https://rnfirebase.io/migrating-to-v22. Method called was `delete`. Please use `deleteField()` instead.
06-23 20:15:34.467  8074  8805 W ReactNativeJS: This method is deprecated (as well as all React Native Firebase namespaced API) and will be removed in the next major release as part of move to match Firebase Web modular SDK API. Please see migration guide for more details: https://rnfirebase.io/migrating-to-v22. Method called was `FieldValue`. Please use `FieldValue` instead.
06-23 20:15:34.469  8074  8805 W ReactNativeJS: This method is deprecated (as well as all React Native Firebase namespaced API) and will be removed in the next major release as part of move to match Firebase Web modular SDK API. Please see migration guide for more details: https://rnfirebase.io/migrating-to-v22. Method called was `serverTimestamp`. Please use `serverTimestamp()` instead.
06-23 20:15:34.577  1909  4340 I ActivityManager: Killing 6964:com.samsung.klmsagent/u0a83 (adj 955): empty #25
06-23 20:15:34.579  1909  4340 I ActivityManager: Killing 7420:com.samsung.android.privacydashboard/u0a107 (adj 965): empty #26
06-23 20:15:50.505  1909  1972 I ActivityManager: Killing 7844:com.samsung.android.sm.devicesecurity/u0a214 (adj 935): empty #25
06-23 20:16:37.830  1909  1972 I ActivityManager: Changes in 10096 19 to 11, 0 to 128
06-23 20:16:37.835  1909  2769 I ActivityManager: Changes in 10096 11 to 19, 128 to 0
06-23 20:17:57.330  1909  1973 I ActivityManager: Start proc 9198:com.samsung.android.privacydashboard/u0a107 for content provider {com.samsung.android.privacydashboard/com.samsung.android.privacydashboard.provider.PermissionAccessInformationContentProvider}
06-23 20:17:57.330  1909  1973 I ActivityManager: ProcessObserver broadcast disabled
06-23 20:17:57.435  1909  2057 I ActivityManager: Changes in 10107 19 to 5, 0 to 144
06-23 20:18:03.541  1909  1971 I ActivityManager: Changes in 10107 5 to 15, 144 to 0
06-23 20:18:14.848  1909  1972 I ActivityManager: Changes in 10096 19 to 11, 0 to 128
06-23 20:18:14.856  1909  2057 I ActivityManager: Changes in 99215 19 to 5, 0 to 184
06-23 20:18:24.853  1909  2065 I ActivityManager: Changes in 10096 19 to 19, 128 to 0
06-23 20:18:29.897  1909  4211 I ActivityManager: Changes in 99215 5 to 10, 184 to 0
06-23 20:18:29.909  1909  2870 I ActivityManager: Killing 7201:com.samsung.android.forest/1000 (adj 935): empty #25
06-23 20:18:35.002  1909  1972 I ActivityManager: Changes in 10096 19 to 11, 0 to 128
06-23 20:18:45.004  1909  2065 I ActivityManager: Changes in 10096 19 to 19, 128 to 0
06-23 20:18:54.329  8074  8805 W ReactNativeJS: This method is deprecated (as well as all React Native Firebase namespaced API) and will be removed in the next major release as part of move to match Firebase Web modular SDK API. Please see migration guide for more details: https://rnfirebase.io/migrating-to-v22. Method called was `FieldValue`. Please use `FieldValue` instead.
06-23 20:18:54.331  8074  8805 W ReactNativeJS: This method is deprecated (as well as all React Native Firebase namespaced API) and will be removed in the next major release as part of move to match Firebase Web modular SDK API. Please see migration guide for more details: https://rnfirebase.io/migrating-to-v22. Method called was `delete`. Please use `deleteField()` instead.
06-23 20:18:54.332  8074  8805 W ReactNativeJS: This method is deprecated (as well as all React Native Firebase namespaced API) and will be removed in the next major release as part of move to match Firebase Web modular SDK API. Please see migration guide for more details: https://rnfirebase.io/migrating-to-v22. Method called was `FieldValue`. Please use `FieldValue` instead.
06-23 20:18:54.333  8074  8805 W ReactNativeJS: This method is deprecated (as well as all React Native Firebase namespaced API) and will be removed in the next major release as part of move to match Firebase Web modular SDK API. Please see migration guide for more details: https://rnfirebase.io/migrating-to-v22. Method called was `serverTimestamp`. Please use `serverTimestamp()` instead.
06-23 20:20:40.591  1909  1972 I ActivityManager: Changes in 10096 19 to 11, 0 to 128
06-23 20:20:40.596  1909  2057 I ActivityManager: Changes in 10096 11 to 19, 128 to 0
06-23 20:20:40.600  1909  2065 I ActivityManager: Changes in 10095 19 to 8, 0 to 128
06-23 20:20:40.613  1909  2769 I ActivityManager: Changes in 10095 8 to 10, 128 to 0
06-23 20:21:19.500  8074  8805 W ReactNativeJS: This method is deprecated (as well as all React Native Firebase namespaced API) and will be removed in the next major release as part of move to match Firebase Web modular SDK API. Please see migration guide for more details: https://rnfirebase.io/migrating-to-v22. Method called was `FieldValue`. Please use `FieldValue` instead.
06-23 20:21:19.500  8074  8805 W ReactNativeJS: This method is deprecated (as well as all React Native Firebase namespaced API) and will be removed in the next major release as part of move to match Firebase Web modular SDK API. Please see migration guide for more details: https://rnfirebase.io/migrating-to-v22. Method called was `delete`. Please use `deleteField()` instead.
06-23 20:21:19.500  8074  8805 W ReactNativeJS: This method is deprecated (as well as all React Native Firebase namespaced API) and will be removed in the next major release as part of move to match Firebase Web modular SDK API. Please see migration guide for more details: https://rnfirebase.io/migrating-to-v22. Method called was `FieldValue`. Please use `FieldValue` instead.
06-23 20:21:19.501  8074  8805 W ReactNativeJS: This method is deprecated (as well as all React Native Firebase namespaced API) and will be removed in the next major release as part of move to match Firebase Web modular SDK API. Please see migration guide for more details: https://rnfirebase.io/migrating-to-v22. Method called was `serverTimestamp`. Please use `serverTimestamp()` instead.
06-23 20:21:33.114  1909  1973 I ActivityManager: Start proc 9361:com.samsung.faceservice/5004 for service {com.samsung.faceservice/androidx.work.impl.background.systemjob.SystemJobService}
06-23 20:21:33.114  1909  1973 I ActivityManager: ProcessObserver broadcast disabled
06-23 20:21:33.308  1909  3050 I ActivityManager: Changes in 5004 19 to 8, 0 to 128
06-23 20:21:33.363  1909  3050 I ActivityManager: Changes in 5004 8 to 10, 128 to 0
06-23 20:21:33.368  1909  2769 I ActivityManager: Killing 7368:com.samsung.android.provider.filterprovider/1000 (adj 925): empty #25
06-23 20:22:36.962  8074  8805 E ReactNativeJS: ReferenceError: Property 'isTransitCombatPostFlowRunning' doesn't exist
06-23 20:22:36.962  8074  8805 E ReactNativeJS: 
06-23 20:22:36.962  8074  8805 E ReactNativeJS: This error is located at:
06-23 20:22:36.962  8074  8805 E ReactNativeJS:     in LevelUpOverlayBridge (created by RootLayout)
06-23 20:22:36.962  8074  8805 E ReactNativeJS:     in RNGestureHandlerRootView (created by GestureHandlerRootView)
06-23 20:22:36.962  8074  8805 E ReactNativeJS:     in GestureHandlerRootView (created by RootLayout)
06-23 20:22:36.962  8074  8805 E ReactNativeJS:     in RootLayout
06-23 20:22:36.962  8074  8805 E ReactNativeJS:     in Unknown (created by Route())
06-23 20:22:36.962  8074  8805 E ReactNativeJS:     in Suspense (created by Route())
06-23 20:22:36.962  8074  8805 E ReactNativeJS:     in Route (created by Route())
06-23 20:22:36.962  8074  8805 E ReactNativeJS:     in Route() (created by ContextNavigator)
06-23 20:22:36.962  8074  8805 E ReactNativeJS:     in RNCSafeAreaProvider (created by SafeAreaProvider)
06-23 20:22:36.962  8074  8805 E ReactNativeJS:     in SafeAreaProvider (created by wrapper)
06-23 20:22:36.962  8074  8805 E ReactNativeJS:     in wrapper (created by ContextNavigator)
06-23 20:22:36.962  8074  8805 E ReactNativeJS:     in EnsureSingleNavigator
06-23 20:22:36.962  8074  8805 E ReactNativeJS:     in BaseNavigationContainer
06-23 20:22:36.962  8074  8805 E ReactNativeJS:     in ThemeProvider
06-23 20:22:36.962  8074  8805 E ReactNativeJS:     in NavigationContainerInner (created by ContextNavigator)
06-23 20:22:36.962  8074  8805 E ReactNativeJS:     in ContextNavigator (created by ExpoRoot)
06-23 20:22:36.962  8074  8805 E ReactNativeJS:     in ExpoRoot (created by App)
06-23 20:22:36.962  8074  8805 E ReactNativeJS:     in App (created by ErrorOverlay)
06-23 20:22:36.962  8074  8805 E ReactNativeJS:     in ErrorToastContainer (created by ErrorOverlay)
06-23 20:22:36.962  8074  8805 E ReactNativeJS:     in ErrorOverlay (created by withDevTools(ErrorOverlay))
06-23 20:22:36.962  8074  8805 E ReactNativeJS:     in withDevTools(ErrorOverlay)
06-23 20:22:36.962  8074  8805 E ReactNativeJS:     in RCTView (created by View)
06-23 20:22:36.962  8074  8805 E ReactNativeJS:     in View (created by AppContainer)
06-23 20:22:36.962  8074  8805 E ReactNativeJS:     in RCTView (created by View)
06-23 20:22:36.962  8074  8805 E ReactNativeJS:     in View (created by AppContainer)
06-23 20:22:36.962  8074  8805 E ReactNativeJS:     in AppContainer
06-23 20:22:36.962  8074  8805 E ReactNativeJS:     in main(RootComponent)
06-23 20:22:36.998  8074  8805 E ReactNativeJS: ReferenceError: Property 'isTransitCombatPostFlowRunning' doesn't exist
06-23 20:22:36.998  8074  8805 E ReactNativeJS: 
06-23 20:22:36.998  8074  8805 E ReactNativeJS: This error is located at:
06-23 20:22:36.998  8074  8805 E ReactNativeJS:     in LevelUpOverlayBridge (created by RootLayout)
06-23 20:22:36.998  8074  8805 E ReactNativeJS:     in RNGestureHandlerRootView (created by GestureHandlerRootView)
06-23 20:22:36.998  8074  8805 E ReactNativeJS:     in GestureHandlerRootView (created by RootLayout)
06-23 20:22:36.998  8074  8805 E ReactNativeJS:     in RootLayout
06-23 20:22:36.998  8074  8805 E ReactNativeJS:     in Unknown (created by Route())
06-23 20:22:36.998  8074  8805 E ReactNativeJS:     in Suspense (created by Route())
06-23 20:22:36.998  8074  8805 E ReactNativeJS:     in Route (created by Route())
06-23 20:22:36.998  8074  8805 E ReactNativeJS:     in Route() (created by ContextNavigator)
06-23 20:22:36.998  8074  8805 E ReactNativeJS:     in RNCSafeAreaProvider (created by SafeAreaProvider)
06-23 20:22:36.998  8074  8805 E ReactNativeJS:     in SafeAreaProvider (created by wrapper)
06-23 20:22:36.998  8074  8805 E ReactNativeJS:     in wrapper (created by ContextNavigator)
06-23 20:22:36.998  8074  8805 E ReactNativeJS:     in EnsureSingleNavigator
06-23 20:22:36.998  8074  8805 E ReactNativeJS:     in BaseNavigationContainer
06-23 20:22:36.998  8074  8805 E ReactNativeJS:     in ThemeProvider
06-23 20:22:36.998  8074  8805 E ReactNativeJS:     in NavigationContainerInner (created by ContextNavigator)
06-23 20:22:36.998  8074  8805 E ReactNativeJS:     in ContextNavigator (created by ExpoRoot)
06-23 20:22:36.998  8074  8805 E ReactNativeJS:     in ExpoRoot (created by App)
06-23 20:22:36.998  8074  8805 E ReactNativeJS:     in App (created by ErrorOverlay)
06-23 20:22:36.998  8074  8805 E ReactNativeJS:     in ErrorToastContainer (created by ErrorOverlay)
06-23 20:22:36.998  8074  8805 E ReactNativeJS:     in ErrorOverlay (created by withDevTools(ErrorOverlay))
06-23 20:22:36.998  8074  8805 E ReactNativeJS:     in withDevTools(ErrorOverlay)
06-23 20:22:36.998  8074  8805 E ReactNativeJS:     in RCTView (created by View)
06-23 20:22:36.998  8074  8805 E ReactNativeJS:     in View (created by AppContainer)
06-23 20:22:36.998  8074  8805 E ReactNativeJS:     in RCTView (created by View)
06-23 20:22:36.998  8074  8805 E ReactNativeJS:     in View (created by AppContainer)
06-23 20:22:36.998  8074  8805 E ReactNativeJS:     in AppContainer
06-23 20:22:36.998  8074  8805 E ReactNativeJS:     in main(RootComponent)
06-23 20:22:39.880  8074  8805 W ReactNativeJS: 'This method is deprecated (as well as all React Native Firebase namespaced API) and will be removed in the next major release as part of move to match Firebase Web modular SDK API. Please see migration guide for more details: https://rnfirebase.io/migrating-to-v22 Please use `getApp()` instead.', { [Component Stack] name: 'Component Stack' }
06-23 20:22:39.896  8074  8805 W ReactNativeJS: 'This method is deprecated (as well as all React Native Firebase namespaced API) and will be removed in the next major release as part of move to match Firebase Web modular SDK API. Please see migration guide for more details: https://rnfirebase.io/migrating-to-v22 Please use `getApp()` instead.', { [Component Stack] name: 'Component Stack' }
06-23 20:22:39.909  8074  8805 W ReactNativeJS: 'This method is deprecated (as well as all React Native Firebase namespaced API) and will be removed in the next major release as part of move to match Firebase Web modular SDK API. Please see migration guide for more details: https://rnfirebase.io/migrating-to-v22. Method called was `logEvent`. Please use `logEvent()` instead.', { [Component Stack] name: 'Component Stack' }
06-23 20:22:39.968  1909  4225 I ActivityManager: Changes in 99215 19 to 3, 0 to 184
06-23 20:22:40.039  8074  8805 W ReactNativeJS: This method is deprecated (as well as all React Native Firebase namespaced API) and will be removed in the next major release as part of move to match Firebase Web modular SDK API. Please see migration guide for more details: https://rnfirebase.io/migrating-to-v22. Method called was `FieldValue`. Please use `FieldValue` instead.
06-23 20:22:40.040  8074  8805 W ReactNativeJS: This method is deprecated (as well as all React Native Firebase namespaced API) and will be removed in the next major release as part of move to match Firebase Web modular SDK API. Please see migration guide for more details: https://rnfirebase.io/migrating-to-v22. Method called was `delete`. Please use `deleteField()` instead.
06-23 20:22:40.040  8074  8805 W ReactNativeJS: This method is deprecated (as well as all React Native Firebase namespaced API) and will be removed in the next major release as part of move to match Firebase Web modular SDK API. Please see migration guide for more details: https://rnfirebase.io/migrating-to-v22. Method called was `FieldValue`. Please use `FieldValue` instead.
06-23 20:22:40.041  8074  8805 W ReactNativeJS: This method is deprecated (as well as all React Native Firebase namespaced API) and will be removed in the next major release as part of move to match Firebase Web modular SDK API. Please see migration guide for more details: https://rnfirebase.io/migrating-to-v22. Method called was `serverTimestamp`. Please use `serverTimestamp()` instead.
06-23 20:22:50.031  1909  3050 I ActivityManager: Changes in 99215 3 to 10, 184 to 0
06-23 20:23:09.786  1909  1973 I ActivityManager: Start proc 9425:com.samsung.android.dqagent/1000 for broadcast {com.samsung.android.dqagent/com.samsung.android.dqagent.receiver.DQADataReceiver}
06-23 20:23:09.786  1909  1973 I ActivityManager: ProcessObserver broadcast disabled
06-23 20:23:09.992  1909  3050 I ActivityManager: Killing 7929:com.google.android.packageinstaller/u0a78 (adj 925): empty #25
06-23 20:23:52.229  1909  2065 I ActivityManager: Changes in 10099 19 to 8, 0 to 128
06-23 20:23:52.237  1909  2065 I ActivityManager: Changes in 10248 19 to 8, 0 to 128
06-23 20:23:52.254  1909  4225 I ActivityManager: Changes in 10099 8 to 10, 128 to 0
06-23 20:23:52.265  1909  2769 I ActivityManager: Changes in 10248 8 to 10, 128 to 0
06-23 20:23:52.275  1909  2065 I ActivityManager: Changes in 10248 19 to 8, 0 to 128
06-23 20:23:52.293  1909  2769 I ActivityManager: Changes in 10248 8 to 10, 128 to 0
06-23 20:24:09.079  1909  2065 I ActivityManager: Changes in 5004 19 to 8, 0 to 128
06-23 20:24:09.092  1909  4340 I ActivityManager: Changes in 5004 8 to 10, 128 to 0
06-23 20:24:19.782  1909  2769 I ActivityManager: Changes in 99215 19 to 5, 0 to 184
06-23 20:24:24.552  1909  4340 W ActivityManager: pid 24971 com.google.android.gms.persistent sent binder code 2 with flags 1 to frozen apps and got error -32
06-23 20:24:24.773  1909  1973 I ActivityManager: Start proc 9492:com.samsung.android.app.sharelive/5026 for broadcast {com.samsung.android.app.sharelive/com.samsung.android.app.sharelive.presentation.receiver.NearbyShareReceiver}
06-23 20:24:24.773  1909  1973 I ActivityManager: ProcessObserver broadcast disabled
06-23 20:24:25.079  1909  4340 I ActivityManager: Changes in 5026 19 to 11, 0 to 128
06-23 20:24:25.079  1909  4340 I ActivityManager: Changes in 5025 8 to 8, 0 to 128
06-23 20:24:25.082  1909  4211 I ActivityManager: Changes in 10117 19 to 11, 0 to 128
06-23 20:24:25.096  1909  2057 I ActivityManager: Changes in 10117 11 to 19, 128 to 0
06-23 20:24:25.097  1909  2057 I ActivityManager: Changes in 5026 11 to 19, 128 to 0
06-23 20:24:25.097  1909  2057 I ActivityManager: Changes in 5025 8 to 8, 128 to 0
06-23 20:24:34.881  1909  4211 I ActivityManager: Changes in 99215 5 to 10, 184 to 0
06-23 20:24:34.889  1909  2057 I ActivityManager: Killing 7528:com.samsung.android.game.gos/u0a76 (adj 915): empty #25
06-23 20:25:18.599  8074  8805 W ReactNativeJS: This method is deprecated (as well as all React Native Firebase namespaced API) and will be removed in the next major release as part of move to match Firebase Web modular SDK API. Please see migration guide for more details: https://rnfirebase.io/migrating-to-v22. Method called was `FieldValue`. Please use `FieldValue` instead.
06-23 20:25:18.600  8074  8805 W ReactNativeJS: This method is deprecated (as well as all React Native Firebase namespaced API) and will be removed in the next major release as part of move to match Firebase Web modular SDK API. Please see migration guide for more details: https://rnfirebase.io/migrating-to-v22. Method called was `delete`. Please use `deleteField()` instead.
06-23 20:25:18.600  8074  8805 W ReactNativeJS: This method is deprecated (as well as all React Native Firebase namespaced API) and will be removed in the next major release as part of move to match Firebase Web modular SDK API. Please see migration guide for more details: https://rnfirebase.io/migrating-to-v22. Method called was `FieldValue`. Please use `FieldValue` instead.
06-23 20:25:18.600  8074  8805 W ReactNativeJS: This method is deprecated (as well as all React Native Firebase namespaced API) and will be removed in the next major release as part of move to match Firebase Web modular SDK API. Please see migration guide for more details: https://rnfirebase.io/migrating-to-v22. Method called was `serverTimestamp`. Please use `serverTimestamp()` instead.
06-23 20:25:21.106  8074  8805 E ReactNativeJS: TypeError: Cannot assign to read-only property 'current'
06-23 20:25:21.106  8074  8805 E ReactNativeJS: 
06-23 20:25:21.106  8074  8805 E ReactNativeJS: This error is located at:
06-23 20:25:21.106  8074  8805 E ReactNativeJS:     in WorldMapScreen
06-23 20:25:21.106  8074  8805 E ReactNativeJS:     in Unknown (created by Route(worldmap))
06-23 20:25:21.106  8074  8805 E ReactNativeJS:     in Suspense (created by Route(worldmap))
06-23 20:25:21.106  8074  8805 E ReactNativeJS:     in Route (created by Route(worldmap))
06-23 20:25:21.106  8074  8805 E ReactNativeJS:     in Route(worldmap) (created by SceneView)
06-23 20:25:21.106  8074  8805 E ReactNativeJS:     in StaticContainer
06-23 20:25:21.106  8074  8805 E ReactNativeJS:     in EnsureSingleNavigator (created by SceneView)
06-23 20:25:21.106  8074  8805 E ReactNativeJS:     in SceneView (created by SceneView)
06-23 20:25:21.106  8074  8805 E ReactNativeJS:     in RCTView (created by View)
06-23 20:25:21.106  8074  8805 E ReactNativeJS:     in View (created by DebugContainer)
06-23 20:25:21.106  8074  8805 E ReactNativeJS:     in DebugContainer (created by MaybeNestedStack)
06-23 20:25:21.106  8074  8805 E ReactNativeJS:     in MaybeNestedStack (created by SceneView)
06-23 20:25:21.106  8074  8805 E ReactNativeJS:     in RCTView (created by View)
06-23 20:25:21.106  8074  8805 E ReactNativeJS:     in View (created by SceneView)
06-23 20:25:21.106  8074  8805 E ReactNativeJS:     in RNSScreen (created by Animated(Anonymous))
06-23 20:25:21.106  8074  8805 E ReactNativeJS:     in Animated(Anonymous) (created by InnerScreen)
06-23 20:25:21.106  8074  8805 E ReactNativeJS:     in Suspender (created by Freeze)
06-23 20:25:21.106  8074  8805 E ReactNativeJS:     in Suspense (created by Freeze)
06-23 20:25:21.106  8074  8805 E ReactNativeJS:     in Freeze (created by DelayedFreeze)
06-23 20:25:21.106  8074  8805 E ReactNativeJS:     in DelayedFreeze (created by InnerScreen)
06-23 20:25:21.106  8074  8805 E ReactNativeJS:     in InnerScreen (created by Screen)
06-23 20:25:21.106  8074  8805 E ReactNativeJS:     in Screen (created by SceneView)
06-23 20:25:21.106  8074  8805 E ReactNativeJS:     in SceneView (created by NativeStackViewInner)
06-23 20:25:21.106  8074  8805 E ReactNativeJS:     in Suspender (created by Freeze)
06-23 20:25:21.106  8074  8805 E ReactNativeJS:     in Suspense (created by Freeze)
06-23 20:25:21.106  8074  8805 E ReactNativeJS:     in Freeze (created by DelayedFreeze)
06-23 20:25:21.106  8074  8805 E ReactNativeJS:     in DelayedFreeze (created by ScreenStack)
06-23 20:25:21.106  8074  8805 E ReactNativeJS:     in RNSScreenStack (created by ScreenStack)
06-23 20:25:21.106  8074  8805 E ReactNativeJS:     in ScreenStack (created by NativeStackViewInner)
06-23 20:25:21.106  8074  8805 E ReactNativeJS:     in NativeStackViewInner (created by NativeStackView)
06-23 20:25:21.106  8074  8805 E ReactNativeJS:     in RCTView (created by View)
06-23 20:25:21.106  8074  8805 E ReactNativeJS:     in View (created by SafeAreaProviderCompat)
06-23 20:25:21.106  8074  8805 E ReactNativeJS:     in SafeAreaProviderCompat (created by NativeStackView)
06-23 20:25:21.106  8074  8805 E ReactNativeJS:     in NativeStackView (created by NativeStackNavigator)
06-23 20:25:21.106  8074  8805 E ReactNativeJS:     in PreventRemoveProvider (created by NavigationContent)
06-23 20:25:21.106  8074  8805 E ReactNativeJS:     in NavigationContent
06-23 20:25:21.106  8074  8805 E ReactNativeJS:     in Unknown (created by NativeStackNavigator)
06-23 20:25:21.106  8074  8805 E ReactNativeJS:     in NativeStackNavigator
06-23 20:25:21.106  8074  8805 E ReactNativeJS:     in Unknown (created by GameLayout)
06-23 20:25:21.106  8074  8805 E ReactNativeJS:     in GameLayout
06-23 20:25:21.106  8074  8805 E ReactNativeJS:     in Unknown (created by Route((game)))
06-23 20:25:21.106  8074  8805 E ReactNativeJS:     in Suspense (created by Route((game)))
06-23 20:25:21.106  8074  8805 E ReactNativeJS:     in Route (created by Route((game)))
06-23 20:25:21.106  8074  8805 E ReactNativeJS:     in Route((game)) (created by SceneView)
06-23 20:25:21.106  8074  8805 E ReactNativeJS:     in StaticContainer
06-23 20:25:21.106  8074  8805 E ReactNativeJS:     in EnsureSingleNavigator (created by SceneView)
06-23 20:25:21.106  8074  8805 E ReactNativeJS:     in SceneView (created by SceneView)
06-23 20:25:21.106  8074  8805 E ReactNativeJS:     in RCTView (created by View)
06-23 20:25:21.106  8074  8805 E ReactNativeJS:     in View (created by DebugContainer)
06-23 20:25:21.106  8074  8805 E ReactNativeJS:     in DebugContainer (created by MaybeNestedStack)
06-23 20:25:21.106  8074  8805 E ReactNativeJS:     in MaybeNestedStack (created by SceneView)
06-23 20:25:21.106  8074  8805 E ReactNativeJS:     in RCTView (created by View)
06-23 20:25:21.106  8074  8805 E ReactNativeJS:     in View (created by SceneView)
06-23 20:25:21.106  8074  8805 E ReactNativeJS:     in RNSScreen (created by Animated(Anonymous))
06-23 20:25:21.106  8074  8805 E ReactNativeJS:     in Animated(Anonymous) (created by InnerScreen)
06-23 20:25:21.106  8074  8805 E ReactNativeJS:     in Suspender (created by Freeze)
06-23 20:25:21.106  8074  8805 E ReactNativeJS:     in Suspense (created by Freeze)
06-23 20:25:21.106  8074  8805 E ReactNativeJS:     in Freeze (created by DelayedFreeze)
06-23 20:25:21.106  8074  8805 E ReactNativeJS:     in DelayedFreeze (created by InnerScreen)
06-23 20:25:21.106  8074  8805 E ReactNativeJS:     in InnerScreen (created by Screen)
06-23 20:25:21.106  8074  8805 E ReactNativeJS:     in Screen (created by SceneView)
06-23 20:25:21.106  8074  8805 E ReactNativeJS:     in SceneView (created by NativeStackViewInner)
06-23 20:25:21.106  8074  8805 E ReactNativeJS:     in Suspender (created by Freeze)
06-23 20:25:21.106  8074  8805 E ReactNativeJS:     in Suspense (created by Freeze)
06-23 20:25:21.106  8074  8805 E ReactNativeJS:     in Freeze (created by DelayedFreeze)
06-23 20:25:21.106  8074  8805 E ReactNativeJS:     in DelayedFreeze (created by ScreenStack)
06-23 20:25:21.106  8074  8805 E ReactNativeJS:     in RNSScreenStack (created by ScreenStack)
06-23 20:25:21.106  8074  8805 E ReactNativeJS:     in ScreenStack (created by NativeStackViewInner)
06-23 20:25:21.106  8074  8805 E ReactNativeJS:     in NativeStackViewInner (created by NativeStackView)
06-23 20:25:21.106  8074  8805 E ReactNativeJS:     in RCTView (created by View)
06-23 20:25:21.106  8074  8805 E ReactNativeJS:     in View (created by SafeAreaProviderCompat)
06-23 20:25:21.106  8074  8805 E ReactNativeJS:     in SafeAreaProviderCompat (created by NativeStackView)
06-23 20:25:21.106  8074  8805 E ReactNativeJS:     in NativeStackView (created by NativeStackNavigator)
06-23 20:25:21.106  8074  8805 E ReactNativeJS:     in PreventRemoveProvider (created by NavigationContent)
06-23 20:25:21.106  8074  8805 E ReactNativeJS:     in NavigationContent
06-23 20:25:21.106  8074  8805 E ReactNativeJS:     in Unknown (created by NativeStackNavigator)
06-23 20:25:21.106  8074  8805 E ReactNativeJS:     in NativeStackNavigator
06-23 20:25:21.106  8074  8805 E ReactNativeJS:     in Unknown (created by RootLayout)
06-23 20:25:21.106  8074  8805 E ReactNativeJS:     in RNGestureHandlerRootView (created by GestureHandlerRootView)
06-23 20:25:21.106  8074  8805 E ReactNativeJS:     in GestureHandlerRootView (created by RootLayout)
06-23 20:25:21.106  8074  8805 E ReactNativeJS:     in RootLayout
06-23 20:25:21.106  8074  8805 E ReactNativeJS:     in Unknown (created by Route())
06-23 20:25:21.106  8074  8805 E ReactNativeJS:     in Suspense (created by Route())
06-23 20:25:21.106  8074  8805 E ReactNativeJS:     in Route (created by Route())
06-23 20:25:21.106  8074  8805 E ReactNativeJS:     in Route() (created by ContextNavigator)
06-23 20:25:21.106  8074  8805 E ReactNativeJS:     in RNCSafeAreaProvider (created by SafeAreaProvider)
06-23 20:25:21.106  8074  8805 E ReactNativeJS:     in SafeAreaProvider (created by wrapper)
06-23 20:25:21.106  8074  8805 E ReactNativeJS:     in wrapper (created by ContextNavigator)
06-23 20:25:21.106  8074  8805 E ReactNativeJS:     in EnsureSingleNavigator
06-23 20:25:21.106  8074  8805 E ReactNativeJS:     in BaseNavigationContainer
06-23 20:25:21.106  8074  8805 E ReactNativeJS:     in ThemeProvider
06-23 20:25:21.106  8074  8805 E ReactNativeJS:     in NavigationContainerInner (created by ContextNavigator)
06-23 20:25:21.106  8074  8805 E ReactNativeJS:     in ContextNavigator (created by ExpoRoot)
06-23 20:25:21.106  8074  8805 E ReactNativeJS:     in ExpoRoot (created by App)
06-23 20:25:21.106  8074  8805 E ReactNativeJS:     in App (created by ErrorOverlay)
06-23 20:25:21.106  8074  8805 E ReactNativeJS:     in Er
06-23 20:25:21.117  8074  8805 E ReactNativeJS: TypeError: Cannot assign to read-only property 'current'
06-23 20:25:21.117  8074  8805 E ReactNativeJS: 
06-23 20:25:21.117  8074  8805 E ReactNativeJS: This error is located at:
06-23 20:25:21.117  8074  8805 E ReactNativeJS:     in WorldMapScreen
06-23 20:25:21.117  8074  8805 E ReactNativeJS:     in Unknown (created by Route(worldmap))
06-23 20:25:21.117  8074  8805 E ReactNativeJS:     in Suspense (created by Route(worldmap))
06-23 20:25:21.117  8074  8805 E ReactNativeJS:     in Route (created by Route(worldmap))
06-23 20:25:21.117  8074  8805 E ReactNativeJS:     in Route(worldmap) (created by SceneView)
06-23 20:25:21.117  8074  8805 E ReactNativeJS:     in StaticContainer
06-23 20:25:21.117  8074  8805 E ReactNativeJS:     in EnsureSingleNavigator (created by SceneView)
06-23 20:25:21.117  8074  8805 E ReactNativeJS:     in SceneView (created by SceneView)
06-23 20:25:21.117  8074  8805 E ReactNativeJS:     in RCTView (created by View)
06-23 20:25:21.117  8074  8805 E ReactNativeJS:     in View (created by DebugContainer)
06-23 20:25:21.117  8074  8805 E ReactNativeJS:     in DebugContainer (created by MaybeNestedStack)
06-23 20:25:21.117  8074  8805 E ReactNativeJS:     in MaybeNestedStack (created by SceneView)
06-23 20:25:21.117  8074  8805 E ReactNativeJS:     in RCTView (created by View)
06-23 20:25:21.117  8074  8805 E ReactNativeJS:     in View (created by SceneView)
06-23 20:25:21.117  8074  8805 E ReactNativeJS:     in RNSScreen (created by Animated(Anonymous))
06-23 20:25:21.117  8074  8805 E ReactNativeJS:     in Animated(Anonymous) (created by InnerScreen)
06-23 20:25:21.117  8074  8805 E ReactNativeJS:     in Suspender (created by Freeze)
06-23 20:25:21.117  8074  8805 E ReactNativeJS:     in Suspense (created by Freeze)
06-23 20:25:21.117  8074  8805 E ReactNativeJS:     in Freeze (created by DelayedFreeze)
06-23 20:25:21.117  8074  8805 E ReactNativeJS:     in DelayedFreeze (created by InnerScreen)
06-23 20:25:21.117  8074  8805 E ReactNativeJS:     in InnerScreen (created by Screen)
06-23 20:25:21.117  8074  8805 E ReactNativeJS:     in Screen (created by SceneView)
06-23 20:25:21.117  8074  8805 E ReactNativeJS:     in SceneView (created by NativeStackViewInner)
06-23 20:25:21.117  8074  8805 E ReactNativeJS:     in Suspender (created by Freeze)
06-23 20:25:21.117  8074  8805 E ReactNativeJS:     in Suspense (created by Freeze)
06-23 20:25:21.117  8074  8805 E ReactNativeJS:     in Freeze (created by DelayedFreeze)
06-23 20:25:21.117  8074  8805 E ReactNativeJS:     in DelayedFreeze (created by ScreenStack)
06-23 20:25:21.117  8074  8805 E ReactNativeJS:     in RNSScreenStack (created by ScreenStack)
06-23 20:25:21.117  8074  8805 E ReactNativeJS:     in ScreenStack (created by NativeStackViewInner)
06-23 20:25:21.117  8074  8805 E ReactNativeJS:     in NativeStackViewInner (created by NativeStackView)
06-23 20:25:21.117  8074  8805 E ReactNativeJS:     in RCTView (created by View)
06-23 20:25:21.117  8074  8805 E ReactNativeJS:     in View (created by SafeAreaProviderCompat)
06-23 20:25:21.117  8074  8805 E ReactNativeJS:     in SafeAreaProviderCompat (created by NativeStackView)
06-23 20:25:21.117  8074  8805 E ReactNativeJS:     in NativeStackView (created by NativeStackNavigator)
06-23 20:25:21.117  8074  8805 E ReactNativeJS:     in PreventRemoveProvider (created by NavigationContent)
06-23 20:25:21.117  8074  8805 E ReactNativeJS:     in NavigationContent
06-23 20:25:21.117  8074  8805 E ReactNativeJS:     in Unknown (created by NativeStackNavigator)
06-23 20:25:21.117  8074  8805 E ReactNativeJS:     in NativeStackNavigator
06-23 20:25:21.117  8074  8805 E ReactNativeJS:     in Unknown (created by GameLayout)
06-23 20:25:21.117  8074  8805 E ReactNativeJS:     in GameLayout
06-23 20:25:21.117  8074  8805 E ReactNativeJS:     in Unknown (created by Route((game)))
06-23 20:25:21.117  8074  8805 E ReactNativeJS:     in Suspense (created by Route((game)))
06-23 20:25:21.117  8074  8805 E ReactNativeJS:     in Route (created by Route((game)))
06-23 20:25:21.117  8074  8805 E ReactNativeJS:     in Route((game)) (created by SceneView)
06-23 20:25:21.117  8074  8805 E ReactNativeJS:     in StaticContainer
06-23 20:25:21.117  8074  8805 E ReactNativeJS:     in EnsureSingleNavigator (created by SceneView)
06-23 20:25:21.117  8074  8805 E ReactNativeJS:     in SceneView (created by SceneView)
06-23 20:25:21.117  8074  8805 E ReactNativeJS:     in RCTView (created by View)
06-23 20:25:21.117  8074  8805 E ReactNativeJS:     in View (created by DebugContainer)
06-23 20:25:21.117  8074  8805 E ReactNativeJS:     in DebugContainer (created by MaybeNestedStack)
06-23 20:25:21.117  8074  8805 E ReactNativeJS:     in MaybeNestedStack (created by SceneView)
06-23 20:25:21.117  8074  8805 E ReactNativeJS:     in RCTView (created by View)
06-23 20:25:21.117  8074  8805 E ReactNativeJS:     in View (created by SceneView)
06-23 20:25:21.117  8074  8805 E ReactNativeJS:     in RNSScreen (created by Animated(Anonymous))
06-23 20:25:21.117  8074  8805 E ReactNativeJS:     in Animated(Anonymous) (created by InnerScreen)
06-23 20:25:21.117  8074  8805 E ReactNativeJS:     in Suspender (created by Freeze)
06-23 20:25:21.117  8074  8805 E ReactNativeJS:     in Suspense (created by Freeze)
06-23 20:25:21.117  8074  8805 E ReactNativeJS:     in Freeze (created by DelayedFreeze)
06-23 20:25:21.117  8074  8805 E ReactNativeJS:     in DelayedFreeze (created by InnerScreen)
06-23 20:25:21.117  8074  8805 E ReactNativeJS:     in InnerScreen (created by Screen)
06-23 20:25:21.117  8074  8805 E ReactNativeJS:     in Screen (created by SceneView)
06-23 20:25:21.117  8074  8805 E ReactNativeJS:     in SceneView (created by NativeStackViewInner)
06-23 20:25:21.117  8074  8805 E ReactNativeJS:     in Suspender (created by Freeze)
06-23 20:25:21.117  8074  8805 E ReactNativeJS:     in Suspense (created by Freeze)
06-23 20:25:21.117  8074  8805 E ReactNativeJS:     in Freeze (created by DelayedFreeze)
06-23 20:25:21.117  8074  8805 E ReactNativeJS:     in DelayedFreeze (created by ScreenStack)
06-23 20:25:21.117  8074  8805 E ReactNativeJS:     in RNSScreenStack (created by ScreenStack)
06-23 20:25:21.117  8074  8805 E ReactNativeJS:     in ScreenStack (created by NativeStackViewInner)
06-23 20:25:21.117  8074  8805 E ReactNativeJS:     in NativeStackViewInner (created by NativeStackView)
06-23 20:25:21.117  8074  8805 E ReactNativeJS:     in RCTView (created by View)
06-23 20:25:21.117  8074  8805 E ReactNativeJS:     in View (created by SafeAreaProviderCompat)
06-23 20:25:21.117  8074  8805 E ReactNativeJS:     in SafeAreaProviderCompat (created by NativeStackView)
06-23 20:25:21.117  8074  8805 E ReactNativeJS:     in NativeStackView (created by NativeStackNavigator)
06-23 20:25:21.117  8074  8805 E ReactNativeJS:     in PreventRemoveProvider (created by NavigationContent)
06-23 20:25:21.117  8074  8805 E ReactNativeJS:     in NavigationContent
06-23 20:25:21.117  8074  8805 E ReactNativeJS:     in Unknown (created by NativeStackNavigator)
06-23 20:25:21.117  8074  8805 E ReactNativeJS:     in NativeStackNavigator
06-23 20:25:21.117  8074  8805 E ReactNativeJS:     in Unknown (created by RootLayout)
06-23 20:25:21.117  8074  8805 E ReactNativeJS:     in RNGestureHandlerRootView (created by GestureHandlerRootView)
06-23 20:25:21.117  8074  8805 E ReactNativeJS:     in GestureHandlerRootView (created by RootLayout)
06-23 20:25:21.117  8074  8805 E ReactNativeJS:     in RootLayout
06-23 20:25:21.117  8074  8805 E ReactNativeJS:     in Unknown (created by Route())
06-23 20:25:21.117  8074  8805 E ReactNativeJS:     in Suspense (created by Route())
06-23 20:25:21.117  8074  8805 E ReactNativeJS:     in Route (created by Route())
06-23 20:25:21.117  8074  8805 E ReactNativeJS:     in Route() (created by ContextNavigator)
06-23 20:25:21.117  8074  8805 E ReactNativeJS:     in RNCSafeAreaProvider (created by SafeAreaProvider)
06-23 20:25:21.117  8074  8805 E ReactNativeJS:     in SafeAreaProvider (created by wrapper)
06-23 20:25:21.117  8074  8805 E ReactNativeJS:     in wrapper (created by ContextNavigator)
06-23 20:25:21.117  8074  8805 E ReactNativeJS:     in EnsureSingleNavigator
06-23 20:25:21.117  8074  8805 E ReactNativeJS:     in BaseNavigationContainer
06-23 20:25:21.117  8074  8805 E ReactNativeJS:     in ThemeProvider
06-23 20:25:21.117  8074  8805 E ReactNativeJS:     in NavigationContainerInner (created by ContextNavigator)
06-23 20:25:21.117  8074  8805 E ReactNativeJS:     in ContextNavigator (created by ExpoRoot)
06-23 20:25:21.117  8074  8805 E ReactNativeJS:     in ExpoRoot (created by App)
06-23 20:25:21.117  8074  8805 E ReactNativeJS:     in App (created by ErrorOverlay)
06-23 20:25:21.117  8074  8805 E ReactNativeJS:     in Er
06-23 20:25:22.533  1909  2410 I ActivityManager: Killing 31377:com.android.vending/u0a251 (adj 905): Chimera #0
06-23 20:25:22.535  1909  2410 I ActivityManager: Killing 7098:com.android.vending:background/u0a251 (adj 905): Chimera #0
06-23 20:26:23.432  8074  9588 W ReactNativeJS: 'This method is deprecated (as well as all React Native Firebase namespaced API) and will be removed in the next major release as part of move to match Firebase Web modular SDK API. Please see migration guide for more details: https://rnfirebase.io/migrating-to-v22 Please use `getApp()` instead.', { [Component Stack] name: 'Component Stack' }
06-23 20:26:23.446  8074  9588 W ReactNativeJS: 'This method is deprecated (as well as all React Native Firebase namespaced API) and will be removed in the next major release as part of move to match Firebase Web modular SDK API. Please see migration guide for more details: https://rnfirebase.io/migrating-to-v22 Please use `getApp()` instead.', { [Component Stack] name: 'Component Stack' }
06-23 20:26:23.463  8074  9588 W ReactNativeJS: 'This method is deprecated (as well as all React Native Firebase namespaced API) and will be removed in the next major release as part of move to match Firebase Web modular SDK API. Please see migration guide for more details: https://rnfirebase.io/migrating-to-v22. Method called was `settings`. Please use `settings()` instead.', { [Component Stack] name: 'Component Stack' }
06-23 20:26:23.483  8074  9588 W ReactNativeJS: 'This method is deprecated (as well as all React Native Firebase namespaced API) and will be removed in the next major release as part of move to match Firebase Web modular SDK API. Please see migration guide for more details: https://rnfirebase.io/migrating-to-v22 Please use `getApp()` instead.', { [Component Stack] name: 'Component Stack' }
06-23 20:26:23.495  8074  9588 W ReactNativeJS: 'This method is deprecated (as well as all React Native Firebase namespaced API) and will be removed in the next major release as part of move to match Firebase Web modular SDK API. Please see migration guide for more details: https://rnfirebase.io/migrating-to-v22. Method called was `logEvent`. Please use `logEvent()` instead.', { [Component Stack] name: 'Component Stack' }
06-23 20:26:23.512  1909  4225 I ActivityManager: Changes in 99215 19 to 3, 0 to 184
06-23 20:26:23.760  8074  9588 W ReactNativeJS: This method is deprecated (as well as all React Native Firebase namespaced API) and will be removed in the next major release as part of move to match Firebase Web modular SDK API. Please see migration guide for more details: https://rnfirebase.io/migrating-to-v22. Method called was `FieldValue`. Please use `FieldValue` instead.
06-23 20:26:23.761  8074  9588 W ReactNativeJS: This method is deprecated (as well as all React Native Firebase namespaced API) and will be removed in the next major release as part of move to match Firebase Web modular SDK API. Please see migration guide for more details: https://rnfirebase.io/migrating-to-v22. Method called was `delete`. Please use `deleteField()` instead.
06-23 20:26:23.762  8074  9588 W ReactNativeJS: This method is deprecated (as well as all React Native Firebase namespaced API) and will be removed in the next major release as part of move to match Firebase Web modular SDK API. Please see migration guide for more details: https://rnfirebase.io/migrating-to-v22. Method called was `FieldValue`. Please use `FieldValue` instead.
06-23 20:26:23.762  8074  9588 W ReactNativeJS: This method is deprecated (as well as all React Native Firebase namespaced API) and will be removed in the next major release as part of move to match Firebase Web modular SDK API. Please see migration guide for more details: https://rnfirebase.io/migrating-to-v22. Method called was `serverTimestamp`. Please use `serverTimestamp()` instead.
06-23 20:26:27.177  8074  9588 W ReactNativeJS: This method is deprecated (as well as all React Native Firebase namespaced API) and will be removed in the next major release as part of move to match Firebase Web modular SDK API. Please see migration guide for more details: https://rnfirebase.io/migrating-to-v22. Method called was `FieldValue`. Please use `FieldValue` instead.
06-23 20:26:27.177  8074  9588 W ReactNativeJS: This method is deprecated (as well as all React Native Firebase namespaced API) and will be removed in the next major release as part of move to match Firebase Web modular SDK API. Please see migration guide for more details: https://rnfirebase.io/migrating-to-v22. Method called was `delete`. Please use `deleteField()` instead.
06-23 20:26:27.177  8074  9588 W ReactNativeJS: This method is deprecated (as well as all React Native Firebase namespaced API) and will be removed in the next major release as part of move to match Firebase Web modular SDK API. Please see migration guide for more details: https://rnfirebase.io/migrating-to-v22. Method called was `FieldValue`. Please use `FieldValue` instead.
06-23 20:26:27.177  8074  9588 W ReactNativeJS: This method is deprecated (as well as all React Native Firebase namespaced API) and will be removed in the next major release as part of move to match Firebase Web modular SDK API. Please see migration guide for more details: https://rnfirebase.io/migrating-to-v22. Method called was `serverTimestamp`. Please use `serverTimestamp()` instead.
06-23 20:26:33.560  1909  2776 I ActivityManager: Changes in 99215 3 to 10, 184 to 0
06-23 20:27:54.652  1909  1973 I ActivityManager: Start proc 9696:com.ss.android.ugc.trill/u0a388 for broadcast {com.ss.android.ugc.trill/com.google.firebase.iid.FirebaseInstanceIdReceiver}
06-23 20:27:54.652  1909  1973 I ActivityManager: ProcessObserver broadcast disabled
06-23 20:27:55.624  1909  4407 I ActivityManager: Changes in 10388 19 to 11, 0 to 128
06-23 20:27:55.691  1909  2776 I ActivityManager: Changes in 99215 19 to 19, 0 to 128
06-23 20:27:55.720  1909  2867 I ActivityManager: Changes in 99215 19 to 10, 128 to 0
06-23 20:27:55.899  1909  1973 I ActivityManager: Start proc 9829:com.sec.android.provider.badge/u0a55 for broadcast {com.sec.android.provider.badge/com.sec.android.provider.badge.BadgeCountReceiver}
06-23 20:27:55.899  1909  1973 I ActivityManager: ProcessObserver broadcast disabled
06-23 20:27:55.998  1909  4225 I ActivityManager: Changes in 10055 19 to 11, 0 to 128
06-23 20:27:56.056  1909  4407 I ActivityManager: Changes in 10055 11 to 19, 128 to 0
06-23 20:27:56.058  1909  2867 I ActivityManager: Changes in 10055 19 to 5, 0 to 144
06-23 20:27:57.123  1909  2410 I ActivityManager: Killing 32549:com.samsung.android.lool/1000 (adj 935): Chimera #0
06-23 20:27:57.126  1909  2410 I ActivityManager: Killing 8935:com.osp.app.signin/u0a117 (adj 905): Chimera #0
06-23 20:27:57.190  1909  1965 W ActivityManager: setHasOverlayUi called on unknown pid: 32549
06-23 20:28:02.102  1909  1971 I ActivityManager: Changes in 10055 5 to 15, 144 to 0
06-23 20:28:02.761  1909  3301 I ActivityManager: Changes in 99215 19 to 19, 0 to 128
06-23 20:28:02.773  1909  1973 I ActivityManager: Start proc 10019:com.samsung.drmboost/u0a339 for service {com.samsung.drmboost/com.samsung.drmboost.DrmEventService}
06-23 20:28:02.774  1909  1973 I ActivityManager: ProcessObserver broadcast disabled
06-23 20:28:05.708  1909  1973 I ActivityManager: Start proc 10037:com.android.vending/u0a251 for service {com.android.vending/com.google.android.finsky.billing.iab.InAppBillingService}
06-23 20:28:05.708  1909  1973 I ActivityManager: ProcessObserver broadcast disabled
06-23 20:28:05.989  1909  3301 I ActivityManager: Changes in 10251 19 to 10, 0 to 128
06-23 20:28:07.178  1909  2776 I ActivityManager: Changes in 10251 19 to 10, 128 to 0
06-23 20:28:10.975  1909  2410 I ActivityManager: Killing 8948:com.samsung.android.samsungpass/u0a127 (adj 905): Chimera #0
06-23 20:28:10.983  1909  2410 W ActivityManager: Scheduling restart of crashed service com.samsung.android.samsungpass/.passservice.PassService in 1000ms for connection
06-23 20:28:10.985  1909  2410 I ActivityManager: Killing 26932:com.samsung.android.fmm/1000 (adj 985): Chimera #0
06-23 20:28:10.987  1909  2410 W ActivityManager: Scheduling restart of crashed service com.samsung.android.fmm/com.samsung.android.fme.offlinefinding.OfflineFindingService in 1000ms for start-requested
06-23 20:28:11.997  1909  1973 I ActivityManager: Start proc 10127:com.samsung.android.samsungpass/u0a127 for service {com.samsung.android.samsungpass/com.samsung.android.samsungpass.passservice.PassService}
06-23 20:28:11.997  1909  1973 I ActivityManager: ProcessObserver broadcast disabled
06-23 20:28:12.010  1909  1973 I ActivityManager: Start proc 10128:com.samsung.android.fmm/1000 for service {com.samsung.android.fmm/com.samsung.android.fme.offlinefinding.OfflineFindingService}
06-23 20:28:12.011  1909  1973 I ActivityManager: ProcessObserver broadcast disabled
06-23 20:28:12.280  1909  2720 I ActivityManager: Changes in 99215 19 to 10, 128 to 0
06-23 20:28:12.298  1909  1973 I ActivityManager: Start proc 10200:com.osp.app.signin/u0a117 for content provider {com.osp.app.signin/com.samsung.android.samsungaccount.utils.accounts.AccountManagerProvider}
06-23 20:28:12.298  1909  1973 I ActivityManager: ProcessObserver broadcast disabled
06-23 20:28:12.640  1909  4340 I ActivityManager: Changes in 99215 10 to 8, 0 to 128
06-23 20:28:12.640  1909  4340 I ActivityManager: Changes in 10117 19 to 8, 0 to 128
06-23 20:28:12.664  1909  4211 I ActivityManager: Changes in 99215 8 to 10, 128 to 0
06-23 20:28:12.664  1909  4211 I ActivityManager: Changes in 10117 8 to 10, 128 to 0
06-23 20:28:15.634  1909  2065 I ActivityManager: Changes in 10388 19 to 19, 128 to 0
06-23 20:28:16.272  1909  1973 I ActivityManager: Start proc 10333:com.android.vending:background/u0a251 for service {com.android.vending/com.google.frameworks.client.data.android.server.play.BackgroundProcessEndpointService}
06-23 20:28:16.272  1909  1973 I ActivityManager: ProcessObserver broadcast disabled
06-23 20:28:22.106  1909  1972 I ActivityManager: Killing 7952:com.samsung.android.app.routines/u0a53 (adj 905): empty #25
06-23 20:28:22.620  1909  4340 I ActivityManager: Killing 8568:com.google.android.apps.turbo:aab/u0a250 (adj 905): empty #25
06-23 20:28:22.623  1909  4340 I ActivityManager: Killing 8380:com.skt.skaf.OA00018282/u0a104 (adj 905): empty #26
06-23 20:28:27.842  1909  1973 I ActivityManager: Start proc 10504:com.google.android.rkpdapp/u0a348 for service {com.google.android.rkpdapp/com.android.rkpdapp.service.RemoteProvisioningService}
06-23 20:28:27.844  1909  1973 I ActivityManager: ProcessObserver broadcast disabled
06-23 20:28:27.949  1909  4211 I ActivityManager: Changes in 10348 19 to 6, 0 to 128
06-23 20:28:27.964  1909  1933 I ActivityManager: Changes in 10348 6 to 10, 128 to 0
06-23 20:28:27.968  1909  4227 I ActivityManager: Killing 8566:com.google.android.partnersetup/u0a243 (adj 905): empty #25
06-23 20:29:05.715  8074  9588 W ReactNativeJS: This method is deprecated (as well as all React Native Firebase namespaced API) and will be removed in the next major release as part of move to match Firebase Web modular SDK API. Please see migration guide for more details: https://rnfirebase.io/migrating-to-v22. Method called was `FieldValue`. Please use `FieldValue` instead.
06-23 20:29:05.716  8074  9588 W ReactNativeJS: This method is deprecated (as well as all React Native Firebase namespaced API) and will be removed in the next major release as part of move to match Firebase Web modular SDK API. Please see migration guide for more details: https://rnfirebase.io/migrating-to-v22. Method called was `delete`. Please use `deleteField()` instead.
06-23 20:29:05.716  8074  9588 W ReactNativeJS: This method is deprecated (as well as all React Native Firebase namespaced API) and will be removed in the next major release as part of move to match Firebase Web modular SDK API. Please see migration guide for more details: https://rnfirebase.io/migrating-to-v22. Method called was `FieldValue`. Please use `FieldValue` instead.
06-23 20:29:05.717  8074  9588 W ReactNativeJS: This method is deprecated (as well as all React Native Firebase namespaced API) and will be removed in the next major release as part of move to match Firebase Web modular SDK API. Please see migration guide for more details: https://rnfirebase.io/migrating-to-v22. Method called was `serverTimestamp`. Please use `serverTimestamp()` instead.
06-23 20:30:22.950  1909  1972 I ActivityManager: Changes in 10096 19 to 11, 0 to 128
06-23 20:30:22.957  1909  2225 I ActivityManager: Changes in 10096 11 to 19, 128 to 0
06-23 20:30:49.472  1909  1972 I ActivityManager: Changes in 10108 10 to 10, 0 to 128
06-23 20:30:49.479  1909  1972 I ActivityManager: Changes in 10096 19 to 11, 0 to 128
06-23 20:30:49.481  1909  2225 I ActivityManager: Changes in 10108 10 to 10, 128 to 0
06-23 20:30:49.488  1909  2225 I ActivityManager: Changes in 10096 11 to 19, 128 to 0
06-23 20:30:49.490  1909  2065 I ActivityManager: Changes in 10099 19 to 8, 0 to 128
06-23 20:30:49.538  1909  2224 I ActivityManager: Changes in 99215 10 to 5, 0 to 184
06-23 20:30:49.675  1909  4340 I ActivityManager: Changes in 10099 8 to 10, 128 to 0
06-23 20:31:04.569  1909  2225 I ActivityManager: Changes in 99215 5 to 10, 184 to 0
06-23 20:31:21.113  1909  2867 I ActivityManager: Process com.google.android.googlequicksearchbox:search (pid 7744) has died: cch+5 CEM (237,1348)
06-23 20:31:34.074  8074  9588 W ReactNativeJS: 'This method is deprecated (as well as all React Native Firebase namespaced API) and will be removed in the next major release as part of move to match Firebase Web modular SDK API. Please see migration guide for more details: https://rnfirebase.io/migrating-to-v22 Please use `getApp()` instead.', { [Component Stack] name: 'Component Stack' }
06-23 20:31:34.087  8074  9588 W ReactNativeJS: 'This method is deprecated (as well as all React Native Firebase namespaced API) and will be removed in the next major release as part of move to match Firebase Web modular SDK API. Please see migration guide for more details: https://rnfirebase.io/migrating-to-v22 Please use `getApp()` instead.', { [Component Stack] name: 'Component Stack' }
06-23 20:31:34.097  8074  9588 W ReactNativeJS: 'This method is deprecated (as well as all React Native Firebase namespaced API) and will be removed in the next major release as part of move to match Firebase Web modular SDK API. Please see migration guide for more details: https://rnfirebase.io/migrating-to-v22. Method called was `logEvent`. Please use `logEvent()` instead.', { [Component Stack] name: 'Component Stack' }
06-23 20:31:34.123  1909  3434 I ActivityManager: Changes in 99215 19 to 3, 0 to 184
06-23 20:31:35.073  8074  9588 W ReactNativeJS: 'This method is deprecated (as well as all React Native Firebase namespaced API) and will be removed in the next major release as part of move to match Firebase Web modular SDK API. Please see migration guide for more details: https://rnfirebase.io/migrating-to-v22 Please use `getApp()` instead.', { [Component Stack] name: 'Component Stack' }
06-23 20:31:35.088  8074  9588 W ReactNativeJS: 'This method is deprecated (as well as all React Native Firebase namespaced API) and will be removed in the next major release as part of move to match Firebase Web modular SDK API. Please see migration guide for more details: https://rnfirebase.io/migrating-to-v22 Please use `getApp()` instead.', { [Component Stack] name: 'Component Stack' }
06-23 20:31:35.102  8074  9588 W ReactNativeJS: 'This method is deprecated (as well as all React Native Firebase namespaced API) and will be removed in the next major release as part of move to match Firebase Web modular SDK API. Please see migration guide for more details: https://rnfirebase.io/migrating-to-v22. Method called was `settings`. Please use `settings()` instead.', { [Component Stack] name: 'Component Stack' }
06-23 20:31:35.112  8074  9588 W ReactNativeJS: 'This method is deprecated (as well as all React Native Firebase namespaced API) and will be removed in the next major release as part of move to match Firebase Web modular SDK API. Please see migration guide for more details: https://rnfirebase.io/migrating-to-v22 Please use `getApp()` instead.', { [Component Stack] name: 'Component Stack' }
06-23 20:31:35.125  8074  9588 W ReactNativeJS: 'This method is deprecated (as well as all React Native Firebase namespaced API) and will be removed in the next major release as part of move to match Firebase Web modular SDK API. Please see migration guide for more details: https://rnfirebase.io/migrating-to-v22. Method called was `logEvent`. Please use `logEvent()` instead.', { [Component Stack] name: 'Component Stack' }
06-23 20:31:35.515  8074  9588 W ReactNativeJS: This method is deprecated (as well as all React Native Firebase namespaced API) and will be removed in the next major release as part of move to match Firebase Web modular SDK API. Please see migration guide for more details: https://rnfirebase.io/migrating-to-v22. Method called was `FieldValue`. Please use `FieldValue` instead.
06-23 20:31:35.516  8074  9588 W ReactNativeJS: This method is deprecated (as well as all React Native Firebase namespaced API) and will be removed in the next major release as part of move to match Firebase Web modular SDK API. Please see migration guide for more details: https://rnfirebase.io/migrating-to-v22. Method called was `delete`. Please use `deleteField()` instead.
06-23 20:31:35.516  8074  9588 W ReactNativeJS: This method is deprecated (as well as all React Native Firebase namespaced API) and will be removed in the next major release as part of move to match Firebase Web modular SDK API. Please see migration guide for more details: https://rnfirebase.io/migrating-to-v22. Method called was `FieldValue`. Please use `FieldValue` instead.
06-23 20:31:35.516  8074  9588 W ReactNativeJS: This method is deprecated (as well as all React Native Firebase namespaced API) and will be removed in the next major release as part of move to match Firebase Web modular SDK API. Please see migration guide for more details: https://rnfirebase.io/migrating-to-v22. Method called was `serverTimestamp`. Please use `serverTimestamp()` instead.
06-23 20:31:45.194  1909  4227 I ActivityManager: Changes in 99215 3 to 10, 184 to 0
06-23 20:32:21.905  8074 10966 W ReactNativeJS: 'This method is deprecated (as well as all React Native Firebase namespaced API) and will be removed in the next major release as part of move to match Firebase Web modular SDK API. Please see migration guide for more details: https://rnfirebase.io/migrating-to-v22 Please use `getApp()` instead.', { [Component Stack] name: 'Component Stack' }
06-23 20:32:21.919  8074 10966 W ReactNativeJS: 'This method is deprecated (as well as all React Native Firebase namespaced API) and will be removed in the next major release as part of move to match Firebase Web modular SDK API. Please see migration guide for more details: https://rnfirebase.io/migrating-to-v22 Please use `getApp()` instead.', { [Component Stack] name: 'Component Stack' }
06-23 20:32:21.936  8074 10966 W ReactNativeJS: 'This method is deprecated (as well as all React Native Firebase namespaced API) and will be removed in the next major release as part of move to match Firebase Web modular SDK API. Please see migration guide for more details: https://rnfirebase.io/migrating-to-v22. Method called was `settings`. Please use `settings()` instead.', { [Component Stack] name: 'Component Stack' }
06-23 20:32:21.954  8074 10966 W ReactNativeJS: 'This method is deprecated (as well as all React Native Firebase namespaced API) and will be removed in the next major release as part of move to match Firebase Web modular SDK API. Please see migration guide for more details: https://rnfirebase.io/migrating-to-v22 Please use `getApp()` instead.', { [Component Stack] name: 'Component Stack' }
06-23 20:32:21.967  8074 10966 W ReactNativeJS: 'This method is deprecated (as well as all React Native Firebase namespaced API) and will be removed in the next major release as part of move to match Firebase Web modular SDK API. Please see migration guide for more details: https://rnfirebase.io/migrating-to-v22. Method called was `logEvent`. Please use `logEvent()` instead.', { [Component Stack] name: 'Component Stack' }
06-23 20:32:21.989  1909  4227 I ActivityManager: Changes in 99215 19 to 3, 0 to 184
06-23 20:32:22.248  8074 10966 W ReactNativeJS: This method is deprecated (as well as all React Native Firebase namespaced API) and will be removed in the next major release as part of move to match Firebase Web modular SDK API. Please see migration guide for more details: https://rnfirebase.io/migrating-to-v22. Method called was `FieldValue`. Please use `FieldValue` instead.
06-23 20:32:22.248  8074 10966 W ReactNativeJS: This method is deprecated (as well as all React Native Firebase namespaced API) and will be removed in the next major release as part of move to match Firebase Web modular SDK API. Please see migration guide for more details: https://rnfirebase.io/migrating-to-v22. Method called was `delete`. Please use `deleteField()` instead.
06-23 20:32:22.249  8074 10966 W ReactNativeJS: This method is deprecated (as well as all React Native Firebase namespaced API) and will be removed in the next major release as part of move to match Firebase Web modular SDK API. Please see migration guide for more details: https://rnfirebase.io/migrating-to-v22. Method called was `FieldValue`. Please use `FieldValue` instead.
06-23 20:32:22.249  8074 10966 W ReactNativeJS: This method is deprecated (as well as all React Native Firebase namespaced API) and will be removed in the next major release as part of move to match Firebase Web modular SDK API. Please see migration guide for more details: https://rnfirebase.io/migrating-to-v22. Method called was `serverTimestamp`. Please use `serverTimestamp()` instead.
06-23 20:32:25.718  8074 10966 W ReactNativeJS: This method is deprecated (as well as all React Native Firebase namespaced API) and will be removed in the next major release as part of move to match Firebase Web modular SDK API. Please see migration guide for more details: https://rnfirebase.io/migrating-to-v22. Method called was `FieldValue`. Please use `FieldValue` instead.
06-23 20:32:25.718  8074 10966 W ReactNativeJS: This method is deprecated (as well as all React Native Firebase namespaced API) and will be removed in the next major release as part of move to match Firebase Web modular SDK API. Please see migration guide for more details: https://rnfirebase.io/migrating-to-v22. Method called was `delete`. Please use `deleteField()` instead.
06-23 20:32:25.719  8074 10966 W ReactNativeJS: This method is deprecated (as well as all React Native Firebase namespaced API) and will be removed in the next major release as part of move to match Firebase Web modular SDK API. Please see migration guide for more details: https://rnfirebase.io/migrating-to-v22. Method called was `FieldValue`. Please use `FieldValue` instead.
06-23 20:32:25.719  8074 10966 W ReactNativeJS: This method is deprecated (as well as all React Native Firebase namespaced API) and will be removed in the next major release as part of move to match Firebase Web modular SDK API. Please see migration guide for more details: https://rnfirebase.io/migrating-to-v22. Method called was `serverTimestamp`. Please use `serverTimestamp()` instead.
06-23 20:32:32.047  1909  2769 I ActivityManager: Changes in 99215 3 to 10, 184 to 0
06-23 20:33:23.780  8074 11030 W ReactNativeJS: 'This method is deprecated (as well as all React Native Firebase namespaced API) and will be removed in the next major release as part of move to match Firebase Web modular SDK API. Please see migration guide for more details: https://rnfirebase.io/migrating-to-v22 Please use `getApp()` instead.', { [Component Stack] name: 'Component Stack' }
06-23 20:33:23.800  8074 11030 W ReactNativeJS: 'This method is deprecated (as well as all React Native Firebase namespaced API) and will be removed in the next major release as part of move to match Firebase Web modular SDK API. Please see migration guide for more details: https://rnfirebase.io/migrating-to-v22 Please use `getApp()` instead.', { [Component Stack] name: 'Component Stack' }
06-23 20:33:23.818  8074 11030 W ReactNativeJS: 'This method is deprecated (as well as all React Native Firebase namespaced API) and will be removed in the next major release as part of move to match Firebase Web modular SDK API. Please see migration guide for more details: https://rnfirebase.io/migrating-to-v22. Method called was `settings`. Please use `settings()` instead.', { [Component Stack] name: 'Component Stack' }
06-23 20:33:23.838  8074 11030 W ReactNativeJS: 'This method is deprecated (as well as all React Native Firebase namespaced API) and will be removed in the next major release as part of move to match Firebase Web modular SDK API. Please see migration guide for more details: https://rnfirebase.io/migrating-to-v22 Please use `getApp()` instead.', { [Component Stack] name: 'Component Stack' }
06-23 20:33:23.852  8074 11030 W ReactNativeJS: 'This method is deprecated (as well as all React Native Firebase namespaced API) and will be removed in the next major release as part of move to match Firebase Web modular SDK API. Please see migration guide for more details: https://rnfirebase.io/migrating-to-v22. Method called was `logEvent`. Please use `logEvent()` instead.', { [Component Stack] name: 'Component Stack' }
06-23 20:33:23.874  1909  3434 I ActivityManager: Changes in 99215 19 to 3, 0 to 184
06-23 20:33:24.134  8074 11030 W ReactNativeJS: This method is deprecated (as well as all React Native Firebase namespaced API) and will be removed in the next major release as part of move to match Firebase Web modular SDK API. Please see migration guide for more details: https://rnfirebase.io/migrating-to-v22. Method called was `FieldValue`. Please use `FieldValue` instead.
06-23 20:33:24.135  8074 11030 W ReactNativeJS: This method is deprecated (as well as all React Native Firebase namespaced API) and will be removed in the next major release as part of move to match Firebase Web modular SDK API. Please see migration guide for more details: https://rnfirebase.io/migrating-to-v22. Method called was `delete`. Please use `deleteField()` instead.
06-23 20:33:24.135  8074 11030 W ReactNativeJS: This method is deprecated (as well as all React Native Firebase namespaced API) and will be removed in the next major release as part of move to match Firebase Web modular SDK API. Please see migration guide for more details: https://rnfirebase.io/migrating-to-v22. Method called was `FieldValue`. Please use `FieldValue` instead.
06-23 20:33:24.136  8074 11030 W ReactNativeJS: This method is deprecated (as well as all React Native Firebase namespaced API) and will be removed in the next major release as part of move to match Firebase Web modular SDK API. Please see migration guide for more details: https://rnfirebase.io/migrating-to-v22. Method called was `serverTimestamp`. Please use `serverTimestamp()` instead.
06-23 20:33:27.591  8074 11030 W ReactNativeJS: This method is deprecated (as well as all React Native Firebase namespaced API) and will be removed in the next major release as part of move to match Firebase Web modular SDK API. Please see migration guide for more details: https://rnfirebase.io/migrating-to-v22. Method called was `FieldValue`. Please use `FieldValue` instead.
06-23 20:33:27.592  8074 11030 W ReactNativeJS: This method is deprecated (as well as all React Native Firebase namespaced API) and will be removed in the next major release as part of move to match Firebase Web modular SDK API. Please see migration guide for more details: https://rnfirebase.io/migrating-to-v22. Method called was `delete`. Please use `deleteField()` instead.
06-23 20:33:27.592  8074 11030 W ReactNativeJS: This method is deprecated (as well as all React Native Firebase namespaced API) and will be removed in the next major release as part of move to match Firebase Web modular SDK API. Please see migration guide for more details: https://rnfirebase.io/migrating-to-v22. Method called was `FieldValue`. Please use `FieldValue` instead.
06-23 20:33:27.592  8074 11030 W ReactNativeJS: This method is deprecated (as well as all React Native Firebase namespaced API) and will be removed in the next major release as part of move to match Firebase Web modular SDK API. Please see migration guide for more details: https://rnfirebase.io/migrating-to-v22. Method called was `serverTimestamp`. Please use `serverTimestamp()` instead.
06-23 20:33:33.999  1909  4227 I ActivityManager: Changes in 99215 3 to 10, 184 to 0
06-23 20:35:30.983  8074 11030 W ReactNativeJS: This method is deprecated (as well as all React Native Firebase namespaced API) and will be removed in the next major release as part of move to match Firebase Web modular SDK API. Please see migration guide for more details: https://rnfirebase.io/migrating-to-v22. Method called was `FieldValue`. Please use `FieldValue` instead.
06-23 20:35:30.984  8074 11030 W ReactNativeJS: This method is deprecated (as well as all React Native Firebase namespaced API) and will be removed in the next major release as part of move to match Firebase Web modular SDK API. Please see migration guide for more details: https://rnfirebase.io/migrating-to-v22. Method called was `delete`. Please use `deleteField()` instead.
06-23 20:35:30.984  8074 11030 W ReactNativeJS: This method is deprecated (as well as all React Native Firebase namespaced API) and will be removed in the next major release as part of move to match Firebase Web modular SDK API. Please see migration guide for more details: https://rnfirebase.io/migrating-to-v22. Method called was `FieldValue`. Please use `FieldValue` instead.
06-23 20:35:30.984  8074 11030 W ReactNativeJS: This method is deprecated (as well as all React Native Firebase namespaced API) and will be removed in the next major release as part of move to match Firebase Web modular SDK API. Please see migration guide for more details: https://rnfirebase.io/migrating-to-v22. Method called was `serverTimestamp`. Please use `serverTimestamp()` instead.
06-23 20:37:37.325  8074 11030 W ReactNativeJS: This method is deprecated (as well as all React Native Firebase namespaced API) and will be removed in the next major release as part of move to match Firebase Web modular SDK API. Please see migration guide for more details: https://rnfirebase.io/migrating-to-v22. Method called was `FieldValue`. Please use `FieldValue` instead.
06-23 20:37:37.326  8074 11030 W ReactNativeJS: This method is deprecated (as well as all React Native Firebase namespaced API) and will be removed in the next major release as part of move to match Firebase Web modular SDK API. Please see migration guide for more details: https://rnfirebase.io/migrating-to-v22. Method called was `delete`. Please use `deleteField()` instead.
06-23 20:37:37.326  8074 11030 W ReactNativeJS: This method is deprecated (as well as all React Native Firebase namespaced API) and will be removed in the next major release as part of move to match Firebase Web modular SDK API. Please see migration guide for more details: https://rnfirebase.io/migrating-to-v22. Method called was `FieldValue`. Please use `FieldValue` instead.
06-23 20:37:37.327  8074 11030 W ReactNativeJS: This method is deprecated (as well as all React Native Firebase namespaced API) and will be removed in the next major release as part of move to match Firebase Web modular SDK API. Please see migration guide for more details: https://rnfirebase.io/migrating-to-v22. Method called was `serverTimestamp`. Please use `serverTimestamp()` instead.
06-23 20:37:52.111  1909  2065 I ActivityManager: Changes in 5026 19 to 8, 0 to 128
06-23 20:37:52.122  1909  1973 I ActivityManager: Start proc 11297:com.samsung.android.sdm.config/u0a109 for service {com.samsung.android.sdm.config/androidx.work.impl.background.systemjob.SystemJobService}
06-23 20:37:52.123  1909  1973 I ActivityManager: ProcessObserver broadcast disabled
06-23 20:37:52.136  1909  1973 I ActivityManager: Start proc 11298:com.samsung.android.kmxservice/u0a89 for service {com.samsung.android.kmxservice/androidx.work.impl.background.systemjob.SystemJobService}
06-23 20:37:52.136  1909  1973 I ActivityManager: ProcessObserver broadcast disabled
06-23 20:37:52.148  1909  1973 I ActivityManager: Start proc 11300:com.google.android.apps.docs/u0a309 for service {com.google.android.apps.docs/androidx.work.impl.background.systemjob.SystemJobService}
06-23 20:37:52.148  1909  1973 I ActivityManager: ProcessObserver broadcast disabled
06-23 20:37:52.239  1909  1973 W ActivityManager: Slow operation: 61ms so far, now at startProcess: done updating battery stats
06-23 20:37:52.240  1909  1973 W ActivityManager: Slow operation: 61ms so far, now at startProcess: building log message
06-23 20:37:52.240  1909  1973 I ActivityManager: Start proc 11333:com.samsung.android.scloud/5009 for service {com.samsung.android.scloud/androidx.work.impl.background.systemjob.SystemJobService}
06-23 20:37:52.240  1909  1973 W ActivityManager: Slow operation: 61ms so far, now at startProcess: starting to update pids map
06-23 20:37:52.245  1909  1973 I ActivityManager: ProcessObserver broadcast disabled
06-23 20:37:52.246  1909  1973 W ActivityManager: Slow operation: 68ms so far, now at startProcess: done updating pids map
06-23 20:37:52.330  1909  2769 I ActivityManager: Changes in 99215 19 to 8, 0 to 128
06-23 20:37:52.415  1909  4407 I ActivityManager: Changes in 10109 19 to 8, 0 to 128
06-23 20:37:52.492  1909  2769 I ActivityManager: Changes in 10089 19 to 8, 0 to 128
06-23 20:37:52.660  1909  2769 I ActivityManager: Changes in 5026 8 to 10, 128 to 0
06-23 20:37:52.694  1909  4407 I ActivityManager: Changes in 99215 8 to 10, 128 to 0
06-23 20:37:52.699  1909  2769 I ActivityManager: Changes in 10109 8 to 10, 128 to 0
06-23 20:37:52.744  1909  1973 I ActivityManager: Start proc 11428:com.samsung.android.intellivoiceservice/u0a121 for service {com.samsung.android.intellivoiceservice/androidx.work.impl.background.systemjob.SystemJobService}
06-23 20:37:52.747  1909  1973 I ActivityManager: ProcessObserver broadcast disabled
06-23 20:37:52.793  1909  2867 I ActivityManager: Changes in 99215 10 to 8, 0 to 128
06-23 20:37:52.798  1909  3301 I ActivityManager: Changes in 10309 19 to 8, 0 to 128
06-23 20:37:52.969  1909  4227 I ActivityManager: Changes in 10309 8 to 10, 128 to 0
06-23 20:37:52.979  1909  4227 I ActivityManager: Changes in 10309 10 to 8, 0 to 128
06-23 20:37:53.080  1909  3301 I ActivityManager: Changes in 10089 8 to 10, 128 to 0
06-23 20:37:53.086  1909  3301 I ActivityManager: Changes in 10095 19 to 8, 0 to 128
06-23 20:37:53.155  1909  4407 I ActivityManager: Changes in 10309 8 to 10, 128 to 0
06-23 20:37:53.173  1909  4407 I ActivityManager: Changes in 10309 10 to 8, 0 to 128
06-23 20:37:53.240  1909  3301 I ActivityManager: Changes in 10309 8 to 10, 128 to 0
06-23 20:37:53.249  1909  3050 I ActivityManager: Changes in 10095 8 to 10, 128 to 0
06-23 20:37:53.262  1909  2870 I ActivityManager: Changes in 10309 19 to 8, 0 to 128
06-23 20:37:53.292  1909  2057 I ActivityManager: Changes in 10121 19 to 8, 0 to 128
06-23 20:37:53.303  1909  2057 I ActivityManager: Changes in 10309 8 to 10, 128 to 0
06-23 20:37:53.341  1909  3050 I ActivityManager: Changes in 10309 19 to 8, 0 to 128
06-23 20:37:53.398  1909  4227 I ActivityManager: Changes in 10309 8 to 10, 128 to 0
06-23 20:37:53.457  1909  2870 I ActivityManager: Changes in 10309 19 to 8, 0 to 128
06-23 20:37:53.528  1909  1973 I ActivityManager: Start proc 11655:com.samsung.android.intellivoiceservice:asr/u0a121 for content provider {com.samsung.android.intellivoiceservice/com.samsung.android.intellivoiceservice.asr.provider.InternalContentProvider}
06-23 20:37:53.528  1909  1973 I ActivityManager: ProcessObserver broadcast disabled
06-23 20:37:53.592  1909  3301 I ActivityManager: Changes in 10309 8 to 10, 128 to 0
06-23 20:37:53.659  1909  2870 I ActivityManager: Changes in 5009 19 to 8, 0 to 128
06-23 20:37:53.662  1909  2870 I ActivityManager: Changes in 5004 19 to 8, 0 to 128
06-23 20:37:53.756  1909  4206 I ActivityManager: Changes in 99215 8 to 10, 128 to 0
06-23 20:37:53.977  1909  4227 I ActivityManager: Changes in 5009 8 to 10, 128 to 0
06-23 20:37:53.979  1909  4227 I ActivityManager: Changes in 5004 8 to 10, 128 to 0
06-23 20:37:54.000  1909  2410 I ActivityManager: Killing 9696:com.ss.android.ugc.trill/u0a388 (adj 905): Chimera #0
06-23 20:37:54.562  1909  4226 I ActivityManager: Changes in 10121 8 to 10, 128 to 0
06-23 20:37:54.762  1909  3050 I ActivityManager: Killing 7598:com.samsung.android.privateaccesstokens/u0a198 (adj 905): empty #25
06-23 20:37:54.806  1909  3050 W ActivityManager: Scheduling restart of crashed service com.samsung.android.privateaccesstokens/.components.services.PATService in 10000ms for connection
06-23 20:37:54.844  1909  4226 I ActivityManager: Killing 8723:com.samsung.aasaservice/1000 (adj 905): empty #25
06-23 20:38:07.366  1909  2537 I ActivityManager: Killing 9198:com.samsung.android.privacydashboard/u0a107 (adj 905): empty #25
06-23 20:38:07.373  1909  2537 I ActivityManager: Killing 8909:com.samsung.android.samsungpassautofill/u0a207 (adj 905): empty #26
06-23 20:38:14.881  1909  1972 I ActivityManager: Changes in 10096 19 to 11, 0 to 128
06-23 20:38:14.895  1909  3050 I ActivityManager: Changes in 99215 19 to 5, 0 to 184
06-23 20:38:24.890  1909  2065 I ActivityManager: Changes in 10096 19 to 19, 128 to 0
06-23 20:38:29.962  1909  2537 I ActivityManager: Changes in 99215 5 to 10, 184 to 0
06-23 20:38:52.363  1909  2065 I ActivityManager: Changes in 10248 19 to 8, 0 to 128
06-23 20:38:52.402  1909  4340 I ActivityManager: Changes in 10099 19 to 8, 0 to 128
06-23 20:38:52.416  1909  4340 I ActivityManager: Changes in 10099 8 to 10, 128 to 0
06-23 20:38:52.437  1909  2537 I ActivityManager: Changes in 10248 8 to 10, 128 to 0
06-23 20:39:09.262  1909  2065 I ActivityManager: Changes in 5004 19 to 8, 0 to 128
06-23 20:39:09.280  1909  3050 I ActivityManager: Changes in 5004 8 to 10, 128 to 0
06-23 20:39:39.801  8074 11030 W ReactNativeJS: This method is deprecated (as well as all React Native Firebase namespaced API) and will be removed in the next major release as part of move to match Firebase Web modular SDK API. Please see migration guide for more details: https://rnfirebase.io/migrating-to-v22. Method called was `FieldValue`. Please use `FieldValue` instead.
06-23 20:39:39.802  8074 11030 W ReactNativeJS: This method is deprecated (as well as all React Native Firebase namespaced API) and will be removed in the next major release as part of move to match Firebase Web modular SDK API. Please see migration guide for more details: https://rnfirebase.io/migrating-to-v22. Method called was `delete`. Please use `deleteField()` instead.
06-23 20:39:39.802  8074 11030 W ReactNativeJS: This method is deprecated (as well as all React Native Firebase namespaced API) and will be removed in the next major release as part of move to match Firebase Web modular SDK API. Please see migration guide for more details: https://rnfirebase.io/migrating-to-v22. Method called was `FieldValue`. Please use `FieldValue` instead.
06-23 20:39:39.803  8074 11030 W ReactNativeJS: This method is deprecated (as well as all React Native Firebase namespaced API) and will be removed in the next major release as part of move to match Firebase Web modular SDK API. Please see migration guide for more details: https://rnfirebase.io/migrating-to-v22. Method called was `serverTimestamp`. Please use `serverTimestamp()` instead.
06-23 20:41:49.657  1909  1973 I ActivityManager: Start proc 12049:com.google.android.googlequicksearchbox:search/u0a253 for broadcast {com.google.android.googlequicksearchbox/com.google.android.libraries.search.gcm.search.SearchProcessGcmBroadcastReceiver_Receiver}
06-23 20:41:49.657  1909  1973 I ActivityManager: ProcessObserver broadcast disabled
06-23 20:41:50.048  1909  3050 I ActivityManager: Changes in 99215 19 to 10, 0 to 128
06-23 20:41:50.229  1909  2537 I ActivityManager: Killing 9829:com.sec.android.provider.badge/u0a55 (adj 905): empty #25
06-23 20:41:50.233  1909  2537 I ActivityManager: Changes in 99215 11 to 19, 128 to 0
06-23 20:42:27.673  8074 11030 W ReactNativeJS: This method is deprecated (as well as all React Native Firebase namespaced API) and will be removed in the next major release as part of move to match Firebase Web modular SDK API. Please see migration guide for more details: https://rnfirebase.io/migrating-to-v22. Method called was `FieldValue`. Please use `FieldValue` instead.
06-23 20:42:27.674  8074 11030 W ReactNativeJS: This method is deprecated (as well as all React Native Firebase namespaced API) and will be removed in the next major release as part of move to match Firebase Web modular SDK API. Please see migration guide for more details: https://rnfirebase.io/migrating-to-v22. Method called was `delete`. Please use `deleteField()` instead.
06-23 20:42:27.674  8074 11030 W ReactNativeJS: This method is deprecated (as well as all React Native Firebase namespaced API) and will be removed in the next major release as part of move to match Firebase Web modular SDK API. Please see migration guide for more details: https://rnfirebase.io/migrating-to-v22. Method called was `FieldValue`. Please use `FieldValue` instead.
06-23 20:42:27.675  8074 11030 W ReactNativeJS: This method is deprecated (as well as all React Native Firebase namespaced API) and will be removed in the next major release as part of move to match Firebase Web modular SDK API. Please see migration guide for more details: https://rnfirebase.io/migrating-to-v22. Method called was `serverTimestamp`. Please use `serverTimestamp()` instead.
06-23 20:44:34.256  8074 11030 W ReactNativeJS: This method is deprecated (as well as all React Native Firebase namespaced API) and will be removed in the next major release as part of move to match Firebase Web modular SDK API. Please see migration guide for more details: https://rnfirebase.io/migrating-to-v22. Method called was `FieldValue`. Please use `FieldValue` instead.
06-23 20:44:34.256  8074 11030 W ReactNativeJS: This method is deprecated (as well as all React Native Firebase namespaced API) and will be removed in the next major release as part of move to match Firebase Web modular SDK API. Please see migration guide for more details: https://rnfirebase.io/migrating-to-v22. Method called was `delete`. Please use `deleteField()` instead.
06-23 20:44:34.257  8074 11030 W ReactNativeJS: This method is deprecated (as well as all React Native Firebase namespaced API) and will be removed in the next major release as part of move to match Firebase Web modular SDK API. Please see migration guide for more details: https://rnfirebase.io/migrating-to-v22. Method called was `FieldValue`. Please use `FieldValue` instead.
06-23 20:44:34.257  8074 11030 W ReactNativeJS: This method is deprecated (as well as all React Native Firebase namespaced API) and will be removed in the next major release as part of move to match Firebase Web modular SDK API. Please see migration guide for more details: https://rnfirebase.io/migrating-to-v22. Method called was `serverTimestamp`. Please use `serverTimestamp()` instead.
06-23 20:45:01.789  8074 11030 W ReactNativeJS: 'This method is deprecated (as well as all React Native Firebase namespaced API) and will be removed in the next major release as part of move to match Firebase Web modular SDK API. Please see migration guide for more details: https://rnfirebase.io/migrating-to-v22 Please use `getApp()` instead.', { [Component Stack] name: 'Component Stack' }
06-23 20:45:01.810  8074 11030 W ReactNativeJS: 'This method is deprecated (as well as all React Native Firebase namespaced API) and will be removed in the next major release as part of move to match Firebase Web modular SDK API. Please see migration guide for more details: https://rnfirebase.io/migrating-to-v22 Please use `getApp()` instead.', { [Component Stack] name: 'Component Stack' }
06-23 20:45:01.825  8074 11030 W ReactNativeJS: 'This method is deprecated (as well as all React Native Firebase namespaced API) and will be removed in the next major release as part of move to match Firebase Web modular SDK API. Please see migration guide for more details: https://rnfirebase.io/migrating-to-v22. Method called was `logEvent`. Please use `logEvent()` instead.', { [Component Stack] name: 'Component Stack' }
06-23 20:45:01.867  1909  4340 I ActivityManager: Changes in 99215 19 to 3, 0 to 184
06-23 20:45:03.057  8074 11030 W ReactNativeJS: This method is deprecated (as well as all React Native Firebase namespaced API) and will be removed in the next major release as part of move to match Firebase Web modular SDK API. Please see migration guide for more details: https://rnfirebase.io/migrating-to-v22. Method called was `FieldValue`. Please use `FieldValue` instead.
06-23 20:45:03.057  8074 11030 W ReactNativeJS: This method is deprecated (as well as all React Native Firebase namespaced API) and will be removed in the next major release as part of move to match Firebase Web modular SDK API. Please see migration guide for more details: https://rnfirebase.io/migrating-to-v22. Method called was `delete`. Please use `deleteField()` instead.
06-23 20:45:03.058  8074 11030 W ReactNativeJS: This method is deprecated (as well as all React Native Firebase namespaced API) and will be removed in the next major release as part of move to match Firebase Web modular SDK API. Please see migration guide for more details: https://rnfirebase.io/migrating-to-v22. Method called was `FieldValue`. Please use `FieldValue` instead.
06-23 20:45:03.058  8074 11030 W ReactNativeJS: This method is deprecated (as well as all React Native Firebase namespaced API) and will be removed in the next major release as part of move to match Firebase Web modular SDK API. Please see migration guide for more details: https://rnfirebase.io/migrating-to-v22. Method called was `serverTimestamp`. Please use `serverTimestamp()` instead.
06-23 20:45:04.741  8074 11030 W ReactNativeJS: 'This method is deprecated (as well as all React Native Firebase namespaced API) and will be removed in the next major release as part of move to match Firebase Web modular SDK API. Please see migration guide for more details: https://rnfirebase.io/migrating-to-v22 Please use `getApp()` instead.', { [Component Stack] name: 'Component Stack' }
06-23 20:45:04.756  8074 11030 W ReactNativeJS: 'This method is deprecated (as well as all React Native Firebase namespaced API) and will be removed in the next major release as part of move to match Firebase Web modular SDK API. Please see migration guide for more details: https://rnfirebase.io/migrating-to-v22 Please use `getApp()` instead.', { [Component Stack] name: 'Component Stack' }
06-23 20:45:04.776  8074 11030 W ReactNativeJS: 'This method is deprecated (as well as all React Native Firebase namespaced API) and will be removed in the next major release as part of move to match Firebase Web modular SDK API. Please see migration guide for more details: https://rnfirebase.io/migrating-to-v22. Method called was `logEvent`. Please use `logEvent()` instead.', { [Component Stack] name: 'Component Stack' }
06-23 20:45:05.708  8074 11030 W ReactNativeJS: This method is deprecated (as well as all React Native Firebase namespaced API) and will be removed in the next major release as part of move to match Firebase Web modular SDK API. Please see migration guide for more details: https://rnfirebase.io/migrating-to-v22. Method called was `FieldValue`. Please use `FieldValue` instead.
06-23 20:45:05.708  8074 11030 W ReactNativeJS: This method is deprecated (as well as all React Native Firebase namespaced API) and will be removed in the next major release as part of move to match Firebase Web modular SDK API. Please see migration guide for more details: https://rnfirebase.io/migrating-to-v22. Method called was `delete`. Please use `deleteField()` instead.
06-23 20:45:05.709  8074 11030 W ReactNativeJS: This method is deprecated (as well as all React Native Firebase namespaced API) and will be removed in the next major release as part of move to match Firebase Web modular SDK API. Please see migration guide for more details: https://rnfirebase.io/migrating-to-v22. Method called was `FieldValue`. Please use `FieldValue` instead.
06-23 20:45:05.709  8074 11030 W ReactNativeJS: This method is deprecated (as well as all React Native Firebase namespaced API) and will be removed in the next major release as part of move to match Firebase Web modular SDK API. Please see migration guide for more details: https://rnfirebase.io/migrating-to-v22. Method called was `serverTimestamp`. Please use `serverTimestamp()` instead.
06-23 20:45:10.428  8074 11030 W ReactNativeJS: 'This method is deprecated (as well as all React Native Firebase namespaced API) and will be removed in the next major release as part of move to match Firebase Web modular SDK API. Please see migration guide for more details: https://rnfirebase.io/migrating-to-v22 Please use `getApp()` instead.', { [Component Stack] name: 'Component Stack' }
06-23 20:45:10.447  8074 11030 W ReactNativeJS: 'This method is deprecated (as well as all React Native Firebase namespaced API) and will be removed in the next major release as part of move to match Firebase Web modular SDK API. Please see migration guide for more details: https://rnfirebase.io/migrating-to-v22 Please use `getApp()` instead.', { [Component Stack] name: 'Component Stack' }
06-23 20:45:10.462  8074 11030 W ReactNativeJS: 'This method is deprecated (as well as all React Native Firebase namespaced API) and will be removed in the next major release as part of move to match Firebase Web modular SDK API. Please see migration guide for more details: https://rnfirebase.io/migrating-to-v22. Method called was `logEvent`. Please use `logEvent()` instead.', { [Component Stack] name: 'Component Stack' }
06-23 20:45:11.481  8074 11030 W ReactNativeJS: This method is deprecated (as well as all React Native Firebase namespaced API) and will be removed in the next major release as part of move to match Firebase Web modular SDK API. Please see migration guide for more details: https://rnfirebase.io/migrating-to-v22. Method called was `FieldValue`. Please use `FieldValue` instead.
06-23 20:45:11.481  8074 11030 W ReactNativeJS: This method is deprecated (as well as all React Native Firebase namespaced API) and will be removed in the next major release as part of move to match Firebase Web modular SDK API. Please see migration guide for more details: https://rnfirebase.io/migrating-to-v22. Method called was `delete`. Please use `deleteField()` instead.
06-23 20:45:11.482  8074 11030 W ReactNativeJS: This method is deprecated (as well as all React Native Firebase namespaced API) and will be removed in the next major release as part of move to match Firebase Web modular SDK API. Please see migration guide for more details: https://rnfirebase.io/migrating-to-v22. Method called was `FieldValue`. Please use `FieldValue` instead.
06-23 20:45:11.482  8074 11030 W ReactNativeJS: This method is deprecated (as well as all React Native Firebase namespaced API) and will be removed in the next major release as part of move to match Firebase Web modular SDK API. Please see migration guide for more details: https://rnfirebase.io/migrating-to-v22. Method called was `serverTimestamp`. Please use `serverTimestamp()` instead.
06-23 20:45:20.566  1909  2867 I ActivityManager: Changes in 99215 3 to 10, 184 to 0
06-23 20:46:09.004  8074 11030 W ReactNativeJS: 'This method is deprecated (as well as all React Native Firebase namespaced API) and will be removed in the next major release as part of move to match Firebase Web modular SDK API. Please see migration guide for more details: https://rnfirebase.io/migrating-to-v22 Please use `getApp()` instead.', { [Component Stack] name: 'Component Stack' }
06-23 20:46:09.025  8074 11030 W ReactNativeJS: 'This method is deprecated (as well as all React Native Firebase namespaced API) and will be removed in the next major release as part of move to match Firebase Web modular SDK API. Please see migration guide for more details: https://rnfirebase.io/migrating-to-v22 Please use `getApp()` instead.', { [Component Stack] name: 'Component Stack' }
06-23 20:46:09.040  8074 11030 W ReactNativeJS: 'This method is deprecated (as well as all React Native Firebase namespaced API) and will be removed in the next major release as part of move to match Firebase Web modular SDK API. Please see migration guide for more details: https://rnfirebase.io/migrating-to-v22. Method called was `logEvent`. Please use `logEvent()` instead.', { [Component Stack] name: 'Component Stack' }
06-23 20:46:09.087  1909  2867 I ActivityManager: Changes in 99215 19 to 3, 0 to 184
06-23 20:46:10.338  8074 11030 W ReactNativeJS: This method is deprecated (as well as all React Native Firebase namespaced API) and will be removed in the next major release as part of move to match Firebase Web modular SDK API. Please see migration guide for more details: https://rnfirebase.io/migrating-to-v22. Method called was `FieldValue`. Please use `FieldValue` instead.
06-23 20:46:10.338  8074 11030 W ReactNativeJS: This method is deprecated (as well as all React Native Firebase namespaced API) and will be removed in the next major release as part of move to match Firebase Web modular SDK API. Please see migration guide for more details: https://rnfirebase.io/migrating-to-v22. Method called was `delete`. Please use `deleteField()` instead.
06-23 20:46:10.338  8074 11030 W ReactNativeJS: This method is deprecated (as well as all React Native Firebase namespaced API) and will be removed in the next major release as part of move to match Firebase Web modular SDK API. Please see migration guide for more details: https://rnfirebase.io/migrating-to-v22. Method called was `FieldValue`. Please use `FieldValue` instead.
06-23 20:46:10.339  8074 11030 W ReactNativeJS: This method is deprecated (as well as all React Native Firebase namespaced API) and will be removed in the next major release as part of move to match Firebase Web modular SDK API. Please see migration guide for more details: https://rnfirebase.io/migrating-to-v22. Method called was `serverTimestamp`. Please use `serverTimestamp()` instead.
06-23 20:46:17.605  8074 11030 W ReactNativeJS: 'This method is deprecated (as well as all React Native Firebase namespaced API) and will be removed in the next major release as part of move to match Firebase Web modular SDK API. Please see migration guide for more details: https://rnfirebase.io/migrating-to-v22 Please use `getApp()` instead.', { [Component Stack] name: 'Component Stack' }
06-23 20:46:17.620  8074 11030 W ReactNativeJS: 'This method is deprecated (as well as all React Native Firebase namespaced API) and will be removed in the next major release as part of move to match Firebase Web modular SDK API. Please see migration guide for more details: https://rnfirebase.io/migrating-to-v22 Please use `getApp()` instead.', { [Component Stack] name: 'Component Stack' }
06-23 20:46:17.640  8074 11030 W ReactNativeJS: 'This method is deprecated (as well as all React Native Firebase namespaced API) and will be removed in the next major release as part of move to match Firebase Web modular SDK API. Please see migration guide for more details: https://rnfirebase.io/migrating-to-v22. Method called was `logEvent`. Please use `logEvent()` instead.', { [Component Stack] name: 'Component Stack' }
06-23 20:46:18.750  8074 11030 W ReactNativeJS: This method is deprecated (as well as all React Native Firebase namespaced API) and will be removed in the next major release as part of move to match Firebase Web modular SDK API. Please see migration guide for more details: https://rnfirebase.io/migrating-to-v22. Method called was `FieldValue`. Please use `FieldValue` instead.
06-23 20:46:18.751  8074 11030 W ReactNativeJS: This method is deprecated (as well as all React Native Firebase namespaced API) and will be removed in the next major release as part of move to match Firebase Web modular SDK API. Please see migration guide for more details: https://rnfirebase.io/migrating-to-v22. Method called was `delete`. Please use `deleteField()` instead.
06-23 20:46:18.751  8074 11030 W ReactNativeJS: This method is deprecated (as well as all React Native Firebase namespaced API) and will be removed in the next major release as part of move to match Firebase Web modular SDK API. Please see migration guide for more details: https://rnfirebase.io/migrating-to-v22. Method called was `FieldValue`. Please use `FieldValue` instead.
06-23 20:46:18.752  8074 11030 W ReactNativeJS: This method is deprecated (as well as all React Native Firebase namespaced API) and will be removed in the next major release as part of move to match Firebase Web modular SDK API. Please see migration guide for more details: https://rnfirebase.io/migrating-to-v22. Method called was `serverTimestamp`. Please use `serverTimestamp()` instead.
06-23 20:46:27.786  1909  2867 I ActivityManager: Changes in 99215 3 to 10, 184 to 0
06-23 20:46:37.833  1909  1972 I ActivityManager: Changes in 10096 19 to 11, 0 to 128
06-23 20:46:37.837  1909  4206 I ActivityManager: Changes in 10096 11 to 19, 128 to 0
06-23 20:47:17.164  8074 11030 W ReactNativeJS: This method is deprecated (as well as all React Native Firebase namespaced API) and will be removed in the next major release as part of move to match Firebase Web modular SDK API. Please see migration guide for more details: https://rnfirebase.io/migrating-to-v22. Method called was `FieldValue`. Please use `FieldValue` instead.
06-23 20:47:17.164  8074 11030 W ReactNativeJS: This method is deprecated (as well as all React Native Firebase namespaced API) and will be removed in the next major release as part of move to match Firebase Web modular SDK API. Please see migration guide for more details: https://rnfirebase.io/migrating-to-v22. Method called was `delete`. Please use `deleteField()` instead.
06-23 20:47:17.165  8074 11030 W ReactNativeJS: This method is deprecated (as well as all React Native Firebase namespaced API) and will be removed in the next major release as part of move to match Firebase Web modular SDK API. Please see migration guide for more details: https://rnfirebase.io/migrating-to-v22. Method called was `FieldValue`. Please use `FieldValue` instead.
06-23 20:47:17.165  8074 11030 W ReactNativeJS: This method is deprecated (as well as all React Native Firebase namespaced API) and will be removed in the next major release as part of move to match Firebase Web modular SDK API. Please see migration guide for more details: https://rnfirebase.io/migrating-to-v22. Method called was `serverTimestamp`. Please use `serverTimestamp()` instead.
06-23 20:48:06.192  1909  1973 I ActivityManager: Start proc 12330:com.samsung.android.privacydashboard/u0a107 for content provider {com.samsung.android.privacydashboard/com.samsung.android.privacydashboard.provider.PermissionAccessInformationContentProvider}
06-23 20:48:06.192  1909  1973 I ActivityManager: ProcessObserver broadcast disabled
06-23 20:48:06.373  1909  4340 I ActivityManager: Changes in 10107 19 to 5, 0 to 144
06-23 20:48:12.470  1909  1971 I ActivityManager: Changes in 10107 5 to 15, 144 to 0
06-23 20:48:19.489  1909  1972 I ActivityManager: Changes in 10096 19 to 11, 0 to 128
06-23 20:48:19.493  1909  4206 I ActivityManager: Changes in 10096 11 to 19, 128 to 0
06-23 20:48:32.475  1909  1972 I ActivityManager: Killing 10019:com.samsung.drmboost/u0a339 (adj 905): empty #25
06-23 20:49:23.464  8074 11030 W ReactNativeJS: This method is deprecated (as well as all React Native Firebase namespaced API) and will be removed in the next major release as part of move to match Firebase Web modular SDK API. Please see migration guide for more details: https://rnfirebase.io/migrating-to-v22. Method called was `FieldValue`. Please use `FieldValue` instead.
06-23 20:49:23.464  8074 11030 W ReactNativeJS: This method is deprecated (as well as all React Native Firebase namespaced API) and will be removed in the next major release as part of move to match Firebase Web modular SDK API. Please see migration guide for more details: https://rnfirebase.io/migrating-to-v22. Method called was `delete`. Please use `deleteField()` instead.
06-23 20:49:23.465  8074 11030 W ReactNativeJS: This method is deprecated (as well as all React Native Firebase namespaced API) and will be removed in the next major release as part of move to match Firebase Web modular SDK API. Please see migration guide for more details: https://rnfirebase.io/migrating-to-v22. Method called was `FieldValue`. Please use `FieldValue` instead.
06-23 20:49:23.465  8074 11030 W ReactNativeJS: This method is deprecated (as well as all React Native Firebase namespaced API) and will be removed in the next major release as part of move to match Firebase Web modular SDK API. Please see migration guide for more details: https://rnfirebase.io/migrating-to-v22. Method called was `serverTimestamp`. Please use `serverTimestamp()` instead.
06-23 20:51:29.921  8074 11030 W ReactNativeJS: This method is deprecated (as well as all React Native Firebase namespaced API) and will be removed in the next major release as part of move to match Firebase Web modular SDK API. Please see migration guide for more details: https://rnfirebase.io/migrating-to-v22. Method called was `FieldValue`. Please use `FieldValue` instead.
06-23 20:51:29.922  8074 11030 W ReactNativeJS: This method is deprecated (as well as all React Native Firebase namespaced API) and will be removed in the next major release as part of move to match Firebase Web modular SDK API. Please see migration guide for more details: https://rnfirebase.io/migrating-to-v22. Method called was `delete`. Please use `deleteField()` instead.
06-23 20:51:29.922  8074 11030 W ReactNativeJS: This method is deprecated (as well as all React Native Firebase namespaced API) and will be removed in the next major release as part of move to match Firebase Web modular SDK API. Please see migration guide for more details: https://rnfirebase.io/migrating-to-v22. Method called was `FieldValue`. Please use `FieldValue` instead.
06-23 20:51:29.922  8074 11030 W ReactNativeJS: This method is deprecated (as well as all React Native Firebase namespaced API) and will be removed in the next major release as part of move to match Firebase Web modular SDK API. Please see migration guide for more details: https://rnfirebase.io/migrating-to-v22. Method called was `serverTimestamp`. Please use `serverTimestamp()` instead.
06-23 20:51:40.235  1909  2867 I ActivityManager: Changes in 99215 19 to 5, 0 to 184
06-23 20:51:55.295  1909  4206 I ActivityManager: Changes in 99215 5 to 10, 184 to 0
06-23 20:53:36.883  8074 11030 W ReactNativeJS: This method is deprecated (as well as all React Native Firebase namespaced API) and will be removed in the next major release as part of move to match Firebase Web modular SDK API. Please see migration guide for more details: https://rnfirebase.io/migrating-to-v22. Method called was `FieldValue`. Please use `FieldValue` instead.
06-23 20:53:36.884  8074 11030 W ReactNativeJS: This method is deprecated (as well as all React Native Firebase namespaced API) and will be removed in the next major release as part of move to match Firebase Web modular SDK API. Please see migration guide for more details: https://rnfirebase.io/migrating-to-v22. Method called was `delete`. Please use `deleteField()` instead.
06-23 20:53:36.884  8074 11030 W ReactNativeJS: This method is deprecated (as well as all React Native Firebase namespaced API) and will be removed in the next major release as part of move to match Firebase Web modular SDK API. Please see migration guide for more details: https://rnfirebase.io/migrating-to-v22. Method called was `FieldValue`. Please use `FieldValue` instead.
06-23 20:53:36.884  8074 11030 W ReactNativeJS: This method is deprecated (as well as all React Native Firebase namespaced API) and will be removed in the next major release as part of move to match Firebase Web modular SDK API. Please see migration guide for more details: https://rnfirebase.io/migrating-to-v22. Method called was `serverTimestamp`. Please use `serverTimestamp()` instead.
06-23 20:58:02.359  8074 11030 W ReactNativeJS: This method is deprecated (as well as all React Native Firebase namespaced API) and will be removed in the next major release as part of move to match Firebase Web modular SDK API. Please see migration guide for more details: https://rnfirebase.io/migrating-to-v22. Method called was `FieldValue`. Please use `FieldValue` instead.
06-23 20:58:02.361  8074 11030 W ReactNativeJS: This method is deprecated (as well as all React Native Firebase namespaced API) and will be removed in the next major release as part of move to match Firebase Web modular SDK API. Please see migration guide for more details: https://rnfirebase.io/migrating-to-v22. Method called was `delete`. Please use `deleteField()` instead.
06-23 20:58:02.363  8074 11030 W ReactNativeJS: This method is deprecated (as well as all React Native Firebase namespaced API) and will be removed in the next major release as part of move to match Firebase Web modular SDK API. Please see migration guide for more details: https://rnfirebase.io/migrating-to-v22. Method called was `FieldValue`. Please use `FieldValue` instead.
06-23 20:58:02.364  8074 11030 W ReactNativeJS: This method is deprecated (as well as all React Native Firebase namespaced API) and will be removed in the next major release as part of move to match Firebase Web modular SDK API. Please see migration guide for more details: https://rnfirebase.io/migrating-to-v22. Method called was `serverTimestamp`. Please use `serverTimestamp()` instead.
06-23 20:58:14.855  1909  1972 I ActivityManager: Changes in 10096 19 to 11, 0 to 128
06-23 20:58:14.876  1909  4206 I ActivityManager: Changes in 99215 19 to 5, 0 to 184
06-23 20:58:24.871  1909  2065 I ActivityManager: Changes in 10096 19 to 19, 128 to 0
06-23 20:58:29.929  1909  3050 I ActivityManager: Changes in 99215 5 to 10, 184 to 0
06-23 20:58:58.527  1909  1965 I ActivityManager: Changes in 10147 5 to 2, 184 to 255
06-23 20:58:59.287  1909  1965 I ActivityManager: Changes in 11067 2 to 15, 255 to 128
06-23 20:58:59.413  1909  4206 I ActivityManager: Changes in 99215 19 to 10, 0 to 128
06-23 20:58:59.418  1909  3050 I ActivityManager: Changes in 99215 10 to 10, 128 to 0
06-23 20:58:59.418  1909  3050 I ActivityManager: Changes in 11067 15 to 15, 128 to 0
06-23 20:59:01.425  1909  1973 I ActivityManager: Start proc 12679:com.android.settings/1000 for activelaunch {com.android.settings/com.android.settings.Settings}
06-23 20:59:01.425  1909  1973 I ActivityManager: ProcessObserver broadcast disabled
06-23 20:59:01.735  1909  4340 I ActivityManager: Changes in 10117 19 to 3, 0 to 144
06-23 20:59:01.962  1909  1965 I ActivityManager: Changes in 10147 2 to 5, 255 to 184
06-23 20:59:03.455  1909  2720 I ActivityManager: Changes in 5009 19 to 5, 0 to 144
06-23 20:59:03.485  1909  2224 I ActivityManager: Changes in 10127 19 to 5, 0 to 144
06-23 20:59:03.485  1909  2224 I ActivityManager: Changes in 5278 19 to 5, 0 to 184
06-23 20:59:03.518  1909  2867 I ActivityManager: Changes in 10120 10 to 5, 0 to 144
06-23 20:59:03.521  1909  1973 I ActivityManager: Start proc 12820:com.sec.android.app.sbrowser/u0a330 for content provider {com.sec.android.app.sbrowser/com.sec.android.app.sbrowser.sync.SamsungCloudSyncSettingProvider}
06-23 20:59:03.521  1909  1973 I ActivityManager: ProcessObserver broadcast disabled
06-23 20:59:03.539  1909  1973 I ActivityManager: Start proc 12821:com.samsung.android.app.reminder/u0a224 for content provider {com.samsung.android.app.reminder/com.samsung.android.app.reminder.data.sync.CloudConnectionProvider}
06-23 20:59:03.539  1909  1973 I ActivityManager: ProcessObserver broadcast disabled
06-23 20:59:03.551  1909  1973 I ActivityManager: Start proc 12829:com.samsung.android.calendar/u0a222 for content provider {com.samsung.android.calendar/com.samsung.android.libcalendar.platform.samsungcloud.RPCSettingProvider}
06-23 20:59:03.551  1909  1973 I ActivityManager: ProcessObserver broadcast disabled
06-23 20:59:03.563  1909  1973 W ActivityManager: Slow operation: 58ms so far, now at startProcess: returned from zygote!
06-23 20:59:03.575  1909  1973 W ActivityManager: Slow operation: 70ms so far, now at startProcess: done updating battery stats
06-23 20:59:03.576  1909  1973 W ActivityManager: Slow operation: 71ms so far, now at startProcess: building log message
06-23 20:59:03.576  1909  1973 I ActivityManager: Start proc 12832:com.samsung.android.aremoji/u0a50 for content provider {com.samsung.android.aremoji/com.samsung.android.aremoji.home.sync.SamsungCloudProvider}
06-23 20:59:03.576  1909  1973 W ActivityManager: Slow operation: 71ms so far, now at startProcess: starting to update pids map
06-23 20:59:03.576  1909  1973 I ActivityManager: ProcessObserver broadcast disabled
06-23 20:59:03.576  1909  1973 W ActivityManager: Slow operation: 71ms so far, now at startProcess: done updating pids map
06-23 20:59:03.576  1909  1973 W ActivityManager: Slow operation: 63ms so far, now at startProcess: asking zygote to start proc
06-23 20:59:03.587  1909  1973 W ActivityManager: Slow operation: 74ms so far, now at startProcess: returned from zygote!
06-23 20:59:03.588  1909  1973 W ActivityManager: Slow operation: 75ms so far, now at startProcess: done updating battery stats
06-23 20:59:03.588  1909  1973 W ActivityManager: Slow operation: 75ms so far, now at startProcess: building log message
06-23 20:59:03.588  1909  1973 I ActivityManager: Start proc 12841:com.sec.android.app.shealth:remote/u0a328 for content provider {com.sec.android.app.shealth/com.samsung.android.service.health.server.SCloudSettingProvider}
06-23 20:59:03.588  1909  1973 W ActivityManager: Slow operation: 75ms so far, now at startProcess: starting to update pids map
06-23 20:59:03.588  1909  1973 I ActivityManager: ProcessObserver broadcast disabled
06-23 20:59:03.588  1909  1973 W ActivityManager: Slow operation: 76ms so far, now at startProcess: done updating pids map
06-23 20:59:03.588  1909  1973 W ActivityManager: Slow operation: 63ms so far, now at startProcess: asking zygote to start proc
06-23 20:59:03.601  1909  1973 W ActivityManager: Slow operation: 76ms so far, now at startProcess: returned from zygote!
06-23 20:59:03.621  1909  1973 W ActivityManager: Slow operation: 96ms so far, now at startProcess: done updating battery stats
06-23 20:59:03.622  1909  1973 W ActivityManager: Slow operation: 96ms so far, now at startProcess: building log message
06-23 20:59:03.622  1909  1973 I ActivityManager: Start proc 12859:com.samsung.android.app.notes/u0a326 for content provider {com.samsung.android.app.notes/com.samsung.android.support.senl.nt.app.sync.cloudsettings.callee.NotesSyncRpcProvider}
06-23 20:59:03.622  1909  1973 W ActivityManager: Slow operation: 96ms so far, now at startProcess: starting to update pids map
06-23 20:59:03.622  1909  1973 I ActivityManager: ProcessObserver broadcast disabled
06-23 20:59:03.622  1909  1973 W ActivityManager: Slow operation: 96ms so far, now at startProcess: done updating pids map
06-23 20:59:03.908  1909  1973 I ActivityManager: Start proc 12894:com.samsung.android.scpm/5009 for content provider {com.samsung.android.scpm/com.samsung.scsp.common.ScpmProvider}
06-23 20:59:03.908  1909  1973 I ActivityManager: ProcessObserver broadcast disabled
06-23 20:59:03.930  1909  1973 I ActivityManager: Start proc 12899:com.samsung.android.stickercenter/1000 for service {com.samsung.android.stickercenter/com.samsung.android.stickercenter.StickerCenterService}
06-23 20:59:03.932  1909  1973 I ActivityManager: ProcessObserver broadcast disabled
06-23 20:59:03.985  1909  2720 I ActivityManager: Changes in 10050 19 to 5, 0 to 144
06-23 20:59:03.992  1909  2057 I ActivityManager: Changes in 10222 19 to 5, 0 to 144
06-23 20:59:04.010  1909  1973 I ActivityManager: Start proc 12928:com.android.providers.calendar/u0a115 for content provider {com.android.providers.calendar/com.android.providers.calendar.CalendarProvider2}
06-23 20:59:04.011  1909  1973 I ActivityManager: ProcessObserver broadcast disabled
06-23 20:59:04.069  1909  3050 I ActivityManager: Changes in 10224 19 to 5, 0 to 144
06-23 20:59:04.155  1909  3050 I ActivityManager: Changes in 10115 19 to 5, 0 to 144
06-23 20:59:04.261  1909  2057 I ActivityManager: Changes in 99215 15 to 5, 0 to 184
06-23 20:59:04.261  1909  2057 I ActivityManager: Changes in 10330 19 to 5, 0 to 144
06-23 20:59:04.413  1909  4340 I ActivityManager: Changes in 10117 3 to 3, 144 to 184
06-23 20:59:04.510  1909  4340 I ActivityManager: Changes in 10328 19 to 5, 0 to 144
06-23 20:59:04.632  1909  2057 I ActivityManager: Changes in 10326 19 to 5, 0 to 144
06-23 20:59:04.872  1909  4340 I ActivityManager: Changes in 10117 3 to 3, 184 to 144
06-23 20:59:05.915  1909  1973 I ActivityManager: Start proc 13089:com.samsung.android.lool/1000 for next-top-activity {com.samsung.android.lool/com.samsung.android.sm.score.ui.ScoreBoardActivity}
06-23 20:59:05.916  1909  1973 I ActivityManager: ProcessObserver broadcast disabled
06-23 20:59:06.154  1909  2720 I ActivityManager: Changes in 10056 19 to 5, 0 to 144
06-23 20:59:06.190  1909  1973 I ActivityManager: Start proc 13128:com.samsung.android.sm.provider/1000 for content provider {com.samsung.android.lool/com.samsung.android.sm.database.SmProvider}
06-23 20:59:06.191  1909  1973 I ActivityManager: ProcessObserver broadcast disabled
06-23 20:59:06.341  1909  1973 I ActivityManager: Start proc 13151:com.samsung.android.sm.devicesecurity/u0a214 for content provider {com.samsung.android.sm.devicesecurity/com.samsung.android.sm.devicesecurity.DeviceSecurityProvider}
06-23 20:59:06.341  1909  1973 I ActivityManager: ProcessObserver broadcast disabled
06-23 20:59:06.390  1909  1973 I ActivityManager: Start proc 13171:com.samsung.android.voc/u0a329 for content provider {com.samsung.android.voc/com.samsung.android.voc.diagnosis.provider.SamsungMembersDiagnosisProvider}
06-23 20:59:06.399  1909  1973 I ActivityManager: ProcessObserver broadcast disabled
06-23 20:59:06.611  1909  3050 I ActivityManager: Changes in 10214 19 to 3, 0 to 144
06-23 20:59:06.952  1909  3050 I ActivityManager: Changes in 10329 19 to 3, 0 to 144
06-23 20:59:08.665  1909  2720 I ActivityManager: Changes in 10117 5 to 5, 144 to 184
06-23 20:59:08.797  1909  2720 I ActivityManager: Changes in 10117 5 to 5, 184 to 144
06-23 20:59:09.733  1909  1971 I ActivityManager: Changes in 10120 5 to 10, 144 to 0
06-23 20:59:09.894  1909  1971 I ActivityManager: Changes in 99215 5 to 15, 184 to 0
06-23 20:59:09.894  1909  1971 I ActivityManager: Changes in 10330 5 to 15, 144 to 0
06-23 20:59:09.896  1909  1971 I ActivityManager: Changes in 10328 5 to 15, 144 to 0
06-23 20:59:09.897  1909  1971 I ActivityManager: Changes in 10326 5 to 15, 144 to 0
06-23 20:59:09.897  1909  1971 I ActivityManager: Changes in 10224 5 to 15, 144 to 0
06-23 20:59:09.897  1909  1971 I ActivityManager: Changes in 10222 5 to 15, 144 to 0
06-23 20:59:09.897  1909  1971 I ActivityManager: Changes in 10127 5 to 15, 144 to 0
06-23 20:59:09.897  1909  1971 I ActivityManager: Changes in 10115 5 to 15, 144 to 0
06-23 20:59:09.897  1909  1971 I ActivityManager: Changes in 10056 5 to 15, 144 to 0
06-23 20:59:09.897  1909  1971 I ActivityManager: Changes in 10050 5 to 15, 144 to 0
06-23 20:59:09.897  1909  1971 I ActivityManager: Changes in 5278 5 to 15, 184 to 0
06-23 20:59:10.266  1909  1971 I ActivityManager: Changes in 10117 5 to 15, 144 to 0
06-23 20:59:10.266  1909  1971 I ActivityManager: Changes in 5009 5 to 15, 144 to 0
06-23 20:59:12.676  1909  1971 I ActivityManager: Changes in 10214 3 to 15, 144 to 0
06-23 20:59:12.905  1909  1971 I ActivityManager: Changes in 10329 3 to 15, 144 to 0
06-23 20:59:12.987  1909  1971 I ActivityManager: Killing 10037:com.android.vending/u0a251 (adj 995): empty #25
06-23 20:59:13.254  1909  1971 I ActivityManager: Killing 10504:com.google.android.rkpdapp/u0a348 (adj 985): empty #25
06-23 20:59:14.631  1909  1971 I ActivityManager: Killing 10333:com.android.vending:background/u0a251 (adj 975): empty #25
06-23 20:59:14.635  1909  1971 I ActivityManager: Killing 9425:com.samsung.android.dqagent/1000 (adj 985): empty #26
06-23 20:59:14.642  1909  1971 I ActivityManager: Killing 9492:com.samsung.android.app.sharelive/5026 (adj 975): empty #25
06-23 20:59:14.698  1909  1971 I ActivityManager: Killing 11297:com.samsung.android.sdm.config/u0a109 (adj 965): empty #25
06-23 20:59:18.513  1909  1965 I ActivityManager: Changes in 10147 5 to 2, 184 to 255
06-23 20:59:19.511  1909  1965 I ActivityManager: Changes in 11067 16 to 2, 0 to 255
06-23 20:59:19.788  1909  4342 I ActivityManager: Changes in 99215 19 to 3, 0 to 184
06-23 20:59:20.054  1909  2749 I ActivityManager: Changes in 10147 2 to 5, 255 to 184
06-23 20:59:30.078  1909  2720 I ActivityManager: Changes in 99215 3 to 10, 184 to 0
06-23 20:59:30.082  1909  2537 I ActivityManager: Killing 7530:com.samsung.mfcontents/u0a95 (adj 975): empty #25
06-23 20:59:30.504  1909  1972 I ActivityManager: Killing 11655:com.samsung.android.intellivoiceservice:asr/u0a121 (adj 975): empty #25
06-23 20:59:30.507  1909  1972 I ActivityManager: Killing 11300:com.google.android.apps.docs/u0a309 (adj 975): empty #26
06-23 20:59:32.678  1909  1972 I ActivityManager: Killing 11428:com.samsung.android.intellivoiceservice/u0a121 (adj 965): empty #25
06-23 20:59:33.680  1909  1972 I ActivityManager: Killing 3850:com.lguplus.appstore/u0a99 (adj 965): empty #25
06-23 20:59:33.683  1909  1972 I ActivityManager: Killing 11298:com.samsung.android.kmxservice/u0a89 (adj 965): empty #26
06-23 21:01:21.296  8074 11030 W ReactNativeJS: This method is deprecated (as well as all React Native Firebase namespaced API) and will be removed in the next major release as part of move to match Firebase Web modular SDK API. Please see migration guide for more details: https://rnfirebase.io/migrating-to-v22. Method called was `FieldValue`. Please use `FieldValue` instead.
06-23 21:01:21.297  8074 11030 W ReactNativeJS: This method is deprecated (as well as all React Native Firebase namespaced API) and will be removed in the next major release as part of move to match Firebase Web modular SDK API. Please see migration guide for more details: https://rnfirebase.io/migrating-to-v22. Method called was `delete`. Please use `deleteField()` instead.
06-23 21:01:21.297  8074 11030 W ReactNativeJS: This method is deprecated (as well as all React Native Firebase namespaced API) and will be removed in the next major release as part of move to match Firebase Web modular SDK API. Please see migration guide for more details: https://rnfirebase.io/migrating-to-v22. Method called was `FieldValue`. Please use `FieldValue` instead.
06-23 21:01:21.298  8074 11030 W ReactNativeJS: This method is deprecated (as well as all React Native Firebase namespaced API) and will be removed in the next major release as part of move to match Firebase Web modular SDK API. Please see migration guide for more details: https://rnfirebase.io/migrating-to-v22. Method called was `serverTimestamp`. Please use `serverTimestamp()` instead.
06-23 21:01:24.570  8074 11030 W ReactNativeJS: 'This method is deprecated (as well as all React Native Firebase namespaced API) and will be removed in the next major release as part of move to match Firebase Web modular SDK API. Please see migration guide for more details: https://rnfirebase.io/migrating-to-v22 Please use `getApp()` instead.', { [Component Stack] name: 'Component Stack' }
06-23 21:01:24.594  8074 11030 W ReactNativeJS: 'This method is deprecated (as well as all React Native Firebase namespaced API) and will be removed in the next major release as part of move to match Firebase Web modular SDK API. Please see migration guide for more details: https://rnfirebase.io/migrating-to-v22 Please use `getApp()` instead.', { [Component Stack] name: 'Component Stack' }
06-23 21:01:24.615  8074 11030 W ReactNativeJS: 'This method is deprecated (as well as all React Native Firebase namespaced API) and will be removed in the next major release as part of move to match Firebase Web modular SDK API. Please see migration guide for more details: https://rnfirebase.io/migrating-to-v22. Method called was `logEvent`. Please use `logEvent()` instead.', { [Component Stack] name: 'Component Stack' }
06-23 21:01:24.662  1909  2803 I ActivityManager: Changes in 99215 19 to 3, 0 to 184
06-23 21:01:26.078  8074 11030 W ReactNativeJS: This method is deprecated (as well as all React Native Firebase namespaced API) and will be removed in the next major release as part of move to match Firebase Web modular SDK API. Please see migration guide for more details: https://rnfirebase.io/migrating-to-v22. Method called was `FieldValue`. Please use `FieldValue` instead.
06-23 21:01:26.078  8074 11030 W ReactNativeJS: This method is deprecated (as well as all React Native Firebase namespaced API) and will be removed in the next major release as part of move to match Firebase Web modular SDK API. Please see migration guide for more details: https://rnfirebase.io/migrating-to-v22. Method called was `delete`. Please use `deleteField()` instead.
06-23 21:01:26.079  8074 11030 W ReactNativeJS: This method is deprecated (as well as all React Native Firebase namespaced API) and will be removed in the next major release as part of move to match Firebase Web modular SDK API. Please see migration guide for more details: https://rnfirebase.io/migrating-to-v22. Method called was `FieldValue`. Please use `FieldValue` instead.
06-23 21:01:26.079  8074 11030 W ReactNativeJS: This method is deprecated (as well as all React Native Firebase namespaced API) and will be removed in the next major release as part of move to match Firebase Web modular SDK API. Please see migration guide for more details: https://rnfirebase.io/migrating-to-v22. Method called was `serverTimestamp`. Please use `serverTimestamp()` instead.
06-23 21:01:28.292  8074 11022 E ReactNativeJS: { [Error: TransformError SyntaxError: D:\arcfire20260607\src\components\planet\planetHub\planetHubSubcomponents.tsx: Unexpected token, expected "," (621:9)
06-23 21:01:28.292  8074 11022 E ReactNativeJS: 
06-23 21:01:28.292  8074 11022 E ReactNativeJS: [0m [90m 619 |[39m             backgroundImageSource[33m=[39m{mainStageBackdrop[33m.[39mbackdropImageSource}
06-23 21:01:28.292  8074 11022 E ReactNativeJS:  [90m 620 |[39m           [33m/[39m[33m>[39m
06-23 21:01:28.292  8074 11022 E ReactNativeJS: [31m[1m>[22m[39m[90m 621 |[39m         )}
06-23 21:01:28.292  8074 11022 E ReactNativeJS:  [90m     |[39m          [31m[1m^[22m[39m
06-23 21:01:28.292  8074 11022 E ReactNativeJS:  [90m 622 |[39m       [33m<[39m[33m/[39m[33mView[39m[33m>[39m
06-23 21:01:28.292  8074 11022 E ReactNativeJS:  [90m 623 |[39m       [33m<[39m[33mView[39m style[33m=[39m{bgStyles[33m.[39mplanetBgStack}[33m>[39m
06-23 21:01:28.292  8074 11022 E ReactNativeJS:  [90m 624 |[39m         [33m<[39m[33mView[39m style[33m=[39m{[bgStyles[33m.[39msystemBadge[33m,[39m hubCapitalCombatMute [33m&&[39m bgStyles[33m.[39mplanetHubCapitalCombatBadgeDim]}[33m>[39m[0m] preventSymbolication: true }
06-23 21:01:28.380  8074 11030 E ReactNativeJS: { [Error: TransformError SyntaxError: D:\arcfire20260607\src\components\planet\planetHub\planetHubSubcomponents.tsx: Unexpected token, expected "," (621:9)
06-23 21:01:28.380  8074 11030 E ReactNativeJS: 
06-23 21:01:28.380  8074 11030 E ReactNativeJS: [0m [90m 619 |[39m             backgroundImageSource[33m=[39m{mainStageBackdrop[33m.[39mbackdropImageSource}
06-23 21:01:28.380  8074 11030 E ReactNativeJS:  [90m 620 |[39m           [33m/[39m[33m>[39m
06-23 21:01:28.380  8074 11030 E ReactNativeJS: [31m[1m>[22m[39m[90m 621 |[39m         )}
06-23 21:01:28.380  8074 11030 E ReactNativeJS:  [90m     |[39m          [31m[1m^[22m[39m
06-23 21:01:28.380  8074 11030 E ReactNativeJS:  [90m 622 |[39m       [33m<[39m[33m/[39m[33mView[39m[33m>[39m
06-23 21:01:28.380  8074 11030 E ReactNativeJS:  [90m 623 |[39m       [33m<[39m[33mView[39m style[33m=[39m{bgStyles[33m.[39mplanetBgStack}[33m>[39m
06-23 21:01:28.380  8074 11030 E ReactNativeJS:  [90m 624 |[39m         [33m<[39m[33mView[39m style[33m=[39m{[bgStyles[33m.[39msystemBadge[33m,[39m hubCapitalCombatMute [33m&&[39m bgStyles[33m.[39mplanetHubCapitalCombatBadgeDim]}[33m>[39m[0m] preventSymbolication: true }
06-23 21:01:34.793  1909  2803 I ActivityManager: Changes in 99215 3 to 10, 184 to 0
06-23 21:04:33.417  1909  1965 I ActivityManager: Changes in 10147 5 to 2, 184 to 255
06-23 21:04:33.419  1909  1965 I ActivityManager: updateOomAdj start time is before than pendingPid added, don't delete it
06-23 21:04:34.014  1909  1965 I ActivityManager: Changes in 11067 2 to 15, 255 to 128
06-23 21:04:34.039  1909  2803 I ActivityManager: Changes in 99215 19 to 10, 0 to 128
06-23 21:04:34.083  1909  4342 I ActivityManager: Changes in 99215 15 to 15, 128 to 0
06-23 21:04:34.083  1909  4342 I ActivityManager: Changes in 11067 15 to 15, 128 to 0
06-23 21:04:34.654  1909  1965 I ActivityManager: Killing 8074:com.arcfire.online/u0a1067 (adj 900): remove task
06-23 21:04:34.671  1909  1973 I ActivityManager: Start proc 13559:com.samsung.android.samsungpassautofill/u0a207 for service {com.samsung.android.samsungpassautofill/com.samsung.android.samsungpassautofill.AutofillServiceMain}
06-23 21:04:34.671  1909  1973 I ActivityManager: ProcessObserver broadcast disabled
06-23 21:04:34.796  1909  4342 I ActivityManager: Changes in 10207 19 to 6, 0 to 128
06-23 21:04:34.803  1909  4342 I ActivityManager: Changes in 10127 19 to 6, 0 to 128
06-23 21:04:34.803  1909  4342 I ActivityManager: Changes in 5278 19 to 6, 0 to 128
06-23 21:04:34.916  1909  1965 W ActivityManager: setHasOverlayUi called on unknown pid: 8074
06-23 21:04:39.305  1909  1973 I ActivityManager: Start proc 13585:com.arcfire.online/u0a1067 for activelaunch {com.arcfire.online/com.arcfire.online.MainActivity}
06-23 21:04:39.305  1909  1973 I ActivityManager: ProcessObserver broadcast disabled
06-23 21:04:39.814  1909  1909 I ActivityManager: Changes in 10207 6 to 10, 128 to 0
06-23 21:04:39.814  1909  1909 I ActivityManager: Changes in 10127 6 to 10, 128 to 0
06-23 21:04:39.814  1909  1909 I ActivityManager: Changes in 5278 6 to 10, 128 to 0
06-23 21:04:40.464  1909  1965 I ActivityManager: Changes in 99215 19 to 3, 0 to 184
06-23 21:04:40.464  1909  1965 I ActivityManager: Changes in 11067 19 to 2, 0 to 255
06-23 21:04:40.702  1909  1965 I ActivityManager: Changes in 10147 2 to 5, 255 to 184
06-23 21:04:50.787  1909  4225 I ActivityManager: Changes in 99215 3 to 10, 184 to 0
06-23 21:04:50.795  1909  2224 I ActivityManager: Killing 7631:com.google.android.as.oss/u0a248 (adj 975): empty #25
06-23 21:05:27.902 13585 13681 W ReactNativeJS: 'This method is deprecated (as well as all React Native Firebase namespaced API) and will be removed in the next major release as part of move to match Firebase Web modular SDK API. Please see migration guide for more details: https://rnfirebase.io/migrating-to-v22 Please use `getApp()` instead.', { [Component Stack] name: 'Component Stack' }
06-23 21:05:27.922 13585 13681 W ReactNativeJS: 'This method is deprecated (as well as all React Native Firebase namespaced API) and will be removed in the next major release as part of move to match Firebase Web modular SDK API. Please see migration guide for more details: https://rnfirebase.io/migrating-to-v22 Please use `getApp()` instead.', { [Component Stack] name: 'Component Stack' }
06-23 21:05:27.941 13585 13681 W ReactNativeJS: 'This method is deprecated (as well as all React Native Firebase namespaced API) and will be removed in the next major release as part of move to match Firebase Web modular SDK API. Please see migration guide for more details: https://rnfirebase.io/migrating-to-v22. Method called was `settings`. Please use `settings()` instead.', { [Component Stack] name: 'Component Stack' }
06-23 21:05:27.964 13585 13681 W ReactNativeJS: 'This method is deprecated (as well as all React Native Firebase namespaced API) and will be removed in the next major release as part of move to match Firebase Web modular SDK API. Please see migration guide for more details: https://rnfirebase.io/migrating-to-v22 Please use `getApp()` instead.', { [Component Stack] name: 'Component Stack' }
06-23 21:05:27.979 13585 13681 W ReactNativeJS: 'This method is deprecated (as well as all React Native Firebase namespaced API) and will be removed in the next major release as part of move to match Firebase Web modular SDK API. Please see migration guide for more details: https://rnfirebase.io/migrating-to-v22. Method called was `logEvent`. Please use `logEvent()` instead.', { [Component Stack] name: 'Component Stack' }
06-23 21:05:28.091  1909  2224 I ActivityManager: Changes in 99215 19 to 3, 0 to 184
06-23 21:05:28.346 13585 13681 W ReactNativeJS: This method is deprecated (as well as all React Native Firebase namespaced API) and will be removed in the next major release as part of move to match Firebase Web modular SDK API. Please see migration guide for more details: https://rnfirebase.io/migrating-to-v22. Method called was `FieldValue`. Please use `FieldValue` instead.
06-23 21:05:28.346 13585 13681 W ReactNativeJS: This method is deprecated (as well as all React Native Firebase namespaced API) and will be removed in the next major release as part of move to match Firebase Web modular SDK API. Please see migration guide for more details: https://rnfirebase.io/migrating-to-v22. Method called was `delete`. Please use `deleteField()` instead.
06-23 21:05:28.347 13585 13681 W ReactNativeJS: This method is deprecated (as well as all React Native Firebase namespaced API) and will be removed in the next major release as part of move to match Firebase Web modular SDK API. Please see migration guide for more details: https://rnfirebase.io/migrating-to-v22. Method called was `FieldValue`. Please use `FieldValue` instead.
06-23 21:05:28.348 13585 13681 W ReactNativeJS: This method is deprecated (as well as all React Native Firebase namespaced API) and will be removed in the next major release as part of move to match Firebase Web modular SDK API. Please see migration guide for more details: https://rnfirebase.io/migrating-to-v22. Method called was `serverTimestamp`. Please use `serverTimestamp()` instead.
06-23 21:05:32.054 13585 13681 W ReactNativeJS: This method is deprecated (as well as all React Native Firebase namespaced API) and will be removed in the next major release as part of move to match Firebase Web modular SDK API. Please see migration guide for more details: https://rnfirebase.io/migrating-to-v22. Method called was `FieldValue`. Please use `FieldValue` instead.
06-23 21:05:32.054 13585 13681 W ReactNativeJS: This method is deprecated (as well as all React Native Firebase namespaced API) and will be removed in the next major release as part of move to match Firebase Web modular SDK API. Please see migration guide for more details: https://rnfirebase.io/migrating-to-v22. Method called was `delete`. Please use `deleteField()` instead.
06-23 21:05:32.055 13585 13681 W ReactNativeJS: This method is deprecated (as well as all React Native Firebase namespaced API) and will be removed in the next major release as part of move to match Firebase Web modular SDK API. Please see migration guide for more details: https://rnfirebase.io/migrating-to-v22. Method called was `FieldValue`. Please use `FieldValue` instead.
06-23 21:05:32.055 13585 13681 W ReactNativeJS: This method is deprecated (as well as all React Native Firebase namespaced API) and will be removed in the next major release as part of move to match Firebase Web modular SDK API. Please see migration guide for more details: https://rnfirebase.io/migrating-to-v22. Method called was `serverTimestamp`. Please use `serverTimestamp()` instead.
06-23 21:05:38.201  1909  4225 I ActivityManager: Changes in 99215 3 to 10, 184 to 0
06-23 21:05:49.519  1909  1972 I ActivityManager: Changes in 10096 19 to 11, 0 to 128
06-23 21:05:49.527  1909  1972 I ActivityManager: Changes in 10108 10 to 10, 0 to 128
06-23 21:05:49.528  1909  1973 I ActivityManager: Start proc 13767:com.samsung.android.game.gos/u0a76 for service {com.samsung.android.game.gos/com.samsung.android.game.gos.service.MainIntentService}
06-23 21:05:49.528  1909  1973 I ActivityManager: ProcessObserver broadcast disabled
06-23 21:05:49.530  1909  2224 I ActivityManager: Changes in 10096 11 to 19, 128 to 0
06-23 21:05:49.538  1909  2057 I ActivityManager: Changes in 10108 10 to 10, 128 to 0
06-23 21:05:49.591  1909  2057 I ActivityManager: Changes in 99215 19 to 8, 0 to 128
06-23 21:05:49.632  1909  4227 I ActivityManager: Changes in 99215 8 to 10, 128 to 0
06-23 21:05:49.742  1909  2224 I ActivityManager: Changes in 99215 19 to 3, 0 to 184
06-23 21:05:52.397  1909  1965 I ActivityManager: Changes in 10147 5 to 2, 184 to 255
06-23 21:05:52.994  1909  1965 I ActivityManager: Changes in 11067 2 to 15, 255 to 128
06-23 21:05:53.149  1909  4227 I ActivityManager: Changes in 11067 15 to 15, 128 to 0
06-23 21:05:53.913  1909  4227 I ActivityManager: Changes in 10147 2 to 5, 255 to 184
06-23 21:05:56.300  1909  4227 I ActivityManager: Changes in 10214 19 to 3, 0 to 144
06-23 21:05:56.311  1909  4356 I ActivityManager: Changes in 10329 19 to 3, 0 to 144
06-23 21:06:02.335  1909  1971 I ActivityManager: Changes in 10329 3 to 15, 144 to 0
06-23 21:06:02.359  1909  1971 I ActivityManager: Changes in 10214 3 to 15, 144 to 0
06-23 21:06:03.231  1909  1965 I ActivityManager: Changes in 10147 5 to 2, 184 to 255
06-23 21:06:03.231  1909  1965 I ActivityManager: updateOomAdj start time is before than pendingPid added, don't delete it
06-23 21:06:03.919  1909  1965 I ActivityManager: Changes in 11067 16 to 2, 0 to 255
06-23 21:06:04.252  1909  1965 I ActivityManager: Changes in 10147 2 to 5, 255 to 184
06-23 21:06:14.167  1909  4227 I ActivityManager: Changes in 99215 3 to 10, 184 to 0
06-23 21:06:23.337  1909  1972 I ActivityManager: Killing 9361:com.samsung.faceservice/5004 (adj 975): empty #25
06-23 21:08:56.057  1909  1972 I ActivityManager: Changes in 10096 19 to 11, 0 to 128
06-23 21:08:56.061  1909  4227 I ActivityManager: Changes in 10096 11 to 19, 128 to 0
06-23 21:08:56.066  1909  1973 I ActivityManager: Start proc 14028:com.android.vending/u0a251 for broadcast {com.android.vending/com.google.android.finsky.gamestreaks.notification.GameStreaksAlarmReceiver}
06-23 21:08:56.066  1909  1973 I ActivityManager: ProcessObserver broadcast disabled
06-23 21:08:56.456  1909  4227 I ActivityManager: Changes in 10251 19 to 11, 0 to 128
06-23 21:08:57.336  1909  4227 I ActivityManager: Changes in 99215 19 to 11, 0 to 128
06-23 21:08:58.317  1909  4227 I ActivityManager: Killing 7663:com.samsung.cmh/5004 (adj 975): empty #25
06-23 21:08:58.321  1909  4227 I ActivityManager: Changes in 99215 11 to 19, 128 to 0
06-23 21:08:58.322  1909  4227 I ActivityManager: Changes in 10251 11 to 19, 128 to 0
06-23 21:09:06.612  1909  1973 I ActivityManager: Start proc 14155:com.android.vending:background/u0a251 for service {com.android.vending/com.google.frameworks.client.data.android.server.play.BackgroundProcessEndpointService}
06-23 21:09:06.612  1909  1973 I ActivityManager: ProcessObserver broadcast disabled
06-23 21:09:21.579  1909  1933 I ActivityManager: Killing 12330:com.samsung.android.privacydashboard/u0a107 (adj 965): empty #25
06-23 21:10:19.799 13585 13681 W ReactNativeJS: This method is deprecated (as well as all React Native Firebase namespaced API) and will be removed in the next major release as part of move to match Firebase Web modular SDK API. Please see migration guide for more details: https://rnfirebase.io/migrating-to-v22. Method called was `FieldValue`. Please use `FieldValue` instead.
06-23 21:10:19.800 13585 13681 W ReactNativeJS: This method is deprecated (as well as all React Native Firebase namespaced API) and will be removed in the next major release as part of move to match Firebase Web modular SDK API. Please see migration guide for more details: https://rnfirebase.io/migrating-to-v22. Method called was `delete`. Please use `deleteField()` instead.
06-23 21:10:19.801 13585 13681 W ReactNativeJS: This method is deprecated (as well as all React Native Firebase namespaced API) and will be removed in the next major release as part of move to match Firebase Web modular SDK API. Please see migration guide for more details: https://rnfirebase.io/migrating-to-v22. Method called was `FieldValue`. Please use `FieldValue` instead.
06-23 21:10:19.802 13585 13681 W ReactNativeJS: This method is deprecated (as well as all React Native Firebase namespaced API) and will be removed in the next major release as part of move to match Firebase Web modular SDK API. Please see migration guide for more details: https://rnfirebase.io/migrating-to-v22. Method called was `serverTimestamp`. Please use `serverTimestamp()` instead.
06-23 21:15:26.684 13585 13681 W ReactNativeJS: This method is deprecated (as well as all React Native Firebase namespaced API) and will be removed in the next major release as part of move to match Firebase Web modular SDK API. Please see migration guide for more details: https://rnfirebase.io/migrating-to-v22. Method called was `FieldValue`. Please use `FieldValue` instead.
06-23 21:15:26.684 13585 13681 W ReactNativeJS: This method is deprecated (as well as all React Native Firebase namespaced API) and will be removed in the next major release as part of move to match Firebase Web modular SDK API. Please see migration guide for more details: https://rnfirebase.io/migrating-to-v22. Method called was `delete`. Please use `deleteField()` instead.
06-23 21:15:26.685 13585 13681 W ReactNativeJS: This method is deprecated (as well as all React Native Firebase namespaced API) and will be removed in the next major release as part of move to match Firebase Web modular SDK API. Please see migration guide for more details: https://rnfirebase.io/migrating-to-v22. Method called was `FieldValue`. Please use `FieldValue` instead.
06-23 21:15:26.685 13585 13681 W ReactNativeJS: This method is deprecated (as well as all React Native Firebase namespaced API) and will be removed in the next major release as part of move to match Firebase Web modular SDK API. Please see migration guide for more details: https://rnfirebase.io/migrating-to-v22. Method called was `serverTimestamp`. Please use `serverTimestamp()` instead.
06-23 21:16:37.830  1909  1972 I ActivityManager: Changes in 10096 19 to 11, 0 to 128
06-23 21:16:37.834  1909  2776 I ActivityManager: Changes in 10096 11 to 19, 128 to 0
06-23 21:18:14.859  1909  1972 I ActivityManager: Changes in 10096 19 to 11, 0 to 128
06-23 21:18:14.878  1909  2057 I ActivityManager: Changes in 99215 19 to 5, 0 to 184
06-23 21:18:14.907  1909  1973 I ActivityManager: Start proc 14534:com.samsung.android.privacydashboard/u0a107 for content provider {com.samsung.android.privacydashboard/com.samsung.android.privacydashboard.provider.PermissionAccessInformationContentProvider}
06-23 21:18:14.907  1909  1973 I ActivityManager: ProcessObserver broadcast disabled
06-23 21:18:15.037  1909  2057 I ActivityManager: Changes in 10107 19 to 5, 0 to 144
06-23 21:18:21.127  1909  1971 I ActivityManager: Changes in 10107 5 to 15, 144 to 0
06-23 21:18:24.868  1909  2065 I ActivityManager: Changes in 10096 19 to 19, 128 to 0
06-23 21:18:28.127 13585 13681 W ReactNativeJS: This method is deprecated (as well as all React Native Firebase namespaced API) and will be removed in the next major release as part of move to match Firebase Web modular SDK API. Please see migration guide for more details: https://rnfirebase.io/migrating-to-v22. Method called was `FieldValue`. Please use `FieldValue` instead.
06-23 21:18:28.128 13585 13681 W ReactNativeJS: This method is deprecated (as well as all React Native Firebase namespaced API) and will be removed in the next major release as part of move to match Firebase Web modular SDK API. Please see migration guide for more details: https://rnfirebase.io/migrating-to-v22. Method called was `delete`. Please use `deleteField()` instead.
06-23 21:18:28.130 13585 13681 W ReactNativeJS: This method is deprecated (as well as all React Native Firebase namespaced API) and will be removed in the next major release as part of move to match Firebase Web modular SDK API. Please see migration guide for more details: https://rnfirebase.io/migrating-to-v22. Method called was `FieldValue`. Please use `FieldValue` instead.
06-23 21:18:28.130 13585 13681 W ReactNativeJS: This method is deprecated (as well as all React Native Firebase namespaced API) and will be removed in the next major release as part of move to match Firebase Web modular SDK API. Please see migration guide for more details: https://rnfirebase.io/migrating-to-v22. Method called was `serverTimestamp`. Please use `serverTimestamp()` instead.
06-23 21:18:29.933  1909  2057 I ActivityManager: Changes in 99215 5 to 10, 184 to 0
06-23 21:18:41.130  1909  1972 I ActivityManager: Killing 12820:com.sec.android.app.sbrowser/u0a330 (adj 955): empty #25
06-23 21:20:44.571  1909  1965 I ActivityManager: Changes in 10147 5 to 2, 184 to 255
06-23 21:20:45.186  1909  1965 I ActivityManager: Changes in 11067 2 to 15, 255 to 128
06-23 21:20:45.326  1909  2057 I ActivityManager: Changes in 99215 19 to 10, 0 to 128
06-23 21:20:45.350  1909  2224 I ActivityManager: Changes in 99215 15 to 15, 128 to 0
06-23 21:20:45.350  1909  2224 I ActivityManager: Changes in 11067 15 to 15, 128 to 0
06-23 21:20:45.883  1909  4227 I ActivityManager: Changes in 10147 2 to 5, 255 to 184
06-23 21:20:46.447  1909  2776 I ActivityManager: Changes in 10214 19 to 3, 0 to 144
06-23 21:20:46.459  1909  2224 I ActivityManager: Changes in 10329 19 to 3, 0 to 144
06-23 21:20:47.896  1909  4227 I ActivityManager: Changes in 10329 3 to 10, 144 to 128
06-23 21:20:47.896  1909  4227 I ActivityManager: Changes in 10214 3 to 10, 144 to 128
06-23 21:20:47.925  1909  4356 I ActivityManager: Changes in 10117 19 to 3, 0 to 144
06-23 21:20:48.408  1909  1965 I ActivityManager: Changes in 10329 19 to 19, 128 to 0
06-23 21:20:48.408  1909  1965 I ActivityManager: Changes in 10214 19 to 19, 128 to 0
06-23 21:20:49.342  1909  1965 I ActivityManager: Changes in 10329 19 to 3, 0 to 144
06-23 21:20:49.343  1909  1965 I ActivityManager: Changes in 10214 19 to 3, 0 to 144
06-23 21:20:49.517  1909  2224 I ActivityManager: Changes in 5009 19 to 5, 0 to 144
06-23 21:20:49.534  1909  1933 I ActivityManager: Changes in 10326 19 to 5, 0 to 144
06-23 21:20:49.557  1909  1933 I ActivityManager: Changes in 10224 19 to 5, 0 to 144
06-23 21:20:49.965  1909  1965 I ActivityManager: Changes in 10117 3 to 15, 144 to 128
06-23 21:20:50.002  1909  2224 I ActivityManager: Changes in 10117 15 to 15, 128 to 0
06-23 21:20:52.466  1909  1971 I ActivityManager: Changes in 10329 3 to 15, 144 to 0
06-23 21:20:52.493  1909  1971 I ActivityManager: Changes in 10214 3 to 15, 144 to 0
06-23 21:20:55.664  1909  1971 I ActivityManager: Changes in 10326 5 to 15, 144 to 0
06-23 21:20:55.666  1909  1971 I ActivityManager: Changes in 10224 5 to 15, 144 to 0
06-23 21:20:55.702  1909  1971 I ActivityManager: Changes in 5009 5 to 15, 144 to 0
06-23 21:20:56.225  1909  1965 I ActivityManager: Changes in 10147 5 to 2, 184 to 255
06-23 21:20:57.013  1909  1965 I ActivityManager: Changes in 99215 19 to 3, 0 to 184
06-23 21:20:57.013  1909  1965 I ActivityManager: Changes in 11067 16 to 2, 0 to 255
06-23 21:20:57.045 13585 13681 W ReactNativeJS: This method is deprecated (as well as all React Native Firebase namespaced API) and will be removed in the next major release as part of move to match Firebase Web modular SDK API. Please see migration guide for more details: https://rnfirebase.io/migrating-to-v22. Method called was `FieldValue`. Please use `FieldValue` instead.
06-23 21:20:57.046 13585 13681 W ReactNativeJS: This method is deprecated (as well as all React Native Firebase namespaced API) and will be removed in the next major release as part of move to match Firebase Web modular SDK API. Please see migration guide for more details: https://rnfirebase.io/migrating-to-v22. Method called was `delete`. Please use `deleteField()` instead.
06-23 21:20:57.047 13585 13681 W ReactNativeJS: This method is deprecated (as well as all React Native Firebase namespaced API) and will be removed in the next major release as part of move to match Firebase Web modular SDK API. Please see migration guide for more details: https://rnfirebase.io/migrating-to-v22. Method called was `FieldValue`. Please use `FieldValue` instead.
06-23 21:20:57.048 13585 13681 W ReactNativeJS: This method is deprecated (as well as all React Native Firebase namespaced API) and will be removed in the next major release as part of move to match Firebase Web modular SDK API. Please see migration guide for more details: https://rnfirebase.io/migrating-to-v22. Method called was `serverTimestamp`. Please use `serverTimestamp()` instead.
06-23 21:20:57.282  1909  1965 I ActivityManager: Changes in 10147 2 to 5, 255 to 184
06-23 21:21:07.227  1909  4225 I ActivityManager: Changes in 99215 3 to 10, 184 to 0
06-23 21:23:14.168 13585 13681 W ReactNativeJS: This method is deprecated (as well as all React Native Firebase namespaced API) and will be removed in the next major release as part of move to match Firebase Web modular SDK API. Please see migration guide for more details: https://rnfirebase.io/migrating-to-v22. Method called was `FieldValue`. Please use `FieldValue` instead.
06-23 21:23:14.168 13585 13681 W ReactNativeJS: This method is deprecated (as well as all React Native Firebase namespaced API) and will be removed in the next major release as part of move to match Firebase Web modular SDK API. Please see migration guide for more details: https://rnfirebase.io/migrating-to-v22. Method called was `delete`. Please use `deleteField()` instead.
06-23 21:23:14.169 13585 13681 W ReactNativeJS: This method is deprecated (as well as all React Native Firebase namespaced API) and will be removed in the next major release as part of move to match Firebase Web modular SDK API. Please see migration guide for more details: https://rnfirebase.io/migrating-to-v22. Method called was `FieldValue`. Please use `FieldValue` instead.
06-23 21:23:14.169 13585 13681 W ReactNativeJS: This method is deprecated (as well as all React Native Firebase namespaced API) and will be removed in the next major release as part of move to match Firebase Web modular SDK API. Please see migration guide for more details: https://rnfirebase.io/migrating-to-v22. Method called was `serverTimestamp`. Please use `serverTimestamp()` instead.
06-23 21:23:19.536  1909  1972 I ActivityManager: Changes in 10096 19 to 11, 0 to 128
06-23 21:23:19.543  1909  2224 I ActivityManager: Changes in 10096 11 to 19, 128 to 0
06-23 21:23:19.603  1909  2057 I ActivityManager: Changes in 99215 19 to 5, 0 to 184
06-23 21:23:34.662  1909  2224 I ActivityManager: Changes in 99215 5 to 10, 184 to 0
06-23 21:25:40.317 13585 13681 W ReactNativeJS: This method is deprecated (as well as all React Native Firebase namespaced API) and will be removed in the next major release as part of move to match Firebase Web modular SDK API. Please see migration guide for more details: https://rnfirebase.io/migrating-to-v22. Method called was `FieldValue`. Please use `FieldValue` instead.
06-23 21:25:40.318 13585 13681 W ReactNativeJS: This method is deprecated (as well as all React Native Firebase namespaced API) and will be removed in the next major release as part of move to match Firebase Web modular SDK API. Please see migration guide for more details: https://rnfirebase.io/migrating-to-v22. Method called was `delete`. Please use `deleteField()` instead.
06-23 21:25:40.318 13585 13681 W ReactNativeJS: This method is deprecated (as well as all React Native Firebase namespaced API) and will be removed in the next major release as part of move to match Firebase Web modular SDK API. Please see migration guide for more details: https://rnfirebase.io/migrating-to-v22. Method called was `FieldValue`. Please use `FieldValue` instead.
06-23 21:25:40.319 13585 13681 W ReactNativeJS: This method is deprecated (as well as all React Native Firebase namespaced API) and will be removed in the next major release as part of move to match Firebase Web modular SDK API. Please see migration guide for more details: https://rnfirebase.io/migrating-to-v22. Method called was `serverTimestamp`. Please use `serverTimestamp()` instead.
06-23 21:26:31.778  1909  2224 I ActivityManager: Changes in 99215 19 to 8, 0 to 128
06-23 21:26:31.820  1909  2224 I ActivityManager: Changes in 99215 8 to 10, 128 to 0
06-23 21:26:31.836  1909  4206 I ActivityManager: Changes in 99215 19 to 5, 0 to 184
06-23 21:26:46.891  1909  4206 I ActivityManager: Changes in 99215 5 to 10, 184 to 0
06-23 21:27:27.138  1909  1973 I ActivityManager: Start proc 15094:com.samsung.android.scs/u0a116 for content provider {com.samsung.android.scs/com.samsung.android.scs.ai.suggestion.provider.SuggestionProvider}
06-23 21:27:27.138  1909  1973 I ActivityManager: ProcessObserver broadcast disabled
06-23 21:27:54.871  1909  1972 I ActivityManager: Killing 12829:com.samsung.android.calendar/u0a222 (adj 985): empty #25
06-23 21:29:06.973  1909  2224 I ActivityManager: Changes in 99215 19 to 8, 0 to 128
06-23 21:29:06.995  1909  2224 I ActivityManager: Changes in 99215 8 to 10, 128 to 0
06-23 21:32:06.229 13585 13681 W ReactNativeJS: This method is deprecated (as well as all React Native Firebase namespaced API) and will be removed in the next major release as part of move to match Firebase Web modular SDK API. Please see migration guide for more details: https://rnfirebase.io/migrating-to-v22. Method called was `FieldValue`. Please use `FieldValue` instead.
06-23 21:32:06.229 13585 13681 W ReactNativeJS: This method is deprecated (as well as all React Native Firebase namespaced API) and will be removed in the next major release as part of move to match Firebase Web modular SDK API. Please see migration guide for more details: https://rnfirebase.io/migrating-to-v22. Method called was `delete`. Please use `deleteField()` instead.
06-23 21:32:06.230 13585 13681 W ReactNativeJS: This method is deprecated (as well as all React Native Firebase namespaced API) and will be removed in the next major release as part of move to match Firebase Web modular SDK API. Please see migration guide for more details: https://rnfirebase.io/migrating-to-v22. Method called was `FieldValue`. Please use `FieldValue` instead.
06-23 21:32:06.230 13585 13681 W ReactNativeJS: This method is deprecated (as well as all React Native Firebase namespaced API) and will be removed in the next major release as part of move to match Firebase Web modular SDK API. Please see migration guide for more details: https://rnfirebase.io/migrating-to-v22. Method called was `serverTimestamp`. Please use `serverTimestamp()` instead.
06-23 21:36:42.934  1909  1972 I ActivityManager: Changes in 10096 19 to 11, 0 to 128
06-23 21:36:42.936  1909  3606 I ActivityManager: Changes in 10096 11 to 19, 128 to 0
06-23 21:38:14.859  1909  1972 I ActivityManager: Changes in 10096 19 to 11, 0 to 128
06-23 21:38:14.881  1909  4343 I ActivityManager: Changes in 99215 19 to 5, 0 to 184
06-23 21:38:24.873  1909  2065 I ActivityManager: Changes in 10096 19 to 19, 128 to 0
06-23 21:38:29.941  1909  4343 I ActivityManager: Changes in 99215 5 to 10, 184 to 0
06-23 21:39:31.398 13585 13681 W ReactNativeJS: This method is deprecated (as well as all React Native Firebase namespaced API) and will be removed in the next major release as part of move to match Firebase Web modular SDK API. Please see migration guide for more details: https://rnfirebase.io/migrating-to-v22. Method called was `FieldValue`. Please use `FieldValue` instead.
06-23 21:39:31.399 13585 13681 W ReactNativeJS: This method is deprecated (as well as all React Native Firebase namespaced API) and will be removed in the next major release as part of move to match Firebase Web modular SDK API. Please see migration guide for more details: https://rnfirebase.io/migrating-to-v22. Method called was `delete`. Please use `deleteField()` instead.
06-23 21:39:31.399 13585 13681 W ReactNativeJS: This method is deprecated (as well as all React Native Firebase namespaced API) and will be removed in the next major release as part of move to match Firebase Web modular SDK API. Please see migration guide for more details: https://rnfirebase.io/migrating-to-v22. Method called was `FieldValue`. Please use `FieldValue` instead.
06-23 21:39:31.399 13585 13681 W ReactNativeJS: This method is deprecated (as well as all React Native Firebase namespaced API) and will be removed in the next major release as part of move to match Firebase Web modular SDK API. Please see migration guide for more details: https://rnfirebase.io/migrating-to-v22. Method called was `serverTimestamp`. Please use `serverTimestamp()` instead.
06-23 21:40:32.450  1909  1965 I ActivityManager: Changes in 10147 5 to 2, 184 to 255
06-23 21:40:33.049  1909  1965 I ActivityManager: Changes in 11067 2 to 15, 255 to 128
06-23 21:40:33.115  1909  4206 I ActivityManager: Changes in 99215 19 to 10, 0 to 128
06-23 21:40:33.167  1909  2537 I ActivityManager: Changes in 99215 15 to 15, 128 to 0
06-23 21:40:33.167  1909  2537 I ActivityManager: Changes in 11067 15 to 15, 128 to 0
06-23 21:40:34.270  1909  1965 I ActivityManager: Killing 12832:com.samsung.android.aremoji/u0a50 (adj 975): empty #25
06-23 21:40:34.281  1909  1965 I ActivityManager: Killing 13585:com.arcfire.online/u0a1067 (adj 905): remove task
06-23 21:40:34.294  1909  1965 I ActivityManager: Killing 12679:com.android.settings/1000 (adj 850): remove task
06-23 21:40:34.298  1909  1965 I ActivityManager: Killing 12928:com.android.providers.calendar/u0a115 (adj 975): empty #25
06-23 21:40:34.330  1909  1965 I ActivityManager: Changes in 10275 6 to 2, 0 to 255
06-23 21:40:34.333  1909  1965 I ActivityManager: Changes in 10266 19 to 19, 0 to 128
06-23 21:40:34.495  1909  3606 I ActivityManager: Changes in 10275 2 to 6, 255 to 128
06-23 21:40:34.513  1909  1965 W ActivityManager: setHasOverlayUi called on unknown pid: 12679
06-23 21:40:34.635  1909  4407 I ActivityManager: Changes in 10275 15 to 16, 128 to 0
06-23 21:40:34.635  1909  4407 I ActivityManager: Changes in 10266 17 to 17, 128 to 0
06-23 21:40:34.726  1909  1965 W ActivityManager: setHasOverlayUi called on unknown pid: 13585
06-23 21:40:37.056  1909  1973 I ActivityManager: Start proc 15633:com.google.android.webview:sandboxed_process0:org.chromium.content.app.SandboxedProcessService0:2/u0i221 for  {com.eonsoft.ScreenON/org.chromium.content.app.SandboxedProcessService0:2}
06-23 21:40:37.056  1909  1973 I ActivityManager: ProcessObserver broadcast disabled
06-23 21:40:37.058 15633 15633 E libc    : SetHeapTaggingLevel: re-enabling tagging after it was disabled is not supported
06-23 21:40:37.114  1909  1972 I ActivityManager: Changes in 99215 6 to 6, 0 to 128
06-23 21:40:37.116  1909  2720 I ActivityManager: Changes in 99215 6 to 6, 128 to 0
06-23 21:40:37.161  1909  1972 I ActivityManager: Changes in 99215 6 to 6, 0 to 128
06-23 21:40:37.162  1909  4407 I ActivityManager: Changes in 99215 6 to 6, 128 to 0
06-23 21:40:49.557  1909  1972 I ActivityManager: Changes in 10108 10 to 10, 0 to 128
06-23 21:40:49.564  1909  1972 I ActivityManager: Changes in 10096 19 to 11, 0 to 128
06-23 21:40:49.569  1909  4226 I ActivityManager: Changes in 10108 10 to 10, 128 to 0
06-23 21:40:49.575  1909  4226 I ActivityManager: Changes in 10096 11 to 19, 128 to 0
06-23 21:40:49.733  1909  4343 I ActivityManager: Changes in 99215 6 to 6, 0 to 128
06-23 21:40:49.800  1909  4226 I ActivityManager: Changes in 99215 6 to 6, 128 to 0
06-23 21:41:29.673  1909  1973 I ActivityManager: Start proc 15746:com.samsung.android.dqagent/1000 for broadcast {com.samsung.android.dqagent/com.samsung.android.dqagent.receiver.DQADataReceiver}
06-23 21:41:29.673  1909  1973 I ActivityManager: ProcessObserver broadcast disabled
06-23 21:41:52.705  1909  1973 I ActivityManager: Start proc 15773:com.arcfire.online/u0a1067 for activelaunch {com.arcfire.online/com.arcfire.online.MainActivity}
06-23 21:41:52.707  1909  1973 I ActivityManager: ProcessObserver broadcast disabled
06-23 21:41:53.724  1909  4226 I ActivityManager: Changes in 99215 19 to 3, 0 to 184
06-23 21:41:53.724  1909  4226 I ActivityManager: Changes in 11067 19 to 2, 0 to 255
06-23 21:41:53.949  1909  1965 I ActivityManager: Changes in 10147 2 to 5, 255 to 184
06-23 21:42:04.050  1909  4407 I ActivityManager: Changes in 99215 3 to 10, 184 to 0
06-23 21:42:36.602 15773 15865 W ReactNativeJS: 'This method is deprecated (as well as all React Native Firebase namespaced API) and will be removed in the next major release as part of move to match Firebase Web modular SDK API. Please see migration guide for more details: https://rnfirebase.io/migrating-to-v22 Please use `getApp()` instead.', { [Component Stack] name: 'Component Stack' }
06-23 21:42:36.621 15773 15865 W ReactNativeJS: 'This method is deprecated (as well as all React Native Firebase namespaced API) and will be removed in the next major release as part of move to match Firebase Web modular SDK API. Please see migration guide for more details: https://rnfirebase.io/migrating-to-v22 Please use `getApp()` instead.', { [Component Stack] name: 'Component Stack' }
06-23 21:42:36.639 15773 15865 W ReactNativeJS: 'This method is deprecated (as well as all React Native Firebase namespaced API) and will be removed in the next major release as part of move to match Firebase Web modular SDK API. Please see migration guide for more details: https://rnfirebase.io/migrating-to-v22. Method called was `settings`. Please use `settings()` instead.', { [Component Stack] name: 'Component Stack' }
06-23 21:42:36.660 15773 15865 W ReactNativeJS: 'This method is deprecated (as well as all React Native Firebase namespaced API) and will be removed in the next major release as part of move to match Firebase Web modular SDK API. Please see migration guide for more details: https://rnfirebase.io/migrating-to-v22 Please use `getApp()` instead.', { [Component Stack] name: 'Component Stack' }
06-23 21:42:36.674 15773 15865 W ReactNativeJS: 'This method is deprecated (as well as all React Native Firebase namespaced API) and will be removed in the next major release as part of move to match Firebase Web modular SDK API. Please see migration guide for more details: https://rnfirebase.io/migrating-to-v22. Method called was `logEvent`. Please use `logEvent()` instead.', { [Component Stack] name: 'Component Stack' }
06-23 21:42:36.808  1909  4226 I ActivityManager: Changes in 99215 19 to 3, 0 to 184
06-23 21:42:37.017 15773 15865 W ReactNativeJS: This method is deprecated (as well as all React Native Firebase namespaced API) and will be removed in the next major release as part of move to match Firebase Web modular SDK API. Please see migration guide for more details: https://rnfirebase.io/migrating-to-v22. Method called was `FieldValue`. Please use `FieldValue` instead.
06-23 21:42:37.017 15773 15865 W ReactNativeJS: This method is deprecated (as well as all React Native Firebase namespaced API) and will be removed in the next major release as part of move to match Firebase Web modular SDK API. Please see migration guide for more details: https://rnfirebase.io/migrating-to-v22. Method called was `delete`. Please use `deleteField()` instead.
06-23 21:42:37.018 15773 15865 W ReactNativeJS: This method is deprecated (as well as all React Native Firebase namespaced API) and will be removed in the next major release as part of move to match Firebase Web modular SDK API. Please see migration guide for more details: https://rnfirebase.io/migrating-to-v22. Method called was `FieldValue`. Please use `FieldValue` instead.
06-23 21:42:37.019 15773 15865 W ReactNativeJS: This method is deprecated (as well as all React Native Firebase namespaced API) and will be removed in the next major release as part of move to match Firebase Web modular SDK API. Please see migration guide for more details: https://rnfirebase.io/migrating-to-v22. Method called was `serverTimestamp`. Please use `serverTimestamp()` instead.
06-23 21:42:40.637 15773 15865 W ReactNativeJS: This method is deprecated (as well as all React Native Firebase namespaced API) and will be removed in the next major release as part of move to match Firebase Web modular SDK API. Please see migration guide for more details: https://rnfirebase.io/migrating-to-v22. Method called was `FieldValue`. Please use `FieldValue` instead.
06-23 21:42:40.637 15773 15865 W ReactNativeJS: This method is deprecated (as well as all React Native Firebase namespaced API) and will be removed in the next major release as part of move to match Firebase Web modular SDK API. Please see migration guide for more details: https://rnfirebase.io/migrating-to-v22. Method called was `delete`. Please use `deleteField()` instead.
06-23 21:42:40.638 15773 15865 W ReactNativeJS: This method is deprecated (as well as all React Native Firebase namespaced API) and will be removed in the next major release as part of move to match Firebase Web modular SDK API. Please see migration guide for more details: https://rnfirebase.io/migrating-to-v22. Method called was `FieldValue`. Please use `FieldValue` instead.
06-23 21:42:40.638 15773 15865 W ReactNativeJS: This method is deprecated (as well as all React Native Firebase namespaced API) and will be removed in the next major release as part of move to match Firebase Web modular SDK API. Please see migration guide for more details: https://rnfirebase.io/migrating-to-v22. Method called was `serverTimestamp`. Please use `serverTimestamp()` instead.
06-23 21:42:47.001  1909  2720 I ActivityManager: Changes in 99215 3 to 10, 184 to 0
06-23 21:43:37.321  1909  1973 I ActivityManager: Start proc 16054:com.google.android.gms.unstable/u0a252 for service {com.google.android.gms/com.google.android.gms.droidguard.DroidGuardService}
06-23 21:43:37.321  1909  1973 I ActivityManager: ProcessObserver broadcast disabled
06-23 21:43:37.816  1909  4341 I ActivityManager: Changes in 99215 19 to 3, 0 to 184
06-23 21:43:52.835  1909  4341 I ActivityManager: Changes in 99215 3 to 10, 184 to 0
06-23 21:44:42.331  1909  4343 I ActivityManager: Killing 12841:com.sec.android.app.shealth:remote/u0a328 (adj 975): empty #25
06-23 21:46:37.829  1909  1972 I ActivityManager: Changes in 10096 19 to 11, 0 to 128
06-23 21:46:37.832  1909  2720 I ActivityManager: Changes in 10096 11 to 19, 128 to 0
06-23 21:48:15.000  1909  9411 I ActivityManager: Changes in 10107 19 to 5, 0 to 144
06-23 21:48:21.047  1909  1971 I ActivityManager: Changes in 10107 5 to 15, 144 to 0
06-23 21:48:53.471  1909  1972 I ActivityManager: Changes in 10096 19 to 11, 0 to 128
06-23 21:48:53.477  1909  2720 I ActivityManager: Changes in 10096 11 to 19, 128 to 0
06-23 21:48:53.529  1909  1973 I ActivityManager: Start proc 16406:com.sec.android.app.shealth:remote/u0a328 for service {com.sec.android.app.shealth/com.samsung.android.service.health.data.phd.PrivilegedHealthService}
06-23 21:48:53.529  1909  1973 I ActivityManager: ProcessObserver broadcast disabled
06-23 21:48:53.797  1909  2720 I ActivityManager: Killing 9022:com.samsung.android.authfw/5278 (adj 975): empty #25
06-23 21:48:53.844  1909  2720 W ActivityManager: Scheduling restart of crashed service com.samsung.android.authfw/.pass.PassService in 1000ms for connection
06-23 21:48:54.868  1909  1973 I ActivityManager: Start proc 16450:com.samsung.android.authfw/5278 for service {com.samsung.android.authfw/com.samsung.android.authfw.pass.PassService}
06-23 21:48:54.868  1909  1973 I ActivityManager: ProcessObserver broadcast disabled
06-23 21:48:55.092  1909  4174 I ActivityManager: Killing 10127:com.samsung.android.samsungpass/u0a127 (adj 965): empty #25
06-23 21:50:15.949 15773 15865 W ReactNativeJS: This method is deprecated (as well as all React Native Firebase namespaced API) and will be removed in the next major release as part of move to match Firebase Web modular SDK API. Please see migration guide for more details: https://rnfirebase.io/migrating-to-v22. Method called was `FieldValue`. Please use `FieldValue` instead.
06-23 21:50:15.950 15773 15865 W ReactNativeJS: This method is deprecated (as well as all React Native Firebase namespaced API) and will be removed in the next major release as part of move to match Firebase Web modular SDK API. Please see migration guide for more details: https://rnfirebase.io/migrating-to-v22. Method called was `delete`. Please use `deleteField()` instead.
06-23 21:50:15.950 15773 15865 W ReactNativeJS: This method is deprecated (as well as all React Native Firebase namespaced API) and will be removed in the next major release as part of move to match Firebase Web modular SDK API. Please see migration guide for more details: https://rnfirebase.io/migrating-to-v22. Method called was `FieldValue`. Please use `FieldValue` instead.
06-23 21:50:15.950 15773 15865 W ReactNativeJS: This method is deprecated (as well as all React Native Firebase namespaced API) and will be removed in the next major release as part of move to match Firebase Web modular SDK API. Please see migration guide for more details: https://rnfirebase.io/migrating-to-v22. Method called was `serverTimestamp`. Please use `serverTimestamp()` instead.
06-23 21:52:39.155  1909  4174 I ActivityManager: Changes in 99215 19 to 5, 0 to 184
06-23 21:52:54.203  1909  4174 I ActivityManager: Changes in 99215 5 to 10, 184 to 0
06-23 21:54:30.410 15773 15865 W ReactNativeJS: This method is deprecated (as well as all React Native Firebase namespaced API) and will be removed in the next major release as part of move to match Firebase Web modular SDK API. Please see migration guide for more details: https://rnfirebase.io/migrating-to-v22. Method called was `FieldValue`. Please use `FieldValue` instead.
06-23 21:54:30.412 15773 15865 W ReactNativeJS: This method is deprecated (as well as all React Native Firebase namespaced API) and will be removed in the next major release as part of move to match Firebase Web modular SDK API. Please see migration guide for more details: https://rnfirebase.io/migrating-to-v22. Method called was `delete`. Please use `deleteField()` instead.
06-23 21:54:30.414 15773 15865 W ReactNativeJS: This method is deprecated (as well as all React Native Firebase namespaced API) and will be removed in the next major release as part of move to match Firebase Web modular SDK API. Please see migration guide for more details: https://rnfirebase.io/migrating-to-v22. Method called was `FieldValue`. Please use `FieldValue` instead.
06-23 21:54:30.415 15773 15865 W ReactNativeJS: This method is deprecated (as well as all React Native Firebase namespaced API) and will be removed in the next major release as part of move to match Firebase Web modular SDK API. Please see migration guide for more details: https://rnfirebase.io/migrating-to-v22. Method called was `serverTimestamp`. Please use `serverTimestamp()` instead.
06-23 21:58:03.412 15773 15865 W ReactNativeJS: This method is deprecated (as well as all React Native Firebase namespaced API) and will be removed in the next major release as part of move to match Firebase Web modular SDK API. Please see migration guide for more details: https://rnfirebase.io/migrating-to-v22. Method called was `FieldValue`. Please use `FieldValue` instead.
06-23 21:58:03.412 15773 15865 W ReactNativeJS: This method is deprecated (as well as all React Native Firebase namespaced API) and will be removed in the next major release as part of move to match Firebase Web modular SDK API. Please see migration guide for more details: https://rnfirebase.io/migrating-to-v22. Method called was `delete`. Please use `deleteField()` instead.
06-23 21:58:03.413 15773 15865 W ReactNativeJS: This method is deprecated (as well as all React Native Firebase namespaced API) and will be removed in the next major release as part of move to match Firebase Web modular SDK API. Please see migration guide for more details: https://rnfirebase.io/migrating-to-v22. Method called was `FieldValue`. Please use `FieldValue` instead.
06-23 21:58:03.413 15773 15865 W ReactNativeJS: This method is deprecated (as well as all React Native Firebase namespaced API) and will be removed in the next major release as part of move to match Firebase Web modular SDK API. Please see migration guide for more details: https://rnfirebase.io/migrating-to-v22. Method called was `serverTimestamp`. Please use `serverTimestamp()` instead.
06-23 21:58:14.861  1909  1972 I ActivityManager: Changes in 10096 19 to 11, 0 to 128
06-23 21:58:14.880  1909  4211 I ActivityManager: Changes in 99215 19 to 5, 0 to 184
06-23 21:58:19.622  1909  1973 I ActivityManager: Start proc 16766:com.android.providers.calendar/u0a115 for broadcast {com.android.providers.calendar/com.android.providers.calendar.CalendarProviderBroadcastReceiver}
06-23 21:58:19.626  1909  1973 I ActivityManager: ProcessObserver broadcast disabled
06-23 21:58:19.765  1909  2720 I ActivityManager: Changes in 10115 19 to 11, 0 to 128
06-23 21:58:19.836  1909  4407 I ActivityManager: Changes in 10115 11 to 19, 128 to 0
06-23 21:58:24.874  1909  2065 I ActivityManager: Changes in 10096 19 to 19, 128 to 0
06-23 21:58:34.734  1909  4343 I ActivityManager: Changes in 99215 5 to 10, 184 to 0
06-23 21:58:34.742  1909  4407 I ActivityManager: Killing 13559:com.samsung.android.samsungpassautofill/u0a207 (adj 965): empty #25
06-23 22:00:13.083 15773 15865 W ReactNativeJS: This method is deprecated (as well as all React Native Firebase namespaced API) and will be removed in the next major release as part of move to match Firebase Web modular SDK API. Please see migration guide for more details: https://rnfirebase.io/migrating-to-v22. Method called was `FieldValue`. Please use `FieldValue` instead.
06-23 22:00:13.083 15773 15865 W ReactNativeJS: This method is deprecated (as well as all React Native Firebase namespaced API) and will be removed in the next major release as part of move to match Firebase Web modular SDK API. Please see migration guide for more details: https://rnfirebase.io/migrating-to-v22. Method called was `delete`. Please use `deleteField()` instead.
06-23 22:00:13.083 15773 15865 W ReactNativeJS: This method is deprecated (as well as all React Native Firebase namespaced API) and will be removed in the next major release as part of move to match Firebase Web modular SDK API. Please see migration guide for more details: https://rnfirebase.io/migrating-to-v22. Method called was `FieldValue`. Please use `FieldValue` instead.
06-23 22:00:13.084 15773 15865 W ReactNativeJS: This method is deprecated (as well as all React Native Firebase namespaced API) and will be removed in the next major release as part of move to match Firebase Web modular SDK API. Please see migration guide for more details: https://rnfirebase.io/migrating-to-v22. Method called was `serverTimestamp`. Please use `serverTimestamp()` instead.
06-23 22:02:14.050 15773 15865 W ReactNativeJS: This method is deprecated (as well as all React Native Firebase namespaced API) and will be removed in the next major release as part of move to match Firebase Web modular SDK API. Please see migration guide for more details: https://rnfirebase.io/migrating-to-v22. Method called was `FieldValue`. Please use `FieldValue` instead.
06-23 22:02:14.051 15773 15865 W ReactNativeJS: This method is deprecated (as well as all React Native Firebase namespaced API) and will be removed in the next major release as part of move to match Firebase Web modular SDK API. Please see migration guide for more details: https://rnfirebase.io/migrating-to-v22. Method called was `delete`. Please use `deleteField()` instead.
06-23 22:02:14.051 15773 15865 W ReactNativeJS: This method is deprecated (as well as all React Native Firebase namespaced API) and will be removed in the next major release as part of move to match Firebase Web modular SDK API. Please see migration guide for more details: https://rnfirebase.io/migrating-to-v22. Method called was `FieldValue`. Please use `FieldValue` instead.
06-23 22:02:14.052 15773 15865 W ReactNativeJS: This method is deprecated (as well as all React Native Firebase namespaced API) and will be removed in the next major release as part of move to match Firebase Web modular SDK API. Please see migration guide for more details: https://rnfirebase.io/migrating-to-v22. Method called was `serverTimestamp`. Please use `serverTimestamp()` instead.
06-23 22:02:54.883  1909  1972 I ActivityManager: Changes in 10108 10 to 10, 0 to 128
06-23 22:02:54.887  1909  4174 I ActivityManager: Changes in 10108 10 to 10, 128 to 0
06-23 22:02:54.930  1909  4407 I ActivityManager: Changes in 99215 19 to 8, 0 to 128
06-23 22:02:55.623  1909  2803 I ActivityManager: Changes in 99215 8 to 10, 128 to 0
06-23 22:02:55.673  1909  2803 I ActivityManager: Changes in 99215 10 to 8, 0 to 128
06-23 22:02:56.095  1909  4407 I ActivityManager: Changes in 99215 8 to 10, 128 to 0
06-23 22:02:59.373  1909  4407 I ActivityManager: Changes in 99215 10 to 8, 0 to 128
06-23 22:02:59.455  1909  2803 I ActivityManager: Changes in 99215 8 to 10, 128 to 0
06-23 22:06:52.435  1909  4174 I ActivityManager: com.samsung.android.app.telephonyui is exempt from freezer by list
06-23 22:06:52.448  1909  1973 I ActivityManager: Start proc 17078:com.samsung.android.app.telephonyui/1001 for content provider {com.samsung.android.app.telephonyui/com.samsung.android.app.telephonyui.provider.InternalContentProvider}
06-23 22:06:52.449  1909  1973 I ActivityManager: ProcessObserver broadcast disabled
06-23 22:07:18.797  1909  1972 I ActivityManager: Killing 14028:com.android.vending/u0a251 (adj 955): empty #25
06-23 22:12:35.673 15773 15865 W ReactNativeJS: This method is deprecated (as well as all React Native Firebase namespaced API) and will be removed in the next major release as part of move to match Firebase Web modular SDK API. Please see migration guide for more details: https://rnfirebase.io/migrating-to-v22. Method called was `FieldValue`. Please use `FieldValue` instead.
06-23 22:12:35.674 15773 15865 W ReactNativeJS: This method is deprecated (as well as all React Native Firebase namespaced API) and will be removed in the next major release as part of move to match Firebase Web modular SDK API. Please see migration guide for more details: https://rnfirebase.io/migrating-to-v22. Method called was `delete`. Please use `deleteField()` instead.
06-23 22:12:35.676 15773 15865 W ReactNativeJS: This method is deprecated (as well as all React Native Firebase namespaced API) and will be removed in the next major release as part of move to match Firebase Web modular SDK API. Please see migration guide for more details: https://rnfirebase.io/migrating-to-v22. Method called was `FieldValue`. Please use `FieldValue` instead.
06-23 22:12:35.677 15773 15865 W ReactNativeJS: This method is deprecated (as well as all React Native Firebase namespaced API) and will be removed in the next major release as part of move to match Firebase Web modular SDK API. Please see migration guide for more details: https://rnfirebase.io/migrating-to-v22. Method called was `serverTimestamp`. Please use `serverTimestamp()` instead.
06-23 22:15:49.625  1909  1972 I ActivityManager: Changes in 10096 19 to 11, 0 to 128
06-23 22:15:49.631  1909  4174 I ActivityManager: Changes in 10096 11 to 19, 128 to 0
06-23 22:16:37.825  1909  1972 I ActivityManager: Changes in 10096 19 to 11, 0 to 128
06-23 22:16:37.828  1909  4174 I ActivityManager: Changes in 10096 11 to 19, 128 to 0
06-23 22:18:14.864  1909  1972 I ActivityManager: Changes in 10096 19 to 11, 0 to 128
06-23 22:18:14.887  1909  4211 I ActivityManager: Changes in 99215 19 to 5, 0 to 184
06-23 22:18:15.006  1909  9411 I ActivityManager: Changes in 10107 19 to 5, 0 to 144
06-23 22:18:21.038  1909  1971 I ActivityManager: Changes in 10107 5 to 15, 144 to 0
06-23 22:18:24.876  1909  2065 I ActivityManager: Changes in 10096 19 to 19, 128 to 0
06-23 22:18:29.952  1909  4174 I ActivityManager: Changes in 99215 5 to 10, 184 to 0
06-23 22:18:47.216  1909  4174 I ActivityManager: Changes in 99215 19 to 5, 0 to 184
06-23 22:19:02.228  1909  4211 I ActivityManager: Changes in 99215 5 to 10, 184 to 0
06-23 22:20:03.509  1909  1972 I ActivityManager: Changes in 99215 19 to 19, 0 to 128
06-23 22:20:03.518  1909  1972 I ActivityManager: Changes in 10108 10 to 10, 0 to 128
06-23 22:20:03.534  1909  1973 I ActivityManager: Start proc 17526:com.google.android.projection.gearhead:shared/u0a242 for broadcast {com.google.android.projection.gearhead/com.google.android.apps.auto.wireless.bluetooth.WifiBluetoothReceiver}
06-23 22:20:03.535  1909  1973 I ActivityManager: ProcessObserver broadcast disabled
06-23 22:20:03.921  1909  3174 I ActivityManager: Changes in 10242 19 to 11, 0 to 128
06-23 22:20:03.975  1909  1973 I ActivityManager: Start proc 17564:com.google.android.projection.gearhead:car/u0a242 for broadcast {com.google.android.projection.gearhead/com.google.android.apps.auto.carservice.gmscorecompat.CarBluetoothReceiver}
06-23 22:20:03.976  1909  1973 I ActivityManager: ProcessObserver broadcast disabled
06-23 22:20:04.110  1909  1973 I ActivityManager: Start proc 17598:com.samsung.accessory.budsunitemgr/u0a314 for broadcast {com.samsung.accessory.budsunitemgr/com.samsung.accessory.hearablemgr.budsplugin.receiver.BluetoothReceiver}
06-23 22:20:04.110  1909  1973 I ActivityManager: ProcessObserver broadcast disabled
06-23 22:20:04.412  1909  3698 I ActivityManager: Changes in 10056 19 to 6, 0 to 128
06-23 22:20:04.514  1909  3698 I ActivityManager: Changes in 10314 19 to 11, 0 to 128
06-23 22:20:04.514  1909  3698 I ActivityManager: Changes in 10076 19 to 11, 0 to 128
06-23 22:20:04.530  1909  1973 I ActivityManager: Start proc 17631:com.sec.android.CcInfo/1000 for broadcast {com.sec.android.CcInfo/com.sec.android.CcInfo.WifiConnectionReceiver}
06-23 22:20:04.530  1909  1973 I ActivityManager: ProcessObserver broadcast disabled
06-23 22:20:04.570  1909  3698 I ActivityManager: Changes in 10076 11 to 10, 128 to 0
06-23 22:20:04.607  1909  4341 I ActivityManager: Killing 14155:com.android.vending:background/u0a251 (adj 955): empty #25
06-23 22:20:04.685  1909  4211 I ActivityManager: Killing 13151:com.samsung.android.sm.devicesecurity/u0a214 (adj 945): empty #25
06-23 22:20:10.478  1909  1971 I ActivityManager: Changes in 10056 6 to 15, 128 to 0
06-23 22:20:10.619  1909  4211 I ActivityManager: Killing 13171:com.samsung.android.voc/u0a329 (adj 935): empty #25
06-23 22:20:10.623  1909  4211 I ActivityManager: Killing 13128:com.samsung.android.sm.provider/1000 (adj 915): empty #26
06-23 22:20:23.554  1909  2065 I ActivityManager: Changes in 99215 19 to 19, 128 to 0
06-23 22:20:23.599  1909  2065 I ActivityManager: Changes in 10108 10 to 10, 128 to 0
06-23 22:20:24.097  1909  2065 I ActivityManager: Changes in 10242 19 to 19, 128 to 0
06-23 22:20:24.521  1909  2065 I ActivityManager: Changes in 10314 19 to 19, 128 to 0
06-23 22:21:05.977 15773 15865 W ReactNativeJS: This method is deprecated (as well as all React Native Firebase namespaced API) and will be removed in the next major release as part of move to match Firebase Web modular SDK API. Please see migration guide for more details: https://rnfirebase.io/migrating-to-v22. Method called was `FieldValue`. Please use `FieldValue` instead.
06-23 22:21:05.979 15773 15865 W ReactNativeJS: This method is deprecated (as well as all React Native Firebase namespaced API) and will be removed in the next major release as part of move to match Firebase Web modular SDK API. Please see migration guide for more details: https://rnfirebase.io/migrating-to-v22. Method called was `delete`. Please use `deleteField()` instead.
06-23 22:21:05.980 15773 15865 W ReactNativeJS: This method is deprecated (as well as all React Native Firebase namespaced API) and will be removed in the next major release as part of move to match Firebase Web modular SDK API. Please see migration guide for more details: https://rnfirebase.io/migrating-to-v22. Method called was `FieldValue`. Please use `FieldValue` instead.
06-23 22:21:05.982 15773 15865 W ReactNativeJS: This method is deprecated (as well as all React Native Firebase namespaced API) and will be removed in the next major release as part of move to match Firebase Web modular SDK API. Please see migration guide for more details: https://rnfirebase.io/migrating-to-v22. Method called was `serverTimestamp`. Please use `serverTimestamp()` instead.
06-23 22:23:48.082  1909  1972 I ActivityManager: Changes in 10096 19 to 11, 0 to 128
06-23 22:23:58.095  1909  2065 I ActivityManager: Changes in 10096 19 to 19, 128 to 0
06-23 22:24:09.257  1909  1972 I ActivityManager: Changes in 10096 19 to 11, 0 to 128
06-23 22:24:19.270  1909  2065 I ActivityManager: Changes in 10096 19 to 19, 128 to 0
06-23 22:32:32.744  1909  1972 I ActivityManager: Changes in 99215 19 to 19, 0 to 128
06-23 22:32:32.751  1909  1972 I ActivityManager: Changes in 10242 19 to 11, 0 to 128
06-23 22:32:32.766  1909  1972 I ActivityManager: Changes in 10314 19 to 11, 0 to 128
06-23 22:32:32.767  1909  1972 I ActivityManager: Changes in 10108 10 to 10, 0 to 128
06-23 22:32:52.760  1909  2065 I ActivityManager: Changes in 99215 19 to 19, 128 to 0
06-23 22:32:52.761  1909  2065 I ActivityManager: Changes in 10242 19 to 19, 128 to 0
06-23 22:32:52.774  1909  2065 I ActivityManager: Changes in 10314 19 to 19, 128 to 0
06-23 22:32:52.783  1909  2065 I ActivityManager: Changes in 10108 10 to 10, 128 to 0
06-23 22:33:19.636  1909  1972 I ActivityManager: Changes in 10096 19 to 11, 0 to 128
06-23 22:33:19.639  1909  4211 I ActivityManager: Changes in 10096 11 to 19, 128 to 0
06-23 22:33:19.646  1909  1972 I ActivityManager: Changes in 10108 10 to 10, 0 to 128
06-23 22:33:19.648  1909  2867 I ActivityManager: Changes in 10108 10 to 10, 128 to 0
06-23 22:43:48.085  1909  1972 I ActivityManager: Changes in 10096 19 to 11, 0 to 128
06-23 22:43:48.102  1909  4343 I ActivityManager: Changes in 99215 19 to 5, 0 to 184
06-23 22:43:58.102  1909  2065 I ActivityManager: Changes in 10096 19 to 19, 128 to 0
06-23 22:44:03.169  1909  2057 I ActivityManager: Changes in 99215 5 to 10, 184 to 0
06-23 22:45:07.793  1909  2057 I ActivityManager: Changes in 10096 19 to 5, 0 to 184
06-23 22:45:17.861  1909  4226 I ActivityManager: Changes in 10096 5 to 10, 184 to 0
06-23 22:46:09.917 15773 15865 W ReactNativeJS: This method is deprecated (as well as all React Native Firebase namespaced API) and will be removed in the next major release as part of move to match Firebase Web modular SDK API. Please see migration guide for more details: https://rnfirebase.io/migrating-to-v22. Method called was `FieldValue`. Please use `FieldValue` instead.
06-23 22:46:09.918 15773 15865 W ReactNativeJS: This method is deprecated (as well as all React Native Firebase namespaced API) and will be removed in the next major release as part of move to match Firebase Web modular SDK API. Please see migration guide for more details: https://rnfirebase.io/migrating-to-v22. Method called was `delete`. Please use `deleteField()` instead.
06-23 22:46:09.918 15773 15865 W ReactNativeJS: This method is deprecated (as well as all React Native Firebase namespaced API) and will be removed in the next major release as part of move to match Firebase Web modular SDK API. Please see migration guide for more details: https://rnfirebase.io/migrating-to-v22. Method called was `FieldValue`. Please use `FieldValue` instead.
06-23 22:46:09.918 15773 15865 W ReactNativeJS: This method is deprecated (as well as all React Native Firebase namespaced API) and will be removed in the next major release as part of move to match Firebase Web modular SDK API. Please see migration guide for more details: https://rnfirebase.io/migrating-to-v22. Method called was `serverTimestamp`. Please use `serverTimestamp()` instead.
06-23 22:46:19.147 15773 15865 F libc    : Fatal signal 11 (SIGSEGV), code 2 (SEGV_ACCERR), fault addr 0x754e00008b in tid 15865 (mqt_v_js), pid 15773 (.arcfire.online)
06-23 22:46:20.349 18505 18505 F DEBUG   : *** *** *** *** *** *** *** *** *** *** *** *** *** *** *** ***
06-23 22:46:20.349 18505 18505 F DEBUG   : Build fingerprint: 'samsung/a34xks/a34x:16/BP2A.250605.031.A3/A346NKSSEEZD4:user/release-keys'
06-23 22:46:20.349 18505 18505 F DEBUG   : Revision: '6'
06-23 22:46:20.349 18505 18505 F DEBUG   : ABI: 'arm64'
06-23 22:46:20.349 18505 18505 F DEBUG   : Processor: '6'
06-23 22:46:20.349 18505 18505 F DEBUG   : Timestamp: 2026-06-23 22:46:19.410682666+0900
06-23 22:46:20.349 18505 18505 F DEBUG   : Process uptime: 3868s
06-23 22:46:20.349 18505 18505 F DEBUG   : Cmdline: com.arcfire.online
06-23 22:46:20.349 18505 18505 F DEBUG   : pid: 15773, tid: 15865, name: mqt_v_js  >>> com.arcfire.online <<<
06-23 22:46:20.349 18505 18505 F DEBUG   : uid: 11067
06-23 22:46:20.349 18505 18505 F DEBUG   : tagged_addr_ctrl: 0000000000000001 (PR_TAGGED_ADDR_ENABLE)
06-23 22:46:20.350 18505 18505 F DEBUG   : signal 11 (SIGSEGV), code 2 (SEGV_ACCERR), fault addr 0x000000754e00008b
06-23 22:46:20.350 18505 18505 F DEBUG   :     x0  000000754e00007b  x1  000000749a000000  x2  00000000000002be  x3  0000000000000001
06-23 22:46:20.350 18505 18505 F DEBUG   :     x4  0000007994238a50  x5  0000000000000000  x6  b400007a41c9338f  x7  0000000000000000
06-23 22:46:20.350 18505 18505 F DEBUG   :     x8  ba408da9d9118dc4  x9  0000007994238af0  x10 0000007994238b80  x11 6004f7c420000000
06-23 22:46:20.350 18505 18505 F DEBUG   :     x12 00000000000007ff  x13 b400007a71a572d0  x14 000000749a002550  x15 0000000003000000
06-23 22:46:20.350 18505 18505 F DEBUG   :     x16 0000000007000000  x17 0000000000000000  x18 00000079932c0000  x19 0000007994238a50
06-23 22:46:20.350 18505 18505 F DEBUG   :     x20 00000000000002be  x21 000000749a000000  x22 000000749a000000  x23 b400007b61ac3e88
06-23 22:46:20.350 18505 18505 F DEBUG   :     x24 000000799423b700  x25 0000007994238b00  x26 0000000000000001  x27 0000000000000001
06-23 22:46:20.350 18505 18505 F DEBUG   :     x28 0000007994238af0  x29 0000007994238960
06-23 22:46:20.350 18505 18505 F DEBUG   :     lr  000000798c556934  sp  0000007994238950  pc  000000798c536998  pst 0000000000001000
06-23 22:46:20.350 18505 18505 F DEBUG   : 89 total frames
06-23 22:46:20.350 18505 18505 F DEBUG   : backtrace:
06-23 22:46:20.350 18505 18505 F DEBUG   :       #00 pc 000000000012d998  /data/app/~~TYZy1kOXVwoPU5sWhcWxow==/com.arcfire.online-XN2yfp9tJZw54cgnLllxpw==/base.apk!libhermes.so (offset 0x20fe000) (BuildId: 7168d7993b78e1652575c41c7fedbe59d35ceea7)
06-23 22:46:20.350 18505 18505 F DEBUG   :       #01 pc 000000000014d930  /data/app/~~TYZy1kOXVwoPU5sWhcWxow==/com.arcfire.online-XN2yfp9tJZw54cgnLllxpw==/base.apk!libhermes.so (offset 0x20fe000) (BuildId: 7168d7993b78e1652575c41c7fedbe59d35ceea7)
06-23 22:46:20.350 18505 18505 F DEBUG   :       #02 pc 000000000014fee0  /data/app/~~TYZy1kOXVwoPU5sWhcWxow==/com.arcfire.online-XN2yfp9tJZw54cgnLllxpw==/base.apk!libhermes.so (offset 0x20fe000) (BuildId: 7168d7993b78e1652575c41c7fedbe59d35ceea7)
06-23 22:46:20.350 18505 18505 F DEBUG   :       #03 pc 00000000000af9f4  /data/app/~~TYZy1kOXVwoPU5sWhcWxow==/com.arcfire.online-XN2yfp9tJZw54cgnLllxpw==/base.apk!libhermes.so (offset 0x20fe000) (BuildId: 7168d7993b78e1652575c41c7fedbe59d35ceea7)
06-23 22:46:20.350 18505 18505 F DEBUG   :       #04 pc 00000000002c3bc4  /data/app/~~TYZy1kOXVwoPU5sWhcWxow==/com.arcfire.online-XN2yfp9tJZw54cgnLllxpw==/base.apk!libreanimated.so (offset 0x3b31000) (facebook::jsi::RuntimeDecorator<facebook::jsi::Runtime, facebook::jsi::Runtime>::setPropertyValue(facebook::jsi::Object const&, facebook::jsi::String const&, facebook::jsi::Value const&)+72) (BuildId: 639828debb7a8448486b51c40c5b46ade3f464b2)
06-23 22:46:20.350 18505 18505 F DEBUG   :       #05 pc 00000000002c0720  /data/app/~~TYZy1kOXVwoPU5sWhcWxow==/com.arcfire.online-XN2yfp9tJZw54cgnLllxpw==/base.apk!libreanimated.so (offset 0x3b31000) (facebook::jsi::WithRuntimeDecorator<reanimated::ReanimatedReentrancyCheck, facebook::jsi::Runtime, facebook::jsi::Runtime>::setPropertyValue(facebook::jsi::Object const&, facebook::jsi::String const&, facebook::jsi::Value const&)+76) (BuildId: 639828debb7a8448486b51c40c5b46ade3f464b2)
06-23 22:46:20.350 18505 18505 F DEBUG   :       #06 pc 00000000002c3bc4  /data/app/~~TYZy1kOXVwoPU5sWhcWxow==/com.arcfire.online-XN2yfp9tJZw54cgnLllxpw==/base.apk!libreanimated.so (offset 0x3b31000) (facebook::jsi::RuntimeDecorator<facebook::jsi::Runtime, facebook::jsi::Runtime>::setPropertyValue(facebook::jsi::Object const&, facebook::jsi::String const&, facebook::jsi::Value const&)+72) (BuildId: 639828debb7a8448486b51c40c5b46ade3f464b2)
06-23 22:46:20.350 18505 18505 F DEBUG   :       #07 pc 00000000002d5c98  /data/app/~~TYZy1kOXVwoPU5sWhcWxow==/com.arcfire.online-XN2yfp9tJZw54cgnLllxpw==/base.apk!libreanimated.so (offset 0x3b31000) (facebook::jsi::WithRuntimeDecorator<reanimated::AroundLock, facebook::jsi::Runtime, facebook::jsi::Runtime>::setPropertyValue(facebook::jsi::Object const&, facebook::jsi::String const&, facebook::jsi::Value const&)+76) (BuildId: 639828debb7a8448486b51c40c5b46ade3f464b2)
06-23 22:46:20.350 18505 18505 F DEBUG   :       #08 pc 0000000000233460  /data/app/~~TYZy1kOXVwoPU5sWhcWxow==/com.arcfire.online-XN2yfp9tJZw54cgnLllxpw==/base.apk!libreanimated.so (offset 0x3b31000) (facebook::jsi::Object::setPropertyValue(facebook::jsi::Runtime&, facebook::jsi::String const&, facebook::jsi::Value const&) const+68) (BuildId: 639828debb7a8448486b51c40c5b46ade3f464b2)
06-23 22:46:20.350 18505 18505 F DEBUG   :       #09 pc 00000000002b3da4  /data/app/~~TYZy1kOXVwoPU5sWhcWxow==/com.arcfire.online-XN2yfp9tJZw54cgnLllxpw==/base.apk!libreanimated.so (offset 0x3b31000) (void facebook::jsi::Object::setProperty<facebook::jsi::Value>(facebook::jsi::Runtime&, facebook::jsi::String const&, facebook::jsi::Value&&) const+92) (BuildId: 639828debb7a8448486b51c40c5b46ade3f464b2)
06-23 22:46:20.350 18505 18505 F DEBUG   :       #10 pc 00000000002725b4  /data/app/~~TYZy1kOXVwoPU5sWhcWxow==/com.arcfire.online-XN2yfp9tJZw54cgnLllxpw==/base.apk!libreanimated.so (offset 0x3b31000) (void facebook::jsi::Object::setProperty<facebook::jsi::Value>(facebook::jsi::Runtime&, char const*, facebook::jsi::Value&&) const+88) (BuildId: 639828debb7a8448486b51c40c5b46ade3f464b2)
06-23 22:46:20.350 18505 18505 F DEBUG   :       #11 pc 000000000031cbb4  /data/app/~~TYZy1kOXVwoPU5sWhcWxow==/com.arcfire.online-XN2yfp9tJZw54cgnLllxpw==/base.apk!libreanimated.so (offset 0x3b31000) (reanimated::ShareableObject::toJSValue(facebook::jsi::Runtime&)+212) (BuildId: 639828debb7a8448486b51c40c5b46ade3f464b2)
06-23 22:46:20.350 18505 18505 F DEBUG   :       #12 pc 000000000031d1dc  /data/app/~~TYZy1kOXVwoPU5sWhcWxow==/com.arcfire.online-XN2yfp9tJZw54cgnLllxpw==/base.apk!libreanimated.so (offset 0x3b31000) (reanimated::ShareableWorklet::toJSValue(facebook::jsi::Runtime&)+180) (BuildId: 639828debb7a8448486b51c40c5b46ade3f464b2)
06-23 22:46:20.350 18505 18505 F DEBUG   :       #13 pc 000000000031e630  /data/app/~~TYZy1kOXVwoPU5sWhcWxow==/com.arcfire.online-XN2yfp9tJZw54cgnLllxpw==/base.apk!libreanimated.so (offset 0x3b31000) (reanimated::Shareable::getJSValue(facebook::jsi::Runtime&)+56) (BuildId: 639828debb7a8448486b51c40c5b46ade3f464b2)
06-23 22:46:20.350 18505 18505 F DEBUG   :       #14 pc 000000000026bc24  /data/app/~~TYZy1kOXVwoPU5sWhcWxow==/com.arcfire.online-XN2yfp9tJZw54cgnLllxpw==/base.apk!libreanimated.so (offset 0x3b31000) (facebook::jsi::Value reanimated::WorkletRuntime::runGuarded<>(std::__ndk1::shared_ptr<reanimated::ShareableWorklet> const&) const+92) (BuildId: 639828debb7a8448486b51c40c5b46ade3f464b2)
06-23 22:46:20.350 18505 18505 F DEBUG   :       #15 pc 00000000002d265c  /data/app/~~TYZy1kOXVwoPU5sWhcWxow==/com.arcfire.online-XN2yfp9tJZw54cgnLllxpw==/base.apk!libreanimated.so (offset 0x3b31000) (reanimated::WorkletRuntime::executeSync(facebook::jsi::Runtime&, facebook::jsi::Value const&) const+460) (BuildId: 639828debb7a8448486b51c40c5b46ade3f464b2)
06-23 22:46:20.350 18505 18505 F DEBUG   :       #16 pc 000000000026b818  /data/app/~~TYZy1kOXVwoPU5sWhcWxow==/com.arcfire.online-XN2yfp9tJZw54cgnLllxpw==/base.apk!libreanimated.so (offset 0x3b31000) (reanimated::NativeReanimatedModule::executeOnUIRuntimeSync(facebook::jsi::Runtime&, facebook::jsi::Value const&)+72) (BuildId: 639828debb7a8448486b51c40c5b46ade3f464b2)
06-23 22:46:20.350 18505 18505 F DEBUG   :       #17 pc 00000000002b954c  /data/app/~~TYZy1kOXVwoPU5sWhcWxow==/com.arcfire.online-XN2yfp9tJZw54cgnLllxpw==/base.apk!libreanimated.so (offset 0x3b31000) (BuildId: 639828debb7a8448486b51c40c5b46ade3f464b2)
06-23 22:46:20.350 18505 18505 F DEBUG   :       #18 pc 0000000000420144  /data/app/~~TYZy1kOXVwoPU5sWhcWxow==/com.arcfire.online-XN2yfp9tJZw54cgnLllxpw==/base.apk!libreanimated.so (offset 0x3b31000) (BuildId: 639828debb7a8448486b51c40c5b46ade3f464b2)
06-23 22:46:20.350 18505 18505 F DEBUG   :       #19 pc 00000000004200cc  /data/app/~~TYZy1kOXVwoPU5sWhcWxow==/com.arcfire.online-XN2yfp9tJZw54cgnLllxpw==/base.apk!libreanimated.so (offset 0x3b31000) (BuildId: 639828debb7a8448486b51c40c5b46ade3f464b2)
06-23 22:46:20.350 18505 18505 F DEBUG   :       #20 pc 000000000041fff8  /data/app/~~TYZy1kOXVwoPU5sWhcWxow==/com.arcfire.online-XN2yfp9tJZw54cgnLllxpw==/base.apk!libreanimated.so (offset 0x3b31000) (BuildId: 639828debb7a8448486b51c40c5b46ade3f464b2)
06-23 22:46:20.350 18505 18505 F DEBUG   :       #21 pc 000000000041ff84  /data/app/~~TYZy1kOXVwoPU5sWhcWxow==/com.arcfire.online-XN2yfp9tJZw54cgnLllxpw==/base.apk!libreanimated.so (offset 0x3b31000) (BuildId: 639828debb7a8448486b51c40c5b46ade3f464b2)
06-23 22:46:20.350 18505 18505 F DEBUG   :       #22 pc 000000000041e5a8  /data/app/~~TYZy1kOXVwoPU5sWhcWxow==/com.arcfire.online-XN2yfp9tJZw54cgnLllxpw==/base.apk!libreanimated.so (offset 0x3b31000) (BuildId: 639828debb7a8448486b51c40c5b46ade3f464b2)
06-23 22:46:20.350 18505 18505 F DEBUG   :       #23 pc 000000000007c538  /data/app/~~TYZy1kOXVwoPU5sWhcWxow==/com.arcfire.online-XN2yfp9tJZw54cgnLllxpw==/base.apk!libhermesinstancejni.so (offset 0x24f1000) (BuildId: 66d91c6366b8db28)
06-23 22:46:20.350 18505 18505 F DEBUG   :       #24 pc 000000000007c488  /data/app/~~TYZy1kOXVwoPU5sWhcWxow==/com.arcfire.online-XN2yfp9tJZw54cgnLllxpw==/base.apk!libhermesinstancejni.so (offset 0x24f1000) (std::__ndk1::function<facebook::jsi::Value (facebook::jsi::Runtime&, facebook::jsi::Value const&, facebook::jsi::Value const*, unsigned long)>::operator()(facebook::jsi::Runtime&, facebook::jsi::Value const&, facebook::jsi::Value const*, unsigned long) const+72) (BuildId: 66d91c6366b8db28)
06-23 22:46:20.350 18505 18505 F DEBUG   :       #25 pc 000000000007c430  /data/app/~~TYZy1kOXVwoPU5sWhcWxow==/com.arcfire.online-XN2yfp9tJZw54cgnLllxpw==/base.apk!libhermesinstancejni.so (offset 0x24f1000) (facebook::jsi::DecoratedHostFunction::operator()(facebook::jsi::Runtime&, facebook::jsi::Value const&, facebook::jsi::Value const*, unsigned long)+84) (BuildId: 66d91c6366b8db28)
06-23 22:46:20.350 18505 18505 F DEBUG   :       #26 pc 000000000007c3cc  /data/app/~~TYZy1kOXVwoPU5sWhcWxow==/com.arcfire.online-XN2yfp9tJZw54cgnLllxpw==/base.apk!libhermesinstancejni.so (offset 0x24f1000) (BuildId: 66d91c6366b8db28)
06-23 22:46:20.350 18505 18505 F DEBUG   :       #27 pc 000000000007c354  /data/app/~~TYZy1kOXVwoPU5sWhcWxow==/com.arcfire.online-XN2yfp9tJZw54cgnLllxpw==/base.apk!libhermesinstancejni.so (offset 0x24f1000) (facebook::jsi::Value std::__ndk1::__invoke_void_return_wrapper<facebook::jsi::Value, false>::__call<facebook::jsi::DecoratedHostFunction&, facebook::jsi::Runtime&, facebook::jsi::Value const&, facebook::jsi::Value const*, unsigned long>(facebook::jsi::DecoratedHostFunction&, facebook::jsi::Runtime&, facebook::jsi::Value const&, facebook::jsi::Value const*&&, unsigned long&&)+60) (BuildId: 66d91c6366b8db28)
06-23 22:46:20.350 18505 18505 F DEBUG   :       #28 pc 000000000007c308  /data/app/~~TYZy1kOXVwoPU5sWhcWxow==/com.arcfire.online-XN2yfp9tJZw54cgnLllxpw==/base.apk!libhermesinstancejni.so (offset 0x24f1000) (BuildId: 66d91c6366b8db28)
06-23 22:46:20.350 18505 18505 F DEBUG   :       #29 pc 000000000007b24c  /data/app/~~TYZy1kOXVwoPU5sWhcWxow==/com.arcfire.online-XN2yfp9tJZw54cgnLllxpw==/base.apk!libhermesinstancejni.so (offset 0x24f1000) (std::__ndk1::__function::__func<facebook::jsi::DecoratedHostFunction, std::__ndk1::allocator<facebook::jsi::DecoratedHostFunction>, facebook::jsi::Value (facebook::jsi::Runtime&, facebook::jsi::Value const&, facebook::jsi::Value const*, unsigned long)>::operator()(facebook::jsi::Runtime&, facebook::jsi::Value const&, facebook::jsi::Value const*&&, unsigned long&&)+64) (BuildId: 66d91c6366b8db28)
06-23 22:46:20.350 18505 18505 F DEBUG   :       #30 pc 00000000000b9278  /data/app/~~TYZy1kOXVwoPU5sWhcWxow==/com.arcfire.online-XN2yfp9tJZw54cgnLllxpw==/base.apk!libhermes.so (offset 0x20fe000) (BuildId: 7168d7993b78e1652575c41c7fedbe59d35ceea7)
06-23 22:46:20.350 18505 18505 F DEBUG   :       #31 pc 00000000001159e4  /data/app/~~TYZy1kOXVwoPU5sWhcWxow==/com.arcfire.online-XN2yfp9tJZw54cgnLllxpw==/base.apk!libhermes.so (offset 0x20fe000) (BuildId: 7168d7993b78e1652575c41c7fedbe59d35ceea7)
06-23 22:46:20.350 18505 18505 F DEBUG   :       #32 pc 0000000000134bec  /data/app/~~TYZy1kOXVwoPU5sWhcWxow==/com.arcfire.online-XN2yfp9tJZw54cgnLllxpw==/base.apk!libhermes.so (offset 0x20fe000) (BuildId: 7168d7993b78e1652575c41c7fedbe59d35ceea7)
06-23 22:46:20.350 18505 18505 F DEBUG   :       #33 pc 0000000000134120  /data/app/~~TYZy1kOXVwoPU5sWhcWxow==/com.arcfire.online-XN2yfp9tJZw54cgnLllxpw==/base.apk!libhermes.so (offset 0x20fe000) (BuildId: 7168d7993b78e1652575c41c7fedbe59d35ceea7)
06-23 22:46:20.350 18505 18505 F DEBUG   :       #34 pc 0000000000115cdc  /data/app/~~TYZy1kOXVwoPU5sWhcWxow==/com.arcfire.online-XN2yfp9tJZw54cgnLllxpw==/base.apk!libhermes.so (offset 0x20fe000) (BuildId: 7168d7993b78e1652575c41c7fedbe59d35ceea7)
06-23 22:46:20.350 18505 18505 F DEBUG   :       #35 pc 0000000000113d18  /data/app/~~TYZy1kOXVwoPU5sWhcWxow==/com.arcfire.online-XN2yfp9tJZw54cgnLllxpw==/base.apk!libhermes.so (offset 0x20fe000) (BuildId: 7168d7993b78e1652575c41c7fedbe59d35ceea7)
06-23 22:46:20.350 18505 18505 F DEBUG   :       #36 pc 000000000014dfa4  /data/app/~~TYZy1kOXVwoPU5sWhcWxow==/com.arcfire.online-XN2yfp9tJZw54cgnLllxpw==/base.apk!libhermes.so (offset 0x20fe000) (BuildId: 7168d7993b78e1652575c41c7fedbe59d35ceea7)
06-23 22:46:20.350 18505 18505 F DEBUG   :       #37 pc 0000000000136c74  /data/app/~~TYZy1kOXVwoPU5sWhcWxow==/com.arcfire.online-XN2yfp9tJZw54cgnLllxpw==/base.apk!libhermes.so (offset 0x20fe000) (BuildId: 7168d7993b78e1652575c41c7fedbe59d35ceea7)
06-23 22:46:20.350 18505 18505 F DEBUG   :       #38 pc 0000000000134120  /data/app/~~TYZy1kOXVwoPU5sWhcWxow==/com.arcfire.online-XN2yfp9tJZw54cgnLllxpw==/base.apk!libhermes.so (offset 0x20fe000) (BuildId: 7168d7993b78e1652575c41c7fedbe59d35ceea7)
06-23 22:46:20.350 18505 18505 F DEBUG   :       #39 pc 0000000000115cdc  /data/app/~~TYZy1kOXVwoPU5sWhcWxow==/com.arcfire.online-XN2yfp9tJZw54cgnLllxpw==/base.apk!libhermes.so (offset 0x20fe000) (BuildId: 7168d7993b78e1652575c41c7fedbe59d35ceea7)
06-23 22:46:20.350 18505 18505 F DEBUG   :       #40 pc 0000000000113d18  /data/app/~~TYZy1kOXVwoPU5sWhcWxow==/com.arcfire.online-XN2yfp9tJZw54cgnLllxpw==/base.apk!libhermes.so (offset 0x20fe000) (BuildId: 7168d7993b78e1652575c41c7fedbe59d35ceea7)
06-23 22:46:20.350 18505 18505 F DEBUG   :       #41 pc 00000000001788c8  /data/app/~~TYZy1kOXVwoPU5sWhcWxow==/com.arcfire.online-XN2yfp9tJZw54cgnLllxpw==/base.apk!libhermes.so (offset 0x20fe000) (BuildId: 7168d7993b78e1652575c41c7fedbe59d35ceea7)
06-23 22:46:20.350 18505 18505 F DEBUG   :       #42 pc 00000000000ad250  /data/app/~~TYZy1kOXVwoPU5sWhcWxow==/com.arcfire.online-XN2yfp9tJZw54cgnLllxpw==/base.apk!libhermes.so (offset 0x20fe000) (BuildId: 7168d7993b78e1652575c41c7fedbe59d35ceea7)
06-23 22:46:20.350 18505 18505 F DEBUG   :       #43 pc 0000000000075018  /data/app/~~TYZy1kOXVwoPU5sWhcWxow==/com.arcfire.online-XN2yfp9tJZw54cgnLllxpw==/base.apk!libhermesinstancejni.so (offset 0x24f1000) (facebook::jsi::RuntimeDecorator<facebook::jsi::Runtime, facebook::jsi::Runtime>::drainMicrotasks(int)+40) (BuildId: 66d91c6366b8db28)
06-23 22:46:20.351 18505 18505 F DEBUG   :       #44 pc 00000000005cca04  /data/app/~~TYZy1kOXVwoPU5sWhcWxow==/com.arcfire.online-XN2yfp9tJZw54cgnLllxpw==/base.apk!libfabricjni.so (offset 0x16ac000) (BuildId: 2b8d9ec72ca1338e)
06-23 22:46:20.351 18505 18505 F DEBUG   :       #45 pc 00000000005cc680  /data/app/~~TYZy1kOXVwoPU5sWhcWxow==/com.arcfire.online-XN2yfp9tJZw54cgnLllxpw==/base.apk!libfabricjni.so (offset 0x16ac000) (facebook::react::RuntimeScheduler_Modern::executeTask(facebook::jsi::Runtime&, facebook::react::Task&, std::__ndk1::chrono::time_point<std::__ndk1::chrono::steady_clock, std::__ndk1::chrono::duration<long long, std::__ndk1::ratio<1l, 1000000000l>>>)+192) (BuildId: 2b8d9ec72ca1338e)
06-23 22:46:20.351 18505 18505 F DEBUG   :       #46 pc 00000000005cc180  /data/app/~~TYZy1kOXVwoPU5sWhcWxow==/com.arcfire.online-XN2yfp9tJZw54cgnLllxpw==/base.apk!libfabricjni.so (offset 0x16ac000) (facebook::react::RuntimeScheduler_Modern::startWorkLoop(facebook::jsi::Runtime&, bool)+228) (BuildId: 2b8d9ec72ca1338e)
06-23 22:46:20.351 18505 18505 F DEBUG   :       #47 pc 00000000005d45f0  /data/app/~~TYZy1kOXVwoPU5sWhcWxow==/com.arcfire.online-XN2yfp9tJZw54cgnLllxpw==/base.apk!libfabricjni.so (offset 0x16ac000) (BuildId: 2b8d9ec72ca1338e)
06-23 22:46:20.351 18505 18505 F DEBUG   :       #48 pc 00000000005d45b8  /data/app/~~TYZy1kOXVwoPU5sWhcWxow==/com.arcfire.online-XN2yfp9tJZw54cgnLllxpw==/base.apk!libfabricjni.so (offset 0x16ac000) (BuildId: 2b8d9ec72ca1338e)
06-23 22:46:20.351 18505 18505 F DEBUG   :       #49 pc 00000000005d4568  /data/app/~~TYZy1kOXVwoPU5sWhcWxow==/com.arcfire.online-XN2yfp9tJZw54cgnLllxpw==/base.apk!libfabricjni.so (offset 0x16ac000) (BuildId: 2b8d9ec72ca1338e)
06-23 22:46:20.351 18505 18505 F DEBUG   :       #50 pc 00000000005d453c  /data/app/~~TYZy1kOXVwoPU5sWhcWxow==/com.arcfire.online-XN2yfp9tJZw54cgnLllxpw==/base.apk!libfabricjni.so (offset 0x16ac000) (BuildId: 2b8d9ec72ca1338e)
06-23 22:46:20.351 18505 18505 F DEBUG   :       #51 pc 00000000005d35f8  /data/app/~~TYZy1kOXVwoPU5sWhcWxow==/com.arcfire.online-XN2yfp9tJZw54cgnLllxpw==/base.apk!libfabricjni.so (offset 0x16ac000) (BuildId: 2b8d9ec72ca1338e)
06-23 22:46:20.351 18505 18505 F DEBUG   :       #52 pc 00000000001063d8  /data/app/~~TYZy1kOXVwoPU5sWhcWxow==/com.arcfire.online-XN2yfp9tJZw54cgnLllxpw==/base.apk!librninstance.so (offset 0x3f7b000) (BuildId: c5fec977a2a221c2)
06-23 22:46:20.351 18505 18505 F DEBUG   :       #53 pc 0000000000104a0c  /data/app/~~TYZy1kOXVwoPU5sWhcWxow==/com.arcfire.online-XN2yfp9tJZw54cgnLllxpw==/base.apk!librninstance.so (offset 0x3f7b000) (std::__ndk1::function<void (facebook::jsi::Runtime&)>::operator()(facebook::jsi::Runtime&) const+28) (BuildId: c5fec977a2a221c2)
06-23 22:46:20.351 18505 18505 F DEBUG   :       #54 pc 00000000001223f4  /data/app/~~TYZy1kOXVwoPU5sWhcWxow==/com.arcfire.online-XN2yfp9tJZw54cgnLllxpw==/base.apk!librninstance.so (offset 0x3f7b000) (BuildId: c5fec977a2a221c2)
06-23 22:46:20.351 18505 18505 F DEBUG   :       #55 pc 0000000000122368  /data/app/~~TYZy1kOXVwoPU5sWhcWxow==/com.arcfire.online-XN2yfp9tJZw54cgnLllxpw==/base.apk!librninstance.so (offset 0x3f7b000) (BuildId: c5fec977a2a221c2)
06-23 22:46:20.351 18505 18505 F DEBUG   :       #56 pc 0000000000122320  /data/app/~~TYZy1kOXVwoPU5sWhcWxow==/com.arcfire.online-XN2yfp9tJZw54cgnLllxpw==/base.apk!librninstance.so (offset 0x3f7b000) (BuildId: c5fec977a2a221c2)
06-23 22:46:20.351 18505 18505 F DEBUG   :       #57 pc 00000000001222fc  /data/app/~~TYZy1kOXVwoPU5sWhcWxow==/com.arcfire.online-XN2yfp9tJZw54cgnLllxpw==/base.apk!librninstance.so (offset 0x3f7b000) (BuildId: c5fec977a2a221c2)
06-23 22:46:20.351 18505 18505 F DEBUG   :       #58 pc 0000000000121308  /data/app/~~TYZy1kOXVwoPU5sWhcWxow==/com.arcfire.online-XN2yfp9tJZw54cgnLllxpw==/base.apk!librninstance.so (offset 0x3f7b000) (BuildId: c5fec977a2a221c2)
06-23 22:46:20.351 18505 18505 F DEBUG   :       #59 pc 00000000001f70a0  /data/app/~~TYZy1kOXVwoPU5sWhcWxow==/com.arcfire.online-XN2yfp9tJZw54cgnLllxpw==/base.apk!libreactnativejni.so (offset 0x3816000) (BuildId: 56fd9883806746a3)
06-23 22:46:20.351 18505 18505 F DEBUG   :       #60 pc 00000000001f6f88  /data/app/~~TYZy1kOXVwoPU5sWhcWxow==/com.arcfire.online-XN2yfp9tJZw54cgnLllxpw==/base.apk!libreactnativejni.so (offset 0x3816000) (std::__ndk1::function<void ()>::operator()() const+20) (BuildId: 56fd9883806746a3)
06-23 22:46:20.351 18505 18505 F DEBUG   :       #61 pc 0000000000211c94  /data/app/~~TYZy1kOXVwoPU5sWhcWxow==/com.arcfire.online-XN2yfp9tJZw54cgnLllxpw==/base.apk!libreactnativejni.so (offset 0x3816000) (BuildId: 56fd9883806746a3)
06-23 22:46:20.351 18505 18505 F DEBUG   :       #62 pc 0000000000211c2c  /data/app/~~TYZy1kOXVwoPU5sWhcWxow==/com.arcfire.online-XN2yfp9tJZw54cgnLllxpw==/base.apk!libreactnativejni.so (offset 0x3816000) (BuildId: 56fd9883806746a3)
06-23 22:46:20.351 18505 18505 F DEBUG   :       #63 pc 0000000000211be4  /data/app/~~TYZy1kOXVwoPU5sWhcWxow==/com.arcfire.online-XN2yfp9tJZw54cgnLllxpw==/base.apk!libreactnativejni.so (offset 0x3816000) (BuildId: 56fd9883806746a3)
06-23 22:46:20.351 18505 18505 F DEBUG   :       #64 pc 0000000000211bc0  /data/app/~~TYZy1kOXVwoPU5sWhcWxow==/com.arcfire.online-XN2yfp9tJZw54cgnLllxpw==/base.apk!libreactnativejni.so (offset 0x3816000) (BuildId: 56fd9883806746a3)
06-23 22:46:20.351 18505 18505 F DEBUG   :       #65 pc 0000000000210b78  /data/app/~~TYZy1kOXVwoPU5sWhcWxow==/com.arcfire.online-XN2yfp9tJZw54cgnLllxpw==/base.apk!libreactnativejni.so (offset 0x3816000) (BuildId: 56fd9883806746a3)
06-23 22:46:20.351 18505 18505 F DEBUG   :       #66 pc 0000000000019804  /data/app/~~TYZy1kOXVwoPU5sWhcWxow==/com.arcfire.online-XN2yfp9tJZw54cgnLllxpw==/base.apk!libfbjni.so (offset 0x1e10000) (facebook::jni::detail::MethodWrapper<void (facebook::jni::JNativeRunnable::*)(), &facebook::jni::JNativeRunnable::run(), facebook::jni::JNativeRunnable, void>::dispatch(facebook::jni::alias_ref<facebook::jni::detail::JTypeFor<facebook::jni::HybridClass<facebook::jni::JNativeRunnable, facebook::jni::JRunnable>::JavaPart, facebook::jni::JRunnable, void>::_javaobject*>)+72) (BuildId: a22242831a7971267de570e06121acb588ce64cd)
06-23 22:46:20.351 18505 18505 F DEBUG   :       #67 pc 0000000000019744  /data/app/~~TYZy1kOXVwoPU5sWhcWxow==/com.arcfire.online-XN2yfp9tJZw54cgnLllxpw==/base.apk!libfbjni.so (offset 0x1e10000) (facebook::jni::detail::FunctionWrapper<void (*)(facebook::jni::alias_ref<facebook::jni::detail::JTypeFor<facebook::jni::HybridClass<facebook::jni::JNativeRunnable, facebook::jni::JRunnable>::JavaPart, facebook::jni::JRunnable, void>::_javaobject*>), facebook::jni::detail::JTypeFor<facebook::jni::HybridClass<facebook::jni::JNativeRunnable, facebook::jni::JRunnable>::JavaPart, facebook::jni::JRunnable, void>::_javaobject*, void>::call(_JNIEnv*, _jobject*, void (*)(facebook::jni::alias_ref<facebook::jni::detail::JTypeFor<facebook::jni::HybridClass<facebook::jni::JNativeRunnable, facebook::jni::JRunnable>::JavaPart, facebook::jni::JRunnable, void>::_javaobject*>))+60) (BuildId: a22242831a7971267de570e06121acb588ce64cd)
06-23 22:46:20.351 18505 18505 F DEBUG   :       #68 pc 000000000053a1f8  [anon_shmem:dalvik-jit-code-cache] (offset 0x2000000) (art_jni_trampoline+136)
06-23 22:46:20.351 18505 18505 F DEBUG   :       #69 pc 0000000000234c70  [anon_shmem:dalvik-jit-code-cache] (offset 0x2000000) (android.os.Handler.handleCallback+128)
06-23 22:46:20.351 18505 18505 F DEBUG   :       #70 pc 0000000000078624  [anon_shmem:dalvik-jit-code-cache] (offset 0x2000000) (android.os.Handler.dispatchMessage+132)
06-23 22:46:20.351 18505 18505 F DEBUG   :       #71 pc 00000000009136d0  [anon_shmem:dalvik-jit-code-cache] (offset 0x2000000) (com.facebook.react.bridge.queue.MessageQueueThreadHandler.dispatchMessage+128)
06-23 22:46:20.351 18505 18505 F DEBUG   :       #72 pc 0000000000076f74  [anon_shmem:dalvik-jit-code-cache] (offset 0x2000000) (android.os.Looper.loopOnce+1300)
06-23 22:46:20.351 18505 18505 F DEBUG   :       #73 pc 0000000000075920  [anon_shmem:dalvik-jit-code-cache] (offset 0x2000000) (android.os.Looper.loop+256)
06-23 22:46:20.351 18505 18505 F DEBUG   :       #74 pc 0000000000299260  /apex/com.android.art/lib64/libart.so (art_quick_invoke_static_stub+640) (BuildId: 1f156fc62660d075a8d675db850b95d5)
06-23 22:46:20.351 18505 18505 F DEBUG   :       #75 pc 000000000087bb6c  /apex/com.android.art/lib64/libart.so (bool art::interpreter::DoCall<false>(art::ArtMethod*, art::Thread*, art::ShadowFrame&, art::Instruction const*, unsigned short, bool, art::JValue*)+1884) (BuildId: 1f156fc62660d075a8d675db850b95d5)
06-23 22:46:20.351 18505 18505 F DEBUG   :       #76 pc 00000000006fd968  /apex/com.android.art/lib64/libart.so (void art::interpreter::ExecuteSwitchImplCpp<false>(art::interpreter::SwitchImplContext*)+284) (BuildId: 1f156fc62660d075a8d675db850b95d5)
06-23 22:46:20.351 18505 18505 F DEBUG   :       #77 pc 00000000002fcc98  /apex/com.android.art/lib64/libart.so (ExecuteSwitchImplAsm+8) (BuildId: 1f156fc62660d075a8d675db850b95d5)
06-23 22:46:20.351 18505 18505 F DEBUG   :       #78 pc 000000000043f294  [anon:dalvik-classes.dex extracte....arcfire.online-XN2yfp9tJZw54cgnLllxpw==/base.apk] (com.facebook.react.bridge.queue.MessageQueueThreadImpl$4.run+0)
06-23 22:46:20.351 18505 18505 F DEBUG   :       #79 pc 00000000002fc8d0  /apex/com.android.art/lib64/libart.so (art::interpreter::Execute(art::Thread*, art::CodeItemDataAccessor const&, art::ShadowFrame&, art::JValue, bool, bool) (.__uniq.112435418011751916792819755956732575238.llvm.6848007882488385806)+360) (BuildId: 1f156fc62660d075a8d675db850b95d5)
06-23 22:46:20.351 18505 18505 F DEBUG   :       #80 pc 00000000002fc254  /apex/com.android.art/lib64/libart.so (artQuickToInterpreterBridge+916) (BuildId: 1f156fc62660d075a8d675db850b95d5)
06-23 22:46:20.351 18505 18505 F DEBUG   :       #81 pc 00000000002b04d8  /apex/com.android.art/lib64/libart.so (art_quick_to_interpreter_bridge+88) (BuildId: 1f156fc62660d075a8d675db850b95d5)
06-23 22:46:20.351 18505 18505 F DEBUG   :       #82 pc 000000000000499c  [anon_shmem:dalvik-jit-code-cache] (offset 0x2000000) (java.lang.Thread.run+140)
06-23 22:46:20.351 18505 18505 F DEBUG   :       #83 pc 0000000000298f94  /apex/com.android.art/lib64/libart.so (art_quick_invoke_stub+612) (BuildId: 1f156fc62660d075a8d675db850b95d5)
06-23 22:46:20.351 18505 18505 F DEBUG   :       #84 pc 000000000029738c  /apex/com.android.art/lib64/libart.so (art::ArtMethod::Invoke(art::Thread*, unsigned int*, unsigned int, art::JValue*, char const*)+148) (BuildId: 1f156fc62660d075a8d675db850b95d5)
06-23 22:46:20.351 18505 18505 F DEBUG   :       #85 pc 00000000004d5fd0  /apex/com.android.art/lib64/libart.so (art::Thread::CreateCallback(void*)+1384) (BuildId: 1f156fc62660d075a8d675db850b95d5)
06-23 22:46:20.351 18505 18505 F DEBUG   :       #86 pc 00000000004d5a54  /apex/com.android.art/lib64/libart.so (art::Thread::CreateCallbackWithUffdGc(void*)+12) (BuildId: 1f156fc62660d075a8d675db850b95d5)
06-23 22:46:20.351 18505 18505 F DEBUG   :       #87 pc 0000000000080f8c  /apex/com.android.runtime/lib64/bionic/libc.so (__pthread_start(void*)+236) (BuildId: 8ff701fa7a74a8ad475206062b5b72aa)
06-23 22:46:20.351 18505 18505 F DEBUG   :       #88 pc 00000000000737f0  /apex/com.android.runtime/lib64/bionic/libc.so (__start_thread+64) (BuildId: 8ff701fa7a74a8ad475206062b5b72aa)
06-23 22:46:20.426  1909 18516 W ActivityManager: crash : com.arcfire.online,11067
06-23 22:46:20.442  1909  1963 I ActivityManager: Showing crash dialog for package com.arcfire.online u0
06-23 22:46:20.462  1909 18511 I ActivityManager: Killing 15773:com.arcfire.online/u0a1067 (adj 0): crash
06-23 22:46:20.486  1909  1972 I ActivityManager: Changes in 10147 5 to 2, 184 to 255
06-23 22:46:20.562  1909  2803 I ActivityManager: Changes in 99215 19 to 3, 0 to 184
06-23 22:46:20.611  1909  1965 W ActivityManager: setHasOverlayUi called on unknown pid: 15773
06-23 22:46:20.893  1909  2224 W ActivityManager: pid 1909 system sent binder code 7 with flags 1 to frozen apps and got error -32
06-23 22:46:27.639  1909  2720 I ActivityManager: PendingStartActivityUids startActivity to updateOomAdj delay:6706ms, uid:10147
06-23 22:46:35.632  1909  2224 I ActivityManager: Changes in 99215 3 to 10, 184 to 0
06-23 22:46:37.840  1909  1972 I ActivityManager: Changes in 10096 19 to 11, 0 to 128
06-23 22:46:37.850  1909  2224 I ActivityManager: Changes in 10096 11 to 19, 128 to 0
06-23 22:47:40.671  1909  1973 I ActivityManager: Start proc 18584:com.ss.android.ugc.trill/u0a388 for broadcast {com.ss.android.ugc.trill/com.google.firebase.iid.FirebaseInstanceIdReceiver}
06-23 22:47:40.672  1909  1973 I ActivityManager: ProcessObserver broadcast disabled
06-23 22:47:40.682  1909  1935 I ActivityManager: Changes in 99215 19 to 8, 0 to 128
06-23 22:47:40.887  1909  2224 I ActivityManager: Changes in 99215 8 to 10, 128 to 0
06-23 22:47:41.638  1909  2224 I ActivityManager: Changes in 10388 19 to 11, 0 to 128
06-23 22:47:41.655  1909  3174 I ActivityManager: Changes in 99215 19 to 10, 0 to 128
06-23 22:47:41.689  1909  3174 I ActivityManager: Changes in 99215 19 to 10, 128 to 0
06-23 22:47:41.887  1909  1973 I ActivityManager: Start proc 18734:com.sec.android.provider.badge/u0a55 for broadcast {com.sec.android.provider.badge/com.sec.android.provider.badge.BadgeCountReceiver}
06-23 22:47:41.888  1909  1973 I ActivityManager: ProcessObserver broadcast disabled
06-23 22:47:41.985  1909  2720 I ActivityManager: Changes in 10055 19 to 11, 0 to 128
06-23 22:47:42.023  1909  2720 I ActivityManager: Changes in 10055 11 to 3, 128 to 144
06-23 22:47:48.061  1909  1971 I ActivityManager: Changes in 99215 19 to 19, 0 to 128
06-23 22:47:48.062  1909  1971 I ActivityManager: Changes in 10055 3 to 15, 144 to 0
06-23 22:47:48.472  1909  1973 I ActivityManager: Start proc 18888:com.samsung.drmboost/u0a339 for service {com.samsung.drmboost/com.samsung.drmboost.DrmEventService}
06-23 22:47:48.472  1909  1973 I ActivityManager: ProcessObserver broadcast disabled
06-23 22:47:48.563  1909  2224 I ActivityManager: Killing 12859:com.samsung.android.app.notes/u0a326 (adj 975): empty #25
06-23 22:47:51.783  1909  1973 I ActivityManager: Start proc 18906:com.android.vending/u0a251 for service {com.android.vending/com.google.android.finsky.billing.iab.InAppBillingService}
06-23 22:47:51.783  1909  1973 I ActivityManager: ProcessObserver broadcast disabled
06-23 22:47:51.936  1909  4340 I ActivityManager: Changes in 10251 19 to 10, 0 to 128
06-23 22:47:51.965  1909  4340 I ActivityManager: Killing 12821:com.samsung.android.app.reminder/u0a224 (adj 975): empty #25
06-23 22:47:52.707  1909  4206 I ActivityManager: Changes in 10251 19 to 10, 128 to 0
06-23 22:47:56.669  1909  1973 I ActivityManager: Start proc 19000:com.sec.android.gallery3d/u0a124 for content provider {com.sec.android.gallery3d/com.samsung.android.gallery.app.provider.LocalProvider2}
06-23 22:47:56.669  1909  1973 I ActivityManager: ProcessObserver broadcast disabled
06-23 22:47:56.680  1909  1973 I ActivityManager: Start proc 19001:com.samsung.android.app.reminder/u0a224 for content provider {com.samsung.android.app.reminder/com.samsung.android.app.reminder.data.provider.ReminderProvider}
06-23 22:47:56.681  1909  1973 I ActivityManager: ProcessObserver broadcast disabled
06-23 22:47:56.810  1909  1973 I ActivityManager: Start proc 19025:com.samsung.cmh/5004 for content provider {com.samsung.cmh/com.samsung.cmh.provider.CMHProvider}
06-23 22:47:56.810  1909  1973 I ActivityManager: ProcessObserver broadcast disabled
06-23 22:47:56.946  1909  2803 I ActivityManager: Killing 12899:com.samsung.android.stickercenter/1000 (adj 975): empty #25
06-23 22:47:56.973  1909  2867 I ActivityManager: Killing 16054:com.google.android.gms.unstable/u0a252 (adj 965): empty #25
06-23 22:47:56.980  1909  2867 I ActivityManager: Killing 10200:com.osp.app.signin/u0a117 (adj 965): empty #25
06-23 22:47:57.303  1909  1973 I ActivityManager: Start proc 19102:com.samsung.faceservice/5004 for content provider {com.samsung.faceservice/com.samsung.faceservice.provider.FaceServiceProvider}
06-23 22:47:57.303  1909  1973 I ActivityManager: ProcessObserver broadcast disabled
06-23 22:47:57.429  1909  3434 W ActivityManager: Receiver with filter android.content.IntentFilter@e9c6099 already registered for pid 19102, callerPackage is com.samsung.faceservice
06-23 22:47:57.431  1909  3434 W ActivityManager: Receiver with filter android.content.IntentFilter@6edbf3f already registered for pid 19102, callerPackage is com.samsung.faceservice
06-23 22:47:57.434  1909  3434 I ActivityManager: Killing 16406:com.sec.android.app.shealth:remote/u0a328 (adj 905): empty #25
06-23 22:47:57.866  1909  4226 I ActivityManager: Changes in 99215 19 to 10, 128 to 0
06-23 22:48:01.649  1909  2065 I ActivityManager: Changes in 10388 19 to 19, 128 to 0
06-23 22:48:02.088  1909  1973 I ActivityManager: Start proc 19177:com.android.vending:background/u0a251 for service {com.android.vending/com.google.frameworks.client.data.android.server.play.BackgroundProcessEndpointService}
06-23 22:48:02.088  1909  1973 I ActivityManager: ProcessObserver broadcast disabled
06-23 22:48:13.764  1909  1973 I ActivityManager: Start proc 19313:com.google.android.rkpdapp/u0a348 for service {com.google.android.rkpdapp/com.android.rkpdapp.service.RemoteProvisioningService}
06-23 22:48:13.764  1909  1973 I ActivityManager: ProcessObserver broadcast disabled
06-23 22:48:13.893  1909  4407 I ActivityManager: Changes in 10348 19 to 6, 0 to 128
06-23 22:48:13.906  1909  4407 I ActivityManager: Changes in 10348 6 to 10, 128 to 0
06-23 22:48:13.910  1909  4211 I ActivityManager: Killing 16450:com.samsung.android.authfw/5278 (adj 955): empty #25
06-23 22:48:15.051  1909  9411 I ActivityManager: Changes in 10107 19 to 5, 0 to 144
06-23 22:48:17.043  1909  4407 I ActivityManager: Killing 16766:com.android.providers.calendar/u0a115 (adj 905): empty #25
06-23 22:48:21.176  1909  1971 I ActivityManager: Changes in 10107 5 to 15, 144 to 0
06-23 22:48:41.178  1909  1972 I ActivityManager: Killing 17078:com.samsung.android.app.telephonyui/1001 (adj 945): empty #25
06-23 22:48:44.921  1909  1972 I ActivityManager: Changes in 10096 19 to 11, 0 to 128
06-23 22:48:44.931  1909  4211 I ActivityManager: Changes in 10096 11 to 19, 128 to 0
06-23 22:49:06.664  1909  2065 I ActivityManager: Changes in 10251 19 to 8, 0 to 128
06-23 22:49:06.677  1909  2065 I ActivityManager: Changes in 10348 19 to 8, 0 to 128
06-23 22:49:06.681  1909  1973 I ActivityManager: Start proc 19507:com.google.android.apps.restore/u0a249 for service {com.google.android.apps.restore/androidx.work.impl.background.systemjob.SystemJobService}
06-23 22:49:06.681  1909  1973 I ActivityManager: ProcessObserver broadcast disabled
06-23 22:49:06.725  1909  4211 I ActivityManager: Changes in 10251 8 to 10, 128 to 0
06-23 22:49:06.733  1909  1973 I ActivityManager: Start proc 19528:com.lguplus.appstore/u0a99 for service {com.lguplus.appstore/androidx.work.impl.background.systemjob.SystemJobService}
06-23 22:49:06.733  1909  1973 I ActivityManager: ProcessObserver broadcast disabled
06-23 22:49:06.803  1909  1973 I ActivityManager: Start proc 19559:com.google.android.as.oss/u0a248 for service {com.google.android.as.oss/com.google.android.gms.learning.internal.training.InAppJobService}
06-23 22:49:06.803  1909  1973 I ActivityManager: ProcessObserver broadcast disabled
06-23 22:49:06.845  1909  4340 I ActivityManager: Changes in 99215 19 to 3, 0 to 184
06-23 22:49:06.959  1909  4211 I ActivityManager: Changes in 10249 19 to 8, 0 to 128
06-23 22:49:07.029  1909  4211 I ActivityManager: Changes in 10248 19 to 8, 0 to 128
06-23 22:49:07.041  1909  4211 I ActivityManager: Changes in 10348 8 to 10, 128 to 0
06-23 22:49:07.060  1909  2224 I ActivityManager: Changes in 10249 8 to 10, 128 to 0
06-23 22:49:07.104  1909  2720 I ActivityManager: Changes in 10248 8 to 10, 128 to 0
06-23 22:49:07.175  1909  4206 I ActivityManager: Changes in 5004 19 to 8, 0 to 128
06-23 22:49:07.204  1909  4206 I ActivityManager: Changes in 5004 8 to 10, 128 to 0
06-23 22:49:07.264  1909  1972 I ActivityManager: Changes in 10055 19 to 11, 0 to 128
06-23 22:49:07.267  1909  2720 I ActivityManager: Changes in 10055 11 to 3, 128 to 144
06-23 22:49:07.322  1909  2224 I ActivityManager: Changes in 10099 19 to 8, 0 to 128
06-23 22:49:07.360  1909  2057 I ActivityManager: Changes in 10251 19 to 3, 0 to 184
06-23 22:49:07.449  1909  4340 I ActivityManager: Changes in 10099 8 to 10, 128 to 0
06-23 22:49:07.451  1909  1973 I ActivityManager: Start proc 19688:com.microsoft.appmanager/u0a151 for service {com.microsoft.appmanager/androidx.work.impl.background.systemjob.SystemJobService}
06-23 22:49:07.451  1909  1973 I ActivityManager: ProcessObserver broadcast disabled
06-23 22:49:07.477  1909  1973 I ActivityManager: Start proc 19705:com.samsung.android.intellivoiceservice/u0a121 for service {com.samsung.android.intellivoiceservice/androidx.work.impl.background.systemjob.SystemJobService}
06-23 22:49:07.478  1909  1973 I ActivityManager: ProcessObserver broadcast disabled
06-23 22:49:07.489  1909  1973 I ActivityManager: Start proc 19709:com.google.android.apps.tachyon/u0a254 for service {com.google.android.apps.tachyon/com.google.android.apps.tachyon.contacts.sync.SyncService}
06-23 22:49:07.489  1909  1973 I ActivityManager: ProcessObserver broadcast disabled
06-23 22:49:07.503  1909  1973 I ActivityManager: Start proc 19710:com.skt.skaf.OA00018282/u0a104 for content provider {com.skt.skaf.OA00018282/com.onestore.utils.ApiContentProvider}
06-23 22:49:07.503  1909  1973 I ActivityManager: ProcessObserver broadcast disabled
06-23 22:49:07.694  1909  2720 I ActivityManager: Changes in 10121 19 to 8, 0 to 128
06-23 22:49:07.972  1909  2057 I ActivityManager: Changes in 10121 8 to 10, 128 to 0
06-23 22:49:08.005  1909  1973 I ActivityManager: Start proc 19847:com.samsung.android.networkdiagnostic/5023 for service {com.samsung.android.networkdiagnostic/androidx.work.impl.background.systemjob.SystemJobService}
06-23 22:49:08.005  1909  1973 I ActivityManager: ProcessObserver broadcast disabled
06-23 22:49:08.099  1909  1973 I ActivityManager: Start proc 19867:com.samsung.android.mdx/u0a94 for content provider {com.samsung.android.mdx/com.samsung.android.mdx.windowslink.tileservice.StateContentProvider}
06-23 22:49:08.100  1909  1973 I ActivityManager: ProcessObserver broadcast disabled
06-23 22:49:08.355  1909  4211 I ActivityManager: Changes in 10254 19 to 8, 0 to 128
06-23 22:49:08.370  1909  4340 I ActivityManager: Changes in 5023 19 to 8, 0 to 128
06-23 22:49:08.410  1909  1973 I ActivityManager: Start proc 19939:com.samsung.android.app.routines/u0a53 for content provider {com.samsung.android.app.routines/com.samsung.android.app.routines.domainmodel.routineinfoprovider.RoutineInfoProvider}
06-23 22:49:08.410  1909  1973 I ActivityManager: ProcessObserver broadcast disabled
06-23 22:49:08.448  1909  2057 I ActivityManager: Changes in 10056 19 to 8, 0 to 128
06-23 22:49:08.468  1909  2224 I ActivityManager: Changes in 5023 8 to 10, 128 to 0
06-23 22:49:08.504  1909  1973 I ActivityManager: Start proc 19964:com.samsung.android.mobileservice/u0a119 for service {com.samsung.android.mobileservice/com.samsung.android.mobileservice.common.util.PeriodicJobUtil$PeriodicJob}
06-23 22:49:08.504  1909  1973 I ActivityManager: ProcessObserver broadcast disabled
06-23 22:49:08.506  1909  2803 I ActivityManager: Changes in 10094 19 to 5, 0 to 184
06-23 22:49:08.549  1909  1973 I ActivityManager: Start proc 19982:com.google.android.tts/u0a260 for service {com.google.android.tts/androidx.work.impl.background.systemjob.SystemJobService}
06-23 22:49:08.549  1909  1973 I ActivityManager: ProcessObserver broadcast disabled
06-23 22:49:08.756  1909  2720 I ActivityManager: Changes in 10151 19 to 8, 0 to 128
06-23 22:49:08.898  1909  4206 I ActivityManager: Killing 13767:com.samsung.android.game.gos/u0a76 (adj 935): empty #25
06-23 22:49:08.965  1909  2803 I ActivityManager: Changes in 10260 19 to 8, 0 to 128
06-23 22:49:08.990  1909  2867 I ActivityManager: Changes in 10119 19 to 8, 0 to 128
06-23 22:49:09.015  1909  2187 I ActivityManager: Changes in 10254 8 to 10, 128 to 0
06-23 22:49:09.015  1909  2187 I ActivityManager: Changes in 10056 8 to 10, 128 to 0
06-23 22:49:09.020  1909  2803 I ActivityManager: Changes in 10119 8 to 10, 128 to 0
06-23 22:49:09.023  1909  4340 I ActivityManager: Killing 12049:com.google.android.googlequicksearchbox:search/u0a253 (adj 935): empty #25
06-23 22:49:09.040  1909  2803 I ActivityManager: Changes in 10254 19 to 8, 0 to 128
06-23 22:49:09.040  1909  2803 I ActivityManager: Changes in 10056 19 to 8, 0 to 128
06-23 22:49:09.050  1909  1972 I ActivityManager: com.samsung.android.app.telephonyui is exempt from freezer by list
06-23 22:49:09.067  1909  2187 I ActivityManager: Changes in 10119 19 to 8, 0 to 128
06-23 22:49:09.068  1909  1973 I ActivityManager: Start proc 20122:com.samsung.android.app.telephonyui/1001 for broadcast {com.samsung.android.app.telephonyui/com.samsung.android.app.telephonyui.netsettings.ui.receiver.SimManagerInfoReceiver}
06-23 22:49:09.068  1909  1973 I ActivityManager: ProcessObserver broadcast disabled
06-23 22:49:09.116  1909  1973 I ActivityManager: Start proc 20136:com.android.vending:quick_launch/u0a251 for service {com.android.vending/com.google.frameworks.client.data.android.server.play.QuickLaunchProcessEndpointService}
06-23 22:49:09.116  1909  1973 I ActivityManager: ProcessObserver broadcast disabled
06-23 22:49:09.187  1909  4407 W ActivityManager: pid 6725 com.google.android.googlequicksearchbox:interactor sent binder code 2 with flags 1 to frozen apps and got error -32
06-23 22:49:09.238  1909  1973 I ActivityManager: Start proc 20170:com.android.providers.calendar/u0a115 for content provider {com.android.providers.calendar/com.android.providers.calendar.CalendarProvider2}
06-23 22:49:09.238  1909  1973 I ActivityManager: ProcessObserver broadcast disabled
06-23 22:49:09.349  1909  4174 I ActivityManager: Changes in 10151 8 to 10, 128 to 0
06-23 22:49:09.403  1909  4226 I ActivityManager: Changes in 10115 19 to 8, 0 to 128
06-23 22:49:09.433  1909  1973 I ActivityManager: Start proc 20206:com.google.android.gms.unstable/u0a252 for service {com.google.android.gms/com.google.android.gms.droidguard.DroidGuardService}
06-23 22:49:09.433  1909  1973 I ActivityManager: ProcessObserver broadcast disabled
06-23 22:49:09.548  1909  1973 I ActivityManager: Start proc 20246:com.google.android.partnersetup/u0a243 for service {com.google.android.partnersetup/com.google.android.partnersetup.InstalledAppJobService}
06-23 22:49:09.556  1909  1973 I ActivityManager: ProcessObserver broadcast disabled
06-23 22:49:09.626  1909  4341 I ActivityManager: Killing 17526:com.google.android.projection.gearhead:shared/u0a242 (adj 935): empty #25
06-23 22:49:09.646  1909  4407 I ActivityManager: Changes in 10260 8 to 10, 128 to 0
06-23 22:49:09.658  1909  4407 I ActivityManager: Killing 17564:com.google.android.projection.gearhead:car/u0a242 (adj 925): empty #25
06-23 22:49:09.682  1909  1973 I ActivityManager: Start proc 20303:com.google.android.apps.turbo:aab/u0a250 for service {com.google.android.apps.turbo/com.google.android.libraries.smartbattery.appusage.library.InferAppBucketsJob}
06-23 22:49:09.684  1909  1973 I ActivityManager: ProcessObserver broadcast disabled
06-23 22:49:09.685  1909  2187 I ActivityManager: Changes in 10119 8 to 10, 128 to 0
06-23 22:49:09.685  1909  2187 I ActivityManager: Changes in 10115 8 to 10, 128 to 0
06-23 22:49:09.693  1909  4211 I ActivityManager: Killing 17631:com.sec.android.CcInfo/1000 (adj 925): empty #25
06-23 22:49:09.698  1909  4211 I ActivityManager: Killing 17598:com.samsung.accessory.budsunitemgr/u0a314 (adj 925): empty #26
06-23 22:49:09.756  1909  1973 I ActivityManager: Start proc 20338:com.samsung.mfcontents/u0a95 for service {com.samsung.mfcontents/com.samsung.mfcontents.scheduler.MFCJobService}
06-23 22:49:09.762  1909  1973 I ActivityManager: ProcessObserver broadcast disabled
06-23 22:49:09.795  1909  1935 I ActivityManager: Changes in 10243 19 to 8, 0 to 128
06-23 22:49:09.832  1909  2224 I ActivityManager: Changes in 5009 19 to 8, 0 to 128
06-23 22:49:09.882  1909  1972 I ActivityManager: Changes in 10096 19 to 11, 0 to 128
06-23 22:49:09.889  1909  1973 I ActivityManager: Start proc 20373:com.samsung.android.game.gos/u0a76 for service {com.samsung.android.game.gos/com.samsung.android.game.gos.service.MainIntentService}
06-23 22:49:09.890  1909  1973 I ActivityManager: ProcessObserver broadcast disabled
06-23 22:49:09.897  1909  4340 I ActivityManager: Changes in 10095 19 to 8, 0 to 128
06-23 22:49:09.909  1909  4226 I ActivityManager: Changes in 10096 11 to 19, 128 to 0
06-23 22:49:09.965  1909  4341 I ActivityManager: Changes in 10095 8 to 10, 128 to 0
06-23 22:49:10.003  1909  1973 I ActivityManager: Start proc 20399:com.samsung.android.sm.devicesecurity/u0a214 for service {com.samsung.android.sm.devicesecurity/com.samsung.android.sm.devicesecurity.BackgroundUpdateJobService}
06-23 22:49:10.003  1909  1973 I ActivityManager: ProcessObserver broadcast disabled
06-23 22:49:10.013  1909  2225 I ActivityManager: Changes in 10250 19 to 8, 0 to 128
06-23 22:49:10.018  1909  1973 I ActivityManager: Start proc 20402:com.google.android.projection.gearhead:provider/u0a242 for content provider {com.google.android.projection.gearhead/com.google.android.apps.auto.components.projectionstate.ProjectionStateProvider}
06-23 22:49:10.018  1909  1973 I ActivityManager: ProcessObserver broadcast disabled
06-23 22:49:10.027  1909  4341 I ActivityManager: Changes in 5009 8 to 10, 128 to 0
06-23 22:49:10.064  1909  2225 I ActivityManager: Killing 11333:com.samsung.android.scloud/5009 (adj 915): empty #25
06-23 22:49:10.187  1909  2057 I ActivityManager: Changes in 10243 8 to 10, 128 to 0
06-23 22:49:10.214  1909  2057 I ActivityManager: Changes in 5004 19 to 8, 0 to 128
06-23 22:49:10.301  1909  2867 I ActivityManager: Changes in 10242 19 to 5, 0 to 144
06-23 22:49:10.348  1909  4356 I ActivityManager: Changes in 5004 8 to 10, 128 to 0
06-23 22:49:10.352  1909  4356 I ActivityManager: Changes in 10119 19 to 8, 0 to 128
06-23 22:49:10.353  1909  4356 I ActivityManager: Changes in 10115 19 to 8, 0 to 128
06-23 22:49:10.370  1909  2225 I ActivityManager: Changes in 10119 8 to 10, 128 to 0
06-23 22:49:10.373  1909  2225 I ActivityManager: Changes in 10115 8 to 10, 128 to 0
06-23 22:49:10.374  1909  1933 I ActivityManager: Changes in 10214 19 to 8, 0 to 128
06-23 22:49:10.397  1909  2867 I ActivityManager: Killing 18888:com.samsung.drmboost/u0a339 (adj 905): empty #25
06-23 22:49:10.567  1909  4343 I ActivityManager: Killing 19001:com.samsung.android.app.reminder/u0a224 (adj 905): empty #25
06-23 22:49:10.616  1909  4356 E ActivityManager: Sending non-protected broadcast com.sec.android.intent.action.APP_HQM_SEND_REQ from system 3994:com.sec.android.diagmonagent/1000 pkg com.sec.android.diagmonagent
06-23 22:49:10.616  1909  4356 E ActivityManager: java.lang.Throwable
06-23 22:49:10.616  1909  4356 E ActivityManager: 	at com.android.server.am.BroadcastController.checkBroadcastFromSystem(qb/108940926 802103cef46cde14cb0d3b748d2076734c471a17d4b8e991ffa01c0e15de42a9:252)
06-23 22:49:10.616  1909  4356 E ActivityManager: 	at com.android.server.am.BroadcastController.broadcastIntentLockedTraced(qb/108940926 802103cef46cde14cb0d3b748d2076734c471a17d4b8e991ffa01c0e15de42a9:344)
06-23 22:49:10.616  1909  4356 E ActivityManager: 	at com.android.server.am.BroadcastController.broadcastIntentLocked(qb/108940926 802103cef46cde14cb0d3b748d2076734c471a17d4b8e991ffa01c0e15de42a9:18)
06-23 22:49:10.616  1909  4356 E ActivityManager: 	at com.android.server.am.ActivityManagerService.broadcastIntentWithFeature(qb/108940926 802103cef46cde14cb0d3b748d2076734c471a17d4b8e991ffa01c0e15de42a9:149)
06-23 22:49:10.616  1909  4356 E ActivityManager: 	at android.app.IActivityManager$Stub.onTransact$broadcastIntentWithFeature$(IActivityManager.java:12412)
06-23 22:49:10.616  1909  4356 E ActivityManager: 	at android.app.IActivityManager$Stub.onTransact(IActivityManager.java:3205)
06-23 22:49:10.616  1909  4356 E ActivityManager: 	at com.android.server.am.ActivityManagerService.onTransact(qb/108940926 802103cef46cde14cb0d3b748d2076734c471a17d4b8e991ffa01c0e15de42a9:425)
06-23 22:49:10.616  1909  4356 E ActivityManager: 	at android.os.Binder.execTransactInternal(Binder.java:1462)
06-23 22:49:10.616  1909  4356 E ActivityManager: 	at android.os.Binder.execTransact(Binder.java:1401)
06-23 22:49:10.640  1909  2867 I ActivityManager: Changes in 10243 19 to 8, 0 to 128
06-23 22:49:10.697  1909  4343 I ActivityManager: Changes in 10243 8 to 10, 128 to 0
06-23 22:49:10.805  1909  2065 I ActivityManager: Changes in 10243 19 to 8, 0 to 128
06-23 22:49:10.884  1909  1935 I ActivityManager: Changes in 10243 8 to 10, 128 to 0
06-23 22:49:10.980  1909  2065 I ActivityManager: Changes in 10243 19 to 8, 0 to 128
06-23 22:49:11.455  1909  2749 I ActivityManager: Changes in 10243 8 to 10, 128 to 0
06-23 22:49:11.460  1909  4356 I ActivityManager: Changes in 10250 8 to 10, 128 to 0
06-23 22:49:11.462  1909  4356 I ActivityManager: Killing 19000:com.sec.android.gallery3d/u0a124 (adj 905): empty #25
06-23 22:49:12.071  1909  2065 I ActivityManager: Changes in 10095 19 to 8, 0 to 128
06-23 22:49:12.084  1909  2749 I ActivityManager: Changes in 10095 8 to 10, 128 to 0
06-23 22:49:12.960  1909  1972 I ActivityManager: Changes in 10096 19 to 11, 0 to 128
06-23 22:49:12.971  1909  2749 I ActivityManager: Changes in 10096 11 to 19, 128 to 0
06-23 22:49:13.292  1909  1971 I ActivityManager: Changes in 10055 3 to 15, 144 to 0
06-23 22:49:13.861  1909  1971 I ActivityManager: Changes in 10056 8 to 5, 128 to 144
06-23 22:49:13.884  1909  1973 I ActivityManager: Start proc 20578:com.osp.app.signin/u0a117 for content provider {com.osp.app.signin/com.samsung.android.samsungaccount.place.db.PlaceProvider}
06-23 22:49:13.885  1909  1973 I ActivityManager: ProcessObserver broadcast disabled
06-23 22:49:13.919  1909  2187 I ActivityManager: Changes in 10254 8 to 10, 128 to 0
06-23 22:49:13.940  1909  1933 I ActivityManager: Killing 18584:com.ss.android.ugc.trill/u0a388 (adj 905): empty #25
06-23 22:49:14.353  1909  2867 I ActivityManager: Changes in 10117 10 to 8, 0 to 128
06-23 22:49:14.364  1909  2065 I ActivityManager: Changes in 10120 10 to 8, 0 to 128
06-23 22:49:14.368  1909  2065 I ActivityManager: Changes in 10116 19 to 8, 0 to 128
06-23 22:49:14.424  1909  2867 I ActivityManager: Changes in 10117 8 to 10, 128 to 0
06-23 22:49:14.435  1909  2749 I ActivityManager: Changes in 10117 10 to 8, 0 to 128
06-23 22:49:14.447  1909  3698 I ActivityManager: Changes in 10120 8 to 10, 128 to 0
06-23 22:49:14.464  1909  1909 I ActivityManager: Changes in 10117 8 to 10, 128 to 0
06-23 22:49:14.866  1909  2749 I ActivityManager: Changes in 10117 19 to 6, 0 to 128
06-23 22:49:16.747  1909  1971 I ActivityManager: Changes in 10242 5 to 15, 144 to 0
06-23 22:49:17.490  1909  2057 I ActivityManager: Changes in 10116 8 to 10, 128 to 0
06-23 22:49:18.865  1909  2065 I ActivityManager: Changes in 10119 19 to 8, 0 to 128
06-23 22:49:18.891  1909  2749 I ActivityManager: Changes in 10119 8 to 10, 128 to 0
06-23 22:49:18.955  1909  2749 I ActivityManager: Changes in 10119 19 to 8, 0 to 128
06-23 22:49:19.597  1909  2187 I ActivityManager: Changes in 10119 8 to 10, 128 to 0
06-23 22:49:19.957  1909  1971 I ActivityManager: Changes in 10056 5 to 6, 144 to 128
06-23 22:49:20.892  1909  1971 I ActivityManager: Changes in 10117 6 to 15, 128 to 0
06-23 22:49:20.893  1909  1971 I ActivityManager: Changes in 10056 6 to 10, 128 to 0
06-23 22:49:23.866  1909  2065 I ActivityManager: Changes in 10120 10 to 8, 0 to 128
06-23 22:49:23.876  1909  2065 I ActivityManager: Changes in 10119 19 to 8, 0 to 128
06-23 22:49:23.876  1909  2065 I ActivityManager: Changes in 10056 15 to 8, 0 to 128
06-23 22:49:23.943  1909  2803 I ActivityManager: Changes in 10120 8 to 10, 128 to 0
06-23 22:49:23.993  1909  3698 I ActivityManager: Changes in 10119 8 to 10, 128 to 0
06-23 22:49:23.993  1909  3698 I ActivityManager: Changes in 10056 8 to 10, 128 to 0
06-23 22:49:28.761  1909  2803 I ActivityManager: Changes in 10214 8 to 10, 128 to 0
06-23 22:49:29.057  1909  3698 I ActivityManager: Changes in 99215 3 to 10, 184 to 0
06-23 22:49:29.058  1909  3698 I ActivityManager: Changes in 10251 3 to 10, 184 to 0
06-23 22:49:29.070  1909  2867 I ActivityManager: Killing 19313:com.google.android.rkpdapp/u0a348 (adj 905): empty #25
06-23 22:49:29.074  1909  2867 I ActivityManager: Killing 14534:com.samsung.android.privacydashboard/u0a107 (adj 905): empty #26
06-23 22:49:29.081  1909  2867 I ActivityManager: Killing 19025:com.samsung.cmh/5004 (adj 905): empty #25
06-23 22:49:29.082  1909  2867 I ActivityManager: Killing 19559:com.google.android.as.oss/u0a248 (adj 905): empty #26
06-23 22:49:29.082  1909  2867 I ActivityManager: Killing 19507:com.google.android.apps.restore/u0a249 (adj 905): empty #27
06-23 22:49:33.298  1909  1972 I ActivityManager: Killing 18734:com.sec.android.provider.badge/u0a55 (adj 905): empty #25
06-23 22:49:35.089  1909  1972 I ActivityManager: Killing 19528:com.lguplus.appstore/u0a99 (adj 905): empty #25
06-23 22:49:36.750  1909  1972 I ActivityManager: Killing 19705:com.samsung.android.intellivoiceservice/u0a121 (adj 905): empty #25
06-23 22:49:37.756  1909  1972 I ActivityManager: Killing 19847:com.samsung.android.networkdiagnostic/5023 (adj 905): empty #25
06-23 22:49:38.564  1909  4227 I ActivityManager: Changes in 10094 5 to 10, 184 to 0
06-23 22:49:38.568  1909  2749 I ActivityManager: Killing 19688:com.microsoft.appmanager/u0a151 (adj 905): empty #25
06-23 22:49:40.893  1909  1972 I ActivityManager: Killing 19939:com.samsung.android.app.routines/u0a53 (adj 905): empty #25
06-23 22:49:43.901  1909  4225 I ActivityManager: Changes in 99215 10 to 3, 0 to 184
06-23 22:49:43.906  1909  2224 I ActivityManager: Changes in 10056 15 to 5, 0 to 144
06-23 22:49:49.972  1909  1971 I ActivityManager: Changes in 10056 5 to 15, 144 to 0
06-23 22:49:58.992  1909  2224 I ActivityManager: Changes in 99215 3 to 10, 184 to 0
06-23 22:50:01.816  1909  2065 I ActivityManager: Changes in 10251 19 to 8, 0 to 128
06-23 22:50:01.846  1909  2187 I ActivityManager: Changes in 99215 19 to 8, 0 to 128
06-23 22:50:01.864  1909  4225 I ActivityManager: Changes in 10056 15 to 8, 0 to 128
06-23 22:50:02.237  1909  2187 I ActivityManager: Changes in 99215 8 to 10, 128 to 0
06-23 22:50:02.238  1909  2187 I ActivityManager: Changes in 10056 8 to 10, 128 to 0
06-23 22:50:04.250  1909  4225 I ActivityManager: Changes in 10251 8 to 10, 128 to 0
06-23 22:50:14.416  1909  2224 I ActivityManager: Killing 20122:com.samsung.android.app.telephonyui/1001 (adj 905): empty #25
06-23 22:50:21.937  1909  1972 I ActivityManager: Changes in 10096 19 to 11, 0 to 128
06-23 22:50:21.942  1909  4227 I ActivityManager: Changes in 10096 11 to 19, 128 to 0
06-23 22:50:29.076  1909  2065 I ActivityManager: Changes in 10251 19 to 8, 0 to 128
06-23 22:50:29.149  1909  2187 I ActivityManager: Changes in 99215 19 to 8, 0 to 128
06-23 22:50:29.160  1909  4227 I ActivityManager: Changes in 10056 19 to 8, 0 to 128
06-23 22:50:29.415  1909  2187 I ActivityManager: Changes in 99215 8 to 10, 128 to 0
06-23 22:50:29.416  1909  2187 I ActivityManager: Changes in 10056 8 to 10, 128 to 0
06-23 22:50:30.090  1909  4226 I ActivityManager: Changes in 10251 8 to 10, 128 to 0
06-23 22:50:41.357  1909  1973 I ActivityManager: Start proc 20775:com.samsung.android.sm.provider/1000 for content provider {com.samsung.android.lool/com.samsung.android.sm.database.SmProvider}
06-23 22:50:41.357  1909  1973 I ActivityManager: ProcessObserver broadcast disabled
06-23 22:50:46.686  1909  2187 I ActivityManager: Changes in 99215 19 to 8, 0 to 128
06-23 22:50:46.701  1909  4227 I ActivityManager: Changes in 10056 19 to 8, 0 to 128
06-23 22:50:46.784  1909  1973 I ActivityManager: Start proc 20794:com.google.android.setupwizard/u0a279 for service {com.google.android.setupwizard/com.google.android.setupwizard.notification.SetupNotificationService}
06-23 22:50:46.784  1909  1973 I ActivityManager: ProcessObserver broadcast disabled
06-23 22:50:47.006  1909  4225 I ActivityManager: Changes in 10279 19 to 8, 0 to 128
06-23 22:50:47.051  1909  4226 I ActivityManager: Changes in 10279 8 to 10, 128 to 0
06-23 22:50:47.244  1909  2187 I ActivityManager: Changes in 99215 8 to 10, 128 to 0
06-23 22:50:47.245  1909  2187 I ActivityManager: Changes in 10056 8 to 10, 128 to 0
06-23 22:50:47.251  1909  4225 I ActivityManager: Killing 19982:com.google.android.tts/u0a260 (adj 905): empty #25
06-23 22:51:07.541  1909  1972 I ActivityManager: Killing 12894:com.samsung.android.scpm/5009 (adj 905): empty #25
06-23 22:51:08.825  1909  1973 I ActivityManager: Start proc 20820:com.samsung.android.scpm/5009 for content provider {com.samsung.android.scpm/com.samsung.scsp.common.ScpmProvider}
06-23 22:51:08.825  1909  1973 I ActivityManager: ProcessObserver broadcast disabled
06-23 22:51:08.959  1909  3174 I ActivityManager: Changes in 5009 19 to 5, 0 to 144
06-23 22:51:08.971  1909  3174 I ActivityManager: Changes in 10117 19 to 5, 0 to 144
06-23 22:51:15.030  1909  1971 I ActivityManager: Changes in 10117 5 to 15, 144 to 0
06-23 22:51:16.719  1909  2720 I ActivityManager: Changes in 99221 6 to 3, 0 to 184
06-23 22:51:16.719  1909  2720 I ActivityManager: Changes in 10275 6 to 2, 0 to 255
06-23 22:51:16.719  1909  2720 I ActivityManager: Changes in 10266 19 to 19, 0 to 128
06-23 22:51:17.134  1909  1965 I ActivityManager: Changes in 99221 3 to 6, 184 to 128
06-23 22:51:17.134  1909  1965 I ActivityManager: Changes in 10275 2 to 6, 255 to 128
06-23 22:51:17.155  1909  3698 I ActivityManager: Changes in 99221 6 to 6, 128 to 0
06-23 22:51:17.155  1909  3698 I ActivityManager: Changes in 10275 6 to 6, 128 to 0
06-23 22:51:17.155  1909  3698 I ActivityManager: Changes in 10266 17 to 17, 128 to 0
06-23 22:51:17.334  1909  1972 I ActivityManager: Changes in 99215 6 to 6, 0 to 128
06-23 22:51:17.336  1909  2720 I ActivityManager: Changes in 99215 6 to 6, 128 to 0
06-23 22:51:19.080  1909  2720 I ActivityManager: Changes in 99215 6 to 3, 0 to 184
06-23 22:51:19.495  1909  1973 I ActivityManager: Start proc 21061:com.google.android.googlequicksearchbox:search/u0a253 for service {com.google.android.googlequicksearchbox/com.google.apps.tiktok.account.data.manager.AccountSyncService}
06-23 22:51:19.495  1909  1973 I ActivityManager: ProcessObserver broadcast disabled
06-23 22:51:20.692  1909  1965 I ActivityManager: Changes in 10266 17 to 17, 0 to 128
06-23 22:51:21.065  1909  3698 I ActivityManager: Changes in 99215 3 to 6, 184 to 0
06-23 22:51:21.079  1909  1933 I ActivityManager: Changes in 99215 6 to 6, 0 to 128
06-23 22:51:21.916  1909  2720 I ActivityManager: Changes in 99215 6 to 3, 128 to 184
06-23 22:51:23.730  1909  2720 I ActivityManager: Changes in 99215 3 to 6, 184 to 0
06-23 22:51:23.746  1909  2720 I ActivityManager: Changes in 99215 6 to 6, 0 to 128
06-23 22:51:25.125  1909  4227 I ActivityManager: Changes in 99215 6 to 3, 128 to 184
06-23 22:51:28.246  1909  1971 I ActivityManager: Changes in 5009 5 to 15, 144 to 0
06-23 22:51:28.711  1909  1933 I ActivityManager: Process com.samsung.android.spay (pid 29496) has died: cch+95 SVC (290,1879)
06-23 22:51:28.712  1909  1933 W ActivityManager: Scheduling restart of crashed service com.samsung.android.spay/com.ubivelox.hcesupport.library.internal.service.ApduService in 1000ms for start-requested
06-23 22:51:28.713  1909  1933 W ActivityManager: Scheduling restart of crashed service com.samsung.android.spay/.wearablewallet.lcm.WatchLongLifeLog in 11000ms for start-requested
06-23 22:51:29.748  1909  1973 I ActivityManager: Start proc 21180:com.samsung.android.spay/u0a333 for service {com.samsung.android.spay/com.ubivelox.hcesupport.library.internal.service.ApduService}
06-23 22:51:29.749  1909  1973 I ActivityManager: ProcessObserver broadcast disabled
06-23 22:51:31.272  1909  1973 I ActivityManager: Start proc 21293:com.sec.android.provider.badge/u0a55 for broadcast {com.sec.android.provider.badge/com.sec.android.provider.badge.BadgeCountReceiver}
06-23 22:51:31.272  1909  1973 I ActivityManager: ProcessObserver broadcast disabled
06-23 22:51:31.341  1909  2537 I ActivityManager: Changes in 10055 19 to 11, 0 to 128
06-23 22:51:31.374  1909  2537 I ActivityManager: Changes in 10055 11 to 3, 128 to 144
06-23 22:51:31.392  1909  1973 I ActivityManager: Start proc 21316:com.samsung.android.app.watchmanager:remote/u0a327 for service {com.samsung.android.app.watchmanager/com.samsung.android.app.twatchmanager.plugininfoservice.PluginInfoProvideService}
06-23 22:51:31.392  1909  1973 I ActivityManager: ProcessObserver broadcast disabled
06-23 22:51:31.560  1909  1973 I ActivityManager: Start proc 21379:com.samsung.android.app.watchmanager:contentprovider/u0a327 for content provider {com.samsung.android.app.watchmanager/com.samsung.android.app.twatchmanager.contentprovider.BaseContentProvider}
06-23 22:51:31.560  1909  1973 I ActivityManager: ProcessObserver broadcast disabled
06-23 22:51:31.742  1909  4407 I ActivityManager: Killing 20170:com.android.providers.calendar/u0a115 (adj 985): empty #25
06-23 22:51:33.013  1909  1973 I ActivityManager: Start proc 21407:com.arcfire.online/u0a1067 for activelaunch {com.arcfire.online/com.arcfire.online.MainActivity}
06-23 22:51:33.013  1909  1973 I ActivityManager: ProcessObserver broadcast disabled
06-23 22:51:34.195  1909  2769 I ActivityManager: Changes in 11067 19 to 2, 0 to 255
06-23 22:51:34.440  1909  1965 I ActivityManager: Changes in 10147 2 to 5, 255 to 184
06-23 22:51:35.030  1909  1972 I ActivityManager: Killing 19102:com.samsung.faceservice/5004 (adj 985): empty #25
06-23 22:51:37.385  1909  1971 I ActivityManager: Changes in 10055 5 to 15, 144 to 0
06-23 22:51:44.614  1909  2867 I ActivityManager: Changes in 99215 3 to 6, 184 to 128
06-23 22:51:48.248  1909  1972 I ActivityManager: Killing 20373:com.samsung.android.game.gos/u0a76 (adj 985): empty #25
06-23 22:51:49.499  1909  4342 I ActivityManager: Changes in 99215 6 to 6, 128 to 0
06-23 22:51:49.854  1909  2065 I ActivityManager: Changes in 10095 19 to 8, 0 to 128
06-23 22:51:49.873  1909  2867 I ActivityManager: Changes in 10095 8 to 10, 128 to 0
06-23 22:51:57.390  1909  1972 I ActivityManager: Killing 15746:com.samsung.android.dqagent/1000 (adj 985): empty #25
06-23 22:52:40.094 21407 21521 W ReactNativeJS: 'This method is deprecated (as well as all React Native Firebase namespaced API) and will be removed in the next major release as part of move to match Firebase Web modular SDK API. Please see migration guide for more details: https://rnfirebase.io/migrating-to-v22 Please use `getApp()` instead.', { [Component Stack] name: 'Component Stack' }
06-23 22:52:40.116 21407 21521 W ReactNativeJS: 'This method is deprecated (as well as all React Native Firebase namespaced API) and will be removed in the next major release as part of move to match Firebase Web modular SDK API. Please see migration guide for more details: https://rnfirebase.io/migrating-to-v22 Please use `getApp()` instead.', { [Component Stack] name: 'Component Stack' }
06-23 22:52:40.135 21407 21521 W ReactNativeJS: 'This method is deprecated (as well as all React Native Firebase namespaced API) and will be removed in the next major release as part of move to match Firebase Web modular SDK API. Please see migration guide for more details: https://rnfirebase.io/migrating-to-v22. Method called was `settings`. Please use `settings()` instead.', { [Component Stack] name: 'Component Stack' }
06-23 22:52:40.157 21407 21521 W ReactNativeJS: 'This method is deprecated (as well as all React Native Firebase namespaced API) and will be removed in the next major release as part of move to match Firebase Web modular SDK API. Please see migration guide for more details: https://rnfirebase.io/migrating-to-v22 Please use `getApp()` instead.', { [Component Stack] name: 'Component Stack' }
06-23 22:52:40.174 21407 21521 W ReactNativeJS: 'This method is deprecated (as well as all React Native Firebase namespaced API) and will be removed in the next major release as part of move to match Firebase Web modular SDK API. Please see migration guide for more details: https://rnfirebase.io/migrating-to-v22. Method called was `logEvent`. Please use `logEvent()` instead.', { [Component Stack] name: 'Component Stack' }
06-23 22:52:40.297  1909  4407 I ActivityManager: Changes in 99215 6 to 3, 0 to 184
06-23 22:52:40.549 21407 21521 W ReactNativeJS: This method is deprecated (as well as all React Native Firebase namespaced API) and will be removed in the next major release as part of move to match Firebase Web modular SDK API. Please see migration guide for more details: https://rnfirebase.io/migrating-to-v22. Method called was `FieldValue`. Please use `FieldValue` instead.
06-23 22:52:40.549 21407 21521 W ReactNativeJS: This method is deprecated (as well as all React Native Firebase namespaced API) and will be removed in the next major release as part of move to match Firebase Web modular SDK API. Please see migration guide for more details: https://rnfirebase.io/migrating-to-v22. Method called was `delete`. Please use `deleteField()` instead.
06-23 22:52:40.550 21407 21521 W ReactNativeJS: This method is deprecated (as well as all React Native Firebase namespaced API) and will be removed in the next major release as part of move to match Firebase Web modular SDK API. Please see migration guide for more details: https://rnfirebase.io/migrating-to-v22. Method called was `FieldValue`. Please use `FieldValue` instead.
06-23 22:52:40.551 21407 21521 W ReactNativeJS: This method is deprecated (as well as all React Native Firebase namespaced API) and will be removed in the next major release as part of move to match Firebase Web modular SDK API. Please see migration guide for more details: https://rnfirebase.io/migrating-to-v22. Method called was `serverTimestamp`. Please use `serverTimestamp()` instead.
06-23 22:52:44.242 21407 21521 W ReactNativeJS: This method is deprecated (as well as all React Native Firebase namespaced API) and will be removed in the next major release as part of move to match Firebase Web modular SDK API. Please see migration guide for more details: https://rnfirebase.io/migrating-to-v22. Method called was `FieldValue`. Please use `FieldValue` instead.
06-23 22:52:44.242 21407 21521 W ReactNativeJS: This method is deprecated (as well as all React Native Firebase namespaced API) and will be removed in the next major release as part of move to match Firebase Web modular SDK API. Please see migration guide for more details: https://rnfirebase.io/migrating-to-v22. Method called was `delete`. Please use `deleteField()` instead.
06-23 22:52:44.242 21407 21521 W ReactNativeJS: This method is deprecated (as well as all React Native Firebase namespaced API) and will be removed in the next major release as part of move to match Firebase Web modular SDK API. Please see migration guide for more details: https://rnfirebase.io/migrating-to-v22. Method called was `FieldValue`. Please use `FieldValue` instead.
06-23 22:52:44.242 21407 21521 W ReactNativeJS: This method is deprecated (as well as all React Native Firebase namespaced API) and will be removed in the next major release as part of move to match Firebase Web modular SDK API. Please see migration guide for more details: https://rnfirebase.io/migrating-to-v22. Method called was `serverTimestamp`. Please use `serverTimestamp()` instead.
06-23 22:52:50.384  1909  2769 I ActivityManager: Changes in 99215 3 to 6, 184 to 0
06-23 22:53:27.225 21407 21521 E ReactNativeJS: { [Error: TransformError SyntaxError: D:\arcfire20260607\app\(game)\worldmap.tsx: Identifier 'worldmapInternalNavRef' has already been declared. (238:8)
06-23 22:53:27.225 21407 21521 E ReactNativeJS: 
06-23 22:53:27.225 21407 21521 E ReactNativeJS: [0m [90m 236 |[39m   [36mconst[39m scrollGesturesArmedRef [33m=[39m useRef([36mfalse[39m)[33m;[39m
06-23 22:53:27.225 21407 21521 E ReactNativeJS:  [90m 237 |[39m   [90m/** combat/planet replace 시 blur finalize 오작동 방지 */[39m
06-23 22:53:27.225 21407 21521 E ReactNativeJS: [31m[1m>[22m[39m[90m 238 |[39m   [36mconst[39m worldmapInternalNavRef [33m=[39m useRef([36mfalse[39m)[33m;[39m
06-23 22:53:27.225 21407 21521 E ReactNativeJS:  [90m     |[39m         [31m[1m^[22m[39m
06-23 22:53:27.225 21407 21521 E ReactNativeJS:  [90m 239 |[39m
06-23 22:53:27.225 21407 21521 E ReactNativeJS:  [90m 240 |[39m   [36mconst[39m settleTransitWait [33m=[39m useCallback((finished[33m:[39m boolean) [33m=>[39m {
06-23 22:53:27.225 21407 21521 E ReactNativeJS:  [90m 241 |[39m     [36mif[39m (transitFallbackTimerRef[33m.[39mcurrent) {[0m] preventSymbolication: true }
06-23 22:56:27.910  1909  4407 I ActivityManager: Killing 20246:com.google.android.partnersetup/u0a243 (adj 975): empty #25
06-23 22:56:27.912  1909  4407 I ActivityManager: Killing 19710:com.skt.skaf.OA00018282/u0a104 (adj 975): empty #26
06-23 22:56:54.802 21407 21521 W ReactNativeJS: This method is deprecated (as well as all React Native Firebase namespaced API) and will be removed in the next major release as part of move to match Firebase Web modular SDK API. Please see migration guide for more details: https://rnfirebase.io/migrating-to-v22. Method called was `FieldValue`. Please use `FieldValue` instead.
06-23 22:56:54.802 21407 21521 W ReactNativeJS: This method is deprecated (as well as all React Native Firebase namespaced API) and will be removed in the next major release as part of move to match Firebase Web modular SDK API. Please see migration guide for more details: https://rnfirebase.io/migrating-to-v22. Method called was `delete`. Please use `deleteField()` instead.
06-23 22:56:54.802 21407 21521 W ReactNativeJS: This method is deprecated (as well as all React Native Firebase namespaced API) and will be removed in the next major release as part of move to match Firebase Web modular SDK API. Please see migration guide for more details: https://rnfirebase.io/migrating-to-v22. Method called was `FieldValue`. Please use `FieldValue` instead.
06-23 22:56:54.803 21407 21521 W ReactNativeJS: This method is deprecated (as well as all React Native Firebase namespaced API) and will be removed in the next major release as part of move to match Firebase Web modular SDK API. Please see migration guide for more details: https://rnfirebase.io/migrating-to-v22. Method called was `serverTimestamp`. Please use `serverTimestamp()` instead.
06-23 22:57:28.182  1909  2065 I ActivityManager: Changes in 99215 19 to 8, 0 to 128
06-23 22:57:28.286  1909  2749 I ActivityManager: Changes in 99215 8 to 10, 128 to 0
06-23 22:57:28.592  1909  1972 I ActivityManager: Changes in 99215 19 to 11, 0 to 128
06-23 22:57:28.619  1909  4225 I ActivityManager: Changes in 99215 11 to 19, 128 to 0
06-23 22:57:59.973 21407 21777 W ReactNativeJS: 'This method is deprecated (as well as all React Native Firebase namespaced API) and will be removed in the next major release as part of move to match Firebase Web modular SDK API. Please see migration guide for more details: https://rnfirebase.io/migrating-to-v22 Please use `getApp()` instead.', { [Component Stack] name: 'Component Stack' }
06-23 22:57:59.992 21407 21777 W ReactNativeJS: 'This method is deprecated (as well as all React Native Firebase namespaced API) and will be removed in the next major release as part of move to match Firebase Web modular SDK API. Please see migration guide for more details: https://rnfirebase.io/migrating-to-v22 Please use `getApp()` instead.', { [Component Stack] name: 'Component Stack' }
06-23 22:58:00.010 21407 21777 W ReactNativeJS: 'This method is deprecated (as well as all React Native Firebase namespaced API) and will be removed in the next major release as part of move to match Firebase Web modular SDK API. Please see migration guide for more details: https://rnfirebase.io/migrating-to-v22. Method called was `settings`. Please use `settings()` instead.', { [Component Stack] name: 'Component Stack' }
06-23 22:58:00.029 21407 21777 W ReactNativeJS: 'This method is deprecated (as well as all React Native Firebase namespaced API) and will be removed in the next major release as part of move to match Firebase Web modular SDK API. Please see migration guide for more details: https://rnfirebase.io/migrating-to-v22 Please use `getApp()` instead.', { [Component Stack] name: 'Component Stack' }
06-23 22:58:00.044 21407 21777 W ReactNativeJS: 'This method is deprecated (as well as all React Native Firebase namespaced API) and will be removed in the next major release as part of move to match Firebase Web modular SDK API. Please see migration guide for more details: https://rnfirebase.io/migrating-to-v22. Method called was `logEvent`. Please use `logEvent()` instead.', { [Component Stack] name: 'Component Stack' }
06-23 22:58:00.065  1909  3606 I ActivityManager: Changes in 99215 19 to 3, 0 to 184
06-23 22:58:00.328 21407 21777 W ReactNativeJS: This method is deprecated (as well as all React Native Firebase namespaced API) and will be removed in the next major release as part of move to match Firebase Web modular SDK API. Please see migration guide for more details: https://rnfirebase.io/migrating-to-v22. Method called was `FieldValue`. Please use `FieldValue` instead.
06-23 22:58:00.328 21407 21777 W ReactNativeJS: This method is deprecated (as well as all React Native Firebase namespaced API) and will be removed in the next major release as part of move to match Firebase Web modular SDK API. Please see migration guide for more details: https://rnfirebase.io/migrating-to-v22. Method called was `delete`. Please use `deleteField()` instead.
06-23 22:58:00.329 21407 21777 W ReactNativeJS: This method is deprecated (as well as all React Native Firebase namespaced API) and will be removed in the next major release as part of move to match Firebase Web modular SDK API. Please see migration guide for more details: https://rnfirebase.io/migrating-to-v22. Method called was `FieldValue`. Please use `FieldValue` instead.
06-23 22:58:00.330 21407 21777 W ReactNativeJS: This method is deprecated (as well as all React Native Firebase namespaced API) and will be removed in the next major release as part of move to match Firebase Web modular SDK API. Please see migration guide for more details: https://rnfirebase.io/migrating-to-v22. Method called was `serverTimestamp`. Please use `serverTimestamp()` instead.
06-23 22:58:03.764 21407 21777 W ReactNativeJS: This method is deprecated (as well as all React Native Firebase namespaced API) and will be removed in the next major release as part of move to match Firebase Web modular SDK API. Please see migration guide for more details: https://rnfirebase.io/migrating-to-v22. Method called was `FieldValue`. Please use `FieldValue` instead.
06-23 22:58:03.764 21407 21777 W ReactNativeJS: This method is deprecated (as well as all React Native Firebase namespaced API) and will be removed in the next major release as part of move to match Firebase Web modular SDK API. Please see migration guide for more details: https://rnfirebase.io/migrating-to-v22. Method called was `delete`. Please use `deleteField()` instead.
06-23 22:58:03.764 21407 21777 W ReactNativeJS: This method is deprecated (as well as all React Native Firebase namespaced API) and will be removed in the next major release as part of move to match Firebase Web modular SDK API. Please see migration guide for more details: https://rnfirebase.io/migrating-to-v22. Method called was `FieldValue`. Please use `FieldValue` instead.
06-23 22:58:03.765 21407 21777 W ReactNativeJS: This method is deprecated (as well as all React Native Firebase namespaced API) and will be removed in the next major release as part of move to match Firebase Web modular SDK API. Please see migration guide for more details: https://rnfirebase.io/migrating-to-v22. Method called was `serverTimestamp`. Please use `serverTimestamp()` instead.
06-23 22:58:10.139  1909  3606 I ActivityManager: Changes in 99215 3 to 10, 184 to 0
06-23 22:58:14.234  1909  2410 I ActivityManager: Killing 19177:com.android.vending:background/u0a251 (adj 935): Chimera #0
06-23 22:58:14.235  1909  2410 W ActivityManager: Scheduling restart of crashed service com.android.vending/com.google.android.finsky.multiusercoordinator.MultiUserCoordinatorService in 1000ms for connection
06-23 22:58:14.236  1909  2410 I ActivityManager: Killing 18906:com.android.vending/u0a251 (adj 935): Chimera #0
06-23 22:58:14.239  1909  2410 I ActivityManager: Killing 20136:com.android.vending:quick_launch/u0a251 (adj 945): Chimera #0
06-23 23:00:42.501  1909  1973 I ActivityManager: Start proc 22005:com.samsung.android.dqagent/1000 for broadcast {com.samsung.android.dqagent/com.samsung.android.dqagent.receiver.DQADataReceiver}
06-23 23:00:42.501  1909  1973 I ActivityManager: ProcessObserver broadcast disabled
06-23 23:02:02.015 21407 21777 W ReactNativeJS: This method is deprecated (as well as all React Native Firebase namespaced API) and will be removed in the next major release as part of move to match Firebase Web modular SDK API. Please see migration guide for more details: https://rnfirebase.io/migrating-to-v22. Method called was `FieldValue`. Please use `FieldValue` instead.
06-23 23:02:02.015 21407 21777 W ReactNativeJS: This method is deprecated (as well as all React Native Firebase namespaced API) and will be removed in the next major release as part of move to match Firebase Web modular SDK API. Please see migration guide for more details: https://rnfirebase.io/migrating-to-v22. Method called was `delete`. Please use `deleteField()` instead.
06-23 23:02:02.016 21407 21777 W ReactNativeJS: This method is deprecated (as well as all React Native Firebase namespaced API) and will be removed in the next major release as part of move to match Firebase Web modular SDK API. Please see migration guide for more details: https://rnfirebase.io/migrating-to-v22. Method called was `FieldValue`. Please use `FieldValue` instead.
06-23 23:02:02.016 21407 21777 W ReactNativeJS: This method is deprecated (as well as all React Native Firebase namespaced API) and will be removed in the next major release as part of move to match Firebase Web modular SDK API. Please see migration guide for more details: https://rnfirebase.io/migrating-to-v22. Method called was `serverTimestamp`. Please use `serverTimestamp()` instead.
06-23 23:03:48.106  1909  1972 I ActivityManager: Changes in 10096 19 to 11, 0 to 128
06-23 23:03:48.125  1909  2537 I ActivityManager: Changes in 99215 19 to 5, 0 to 184
06-23 23:03:58.116  1909  2065 I ActivityManager: Changes in 10096 19 to 19, 128 to 0
06-23 23:04:03.026 21407 21777 W ReactNativeJS: This method is deprecated (as well as all React Native Firebase namespaced API) and will be removed in the next major release as part of move to match Firebase Web modular SDK API. Please see migration guide for more details: https://rnfirebase.io/migrating-to-v22. Method called was `FieldValue`. Please use `FieldValue` instead.
06-23 23:04:03.028 21407 21777 W ReactNativeJS: This method is deprecated (as well as all React Native Firebase namespaced API) and will be removed in the next major release as part of move to match Firebase Web modular SDK API. Please see migration guide for more details: https://rnfirebase.io/migrating-to-v22. Method called was `delete`. Please use `deleteField()` instead.
06-23 23:04:03.030 21407 21777 W ReactNativeJS: This method is deprecated (as well as all React Native Firebase namespaced API) and will be removed in the next major release as part of move to match Firebase Web modular SDK API. Please see migration guide for more details: https://rnfirebase.io/migrating-to-v22. Method called was `FieldValue`. Please use `FieldValue` instead.
06-23 23:04:03.031 21407 21777 W ReactNativeJS: This method is deprecated (as well as all React Native Firebase namespaced API) and will be removed in the next major release as part of move to match Firebase Web modular SDK API. Please see migration guide for more details: https://rnfirebase.io/migrating-to-v22. Method called was `serverTimestamp`. Please use `serverTimestamp()` instead.
06-23 23:04:03.193  1909  2537 I ActivityManager: Changes in 99215 5 to 10, 184 to 0
06-23 23:06:30.739 21407 21777 W ReactNativeJS: This method is deprecated (as well as all React Native Firebase namespaced API) and will be removed in the next major release as part of move to match Firebase Web modular SDK API. Please see migration guide for more details: https://rnfirebase.io/migrating-to-v22. Method called was `FieldValue`. Please use `FieldValue` instead.
06-23 23:06:30.740 21407 21777 W ReactNativeJS: This method is deprecated (as well as all React Native Firebase namespaced API) and will be removed in the next major release as part of move to match Firebase Web modular SDK API. Please see migration guide for more details: https://rnfirebase.io/migrating-to-v22. Method called was `delete`. Please use `deleteField()` instead.
06-23 23:06:30.740 21407 21777 W ReactNativeJS: This method is deprecated (as well as all React Native Firebase namespaced API) and will be removed in the next major release as part of move to match Firebase Web modular SDK API. Please see migration guide for more details: https://rnfirebase.io/migrating-to-v22. Method called was `FieldValue`. Please use `FieldValue` instead.
06-23 23:06:30.741 21407 21777 W ReactNativeJS: This method is deprecated (as well as all React Native Firebase namespaced API) and will be removed in the next major release as part of move to match Firebase Web modular SDK API. Please see migration guide for more details: https://rnfirebase.io/migrating-to-v22. Method called was `serverTimestamp`. Please use `serverTimestamp()` instead.
06-23 23:06:39.943  1909  1972 I ActivityManager: Changes in 10096 19 to 11, 0 to 128
06-23 23:06:39.952  1909  2870 I ActivityManager: Changes in 10096 11 to 19, 128 to 0
06-23 23:06:39.956  1909  1972 I ActivityManager: Changes in 10108 10 to 10, 0 to 128
06-23 23:06:39.965  1909  2870 I ActivityManager: Changes in 10108 10 to 10, 128 to 0
06-23 23:07:32.376  1909  3606 I ActivityManager: Changes in 99215 19 to 10, 0 to 128
06-23 23:08:00.869  1909  3606 I ActivityManager: Changes in 99215 19 to 10, 128 to 0
06-23 23:10:43.419 21407 21777 W ReactNativeJS: This method is deprecated (as well as all React Native Firebase namespaced API) and will be removed in the next major release as part of move to match Firebase Web modular SDK API. Please see migration guide for more details: https://rnfirebase.io/migrating-to-v22. Method called was `FieldValue`. Please use `FieldValue` instead.
06-23 23:10:43.420 21407 21777 W ReactNativeJS: This method is deprecated (as well as all React Native Firebase namespaced API) and will be removed in the next major release as part of move to match Firebase Web modular SDK API. Please see migration guide for more details: https://rnfirebase.io/migrating-to-v22. Method called was `delete`. Please use `deleteField()` instead.
06-23 23:10:43.421 21407 21777 W ReactNativeJS: This method is deprecated (as well as all React Native Firebase namespaced API) and will be removed in the next major release as part of move to match Firebase Web modular SDK API. Please see migration guide for more details: https://rnfirebase.io/migrating-to-v22. Method called was `FieldValue`. Please use `FieldValue` instead.
06-23 23:10:43.421 21407 21777 W ReactNativeJS: This method is deprecated (as well as all React Native Firebase namespaced API) and will be removed in the next major release as part of move to match Firebase Web modular SDK API. Please see migration guide for more details: https://rnfirebase.io/migrating-to-v22. Method called was `serverTimestamp`. Please use `serverTimestamp()` instead.
06-23 23:12:44.403 21407 21777 W ReactNativeJS: This method is deprecated (as well as all React Native Firebase namespaced API) and will be removed in the next major release as part of move to match Firebase Web modular SDK API. Please see migration guide for more details: https://rnfirebase.io/migrating-to-v22. Method called was `FieldValue`. Please use `FieldValue` instead.
06-23 23:12:44.403 21407 21777 W ReactNativeJS: This method is deprecated (as well as all React Native Firebase namespaced API) and will be removed in the next major release as part of move to match Firebase Web modular SDK API. Please see migration guide for more details: https://rnfirebase.io/migrating-to-v22. Method called was `delete`. Please use `deleteField()` instead.
06-23 23:12:44.404 21407 21777 W ReactNativeJS: This method is deprecated (as well as all React Native Firebase namespaced API) and will be removed in the next major release as part of move to match Firebase Web modular SDK API. Please see migration guide for more details: https://rnfirebase.io/migrating-to-v22. Method called was `FieldValue`. Please use `FieldValue` instead.
06-23 23:12:44.404 21407 21777 W ReactNativeJS: This method is deprecated (as well as all React Native Firebase namespaced API) and will be removed in the next major release as part of move to match Firebase Web modular SDK API. Please see migration guide for more details: https://rnfirebase.io/migrating-to-v22. Method called was `serverTimestamp`. Please use `serverTimestamp()` instead.
06-23 23:16:37.833  1909  1972 I ActivityManager: Changes in 10096 19 to 11, 0 to 128
06-23 23:16:37.837  1909  2870 I ActivityManager: Changes in 10096 11 to 19, 128 to 0
06-23 23:16:48.474  1909  1972 I ActivityManager: Changes in 99215 10 to 10, 0 to 128
06-23 23:16:48.477  1909  2537 I ActivityManager: Changes in 99215 10 to 10, 128 to 0
06-23 23:18:17.137  1909  1973 I ActivityManager: Start proc 22517:com.samsung.android.privacydashboard/u0a107 for content provider {com.samsung.android.privacydashboard/com.samsung.android.privacydashboard.provider.PermissionAccessInformationContentProvider}
06-23 23:18:17.138  1909  1973 I ActivityManager: ProcessObserver broadcast disabled
06-23 23:18:17.332  1909  2870 I ActivityManager: Changes in 10107 19 to 5, 0 to 144
06-23 23:18:23.447  1909  1971 I ActivityManager: Changes in 10107 5 to 15, 144 to 0
06-23 23:22:48.809 21407 21777 W ReactNativeJS: This method is deprecated (as well as all React Native Firebase namespaced API) and will be removed in the next major release as part of move to match Firebase Web modular SDK API. Please see migration guide for more details: https://rnfirebase.io/migrating-to-v22. Method called was `FieldValue`. Please use `FieldValue` instead.
06-23 23:22:48.809 21407 21777 W ReactNativeJS: This method is deprecated (as well as all React Native Firebase namespaced API) and will be removed in the next major release as part of move to match Firebase Web modular SDK API. Please see migration guide for more details: https://rnfirebase.io/migrating-to-v22. Method called was `delete`. Please use `deleteField()` instead.
06-23 23:22:48.809 21407 21777 W ReactNativeJS: This method is deprecated (as well as all React Native Firebase namespaced API) and will be removed in the next major release as part of move to match Firebase Web modular SDK API. Please see migration guide for more details: https://rnfirebase.io/migrating-to-v22. Method called was `FieldValue`. Please use `FieldValue` instead.
06-23 23:22:48.810 21407 21777 W ReactNativeJS: This method is deprecated (as well as all React Native Firebase namespaced API) and will be removed in the next major release as part of move to match Firebase Web modular SDK API. Please see migration guide for more details: https://rnfirebase.io/migrating-to-v22. Method called was `serverTimestamp`. Please use `serverTimestamp()` instead.
06-23 23:23:48.100  1909  1972 I ActivityManager: Changes in 10096 19 to 11, 0 to 128
06-23 23:23:48.122  1909  3606 I ActivityManager: Changes in 99215 19 to 5, 0 to 184
06-23 23:23:58.114  1909  2065 I ActivityManager: Changes in 10096 19 to 19, 128 to 0
06-23 23:24:00.281  1909  1965 I ActivityManager: Changes in 10147 5 to 2, 184 to 255
06-23 23:24:00.903  1909  1965 I ActivityManager: Changes in 11067 2 to 15, 255 to 128
06-23 23:24:01.021  1909  2870 I ActivityManager: Changes in 11067 15 to 15, 128 to 0
06-23 23:24:02.324  1909  2410 I ActivityManager: Killing 20399:com.samsung.android.sm.devicesecurity/u0a214 (adj 965): Chimera #2
06-23 23:24:02.330  1909  2410 I ActivityManager: Killing 19709:com.google.android.apps.tachyon/u0a254 (adj 975): Chimera #2
06-23 23:24:02.884  1909  1973 I ActivityManager: Start proc 22758:com.android.settings/1000 for activelaunch {com.android.settings/com.android.settings.Settings}
06-23 23:24:02.885  1909  1973 I ActivityManager: ProcessObserver broadcast disabled
06-23 23:24:03.265  1909  2749 I ActivityManager: Changes in 10117 19 to 3, 0 to 144
06-23 23:24:03.410  1909  1965 I ActivityManager: Changes in 10147 2 to 5, 255 to 184
06-23 23:24:03.414  1909  4342 I ActivityManager: Changes in 99215 5 to 15, 184 to 0
06-23 23:24:03.427  1909  2803 I ActivityManager: Changes in 99215 15 to 15, 0 to 128
06-23 23:24:03.450  1909  2749 I ActivityManager: Changes in 99215 15 to 15, 128 to 0
06-23 23:24:03.611  1909  1965 I ActivityManager: Killing 15633:com.google.android.webview:sandboxed_process0:org.chromium.content.app.SandboxedProcessService0:2/u0a275i221 (adj 905): remove task
06-23 23:24:03.612  1909  1965 I ActivityManager: Killing 6080:com.eonsoft.ScreenON/u0a275 (adj 915): remove task
06-23 23:24:03.702  1909  1965 W ActivityManager: setHasOverlayUi called on unknown pid: 6080
06-23 23:24:05.044  1909  1973 I ActivityManager: Start proc 22857:com.samsung.android.scloud/5009 for content provider {com.samsung.android.scloud/com.samsung.android.scloud.app.manifest.SCloudStatusProvider}
06-23 23:24:05.044  1909  1973 I ActivityManager: ProcessObserver broadcast disabled
06-23 23:24:06.328  1909  4338 I ActivityManager: Changes in 5009 19 to 5, 0 to 144
06-23 23:24:06.420  1909  4340 I ActivityManager: Changes in 10117 3 to 3, 144 to 184
06-23 23:24:06.986  1909  1965 I ActivityManager: Changes in 99215 15 to 15, 0 to 128
06-23 23:24:07.036  1909  4225 I ActivityManager: Changes in 10117 3 to 3, 184 to 144
06-23 23:24:07.179  1909  1973 I ActivityManager: Start proc 23030:com.samsung.android.sm.devicesecurity/u0a214 for content provider {com.samsung.android.sm.devicesecurity/com.samsung.android.sm.devicesecurity.DeviceSecurityProvider}
06-23 23:24:07.180  1909  1973 I ActivityManager: ProcessObserver broadcast disabled
06-23 23:24:07.192  1909  1973 I ActivityManager: Start proc 23031:com.samsung.android.voc/u0a329 for content provider {com.samsung.android.voc/com.samsung.android.voc.diagnosis.provider.SamsungMembersDiagnosisProvider}
06-23 23:24:07.192  1909  1973 I ActivityManager: ProcessObserver broadcast disabled
06-23 23:24:07.320  1909  1965 I ActivityManager: Changes in 99215 15 to 15, 128 to 0
06-23 23:24:07.351  1909  1965 I ActivityManager: Changes in 99215 15 to 15, 0 to 128
06-23 23:24:07.361  1909  2776 I ActivityManager: Changes in 10214 19 to 3, 0 to 144
06-23 23:24:07.723  1909  2057 I ActivityManager: Changes in 10329 19 to 3, 0 to 144
06-23 23:24:07.729  1909  1973 I ActivityManager: Start proc 23123:com.samsung.cmh/5004 for content provider {com.samsung.cmh/com.samsung.cmh.provider.CMHProvider}
06-23 23:24:07.729  1909  1973 I ActivityManager: ProcessObserver broadcast disabled
06-23 23:24:07.784  1909  1965 I ActivityManager: Changes in 99215 15 to 15, 128 to 0
06-23 23:24:07.787  1909  1965 I ActivityManager: Changes in 99215 15 to 15, 0 to 128
06-23 23:24:07.787  1909  1965 I ActivityManager: Changes in 10117 3 to 15, 144 to 128
06-23 23:24:07.834  1909  4340 I ActivityManager: Changes in 99215 15 to 19, 128 to 0
06-23 23:24:07.834  1909  4340 I ActivityManager: Changes in 10117 15 to 15, 128 to 0
06-23 23:24:07.867  1909  4227 I ActivityManager: Changes in 5004 19 to 5, 0 to 144
06-23 23:24:07.890  1909  2224 I ActivityManager: Changes in 10120 10 to 5, 0 to 144
06-23 23:24:07.918  1909  1973 I ActivityManager: Start proc 23178:com.samsung.android.calendar/u0a222 for content provider {com.samsung.android.calendar/com.samsung.android.libcalendar.platform.samsungcloud.RPCSettingProvider}
06-23 23:24:07.919  1909  1973 I ActivityManager: ProcessObserver broadcast disabled
06-23 23:24:07.978  1909  1973 W ActivityManager: Slow operation: 65ms so far, now at startProcess: done updating battery stats
06-23 23:24:07.978  1909  1973 W ActivityManager: Slow operation: 66ms so far, now at startProcess: building log message
06-23 23:24:07.978  1909  1973 I ActivityManager: Start proc 23183:com.samsung.android.app.notes/u0a326 for content provider {com.samsung.android.app.notes/com.samsung.android.support.senl.nt.app.sync.cloudsettings.callee.NotesSyncRpcProvider}
06-23 23:24:07.978  1909  1973 W ActivityManager: Slow operation: 66ms so far, now at startProcess: starting to update pids map
06-23 23:24:07.978  1909  1973 I ActivityManager: ProcessObserver broadcast disabled
06-23 23:24:07.978  1909  1973 W ActivityManager: Slow operation: 66ms so far, now at startProcess: done updating pids map
06-23 23:24:07.978  1909  1973 W ActivityManager: Slow operation: 63ms so far, now at startProcess: asking zygote to start proc
06-23 23:24:07.980  1909  4227 I ActivityManager: Changes in 10117 15 to 5, 0 to 144
06-23 23:24:08.006  1909  1973 W ActivityManager: Slow operation: 90ms so far, now at startProcess: returned from zygote!
06-23 23:24:08.023  1909  1973 W ActivityManager: Slow operation: 107ms so far, now at startProcess: done updating battery stats
06-23 23:24:08.023  1909  1973 W ActivityManager: Slow operation: 108ms so far, now at startProcess: building log message
06-23 23:24:08.023  1909  1973 I ActivityManager: Start proc 23205:com.sec.android.app.shealth:remote/u0a328 for content provider {com.sec.android.app.shealth/com.samsung.android.service.health.server.SCloudSettingProvider}
06-23 23:24:08.023  1909  1973 W ActivityManager: Slow operation: 108ms so far, now at startProcess: starting to update pids map
06-23 23:24:08.025  1909  1973 I ActivityManager: ProcessObserver broadcast disabled
06-23 23:24:08.025  1909  1973 W ActivityManager: Slow operation: 110ms so far, now at startProcess: done updating pids map
06-23 23:24:08.025  1909  1973 W ActivityManager: Slow operation: 96ms so far, now at startProcess: asking zygote to start proc
06-23 23:24:08.045  1909  1973 W ActivityManager: Slow operation: 116ms so far, now at startProcess: returned from zygote!
06-23 23:24:08.046  1909  1973 W ActivityManager: Slow operation: 116ms so far, now at startProcess: done updating battery stats
06-23 23:24:08.046  1909  1973 W ActivityManager: Slow operation: 116ms so far, now at startProcess: building log message
06-23 23:24:08.046  1909  1973 I ActivityManager: Start proc 23222:com.sec.android.app.sbrowser/u0a330 for content provider {com.sec.android.app.sbrowser/com.sec.android.app.sbrowser.sync.SamsungCloudSyncSettingProvider}
06-23 23:24:08.046  1909  1973 W ActivityManager: Slow operation: 116ms so far, now at startProcess: starting to update pids map
06-23 23:24:08.046  1909  1973 I ActivityManager: ProcessObserver broadcast disabled
06-23 23:24:08.046  1909  1973 W ActivityManager: Slow operation: 117ms so far, now at startProcess: done updating pids map
06-23 23:24:08.046  1909  1973 W ActivityManager: Slow operation: 103ms so far, now at startProcess: asking zygote to start proc
06-23 23:24:08.062  1909  1973 W ActivityManager: Slow operation: 118ms so far, now at startProcess: returned from zygote!
06-23 23:24:08.062  1909  1973 W ActivityManager: Slow operation: 119ms so far, now at startProcess: done updating battery stats
06-23 23:24:08.062  1909  1973 W ActivityManager: Slow operation: 119ms so far, now at startProcess: building log message
06-23 23:24:08.062  1909  1973 I ActivityManager: Start proc 23226:com.samsung.android.app.reminder/u0a224 for content provider {com.samsung.android.app.reminder/com.samsung.android.app.reminder.data.sync.CloudConnectionProvider}
06-23 23:24:08.062  1909  1973 W ActivityManager: Slow operation: 119ms so far, now at startProcess: starting to update pids map
06-23 23:24:08.063  1909  1973 I ActivityManager: ProcessObserver broadcast disabled
06-23 23:24:08.064  1909  1973 W ActivityManager: Slow operation: 120ms so far, now at startProcess: done updating pids map
06-23 23:24:08.067  1909  1973 W ActivityManager: Slow operation: 111ms so far, now at startProcess: asking zygote to start proc
06-23 23:24:08.092  1909  1973 W ActivityManager: Slow operation: 136ms so far, now at startProcess: returned from zygote!
06-23 23:24:08.095  1909  1973 W ActivityManager: Slow operation: 138ms so far, now at startProcess: done updating battery stats
06-23 23:24:08.095  1909  1973 W ActivityManager: Slow operation: 138ms so far, now at startProcess: building log message
06-23 23:24:08.095  1909  1973 I ActivityManager: Start proc 23228:com.samsung.android.aremoji/u0a50 for content provider {com.samsung.android.aremoji/com.samsung.android.aremoji.home.sync.SamsungCloudProvider}
06-23 23:24:08.095  1909  1973 W ActivityManager: Slow operation: 138ms so far, now at startProcess: starting to update pids map
06-23 23:24:08.095  1909  1973 I ActivityManager: ProcessObserver broadcast disabled
06-23 23:24:08.095  1909  1973 W ActivityManager: Slow operation: 139ms so far, now at startProcess: done updating pids map
06-23 23:24:08.095  1909  1973 W ActivityManager: Slow operation: 121ms so far, now at startProcess: asking zygote to start proc
06-23 23:24:08.110  1909  1973 W ActivityManager: Slow operation: 136ms so far, now at startProcess: returned from zygote!
06-23 23:24:08.130  1909  1973 W ActivityManager: Slow operation: 155ms so far, now at startProcess: done updating battery stats
06-23 23:24:08.143  1909  1973 W ActivityManager: Slow operation: 168ms so far, now at startProcess: building log message
06-23 23:24:08.143  1909  1973 I ActivityManager: Start proc 23238:com.samsung.android.samsungpass/u0a127 for content provider {com.samsung.android.samsungpass/com.samsung.android.samsungpass.websignin.signindb.SCSyncSettingLibraryProvider}
06-23 23:24:08.143  1909  1973 W ActivityManager: Slow operation: 168ms so far, now at startProcess: starting to update pids map
06-23 23:24:08.144  1909  1973 I ActivityManager: ProcessObserver broadcast disabled
06-23 23:24:08.144  1909  1973 W ActivityManager: Slow operation: 170ms so far, now at startProcess: done updating pids map
06-23 23:24:08.251  1909  2057 I ActivityManager: Changes in 10066 19 to 5, 0 to 144
06-23 23:24:08.293  1909  1973 I ActivityManager: Start proc 23288:com.samsung.faceservice/5004 for content provider {com.samsung.faceservice/com.samsung.faceservice.provider.FaceServiceProvider}
06-23 23:24:08.308  1909  1973 I ActivityManager: ProcessObserver broadcast disabled
06-23 23:24:08.495  1909  4340 I ActivityManager: Changes in 10222 19 to 5, 0 to 144
06-23 23:24:08.506  1909  1973 I ActivityManager: Start proc 23314:com.android.providers.calendar/u0a115 for content provider {com.android.providers.calendar/com.android.providers.calendar.CalendarProvider2}
06-23 23:24:08.506  1909  1973 I ActivityManager: ProcessObserver broadcast disabled
06-23 23:24:08.553  1909  1973 I ActivityManager: Start proc 23329:com.samsung.android.stickercenter/1000 for service {com.samsung.android.stickercenter/com.samsung.android.stickercenter.StickerCenterService}
06-23 23:24:08.553  1909  1973 I ActivityManager: ProcessObserver broadcast disabled
06-23 23:24:08.595  1909  4340 I ActivityManager: Changes in 10050 19 to 5, 0 to 144
06-23 23:24:08.626  1909  4340 I ActivityManager: Changes in 10115 19 to 5, 0 to 144
06-23 23:24:08.823  1909  4227 I ActivityManager: Changes in 99215 19 to 19, 0 to 128
06-23 23:24:08.832  1909  4338 I ActivityManager: Changes in 10224 19 to 5, 0 to 144
06-23 23:24:08.895  1909  4227 I ActivityManager: Changes in 99215 19 to 5, 128 to 184
06-23 23:24:08.899  1909  4227 I ActivityManager: Changes in 10330 19 to 5, 0 to 144
06-23 23:24:08.918  1909  2224 I ActivityManager: Changes in 10127 19 to 5, 0 to 144
06-23 23:24:08.919  1909  1973 I ActivityManager: Start proc 23410:com.samsung.android.authfw/5278 for service {com.samsung.android.authfw/com.samsung.android.authfw.pass.PassService}
06-23 23:24:08.920  1909  1973 I ActivityManager: ProcessObserver broadcast disabled
06-23 23:24:09.085  1909  2224 I ActivityManager: Changes in 5278 19 to 5, 0 to 184
06-23 23:24:09.198  1909  4227 I ActivityManager: Changes in 10326 19 to 5, 0 to 144
06-23 23:24:09.287  1909  2224 I ActivityManager: Changes in 10328 19 to 5, 0 to 144
06-23 23:24:09.969  1909  1972 I ActivityManager: Changes in 10096 19 to 11, 0 to 128
06-23 23:24:09.977  1909  4340 I ActivityManager: Changes in 10096 11 to 19, 128 to 0
06-23 23:24:10.627  1909  2057 I ActivityManager: Changes in 10056 19 to 5, 0 to 144
06-23 23:24:12.117  1909  4227 I ActivityManager: Changes in 10117 5 to 5, 144 to 184
06-23 23:24:12.282  1909  2057 I ActivityManager: Changes in 10117 5 to 5, 184 to 144
06-23 23:24:12.336  1909  1971 I ActivityManager: Changes in 10330 5 to 15, 144 to 0
06-23 23:24:12.336  1909  1971 I ActivityManager: Changes in 10328 5 to 15, 144 to 0
06-23 23:24:12.336  1909  1971 I ActivityManager: Changes in 10326 5 to 15, 144 to 0
06-23 23:24:12.336  1909  1971 I ActivityManager: Changes in 10224 5 to 15, 144 to 0
06-23 23:24:12.337  1909  1971 I ActivityManager: Changes in 10222 5 to 15, 144 to 0
06-23 23:24:12.337  1909  1971 I ActivityManager: Changes in 10127 5 to 15, 144 to 0
06-23 23:24:12.337  1909  1971 I ActivityManager: Changes in 10120 5 to 10, 144 to 0
06-23 23:24:12.337  1909  1971 I ActivityManager: Changes in 10117 5 to 15, 144 to 0
06-23 23:24:12.337  1909  1971 I ActivityManager: Changes in 10115 5 to 15, 144 to 0
06-23 23:24:12.340  1909  1971 I ActivityManager: Changes in 10066 5 to 15, 144 to 0
06-23 23:24:12.340  1909  1971 I ActivityManager: Changes in 10056 5 to 15, 144 to 0
06-23 23:24:12.340  1909  1971 I ActivityManager: Changes in 10050 5 to 15, 144 to 0
06-23 23:24:12.341  1909  1971 I ActivityManager: Changes in 5278 5 to 15, 184 to 0
06-23 23:24:12.342  1909  1971 I ActivityManager: Changes in 5004 5 to 15, 144 to 0
06-23 23:24:12.369  1909  1971 I ActivityManager: Changes in 5009 5 to 15, 144 to 0
06-23 23:24:13.424  1909  1971 I ActivityManager: Changes in 10214 3 to 15, 144 to 0
06-23 23:24:13.689  1909  1971 I ActivityManager: Changes in 10329 3 to 15, 144 to 0
06-23 23:24:13.975  1909  1965 I ActivityManager: Changes in 10147 5 to 2, 184 to 255
06-23 23:24:14.915  1909  2224 W ActivityManager: pid 24971 com.google.android.gms.persistent sent binder code 2 with flags 1 to frozen apps and got error -32
06-23 23:24:14.940  1909  1973 I ActivityManager: Start proc 23567:com.google.android.apps.maps:server_recovery_process/u0a270 for broadcast {com.google.android.apps.maps/com.google.android.apps.gmm.plugins.serverrecovery.PhenotypeServerRecoveryHandlerImpl}
06-23 23:24:14.941  1909  1973 I ActivityManager: ProcessObserver broadcast disabled
06-23 23:24:14.994  1909  4340 I ActivityManager: Changes in 11067 16 to 2, 0 to 255
06-23 23:24:15.134  1909  1972 I ActivityManager: Changes in 10279 19 to 11, 0 to 128
06-23 23:24:15.178  1909  2870 I ActivityManager: Changes in 10279 11 to 19, 128 to 0
06-23 23:24:15.356  1909  1965 I ActivityManager: Changes in 10147 2 to 5, 255 to 184
06-23 23:24:15.560  1909  2867 I ActivityManager: Changes in 10270 19 to 11, 0 to 128
06-23 23:24:15.580  1909  1973 I ActivityManager: Start proc 23623:com.google.android.apps.maps/u0a270 for broadcast {com.google.android.apps.maps/com.google.android.libraries.phenotype.client.stable.PhenotypeUpdateBackgroundBroadcastReceiver}
06-23 23:24:15.581  1909  1973 I ActivityManager: ProcessObserver broadcast disabled
06-23 23:24:15.618  1909  2224 I ActivityManager: Process com.google.android.apps.maps:server_recovery_process (pid 23567) has died: fg  RCVR(202,1465)
06-23 23:24:15.761  1909  2870 I ActivityManager: Changes in 10270 11 to 19, 128 to 0
06-23 23:24:16.013  1909  4343 I ActivityManager: Changes in 10270 19 to 11, 0 to 128
06-23 23:24:16.034  1909  4343 I ActivityManager: Changes in 10270 11 to 19, 128 to 0
06-23 23:24:16.036  1909  1973 I ActivityManager: Start proc 23679:com.google.android.apps.maps:server_recovery_process/u0a270 for broadcast {com.google.android.apps.maps/com.google.android.apps.gmm.plugins.serverrecovery.PhenotypeServerRecoveryHandlerImpl}
06-23 23:24:16.036  1909  1973 I ActivityManager: ProcessObserver broadcast disabled
06-23 23:24:16.070  1909  1973 I ActivityManager: Start proc 23690:com.google.android.projection.gearhead:car/u0a242 for service {com.google.android.projection.gearhead/com.google.android.apps.auto.carservice.service.impl.GearheadCarStartupService}
06-23 23:24:16.071  1909  1973 I ActivityManager: ProcessObserver broadcast disabled
06-23 23:24:16.180  1909  2867 I ActivityManager: Changes in 10270 19 to 11, 0 to 128
06-23 23:24:16.207  1909  1973 I ActivityManager: Start proc 23718:com.google.android.apps.tachyon/u0a254 for broadcast {com.google.android.apps.tachyon/com.google.android.apps.tachyon.phenotype.PhenotypeBroadcastReceiver}
06-23 23:24:16.207  1909  1973 I ActivityManager: ProcessObserver broadcast disabled
06-23 23:24:16.245  1909  2867 I ActivityManager: Process com.google.android.apps.maps:server_recovery_process (pid 23679) has died: fg  RCVR(226,1375)
06-23 23:24:16.842  1909  4340 I ActivityManager: Changes in 10254 11 to 11, 0 to 128
06-23 23:24:16.865  1909  1973 I ActivityManager: Start proc 23784:com.google.android.apps.maps:server_recovery_process/u0a270 for broadcast {com.google.android.apps.maps/com.google.android.apps.gmm.plugins.serverrecovery.PhenotypeServerRecoveryHandlerImpl}
06-23 23:24:16.865  1909  1973 I ActivityManager: ProcessObserver broadcast disabled
06-23 23:24:16.907  1909  4340 I ActivityManager: Changes in 10270 11 to 19, 128 to 0
06-23 23:24:16.909  1909  2867 I ActivityManager: Changes in 10254 11 to 19, 128 to 0
06-23 23:24:16.978  1909  4343 I ActivityManager: Changes in 10270 19 to 11, 0 to 128
06-23 23:24:16.998  1909  1973 I ActivityManager: Start proc 23802:com.google.ar.core/u0a152 for broadcast {com.google.ar.core/com.google.android.libraries.phenotype.client.stable.PhenotypeUpdateBackgroundBroadcastReceiver}
06-23 23:24:16.998  1909  1973 I ActivityManager: ProcessObserver broadcast disabled
06-23 23:24:17.027  1909  2867 I ActivityManager: Process com.google.android.apps.maps:server_recovery_process (pid 23784) has died: fg  RCVR(274,1314)
06-23 23:24:17.413  1909  2870 I ActivityManager: Changes in 10152 19 to 11, 0 to 128
06-23 23:24:17.420  1909  4343 I ActivityManager: Changes in 10152 11 to 19, 128 to 0
06-23 23:24:17.429  1909  1973 I ActivityManager: Start proc 23822:com.google.android.apps.restore/u0a249 for broadcast {com.google.android.apps.restore/com.google.android.libraries.phenotype.client.stable.PhenotypeUpdateBackgroundBroadcastReceiver}
06-23 23:24:17.429  1909  1973 I ActivityManager: ProcessObserver broadcast disabled
06-23 23:24:17.502  1909  1971 I ActivityManager: Killing 20402:com.google.android.projection.gearhead:provider/u0a242 (adj 985): empty #25
06-23 23:24:17.567  1909  1971 I ActivityManager: Killing 19964:com.samsung.android.mobileservice/u0a119 (adj 975): empty #25
06-23 23:24:17.572  1909  1971 I ActivityManager: Killing 20303:com.google.android.apps.turbo:aab/u0a250 (adj 975): empty #26
06-23 23:24:17.665  1909  4227 I ActivityManager: Changes in 10249 19 to 11, 0 to 128
06-23 23:24:17.688  1909  1973 I ActivityManager: Start proc 23845:com.google.android.partnersetup/u0a243 for broadcast {com.google.android.partnersetup/com.google.android.partnersetup.PhenotypeBroadcastReceiver}
06-23 23:24:17.688  1909  1973 I ActivityManager: ProcessObserver broadcast disabled
06-23 23:24:17.693  1909  4342 I ActivityManager: Killing 19867:com.samsung.android.mdx/u0a94 (adj 975): empty #25
06-23 23:24:17.694  1909  4342 I ActivityManager: Changes in 10249 11 to 19, 128 to 0
06-23 23:24:17.793  1909  1971 I ActivityManager: Killing 21293:com.sec.android.provider.badge/u0a55 (adj 965): empty #25
06-23 23:24:17.798  1909  1971 I ActivityManager: Killing 20206:com.google.android.gms.unstable/u0a252 (adj 965): empty #26
06-23 23:24:17.822  1909  4342 I ActivityManager: Changes in 10243 19 to 11, 0 to 128
06-23 23:24:17.840  1909  1971 I ActivityManager: Killing 21379:com.samsung.android.app.watchmanager:contentprovider/u0a327 (adj 955): empty #25
06-23 23:24:17.847  1909  1973 I ActivityManager: Start proc 23859:com.google.android.apps.photos/u0a313 for broadcast {com.google.android.apps.photos/com.google.android.apps.photos.experiments.phenotype.full.PhenotypeUpdateBroadcastReceiver}
06-23 23:24:17.847  1909  1973 I ActivityManager: ProcessObserver broadcast disabled
06-23 23:24:17.850  1909  4227 I ActivityManager: Killing 21316:com.samsung.android.app.watchmanager:remote/u0a327 (adj 955): empty #25
06-23 23:24:17.851  1909  4227 I ActivityManager: Changes in 10243 11 to 19, 128 to 0
06-23 23:24:17.888  1909  1971 I ActivityManager: Killing 20338:com.samsung.mfcontents/u0a95 (adj 955): empty #25
06-23 23:24:18.143  1909  1971 I ActivityManager: Killing 22005:com.samsung.android.dqagent/1000 (adj 945): empty #25
06-23 23:24:18.248  1909  4343 I ActivityManager: Changes in 10313 19 to 11, 0 to 128
06-23 23:24:18.271  1909  1973 I ActivityManager: Start proc 23879:com.google.android.youtube/u0a271 for broadcast {com.google.android.youtube/com.google.android.libraries.phenotype.client.stable.PhenotypeUpdateBackgroundBroadcastReceiver}
06-23 23:24:18.271  1909  1973 I ActivityManager: ProcessObserver broadcast disabled
06-23 23:24:18.291  1909  4227 I ActivityManager: Killing 15094:com.samsung.android.scs/u0a116 (adj 935): empty #25
06-23 23:24:18.295  1909  4227 I ActivityManager: Changes in 10313 11 to 19, 128 to 0
06-23 23:24:18.720  1909  4342 I ActivityManager: Changes in 10271 19 to 11, 0 to 128
06-23 23:24:18.743  1909  4342 I ActivityManager: Killing 22517:com.samsung.android.privacydashboard/u0a107 (adj 935): empty #25
06-23 23:24:18.746  1909  4342 I ActivityManager: Changes in 10271 11 to 19, 128 to 0
06-23 23:24:29.282  1909  1972 I ActivityManager: Killing 23288:com.samsung.faceservice/5004 (adj 925): empty #25
06-23 23:24:29.884  1909  4225 I ActivityManager: Changes in 99215 5 to 10, 184 to 0
06-23 23:24:29.887  1909  2224 I ActivityManager: Killing 23329:com.samsung.android.stickercenter/1000 (adj 905): empty #25
06-23 23:24:29.893  1909  2224 I ActivityManager: Killing 23314:com.android.providers.calendar/u0a115 (adj 925): empty #26
06-23 23:24:29.941  1909  4225 W ActivityManager: Scheduling restart of crashed service com.samsung.android.stickercenter/.StickerCenterService in 1000ms for connection
06-23 23:24:30.973  1909  1973 I ActivityManager: Start proc 24029:com.samsung.android.stickercenter/1000 for service {com.samsung.android.stickercenter/com.samsung.android.stickercenter.StickerCenterService}
06-23 23:24:30.973  1909  1973 I ActivityManager: ProcessObserver broadcast disabled
06-23 23:24:31.134  1909  4225 I ActivityManager: Killing 23410:com.samsung.android.authfw/5278 (adj 905): empty #25
06-23 23:24:31.175  1909  4225 W ActivityManager: Scheduling restart of crashed service com.samsung.android.authfw/.pass.PassService in 1000ms for connection
06-23 23:24:32.209  1909  1973 I ActivityManager: Start proc 24046:com.samsung.android.authfw/5278 for service {com.samsung.android.authfw/com.samsung.android.authfw.pass.PassService}
06-23 23:24:32.210  1909  1973 I ActivityManager: ProcessObserver broadcast disabled
06-23 23:24:32.331  1909  1972 I ActivityManager: Killing 20578:com.osp.app.signin/u0a117 (adj 905): empty #25
06-23 23:24:32.416  1909  2057 I ActivityManager: Killing 23123:com.samsung.cmh/5004 (adj 915): empty #25
06-23 23:24:33.331  1909  1972 I ActivityManager: Killing 23178:com.samsung.android.calendar/u0a222 (adj 905): empty #25
06-23 23:24:34.331  1909  1972 I ActivityManager: Killing 23031:com.samsung.android.voc/u0a329 (adj 905): empty #25
06-23 23:24:34.333  1909  1972 I ActivityManager: Killing 23030:com.samsung.android.sm.devicesecurity/u0a214 (adj 905): empty #26
06-23 23:24:34.335  1909  1972 I ActivityManager: Killing 20775:com.samsung.android.sm.provider/1000 (adj 905): empty #27
06-23 23:24:35.915  1909  1972 I ActivityManager: Changes in 10096 19 to 11, 0 to 128
06-23 23:24:35.922  1909  4227 I ActivityManager: Changes in 10096 11 to 19, 128 to 0
06-23 23:24:51.930  1909  1972 I ActivityManager: Changes in 10096 19 to 11, 0 to 128
06-23 23:24:51.937  1909  4338 I ActivityManager: Changes in 10096 11 to 19, 128 to 0
06-23 23:28:19.368 21407 21777 W ReactNativeJS: This method is deprecated (as well as all React Native Firebase namespaced API) and will be removed in the next major release as part of move to match Firebase Web modular SDK API. Please see migration guide for more details: https://rnfirebase.io/migrating-to-v22. Method called was `FieldValue`. Please use `FieldValue` instead.
06-23 23:28:19.369 21407 21777 W ReactNativeJS: This method is deprecated (as well as all React Native Firebase namespaced API) and will be removed in the next major release as part of move to match Firebase Web modular SDK API. Please see migration guide for more details: https://rnfirebase.io/migrating-to-v22. Method called was `delete`. Please use `deleteField()` instead.
06-23 23:28:19.369 21407 21777 W ReactNativeJS: This method is deprecated (as well as all React Native Firebase namespaced API) and will be removed in the next major release as part of move to match Firebase Web modular SDK API. Please see migration guide for more details: https://rnfirebase.io/migrating-to-v22. Method called was `FieldValue`. Please use `FieldValue` instead.
06-23 23:28:19.370 21407 21777 W ReactNativeJS: This method is deprecated (as well as all React Native Firebase namespaced API) and will be removed in the next major release as part of move to match Firebase Web modular SDK API. Please see migration guide for more details: https://rnfirebase.io/migrating-to-v22. Method called was `serverTimestamp`. Please use `serverTimestamp()` instead.
06-23 23:28:21.464  1909  2410 I ActivityManager: Killing 23879:com.google.android.youtube/u0a271 (adj 905): Chimera #0
06-23 23:30:00.018  1909  1972 I ActivityManager: Changes in 10096 19 to 11, 0 to 128
06-23 23:30:00.023  1909  4343 I ActivityManager: Changes in 10096 11 to 19, 128 to 0
06-23 23:30:53.938 21407 21777 W ReactNativeJS: 'This method is deprecated (as well as all React Native Firebase namespaced API) and will be removed in the next major release as part of move to match Firebase Web modular SDK API. Please see migration guide for more details: https://rnfirebase.io/migrating-to-v22 Please use `getApp()` instead.', { [Component Stack] name: 'Component Stack' }
06-23 23:30:53.960 21407 21777 W ReactNativeJS: 'This method is deprecated (as well as all React Native Firebase namespaced API) and will be removed in the next major release as part of move to match Firebase Web modular SDK API. Please see migration guide for more details: https://rnfirebase.io/migrating-to-v22 Please use `getApp()` instead.', { [Component Stack] name: 'Component Stack' }
06-23 23:30:53.982 21407 21777 W ReactNativeJS: 'This method is deprecated (as well as all React Native Firebase namespaced API) and will be removed in the next major release as part of move to match Firebase Web modular SDK API. Please see migration guide for more details: https://rnfirebase.io/migrating-to-v22. Method called was `logEvent`. Please use `logEvent()` instead.', { [Component Stack] name: 'Component Stack' }
06-23 23:30:54.037 21407 21767 E ReactNativeJS: { [Error: undefined Unable to resolve module ../combat/clearCapitalRealtimeCombatPresentationCaches from D:\arcfire20260607\src\game\galaxyMapStageSession.ts: 
06-23 23:30:54.037 21407 21767 E ReactNativeJS: 
06-23 23:30:54.037 21407 21767 E ReactNativeJS: None of these files exist:
06-23 23:30:54.037 21407 21767 E ReactNativeJS:   * src\combat\clearCapitalRealtimeCombatPresentationCaches(.android.ts|.native.ts|.ts|.android.tsx|.native.tsx|.tsx|.android.mjs|.native.mjs|.mjs|.android.js|.native.js|.js|.android.jsx|.native.jsx|.jsx|.android.json|.native.json|.json|.android.cjs|.native.cjs|.cjs|.android.scss|.native.scss|.scss|.android.sass|.native.sass|.sass|.android.css|.native.css|.css)
06-23 23:30:54.037 21407 21767 E ReactNativeJS:   * src\combat\clearCapitalRealtimeCombatPresentationCaches
06-23 23:30:54.037 21407 21767 E ReactNativeJS: [0m [90m 4 |[39m [90m */[39m
06-23 23:30:54.037 21407 21767 E ReactNativeJS:  [90m 5 |[39m
06-23 23:30:54.037 21407 21767 E ReactNativeJS: [31m[1m>[22m[39m[90m 6 |[39m [36mimport[39m { clearCapitalRealtimeCombatPresentationCaches } [36mfrom[39m [32m'../combat/clearCapitalRealtimeCombatPresentationCaches'[39m[33m;[39m
06-23 23:30:54.037 21407 21767 E ReactNativeJS:  [90m   |[39m                                                               [31m[1m^[22m[39m
06-23 23:30:54.037 21407 21767 E ReactNativeJS:  [90m 7 |[39m [36mimport[39m { releaseGalaxyMapScrollIfRegistered } [36mfrom[39m [32m'./galaxyMapScrollLifecycle'[39m[33m;[39m
06-23 23:30:54.037 21407 21767 E ReactNativeJS:  [90m 8 |[39m
06-23 23:30:54.037 21407 21767 E ReactNativeJS:  [90m 9 |[39m [36mconst[39m deferredTileResetCallbacks [33m=[39m [36mnew[39m [33mSet[39m[33m<[39m() [33m=>[39m [36mvoid[39m[33m>[39m()[33m;[39m[0m] preventSymbolication: true }
06-23 23:30:54.052  1909  2776 I ActivityManager: Changes in 99215 19 to 3, 0 to 184
06-23 23:30:54.174 21407 21767 E ReactNativeJS: { [Error: undefined Unable to resolve module ../combat/clearCapitalRealtimeCombatPresentationCaches from D:\arcfire20260607\src\game\galaxyMapStageSession.ts: 
06-23 23:30:54.174 21407 21767 E ReactNativeJS: 
06-23 23:30:54.174 21407 21767 E ReactNativeJS: None of these files exist:
06-23 23:30:54.174 21407 21767 E ReactNativeJS:   * src\combat\clearCapitalRealtimeCombatPresentationCaches(.android.ts|.native.ts|.ts|.android.tsx|.native.tsx|.tsx|.android.mjs|.native.mjs|.mjs|.android.js|.native.js|.js|.android.jsx|.native.jsx|.jsx|.android.json|.native.json|.json|.android.cjs|.native.cjs|.cjs|.android.scss|.native.scss|.scss|.android.sass|.native.sass|.sass|.android.css|.native.css|.css)
06-23 23:30:54.174 21407 21767 E ReactNativeJS:   * src\combat\clearCapitalRealtimeCombatPresentationCaches
06-23 23:30:54.174 21407 21767 E ReactNativeJS: [0m [90m 4 |[39m [90m */[39m
06-23 23:30:54.174 21407 21767 E ReactNativeJS:  [90m 5 |[39m
06-23 23:30:54.174 21407 21767 E ReactNativeJS: [31m[1m>[22m[39m[90m 6 |[39m [36mimport[39m { clearCapitalRealtimeCombatPresentationCaches } [36mfrom[39m [32m'../combat/clearCapitalRealtimeCombatPresentationCaches'[39m[33m;[39m
06-23 23:30:54.174 21407 21767 E ReactNativeJS:  [90m   |[39m                                                               [31m[1m^[22m[39m
06-23 23:30:54.174 21407 21767 E ReactNativeJS:  [90m 7 |[39m [36mimport[39m { releaseGalaxyMapScrollIfRegistered } [36mfrom[39m [32m'./galaxyMapScrollLifecycle'[39m[33m;[39m
06-23 23:30:54.174 21407 21767 E ReactNativeJS:  [90m 8 |[39m
06-23 23:30:54.174 21407 21767 E ReactNativeJS:  [90m 9 |[39m [36mconst[39m deferredTileResetCallbacks [33m=[39m [36mnew[39m [33mSet[39m[33m<[39m() [33m=>[39m [36mvoid[39m[33m>[39m()[33m;[39m[0m] preventSymbolication: true }
06-23 23:30:54.681 21407 21777 E ReactNativeJS: { [Error: undefined Unable to resolve module ../combat/clearCapitalRealtimeCombatPresentationCaches from D:\arcfire20260607\src\game\galaxyMapStageSession.ts: 
06-23 23:30:54.681 21407 21777 E ReactNativeJS: 
06-23 23:30:54.681 21407 21777 E ReactNativeJS: None of these files exist:
06-23 23:30:54.681 21407 21777 E ReactNativeJS:   * src\combat\clearCapitalRealtimeCombatPresentationCaches(.android.ts|.native.ts|.ts|.android.tsx|.native.tsx|.tsx|.android.mjs|.native.mjs|.mjs|.android.js|.native.js|.js|.android.jsx|.native.jsx|.jsx|.android.json|.native.json|.json|.android.cjs|.native.cjs|.cjs|.android.scss|.native.scss|.scss|.android.sass|.native.sass|.sass|.android.css|.native.css|.css)
06-23 23:30:54.681 21407 21777 E ReactNativeJS:   * src\combat\clearCapitalRealtimeCombatPresentationCaches
06-23 23:30:54.681 21407 21777 E ReactNativeJS: [0m [90m 4 |[39m [90m */[39m
06-23 23:30:54.681 21407 21777 E ReactNativeJS:  [90m 5 |[39m
06-23 23:30:54.681 21407 21777 E ReactNativeJS: [31m[1m>[22m[39m[90m 6 |[39m [36mimport[39m { clearCapitalRealtimeCombatPresentationCaches } [36mfrom[39m [32m'../combat/clearCapitalRealtimeCombatPresentationCaches'[39m[33m;[39m
06-23 23:30:54.681 21407 21777 E ReactNativeJS:  [90m   |[39m                                                               [31m[1m^[22m[39m
06-23 23:30:54.681 21407 21777 E ReactNativeJS:  [90m 7 |[39m [36mimport[39m { releaseGalaxyMapScrollIfRegistered } [36mfrom[39m [32m'./galaxyMapScrollLifecycle'[39m[33m;[39m
06-23 23:30:54.681 21407 21777 E ReactNativeJS:  [90m 8 |[39m
06-23 23:30:54.681 21407 21777 E ReactNativeJS:  [90m 9 |[39m [36mconst[39m deferredTileResetCallbacks [33m=[39m [36mnew[39m [33mSet[39m[33m<[39m() [33m=>[39m [36mvoid[39m[33m>[39m()[33m;[39m[0m] preventSymbolication: true }
06-23 23:30:54.691 21407 21777 E ReactNativeJS: { [Error: undefined Unable to resolve module ../combat/clearCapitalRealtimeCombatPresentationCaches from D:\arcfire20260607\src\game\galaxyMapStageSession.ts: 
06-23 23:30:54.691 21407 21777 E ReactNativeJS: 
06-23 23:30:54.691 21407 21777 E ReactNativeJS: None of these files exist:
06-23 23:30:54.691 21407 21777 E ReactNativeJS:   * src\combat\clearCapitalRealtimeCombatPresentationCaches(.android.ts|.native.ts|.ts|.android.tsx|.native.tsx|.tsx|.android.mjs|.native.mjs|.mjs|.android.js|.native.js|.js|.android.jsx|.native.jsx|.jsx|.android.json|.native.json|.json|.android.cjs|.native.cjs|.cjs|.android.scss|.native.scss|.scss|.android.sass|.native.sass|.sass|.android.css|.native.css|.css)
06-23 23:30:54.691 21407 21777 E ReactNativeJS:   * src\combat\clearCapitalRealtimeCombatPresentationCaches
06-23 23:30:54.691 21407 21777 E ReactNativeJS: [0m [90m 4 |[39m [90m */[39m
06-23 23:30:54.691 21407 21777 E ReactNativeJS:  [90m 5 |[39m
06-23 23:30:54.691 21407 21777 E ReactNativeJS: [31m[1m>[22m[39m[90m 6 |[39m [36mimport[39m { clearCapitalRealtimeCombatPresentationCaches } [36mfrom[39m [32m'../combat/clearCapitalRealtimeCombatPresentationCaches'[39m[33m;[39m
06-23 23:30:54.691 21407 21777 E ReactNativeJS:  [90m   |[39m                                                               [31m[1m^[22m[39m
06-23 23:30:54.691 21407 21777 E ReactNativeJS:  [90m 7 |[39m [36mimport[39m { releaseGalaxyMapScrollIfRegistered } [36mfrom[39m [32m'./galaxyMapScrollLifecycle'[39m[33m;[39m
06-23 23:30:54.691 21407 21777 E ReactNativeJS:  [90m 8 |[39m
06-23 23:30:54.691 21407 21777 E ReactNativeJS:  [90m 9 |[39m [36mconst[39m deferredTileResetCallbacks [33m=[39m [36mnew[39m [33mSet[39m[33m<[39m() [33m=>[39m [36mvoid[39m[33m>[39m()[33m;[39m[0m] preventSymbolication: true }
06-23 23:30:55.372 21407 21777 W ReactNativeJS: This method is deprecated (as well as all React Native Firebase namespaced API) and will be removed in the next major release as part of move to match Firebase Web modular SDK API. Please see migration guide for more details: https://rnfirebase.io/migrating-to-v22. Method called was `FieldValue`. Please use `FieldValue` instead.
06-23 23:30:55.372 21407 21777 W ReactNativeJS: This method is deprecated (as well as all React Native Firebase namespaced API) and will be removed in the next major release as part of move to match Firebase Web modular SDK API. Please see migration guide for more details: https://rnfirebase.io/migrating-to-v22. Method called was `delete`. Please use `deleteField()` instead.
06-23 23:30:55.373 21407 21777 W ReactNativeJS: This method is deprecated (as well as all React Native Firebase namespaced API) and will be removed in the next major release as part of move to match Firebase Web modular SDK API. Please see migration guide for more details: https://rnfirebase.io/migrating-to-v22. Method called was `FieldValue`. Please use `FieldValue` instead.
06-23 23:30:55.373 21407 21777 W ReactNativeJS: This method is deprecated (as well as all React Native Firebase namespaced API) and will be removed in the next major release as part of move to match Firebase Web modular SDK API. Please see migration guide for more details: https://rnfirebase.io/migrating-to-v22. Method called was `serverTimestamp`. Please use `serverTimestamp()` instead.
06-23 23:30:56.850 21407 21767 E ReactNativeJS: { [Error: undefined Unable to resolve module ../combat/clearCapitalRealtimeCombatPresentationCaches from D:\arcfire20260607\src\game\galaxyMapStageSession.ts: 
06-23 23:30:56.850 21407 21767 E ReactNativeJS: 
06-23 23:30:56.850 21407 21767 E ReactNativeJS: None of these files exist:
06-23 23:30:56.850 21407 21767 E ReactNativeJS:   * src\combat\clearCapitalRealtimeCombatPresentationCaches(.android.ts|.native.ts|.ts|.android.tsx|.native.tsx|.tsx|.android.mjs|.native.mjs|.mjs|.android.js|.native.js|.js|.android.jsx|.native.jsx|.jsx|.android.json|.native.json|.json|.android.cjs|.native.cjs|.cjs|.android.scss|.native.scss|.scss|.android.sass|.native.sass|.sass|.android.css|.native.css|.css)
06-23 23:30:56.850 21407 21767 E ReactNativeJS:   * src\combat\clearCapitalRealtimeCombatPresentationCaches
06-23 23:30:56.850 21407 21767 E ReactNativeJS: [0m [90m 4 |[39m [90m */[39m
06-23 23:30:56.850 21407 21767 E ReactNativeJS:  [90m 5 |[39m
06-23 23:30:56.850 21407 21767 E ReactNativeJS: [31m[1m>[22m[39m[90m 6 |[39m [36mimport[39m { clearCapitalRealtimeCombatPresentationCaches } [36mfrom[39m [32m'../combat/clearCapitalRealtimeCombatPresentationCaches'[39m[33m;[39m
06-23 23:30:56.850 21407 21767 E ReactNativeJS:  [90m   |[39m                                                               [31m[1m^[22m[39m
06-23 23:30:56.850 21407 21767 E ReactNativeJS:  [90m 7 |[39m [36mimport[39m { releaseGalaxyMapScrollIfRegistered } [36mfrom[39m [32m'./galaxyMapScrollLifecycle'[39m[33m;[39m
06-23 23:30:56.850 21407 21767 E ReactNativeJS:  [90m 8 |[39m
06-23 23:30:56.850 21407 21767 E ReactNativeJS:  [90m 9 |[39m [36mconst[39m deferredTileResetCallbacks [33m=[39m [36mnew[39m [33mSet[39m[33m<[39m() [33m=>[39m [36mvoid[39m[33m>[39m()[33m;[39m[0m] preventSymbolication: true }
06-23 23:30:56.870 21407 21777 E ReactNativeJS: { [Error: undefined Unable to resolve module ../combat/clearCapitalRealtimeCombatPresentationCaches from D:\arcfire20260607\src\game\galaxyMapStageSession.ts: 
06-23 23:30:56.870 21407 21777 E ReactNativeJS: 
06-23 23:30:56.870 21407 21777 E ReactNativeJS: None of these files exist:
06-23 23:30:56.870 21407 21777 E ReactNativeJS:   * src\combat\clearCapitalRealtimeCombatPresentationCaches(.android.ts|.native.ts|.ts|.android.tsx|.native.tsx|.tsx|.android.mjs|.native.mjs|.mjs|.android.js|.native.js|.js|.android.jsx|.native.jsx|.jsx|.android.json|.native.json|.json|.android.cjs|.native.cjs|.cjs|.android.scss|.native.scss|.scss|.android.sass|.native.sass|.sass|.android.css|.native.css|.css)
06-23 23:30:56.870 21407 21777 E ReactNativeJS:   * src\combat\clearCapitalRealtimeCombatPresentationCaches
06-23 23:30:56.870 21407 21777 E ReactNativeJS: [0m [90m 4 |[39m [90m */[39m
06-23 23:30:56.870 21407 21777 E ReactNativeJS:  [90m 5 |[39m
06-23 23:30:56.870 21407 21777 E ReactNativeJS: [31m[1m>[22m[39m[90m 6 |[39m [36mimport[39m { clearCapitalRealtimeCombatPresentationCaches } [36mfrom[39m [32m'../combat/clearCapitalRealtimeCombatPresentationCaches'[39m[33m;[39m
06-23 23:30:56.870 21407 21777 E ReactNativeJS:  [90m   |[39m                                                               [31m[1m^[22m[39m
06-23 23:30:56.870 21407 21777 E ReactNativeJS:  [90m 7 |[39m [36mimport[39m { releaseGalaxyMapScrollIfRegistered } [36mfrom[39m [32m'./galaxyMapScrollLifecycle'[39m[33m;[39m
06-23 23:30:56.870 21407 21777 E ReactNativeJS:  [90m 8 |[39m
06-23 23:30:56.870 21407 21777 E ReactNativeJS:  [90m 9 |[39m [36mconst[39m deferredTileResetCallbacks [33m=[39m [36mnew[39m [33mSet[39m[33m<[39m() [33m=>[39m [36mvoid[39m[33m>[39m()[33m;[39m[0m] preventSymbolication: true }
06-23 23:30:57.130 21407 21777 W ReactNativeJS: This method is deprecated (as well as all React Native Firebase namespaced API) and will be removed in the next major release as part of move to match Firebase Web modular SDK API. Please see migration guide for more details: https://rnfirebase.io/migrating-to-v22. Method called was `FieldValue`. Please use `FieldValue` instead.
06-23 23:30:57.131 21407 21777 W ReactNativeJS: This method is deprecated (as well as all React Native Firebase namespaced API) and will be removed in the next major release as part of move to match Firebase Web modular SDK API. Please see migration guide for more details: https://rnfirebase.io/migrating-to-v22. Method called was `delete`. Please use `deleteField()` instead.
06-23 23:30:57.131 21407 21777 W ReactNativeJS: This method is deprecated (as well as all React Native Firebase namespaced API) and will be removed in the next major release as part of move to match Firebase Web modular SDK API. Please see migration guide for more details: https://rnfirebase.io/migrating-to-v22. Method called was `FieldValue`. Please use `FieldValue` instead.
06-23 23:30:57.132 21407 21777 W ReactNativeJS: This method is deprecated (as well as all React Native Firebase namespaced API) and will be removed in the next major release as part of move to match Firebase Web modular SDK API. Please see migration guide for more details: https://rnfirebase.io/migrating-to-v22. Method called was `serverTimestamp`. Please use `serverTimestamp()` instead.
06-23 23:31:04.153  1909  2776 I ActivityManager: Changes in 99215 3 to 10, 184 to 0
06-23 23:31:09.759 21407 21767 E ReactNativeJS: { [Error: undefined Unable to resolve module ../combat/clearCapitalRealtimeCombatPresentationCaches from D:\arcfire20260607\src\game\galaxyMapStageSession.ts: 
06-23 23:31:09.759 21407 21767 E ReactNativeJS: 
06-23 23:31:09.759 21407 21767 E ReactNativeJS: None of these files exist:
06-23 23:31:09.759 21407 21767 E ReactNativeJS:   * src\combat\clearCapitalRealtimeCombatPresentationCaches(.android.ts|.native.ts|.ts|.android.tsx|.native.tsx|.tsx|.android.mjs|.native.mjs|.mjs|.android.js|.native.js|.js|.android.jsx|.native.jsx|.jsx|.android.json|.native.json|.json|.android.cjs|.native.cjs|.cjs|.android.scss|.native.scss|.scss|.android.sass|.native.sass|.sass|.android.css|.native.css|.css)
06-23 23:31:09.759 21407 21767 E ReactNativeJS:   * src\combat\clearCapitalRealtimeCombatPresentationCaches
06-23 23:31:09.759 21407 21767 E ReactNativeJS: [0m [90m 4 |[39m [90m */[39m
06-23 23:31:09.759 21407 21767 E ReactNativeJS:  [90m 5 |[39m
06-23 23:31:09.759 21407 21767 E ReactNativeJS: [31m[1m>[22m[39m[90m 6 |[39m [36mimport[39m { clearCapitalRealtimeCombatPresentationCaches } [36mfrom[39m [32m'../combat/clearCapitalRealtimeCombatPresentationCaches'[39m[33m;[39m
06-23 23:31:09.759 21407 21767 E ReactNativeJS:  [90m   |[39m                                                               [31m[1m^[22m[39m
06-23 23:31:09.759 21407 21767 E ReactNativeJS:  [90m 7 |[39m [36mimport[39m { releaseGalaxyMapScrollIfRegistered } [36mfrom[39m [32m'./galaxyMapScrollLifecycle'[39m[33m;[39m
06-23 23:31:09.759 21407 21767 E ReactNativeJS:  [90m 8 |[39m
06-23 23:31:09.759 21407 21767 E ReactNativeJS:  [90m 9 |[39m [36mconst[39m deferredTileResetCallbacks [33m=[39m [36mnew[39m [33mSet[39m[33m<[39m() [33m=>[39m [36mvoid[39m[33m>[39m()[33m;[39m[0m] preventSymbolication: true }
06-23 23:31:09.819 21407 21777 E ReactNativeJS: { [Error: undefined Unable to resolve module ../combat/clearCapitalRealtimeCombatPresentationCaches from D:\arcfire20260607\src\game\galaxyMapStageSession.ts: 
06-23 23:31:09.819 21407 21777 E ReactNativeJS: 
06-23 23:31:09.819 21407 21777 E ReactNativeJS: None of these files exist:
06-23 23:31:09.819 21407 21777 E ReactNativeJS:   * src\combat\clearCapitalRealtimeCombatPresentationCaches(.android.ts|.native.ts|.ts|.android.tsx|.native.tsx|.tsx|.android.mjs|.native.mjs|.mjs|.android.js|.native.js|.js|.android.jsx|.native.jsx|.jsx|.android.json|.native.json|.json|.android.cjs|.native.cjs|.cjs|.android.scss|.native.scss|.scss|.android.sass|.native.sass|.sass|.android.css|.native.css|.css)
06-23 23:31:09.819 21407 21777 E ReactNativeJS:   * src\combat\clearCapitalRealtimeCombatPresentationCaches
06-23 23:31:09.819 21407 21777 E ReactNativeJS: [0m [90m 4 |[39m [90m */[39m
06-23 23:31:09.819 21407 21777 E ReactNativeJS:  [90m 5 |[39m
06-23 23:31:09.819 21407 21777 E ReactNativeJS: [31m[1m>[22m[39m[90m 6 |[39m [36mimport[39m { clearCapitalRealtimeCombatPresentationCaches } [36mfrom[39m [32m'../combat/clearCapitalRealtimeCombatPresentationCaches'[39m[33m;[39m
06-23 23:31:09.819 21407 21777 E ReactNativeJS:  [90m   |[39m                                                               [31m[1m^[22m[39m
06-23 23:31:09.819 21407 21777 E ReactNativeJS:  [90m 7 |[39m [36mimport[39m { releaseGalaxyMapScrollIfRegistered } [36mfrom[39m [32m'./galaxyMapScrollLifecycle'[39m[33m;[39m
06-23 23:31:09.819 21407 21777 E ReactNativeJS:  [90m 8 |[39m
06-23 23:31:09.819 21407 21777 E ReactNativeJS:  [90m 9 |[39m [36mconst[39m deferredTileResetCallbacks [33m=[39m [36mnew[39m [33mSet[39m[33m<[39m() [33m=>[39m [36mvoid[39m[33m>[39m()[33m;[39m[0m] preventSymbolication: true }
06-23 23:31:11.509 21407 21767 E ReactNativeJS: { [Error: undefined Unable to resolve module ../combat/clearCapitalRealtimeCombatPresentationCaches from D:\arcfire20260607\src\game\galaxyMapStageSession.ts: 
06-23 23:31:11.509 21407 21767 E ReactNativeJS: 
06-23 23:31:11.509 21407 21767 E ReactNativeJS: None of these files exist:
06-23 23:31:11.509 21407 21767 E ReactNativeJS:   * src\combat\clearCapitalRealtimeCombatPresentationCaches(.android.ts|.native.ts|.ts|.android.tsx|.native.tsx|.tsx|.android.mjs|.native.mjs|.mjs|.android.js|.native.js|.js|.android.jsx|.native.jsx|.jsx|.android.json|.native.json|.json|.android.cjs|.native.cjs|.cjs|.android.scss|.native.scss|.scss|.android.sass|.native.sass|.sass|.android.css|.native.css|.css)
06-23 23:31:11.509 21407 21767 E ReactNativeJS:   * src\combat\clearCapitalRealtimeCombatPresentationCaches
06-23 23:31:11.509 21407 21767 E ReactNativeJS: [0m [90m 4 |[39m [90m */[39m
06-23 23:31:11.509 21407 21767 E ReactNativeJS:  [90m 5 |[39m
06-23 23:31:11.509 21407 21767 E ReactNativeJS: [31m[1m>[22m[39m[90m 6 |[39m [36mimport[39m { clearCapitalRealtimeCombatPresentationCaches } [36mfrom[39m [32m'../combat/clearCapitalRealtimeCombatPresentationCaches'[39m[33m;[39m
06-23 23:31:11.509 21407 21767 E ReactNativeJS:  [90m   |[39m                                                               [31m[1m^[22m[39m
06-23 23:31:11.509 21407 21767 E ReactNativeJS:  [90m 7 |[39m [36mimport[39m { releaseGalaxyMapScrollIfRegistered } [36mfrom[39m [32m'./galaxyMapScrollLifecycle'[39m[33m;[39m
06-23 23:31:11.509 21407 21767 E ReactNativeJS:  [90m 8 |[39m
06-23 23:31:11.509 21407 21767 E ReactNativeJS:  [90m 9 |[39m [36mconst[39m deferredTileResetCallbacks [33m=[39m [36mnew[39m [33mSet[39m[33m<[39m() [33m=>[39m [36mvoid[39m[33m>[39m()[33m;[39m[0m] preventSymbolication: true }
06-23 23:31:11.547 21407 21777 E ReactNativeJS: { [Error: undefined Unable to resolve module ../combat/clearCapitalRealtimeCombatPresentationCaches from D:\arcfire20260607\src\game\galaxyMapStageSession.ts: 
06-23 23:31:11.547 21407 21777 E ReactNativeJS: 
06-23 23:31:11.547 21407 21777 E ReactNativeJS: None of these files exist:
06-23 23:31:11.547 21407 21777 E ReactNativeJS:   * src\combat\clearCapitalRealtimeCombatPresentationCaches(.android.ts|.native.ts|.ts|.android.tsx|.native.tsx|.tsx|.android.mjs|.native.mjs|.mjs|.android.js|.native.js|.js|.android.jsx|.native.jsx|.jsx|.android.json|.native.json|.json|.android.cjs|.native.cjs|.cjs|.android.scss|.native.scss|.scss|.android.sass|.native.sass|.sass|.android.css|.native.css|.css)
06-23 23:31:11.547 21407 21777 E ReactNativeJS:   * src\combat\clearCapitalRealtimeCombatPresentationCaches
06-23 23:31:11.547 21407 21777 E ReactNativeJS: [0m [90m 4 |[39m [90m */[39m
06-23 23:31:11.547 21407 21777 E ReactNativeJS:  [90m 5 |[39m
06-23 23:31:11.547 21407 21777 E ReactNativeJS: [31m[1m>[22m[39m[90m 6 |[39m [36mimport[39m { clearCapitalRealtimeCombatPresentationCaches } [36mfrom[39m [32m'../combat/clearCapitalRealtimeCombatPresentationCaches'[39m[33m;[39m
06-23 23:31:11.547 21407 21777 E ReactNativeJS:  [90m   |[39m                                                               [31m[1m^[22m[39m
06-23 23:31:11.547 21407 21777 E ReactNativeJS:  [90m 7 |[39m [36mimport[39m { releaseGalaxyMapScrollIfRegistered } [36mfrom[39m [32m'./galaxyMapScrollLifecycle'[39m[33m;[39m
06-23 23:31:11.547 21407 21777 E ReactNativeJS:  [90m 8 |[39m
06-23 23:31:11.547 21407 21777 E ReactNativeJS:  [90m 9 |[39m [36mconst[39m deferredTileResetCallbacks [33m=[39m [36mnew[39m [33mSet[39m[33m<[39m() [33m=>[39m [36mvoid[39m[33m>[39m()[33m;[39m[0m] preventSymbolication: true }
06-23 23:31:15.546 21407 21777 E ReactNativeJS: { [Error: undefined Unable to resolve module ../combat/clearCapitalRealtimeCombatPresentationCaches from D:\arcfire20260607\src\game\galaxyMapStageSession.ts: 
06-23 23:31:15.546 21407 21777 E ReactNativeJS: 
06-23 23:31:15.546 21407 21777 E ReactNativeJS: None of these files exist:
06-23 23:31:15.546 21407 21777 E ReactNativeJS:   * src\combat\clearCapitalRealtimeCombatPresentationCaches(.android.ts|.native.ts|.ts|.android.tsx|.native.tsx|.tsx|.android.mjs|.native.mjs|.mjs|.android.js|.native.js|.js|.android.jsx|.native.jsx|.jsx|.android.json|.native.json|.json|.android.cjs|.native.cjs|.cjs|.android.scss|.native.scss|.scss|.android.sass|.native.sass|.sass|.android.css|.native.css|.css)
06-23 23:31:15.546 21407 21777 E ReactNativeJS:   * src\combat\clearCapitalRealtimeCombatPresentationCaches
06-23 23:31:15.546 21407 21777 E ReactNativeJS: [0m [90m 4 |[39m [90m */[39m
06-23 23:31:15.546 21407 21777 E ReactNativeJS:  [90m 5 |[39m
06-23 23:31:15.546 21407 21777 E ReactNativeJS: [31m[1m>[22m[39m[90m 6 |[39m [36mimport[39m { clearCapitalRealtimeCombatPresentationCaches } [36mfrom[39m [32m'../combat/clearCapitalRealtimeCombatPresentationCaches'[39m[33m;[39m
06-23 23:31:15.546 21407 21777 E ReactNativeJS:  [90m   |[39m                                                               [31m[1m^[22m[39m
06-23 23:31:15.546 21407 21777 E ReactNativeJS:  [90m 7 |[39m [36mimport[39m { releaseGalaxyMapScrollIfRegistered } [36mfrom[39m [32m'./galaxyMapScrollLifecycle'[39m[33m;[39m
06-23 23:31:15.546 21407 21777 E ReactNativeJS:  [90m 8 |[39m
06-23 23:31:15.546 21407 21777 E ReactNativeJS:  [90m 9 |[39m [36mconst[39m deferredTileResetCallbacks [33m=[39m [36mnew[39m [33mSet[39m[33m<[39m() [33m=>[39m [36mvoid[39m[33m>[39m()[33m;[39m[0m] preventSymbolication: true }
06-23 23:31:15.547 21407 21767 E ReactNativeJS: { [Error: undefined Unable to resolve module ../combat/clearCapitalRealtimeCombatPresentationCaches from D:\arcfire20260607\src\game\galaxyMapStageSession.ts: 
06-23 23:31:15.547 21407 21767 E ReactNativeJS: 
06-23 23:31:15.547 21407 21767 E ReactNativeJS: None of these files exist:
06-23 23:31:15.547 21407 21767 E ReactNativeJS:   * src\combat\clearCapitalRealtimeCombatPresentationCaches(.android.ts|.native.ts|.ts|.android.tsx|.native.tsx|.tsx|.android.mjs|.native.mjs|.mjs|.android.js|.native.js|.js|.android.jsx|.native.jsx|.jsx|.android.json|.native.json|.json|.android.cjs|.native.cjs|.cjs|.android.scss|.native.scss|.scss|.android.sass|.native.sass|.sass|.android.css|.native.css|.css)
06-23 23:31:15.547 21407 21767 E ReactNativeJS:   * src\combat\clearCapitalRealtimeCombatPresentationCaches
06-23 23:31:15.547 21407 21767 E ReactNativeJS: [0m [90m 4 |[39m [90m */[39m
06-23 23:31:15.547 21407 21767 E ReactNativeJS:  [90m 5 |[39m
06-23 23:31:15.547 21407 21767 E ReactNativeJS: [31m[1m>[22m[39m[90m 6 |[39m [36mimport[39m { clearCapitalRealtimeCombatPresentationCaches } [36mfrom[39m [32m'../combat/clearCapitalRealtimeCombatPresentationCaches'[39m[33m;[39m
06-23 23:31:15.547 21407 21767 E ReactNativeJS:  [90m   |[39m                                                               [31m[1m^[22m[39m
06-23 23:31:15.547 21407 21767 E ReactNativeJS:  [90m 7 |[39m [36mimport[39m { releaseGalaxyMapScrollIfRegistered } [36mfrom[39m [32m'./galaxyMapScrollLifecycle'[39m[33m;[39m
06-23 23:31:15.547 21407 21767 E ReactNativeJS:  [90m 8 |[39m
06-23 23:31:15.547 21407 21767 E ReactNativeJS:  [90m 9 |[39m [36mconst[39m deferredTileResetCallbacks [33m=[39m [36mnew[39m [33mSet[39m[33m<[39m() [33m=>[39m [36mvoid[39m[33m>[39m()[33m;[39m[0m] preventSymbolication: true }
06-23 23:31:15.583 21407 21767 E ReactNativeJS: { [Error: undefined Unable to resolve module ../combat/clearCapitalRealtimeCombatPresentationCaches from D:\arcfire20260607\src\game\galaxyMapStageSession.ts: 
06-23 23:31:15.583 21407 21767 E ReactNativeJS: 
06-23 23:31:15.583 21407 21767 E ReactNativeJS: None of these files exist:
06-23 23:31:15.583 21407 21767 E ReactNativeJS:   * src\combat\clearCapitalRealtimeCombatPresentationCaches(.android.ts|.native.ts|.ts|.android.tsx|.native.tsx|.tsx|.android.mjs|.native.mjs|.mjs|.android.js|.native.js|.js|.android.jsx|.native.jsx|.jsx|.android.json|.native.json|.json|.android.cjs|.native.cjs|.cjs|.android.scss|.native.scss|.scss|.android.sass|.native.sass|.sass|.android.css|.native.css|.css)
06-23 23:31:15.583 21407 21767 E ReactNativeJS:   * src\combat\clearCapitalRealtimeCombatPresentationCaches
06-23 23:31:15.583 21407 21767 E ReactNativeJS: [0m [90m 4 |[39m [90m */[39m
06-23 23:31:15.583 21407 21767 E ReactNativeJS:  [90m 5 |[39m
06-23 23:31:15.583 21407 21767 E ReactNativeJS: [31m[1m>[22m[39m[90m 6 |[39m [36mimport[39m { clearCapitalRealtimeCombatPresentationCaches } [36mfrom[39m [32m'../combat/clearCapitalRealtimeCombatPresentationCaches'[39m[33m;[39m
06-23 23:31:15.583 21407 21767 E ReactNativeJS:  [90m   |[39m                                                               [31m[1m^[22m[39m
06-23 23:31:15.583 21407 21767 E ReactNativeJS:  [90m 7 |[39m [36mimport[39m { releaseGalaxyMapScrollIfRegistered } [36mfrom[39m [32m'./galaxyMapScrollLifecycle'[39m[33m;[39m
06-23 23:31:15.583 21407 21767 E ReactNativeJS:  [90m 8 |[39m
06-23 23:31:15.583 21407 21767 E ReactNativeJS:  [90m 9 |[39m [36mconst[39m deferredTileResetCallbacks [33m=[39m [36mnew[39m [33mSet[39m[33m<[39m() [33m=>[39m [36mvoid[39m[33m>[39m()[33m;[39m[0m] preventSymbolication: true }
06-23 23:31:15.661 21407 21777 E ReactNativeJS: { [Error: undefined Unable to resolve module ../combat/clearCapitalRealtimeCombatPresentationCaches from D:\arcfire20260607\src\game\galaxyMapStageSession.ts: 
06-23 23:31:15.661 21407 21777 E ReactNativeJS: 
06-23 23:31:15.661 21407 21777 E ReactNativeJS: None of these files exist:
06-23 23:31:15.661 21407 21777 E ReactNativeJS:   * src\combat\clearCapitalRealtimeCombatPresentationCaches(.android.ts|.native.ts|.ts|.android.tsx|.native.tsx|.tsx|.android.mjs|.native.mjs|.mjs|.android.js|.native.js|.js|.android.jsx|.native.jsx|.jsx|.android.json|.native.json|.json|.android.cjs|.native.cjs|.cjs|.android.scss|.native.scss|.scss|.android.sass|.native.sass|.sass|.android.css|.native.css|.css)
06-23 23:31:15.661 21407 21777 E ReactNativeJS:   * src\combat\clearCapitalRealtimeCombatPresentationCaches
06-23 23:31:15.661 21407 21777 E ReactNativeJS: [0m [90m 4 |[39m [90m */[39m
06-23 23:31:15.661 21407 21777 E ReactNativeJS:  [90m 5 |[39m
06-23 23:31:15.661 21407 21777 E ReactNativeJS: [31m[1m>[22m[39m[90m 6 |[39m [36mimport[39m { clearCapitalRealtimeCombatPresentationCaches } [36mfrom[39m [32m'../combat/clearCapitalRealtimeCombatPresentationCaches'[39m[33m;[39m
06-23 23:31:15.661 21407 21777 E ReactNativeJS:  [90m   |[39m                                                               [31m[1m^[22m[39m
06-23 23:31:15.661 21407 21777 E ReactNativeJS:  [90m 7 |[39m [36mimport[39m { releaseGalaxyMapScrollIfRegistered } [36mfrom[39m [32m'./galaxyMapScrollLifecycle'[39m[33m;[39m
06-23 23:31:15.661 21407 21777 E ReactNativeJS:  [90m 8 |[39m
06-23 23:31:15.661 21407 21777 E ReactNativeJS:  [90m 9 |[39m [36mconst[39m deferredTileResetCallbacks [33m=[39m [36mnew[39m [33mSet[39m[33m<[39m() [33m=>[39m [36mvoid[39m[33m>[39m()[33m;[39m[0m] preventSymbolication: true }
06-23 23:31:18.073 21407 21767 E ReactNativeJS: { [Error: undefined Unable to resolve module ../combat/clearCapitalRealtimeCombatPresentationCaches from D:\arcfire20260607\src\game\galaxyMapStageSession.ts: 
06-23 23:31:18.073 21407 21767 E ReactNativeJS: 
06-23 23:31:18.073 21407 21767 E ReactNativeJS: None of these files exist:
06-23 23:31:18.073 21407 21767 E ReactNativeJS:   * src\combat\clearCapitalRealtimeCombatPresentationCaches(.android.ts|.native.ts|.ts|.android.tsx|.native.tsx|.tsx|.android.mjs|.native.mjs|.mjs|.android.js|.native.js|.js|.android.jsx|.native.jsx|.jsx|.android.json|.native.json|.json|.android.cjs|.native.cjs|.cjs|.android.scss|.native.scss|.scss|.android.sass|.native.sass|.sass|.android.css|.native.css|.css)
06-23 23:31:18.073 21407 21767 E ReactNativeJS:   * src\combat\clearCapitalRealtimeCombatPresentationCaches
06-23 23:31:18.073 21407 21767 E ReactNativeJS: [0m [90m 4 |[39m [90m */[39m
06-23 23:31:18.073 21407 21767 E ReactNativeJS:  [90m 5 |[39m
06-23 23:31:18.073 21407 21767 E ReactNativeJS: [31m[1m>[22m[39m[90m 6 |[39m [36mimport[39m { clearCapitalRealtimeCombatPresentationCaches } [36mfrom[39m [32m'../combat/clearCapitalRealtimeCombatPresentationCaches'[39m[33m;[39m
06-23 23:31:18.073 21407 21767 E ReactNativeJS:  [90m   |[39m                                                               [31m[1m^[22m[39m
06-23 23:31:18.073 21407 21767 E ReactNativeJS:  [90m 7 |[39m [36mimport[39m { releaseGalaxyMapScrollIfRegistered } [36mfrom[39m [32m'./galaxyMapScrollLifecycle'[39m[33m;[39m
06-23 23:31:18.073 21407 21767 E ReactNativeJS:  [90m 8 |[39m
06-23 23:31:18.073 21407 21767 E ReactNativeJS:  [90m 9 |[39m [36mconst[39m deferredTileResetCallbacks [33m=[39m [36mnew[39m [33mSet[39m[33m<[39m() [33m=>[39m [36mvoid[39m[33m>[39m()[33m;[39m[0m] preventSymbolication: true }
06-23 23:31:18.087 21407 21777 E ReactNativeJS: { [Error: undefined Unable to resolve module ../combat/clearCapitalRealtimeCombatPresentationCaches from D:\arcfire20260607\src\game\galaxyMapStageSession.ts: 
06-23 23:31:18.087 21407 21777 E ReactNativeJS: 
06-23 23:31:18.087 21407 21777 E ReactNativeJS: None of these files exist:
06-23 23:31:18.087 21407 21777 E ReactNativeJS:   * src\combat\clearCapitalRealtimeCombatPresentationCaches(.android.ts|.native.ts|.ts|.android.tsx|.native.tsx|.tsx|.android.mjs|.native.mjs|.mjs|.android.js|.native.js|.js|.android.jsx|.native.jsx|.jsx|.android.json|.native.json|.json|.android.cjs|.native.cjs|.cjs|.android.scss|.native.scss|.scss|.android.sass|.native.sass|.sass|.android.css|.native.css|.css)
06-23 23:31:18.087 21407 21777 E ReactNativeJS:   * src\combat\clearCapitalRealtimeCombatPresentationCaches
06-23 23:31:18.087 21407 21777 E ReactNativeJS: [0m [90m 4 |[39m [90m */[39m
06-23 23:31:18.087 21407 21777 E ReactNativeJS:  [90m 5 |[39m
06-23 23:31:18.087 21407 21777 E ReactNativeJS: [31m[1m>[22m[39m[90m 6 |[39m [36mimport[39m { clearCapitalRealtimeCombatPresentationCaches } [36mfrom[39m [32m'../combat/clearCapitalRealtimeCombatPresentationCaches'[39m[33m;[39m
06-23 23:31:18.087 21407 21777 E ReactNativeJS:  [90m   |[39m                                                               [31m[1m^[22m[39m
06-23 23:31:18.087 21407 21777 E ReactNativeJS:  [90m 7 |[39m [36mimport[39m { releaseGalaxyMapScrollIfRegistered } [36mfrom[39m [32m'./galaxyMapScrollLifecycle'[39m[33m;[39m
06-23 23:31:18.087 21407 21777 E ReactNativeJS:  [90m 8 |[39m
06-23 23:31:18.087 21407 21777 E ReactNativeJS:  [90m 9 |[39m [36mconst[39m deferredTileResetCallbacks [33m=[39m [36mnew[39m [33mSet[39m[33m<[39m() [33m=>[39m [36mvoid[39m[33m>[39m()[33m;[39m[0m] preventSymbolication: true }
06-23 23:31:21.855 21407 21777 E ReactNativeJS: { [Error: undefined Unable to resolve module ../combat/clearCapitalRealtimeCombatPresentationCaches from D:\arcfire20260607\src\game\galaxyMapStageSession.ts: 
06-23 23:31:21.855 21407 21777 E ReactNativeJS: 
06-23 23:31:21.855 21407 21777 E ReactNativeJS: None of these files exist:
06-23 23:31:21.855 21407 21777 E ReactNativeJS:   * src\combat\clearCapitalRealtimeCombatPresentationCaches(.android.ts|.native.ts|.ts|.android.tsx|.native.tsx|.tsx|.android.mjs|.native.mjs|.mjs|.android.js|.native.js|.js|.android.jsx|.native.jsx|.jsx|.android.json|.native.json|.json|.android.cjs|.native.cjs|.cjs|.android.scss|.native.scss|.scss|.android.sass|.native.sass|.sass|.android.css|.native.css|.css)
06-23 23:31:21.855 21407 21777 E ReactNativeJS:   * src\combat\clearCapitalRealtimeCombatPresentationCaches
06-23 23:31:21.855 21407 21777 E ReactNativeJS: [0m [90m 4 |[39m [90m */[39m
06-23 23:31:21.855 21407 21777 E ReactNativeJS:  [90m 5 |[39m
06-23 23:31:21.855 21407 21777 E ReactNativeJS: [31m[1m>[22m[39m[90m 6 |[39m [36mimport[39m { clearCapitalRealtimeCombatPresentationCaches } [36mfrom[39m [32m'../combat/clearCapitalRealtimeCombatPresentationCaches'[39m[33m;[39m
06-23 23:31:21.855 21407 21777 E ReactNativeJS:  [90m   |[39m                                                               [31m[1m^[22m[39m
06-23 23:31:21.855 21407 21777 E ReactNativeJS:  [90m 7 |[39m [36mimport[39m { releaseGalaxyMapScrollIfRegistered } [36mfrom[39m [32m'./galaxyMapScrollLifecycle'[39m[33m;[39m
06-23 23:31:21.855 21407 21777 E ReactNativeJS:  [90m 8 |[39m
06-23 23:31:21.855 21407 21777 E ReactNativeJS:  [90m 9 |[39m [36mconst[39m deferredTileResetCallbacks [33m=[39m [36mnew[39m [33mSet[39m[33m<[39m() [33m=>[39m [36mvoid[39m[33m>[39m()[33m;[39m[0m] preventSymbolication: true }
06-23 23:31:21.855 21407 21767 E ReactNativeJS: { [Error: undefined Unable to resolve module ../combat/clearCapitalRealtimeCombatPresentationCaches from D:\arcfire20260607\src\game\galaxyMapStageSession.ts: 
06-23 23:31:21.855 21407 21767 E ReactNativeJS: 
06-23 23:31:21.855 21407 21767 E ReactNativeJS: None of these files exist:
06-23 23:31:21.855 21407 21767 E ReactNativeJS:   * src\combat\clearCapitalRealtimeCombatPresentationCaches(.android.ts|.native.ts|.ts|.android.tsx|.native.tsx|.tsx|.android.mjs|.native.mjs|.mjs|.android.js|.native.js|.js|.android.jsx|.native.jsx|.jsx|.android.json|.native.json|.json|.android.cjs|.native.cjs|.cjs|.android.scss|.native.scss|.scss|.android.sass|.native.sass|.sass|.android.css|.native.css|.css)
06-23 23:31:21.855 21407 21767 E ReactNativeJS:   * src\combat\clearCapitalRealtimeCombatPresentationCaches
06-23 23:31:21.855 21407 21767 E ReactNativeJS: [0m [90m 4 |[39m [90m */[39m
06-23 23:31:21.855 21407 21767 E ReactNativeJS:  [90m 5 |[39m
06-23 23:31:21.855 21407 21767 E ReactNativeJS: [31m[1m>[22m[39m[90m 6 |[39m [36mimport[39m { clearCapitalRealtimeCombatPresentationCaches } [36mfrom[39m [32m'../combat/clearCapitalRealtimeCombatPresentationCaches'[39m[33m;[39m
06-23 23:31:21.855 21407 21767 E ReactNativeJS:  [90m   |[39m                                                               [31m[1m^[22m[39m
06-23 23:31:21.855 21407 21767 E ReactNativeJS:  [90m 7 |[39m [36mimport[39m { releaseGalaxyMapScrollIfRegistered } [36mfrom[39m [32m'./galaxyMapScrollLifecycle'[39m[33m;[39m
06-23 23:31:21.855 21407 21767 E ReactNativeJS:  [90m 8 |[39m
06-23 23:31:21.855 21407 21767 E ReactNativeJS:  [90m 9 |[39m [36mconst[39m deferredTileResetCallbacks [33m=[39m [36mnew[39m [33mSet[39m[33m<[39m() [33m=>[39m [36mvoid[39m[33m>[39m()[33m;[39m[0m] preventSymbolication: true }
06-23 23:31:24.356 21407 21767 E ReactNativeJS: { [Error: undefined Unable to resolve module ../combat/clearCapitalRealtimeCombatPresentationCaches from D:\arcfire20260607\src\game\galaxyMapStageSession.ts: 
06-23 23:31:24.356 21407 21767 E ReactNativeJS: 
06-23 23:31:24.356 21407 21767 E ReactNativeJS: None of these files exist:
06-23 23:31:24.356 21407 21767 E ReactNativeJS:   * src\combat\clearCapitalRealtimeCombatPresentationCaches(.android.ts|.native.ts|.ts|.android.tsx|.native.tsx|.tsx|.android.mjs|.native.mjs|.mjs|.android.js|.native.js|.js|.android.jsx|.native.jsx|.jsx|.android.json|.native.json|.json|.android.cjs|.native.cjs|.cjs|.android.scss|.native.scss|.scss|.android.sass|.native.sass|.sass|.android.css|.native.css|.css)
06-23 23:31:24.356 21407 21767 E ReactNativeJS:   * src\combat\clearCapitalRealtimeCombatPresentationCaches
06-23 23:31:24.356 21407 21767 E ReactNativeJS: [0m [90m 4 |[39m [90m */[39m
06-23 23:31:24.356 21407 21767 E ReactNativeJS:  [90m 5 |[39m
06-23 23:31:24.356 21407 21767 E ReactNativeJS: [31m[1m>[22m[39m[90m 6 |[39m [36mimport[39m { clearCapitalRealtimeCombatPresentationCaches } [36mfrom[39m [32m'../combat/clearCapitalRealtimeCombatPresentationCaches'[39m[33m;[39m
06-23 23:31:24.356 21407 21767 E ReactNativeJS:  [90m   |[39m                                                               [31m[1m^[22m[39m
06-23 23:31:24.356 21407 21767 E ReactNativeJS:  [90m 7 |[39m [36mimport[39m { releaseGalaxyMapScrollIfRegistered } [36mfrom[39m [32m'./galaxyMapScrollLifecycle'[39m[33m;[39m
06-23 23:31:24.356 21407 21767 E ReactNativeJS:  [90m 8 |[39m
06-23 23:31:24.356 21407 21767 E ReactNativeJS:  [90m 9 |[39m [36mconst[39m deferredTileResetCallbacks [33m=[39m [36mnew[39m [33mSet[39m[33m<[39m() [33m=>[39m [36mvoid[39m[33m>[39m()[33m;[39m[0m] preventSymbolication: true }
06-23 23:31:24.362 21407 21777 E ReactNativeJS: { [Error: undefined Unable to resolve module ../combat/clearCapitalRealtimeCombatPresentationCaches from D:\arcfire20260607\src\game\galaxyMapStageSession.ts: 
06-23 23:31:24.362 21407 21777 E ReactNativeJS: 
06-23 23:31:24.362 21407 21777 E ReactNativeJS: None of these files exist:
06-23 23:31:24.362 21407 21777 E ReactNativeJS:   * src\combat\clearCapitalRealtimeCombatPresentationCaches(.android.ts|.native.ts|.ts|.android.tsx|.native.tsx|.tsx|.android.mjs|.native.mjs|.mjs|.android.js|.native.js|.js|.android.jsx|.native.jsx|.jsx|.android.json|.native.json|.json|.android.cjs|.native.cjs|.cjs|.android.scss|.native.scss|.scss|.android.sass|.native.sass|.sass|.android.css|.native.css|.css)
06-23 23:31:24.362 21407 21777 E ReactNativeJS:   * src\combat\clearCapitalRealtimeCombatPresentationCaches
06-23 23:31:24.362 21407 21777 E ReactNativeJS: [0m [90m 4 |[39m [90m */[39m
06-23 23:31:24.362 21407 21777 E ReactNativeJS:  [90m 5 |[39m
06-23 23:31:24.362 21407 21777 E ReactNativeJS: [31m[1m>[22m[39m[90m 6 |[39m [36mimport[39m { clearCapitalRealtimeCombatPresentationCaches } [36mfrom[39m [32m'../combat/clearCapitalRealtimeCombatPresentationCaches'[39m[33m;[39m
06-23 23:31:24.362 21407 21777 E ReactNativeJS:  [90m   |[39m                                                               [31m[1m^[22m[39m
06-23 23:31:24.362 21407 21777 E ReactNativeJS:  [90m 7 |[39m [36mimport[39m { releaseGalaxyMapScrollIfRegistered } [36mfrom[39m [32m'./galaxyMapScrollLifecycle'[39m[33m;[39m
06-23 23:31:24.362 21407 21777 E ReactNativeJS:  [90m 8 |[39m
06-23 23:31:24.362 21407 21777 E ReactNativeJS:  [90m 9 |[39m [36mconst[39m deferredTileResetCallbacks [33m=[39m [36mnew[39m [33mSet[39m[33m<[39m() [33m=>[39m [36mvoid[39m[33m>[39m()[33m;[39m[0m] preventSymbolication: true }
06-23 23:31:24.678 21407 21767 E ReactNativeJS: { [Error: undefined Unable to resolve module ../combat/clearCapitalRealtimeCombatPresentationCaches from D:\arcfire20260607\src\game\galaxyMapStageSession.ts: 
06-23 23:31:24.678 21407 21767 E ReactNativeJS: 
06-23 23:31:24.678 21407 21767 E ReactNativeJS: None of these files exist:
06-23 23:31:24.678 21407 21767 E ReactNativeJS:   * src\combat\clearCapitalRealtimeCombatPresentationCaches(.android.ts|.native.ts|.ts|.android.tsx|.native.tsx|.tsx|.android.mjs|.native.mjs|.mjs|.android.js|.native.js|.js|.android.jsx|.native.jsx|.jsx|.android.json|.native.json|.json|.android.cjs|.native.cjs|.cjs|.android.scss|.native.scss|.scss|.android.sass|.native.sass|.sass|.android.css|.native.css|.css)
06-23 23:31:24.678 21407 21767 E ReactNativeJS:   * src\combat\clearCapitalRealtimeCombatPresentationCaches
06-23 23:31:24.678 21407 21767 E ReactNativeJS: [0m [90m 4 |[39m [90m */[39m
06-23 23:31:24.678 21407 21767 E ReactNativeJS:  [90m 5 |[39m
06-23 23:31:24.678 21407 21767 E ReactNativeJS: [31m[1m>[22m[39m[90m 6 |[39m [36mimport[39m { clearCapitalRealtimeCombatPresentationCaches } [36mfrom[39m [32m'../combat/clearCapitalRealtimeCombatPresentationCaches'[39m[33m;[39m
06-23 23:31:24.678 21407 21767 E ReactNativeJS:  [90m   |[39m                                                               [31m[1m^[22m[39m
06-23 23:31:24.678 21407 21767 E ReactNativeJS:  [90m 7 |[39m [36mimport[39m { releaseGalaxyMapScrollIfRegistered } [36mfrom[39m [32m'./galaxyMapScrollLifecycle'[39m[33m;[39m
06-23 23:31:24.678 21407 21767 E ReactNativeJS:  [90m 8 |[39m
06-23 23:31:24.678 21407 21767 E ReactNativeJS:  [90m 9 |[39m [36mconst[39m deferredTileResetCallbacks [33m=[39m [36mnew[39m [33mSet[39m[33m<[39m() [33m=>[39m [36mvoid[39m[33m>[39m()[33m;[39m[0m] preventSymbolication: true }
06-23 23:31:24.678 21407 21777 E ReactNativeJS: { [Error: undefined Unable to resolve module ../combat/clearCapitalRealtimeCombatPresentationCaches from D:\arcfire20260607\src\game\galaxyMapStageSession.ts: 
06-23 23:31:24.678 21407 21777 E ReactNativeJS: 
06-23 23:31:24.678 21407 21777 E ReactNativeJS: None of these files exist:
06-23 23:31:24.678 21407 21777 E ReactNativeJS:   * src\combat\clearCapitalRealtimeCombatPresentationCaches(.android.ts|.native.ts|.ts|.android.tsx|.native.tsx|.tsx|.android.mjs|.native.mjs|.mjs|.android.js|.native.js|.js|.android.jsx|.native.jsx|.jsx|.android.json|.native.json|.json|.android.cjs|.native.cjs|.cjs|.android.scss|.native.scss|.scss|.android.sass|.native.sass|.sass|.android.css|.native.css|.css)
06-23 23:31:24.678 21407 21777 E ReactNativeJS:   * src\combat\clearCapitalRealtimeCombatPresentationCaches
06-23 23:31:24.678 21407 21777 E ReactNativeJS: [0m [90m 4 |[39m [90m */[39m
06-23 23:31:24.678 21407 21777 E ReactNativeJS:  [90m 5 |[39m
06-23 23:31:24.678 21407 21777 E ReactNativeJS: [31m[1m>[22m[39m[90m 6 |[39m [36mimport[39m { clearCapitalRealtimeCombatPresentationCaches } [36mfrom[39m [32m'../combat/clearCapitalRealtimeCombatPresentationCaches'[39m[33m;[39m
06-23 23:31:24.678 21407 21777 E ReactNativeJS:  [90m   |[39m                                                               [31m[1m^[22m[39m
06-23 23:31:24.678 21407 21777 E ReactNativeJS:  [90m 7 |[39m [36mimport[39m { releaseGalaxyMapScrollIfRegistered } [36mfrom[39m [32m'./galaxyMapScrollLifecycle'[39m[33m;[39m
06-23 23:31:24.678 21407 21777 E ReactNativeJS:  [90m 8 |[39m
06-23 23:31:24.678 21407 21777 E ReactNativeJS:  [90m 9 |[39m [36mconst[39m deferredTileResetCallbacks [33m=[39m [36mnew[39m [33mSet[39m[33m<[39m() [33m=>[39m [36mvoid[39m[33m>[39m()[33m;[39m[0m] preventSymbolication: true }
06-23 23:31:38.974 21407 21767 E ReactNativeJS: { [Error: undefined Unable to resolve module ../combat/clearCapitalRealtimeCombatPresentationCaches from D:\arcfire20260607\src\game\galaxyMapStageSession.ts: 
06-23 23:31:38.974 21407 21767 E ReactNativeJS: 
06-23 23:31:38.974 21407 21767 E ReactNativeJS: None of these files exist:
06-23 23:31:38.974 21407 21767 E ReactNativeJS:   * src\combat\clearCapitalRealtimeCombatPresentationCaches(.android.ts|.native.ts|.ts|.android.tsx|.native.tsx|.tsx|.android.mjs|.native.mjs|.mjs|.android.js|.native.js|.js|.android.jsx|.native.jsx|.jsx|.android.json|.native.json|.json|.android.cjs|.native.cjs|.cjs|.android.scss|.native.scss|.scss|.android.sass|.native.sass|.sass|.android.css|.native.css|.css)
06-23 23:31:38.974 21407 21767 E ReactNativeJS:   * src\combat\clearCapitalRealtimeCombatPresentationCaches
06-23 23:31:38.974 21407 21767 E ReactNativeJS: [0m [90m 4 |[39m [90m */[39m
06-23 23:31:38.974 21407 21767 E ReactNativeJS:  [90m 5 |[39m
06-23 23:31:38.974 21407 21767 E ReactNativeJS: [31m[1m>[22m[39m[90m 6 |[39m [36mimport[39m { clearCapitalRealtimeCombatPresentationCaches } [36mfrom[39m [32m'../combat/clearCapitalRealtimeCombatPresentationCaches'[39m[33m;[39m
06-23 23:31:38.974 21407 21767 E ReactNativeJS:  [90m   |[39m                                                               [31m[1m^[22m[39m
06-23 23:31:38.974 21407 21767 E ReactNativeJS:  [90m 7 |[39m [36mimport[39m { releaseGalaxyMapScrollIfRegistered } [36mfrom[39m [32m'./galaxyMapScrollLifecycle'[39m[33m;[39m
06-23 23:31:38.974 21407 21767 E ReactNativeJS:  [90m 8 |[39m
06-23 23:31:38.974 21407 21767 E ReactNativeJS:  [90m 9 |[39m [36mconst[39m deferredTileResetCallbacks [33m=[39m [36mnew[39m [33mSet[39m[33m<[39m() [33m=>[39m [36mvoid[39m[33m>[39m()[33m;[39m[0m] preventSymbolication: true }
06-23 23:31:39.073 21407 21777 E ReactNativeJS: { [Error: undefined Unable to resolve module ../combat/clearCapitalRealtimeCombatPresentationCaches from D:\arcfire20260607\src\game\galaxyMapStageSession.ts: 
06-23 23:31:39.073 21407 21777 E ReactNativeJS: 
06-23 23:31:39.073 21407 21777 E ReactNativeJS: None of these files exist:
06-23 23:31:39.073 21407 21777 E ReactNativeJS:   * src\combat\clearCapitalRealtimeCombatPresentationCaches(.android.ts|.native.ts|.ts|.android.tsx|.native.tsx|.tsx|.android.mjs|.native.mjs|.mjs|.android.js|.native.js|.js|.android.jsx|.native.jsx|.jsx|.android.json|.native.json|.json|.android.cjs|.native.cjs|.cjs|.android.scss|.native.scss|.scss|.android.sass|.native.sass|.sass|.android.css|.native.css|.css)
06-23 23:31:39.073 21407 21777 E ReactNativeJS:   * src\combat\clearCapitalRealtimeCombatPresentationCaches
06-23 23:31:39.073 21407 21777 E ReactNativeJS: [0m [90m 4 |[39m [90m */[39m
06-23 23:31:39.073 21407 21777 E ReactNativeJS:  [90m 5 |[39m
06-23 23:31:39.073 21407 21777 E ReactNativeJS: [31m[1m>[22m[39m[90m 6 |[39m [36mimport[39m { clearCapitalRealtimeCombatPresentationCaches } [36mfrom[39m [32m'../combat/clearCapitalRealtimeCombatPresentationCaches'[39m[33m;[39m
06-23 23:31:39.073 21407 21777 E ReactNativeJS:  [90m   |[39m                                                               [31m[1m^[22m[39m
06-23 23:31:39.073 21407 21777 E ReactNativeJS:  [90m 7 |[39m [36mimport[39m { releaseGalaxyMapScrollIfRegistered } [36mfrom[39m [32m'./galaxyMapScrollLifecycle'[39m[33m;[39m
06-23 23:31:39.073 21407 21777 E ReactNativeJS:  [90m 8 |[39m
06-23 23:31:39.073 21407 21777 E ReactNativeJS:  [90m 9 |[39m [36mconst[39m deferredTileResetCallbacks [33m=[39m [36mnew[39m [33mSet[39m[33m<[39m() [33m=>[39m [36mvoid[39m[33m>[39m()[33m;[39m[0m] preventSymbolication: true }
06-23 23:31:39.270 21407 21777 E ReactNativeJS: { [Error: undefined Unable to resolve module ../combat/clearCapitalRealtimeCombatPresentationCaches from D:\arcfire20260607\src\game\galaxyMapStageSession.ts: 
06-23 23:31:39.270 21407 21777 E ReactNativeJS: 
06-23 23:31:39.270 21407 21777 E ReactNativeJS: None of these files exist:
06-23 23:31:39.270 21407 21777 E ReactNativeJS:   * src\combat\clearCapitalRealtimeCombatPresentationCaches(.android.ts|.native.ts|.ts|.android.tsx|.native.tsx|.tsx|.android.mjs|.native.mjs|.mjs|.android.js|.native.js|.js|.android.jsx|.native.jsx|.jsx|.android.json|.native.json|.json|.android.cjs|.native.cjs|.cjs|.android.scss|.native.scss|.scss|.android.sass|.native.sass|.sass|.android.css|.native.css|.css)
06-23 23:31:39.270 21407 21777 E ReactNativeJS:   * src\combat\clearCapitalRealtimeCombatPresentationCaches
06-23 23:31:39.270 21407 21777 E ReactNativeJS: [0m [90m 4 |[39m [90m */[39m
06-23 23:31:39.270 21407 21777 E ReactNativeJS:  [90m 5 |[39m
06-23 23:31:39.270 21407 21777 E ReactNativeJS: [31m[1m>[22m[39m[90m 6 |[39m [36mimport[39m { clearCapitalRealtimeCombatPresentationCaches } [36mfrom[39m [32m'../combat/clearCapitalRealtimeCombatPresentationCaches'[39m[33m;[39m
06-23 23:31:39.270 21407 21777 E ReactNativeJS:  [90m   |[39m                                                               [31m[1m^[22m[39m
06-23 23:31:39.270 21407 21777 E ReactNativeJS:  [90m 7 |[39m [36mimport[39m { releaseGalaxyMapScrollIfRegistered } [36mfrom[39m [32m'./galaxyMapScrollLifecycle'[39m[33m;[39m
06-23 23:31:39.270 21407 21777 E ReactNativeJS:  [90m 8 |[39m
06-23 23:31:39.270 21407 21777 E ReactNativeJS:  [90m 9 |[39m [36mconst[39m deferredTileResetCallbacks [33m=[39m [36mnew[39m [33mSet[39m[33m<[39m() [33m=>[39m [36mvoid[39m[33m>[39m()[33m;[39m[0m] preventSymbolication: true }
06-23 23:31:39.272 21407 21767 E ReactNativeJS: { [Error: undefined Unable to resolve module ../combat/clearCapitalRealtimeCombatPresentationCaches from D:\arcfire20260607\src\game\galaxyMapStageSession.ts: 
06-23 23:31:39.272 21407 21767 E ReactNativeJS: 
06-23 23:31:39.272 21407 21767 E ReactNativeJS: None of these files exist:
06-23 23:31:39.272 21407 21767 E ReactNativeJS:   * src\combat\clearCapitalRealtimeCombatPresentationCaches(.android.ts|.native.ts|.ts|.android.tsx|.native.tsx|.tsx|.android.mjs|.native.mjs|.mjs|.android.js|.native.js|.js|.android.jsx|.native.jsx|.jsx|.android.json|.native.json|.json|.android.cjs|.native.cjs|.cjs|.android.scss|.native.scss|.scss|.android.sass|.native.sass|.sass|.android.css|.native.css|.css)
06-23 23:31:39.272 21407 21767 E ReactNativeJS:   * src\combat\clearCapitalRealtimeCombatPresentationCaches
06-23 23:31:39.272 21407 21767 E ReactNativeJS: [0m [90m 4 |[39m [90m */[39m
06-23 23:31:39.272 21407 21767 E ReactNativeJS:  [90m 5 |[39m
06-23 23:31:39.272 21407 21767 E ReactNativeJS: [31m[1m>[22m[39m[90m 6 |[39m [36mimport[39m { clearCapitalRealtimeCombatPresentationCaches } [36mfrom[39m [32m'../combat/clearCapitalRealtimeCombatPresentationCaches'[39m[33m;[39m
06-23 23:31:39.272 21407 21767 E ReactNativeJS:  [90m   |[39m                                                               [31m[1m^[22m[39m
06-23 23:31:39.272 21407 21767 E ReactNativeJS:  [90m 7 |[39m [36mimport[39m { releaseGalaxyMapScrollIfRegistered } [36mfrom[39m [32m'./galaxyMapScrollLifecycle'[39m[33m;[39m
06-23 23:31:39.272 21407 21767 E ReactNativeJS:  [90m 8 |[39m
06-23 23:31:39.272 21407 21767 E ReactNativeJS:  [90m 9 |[39m [36mconst[39m deferredTileResetCallbacks [33m=[39m [36mnew[39m [33mSet[39m[33m<[39m() [33m=>[39m [36mvoid[39m[33m>[39m()[33m;[39m[0m] preventSymbolication: true }
06-23 23:31:40.790 21407 21767 E ReactNativeJS: { [Error: undefined Unable to resolve module ../combat/clearCapitalRealtimeCombatPresentationCaches from D:\arcfire20260607\src\game\galaxyMapStageSession.ts: 
06-23 23:31:40.790 21407 21767 E ReactNativeJS: 
06-23 23:31:40.790 21407 21767 E ReactNativeJS: None of these files exist:
06-23 23:31:40.790 21407 21767 E ReactNativeJS:   * src\combat\clearCapitalRealtimeCombatPresentationCaches(.android.ts|.native.ts|.ts|.android.tsx|.native.tsx|.tsx|.android.mjs|.native.mjs|.mjs|.android.js|.native.js|.js|.android.jsx|.native.jsx|.jsx|.android.json|.native.json|.json|.android.cjs|.native.cjs|.cjs|.android.scss|.native.scss|.scss|.android.sass|.native.sass|.sass|.android.css|.native.css|.css)
06-23 23:31:40.790 21407 21767 E ReactNativeJS:   * src\combat\clearCapitalRealtimeCombatPresentationCaches
06-23 23:31:40.790 21407 21767 E ReactNativeJS: [0m [90m 4 |[39m [90m */[39m
06-23 23:31:40.790 21407 21767 E ReactNativeJS:  [90m 5 |[39m
06-23 23:31:40.790 21407 21767 E ReactNativeJS: [31m[1m>[22m[39m[90m 6 |[39m [36mimport[39m { clearCapitalRealtimeCombatPresentationCaches } [36mfrom[39m [32m'../combat/clearCapitalRealtimeCombatPresentationCaches'[39m[33m;[39m
06-23 23:31:40.790 21407 21767 E ReactNativeJS:  [90m   |[39m                                                               [31m[1m^[22m[39m
06-23 23:31:40.790 21407 21767 E ReactNativeJS:  [90m 7 |[39m [36mimport[39m { releaseGalaxyMapScrollIfRegistered } [36mfrom[39m [32m'./galaxyMapScrollLifecycle'[39m[33m;[39m
06-23 23:31:40.790 21407 21767 E ReactNativeJS:  [90m 8 |[39m
06-23 23:31:40.790 21407 21767 E ReactNativeJS:  [90m 9 |[39m [36mconst[39m deferredTileResetCallbacks [33m=[39m [36mnew[39m [33mSet[39m[33m<[39m() [33m=>[39m [36mvoid[39m[33m>[39m()[33m;[39m[0m] preventSymbolication: true }
06-23 23:31:40.791 21407 21777 E ReactNativeJS: { [Error: undefined Unable to resolve module ../combat/clearCapitalRealtimeCombatPresentationCaches from D:\arcfire20260607\src\game\galaxyMapStageSession.ts: 
06-23 23:31:40.791 21407 21777 E ReactNativeJS: 
06-23 23:31:40.791 21407 21777 E ReactNativeJS: None of these files exist:
06-23 23:31:40.791 21407 21777 E ReactNativeJS:   * src\combat\clearCapitalRealtimeCombatPresentationCaches(.android.ts|.native.ts|.ts|.android.tsx|.native.tsx|.tsx|.android.mjs|.native.mjs|.mjs|.android.js|.native.js|.js|.android.jsx|.native.jsx|.jsx|.android.json|.native.json|.json|.android.cjs|.native.cjs|.cjs|.android.scss|.native.scss|.scss|.android.sass|.native.sass|.sass|.android.css|.native.css|.css)
06-23 23:31:40.791 21407 21777 E ReactNativeJS:   * src\combat\clearCapitalRealtimeCombatPresentationCaches
06-23 23:31:40.791 21407 21777 E ReactNativeJS: [0m [90m 4 |[39m [90m */[39m
06-23 23:31:40.791 21407 21777 E ReactNativeJS:  [90m 5 |[39m
06-23 23:31:40.791 21407 21777 E ReactNativeJS: [31m[1m>[22m[39m[90m 6 |[39m [36mimport[39m { clearCapitalRealtimeCombatPresentationCaches } [36mfrom[39m [32m'../combat/clearCapitalRealtimeCombatPresentationCaches'[39m[33m;[39m
06-23 23:31:40.791 21407 21777 E ReactNativeJS:  [90m   |[39m                                                               [31m[1m^[22m[39m
06-23 23:31:40.791 21407 21777 E ReactNativeJS:  [90m 7 |[39m [36mimport[39m { releaseGalaxyMapScrollIfRegistered } [36mfrom[39m [32m'./galaxyMapScrollLifecycle'[39m[33m;[39m
06-23 23:31:40.791 21407 21777 E ReactNativeJS:  [90m 8 |[39m
06-23 23:31:40.791 21407 21777 E ReactNativeJS:  [90m 9 |[39m [36mconst[39m deferredTileResetCallbacks [33m=[39m [36mnew[39m [33mSet[39m[33m<[39m() [33m=>[39m [36mvoid[39m[33m>[39m()[33m;[39m[0m] preventSymbolication: true }
06-23 23:31:58.922 21407 21767 E ReactNativeJS: { [Error: undefined Unable to resolve module ../combat/clearCapitalRealtimeCombatPresentationCaches from D:\arcfire20260607\src\game\galaxyMapStageSession.ts: 
06-23 23:31:58.922 21407 21767 E ReactNativeJS: 
06-23 23:31:58.922 21407 21767 E ReactNativeJS: None of these files exist:
06-23 23:31:58.922 21407 21767 E ReactNativeJS:   * src\combat\clearCapitalRealtimeCombatPresentationCaches(.android.ts|.native.ts|.ts|.android.tsx|.native.tsx|.tsx|.android.mjs|.native.mjs|.mjs|.android.js|.native.js|.js|.android.jsx|.native.jsx|.jsx|.android.json|.native.json|.json|.android.cjs|.native.cjs|.cjs|.android.scss|.native.scss|.scss|.android.sass|.native.sass|.sass|.android.css|.native.css|.css)
06-23 23:31:58.922 21407 21767 E ReactNativeJS:   * src\combat\clearCapitalRealtimeCombatPresentationCaches
06-23 23:31:58.922 21407 21767 E ReactNativeJS: [0m [90m 4 |[39m [90m */[39m
06-23 23:31:58.922 21407 21767 E ReactNativeJS:  [90m 5 |[39m
06-23 23:31:58.922 21407 21767 E ReactNativeJS: [31m[1m>[22m[39m[90m 6 |[39m [36mimport[39m { clearCapitalRealtimeCombatPresentationCaches } [36mfrom[39m [32m'../combat/clearCapitalRealtimeCombatPresentationCaches'[39m[33m;[39m
06-23 23:31:58.922 21407 21767 E ReactNativeJS:  [90m   |[39m                                                               [31m[1m^[22m[39m
06-23 23:31:58.922 21407 21767 E ReactNativeJS:  [90m 7 |[39m [36mimport[39m { releaseGalaxyMapScrollIfRegistered } [36mfrom[39m [32m'./galaxyMapScrollLifecycle'[39m[33m;[39m
06-23 23:31:58.922 21407 21767 E ReactNativeJS:  [90m 8 |[39m
06-23 23:31:58.922 21407 21767 E ReactNativeJS:  [90m 9 |[39m [36mconst[39m deferredTileResetCallbacks [33m=[39m [36mnew[39m [33mSet[39m[33m<[39m() [33m=>[39m [36mvoid[39m[33m>[39m()[33m;[39m[0m] preventSymbolication: true }
06-23 23:31:58.971 21407 21777 E ReactNativeJS: { [Error: undefined Unable to resolve module ../combat/clearCapitalRealtimeCombatPresentationCaches from D:\arcfire20260607\src\game\galaxyMapStageSession.ts: 
06-23 23:31:58.971 21407 21777 E ReactNativeJS: 
06-23 23:31:58.971 21407 21777 E ReactNativeJS: None of these files exist:
06-23 23:31:58.971 21407 21777 E ReactNativeJS:   * src\combat\clearCapitalRealtimeCombatPresentationCaches(.android.ts|.native.ts|.ts|.android.tsx|.native.tsx|.tsx|.android.mjs|.native.mjs|.mjs|.android.js|.native.js|.js|.android.jsx|.native.jsx|.jsx|.android.json|.native.json|.json|.android.cjs|.native.cjs|.cjs|.android.scss|.native.scss|.scss|.android.sass|.native.sass|.sass|.android.css|.native.css|.css)
06-23 23:31:58.971 21407 21777 E ReactNativeJS:   * src\combat\clearCapitalRealtimeCombatPresentationCaches
06-23 23:31:58.971 21407 21777 E ReactNativeJS: [0m [90m 4 |[39m [90m */[39m
06-23 23:31:58.971 21407 21777 E ReactNativeJS:  [90m 5 |[39m
06-23 23:31:58.971 21407 21777 E ReactNativeJS: [31m[1m>[22m[39m[90m 6 |[39m [36mimport[39m { clearCapitalRealtimeCombatPresentationCaches } [36mfrom[39m [32m'../combat/clearCapitalRealtimeCombatPresentationCaches'[39m[33m;[39m
06-23 23:31:58.971 21407 21777 E ReactNativeJS:  [90m   |[39m                                                               [31m[1m^[22m[39m
06-23 23:31:58.971 21407 21777 E ReactNativeJS:  [90m 7 |[39m [36mimport[39m { releaseGalaxyMapScrollIfRegistered } [36mfrom[39m [32m'./galaxyMapScrollLifecycle'[39m[33m;[39m
06-23 23:31:58.971 21407 21777 E ReactNativeJS:  [90m 8 |[39m
06-23 23:31:58.971 21407 21777 E ReactNativeJS:  [90m 9 |[39m [36mconst[39m deferredTileResetCallbacks [33m=[39m [36mnew[39m [33mSet[39m[33m<[39m() [33m=>[39m [36mvoid[39m[33m>[39m()[33m;[39m[0m] preventSymbolication: true }
06-23 23:32:00.863 21407 21767 E ReactNativeJS: { [Error: undefined Unable to resolve module ../combat/clearCapitalRealtimeCombatPresentationCaches from D:\arcfire20260607\src\game\galaxyMapStageSession.ts: 
06-23 23:32:00.863 21407 21767 E ReactNativeJS: 
06-23 23:32:00.863 21407 21767 E ReactNativeJS: None of these files exist:
06-23 23:32:00.863 21407 21767 E ReactNativeJS:   * src\combat\clearCapitalRealtimeCombatPresentationCaches(.android.ts|.native.ts|.ts|.android.tsx|.native.tsx|.tsx|.android.mjs|.native.mjs|.mjs|.android.js|.native.js|.js|.android.jsx|.native.jsx|.jsx|.android.json|.native.json|.json|.android.cjs|.native.cjs|.cjs|.android.scss|.native.scss|.scss|.android.sass|.native.sass|.sass|.android.css|.native.css|.css)
06-23 23:32:00.863 21407 21767 E ReactNativeJS:   * src\combat\clearCapitalRealtimeCombatPresentationCaches
06-23 23:32:00.863 21407 21767 E ReactNativeJS: [0m [90m 4 |[39m [90m */[39m
06-23 23:32:00.863 21407 21767 E ReactNativeJS:  [90m 5 |[39m
06-23 23:32:00.863 21407 21767 E ReactNativeJS: [31m[1m>[22m[39m[90m 6 |[39m [36mimport[39m { clearCapitalRealtimeCombatPresentationCaches } [36mfrom[39m [32m'../combat/clearCapitalRealtimeCombatPresentationCaches'[39m[33m;[39m
06-23 23:32:00.863 21407 21767 E ReactNativeJS:  [90m   |[39m                                                               [31m[1m^[22m[39m
06-23 23:32:00.863 21407 21767 E ReactNativeJS:  [90m 7 |[39m [36mimport[39m { releaseGalaxyMapScrollIfRegistered } [36mfrom[39m [32m'./galaxyMapScrollLifecycle'[39m[33m;[39m
06-23 23:32:00.863 21407 21767 E ReactNativeJS:  [90m 8 |[39m
06-23 23:32:00.863 21407 21767 E ReactNativeJS:  [90m 9 |[39m [36mconst[39m deferredTileResetCallbacks [33m=[39m [36mnew[39m [33mSet[39m[33m<[39m() [33m=>[39m [36mvoid[39m[33m>[39m()[33m;[39m[0m] preventSymbolication: true }
06-23 23:32:00.882 21407 21777 E ReactNativeJS: { [Error: undefined Unable to resolve module ../combat/clearCapitalRealtimeCombatPresentationCaches from D:\arcfire20260607\src\game\galaxyMapStageSession.ts: 
06-23 23:32:00.882 21407 21777 E ReactNativeJS: 
06-23 23:32:00.882 21407 21777 E ReactNativeJS: None of these files exist:
06-23 23:32:00.882 21407 21777 E ReactNativeJS:   * src\combat\clearCapitalRealtimeCombatPresentationCaches(.android.ts|.native.ts|.ts|.android.tsx|.native.tsx|.tsx|.android.mjs|.native.mjs|.mjs|.android.js|.native.js|.js|.android.jsx|.native.jsx|.jsx|.android.json|.native.json|.json|.android.cjs|.native.cjs|.cjs|.android.scss|.native.scss|.scss|.android.sass|.native.sass|.sass|.android.css|.native.css|.css)
06-23 23:32:00.882 21407 21777 E ReactNativeJS:   * src\combat\clearCapitalRealtimeCombatPresentationCaches
06-23 23:32:00.882 21407 21777 E ReactNativeJS: [0m [90m 4 |[39m [90m */[39m
06-23 23:32:00.882 21407 21777 E ReactNativeJS:  [90m 5 |[39m
06-23 23:32:00.882 21407 21777 E ReactNativeJS: [31m[1m>[22m[39m[90m 6 |[39m [36mimport[39m { clearCapitalRealtimeCombatPresentationCaches } [36mfrom[39m [32m'../combat/clearCapitalRealtimeCombatPresentationCaches'[39m[33m;[39m
06-23 23:32:00.882 21407 21777 E ReactNativeJS:  [90m   |[39m                                                               [31m[1m^[22m[39m
06-23 23:32:00.882 21407 21777 E ReactNativeJS:  [90m 7 |[39m [36mimport[39m { releaseGalaxyMapScrollIfRegistered } [36mfrom[39m [32m'./galaxyMapScrollLifecycle'[39m[33m;[39m
06-23 23:32:00.882 21407 21777 E ReactNativeJS:  [90m 8 |[39m
06-23 23:32:00.882 21407 21777 E ReactNativeJS:  [90m 9 |[39m [36mconst[39m deferredTileResetCallbacks [33m=[39m [36mnew[39m [33mSet[39m[33m<[39m() [33m=>[39m [36mvoid[39m[33m>[39m()[33m;[39m[0m] preventSymbolication: true }
06-23 23:32:03.647 21407 21767 E ReactNativeJS: { [Error: undefined Unable to resolve module ../combat/clearCapitalRealtimeCombatPresentationCaches from D:\arcfire20260607\src\game\galaxyMapStageSession.ts: 
06-23 23:32:03.647 21407 21767 E ReactNativeJS: 
06-23 23:32:03.647 21407 21767 E ReactNativeJS: None of these files exist:
06-23 23:32:03.647 21407 21767 E ReactNativeJS:   * src\combat\clearCapitalRealtimeCombatPresentationCaches(.android.ts|.native.ts|.ts|.android.tsx|.native.tsx|.tsx|.android.mjs|.native.mjs|.mjs|.android.js|.native.js|.js|.android.jsx|.native.jsx|.jsx|.android.json|.native.json|.json|.android.cjs|.native.cjs|.cjs|.android.scss|.native.scss|.scss|.android.sass|.native.sass|.sass|.android.css|.native.css|.css)
06-23 23:32:03.647 21407 21767 E ReactNativeJS:   * src\combat\clearCapitalRealtimeCombatPresentationCaches
06-23 23:32:03.647 21407 21767 E ReactNativeJS: [0m [90m 4 |[39m [90m */[39m
06-23 23:32:03.647 21407 21767 E ReactNativeJS:  [90m 5 |[39m
06-23 23:32:03.647 21407 21767 E ReactNativeJS: [31m[1m>[22m[39m[90m 6 |[39m [36mimport[39m { clearCapitalRealtimeCombatPresentationCaches } [36mfrom[39m [32m'../combat/clearCapitalRealtimeCombatPresentationCaches'[39m[33m;[39m
06-23 23:32:03.647 21407 21767 E ReactNativeJS:  [90m   |[39m                                                               [31m[1m^[22m[39m
06-23 23:32:03.647 21407 21767 E ReactNativeJS:  [90m 7 |[39m [36mimport[39m { releaseGalaxyMapScrollIfRegistered } [36mfrom[39m [32m'./galaxyMapScrollLifecycle'[39m[33m;[39m
06-23 23:32:03.647 21407 21767 E ReactNativeJS:  [90m 8 |[39m
06-23 23:32:03.647 21407 21767 E ReactNativeJS:  [90m 9 |[39m [36mconst[39m deferredTileResetCallbacks [33m=[39m [36mnew[39m [33mSet[39m[33m<[39m() [33m=>[39m [36mvoid[39m[33m>[39m()[33m;[39m[0m] preventSymbolication: true }
06-23 23:32:03.673 21407 21777 E ReactNativeJS: { [Error: undefined Unable to resolve module ../combat/clearCapitalRealtimeCombatPresentationCaches from D:\arcfire20260607\src\game\galaxyMapStageSession.ts: 
06-23 23:32:03.673 21407 21777 E ReactNativeJS: 
06-23 23:32:03.673 21407 21777 E ReactNativeJS: None of these files exist:
06-23 23:32:03.673 21407 21777 E ReactNativeJS:   * src\combat\clearCapitalRealtimeCombatPresentationCaches(.android.ts|.native.ts|.ts|.android.tsx|.native.tsx|.tsx|.android.mjs|.native.mjs|.mjs|.android.js|.native.js|.js|.android.jsx|.native.jsx|.jsx|.android.json|.native.json|.json|.android.cjs|.native.cjs|.cjs|.android.scss|.native.scss|.scss|.android.sass|.native.sass|.sass|.android.css|.native.css|.css)
06-23 23:32:03.673 21407 21777 E ReactNativeJS:   * src\combat\clearCapitalRealtimeCombatPresentationCaches
06-23 23:32:03.673 21407 21777 E ReactNativeJS: [0m [90m 4 |[39m [90m */[39m
06-23 23:32:03.673 21407 21777 E ReactNativeJS:  [90m 5 |[39m
06-23 23:32:03.673 21407 21777 E ReactNativeJS: [31m[1m>[22m[39m[90m 6 |[39m [36mimport[39m { clearCapitalRealtimeCombatPresentationCaches } [36mfrom[39m [32m'../combat/clearCapitalRealtimeCombatPresentationCaches'[39m[33m;[39m
06-23 23:32:03.673 21407 21777 E ReactNativeJS:  [90m   |[39m                                                               [31m[1m^[22m[39m
06-23 23:32:03.673 21407 21777 E ReactNativeJS:  [90m 7 |[39m [36mimport[39m { releaseGalaxyMapScrollIfRegistered } [36mfrom[39m [32m'./galaxyMapScrollLifecycle'[39m[33m;[39m
06-23 23:32:03.673 21407 21777 E ReactNativeJS:  [90m 8 |[39m
06-23 23:32:03.673 21407 21777 E ReactNativeJS:  [90m 9 |[39m [36mconst[39m deferredTileResetCallbacks [33m=[39m [36mnew[39m [33mSet[39m[33m<[39m() [33m=>[39m [36mvoid[39m[33m>[39m()[33m;[39m[0m] preventSymbolication: true }
06-23 23:32:06.840 21407 21777 E ReactNativeJS: { [Error: undefined Unable to resolve module ../combat/clearCapitalRealtimeCombatPresentationCaches from D:\arcfire20260607\src\game\galaxyMapStageSession.ts: 
06-23 23:32:06.840 21407 21777 E ReactNativeJS: 
06-23 23:32:06.840 21407 21777 E ReactNativeJS: None of these files exist:
06-23 23:32:06.840 21407 21777 E ReactNativeJS:   * src\combat\clearCapitalRealtimeCombatPresentationCaches(.android.ts|.native.ts|.ts|.android.tsx|.native.tsx|.tsx|.android.mjs|.native.mjs|.mjs|.android.js|.native.js|.js|.android.jsx|.native.jsx|.jsx|.android.json|.native.json|.json|.android.cjs|.native.cjs|.cjs|.android.scss|.native.scss|.scss|.android.sass|.native.sass|.sass|.android.css|.native.css|.css)
06-23 23:32:06.840 21407 21777 E ReactNativeJS:   * src\combat\clearCapitalRealtimeCombatPresentationCaches
06-23 23:32:06.840 21407 21777 E ReactNativeJS: [0m [90m 4 |[39m [90m */[39m
06-23 23:32:06.840 21407 21777 E ReactNativeJS:  [90m 5 |[39m
06-23 23:32:06.840 21407 21777 E ReactNativeJS: [31m[1m>[22m[39m[90m 6 |[39m [36mimport[39m { clearCapitalRealtimeCombatPresentationCaches } [36mfrom[39m [32m'../combat/clearCapitalRealtimeCombatPresentationCaches'[39m[33m;[39m
06-23 23:32:06.840 21407 21777 E ReactNativeJS:  [90m   |[39m                                                               [31m[1m^[22m[39m
06-23 23:32:06.840 21407 21777 E ReactNativeJS:  [90m 7 |[39m [36mimport[39m { releaseGalaxyMapScrollIfRegistered } [36mfrom[39m [32m'./galaxyMapScrollLifecycle'[39m[33m;[39m
06-23 23:32:06.840 21407 21777 E ReactNativeJS:  [90m 8 |[39m
06-23 23:32:06.840 21407 21777 E ReactNativeJS:  [90m 9 |[39m [36mconst[39m deferredTileResetCallbacks [33m=[39m [36mnew[39m [33mSet[39m[33m<[39m() [33m=>[39m [36mvoid[39m[33m>[39m()[33m;[39m[0m] preventSymbolication: true }
06-23 23:32:06.844 21407 21767 E ReactNativeJS: { [Error: undefined Unable to resolve module ../combat/clearCapitalRealtimeCombatPresentationCaches from D:\arcfire20260607\src\game\galaxyMapStageSession.ts: 
06-23 23:32:06.844 21407 21767 E ReactNativeJS: 
06-23 23:32:06.844 21407 21767 E ReactNativeJS: None of these files exist:
06-23 23:32:06.844 21407 21767 E ReactNativeJS:   * src\combat\clearCapitalRealtimeCombatPresentationCaches(.android.ts|.native.ts|.ts|.android.tsx|.native.tsx|.tsx|.android.mjs|.native.mjs|.mjs|.android.js|.native.js|.js|.android.jsx|.native.jsx|.jsx|.android.json|.native.json|.json|.android.cjs|.native.cjs|.cjs|.android.scss|.native.scss|.scss|.android.sass|.native.sass|.sass|.android.css|.native.css|.css)
06-23 23:32:06.844 21407 21767 E ReactNativeJS:   * src\combat\clearCapitalRealtimeCombatPresentationCaches
06-23 23:32:06.844 21407 21767 E ReactNativeJS: [0m [90m 4 |[39m [90m */[39m
06-23 23:32:06.844 21407 21767 E ReactNativeJS:  [90m 5 |[39m
06-23 23:32:06.844 21407 21767 E ReactNativeJS: [31m[1m>[22m[39m[90m 6 |[39m [36mimport[39m { clearCapitalRealtimeCombatPresentationCaches } [36mfrom[39m [32m'../combat/clearCapitalRealtimeCombatPresentationCaches'[39m[33m;[39m
06-23 23:32:06.844 21407 21767 E ReactNativeJS:  [90m   |[39m                                                               [31m[1m^[22m[39m
06-23 23:32:06.844 21407 21767 E ReactNativeJS:  [90m 7 |[39m [36mimport[39m { releaseGalaxyMapScrollIfRegistered } [36mfrom[39m [32m'./galaxyMapScrollLifecycle'[39m[33m;[39m
06-23 23:32:06.844 21407 21767 E ReactNativeJS:  [90m 8 |[39m
06-23 23:32:06.844 21407 21767 E ReactNativeJS:  [90m 9 |[39m [36mconst[39m deferredTileResetCallbacks [33m=[39m [36mnew[39m [33mSet[39m[33m<[39m() [33m=>[39m [36mvoid[39m[33m>[39m()[33m;[39m[0m] preventSymbolication: true }
06-23 23:32:10.051 21407 21767 E ReactNativeJS: { [Error: undefined Unable to resolve module ../combat/clearCapitalRealtimeCombatPresentationCaches from D:\arcfire20260607\src\game\galaxyMapStageSession.ts: 
06-23 23:32:10.051 21407 21767 E ReactNativeJS: 
06-23 23:32:10.051 21407 21767 E ReactNativeJS: None of these files exist:
06-23 23:32:10.051 21407 21767 E ReactNativeJS:   * src\combat\clearCapitalRealtimeCombatPresentationCaches(.android.ts|.native.ts|.ts|.android.tsx|.native.tsx|.tsx|.android.mjs|.native.mjs|.mjs|.android.js|.native.js|.js|.android.jsx|.native.jsx|.jsx|.android.json|.native.json|.json|.android.cjs|.native.cjs|.cjs|.android.scss|.native.scss|.scss|.android.sass|.native.sass|.sass|.android.css|.native.css|.css)
06-23 23:32:10.051 21407 21767 E ReactNativeJS:   * src\combat\clearCapitalRealtimeCombatPresentationCaches
06-23 23:32:10.051 21407 21767 E ReactNativeJS: [0m [90m 4 |[39m [90m */[39m
06-23 23:32:10.051 21407 21767 E ReactNativeJS:  [90m 5 |[39m
06-23 23:32:10.051 21407 21767 E ReactNativeJS: [31m[1m>[22m[39m[90m 6 |[39m [36mimport[39m { clearCapitalRealtimeCombatPresentationCaches } [36mfrom[39m [32m'../combat/clearCapitalRealtimeCombatPresentationCaches'[39m[33m;[39m
06-23 23:32:10.051 21407 21767 E ReactNativeJS:  [90m   |[39m                                                               [31m[1m^[22m[39m
06-23 23:32:10.051 21407 21767 E ReactNativeJS:  [90m 7 |[39m [36mimport[39m { releaseGalaxyMapScrollIfRegistered } [36mfrom[39m [32m'./galaxyMapScrollLifecycle'[39m[33m;[39m
06-23 23:32:10.051 21407 21767 E ReactNativeJS:  [90m 8 |[39m
06-23 23:32:10.051 21407 21767 E ReactNativeJS:  [90m 9 |[39m [36mconst[39m deferredTileResetCallbacks [33m=[39m [36mnew[39m [33mSet[39m[33m<[39m() [33m=>[39m [36mvoid[39m[33m>[39m()[33m;[39m[0m] preventSymbolication: true }
06-23 23:32:10.104 21407 21777 E ReactNativeJS: { [Error: undefined Unable to resolve module ../combat/clearCapitalRealtimeCombatPresentationCaches from D:\arcfire20260607\src\game\galaxyMapStageSession.ts: 
06-23 23:32:10.104 21407 21777 E ReactNativeJS: 
06-23 23:32:10.104 21407 21777 E ReactNativeJS: None of these files exist:
06-23 23:32:10.104 21407 21777 E ReactNativeJS:   * src\combat\clearCapitalRealtimeCombatPresentationCaches(.android.ts|.native.ts|.ts|.android.tsx|.native.tsx|.tsx|.android.mjs|.native.mjs|.mjs|.android.js|.native.js|.js|.android.jsx|.native.jsx|.jsx|.android.json|.native.json|.json|.android.cjs|.native.cjs|.cjs|.android.scss|.native.scss|.scss|.android.sass|.native.sass|.sass|.android.css|.native.css|.css)
06-23 23:32:10.104 21407 21777 E ReactNativeJS:   * src\combat\clearCapitalRealtimeCombatPresentationCaches
06-23 23:32:10.104 21407 21777 E ReactNativeJS: [0m [90m 4 |[39m [90m */[39m
06-23 23:32:10.104 21407 21777 E ReactNativeJS:  [90m 5 |[39m
06-23 23:32:10.104 21407 21777 E ReactNativeJS: [31m[1m>[22m[39m[90m 6 |[39m [36mimport[39m { clearCapitalRealtimeCombatPresentationCaches } [36mfrom[39m [32m'../combat/clearCapitalRealtimeCombatPresentationCaches'[39m[33m;[39m
06-23 23:32:10.104 21407 21777 E ReactNativeJS:  [90m   |[39m                                                               [31m[1m^[22m[39m
06-23 23:32:10.104 21407 21777 E ReactNativeJS:  [90m 7 |[39m [36mimport[39m { releaseGalaxyMapScrollIfRegistered } [36mfrom[39m [32m'./galaxyMapScrollLifecycle'[39m[33m;[39m
06-23 23:32:10.104 21407 21777 E ReactNativeJS:  [90m 8 |[39m
06-23 23:32:10.104 21407 21777 E ReactNativeJS:  [90m 9 |[39m [36mconst[39m deferredTileResetCallbacks [33m=[39m [36mnew[39m [33mSet[39m[33m<[39m() [33m=>[39m [36mvoid[39m[33m>[39m()[33m;[39m[0m] preventSymbolication: true }
06-23 23:32:17.426 21407 21767 E ReactNativeJS: { [Error: undefined Unable to resolve module ../combat/clearCapitalRealtimeCombatPresentationCaches from D:\arcfire20260607\src\game\galaxyMapStageSession.ts: 
06-23 23:32:17.426 21407 21767 E ReactNativeJS: 
06-23 23:32:17.426 21407 21767 E ReactNativeJS: None of these files exist:
06-23 23:32:17.426 21407 21767 E ReactNativeJS:   * src\combat\clearCapitalRealtimeCombatPresentationCaches(.android.ts|.native.ts|.ts|.android.tsx|.native.tsx|.tsx|.android.mjs|.native.mjs|.mjs|.android.js|.native.js|.js|.android.jsx|.native.jsx|.jsx|.android.json|.native.json|.json|.android.cjs|.native.cjs|.cjs|.android.scss|.native.scss|.scss|.android.sass|.native.sass|.sass|.android.css|.native.css|.css)
06-23 23:32:17.426 21407 21767 E ReactNativeJS:   * src\combat\clearCapitalRealtimeCombatPresentationCaches
06-23 23:32:17.426 21407 21767 E ReactNativeJS: [0m [90m 4 |[39m [90m */[39m
06-23 23:32:17.426 21407 21767 E ReactNativeJS:  [90m 5 |[39m
06-23 23:32:17.426 21407 21767 E ReactNativeJS: [31m[1m>[22m[39m[90m 6 |[39m [36mimport[39m { clearCapitalRealtimeCombatPresentationCaches } [36mfrom[39m [32m'../combat/clearCapitalRealtimeCombatPresentationCaches'[39m[33m;[39m
06-23 23:32:17.426 21407 21767 E ReactNativeJS:  [90m   |[39m                                                               [31m[1m^[22m[39m
06-23 23:32:17.426 21407 21767 E ReactNativeJS:  [90m 7 |[39m [36mimport[39m { releaseGalaxyMapScrollIfRegistered } [36mfrom[39m [32m'./galaxyMapScrollLifecycle'[39m[33m;[39m
06-23 23:32:17.426 21407 21767 E ReactNativeJS:  [90m 8 |[39m
06-23 23:32:17.426 21407 21767 E ReactNativeJS:  [90m 9 |[39m [36mconst[39m deferredTileResetCallbacks [33m=[39m [36mnew[39m [33mSet[39m[33m<[39m() [33m=>[39m [36mvoid[39m[33m>[39m()[33m;[39m[0m] preventSymbolication: true }
06-23 23:32:17.479 21407 21777 E ReactNativeJS: { [Error: undefined Unable to resolve module ../combat/clearCapitalRealtimeCombatPresentationCaches from D:\arcfire20260607\src\game\galaxyMapStageSession.ts: 
06-23 23:32:17.479 21407 21777 E ReactNativeJS: 
06-23 23:32:17.479 21407 21777 E ReactNativeJS: None of these files exist:
06-23 23:32:17.479 21407 21777 E ReactNativeJS:   * src\combat\clearCapitalRealtimeCombatPresentationCaches(.android.ts|.native.ts|.ts|.android.tsx|.native.tsx|.tsx|.android.mjs|.native.mjs|.mjs|.android.js|.native.js|.js|.android.jsx|.native.jsx|.jsx|.android.json|.native.json|.json|.android.cjs|.native.cjs|.cjs|.android.scss|.native.scss|.scss|.android.sass|.native.sass|.sass|.android.css|.native.css|.css)
06-23 23:32:17.479 21407 21777 E ReactNativeJS:   * src\combat\clearCapitalRealtimeCombatPresentationCaches
06-23 23:32:17.479 21407 21777 E ReactNativeJS: [0m [90m 4 |[39m [90m */[39m
06-23 23:32:17.479 21407 21777 E ReactNativeJS:  [90m 5 |[39m
06-23 23:32:17.479 21407 21777 E ReactNativeJS: [31m[1m>[22m[39m[90m 6 |[39m [36mimport[39m { clearCapitalRealtimeCombatPresentationCaches } [36mfrom[39m [32m'../combat/clearCapitalRealtimeCombatPresentationCaches'[39m[33m;[39m
06-23 23:32:17.479 21407 21777 E ReactNativeJS:  [90m   |[39m                                                               [31m[1m^[22m[39m
06-23 23:32:17.479 21407 21777 E ReactNativeJS:  [90m 7 |[39m [36mimport[39m { releaseGalaxyMapScrollIfRegistered } [36mfrom[39m [32m'./galaxyMapScrollLifecycle'[39m[33m;[39m
06-23 23:32:17.479 21407 21777 E ReactNativeJS:  [90m 8 |[39m
06-23 23:32:17.479 21407 21777 E ReactNativeJS:  [90m 9 |[39m [36mconst[39m deferredTileResetCallbacks [33m=[39m [36mnew[39m [33mSet[39m[33m<[39m() [33m=>[39m [36mvoid[39m[33m>[39m()[33m;[39m[0m] preventSymbolication: true }
06-23 23:33:12.324 21407 21777 W ReactNativeJS: 'This method is deprecated (as well as all React Native Firebase namespaced API) and will be removed in the next major release as part of move to match Firebase Web modular SDK API. Please see migration guide for more details: https://rnfirebase.io/migrating-to-v22 Please use `getApp()` instead.', { [Component Stack] name: 'Component Stack' }
06-23 23:33:12.339 21407 21777 W ReactNativeJS: 'This method is deprecated (as well as all React Native Firebase namespaced API) and will be removed in the next major release as part of move to match Firebase Web modular SDK API. Please see migration guide for more details: https://rnfirebase.io/migrating-to-v22 Please use `getApp()` instead.', { [Component Stack] name: 'Component Stack' }
06-23 23:33:12.359 21407 21777 W ReactNativeJS: 'This method is deprecated (as well as all React Native Firebase namespaced API) and will be removed in the next major release as part of move to match Firebase Web modular SDK API. Please see migration guide for more details: https://rnfirebase.io/migrating-to-v22. Method called was `logEvent`. Please use `logEvent()` instead.', { [Component Stack] name: 'Component Stack' }
06-23 23:33:12.417  1909  4338 I ActivityManager: Changes in 99215 19 to 3, 0 to 184
06-23 23:33:13.752 21407 21777 W ReactNativeJS: This method is deprecated (as well as all React Native Firebase namespaced API) and will be removed in the next major release as part of move to match Firebase Web modular SDK API. Please see migration guide for more details: https://rnfirebase.io/migrating-to-v22. Method called was `FieldValue`. Please use `FieldValue` instead.
06-23 23:33:13.752 21407 21777 W ReactNativeJS: This method is deprecated (as well as all React Native Firebase namespaced API) and will be removed in the next major release as part of move to match Firebase Web modular SDK API. Please see migration guide for more details: https://rnfirebase.io/migrating-to-v22. Method called was `delete`. Please use `deleteField()` instead.
06-23 23:33:13.753 21407 21777 W ReactNativeJS: This method is deprecated (as well as all React Native Firebase namespaced API) and will be removed in the next major release as part of move to match Firebase Web modular SDK API. Please see migration guide for more details: https://rnfirebase.io/migrating-to-v22. Method called was `FieldValue`. Please use `FieldValue` instead.
06-23 23:33:13.753 21407 21777 W ReactNativeJS: This method is deprecated (as well as all React Native Firebase namespaced API) and will be removed in the next major release as part of move to match Firebase Web modular SDK API. Please see migration guide for more details: https://rnfirebase.io/migrating-to-v22. Method called was `serverTimestamp`. Please use `serverTimestamp()` instead.
06-23 23:33:15.334 21407 21777 W ReactNativeJS: This method is deprecated (as well as all React Native Firebase namespaced API) and will be removed in the next major release as part of move to match Firebase Web modular SDK API. Please see migration guide for more details: https://rnfirebase.io/migrating-to-v22. Method called was `FieldValue`. Please use `FieldValue` instead.
06-23 23:33:15.335 21407 21777 W ReactNativeJS: This method is deprecated (as well as all React Native Firebase namespaced API) and will be removed in the next major release as part of move to match Firebase Web modular SDK API. Please see migration guide for more details: https://rnfirebase.io/migrating-to-v22. Method called was `delete`. Please use `deleteField()` instead.
06-23 23:33:15.335 21407 21777 W ReactNativeJS: This method is deprecated (as well as all React Native Firebase namespaced API) and will be removed in the next major release as part of move to match Firebase Web modular SDK API. Please see migration guide for more details: https://rnfirebase.io/migrating-to-v22. Method called was `FieldValue`. Please use `FieldValue` instead.
06-23 23:33:15.335 21407 21777 W ReactNativeJS: This method is deprecated (as well as all React Native Firebase namespaced API) and will be removed in the next major release as part of move to match Firebase Web modular SDK API. Please see migration guide for more details: https://rnfirebase.io/migrating-to-v22. Method called was `serverTimestamp`. Please use `serverTimestamp()` instead.
06-23 23:33:22.557  1909  4340 I ActivityManager: Changes in 99215 3 to 10, 184 to 0
06-23 23:35:22.262  1909  1972 I ActivityManager: Changes in 10096 19 to 11, 0 to 128
06-23 23:35:22.286  1909  4338 I ActivityManager: Changes in 99215 19 to 5, 0 to 184
06-23 23:35:32.282  1909  2065 I ActivityManager: Changes in 10096 19 to 19, 128 to 0
06-23 23:35:37.330  1909  4343 I ActivityManager: Changes in 99215 5 to 10, 184 to 0
06-23 23:35:42.443  1909  1972 I ActivityManager: Changes in 10096 19 to 11, 0 to 128
06-23 23:35:52.454  1909  2065 I ActivityManager: Changes in 10096 19 to 19, 128 to 0
06-23 23:37:48.033 21407 21777 W ReactNativeJS: 'This method is deprecated (as well as all React Native Firebase namespaced API) and will be removed in the next major release as part of move to match Firebase Web modular SDK API. Please see migration guide for more details: https://rnfirebase.io/migrating-to-v22 Please use `getApp()` instead.', { [Component Stack] name: 'Component Stack' }
06-23 23:37:48.048 21407 21777 W ReactNativeJS: 'This method is deprecated (as well as all React Native Firebase namespaced API) and will be removed in the next major release as part of move to match Firebase Web modular SDK API. Please see migration guide for more details: https://rnfirebase.io/migrating-to-v22 Please use `getApp()` instead.', { [Component Stack] name: 'Component Stack' }
06-23 23:37:48.068 21407 21777 W ReactNativeJS: 'This method is deprecated (as well as all React Native Firebase namespaced API) and will be removed in the next major release as part of move to match Firebase Web modular SDK API. Please see migration guide for more details: https://rnfirebase.io/migrating-to-v22. Method called was `logEvent`. Please use `logEvent()` instead.', { [Component Stack] name: 'Component Stack' }
06-23 23:37:48.119  1909  4340 I ActivityManager: Changes in 99215 19 to 3, 0 to 184
06-23 23:37:49.698 21407 21777 W ReactNativeJS: This method is deprecated (as well as all React Native Firebase namespaced API) and will be removed in the next major release as part of move to match Firebase Web modular SDK API. Please see migration guide for more details: https://rnfirebase.io/migrating-to-v22. Method called was `FieldValue`. Please use `FieldValue` instead.
06-23 23:37:49.699 21407 21777 W ReactNativeJS: This method is deprecated (as well as all React Native Firebase namespaced API) and will be removed in the next major release as part of move to match Firebase Web modular SDK API. Please see migration guide for more details: https://rnfirebase.io/migrating-to-v22. Method called was `delete`. Please use `deleteField()` instead.
06-23 23:37:49.699 21407 21777 W ReactNativeJS: This method is deprecated (as well as all React Native Firebase namespaced API) and will be removed in the next major release as part of move to match Firebase Web modular SDK API. Please see migration guide for more details: https://rnfirebase.io/migrating-to-v22. Method called was `FieldValue`. Please use `FieldValue` instead.
06-23 23:37:49.700 21407 21777 W ReactNativeJS: This method is deprecated (as well as all React Native Firebase namespaced API) and will be removed in the next major release as part of move to match Firebase Web modular SDK API. Please see migration guide for more details: https://rnfirebase.io/migrating-to-v22. Method called was `serverTimestamp`. Please use `serverTimestamp()` instead.
06-23 23:37:51.366 21407 21777 W ReactNativeJS: This method is deprecated (as well as all React Native Firebase namespaced API) and will be removed in the next major release as part of move to match Firebase Web modular SDK API. Please see migration guide for more details: https://rnfirebase.io/migrating-to-v22. Method called was `FieldValue`. Please use `FieldValue` instead.
06-23 23:37:51.367 21407 21777 W ReactNativeJS: This method is deprecated (as well as all React Native Firebase namespaced API) and will be removed in the next major release as part of move to match Firebase Web modular SDK API. Please see migration guide for more details: https://rnfirebase.io/migrating-to-v22. Method called was `delete`. Please use `deleteField()` instead.
06-23 23:37:51.367 21407 21777 W ReactNativeJS: This method is deprecated (as well as all React Native Firebase namespaced API) and will be removed in the next major release as part of move to match Firebase Web modular SDK API. Please see migration guide for more details: https://rnfirebase.io/migrating-to-v22. Method called was `FieldValue`. Please use `FieldValue` instead.
06-23 23:37:51.367 21407 21777 W ReactNativeJS: This method is deprecated (as well as all React Native Firebase namespaced API) and will be removed in the next major release as part of move to match Firebase Web modular SDK API. Please see migration guide for more details: https://rnfirebase.io/migrating-to-v22. Method called was `serverTimestamp`. Please use `serverTimestamp()` instead.
06-23 23:37:58.223  1909  4226 I ActivityManager: Changes in 99215 3 to 10, 184 to 0
06-23 23:38:05.607 21407 21777 E ReactNativeJS: ReferenceError: Property 'InfoRow' doesn't exist
06-23 23:38:05.607 21407 21777 E ReactNativeJS: 
06-23 23:38:05.607 21407 21777 E ReactNativeJS: This error is located at:
06-23 23:38:05.607 21407 21777 E ReactNativeJS:     in PlanetEconomyInfoOverlayContent (created by ArcOverlayHost)
06-23 23:38:05.607 21407 21777 E ReactNativeJS:     in RCTView (created by View)
06-23 23:38:05.607 21407 21777 E ReactNativeJS:     in View (created by ArcOverlayHost)
06-23 23:38:05.607 21407 21777 E ReactNativeJS:     in RCTView (created by View)
06-23 23:38:05.607 21407 21777 E ReactNativeJS:     in View (created by ArcOverlayHost)
06-23 23:38:05.607 21407 21777 E ReactNativeJS:     in RCTView (created by View)
06-23 23:38:05.607 21407 21777 E ReactNativeJS:     in View (created by ArcOverlayHost)
06-23 23:38:05.607 21407 21777 E ReactNativeJS:     in ArcOverlayHost (created by RootLayout)
06-23 23:38:05.607 21407 21777 E ReactNativeJS:     in RNGestureHandlerRootView (created by GestureHandlerRootView)
06-23 23:38:05.607 21407 21777 E ReactNativeJS:     in GestureHandlerRootView (created by RootLayout)
06-23 23:38:05.607 21407 21777 E ReactNativeJS:     in RootLayout
06-23 23:38:05.607 21407 21777 E ReactNativeJS:     in Unknown (created by Route())
06-23 23:38:05.607 21407 21777 E ReactNativeJS:     in Suspense (created by Route())
06-23 23:38:05.607 21407 21777 E ReactNativeJS:     in Route (created by Route())
06-23 23:38:05.607 21407 21777 E ReactNativeJS:     in Route() (created by ContextNavigator)
06-23 23:38:05.607 21407 21777 E ReactNativeJS:     in RNCSafeAreaProvider (created by SafeAreaProvider)
06-23 23:38:05.607 21407 21777 E ReactNativeJS:     in SafeAreaProvider (created by wrapper)
06-23 23:38:05.607 21407 21777 E ReactNativeJS:     in wrapper (created by ContextNavigator)
06-23 23:38:05.607 21407 21777 E ReactNativeJS:     in EnsureSingleNavigator
06-23 23:38:05.607 21407 21777 E ReactNativeJS:     in BaseNavigationContainer
06-23 23:38:05.607 21407 21777 E ReactNativeJS:     in ThemeProvider
06-23 23:38:05.607 21407 21777 E ReactNativeJS:     in NavigationContainerInner (created by ContextNavigator)
06-23 23:38:05.607 21407 21777 E ReactNativeJS:     in ContextNavigator (created by ExpoRoot)
06-23 23:38:05.607 21407 21777 E ReactNativeJS:     in ExpoRoot (created by App)
06-23 23:38:05.607 21407 21777 E ReactNativeJS:     in App (created by ErrorOverlay)
06-23 23:38:05.607 21407 21777 E ReactNativeJS:     in ErrorToastContainer (created by ErrorOverlay)
06-23 23:38:05.607 21407 21777 E ReactNativeJS:     in ErrorOverlay (created by withDevTools(ErrorOverlay))
06-23 23:38:05.607 21407 21777 E ReactNativeJS:     in withDevTools(ErrorOverlay)
06-23 23:38:05.607 21407 21777 E ReactNativeJS:     in RCTView (created by View)
06-23 23:38:05.607 21407 21777 E ReactNativeJS:     in View (created by AppContainer)
06-23 23:38:05.607 21407 21777 E ReactNativeJS:     in RCTView (created by View)
06-23 23:38:05.607 21407 21777 E ReactNativeJS:     in View (created by AppContainer)
06-23 23:38:05.607 21407 21777 E ReactNativeJS:     in AppContainer
06-23 23:38:05.607 21407 21777 E ReactNativeJS:     in main(RootComponent)
06-23 23:38:05.730 21407 21777 E ReactNativeJS: ReferenceError: Property 'InfoRow' doesn't exist
06-23 23:38:05.730 21407 21777 E ReactNativeJS: 
06-23 23:38:05.730 21407 21777 E ReactNativeJS: This error is located at:
06-23 23:38:05.730 21407 21777 E ReactNativeJS:     in PlanetEconomyInfoOverlayContent (created by ArcOverlayHost)
06-23 23:38:05.730 21407 21777 E ReactNativeJS:     in RCTView (created by View)
06-23 23:38:05.730 21407 21777 E ReactNativeJS:     in View (created by ArcOverlayHost)
06-23 23:38:05.730 21407 21777 E ReactNativeJS:     in RCTView (created by View)
06-23 23:38:05.730 21407 21777 E ReactNativeJS:     in View (created by ArcOverlayHost)
06-23 23:38:05.730 21407 21777 E ReactNativeJS:     in RCTView (created by View)
06-23 23:38:05.730 21407 21777 E ReactNativeJS:     in View (created by ArcOverlayHost)
06-23 23:38:05.730 21407 21777 E ReactNativeJS:     in ArcOverlayHost (created by RootLayout)
06-23 23:38:05.730 21407 21777 E ReactNativeJS:     in RNGestureHandlerRootView (created by GestureHandlerRootView)
06-23 23:38:05.730 21407 21777 E ReactNativeJS:     in GestureHandlerRootView (created by RootLayout)
06-23 23:38:05.730 21407 21777 E ReactNativeJS:     in RootLayout
06-23 23:38:05.730 21407 21777 E ReactNativeJS:     in Unknown (created by Route())
06-23 23:38:05.730 21407 21777 E ReactNativeJS:     in Suspense (created by Route())
06-23 23:38:05.730 21407 21777 E ReactNativeJS:     in Route (created by Route())
06-23 23:38:05.730 21407 21777 E ReactNativeJS:     in Route() (created by ContextNavigator)
06-23 23:38:05.730 21407 21777 E ReactNativeJS:     in RNCSafeAreaProvider (created by SafeAreaProvider)
06-23 23:38:05.730 21407 21777 E ReactNativeJS:     in SafeAreaProvider (created by wrapper)
06-23 23:38:05.730 21407 21777 E ReactNativeJS:     in wrapper (created by ContextNavigator)
06-23 23:38:05.730 21407 21777 E ReactNativeJS:     in EnsureSingleNavigator
06-23 23:38:05.730 21407 21777 E ReactNativeJS:     in BaseNavigationContainer
06-23 23:38:05.730 21407 21777 E ReactNativeJS:     in ThemeProvider
06-23 23:38:05.730 21407 21777 E ReactNativeJS:     in NavigationContainerInner (created by ContextNavigator)
06-23 23:38:05.730 21407 21777 E ReactNativeJS:     in ContextNavigator (created by ExpoRoot)
06-23 23:38:05.730 21407 21777 E ReactNativeJS:     in ExpoRoot (created by App)
06-23 23:38:05.730 21407 21777 E ReactNativeJS:     in App (created by ErrorOverlay)
06-23 23:38:05.730 21407 21777 E ReactNativeJS:     in ErrorToastContainer (created by ErrorOverlay)
06-23 23:38:05.730 21407 21777 E ReactNativeJS:     in ErrorOverlay (created by withDevTools(ErrorOverlay))
06-23 23:38:05.730 21407 21777 E ReactNativeJS:     in withDevTools(ErrorOverlay)
06-23 23:38:05.730 21407 21777 E ReactNativeJS:     in RCTView (created by View)
06-23 23:38:05.730 21407 21777 E ReactNativeJS:     in View (created by AppContainer)
06-23 23:38:05.730 21407 21777 E ReactNativeJS:     in RCTView (created by View)
06-23 23:38:05.730 21407 21777 E ReactNativeJS:     in View (created by AppContainer)
06-23 23:38:05.730 21407 21777 E ReactNativeJS:     in AppContainer
06-23 23:38:05.730 21407 21777 E ReactNativeJS:     in main(RootComponent)
06-23 23:38:06.214 21407 21777 W ReactNativeJS: 'This method is deprecated (as well as all React Native Firebase namespaced API) and will be removed in the next major release as part of move to match Firebase Web modular SDK API. Please see migration guide for more details: https://rnfirebase.io/migrating-to-v22 Please use `getApp()` instead.', { [Component Stack] name: 'Component Stack' }
06-23 23:38:06.233 21407 21777 W ReactNativeJS: 'This method is deprecated (as well as all React Native Firebase namespaced API) and will be removed in the next major release as part of move to match Firebase Web modular SDK API. Please see migration guide for more details: https://rnfirebase.io/migrating-to-v22 Please use `getApp()` instead.', { [Component Stack] name: 'Component Stack' }
06-23 23:38:06.247 21407 21777 W ReactNativeJS: 'This method is deprecated (as well as all React Native Firebase namespaced API) and will be removed in the next major release as part of move to match Firebase Web modular SDK API. Please see migration guide for more details: https://rnfirebase.io/migrating-to-v22. Method called was `logEvent`. Please use `logEvent()` instead.', { [Component Stack] name: 'Component Stack' }
06-23 23:38:06.298  1909  4343 I ActivityManager: Changes in 99215 19 to 3, 0 to 184
06-23 23:38:06.535 21407 21777 E ReactNativeJS: ReferenceError: Property 'InfoRow' doesn't exist
06-23 23:38:06.535 21407 21777 E ReactNativeJS: 
06-23 23:38:06.535 21407 21777 E ReactNativeJS: This error is located at:
06-23 23:38:06.535 21407 21777 E ReactNativeJS:     in PlanetEconomyInfoOverlayContent (created by ArcOverlayHost)
06-23 23:38:06.535 21407 21777 E ReactNativeJS:     in RCTView (created by View)
06-23 23:38:06.535 21407 21777 E ReactNativeJS:     in View (created by ArcOverlayHost)
06-23 23:38:06.535 21407 21777 E ReactNativeJS:     in RCTView (created by View)
06-23 23:38:06.535 21407 21777 E ReactNativeJS:     in View (created by ArcOverlayHost)
06-23 23:38:06.535 21407 21777 E ReactNativeJS:     in RCTView (created by View)
06-23 23:38:06.535 21407 21777 E ReactNativeJS:     in View (created by ArcOverlayHost)
06-23 23:38:06.535 21407 21777 E ReactNativeJS:     in ArcOverlayHost (created by RootLayout)
06-23 23:38:06.535 21407 21777 E ReactNativeJS:     in RNGestureHandlerRootView (created by GestureHandlerRootView)
06-23 23:38:06.535 21407 21777 E ReactNativeJS:     in GestureHandlerRootView (created by RootLayout)
06-23 23:38:06.535 21407 21777 E ReactNativeJS:     in RootLayout
06-23 23:38:06.535 21407 21777 E ReactNativeJS:     in Unknown (created by Route())
06-23 23:38:06.535 21407 21777 E ReactNativeJS:     in Suspense (created by Route())
06-23 23:38:06.535 21407 21777 E ReactNativeJS:     in Route (created by Route())
06-23 23:38:06.535 21407 21777 E ReactNativeJS:     in Route() (created by ContextNavigator)
06-23 23:38:06.535 21407 21777 E ReactNativeJS:     in RNCSafeAreaProvider (created by SafeAreaProvider)
06-23 23:38:06.535 21407 21777 E ReactNativeJS:     in SafeAreaProvider (created by wrapper)
06-23 23:38:06.535 21407 21777 E ReactNativeJS:     in wrapper (created by ContextNavigator)
06-23 23:38:06.535 21407 21777 E ReactNativeJS:     in EnsureSingleNavigator
06-23 23:38:06.535 21407 21777 E ReactNativeJS:     in BaseNavigationContainer
06-23 23:38:06.535 21407 21777 E ReactNativeJS:     in ThemeProvider
06-23 23:38:06.535 21407 21777 E ReactNativeJS:     in NavigationContainerInner (created by ContextNavigator)
06-23 23:38:06.535 21407 21777 E ReactNativeJS:     in ContextNavigator (created by ExpoRoot)
06-23 23:38:06.535 21407 21777 E ReactNativeJS:     in ExpoRoot (created by App)
06-23 23:38:06.535 21407 21777 E ReactNativeJS:     in App (created by ErrorOverlay)
06-23 23:38:06.535 21407 21777 E ReactNativeJS:     in ErrorToastContainer (created by ErrorOverlay)
06-23 23:38:06.535 21407 21777 E ReactNativeJS:     in ErrorOverlay (created by withDevTools(ErrorOverlay))
06-23 23:38:06.535 21407 21777 E ReactNativeJS:     in withDevTools(ErrorOverlay)
06-23 23:38:06.535 21407 21777 E ReactNativeJS:     in RCTView (created by View)
06-23 23:38:06.535 21407 21777 E ReactNativeJS:     in View (created by AppContainer)
06-23 23:38:06.535 21407 21777 E ReactNativeJS:     in RCTView (created by View)
06-23 23:38:06.535 21407 21777 E ReactNativeJS:     in View (created by AppContainer)
06-23 23:38:06.535 21407 21777 E ReactNativeJS:     in AppContainer
06-23 23:38:06.535 21407 21777 E ReactNativeJS:     in main(RootComponent)
06-23 23:38:06.542 21407 21777 E ReactNativeJS: ReferenceError: Property 'InfoRow' doesn't exist
06-23 23:38:06.542 21407 21777 E ReactNativeJS: 
06-23 23:38:06.542 21407 21777 E ReactNativeJS: This error is located at:
06-23 23:38:06.542 21407 21777 E ReactNativeJS:     in PlanetEconomyInfoOverlayContent (created by ArcOverlayHost)
06-23 23:38:06.542 21407 21777 E ReactNativeJS:     in RCTView (created by View)
06-23 23:38:06.542 21407 21777 E ReactNativeJS:     in View (created by ArcOverlayHost)
06-23 23:38:06.542 21407 21777 E ReactNativeJS:     in RCTView (created by View)
06-23 23:38:06.542 21407 21777 E ReactNativeJS:     in View (created by ArcOverlayHost)
06-23 23:38:06.542 21407 21777 E ReactNativeJS:     in RCTView (created by View)
06-23 23:38:06.542 21407 21777 E ReactNativeJS:     in View (created by ArcOverlayHost)
06-23 23:38:06.542 21407 21777 E ReactNativeJS:     in ArcOverlayHost (created by RootLayout)
06-23 23:38:06.542 21407 21777 E ReactNativeJS:     in RNGestureHandlerRootView (created by GestureHandlerRootView)
06-23 23:38:06.542 21407 21777 E ReactNativeJS:     in GestureHandlerRootView (created by RootLayout)
06-23 23:38:06.542 21407 21777 E ReactNativeJS:     in RootLayout
06-23 23:38:06.542 21407 21777 E ReactNativeJS:     in Unknown (created by Route())
06-23 23:38:06.542 21407 21777 E ReactNativeJS:     in Suspense (created by Route())
06-23 23:38:06.542 21407 21777 E ReactNativeJS:     in Route (created by Route())
06-23 23:38:06.542 21407 21777 E ReactNativeJS:     in Route() (created by ContextNavigator)
06-23 23:38:06.542 21407 21777 E ReactNativeJS:     in RNCSafeAreaProvider (created by SafeAreaProvider)
06-23 23:38:06.542 21407 21777 E ReactNativeJS:     in SafeAreaProvider (created by wrapper)
06-23 23:38:06.542 21407 21777 E ReactNativeJS:     in wrapper (created by ContextNavigator)
06-23 23:38:06.542 21407 21777 E ReactNativeJS:     in EnsureSingleNavigator
06-23 23:38:06.542 21407 21777 E ReactNativeJS:     in BaseNavigationContainer
06-23 23:38:06.542 21407 21777 E ReactNativeJS:     in ThemeProvider
06-23 23:38:06.542 21407 21777 E ReactNativeJS:     in NavigationContainerInner (created by ContextNavigator)
06-23 23:38:06.542 21407 21777 E ReactNativeJS:     in ContextNavigator (created by ExpoRoot)
06-23 23:38:06.542 21407 21777 E ReactNativeJS:     in ExpoRoot (created by App)
06-23 23:38:06.542 21407 21777 E ReactNativeJS:     in App (created by ErrorOverlay)
06-23 23:38:06.542 21407 21777 E ReactNativeJS:     in ErrorToastContainer (created by ErrorOverlay)
06-23 23:38:06.542 21407 21777 E ReactNativeJS:     in ErrorOverlay (created by withDevTools(ErrorOverlay))
06-23 23:38:06.542 21407 21777 E ReactNativeJS:     in withDevTools(ErrorOverlay)
06-23 23:38:06.542 21407 21777 E ReactNativeJS:     in RCTView (created by View)
06-23 23:38:06.542 21407 21777 E ReactNativeJS:     in View (created by AppContainer)
06-23 23:38:06.542 21407 21777 E ReactNativeJS:     in RCTView (created by View)
06-23 23:38:06.542 21407 21777 E ReactNativeJS:     in View (created by AppContainer)
06-23 23:38:06.542 21407 21777 E ReactNativeJS:     in AppContainer
06-23 23:38:06.542 21407 21777 E ReactNativeJS:     in main(RootComponent)
06-23 23:38:06.656 21407 21777 W ReactNativeJS: This method is deprecated (as well as all React Native Firebase namespaced API) and will be removed in the next major release as part of move to match Firebase Web modular SDK API. Please see migration guide for more details: https://rnfirebase.io/migrating-to-v22. Method called was `FieldValue`. Please use `FieldValue` instead.
06-23 23:38:06.656 21407 21777 W ReactNativeJS: This method is deprecated (as well as all React Native Firebase namespaced API) and will be removed in the next major release as part of move to match Firebase Web modular SDK API. Please see migration guide for more details: https://rnfirebase.io/migrating-to-v22. Method called was `delete`. Please use `deleteField()` instead.
06-23 23:38:06.657 21407 21777 W ReactNativeJS: This method is deprecated (as well as all React Native Firebase namespaced API) and will be removed in the next major release as part of move to match Firebase Web modular SDK API. Please see migration guide for more details: https://rnfirebase.io/migrating-to-v22. Method called was `FieldValue`. Please use `FieldValue` instead.
06-23 23:38:06.657 21407 21777 W ReactNativeJS: This method is deprecated (as well as all React Native Firebase namespaced API) and will be removed in the next major release as part of move to match Firebase Web modular SDK API. Please see migration guide for more details: https://rnfirebase.io/migrating-to-v22. Method called was `serverTimestamp`. Please use `serverTimestamp()` instead.
06-23 23:38:13.837 21407 21777 W ReactNativeJS: 'This method is deprecated (as well as all React Native Firebase namespaced API) and will be removed in the next major release as part of move to match Firebase Web modular SDK API. Please see migration guide for more details: https://rnfirebase.io/migrating-to-v22 Please use `getApp()` instead.', { [Component Stack] name: 'Component Stack' }
06-23 23:38:13.855 21407 21777 W ReactNativeJS: 'This method is deprecated (as well as all React Native Firebase namespaced API) and will be removed in the next major release as part of move to match Firebase Web modular SDK API. Please see migration guide for more details: https://rnfirebase.io/migrating-to-v22 Please use `getApp()` instead.', { [Component Stack] name: 'Component Stack' }
06-23 23:38:13.869 21407 21777 W ReactNativeJS: 'This method is deprecated (as well as all React Native Firebase namespaced API) and will be removed in the next major release as part of move to match Firebase Web modular SDK API. Please see migration guide for more details: https://rnfirebase.io/migrating-to-v22. Method called was `logEvent`. Please use `logEvent()` instead.', { [Component Stack] name: 'Component Stack' }
06-23 23:38:14.025 21407 21777 W ReactNativeJS: This method is deprecated (as well as all React Native Firebase namespaced API) and will be removed in the next major release as part of move to match Firebase Web modular SDK API. Please see migration guide for more details: https://rnfirebase.io/migrating-to-v22. Method called was `FieldValue`. Please use `FieldValue` instead.
06-23 23:38:14.026 21407 21777 W ReactNativeJS: This method is deprecated (as well as all React Native Firebase namespaced API) and will be removed in the next major release as part of move to match Firebase Web modular SDK API. Please see migration guide for more details: https://rnfirebase.io/migrating-to-v22. Method called was `delete`. Please use `deleteField()` instead.
06-23 23:38:14.026 21407 21777 W ReactNativeJS: This method is deprecated (as well as all React Native Firebase namespaced API) and will be removed in the next major release as part of move to match Firebase Web modular SDK API. Please see migration guide for more details: https://rnfirebase.io/migrating-to-v22. Method called was `FieldValue`. Please use `FieldValue` instead.
06-23 23:38:14.026 21407 21777 W ReactNativeJS: This method is deprecated (as well as all React Native Firebase namespaced API) and will be removed in the next major release as part of move to match Firebase Web modular SDK API. Please see migration guide for more details: https://rnfirebase.io/migrating-to-v22. Method called was `serverTimestamp`. Please use `serverTimestamp()` instead.
06-23 23:38:14.077 21407 21777 E ReactNativeJS: ReferenceError: Property 'ArcOverlayInfoRow' doesn't exist
06-23 23:38:14.077 21407 21777 E ReactNativeJS: 
06-23 23:38:14.077 21407 21777 E ReactNativeJS: This error is located at:
06-23 23:38:14.077 21407 21777 E ReactNativeJS:     in PlanetEconomyInfoOverlayContent (created by ArcOverlayHost)
06-23 23:38:14.077 21407 21777 E ReactNativeJS:     in RCTView (created by View)
06-23 23:38:14.077 21407 21777 E ReactNativeJS:     in View (created by ArcOverlayHost)
06-23 23:38:14.077 21407 21777 E ReactNativeJS:     in RCTView (created by View)
06-23 23:38:14.077 21407 21777 E ReactNativeJS:     in View (created by ArcOverlayHost)
06-23 23:38:14.077 21407 21777 E ReactNativeJS:     in RCTView (created by View)
06-23 23:38:14.077 21407 21777 E ReactNativeJS:     in View (created by ArcOverlayHost)
06-23 23:38:14.077 21407 21777 E ReactNativeJS:     in ArcOverlayHost (created by RootLayout)
06-23 23:38:14.077 21407 21777 E ReactNativeJS:     in RNGestureHandlerRootView (created by GestureHandlerRootView)
06-23 23:38:14.077 21407 21777 E ReactNativeJS:     in GestureHandlerRootView (created by RootLayout)
06-23 23:38:14.077 21407 21777 E ReactNativeJS:     in RootLayout
06-23 23:38:14.077 21407 21777 E ReactNativeJS:     in Unknown (created by Route())
06-23 23:38:14.077 21407 21777 E ReactNativeJS:     in Suspense (created by Route())
06-23 23:38:14.077 21407 21777 E ReactNativeJS:     in Route (created by Route())
06-23 23:38:14.077 21407 21777 E ReactNativeJS:     in Route() (created by ContextNavigator)
06-23 23:38:14.077 21407 21777 E ReactNativeJS:     in RNCSafeAreaProvider (created by SafeAreaProvider)
06-23 23:38:14.077 21407 21777 E ReactNativeJS:     in SafeAreaProvider (created by wrapper)
06-23 23:38:14.077 21407 21777 E ReactNativeJS:     in wrapper (created by ContextNavigator)
06-23 23:38:14.077 21407 21777 E ReactNativeJS:     in EnsureSingleNavigator
06-23 23:38:14.077 21407 21777 E ReactNativeJS:     in BaseNavigationContainer
06-23 23:38:14.077 21407 21777 E ReactNativeJS:     in ThemeProvider
06-23 23:38:14.077 21407 21777 E ReactNativeJS:     in NavigationContainerInner (created by ContextNavigator)
06-23 23:38:14.077 21407 21777 E ReactNativeJS:     in ContextNavigator (created by ExpoRoot)
06-23 23:38:14.077 21407 21777 E ReactNativeJS:     in ExpoRoot (created by App)
06-23 23:38:14.077 21407 21777 E ReactNativeJS:     in App (created by ErrorOverlay)
06-23 23:38:14.077 21407 21777 E ReactNativeJS:     in ErrorToastContainer (created by ErrorOverlay)
06-23 23:38:14.077 21407 21777 E ReactNativeJS:     in ErrorOverlay (created by withDevTools(ErrorOverlay))
06-23 23:38:14.077 21407 21777 E ReactNativeJS:     in withDevTools(ErrorOverlay)
06-23 23:38:14.077 21407 21777 E ReactNativeJS:     in RCTView (created by View)
06-23 23:38:14.077 21407 21777 E ReactNativeJS:     in View (created by AppContainer)
06-23 23:38:14.077 21407 21777 E ReactNativeJS:     in RCTView (created by View)
06-23 23:38:14.077 21407 21777 E ReactNativeJS:     in View (created by AppContainer)
06-23 23:38:14.077 21407 21777 E ReactNativeJS:     in AppContainer
06-23 23:38:14.077 21407 21777 E ReactNativeJS:     in main(RootComponent)
06-23 23:38:14.079 21407 21777 E ReactNativeJS: ReferenceError: Property 'ArcOverlayInfoRow' doesn't exist
06-23 23:38:14.079 21407 21777 E ReactNativeJS: 
06-23 23:38:14.079 21407 21777 E ReactNativeJS: This error is located at:
06-23 23:38:14.079 21407 21777 E ReactNativeJS:     in PlanetEconomyInfoOverlayContent (created by ArcOverlayHost)
06-23 23:38:14.079 21407 21777 E ReactNativeJS:     in RCTView (created by View)
06-23 23:38:14.079 21407 21777 E ReactNativeJS:     in View (created by ArcOverlayHost)
06-23 23:38:14.079 21407 21777 E ReactNativeJS:     in RCTView (created by View)
06-23 23:38:14.079 21407 21777 E ReactNativeJS:     in View (created by ArcOverlayHost)
06-23 23:38:14.079 21407 21777 E ReactNativeJS:     in RCTView (created by View)
06-23 23:38:14.079 21407 21777 E ReactNativeJS:     in View (created by ArcOverlayHost)
06-23 23:38:14.079 21407 21777 E ReactNativeJS:     in ArcOverlayHost (created by RootLayout)
06-23 23:38:14.079 21407 21777 E ReactNativeJS:     in RNGestureHandlerRootView (created by GestureHandlerRootView)
06-23 23:38:14.079 21407 21777 E ReactNativeJS:     in GestureHandlerRootView (created by RootLayout)
06-23 23:38:14.079 21407 21777 E ReactNativeJS:     in RootLayout
06-23 23:38:14.079 21407 21777 E ReactNativeJS:     in Unknown (created by Route())
06-23 23:38:14.079 21407 21777 E ReactNativeJS:     in Suspense (created by Route())
06-23 23:38:14.079 21407 21777 E ReactNativeJS:     in Route (created by Route())
06-23 23:38:14.079 21407 21777 E ReactNativeJS:     in Route() (created by ContextNavigator)
06-23 23:38:14.079 21407 21777 E ReactNativeJS:     in RNCSafeAreaProvider (created by SafeAreaProvider)
06-23 23:38:14.079 21407 21777 E ReactNativeJS:     in SafeAreaProvider (created by wrapper)
06-23 23:38:14.079 21407 21777 E ReactNativeJS:     in wrapper (created by ContextNavigator)
06-23 23:38:14.079 21407 21777 E ReactNativeJS:     in EnsureSingleNavigator
06-23 23:38:14.079 21407 21777 E ReactNativeJS:     in BaseNavigationContainer
06-23 23:38:14.079 21407 21777 E ReactNativeJS:     in ThemeProvider
06-23 23:38:14.079 21407 21777 E ReactNativeJS:     in NavigationContainerInner (created by ContextNavigator)
06-23 23:38:14.079 21407 21777 E ReactNativeJS:     in ContextNavigator (created by ExpoRoot)
06-23 23:38:14.079 21407 21777 E ReactNativeJS:     in ExpoRoot (created by App)
06-23 23:38:14.079 21407 21777 E ReactNativeJS:     in App (created by ErrorOverlay)
06-23 23:38:14.079 21407 21777 E ReactNativeJS:     in ErrorToastContainer (created by ErrorOverlay)
06-23 23:38:14.079 21407 21777 E ReactNativeJS:     in ErrorOverlay (created by withDevTools(ErrorOverlay))
06-23 23:38:14.079 21407 21777 E ReactNativeJS:     in withDevTools(ErrorOverlay)
06-23 23:38:14.079 21407 21777 E ReactNativeJS:     in RCTView (created by View)
06-23 23:38:14.079 21407 21777 E ReactNativeJS:     in View (created by AppContainer)
06-23 23:38:14.079 21407 21777 E ReactNativeJS:     in RCTView (created by View)
06-23 23:38:14.079 21407 21777 E ReactNativeJS:     in View (created by AppContainer)
06-23 23:38:14.079 21407 21777 E ReactNativeJS:     in AppContainer
06-23 23:38:14.079 21407 21777 E ReactNativeJS:     in main(RootComponent)
06-23 23:38:16.899 21407 21777 W ReactNativeJS: 'This method is deprecated (as well as all React Native Firebase namespaced API) and will be removed in the next major release as part of move to match Firebase Web modular SDK API. Please see migration guide for more details: https://rnfirebase.io/migrating-to-v22 Please use `getApp()` instead.', { [Component Stack] name: 'Component Stack' }
06-23 23:38:16.912 21407 21777 W ReactNativeJS: 'This method is deprecated (as well as all React Native Firebase namespaced API) and will be removed in the next major release as part of move to match Firebase Web modular SDK API. Please see migration guide for more details: https://rnfirebase.io/migrating-to-v22 Please use `getApp()` instead.', { [Component Stack] name: 'Component Stack' }
06-23 23:38:16.931 21407 21777 W ReactNativeJS: 'This method is deprecated (as well as all React Native Firebase namespaced API) and will be removed in the next major release as part of move to match Firebase Web modular SDK API. Please see migration guide for more details: https://rnfirebase.io/migrating-to-v22. Method called was `logEvent`. Please use `logEvent()` instead.', { [Component Stack] name: 'Component Stack' }
06-23 23:38:17.075 21407 21777 W ReactNativeJS: This method is deprecated (as well as all React Native Firebase namespaced API) and will be removed in the next major release as part of move to match Firebase Web modular SDK API. Please see migration guide for more details: https://rnfirebase.io/migrating-to-v22. Method called was `FieldValue`. Please use `FieldValue` instead.
06-23 23:38:17.076 21407 21777 W ReactNativeJS: This method is deprecated (as well as all React Native Firebase namespaced API) and will be removed in the next major release as part of move to match Firebase Web modular SDK API. Please see migration guide for more details: https://rnfirebase.io/migrating-to-v22. Method called was `delete`. Please use `deleteField()` instead.
06-23 23:38:17.076 21407 21777 W ReactNativeJS: This method is deprecated (as well as all React Native Firebase namespaced API) and will be removed in the next major release as part of move to match Firebase Web modular SDK API. Please see migration guide for more details: https://rnfirebase.io/migrating-to-v22. Method called was `FieldValue`. Please use `FieldValue` instead.
06-23 23:38:17.077 21407 21777 W ReactNativeJS: This method is deprecated (as well as all React Native Firebase namespaced API) and will be removed in the next major release as part of move to match Firebase Web modular SDK API. Please see migration guide for more details: https://rnfirebase.io/migrating-to-v22. Method called was `serverTimestamp`. Please use `serverTimestamp()` instead.
06-23 23:38:17.139 21407 21777 E ReactNativeJS: ReferenceError: Property 'ArcOverlayInfoRow' doesn't exist
06-23 23:38:17.139 21407 21777 E ReactNativeJS: 
06-23 23:38:17.139 21407 21777 E ReactNativeJS: This error is located at:
06-23 23:38:17.139 21407 21777 E ReactNativeJS:     in PlanetEconomyInfoOverlayContent (created by ArcOverlayHost)
06-23 23:38:17.139 21407 21777 E ReactNativeJS:     in RCTView (created by View)
06-23 23:38:17.139 21407 21777 E ReactNativeJS:     in View (created by ArcOverlayHost)
06-23 23:38:17.139 21407 21777 E ReactNativeJS:     in RCTView (created by View)
06-23 23:38:17.139 21407 21777 E ReactNativeJS:     in View (created by ArcOverlayHost)
06-23 23:38:17.139 21407 21777 E ReactNativeJS:     in RCTView (created by View)
06-23 23:38:17.139 21407 21777 E ReactNativeJS:     in View (created by ArcOverlayHost)
06-23 23:38:17.139 21407 21777 E ReactNativeJS:     in ArcOverlayHost (created by RootLayout)
06-23 23:38:17.139 21407 21777 E ReactNativeJS:     in RNGestureHandlerRootView (created by GestureHandlerRootView)
06-23 23:38:17.139 21407 21777 E ReactNativeJS:     in GestureHandlerRootView (created by RootLayout)
06-23 23:38:17.139 21407 21777 E ReactNativeJS:     in RootLayout
06-23 23:38:17.139 21407 21777 E ReactNativeJS:     in Unknown (created by Route())
06-23 23:38:17.139 21407 21777 E ReactNativeJS:     in Suspense (created by Route())
06-23 23:38:17.139 21407 21777 E ReactNativeJS:     in Route (created by Route())
06-23 23:38:17.139 21407 21777 E ReactNativeJS:     in Route() (created by ContextNavigator)
06-23 23:38:17.139 21407 21777 E ReactNativeJS:     in RNCSafeAreaProvider (created by SafeAreaProvider)
06-23 23:38:17.139 21407 21777 E ReactNativeJS:     in SafeAreaProvider (created by wrapper)
06-23 23:38:17.139 21407 21777 E ReactNativeJS:     in wrapper (created by ContextNavigator)
06-23 23:38:17.139 21407 21777 E ReactNativeJS:     in EnsureSingleNavigator
06-23 23:38:17.139 21407 21777 E ReactNativeJS:     in BaseNavigationContainer
06-23 23:38:17.139 21407 21777 E ReactNativeJS:     in ThemeProvider
06-23 23:38:17.139 21407 21777 E ReactNativeJS:     in NavigationContainerInner (created by ContextNavigator)
06-23 23:38:17.139 21407 21777 E ReactNativeJS:     in ContextNavigator (created by ExpoRoot)
06-23 23:38:17.139 21407 21777 E ReactNativeJS:     in ExpoRoot (created by App)
06-23 23:38:17.139 21407 21777 E ReactNativeJS:     in App (created by ErrorOverlay)
06-23 23:38:17.139 21407 21777 E ReactNativeJS:     in ErrorToastContainer (created by ErrorOverlay)
06-23 23:38:17.139 21407 21777 E ReactNativeJS:     in ErrorOverlay (created by withDevTools(ErrorOverlay))
06-23 23:38:17.139 21407 21777 E ReactNativeJS:     in withDevTools(ErrorOverlay)
06-23 23:38:17.139 21407 21777 E ReactNativeJS:     in RCTView (created by View)
06-23 23:38:17.139 21407 21777 E ReactNativeJS:     in View (created by AppContainer)
06-23 23:38:17.139 21407 21777 E ReactNativeJS:     in RCTView (created by View)
06-23 23:38:17.139 21407 21777 E ReactNativeJS:     in View (created by AppContainer)
06-23 23:38:17.139 21407 21777 E ReactNativeJS:     in AppContainer
06-23 23:38:17.139 21407 21777 E ReactNativeJS:     in main(RootComponent)
06-23 23:38:17.141 21407 21777 E ReactNativeJS: ReferenceError: Property 'ArcOverlayInfoRow' doesn't exist
06-23 23:38:17.141 21407 21777 E ReactNativeJS: 
06-23 23:38:17.141 21407 21777 E ReactNativeJS: This error is located at:
06-23 23:38:17.141 21407 21777 E ReactNativeJS:     in PlanetEconomyInfoOverlayContent (created by ArcOverlayHost)
06-23 23:38:17.141 21407 21777 E ReactNativeJS:     in RCTView (created by View)
06-23 23:38:17.141 21407 21777 E ReactNativeJS:     in View (created by ArcOverlayHost)
06-23 23:38:17.141 21407 21777 E ReactNativeJS:     in RCTView (created by View)
06-23 23:38:17.141 21407 21777 E ReactNativeJS:     in View (created by ArcOverlayHost)
06-23 23:38:17.141 21407 21777 E ReactNativeJS:     in RCTView (created by View)
06-23 23:38:17.141 21407 21777 E ReactNativeJS:     in View (created by ArcOverlayHost)
06-23 23:38:17.141 21407 21777 E ReactNativeJS:     in ArcOverlayHost (created by RootLayout)
06-23 23:38:17.141 21407 21777 E ReactNativeJS:     in RNGestureHandlerRootView (created by GestureHandlerRootView)
06-23 23:38:17.141 21407 21777 E ReactNativeJS:     in GestureHandlerRootView (created by RootLayout)
06-23 23:38:17.141 21407 21777 E ReactNativeJS:     in RootLayout
06-23 23:38:17.141 21407 21777 E ReactNativeJS:     in Unknown (created by Route())
06-23 23:38:17.141 21407 21777 E ReactNativeJS:     in Suspense (created by Route())
06-23 23:38:17.141 21407 21777 E ReactNativeJS:     in Route (created by Route())
06-23 23:38:17.141 21407 21777 E ReactNativeJS:     in Route() (created by ContextNavigator)
06-23 23:38:17.141 21407 21777 E ReactNativeJS:     in RNCSafeAreaProvider (created by SafeAreaProvider)
06-23 23:38:17.141 21407 21777 E ReactNativeJS:     in SafeAreaProvider (created by wrapper)
06-23 23:38:17.141 21407 21777 E ReactNativeJS:     in wrapper (created by ContextNavigator)
06-23 23:38:17.141 21407 21777 E ReactNativeJS:     in EnsureSingleNavigator
06-23 23:38:17.141 21407 21777 E ReactNativeJS:     in BaseNavigationContainer
06-23 23:38:17.141 21407 21777 E ReactNativeJS:     in ThemeProvider
06-23 23:38:17.141 21407 21777 E ReactNativeJS:     in NavigationContainerInner (created by ContextNavigator)
06-23 23:38:17.141 21407 21777 E ReactNativeJS:     in ContextNavigator (created by ExpoRoot)
06-23 23:38:17.141 21407 21777 E ReactNativeJS:     in ExpoRoot (created by App)
06-23 23:38:17.141 21407 21777 E ReactNativeJS:     in App (created by ErrorOverlay)
06-23 23:38:17.141 21407 21777 E ReactNativeJS:     in ErrorToastContainer (created by ErrorOverlay)
06-23 23:38:17.141 21407 21777 E ReactNativeJS:     in ErrorOverlay (created by withDevTools(ErrorOverlay))
06-23 23:38:17.141 21407 21777 E ReactNativeJS:     in withDevTools(ErrorOverlay)
06-23 23:38:17.141 21407 21777 E ReactNativeJS:     in RCTView (created by View)
06-23 23:38:17.141 21407 21777 E ReactNativeJS:     in View (created by AppContainer)
06-23 23:38:17.141 21407 21777 E ReactNativeJS:     in RCTView (created by View)
06-23 23:38:17.141 21407 21777 E ReactNativeJS:     in View (created by AppContainer)
06-23 23:38:17.141 21407 21777 E ReactNativeJS:     in AppContainer
06-23 23:38:17.141 21407 21777 E ReactNativeJS:     in main(RootComponent)
06-23 23:38:25.897 21407 21777 W ReactNativeJS: 'This method is deprecated (as well as all React Native Firebase namespaced API) and will be removed in the next major release as part of move to match Firebase Web modular SDK API. Please see migration guide for more details: https://rnfirebase.io/migrating-to-v22 Please use `getApp()` instead.', { [Component Stack] name: 'Component Stack' }
06-23 23:38:25.915 21407 21777 W ReactNativeJS: 'This method is deprecated (as well as all React Native Firebase namespaced API) and will be removed in the next major release as part of move to match Firebase Web modular SDK API. Please see migration guide for more details: https://rnfirebase.io/migrating-to-v22 Please use `getApp()` instead.', { [Component Stack] name: 'Component Stack' }
06-23 23:38:25.927 21407 21777 W ReactNativeJS: 'This method is deprecated (as well as all React Native Firebase namespaced API) and will be removed in the next major release as part of move to match Firebase Web modular SDK API. Please see migration guide for more details: https://rnfirebase.io/migrating-to-v22. Method called was `logEvent`. Please use `logEvent()` instead.', { [Component Stack] name: 'Component Stack' }
06-23 23:38:26.074 21407 21777 W ReactNativeJS: This method is deprecated (as well as all React Native Firebase namespaced API) and will be removed in the next major release as part of move to match Firebase Web modular SDK API. Please see migration guide for more details: https://rnfirebase.io/migrating-to-v22. Method called was `FieldValue`. Please use `FieldValue` instead.
06-23 23:38:26.074 21407 21777 W ReactNativeJS: This method is deprecated (as well as all React Native Firebase namespaced API) and will be removed in the next major release as part of move to match Firebase Web modular SDK API. Please see migration guide for more details: https://rnfirebase.io/migrating-to-v22. Method called was `delete`. Please use `deleteField()` instead.
06-23 23:38:26.075 21407 21777 W ReactNativeJS: This method is deprecated (as well as all React Native Firebase namespaced API) and will be removed in the next major release as part of move to match Firebase Web modular SDK API. Please see migration guide for more details: https://rnfirebase.io/migrating-to-v22. Method called was `FieldValue`. Please use `FieldValue` instead.
06-23 23:38:26.075 21407 21777 W ReactNativeJS: This method is deprecated (as well as all React Native Firebase namespaced API) and will be removed in the next major release as part of move to match Firebase Web modular SDK API. Please see migration guide for more details: https://rnfirebase.io/migrating-to-v22. Method called was `serverTimestamp`. Please use `serverTimestamp()` instead.
06-23 23:38:36.060  1909  2776 I ActivityManager: Changes in 99215 3 to 10, 184 to 0
06-23 23:38:49.465  1909  1973 I ActivityManager: Start proc 24589:com.samsung.android.dqagent/1000 for broadcast {com.samsung.android.dqagent/com.samsung.android.dqagent.receiver.DQADataReceiver}
06-23 23:38:49.465  1909  1973 I ActivityManager: ProcessObserver broadcast disabled
06-23 23:40:49.681  1909  1973 I ActivityManager: Start proc 24637:com.google.android.apps.turbo:aab/u0a250 for service {com.google.android.apps.turbo/com.google.android.libraries.smartbattery.appusage.library.EvaluateAppBucketsJob}
06-23 23:40:49.681  1909  1973 I ActivityManager: ProcessObserver broadcast disabled
06-23 23:40:49.695  1909  1973 I ActivityManager: Start proc 24639:com.google.android.as.oss/u0a248 for service {com.google.android.as.oss/com.google.android.gms.learning.internal.training.InAppJobService}
06-23 23:40:49.695  1909  1973 I ActivityManager: ProcessObserver broadcast disabled
06-23 23:40:49.780  1909  2776 I ActivityManager: Changes in 10250 19 to 8, 0 to 128
06-23 23:40:49.862  1909  4226 I ActivityManager: Changes in 10248 19 to 8, 0 to 128
06-23 23:40:49.912  1909  1973 I ActivityManager: Start proc 24678:com.lguplus.appstore/u0a99 for service {com.lguplus.appstore/androidx.work.impl.background.systemjob.SystemJobService}
06-23 23:40:49.912  1909  1973 I ActivityManager: ProcessObserver broadcast disabled
06-23 23:40:49.924  1909  1973 I ActivityManager: Start proc 24682:com.samsung.faceservice/5004 for service {com.samsung.faceservice/androidx.work.impl.background.systemjob.SystemJobService}
06-23 23:40:49.924  1909  1973 I ActivityManager: ProcessObserver broadcast disabled
06-23 23:40:49.937  1909  1973 I ActivityManager: Start proc 24692:com.samsung.mfcontents/u0a95 for service {com.samsung.mfcontents/com.samsung.mfcontents.scheduler.MFCJobService}
06-23 23:40:49.940  1909  1973 I ActivityManager: ProcessObserver broadcast disabled
06-23 23:40:49.964  1909  4226 I ActivityManager: Changes in 10248 8 to 10, 128 to 0
06-23 23:40:49.967  1909  1973 I ActivityManager: Start proc 24702:com.samsung.android.scs/u0a116 for service {com.samsung.android.scs/androidx.work.impl.background.systemjob.SystemJobService}
06-23 23:40:49.968  1909  1973 I ActivityManager: ProcessObserver broadcast disabled
06-23 23:40:50.006  1909  1973 I ActivityManager: Start proc 24718:com.samsung.cmh/5004 for service {com.samsung.cmh/com.samsung.cmh.core.cmhjobservice.CMHJobService}
06-23 23:40:50.010  1909  1973 I ActivityManager: ProcessObserver broadcast disabled
06-23 23:40:50.022  1909  2769 I ActivityManager: Killing 23222:com.sec.android.app.sbrowser/u0a330 (adj 905): empty #25
06-23 23:40:50.078  1909  4343 I ActivityManager: Changes in 10095 19 to 8, 0 to 128
06-23 23:40:50.085  1909  4343 I ActivityManager: Changes in 10250 8 to 10, 128 to 0
06-23 23:40:50.094  1909  4343 I ActivityManager: Changes in 10243 19 to 8, 0 to 128
06-23 23:40:50.101  1909  4226 I ActivityManager: Changes in 5004 19 to 8, 0 to 128
06-23 23:40:50.112  1909  2224 I ActivityManager: Changes in 10095 8 to 10, 128 to 0
06-23 23:40:50.118  1909  4227 I ActivityManager: Killing 23228:com.samsung.android.aremoji/u0a50 (adj 905): empty #25
06-23 23:40:50.145  1909  4226 I ActivityManager: Killing 23238:com.samsung.android.samsungpass/u0a127 (adj 905): empty #25
06-23 23:40:50.148  1909  4340 I ActivityManager: Changes in 10243 8 to 10, 128 to 0
06-23 23:40:50.153  1909  2776 I ActivityManager: Killing 23226:com.samsung.android.app.reminder/u0a224 (adj 905): empty #25
06-23 23:40:50.160  1909  2065 I ActivityManager: Changes in 10095 19 to 8, 0 to 128
06-23 23:40:50.182  1909  4226 I ActivityManager: Changes in 5004 8 to 10, 128 to 0
06-23 23:40:50.189  1909  2776 I ActivityManager: Changes in 10116 19 to 8, 0 to 128
06-23 23:40:50.192  1909  2769 I ActivityManager: Changes in 5004 10 to 8, 0 to 128
06-23 23:40:50.196  1909  2769 I ActivityManager: Changes in 10095 8 to 10, 128 to 0
06-23 23:40:50.201  1909  4226 I ActivityManager: Changes in 5004 8 to 10, 128 to 0
06-23 23:40:50.205  1909  2776 I ActivityManager: Killing 23205:com.sec.android.app.shealth:remote/u0a328 (adj 905): empty #25
06-23 23:40:50.239  1909  1972 I ActivityManager: Changes in 10108 10 to 10, 0 to 128
06-23 23:40:50.243  1909  1972 I ActivityManager: Changes in 10096 19 to 11, 0 to 128
06-23 23:40:50.248  1909  2065 I ActivityManager: Changes in 10243 19 to 8, 0 to 128
06-23 23:40:50.260  1909  2769 I ActivityManager: Changes in 10096 11 to 19, 128 to 0
06-23 23:40:50.270  1909  4338 I ActivityManager: Changes in 10108 10 to 10, 128 to 0
06-23 23:40:50.295  1909  4338 I ActivityManager: Changes in 10243 8 to 10, 128 to 0
06-23 23:40:50.330  1909  4343 I ActivityManager: Changes in 10116 8 to 10, 128 to 0
06-23 23:40:50.334  1909  4226 I ActivityManager: Killing 23183:com.samsung.android.app.notes/u0a326 (adj 905): empty #25
06-23 23:40:50.392  1909  2065 I ActivityManager: Changes in 99215 19 to 8, 0 to 128
06-23 23:40:50.393  1909  2065 I ActivityManager: Changes in 10243 19 to 8, 0 to 128
06-23 23:40:50.510  1909  1973 I ActivityManager: Start proc 24844:com.sec.android.provider.badge/u0a55 for broadcast {com.sec.android.provider.badge/com.sec.android.provider.badge.BadgeCountReceiver}
06-23 23:40:50.511  1909  1973 I ActivityManager: ProcessObserver broadcast disabled
06-23 23:40:50.593  1909  4338 I ActivityManager: Changes in 99215 8 to 10, 128 to 0
06-23 23:40:50.593  1909  4338 I ActivityManager: Changes in 10243 8 to 10, 128 to 0
06-23 23:40:50.609  1909  3606 I ActivityManager: Changes in 99215 19 to 8, 0 to 128
06-23 23:40:50.610  1909  3606 I ActivityManager: Changes in 10099 19 to 8, 0 to 128
06-23 23:40:50.637  1909  4226 I ActivityManager: Changes in 10055 19 to 11, 0 to 128
06-23 23:40:50.674  1909  3050 I ActivityManager: Changes in 10055 11 to 5, 128 to 144
06-23 23:40:50.683  1909  1973 I ActivityManager: Start proc 24873:com.android.vending/u0a251 for service {com.android.vending/com.google.android.finsky.developergroupidinfo.DeveloperGroupIdInfoService}
06-23 23:40:50.683  1909  1973 I ActivityManager: ProcessObserver broadcast disabled
06-23 23:40:50.712  1909  4340 I ActivityManager: Changes in 99215 8 to 10, 128 to 0
06-23 23:40:50.712  1909  4340 I ActivityManager: Changes in 10099 8 to 10, 128 to 0
06-23 23:40:50.714  1909  4340 I ActivityManager: Killing 20794:com.google.android.setupwizard/u0a279 (adj 905): empty #25
06-23 23:40:51.011  1909  4340 I ActivityManager: Killing 23623:com.google.android.apps.maps/u0a270 (adj 905): empty #25
06-23 23:40:51.333  1909  4340 I ActivityManager: Changes in 10116 19 to 8, 0 to 128
06-23 23:40:51.410  1909  1972 I ActivityManager: Changes in 10251 19 to 11, 0 to 128
06-23 23:40:51.425  1909  4338 I ActivityManager: Changes in 10251 11 to 19, 128 to 0
06-23 23:40:51.552  1909  4340 I ActivityManager: Changes in 10066 19 to 8, 0 to 128
06-23 23:40:51.559  1909  2057 I ActivityManager: Changes in 10056 19 to 8, 0 to 128
06-23 23:40:51.575  1909  1973 I ActivityManager: Start proc 24945:com.sec.android.gallery3d/u0a124 for content provider {com.sec.android.gallery3d/com.samsung.android.gallery.app.provider.LocalProvider2}
06-23 23:40:51.575  1909  1973 I ActivityManager: ProcessObserver broadcast disabled
06-23 23:40:51.585  1909  1973 I ActivityManager: Start proc 24946:com.android.providers.calendar/u0a115 for content provider {com.android.providers.calendar/com.android.providers.calendar.CalendarProvider2}
06-23 23:40:51.585  1909  1973 I ActivityManager: ProcessObserver broadcast disabled
06-23 23:40:51.603  1909  1973 I ActivityManager: Start proc 24947:com.samsung.android.app.reminder/u0a224 for content provider {com.samsung.android.app.reminder/com.samsung.android.app.reminder.data.provider.ReminderProvider}
06-23 23:40:51.606  1909  1973 I ActivityManager: ProcessObserver broadcast disabled
06-23 23:40:51.658  1909  2769 I ActivityManager: Changes in 5004 19 to 8, 0 to 128
06-23 23:40:51.719  1909  2769 I ActivityManager: Changes in 10115 19 to 8, 0 to 128
06-23 23:40:51.746  1909  4226 I ActivityManager: Changes in 10224 19 to 8, 0 to 128
06-23 23:40:51.878  1909  4226 I ActivityManager: Changes in 10124 19 to 8, 0 to 128
06-23 23:40:51.917  1909  4407 I ActivityManager: Changes in 10224 8 to 10, 128 to 0
06-23 23:40:51.917  1909  4407 I ActivityManager: Changes in 10124 8 to 10, 128 to 0
06-23 23:40:51.917  1909  4407 I ActivityManager: Changes in 10116 8 to 10, 128 to 0
06-23 23:40:51.917  1909  4407 I ActivityManager: Changes in 10115 8 to 10, 128 to 0
06-23 23:40:51.917  1909  4407 I ActivityManager: Changes in 10066 8 to 10, 128 to 0
06-23 23:40:51.917  1909  4407 I ActivityManager: Changes in 10056 8 to 10, 128 to 0
06-23 23:40:51.917  1909  4407 I ActivityManager: Changes in 5004 8 to 10, 128 to 0
06-23 23:40:51.930  1909  2769 I ActivityManager: Killing 23822:com.google.android.apps.restore/u0a249 (adj 905): empty #25
06-23 23:40:51.932  1909  2769 I ActivityManager: Killing 23802:com.google.ar.core/u0a152 (adj 905): empty #26
06-23 23:40:51.935  1909  2769 I ActivityManager: Killing 23718:com.google.android.apps.tachyon/u0a254 (adj 905): empty #27
06-23 23:40:56.720  1909  1971 I ActivityManager: Changes in 10055 5 to 15, 144 to 0
06-23 23:41:00.357  1909  1971 W ActivityManager: pid 1909 system sent binder code 2 with flags 1 to frozen apps and got error -32
06-23 23:41:00.375  1909  1971 W ActivityManager: pid 1909 system sent binder code 2 with flags 1 to frozen apps and got error -32
06-23 23:41:00.382  1909  1971 W ActivityManager: pid 1909 system sent binder code 2 with flags 1 to frozen apps and got error -32
06-23 23:41:00.408  1909  1971 W ActivityManager: pid 1909 system sent binder code 2 with flags 1 to frozen apps and got error -32
06-23 23:41:00.415  1909  1971 W ActivityManager: pid 1909 system sent binder code 2 with flags 1 to frozen apps and got error -32
06-23 23:41:00.420  1909  1971 W ActivityManager: pid 1909 system sent binder code 2 with flags 1 to frozen apps and got error -32
06-23 23:41:00.424  1909  1971 W ActivityManager: pid 1909 system sent binder code 2 with flags 1 to frozen apps and got error -32
06-23 23:41:00.431  1909  1971 W ActivityManager: pid 1909 system sent binder code 2 with flags 1 to frozen apps and got error -32
06-23 23:41:00.431  1909  1971 W ActivityManager: pid 1909 system sent binder code 2 with flags 1 to frozen apps and got error -32
06-23 23:41:00.437  1909  1971 W ActivityManager: pid 1909 system sent binder code 2 with flags 1 to frozen apps and got error -32
06-23 23:41:00.437  1909  1971 W ActivityManager: pid 1909 system sent binder code 2 with flags 1 to frozen apps and got error -32
06-23 23:41:00.442  1909  1971 W ActivityManager: pid 1909 system sent binder code 2 with flags 1 to frozen apps and got error -32
06-23 23:41:00.446  1909  1971 W ActivityManager: pid 1909 system sent binder code 2 with flags 1 to frozen apps and got error -32
06-23 23:41:00.453  1909  1971 W ActivityManager: pid 1909 system sent binder code 2 with flags 1 to frozen apps and got error -32
06-23 23:41:00.460  1909  1971 W ActivityManager: pid 1909 system sent binder code 2 with flags 1 to frozen apps and got error -32
06-23 23:41:00.463  1909  1971 W ActivityManager: pid 1909 system sent binder code 2 with flags 1 to frozen apps and got error -32
06-23 23:41:00.469  1909  1971 W ActivityManager: pid 1909 system sent binder code 2 with flags 1 to frozen apps and got error -32
06-23 23:41:00.474  1909  1971 W ActivityManager: pid 1909 system sent binder code 2 with flags 1 to frozen apps and got error -32
06-23 23:41:00.477  1909  1971 W ActivityManager: pid 1909 system sent binder code 2 with flags 1 to frozen apps and got error -32
06-23 23:41:00.484  1909  1971 W ActivityManager: pid 1909 system sent binder code 2 with flags 1 to frozen apps and got error -32
06-23 23:41:01.122  1909  1973 I ActivityManager: Start proc 25122:com.android.vending:background/u0a251 for service {com.android.vending/com.google.frameworks.client.data.android.server.play.BackgroundProcessEndpointService}
06-23 23:41:01.122  1909  1973 I ActivityManager: ProcessObserver broadcast disabled
06-23 23:41:26.991  1909  1972 I ActivityManager: Killing 21061:com.google.android.googlequicksearchbox:search/u0a253 (adj 905): empty #25
06-23 23:41:26.996  1909  1972 I ActivityManager: Killing 23859:com.google.android.apps.photos/u0a313 (adj 905): empty #26
06-23 23:44:48.385 21407 21777 W ReactNativeJS: This method is deprecated (as well as all React Native Firebase namespaced API) and will be removed in the next major release as part of move to match Firebase Web modular SDK API. Please see migration guide for more details: https://rnfirebase.io/migrating-to-v22. Method called was `FieldValue`. Please use `FieldValue` instead.
06-23 23:44:48.385 21407 21777 W ReactNativeJS: This method is deprecated (as well as all React Native Firebase namespaced API) and will be removed in the next major release as part of move to match Firebase Web modular SDK API. Please see migration guide for more details: https://rnfirebase.io/migrating-to-v22. Method called was `delete`. Please use `deleteField()` instead.
06-23 23:44:48.386 21407 21777 W ReactNativeJS: This method is deprecated (as well as all React Native Firebase namespaced API) and will be removed in the next major release as part of move to match Firebase Web modular SDK API. Please see migration guide for more details: https://rnfirebase.io/migrating-to-v22. Method called was `FieldValue`. Please use `FieldValue` instead.
06-23 23:44:48.386 21407 21777 W ReactNativeJS: This method is deprecated (as well as all React Native Firebase namespaced API) and will be removed in the next major release as part of move to match Firebase Web modular SDK API. Please see migration guide for more details: https://rnfirebase.io/migrating-to-v22. Method called was `serverTimestamp`. Please use `serverTimestamp()` instead.
06-23 23:46:37.833  1909  1972 I ActivityManager: Changes in 10096 19 to 11, 0 to 128
06-23 23:46:37.839  1909  2867 I ActivityManager: Changes in 10096 11 to 19, 128 to 0
06-23 23:48:03.838 21407 21777 W ReactNativeJS: This method is deprecated (as well as all React Native Firebase namespaced API) and will be removed in the next major release as part of move to match Firebase Web modular SDK API. Please see migration guide for more details: https://rnfirebase.io/migrating-to-v22. Method called was `FieldValue`. Please use `FieldValue` instead.
06-23 23:48:03.839 21407 21777 W ReactNativeJS: This method is deprecated (as well as all React Native Firebase namespaced API) and will be removed in the next major release as part of move to match Firebase Web modular SDK API. Please see migration guide for more details: https://rnfirebase.io/migrating-to-v22. Method called was `delete`. Please use `deleteField()` instead.
06-23 23:48:03.841 21407 21777 W ReactNativeJS: This method is deprecated (as well as all React Native Firebase namespaced API) and will be removed in the next major release as part of move to match Firebase Web modular SDK API. Please see migration guide for more details: https://rnfirebase.io/migrating-to-v22. Method called was `FieldValue`. Please use `FieldValue` instead.
06-23 23:48:03.842 21407 21777 W ReactNativeJS: This method is deprecated (as well as all React Native Firebase namespaced API) and will be removed in the next major release as part of move to match Firebase Web modular SDK API. Please see migration guide for more details: https://rnfirebase.io/migrating-to-v22. Method called was `serverTimestamp`. Please use `serverTimestamp()` instead.
06-23 23:48:31.046  1909  1973 I ActivityManager: Start proc 25467:com.samsung.android.privacydashboard/u0a107 for content provider {com.samsung.android.privacydashboard/com.samsung.android.privacydashboard.provider.PermissionAccessInformationContentProvider}
06-23 23:48:31.047  1909  1973 I ActivityManager: ProcessObserver broadcast disabled
06-23 23:48:31.221  1909  2867 I ActivityManager: Changes in 10107 19 to 5, 0 to 144
06-23 23:48:37.335  1909  1971 I ActivityManager: Changes in 10107 5 to 15, 144 to 0
06-23 23:48:57.340  1909  1972 I ActivityManager: Killing 24639:com.google.android.as.oss/u0a248 (adj 905): empty #25
06-23 23:50:09.567 21407 21777 W ReactNativeJS: This method is deprecated (as well as all React Native Firebase namespaced API) and will be removed in the next major release as part of move to match Firebase Web modular SDK API. Please see migration guide for more details: https://rnfirebase.io/migrating-to-v22. Method called was `FieldValue`. Please use `FieldValue` instead.
06-23 23:50:09.569 21407 21777 W ReactNativeJS: This method is deprecated (as well as all React Native Firebase namespaced API) and will be removed in the next major release as part of move to match Firebase Web modular SDK API. Please see migration guide for more details: https://rnfirebase.io/migrating-to-v22. Method called was `delete`. Please use `deleteField()` instead.
06-23 23:50:09.570 21407 21777 W ReactNativeJS: This method is deprecated (as well as all React Native Firebase namespaced API) and will be removed in the next major release as part of move to match Firebase Web modular SDK API. Please see migration guide for more details: https://rnfirebase.io/migrating-to-v22. Method called was `FieldValue`. Please use `FieldValue` instead.
06-23 23:50:09.571 21407 21777 W ReactNativeJS: This method is deprecated (as well as all React Native Firebase namespaced API) and will be removed in the next major release as part of move to match Firebase Web modular SDK API. Please see migration guide for more details: https://rnfirebase.io/migrating-to-v22. Method called was `serverTimestamp`. Please use `serverTimestamp()` instead.
06-23 23:50:28.186  1909  2867 I ActivityManager: Changes in 99215 19 to 8, 0 to 128
06-23 23:50:28.218  1909  3606 I ActivityManager: Changes in 99215 8 to 10, 128 to 0
06-23 23:52:40.673 21407 21777 W ReactNativeJS: This method is deprecated (as well as all React Native Firebase namespaced API) and will be removed in the next major release as part of move to match Firebase Web modular SDK API. Please see migration guide for more details: https://rnfirebase.io/migrating-to-v22. Method called was `FieldValue`. Please use `FieldValue` instead.
06-23 23:52:40.674 21407 21777 W ReactNativeJS: This method is deprecated (as well as all React Native Firebase namespaced API) and will be removed in the next major release as part of move to match Firebase Web modular SDK API. Please see migration guide for more details: https://rnfirebase.io/migrating-to-v22. Method called was `delete`. Please use `deleteField()` instead.
06-23 23:52:40.675 21407 21777 W ReactNativeJS: This method is deprecated (as well as all React Native Firebase namespaced API) and will be removed in the next major release as part of move to match Firebase Web modular SDK API. Please see migration guide for more details: https://rnfirebase.io/migrating-to-v22. Method called was `FieldValue`. Please use `FieldValue` instead.
06-23 23:52:40.675 21407 21777 W ReactNativeJS: This method is deprecated (as well as all React Native Firebase namespaced API) and will be removed in the next major release as part of move to match Firebase Web modular SDK API. Please see migration guide for more details: https://rnfirebase.io/migrating-to-v22. Method called was `serverTimestamp`. Please use `serverTimestamp()` instead.
06-23 23:53:08.812  1909  1972 I ActivityManager: Changes in 10096 19 to 11, 0 to 128
06-23 23:53:08.821  1909  4227 I ActivityManager: Changes in 10096 11 to 19, 128 to 0
06-23 23:53:08.829  1909  1973 I ActivityManager: Start proc 25574:com.samsung.android.game.gos/u0a76 for service {com.samsung.android.game.gos/com.samsung.android.game.gos.service.MainIntentService}
06-23 23:53:08.834  1909  1973 I ActivityManager: ProcessObserver broadcast disabled
06-23 23:53:08.861  1909  4227 I ActivityManager: Changes in 99215 19 to 5, 0 to 184
06-23 23:53:08.965  1909  2867 W ActivityManager: Slow operation: 52ms so far, now at attachApplicationLocked: immediately after bindApplication
06-23 23:53:08.965  1909  2867 W ActivityManager: Slow operation: 52ms so far, now at attachApplicationLocked: after updateLruProcessLocked
06-23 23:53:08.968  1909  2867 W ActivityManager: Slow operation: 56ms so far, now at attachApplicationLocked: after updateOomAdjLocked
06-23 23:53:23.932  1909  4227 I ActivityManager: Changes in 99215 5 to 10, 184 to 0
06-23 23:53:23.942  1909  4227 I ActivityManager: Killing 24589:com.samsung.android.dqagent/1000 (adj 905): empty #25
06-23 23:54:59.992 21407 21777 W ReactNativeJS: This method is deprecated (as well as all React Native Firebase namespaced API) and will be removed in the next major release as part of move to match Firebase Web modular SDK API. Please see migration guide for more details: https://rnfirebase.io/migrating-to-v22. Method called was `FieldValue`. Please use `FieldValue` instead.
06-23 23:54:59.994 21407 21777 W ReactNativeJS: This method is deprecated (as well as all React Native Firebase namespaced API) and will be removed in the next major release as part of move to match Firebase Web modular SDK API. Please see migration guide for more details: https://rnfirebase.io/migrating-to-v22. Method called was `delete`. Please use `deleteField()` instead.
06-23 23:54:59.996 21407 21777 W ReactNativeJS: This method is deprecated (as well as all React Native Firebase namespaced API) and will be removed in the next major release as part of move to match Firebase Web modular SDK API. Please see migration guide for more details: https://rnfirebase.io/migrating-to-v22. Method called was `FieldValue`. Please use `FieldValue` instead.
06-23 23:54:59.997 21407 21777 W ReactNativeJS: This method is deprecated (as well as all React Native Firebase namespaced API) and will be removed in the next major release as part of move to match Firebase Web modular SDK API. Please see migration guide for more details: https://rnfirebase.io/migrating-to-v22. Method called was `serverTimestamp`. Please use `serverTimestamp()` instead.
06-23 23:55:22.262  1909  1972 I ActivityManager: Changes in 10096 19 to 11, 0 to 128
06-23 23:55:22.282  1909  2776 I ActivityManager: Changes in 99215 19 to 5, 0 to 184
06-23 23:55:32.278  1909  2065 I ActivityManager: Changes in 10096 19 to 19, 128 to 0
06-23 23:55:37.323  1909  2776 I ActivityManager: Changes in 99215 5 to 10, 184 to 0
06-23 23:57:27.731 21407 21777 W ReactNativeJS: This method is deprecated (as well as all React Native Firebase namespaced API) and will be removed in the next major release as part of move to match Firebase Web modular SDK API. Please see migration guide for more details: https://rnfirebase.io/migrating-to-v22. Method called was `FieldValue`. Please use `FieldValue` instead.
06-23 23:57:27.742 21407 21777 W ReactNativeJS: This method is deprecated (as well as all React Native Firebase namespaced API) and will be removed in the next major release as part of move to match Firebase Web modular SDK API. Please see migration guide for more details: https://rnfirebase.io/migrating-to-v22. Method called was `delete`. Please use `deleteField()` instead.
06-23 23:57:27.748 21407 21777 W ReactNativeJS: This method is deprecated (as well as all React Native Firebase namespaced API) and will be removed in the next major release as part of move to match Firebase Web modular SDK API. Please see migration guide for more details: https://rnfirebase.io/migrating-to-v22. Method called was `FieldValue`. Please use `FieldValue` instead.
06-23 23:57:27.749 21407 21777 W ReactNativeJS: This method is deprecated (as well as all React Native Firebase namespaced API) and will be removed in the next major release as part of move to match Firebase Web modular SDK API. Please see migration guide for more details: https://rnfirebase.io/migrating-to-v22. Method called was `serverTimestamp`. Please use `serverTimestamp()` instead.
