--------- beginning of main
06-22 20:31:47.170  6506  6598 W ReactNativeJS: This method is deprecated (as well as all React Native Firebase namespaced API) and will be removed in the next major release as part of move to match Firebase Web modular SDK API. Please see migration guide for more details: https://rnfirebase.io/migrating-to-v22. Method called was `FieldValue`. Please use `FieldValue` instead.
06-22 20:31:47.172  6506  6598 W ReactNativeJS: This method is deprecated (as well as all React Native Firebase namespaced API) and will be removed in the next major release as part of move to match Firebase Web modular SDK API. Please see migration guide for more details: https://rnfirebase.io/migrating-to-v22. Method called was `delete`. Please use `deleteField()` instead.
06-22 20:31:47.173  6506  6598 W ReactNativeJS: This method is deprecated (as well as all React Native Firebase namespaced API) and will be removed in the next major release as part of move to match Firebase Web modular SDK API. Please see migration guide for more details: https://rnfirebase.io/migrating-to-v22. Method called was `FieldValue`. Please use `FieldValue` instead.
06-22 20:31:47.174  6506  6598 W ReactNativeJS: This method is deprecated (as well as all React Native Firebase namespaced API) and will be removed in the next major release as part of move to match Firebase Web modular SDK API. Please see migration guide for more details: https://rnfirebase.io/migrating-to-v22. Method called was `serverTimestamp`. Please use `serverTimestamp()` instead.
--------- beginning of system
06-22 20:32:52.186  1909  1972 I ActivityManager: Changes in 10108 10 to 10, 0 to 128
06-22 20:32:52.188  1909  1972 I ActivityManager: Changes in 10096 19 to 11, 0 to 128
06-22 20:32:52.198  1909  2720 I ActivityManager: Changes in 10108 10 to 10, 128 to 0
06-22 20:32:52.200  1909  2776 I ActivityManager: Changes in 10096 11 to 19, 128 to 0
06-22 20:33:44.969  1909  1972 I ActivityManager: Changes in 10096 19 to 11, 0 to 128
06-22 20:33:44.972  1909  2720 I ActivityManager: Changes in 10096 11 to 19, 128 to 0
06-22 20:34:17.016  1909  1973 I ActivityManager: Start proc 10931:com.android.providers.calendar/u0a115 for content provider {com.android.providers.calendar/com.android.providers.calendar.CalendarProvider2}
06-22 20:34:17.017  1909  1973 I ActivityManager: ProcessObserver broadcast disabled
06-22 20:34:17.065  1909  4338 W ActivityManager: pid 8104 com.samsung.android.scs sent binder code 1 with flags 2 to frozen apps and got error -2147483646
06-22 20:34:17.065  1909  4338 I ActivityManager: Process com.samsung.cmh (pid 8839) early provider death
06-22 20:34:17.067  1909  4338 I ActivityManager: Process com.samsung.cmh (pid 8839) has died: cch+5 CEM (467,1038)
06-22 20:34:17.070  1909  4338 W ActivityManager: ProcessRecord{75d5733 0:com.samsung.cmh/5004} is attached to a previous process 8839
06-22 20:34:17.110  1909  1973 I ActivityManager: Start proc 10947:com.samsung.cmh/5004 for content provider {com.samsung.cmh/com.samsung.cmh.provider.CMHProvider}
06-22 20:34:17.110  1909  1973 I ActivityManager: ProcessObserver broadcast disabled
06-22 20:34:17.199  1909  3050 I ActivityManager: Killing 7511:com.sec.android.gallery3d/u0a124 (adj 905): empty #25
06-22 20:34:17.343  1909  3050 W ActivityManager: pid 10947 com.samsung.cmh sent binder code 21 with flags 2 to frozen apps and got error -2147483646
06-22 20:34:23.254  1909  3301 I ActivityManager: com.samsung.android.app.telephonyui is exempt from freezer by list
06-22 20:34:23.267  1909  1973 I ActivityManager: Start proc 11005:com.samsung.android.app.telephonyui/1001 for content provider {com.samsung.android.app.telephonyui/com.samsung.android.app.telephonyui.provider.InternalContentProvider}
06-22 20:34:23.267  1909  1973 I ActivityManager: ProcessObserver broadcast disabled
06-22 20:34:49.471  1909  1972 I ActivityManager: Killing 7500:com.samsung.android.app.reminder/u0a224 (adj 985): empty #25
06-22 20:35:19.762  1909  1972 I ActivityManager: Changes in 10096 19 to 11, 0 to 128
06-22 20:35:19.781  1909  4343 I ActivityManager: Changes in 99196 19 to 5, 0 to 184
06-22 20:35:19.781  1909  4343 I ActivityManager: Changes in 10297 6 to 5, 128 to 184
06-22 20:35:26.817  1909  1973 I ActivityManager: Start proc 11044:com.samsung.aasaservice/1000 for service {com.samsung.aasaservice/com.samsung.aasaservice.AASAJobService}
06-22 20:35:26.817  1909  1973 I ActivityManager: ProcessObserver broadcast disabled
06-22 20:35:26.828  1909  1973 I ActivityManager: Start proc 11045:com.samsung.android.sdm.config/u0a109 for service {com.samsung.android.sdm.config/androidx.work.impl.background.systemjob.SystemJobService}
06-22 20:35:26.828  1909  1973 I ActivityManager: ProcessObserver broadcast disabled
06-22 20:35:26.839  1909  1973 I ActivityManager: Start proc 11046:com.samsung.android.app.sharelive/5026 for service {com.samsung.android.app.sharelive/androidx.work.impl.background.systemjob.SystemJobService}
06-22 20:35:26.841  1909  1973 I ActivityManager: ProcessObserver broadcast disabled
06-22 20:35:26.860  1909  1973 I ActivityManager: Start proc 11057:com.samsung.android.scloud/5009 for service {com.samsung.android.scloud/androidx.work.impl.background.systemjob.SystemJobService}
06-22 20:35:26.861  1909  1973 I ActivityManager: ProcessObserver broadcast disabled
06-22 20:35:26.976  1909  3301 I ActivityManager: Changes in 10198 19 to 8, 0 to 128
06-22 20:35:26.996  1909  1909 I ActivityManager: Changes in 10198 8 to 10, 128 to 0
06-22 20:35:27.006  1909  4343 I ActivityManager: Changes in 10109 19 to 8, 0 to 128
06-22 20:35:27.018  1909  1909 I ActivityManager: Killing 8898:com.samsung.faceservice/5004 (adj 0): Sync transaction while in frozen state
06-22 20:35:27.019  1909  1909 I ActivityManager: Changes in 5004 19 to 8, 0 to 128
06-22 20:35:27.020  1909  1909 I ActivityManager: Changes in 5004 8 to 19, 128 to 0
06-22 20:35:27.046  1909  4343 W ActivityManager: Scheduling restart of crashed service com.samsung.faceservice/androidx.work.impl.background.systemjob.SystemJobService in 1000ms for connection
06-22 20:35:27.144  1909  4206 I ActivityManager: Changes in 5026 19 to 8, 0 to 128
06-22 20:35:27.144  1909  4206 I ActivityManager: Changes in 5025 8 to 8, 0 to 128
06-22 20:35:27.148  1909  3301 I ActivityManager: Changes in 10117 19 to 8, 0 to 128
06-22 20:35:27.198  1909  2720 I ActivityManager: Changes in 10109 8 to 10, 128 to 0
06-22 20:35:27.200  1909  2720 I ActivityManager: Changes in 10095 19 to 8, 0 to 128
06-22 20:35:27.209  1909  2720 I ActivityManager: Changes in 10095 8 to 10, 128 to 0
06-22 20:35:27.211  1909  2720 I ActivityManager: Changes in 10248 19 to 8, 0 to 128
06-22 20:35:27.219  1909  4338 I ActivityManager: Changes in 10248 8 to 10, 128 to 0
06-22 20:35:27.222  1909  4338 I ActivityManager: Changes in 10248 10 to 8, 0 to 128
06-22 20:35:27.228  1909  2720 I ActivityManager: Changes in 10248 8 to 10, 128 to 0
06-22 20:35:27.229  1909  2720 I ActivityManager: Changes in 10248 10 to 8, 0 to 128
06-22 20:35:27.235  1909  3050 I ActivityManager: Changes in 10248 8 to 10, 128 to 0
06-22 20:35:27.237  1909  3050 I ActivityManager: Changes in 10248 10 to 8, 0 to 128
06-22 20:35:27.243  1909  2720 I ActivityManager: Changes in 10248 8 to 10, 128 to 0
06-22 20:35:27.245  1909  2720 I ActivityManager: Changes in 10248 10 to 8, 0 to 128
06-22 20:35:27.255  1909  2720 I ActivityManager: Changes in 10248 8 to 10, 128 to 0
06-22 20:35:27.257  1909  2720 I ActivityManager: Changes in 10248 10 to 8, 0 to 128
06-22 20:35:27.265  1909  2720 I ActivityManager: Changes in 10248 8 to 10, 128 to 0
06-22 20:35:27.267  1909  2720 I ActivityManager: Changes in 10248 10 to 8, 0 to 128
06-22 20:35:27.272  1909  4338 I ActivityManager: Changes in 10248 8 to 10, 128 to 0
06-22 20:35:27.425  1909  4338 I ActivityManager: Changes in 10117 8 to 10, 128 to 0
06-22 20:35:27.425  1909  4338 I ActivityManager: Changes in 5026 8 to 10, 128 to 0
06-22 20:35:27.425  1909  4338 I ActivityManager: Changes in 5025 8 to 8, 128 to 0
06-22 20:35:27.438  1909  1973 I ActivityManager: Start proc 11298:com.samsung.android.kmxservice/u0a89 for service {com.samsung.android.kmxservice/androidx.work.impl.background.systemjob.SystemJobService}
06-22 20:35:27.438  1909  1973 I ActivityManager: ProcessObserver broadcast disabled
06-22 20:35:27.450  1909  1973 I ActivityManager: Start proc 11302:com.google.android.apps.docs/u0a309 for service {com.google.android.apps.docs/androidx.work.impl.background.systemjob.SystemJobService}
06-22 20:35:27.452  1909  1973 I ActivityManager: ProcessObserver broadcast disabled
06-22 20:35:27.560  1909  2720 I ActivityManager: Changes in 10089 19 to 8, 0 to 128
06-22 20:35:27.782  1909  4206 I ActivityManager: Changes in 10309 19 to 8, 0 to 128
06-22 20:35:28.013  1909  4343 I ActivityManager: Changes in 10089 8 to 10, 128 to 0
06-22 20:35:28.029  1909  1973 I ActivityManager: Start proc 11411:com.samsung.android.intellivoiceservice/u0a121 for service {com.samsung.android.intellivoiceservice/androidx.work.impl.background.systemjob.SystemJobService}
06-22 20:35:28.029  1909  1973 I ActivityManager: ProcessObserver broadcast disabled
06-22 20:35:28.061  1909  1973 I ActivityManager: Start proc 11414:com.samsung.faceservice/5004 for service {com.samsung.faceservice/androidx.work.impl.background.systemjob.SystemJobService}
06-22 20:35:28.061  1909  1973 I ActivityManager: ProcessObserver broadcast disabled
06-22 20:35:28.124  1909  4227 I ActivityManager: Changes in 10309 8 to 10, 128 to 0
06-22 20:35:28.150  1909  1973 I ActivityManager: Start proc 11442:com.google.android.syncadapters.calendar/u0a257 for service {com.google.android.syncadapters.calendar/com.google.android.syncadapters.calendar.CalendarSyncAdapterService}
06-22 20:35:28.150  1909  1973 I ActivityManager: ProcessObserver broadcast disabled
06-22 20:35:28.190  1909  2410 I ActivityManager: Killing 7908:com.android.vending:background/u0a251 (adj 965): Chimera #0
06-22 20:35:28.196  1909  2410 I ActivityManager: Killing 7744:com.android.vending/u0a251 (adj 965): Chimera #0
06-22 20:35:28.215  1909  4227 I ActivityManager: Changes in 5004 19 to 8, 0 to 128
06-22 20:35:28.287  1909  2720 I ActivityManager: Changes in 5004 8 to 10, 128 to 0
06-22 20:35:28.305  1909  1973 I ActivityManager: Start proc 11479:com.google.android.apps.tachyon/u0a254 for service {com.google.android.apps.tachyon/androidx.work.impl.background.systemjob.SystemJobService}
06-22 20:35:28.309  1909  1973 I ActivityManager: ProcessObserver broadcast disabled
06-22 20:35:28.322  1909  3301 I ActivityManager: Changes in 10121 19 to 8, 0 to 128
06-22 20:35:28.355  1909  3301 I ActivityManager: Killing 7742:com.sec.android.provider.badge/u0a55 (adj 975): empty #25
06-22 20:35:28.357  1909  2720 I ActivityManager: Changes in 10257 19 to 8, 0 to 128
06-22 20:35:28.399  1909  3301 I ActivityManager: Changes in 10115 19 to 8, 0 to 128
06-22 20:35:28.477  1909  1973 I ActivityManager: Start proc 11562:com.samsung.android.intellivoiceservice:asr/u0a121 for content provider {com.samsung.android.intellivoiceservice/com.samsung.android.intellivoiceservice.asr.provider.InternalContentProvider}
06-22 20:35:28.477  1909  1973 I ActivityManager: ProcessObserver broadcast disabled
06-22 20:35:28.847  1909  4227 I ActivityManager: Changes in 10117 19 to 8, 0 to 128
06-22 20:35:28.847  1909  4227 I ActivityManager: Changes in 5009 19 to 8, 0 to 128
06-22 20:35:29.043  1909  1973 I ActivityManager: Start proc 11702:com.google.android.partnersetup/u0a243 for service {com.google.android.partnersetup/com.google.android.partnersetup.InstalledAppJobService}
06-22 20:35:29.043  1909  1973 I ActivityManager: ProcessObserver broadcast disabled
06-22 20:35:29.112  1909  3301 I ActivityManager: Changes in 10117 8 to 10, 128 to 0
06-22 20:35:29.114  1909  3301 I ActivityManager: Changes in 5009 8 to 10, 128 to 0
06-22 20:35:29.208  1909  1973 I ActivityManager: Start proc 11749:com.sec.android.app.samsungapps/u0a86 for service {com.sec.android.app.samsungapps/com.sec.android.app.samsungapps.jobscheduling.PollJobService}
06-22 20:35:29.208  1909  1973 I ActivityManager: ProcessObserver broadcast disabled
06-22 20:35:29.214  1909  3301 I ActivityManager: Changes in 10243 19 to 8, 0 to 128
06-22 20:35:29.220  1909  3050 I ActivityManager: Changes in 10254 19 to 8, 0 to 128
06-22 20:35:29.329  1909  1973 I ActivityManager: Start proc 11769:com.android.vending/u0a251 for broadcast {com.android.vending/com.google.android.finsky.gamestreaks.notification.GameStreaksAlarmReceiver}
06-22 20:35:29.329  1909  1973 I ActivityManager: ProcessObserver broadcast disabled
06-22 20:35:29.333  1909  3050 I ActivityManager: Changes in 10243 8 to 10, 128 to 0
06-22 20:35:29.363  1909  4227 I ActivityManager: Killing 7693:com.lguplus.appstore/u0a99 (adj 975): empty #25
06-22 20:35:29.385  1909  1973 I ActivityManager: Start proc 11783:com.google.android.apps.turbo:aab/u0a250 for service {com.google.android.apps.turbo/com.google.android.libraries.smartbattery.appusage.library.InferAppBucketsJob}
06-22 20:35:29.385  1909  1973 I ActivityManager: ProcessObserver broadcast disabled
06-22 20:35:29.437  1909  3301 I ActivityManager: Changes in 10119 19 to 8, 0 to 128
06-22 20:35:29.485  1909  3301 I ActivityManager: Changes in 10121 8 to 10, 128 to 0
06-22 20:35:29.520  1909  4343 I ActivityManager: Killing 7770:com.skt.skaf.OA00018282/u0a104 (adj 945): empty #25
06-22 20:35:29.603  1909  4174 I ActivityManager: Changes in 10250 19 to 8, 0 to 128
06-22 20:35:29.623  1909  1973 I ActivityManager: Start proc 11836:com.samsung.sait.sohservice/1000 for service {com.samsung.sait.sohservice/androidx.work.impl.background.systemjob.SystemJobService}
06-22 20:35:29.623  1909  1973 I ActivityManager: ProcessObserver broadcast disabled
06-22 20:35:29.675  1909  4227 I ActivityManager: Changes in 10251 19 to 11, 0 to 128
06-22 20:35:29.768  1909  2065 I ActivityManager: Changes in 10096 19 to 19, 128 to 0
06-22 20:35:29.936  1909  4174 I ActivityManager: Killing 6070:com.samsung.android.privacydashboard/u0a107 (adj 935): empty #25
06-22 20:35:29.963  1909  4174 I ActivityManager: Changes in 10117 19 to 8, 0 to 128
06-22 20:35:29.963  1909  4174 I ActivityManager: Changes in 10086 19 to 8, 0 to 128
06-22 20:35:30.004  1909  2720 I ActivityManager: Changes in 5026 19 to 8, 0 to 128
06-22 20:35:30.005  1909  2720 I ActivityManager: Changes in 5025 8 to 8, 0 to 128
06-22 20:35:30.063  1909  4174 I ActivityManager: Changes in 5026 8 to 10, 128 to 0
06-22 20:35:30.063  1909  4174 I ActivityManager: Changes in 5025 8 to 8, 128 to 0
06-22 20:35:30.081  1909  1973 I ActivityManager: Start proc 11990:com.android.vending:background/u0a251 for service {com.android.vending/com.google.android.finsky.scheduler.process.backgroundimpl.PhoneskyJobServiceBackground}
06-22 20:35:30.081  1909  1973 I ActivityManager: ProcessObserver broadcast disabled
06-22 20:35:30.132  1909  1973 I ActivityManager: Start proc 12017:com.google.android.gms.unstable/u0a252 for service {com.google.android.gms/com.google.android.gms.droidguard.DroidGuardService}
06-22 20:35:30.132  1909  1973 I ActivityManager: ProcessObserver broadcast disabled
06-22 20:35:30.411  1909  2720 I ActivityManager: Changes in 5009 19 to 8, 0 to 128
06-22 20:35:30.532  1909  3301 I ActivityManager: Changes in 5009 8 to 10, 128 to 0
06-22 20:35:30.607  1909  4206 I ActivityManager: Changes in 10250 8 to 10, 128 to 0
06-22 20:35:30.608  1909  4206 I ActivityManager: Changes in 10243 19 to 8, 0 to 128
06-22 20:35:30.671  1909  2720 W ActivityManager: pid 11057 com.samsung.android.scloud sent binder code 1 with flags 2 to frozen apps and got error -2147483646
06-22 20:35:30.673  1909  4338 I ActivityManager: Process com.samsung.cmh (pid 10947) early provider death
06-22 20:35:30.675  1909  4338 I ActivityManager: Process com.samsung.cmh (pid 10947) has died: cch+5 CEM (58,1441)
06-22 20:35:30.685  1909  4341 W ActivityManager: ProcessRecord{bd44722 0:com.samsung.cmh/5004} is attached to a previous process 10947
06-22 20:35:30.690  1909  4206 I ActivityManager: Changes in 10243 8 to 10, 128 to 0
06-22 20:35:30.784  1909  2065 I ActivityManager: Changes in 10243 19 to 8, 0 to 128
06-22 20:35:30.820  1909  4206 I ActivityManager: Changes in 10243 8 to 10, 128 to 0
06-22 20:35:30.890  1909  1973 W ActivityManager: Slow operation: 203ms so far, now at startProcess: asking zygote to start proc
06-22 20:35:30.903  1909  1973 W ActivityManager: Slow operation: 216ms so far, now at startProcess: returned from zygote!
06-22 20:35:30.903  1909  1973 W ActivityManager: Slow operation: 216ms so far, now at startProcess: done updating battery stats
06-22 20:35:30.903  1909  1973 W ActivityManager: Slow operation: 216ms so far, now at startProcess: building log message
06-22 20:35:30.903  1909  1973 I ActivityManager: Start proc 12212:com.samsung.cmh/5004 for content provider {com.samsung.cmh/com.samsung.cmh.provider.CMHProvider}
06-22 20:35:30.903  1909  1973 W ActivityManager: Slow operation: 216ms so far, now at startProcess: starting to update pids map
06-22 20:35:30.903  1909  1973 I ActivityManager: ProcessObserver broadcast disabled
06-22 20:35:30.904  1909  1973 W ActivityManager: Slow operation: 217ms so far, now at startProcess: done updating pids map
06-22 20:35:30.945  1909  3050 I ActivityManager: Changes in 10119 8 to 10, 128 to 0
06-22 20:35:30.997  1909  2537 I ActivityManager: Killing 6929:com.samsung.android.scpm/5009 (adj 925): empty #25
06-22 20:35:31.116  1909  2187 I ActivityManager: Changes in 10257 8 to 10, 128 to 0
06-22 20:35:31.117  1909  2187 I ActivityManager: Changes in 10115 8 to 10, 128 to 0
06-22 20:35:31.121  1909  2224 I ActivityManager: Killing 11005:com.samsung.android.app.telephonyui/1001 (adj 905): empty #25
06-22 20:35:31.124  1909  2224 I ActivityManager: Killing 8352:com.google.android.googlequicksearchbox:search/u0a253 (adj 925): empty #26
06-22 20:35:31.307  1909  4206 I ActivityManager: Killing 9831:com.samsung.android.game.gos/u0a76 (adj 905): empty #25
06-22 20:35:31.416  1909  4211 I ActivityManager: Changes in 10254 8 to 10, 128 to 0
06-22 20:35:31.419  1909  4211 I ActivityManager: Killing 5895:com.samsung.android.ce/u0a96 (adj 905): empty #25
06-22 20:35:31.420  1909  4211 I ActivityManager: Killing 21804:com.microsoft.appmanager/u0a151 (adj 905): empty #26
06-22 20:35:32.390  1909  4227 I ActivityManager: Killing 7117:com.samsung.android.privateaccesstokens/u0a198 (adj 905): empty #25
06-22 20:35:32.390  1909  4227 I ActivityManager: Changes in 10251 11 to 19, 128 to 0
06-22 20:35:32.396  1909  2065 I ActivityManager: Changes in 10095 19 to 8, 0 to 128
06-22 20:35:32.401  1909  2065 I ActivityManager: Changes in 10243 19 to 8, 0 to 128
06-22 20:35:32.408  1909  2225 I ActivityManager: Changes in 10095 8 to 10, 128 to 0
06-22 20:35:32.413  1909  2225 I ActivityManager: Changes in 10066 19 to 8, 0 to 128
06-22 20:35:32.413  1909  2225 I ActivityManager: Changes in 5004 19 to 8, 0 to 128
06-22 20:35:32.424  1909  2225 W ActivityManager: Scheduling restart of crashed service com.samsung.android.privateaccesstokens/.components.services.PATService in 10000ms for connection
06-22 20:35:32.428  1909  4227 I ActivityManager: Changes in 10066 8 to 10, 128 to 0
06-22 20:35:32.428  1909  4227 I ActivityManager: Changes in 5004 8 to 10, 128 to 0
06-22 20:35:32.440  1909  2187 I ActivityManager: Changes in 10257 19 to 8, 0 to 128
06-22 20:35:32.440  1909  2187 I ActivityManager: Changes in 10115 19 to 8, 0 to 128
06-22 20:35:32.595  1909  2225 I ActivityManager: Changes in 10243 8 to 10, 128 to 0
06-22 20:35:33.035  1909  2065 I ActivityManager: Changes in 10116 19 to 8, 0 to 128
06-22 20:35:33.077  1909  2225 I ActivityManager: Changes in 10116 8 to 10, 128 to 0
06-22 20:35:33.082  1909  2225 I ActivityManager: Changes in 10116 10 to 8, 0 to 128
06-22 20:35:33.298  1909  2187 I ActivityManager: Changes in 10257 8 to 10, 128 to 0
06-22 20:35:33.561  1909  2776 I ActivityManager: Changes in 10115 8 to 5, 128 to 144
06-22 20:35:33.595  1909  1973 I ActivityManager: Start proc 12358:com.samsung.android.calendar/u0a222 for content provider {com.samsung.android.calendar/com.samsung.android.app.calendar.model.settings.provider.PreferenceProvider}
06-22 20:35:33.595  1909  1973 I ActivityManager: ProcessObserver broadcast disabled
06-22 20:35:33.783  1909  3050 I ActivityManager: Changes in 10222 19 to 5, 0 to 144
06-22 20:35:33.794  1909  1973 I ActivityManager: Start proc 12376:com.samsung.android.app.reminder/u0a224 for content provider {com.samsung.android.app.reminder/com.samsung.android.app.reminder.data.provider.ReminderProvider}
06-22 20:35:33.794  1909  1973 I ActivityManager: ProcessObserver broadcast disabled
06-22 20:35:34.042  1909  2776 I ActivityManager: Changes in 10224 19 to 5, 0 to 144
06-22 20:35:34.801  1909  4343 I ActivityManager: Changes in 99196 5 to 10, 184 to 0
06-22 20:35:34.802  1909  4343 I ActivityManager: Changes in 10297 5 to 6, 184 to 128
06-22 20:35:34.804  1909  1971 W ActivityManager: Rescheduling restart of crashed service com.samsung.android.privateaccesstokens/.components.services.PATService in 0ms for mem-pressure-event
06-22 20:35:34.821  1909  1973 I ActivityManager: Start proc 12402:com.samsung.android.privateaccesstokens/u0a198 for service {com.samsung.android.privateaccesstokens/com.samsung.android.privateaccesstokens.components.services.PATService}
06-22 20:35:34.821  1909  1973 I ActivityManager: ProcessObserver broadcast disabled
06-22 20:35:35.348  1909  1973 I ActivityManager: Start proc 12462:com.samsung.android.stickercenter/1000 for content provider {com.samsung.android.stickercenter/com.samsung.android.stickercenter.service.StickerProvider}
06-22 20:35:35.348  1909  1973 I ActivityManager: ProcessObserver broadcast disabled
06-22 20:35:35.426  1909  2776 I ActivityManager: Changes in 10116 8 to 10, 128 to 0
06-22 20:35:35.906  1909  4343 I ActivityManager: Killing 7645:com.samsung.android.dqagent/1000 (adj 905): empty #25
06-22 20:35:35.909  1909  4343 I ActivityManager: Killing 11044:com.samsung.aasaservice/1000 (adj 905): empty #26
06-22 20:35:35.940  1909  1971 I ActivityManager: Changes in 10117 8 to 15, 128 to 0
06-22 20:35:37.312  1909  1973 I ActivityManager: Start proc 12495:com.samsung.android.scpm/5009 for content provider {com.samsung.android.scpm/com.samsung.scsp.common.ScpmProvider}
06-22 20:35:37.313  1909  1973 I ActivityManager: ProcessObserver broadcast disabled
06-22 20:35:37.493  1909  4174 I ActivityManager: Changes in 5009 19 to 5, 0 to 144
06-22 20:35:37.503  1909  2776 I ActivityManager: Changes in 10117 15 to 5, 0 to 144
06-22 20:35:38.123  1909  2065 I ActivityManager: Changes in 10119 19 to 8, 0 to 128
06-22 20:35:38.170  1909  2776 I ActivityManager: Changes in 10119 8 to 10, 128 to 0
06-22 20:35:39.785  1909  1971 I ActivityManager: Changes in 10224 5 to 15, 144 to 0
06-22 20:35:39.785  1909  1971 I ActivityManager: Changes in 10222 5 to 15, 144 to 0
06-22 20:35:39.785  1909  1971 I ActivityManager: Changes in 10117 5 to 15, 144 to 0
06-22 20:35:39.785  1909  1971 I ActivityManager: Changes in 5009 5 to 15, 144 to 0
06-22 20:35:39.787  1909  1971 I ActivityManager: Changes in 10115 5 to 15, 144 to 128
06-22 20:35:42.849  1909  4174 I ActivityManager: Killing 6201:com.google.android.as.oss/u0a248 (adj 905): empty #25
06-22 20:35:42.850  1909  4174 I ActivityManager: Killing 11045:com.samsung.android.sdm.config/u0a109 (adj 905): empty #26
06-22 20:35:43.544  1909  1971 I ActivityManager: Killing 11302:com.google.android.apps.docs/u0a309 (adj 905): empty #25
06-22 20:35:48.117  1909  2065 I ActivityManager: Changes in 10115 15 to 15, 128 to 0
06-22 20:35:56.513  1909  1972 I ActivityManager: Killing 11298:com.samsung.android.kmxservice/u0a89 (adj 905): empty #25
06-22 20:35:59.786  1909  1972 I ActivityManager: Killing 11562:com.samsung.android.intellivoiceservice:asr/u0a121 (adj 905): empty #25
06-22 20:36:00.785  1909  1972 I ActivityManager: Killing 11411:com.samsung.android.intellivoiceservice/u0a121 (adj 905): empty #25
06-22 20:36:26.615  1909  3606 I ActivityManager: Changes in 10115 19 to 5, 0 to 144
06-22 20:36:26.634  1909  4340 I ActivityManager: Changes in 10222 19 to 5, 0 to 144
06-22 20:36:32.672  1909  1971 I ActivityManager: Changes in 10222 5 to 15, 144 to 0
06-22 20:36:32.674  1909  1971 I ActivityManager: Changes in 10115 5 to 15, 144 to 0
06-22 20:37:24.759  1909  1973 I ActivityManager: Start proc 12685:com.google.android.cellbroadcastreceiver/u0a296 for broadcast {com.google.android.cellbroadcastreceiver/com.android.cellbroadcastreceiver.CellBroadcastReceiver}
06-22 20:37:24.759  1909  1973 I ActivityManager: ProcessObserver broadcast disabled
06-22 20:37:24.818  1909  4340 I ActivityManager: Changes in 10086 8 to 10, 128 to 0
06-22 20:37:24.821  1909  4211 I ActivityManager: Killing 11769:com.android.vending/u0a251 (adj 905): empty #25
06-22 20:37:24.826  1909  4211 I ActivityManager: Changes in 10296 19 to 11, 0 to 128
06-22 20:37:24.849  1909  4211 I ActivityManager: Killing 11836:com.samsung.sait.sohservice/1000 (adj 905): empty #25
06-22 20:37:24.853  1909  4211 I ActivityManager: Changes in 10296 11 to 19, 128 to 0
06-22 20:37:25.733  1909  1972 I ActivityManager: Changes in 10296 19 to 11, 0 to 128
06-22 20:37:25.741  1909  1933 I ActivityManager: Changes in 10296 11 to 19, 128 to 0
06-22 20:40:25.800  6506  6598 W ReactNativeJS: This method is deprecated (as well as all React Native Firebase namespaced API) and will be removed in the next major release as part of move to match Firebase Web modular SDK API. Please see migration guide for more details: https://rnfirebase.io/migrating-to-v22. Method called was `FieldValue`. Please use `FieldValue` instead.
06-22 20:40:25.800  6506  6598 W ReactNativeJS: This method is deprecated (as well as all React Native Firebase namespaced API) and will be removed in the next major release as part of move to match Firebase Web modular SDK API. Please see migration guide for more details: https://rnfirebase.io/migrating-to-v22. Method called was `delete`. Please use `deleteField()` instead.
06-22 20:40:25.800  6506  6598 W ReactNativeJS: This method is deprecated (as well as all React Native Firebase namespaced API) and will be removed in the next major release as part of move to match Firebase Web modular SDK API. Please see migration guide for more details: https://rnfirebase.io/migrating-to-v22. Method called was `FieldValue`. Please use `FieldValue` instead.
06-22 20:40:25.800  6506  6598 W ReactNativeJS: This method is deprecated (as well as all React Native Firebase namespaced API) and will be removed in the next major release as part of move to match Firebase Web modular SDK API. Please see migration guide for more details: https://rnfirebase.io/migrating-to-v22. Method called was `serverTimestamp`. Please use `serverTimestamp()` instead.
06-22 20:43:34.466  1909  1972 I ActivityManager: Changes in 10296 19 to 11, 0 to 128
06-22 20:43:34.470  1909  1933 I ActivityManager: Changes in 10296 11 to 19, 128 to 0
06-22 20:43:35.628  1909  1972 I ActivityManager: Changes in 10296 19 to 11, 0 to 128
06-22 20:43:35.634  1909  2720 I ActivityManager: Changes in 10296 11 to 19, 128 to 0
06-22 20:43:42.372  6506  6598 W ReactNativeJS: This method is deprecated (as well as all React Native Firebase namespaced API) and will be removed in the next major release as part of move to match Firebase Web modular SDK API. Please see migration guide for more details: https://rnfirebase.io/migrating-to-v22. Method called was `FieldValue`. Please use `FieldValue` instead.
06-22 20:43:42.373  6506  6598 W ReactNativeJS: This method is deprecated (as well as all React Native Firebase namespaced API) and will be removed in the next major release as part of move to match Firebase Web modular SDK API. Please see migration guide for more details: https://rnfirebase.io/migrating-to-v22. Method called was `delete`. Please use `deleteField()` instead.
06-22 20:43:42.373  6506  6598 W ReactNativeJS: This method is deprecated (as well as all React Native Firebase namespaced API) and will be removed in the next major release as part of move to match Firebase Web modular SDK API. Please see migration guide for more details: https://rnfirebase.io/migrating-to-v22. Method called was `FieldValue`. Please use `FieldValue` instead.
06-22 20:43:42.373  6506  6598 W ReactNativeJS: This method is deprecated (as well as all React Native Firebase namespaced API) and will be removed in the next major release as part of move to match Firebase Web modular SDK API. Please see migration guide for more details: https://rnfirebase.io/migrating-to-v22. Method called was `serverTimestamp`. Please use `serverTimestamp()` instead.
06-22 20:44:41.136  1909  1973 I ActivityManager: Start proc 12830:com.samsung.android.ce/u0a96 for broadcast {com.samsung.android.mcfds/com.samsung.android.ce.ContextEngineReceiver}
06-22 20:44:41.136  1909  1973 I ActivityManager: ProcessObserver broadcast disabled
06-22 20:44:41.457  1909  2720 I ActivityManager: Changes in 10096 19 to 11, 0 to 128
06-22 20:44:41.464  1909  4407 I ActivityManager: Killing 11046:com.samsung.android.app.sharelive/5026 (adj 905): empty #25
06-22 20:44:41.465  1909  4407 I ActivityManager: Changes in 10096 11 to 19, 128 to 0
06-22 20:44:41.652  1909  1972 I ActivityManager: Changes in 10096 19 to 11, 0 to 128
06-22 20:44:41.656  1909  2720 I ActivityManager: Changes in 10096 11 to 19, 128 to 0
06-22 20:44:41.668  1909  1972 I ActivityManager: Changes in 10096 19 to 11, 0 to 128
06-22 20:44:41.670  1909  2776 I ActivityManager: Changes in 10096 11 to 19, 128 to 0
06-22 20:44:41.749  1909  1973 I ActivityManager: Start proc 12891:com.sec.android.app.shealth/u0a328 for content provider {com.sec.android.app.shealth/com.samsung.android.app.shealth.insights.healthcontext.HealthContextProvider}
06-22 20:44:41.749  1909  1973 I ActivityManager: ProcessObserver broadcast disabled
06-22 20:44:42.267  1909  1973 I ActivityManager: Start proc 12923:com.sec.android.app.shealth:remote/u0a328 for service {com.sec.android.app.shealth/com.samsung.android.service.health.HealthService}
06-22 20:44:42.267  1909  1973 I ActivityManager: ProcessObserver broadcast disabled
06-22 20:44:42.348  1909  1973 I ActivityManager: Start proc 12938:com.samsung.android.mcfds/u0a96 for content provider {com.samsung.android.mcfds/com.samsung.android.mcfds.handler.client.ClientProvider}
06-22 20:44:42.349  1909  1973 I ActivityManager: ProcessObserver broadcast disabled
06-22 20:44:42.499  1909  2720 I ActivityManager: Killing 11783:com.google.android.apps.turbo:aab/u0a250 (adj 905): empty #25
06-22 20:44:42.531  1909  4407 I ActivityManager: Killing 11479:com.google.android.apps.tachyon/u0a254 (adj 905): empty #25
06-22 20:44:42.545  1909  2776 I ActivityManager: Killing 3194:com.samsung.mfcontents/u0a95 (adj 905): empty #25
06-22 20:44:42.594  1909  2776 I ActivityManager: Changes in 10328 19 to 5, 0 to 184
06-22 20:44:42.594  1909  2776 I ActivityManager: Changes in 10117 19 to 5, 0 to 144
06-22 20:44:42.594  1909  2776 I ActivityManager: Changes in 10096 19 to 5, 0 to 184
06-22 20:44:48.255  1909  1971 I ActivityManager: Changes in 10328 5 to 15, 184 to 0
06-22 20:44:48.256  1909  1971 I ActivityManager: Changes in 10117 5 to 15, 144 to 0
06-22 20:44:52.645  1909  4343 I ActivityManager: Changes in 10096 5 to 10, 184 to 0
06-22 20:45:12.698  1909  1972 I ActivityManager: Changes in 10096 19 to 11, 0 to 128
06-22 20:45:12.705  1909  2776 I ActivityManager: Changes in 10096 11 to 19, 128 to 0
06-22 20:46:05.801  1909  1972 I ActivityManager: Changes in 10096 19 to 11, 0 to 128
06-22 20:46:05.804  1909  2776 I ActivityManager: Changes in 10096 11 to 19, 128 to 0
06-22 20:48:57.546  1909  1973 I ActivityManager: Start proc 13154:com.ss.android.ugc.trill/u0a388 for broadcast {com.ss.android.ugc.trill/com.google.firebase.iid.FirebaseInstanceIdReceiver}
06-22 20:48:57.546  1909  1973 I ActivityManager: ProcessObserver broadcast disabled
06-22 20:48:57.565  1909  1933 I ActivityManager: Changes in 99196 19 to 8, 0 to 128
06-22 20:48:57.625  1909  2776 I ActivityManager: Changes in 99196 8 to 5, 128 to 184
06-22 20:48:57.627  1909  2776 I ActivityManager: Changes in 10297 6 to 5, 128 to 184
06-22 20:48:58.783  1909  2224 I ActivityManager: Changes in 10388 19 to 11, 0 to 128
06-22 20:48:59.110  1909  1973 I ActivityManager: Start proc 13291:com.sec.android.provider.badge/u0a55 for broadcast {com.sec.android.provider.badge/com.sec.android.provider.badge.BadgeCountReceiver}
06-22 20:48:59.110  1909  1973 I ActivityManager: ProcessObserver broadcast disabled
06-22 20:48:59.238  1909  2537 I ActivityManager: Changes in 10055 19 to 11, 0 to 128
06-22 20:48:59.304  1909  2537 I ActivityManager: Changes in 10055 11 to 5, 128 to 144
06-22 20:49:05.366  1909  1971 I ActivityManager: Changes in 10055 5 to 15, 144 to 0
06-22 20:49:05.696  1909  1973 I ActivityManager: Start proc 13468:com.samsung.drmboost/u0a339 for service {com.samsung.drmboost/com.samsung.drmboost.DrmEventService}
06-22 20:49:05.699  1909  1973 I ActivityManager: ProcessObserver broadcast disabled
06-22 20:49:09.013  1909  1973 I ActivityManager: Start proc 13485:com.android.vending/u0a251 for service {com.android.vending/com.google.android.finsky.billing.iab.InAppBillingService}
06-22 20:49:09.013  1909  1973 I ActivityManager: ProcessObserver broadcast disabled
06-22 20:49:09.220  1909  4343 I ActivityManager: Changes in 10251 19 to 10, 0 to 128
06-22 20:49:09.256  1909  2224 I ActivityManager: Killing 11702:com.google.android.partnersetup/u0a243 (adj 905): empty #25
06-22 20:49:09.976  1909  2776 I ActivityManager: Changes in 10251 19 to 10, 128 to 0
06-22 20:49:12.664  1909  2537 I ActivityManager: Changes in 99196 5 to 10, 184 to 128
06-22 20:49:12.664  1909  2537 I ActivityManager: Changes in 10297 5 to 6, 184 to 128
06-22 20:49:12.675  1909  2224 I ActivityManager: Killing 12402:com.samsung.android.privateaccesstokens/u0a198 (adj 905): empty #25
06-22 20:49:12.680  1909  2224 I ActivityManager: Killing 11442:com.google.android.syncadapters.calendar/u0a257 (adj 905): empty #26
06-22 20:49:15.486  1909  3698 I ActivityManager: Changes in 99196 19 to 10, 128 to 0
06-22 20:49:18.798  1909  2065 I ActivityManager: Changes in 10388 19 to 19, 128 to 0
06-22 20:49:31.181  1909  1973 I ActivityManager: Start proc 13693:com.google.android.rkpdapp/u0a348 for service {com.google.android.rkpdapp/com.android.rkpdapp.service.RemoteProvisioningService}
06-22 20:49:31.182  1909  1973 I ActivityManager: ProcessObserver broadcast disabled
06-22 20:49:31.327  1909  3698 I ActivityManager: Changes in 10348 19 to 6, 0 to 128
06-22 20:49:31.342  1909  2224 I ActivityManager: Changes in 10348 6 to 10, 128 to 0
06-22 20:49:33.947  1909  1972 I ActivityManager: Changes in 10096 19 to 11, 0 to 128
06-22 20:49:33.968  1909  4407 I ActivityManager: Changes in 99196 10 to 5, 0 to 184
06-22 20:49:33.968  1909  4407 I ActivityManager: Changes in 10297 6 to 5, 128 to 184
06-22 20:49:43.968  1909  2065 I ActivityManager: Changes in 10096 19 to 19, 128 to 0
06-22 20:49:49.014  1909  4407 I ActivityManager: Changes in 99196 5 to 10, 184 to 0
06-22 20:49:49.014  1909  4407 I ActivityManager: Changes in 10297 5 to 6, 184 to 128
06-22 20:49:49.021  1909  4342 I ActivityManager: Killing 12376:com.samsung.android.app.reminder/u0a224 (adj 905): empty #25
06-22 20:49:49.023  1909  4342 I ActivityManager: Killing 12017:com.google.android.gms.unstable/u0a252 (adj 905): empty #26
06-22 20:49:50.801  1909  1972 I ActivityManager: Changes in 10096 19 to 11, 0 to 128
06-22 20:49:50.806  1909  4342 I ActivityManager: Changes in 10096 11 to 19, 128 to 0
06-22 20:49:55.021  1909  1972 I ActivityManager: Changes in 10096 19 to 11, 0 to 128
06-22 20:50:05.031  1909  2065 I ActivityManager: Changes in 10096 19 to 19, 128 to 0
06-22 20:50:10.413  6506  6598 W ReactNativeJS: This method is deprecated (as well as all React Native Firebase namespaced API) and will be removed in the next major release as part of move to match Firebase Web modular SDK API. Please see migration guide for more details: https://rnfirebase.io/migrating-to-v22. Method called was `FieldValue`. Please use `FieldValue` instead.
06-22 20:50:10.415  6506  6598 W ReactNativeJS: This method is deprecated (as well as all React Native Firebase namespaced API) and will be removed in the next major release as part of move to match Firebase Web modular SDK API. Please see migration guide for more details: https://rnfirebase.io/migrating-to-v22. Method called was `delete`. Please use `deleteField()` instead.
06-22 20:50:10.424  6506  6598 W ReactNativeJS: This method is deprecated (as well as all React Native Firebase namespaced API) and will be removed in the next major release as part of move to match Firebase Web modular SDK API. Please see migration guide for more details: https://rnfirebase.io/migrating-to-v22. Method called was `FieldValue`. Please use `FieldValue` instead.
06-22 20:50:10.424  6506  6598 W ReactNativeJS: This method is deprecated (as well as all React Native Firebase namespaced API) and will be removed in the next major release as part of move to match Firebase Web modular SDK API. Please see migration guide for more details: https://rnfirebase.io/migrating-to-v22. Method called was `serverTimestamp`. Please use `serverTimestamp()` instead.
06-22 20:51:52.188  6506  6598 W ReactNativeJS: 'This method is deprecated (as well as all React Native Firebase namespaced API) and will be removed in the next major release as part of move to match Firebase Web modular SDK API. Please see migration guide for more details: https://rnfirebase.io/migrating-to-v22 Please use `getApp()` instead.', { [Component Stack] name: 'Component Stack' }
06-22 20:51:52.202  6506  6598 W ReactNativeJS: 'This method is deprecated (as well as all React Native Firebase namespaced API) and will be removed in the next major release as part of move to match Firebase Web modular SDK API. Please see migration guide for more details: https://rnfirebase.io/migrating-to-v22 Please use `getApp()` instead.', { [Component Stack] name: 'Component Stack' }
06-22 20:51:52.222  6506  6598 W ReactNativeJS: 'This method is deprecated (as well as all React Native Firebase namespaced API) and will be removed in the next major release as part of move to match Firebase Web modular SDK API. Please see migration guide for more details: https://rnfirebase.io/migrating-to-v22. Method called was `logEvent`. Please use `logEvent()` instead.', { [Component Stack] name: 'Component Stack' }
06-22 20:51:52.272  1909  3434 I ActivityManager: Changes in 99196 19 to 3, 0 to 184
06-22 20:51:52.272  1909  3434 I ActivityManager: Changes in 10297 6 to 3, 128 to 184
06-22 20:51:53.156  6506  6598 W ReactNativeJS: 'This method is deprecated (as well as all React Native Firebase namespaced API) and will be removed in the next major release as part of move to match Firebase Web modular SDK API. Please see migration guide for more details: https://rnfirebase.io/migrating-to-v22 Please use `getApp()` instead.', { [Component Stack] name: 'Component Stack' }
06-22 20:51:53.177  6506  6598 W ReactNativeJS: 'This method is deprecated (as well as all React Native Firebase namespaced API) and will be removed in the next major release as part of move to match Firebase Web modular SDK API. Please see migration guide for more details: https://rnfirebase.io/migrating-to-v22 Please use `getApp()` instead.', { [Component Stack] name: 'Component Stack' }
06-22 20:51:53.196  6506  6598 W ReactNativeJS: 'This method is deprecated (as well as all React Native Firebase namespaced API) and will be removed in the next major release as part of move to match Firebase Web modular SDK API. Please see migration guide for more details: https://rnfirebase.io/migrating-to-v22. Method called was `logEvent`. Please use `logEvent()` instead.', { [Component Stack] name: 'Component Stack' }
06-22 20:51:54.143  6506  6598 W ReactNativeJS: This method is deprecated (as well as all React Native Firebase namespaced API) and will be removed in the next major release as part of move to match Firebase Web modular SDK API. Please see migration guide for more details: https://rnfirebase.io/migrating-to-v22. Method called was `FieldValue`. Please use `FieldValue` instead.
06-22 20:51:54.144  6506  6598 W ReactNativeJS: This method is deprecated (as well as all React Native Firebase namespaced API) and will be removed in the next major release as part of move to match Firebase Web modular SDK API. Please see migration guide for more details: https://rnfirebase.io/migrating-to-v22. Method called was `delete`. Please use `deleteField()` instead.
06-22 20:51:54.144  6506  6598 W ReactNativeJS: This method is deprecated (as well as all React Native Firebase namespaced API) and will be removed in the next major release as part of move to match Firebase Web modular SDK API. Please see migration guide for more details: https://rnfirebase.io/migrating-to-v22. Method called was `FieldValue`. Please use `FieldValue` instead.
06-22 20:51:54.145  6506  6598 W ReactNativeJS: This method is deprecated (as well as all React Native Firebase namespaced API) and will be removed in the next major release as part of move to match Firebase Web modular SDK API. Please see migration guide for more details: https://rnfirebase.io/migrating-to-v22. Method called was `serverTimestamp`. Please use `serverTimestamp()` instead.
06-22 20:51:54.300  6506  6598 W ReactNativeJS: 'This method is deprecated (as well as all React Native Firebase namespaced API) and will be removed in the next major release as part of move to match Firebase Web modular SDK API. Please see migration guide for more details: https://rnfirebase.io/migrating-to-v22 Please use `getApp()` instead.', { [Component Stack] name: 'Component Stack' }
06-22 20:51:54.315  6506  6598 W ReactNativeJS: 'This method is deprecated (as well as all React Native Firebase namespaced API) and will be removed in the next major release as part of move to match Firebase Web modular SDK API. Please see migration guide for more details: https://rnfirebase.io/migrating-to-v22 Please use `getApp()` instead.', { [Component Stack] name: 'Component Stack' }
06-22 20:51:54.334  6506  6598 W ReactNativeJS: 'This method is deprecated (as well as all React Native Firebase namespaced API) and will be removed in the next major release as part of move to match Firebase Web modular SDK API. Please see migration guide for more details: https://rnfirebase.io/migrating-to-v22. Method called was `logEvent`. Please use `logEvent()` instead.', { [Component Stack] name: 'Component Stack' }
06-22 20:51:55.536  6506  6598 W ReactNativeJS: This method is deprecated (as well as all React Native Firebase namespaced API) and will be removed in the next major release as part of move to match Firebase Web modular SDK API. Please see migration guide for more details: https://rnfirebase.io/migrating-to-v22. Method called was `FieldValue`. Please use `FieldValue` instead.
06-22 20:51:55.536  6506  6598 W ReactNativeJS: This method is deprecated (as well as all React Native Firebase namespaced API) and will be removed in the next major release as part of move to match Firebase Web modular SDK API. Please see migration guide for more details: https://rnfirebase.io/migrating-to-v22. Method called was `delete`. Please use `deleteField()` instead.
06-22 20:51:55.537  6506  6598 W ReactNativeJS: This method is deprecated (as well as all React Native Firebase namespaced API) and will be removed in the next major release as part of move to match Firebase Web modular SDK API. Please see migration guide for more details: https://rnfirebase.io/migrating-to-v22. Method called was `FieldValue`. Please use `FieldValue` instead.
06-22 20:51:55.537  6506  6598 W ReactNativeJS: This method is deprecated (as well as all React Native Firebase namespaced API) and will be removed in the next major release as part of move to match Firebase Web modular SDK API. Please see migration guide for more details: https://rnfirebase.io/migrating-to-v22. Method called was `serverTimestamp`. Please use `serverTimestamp()` instead.
06-22 20:51:56.294  6506  6598 W ReactNativeJS: This method is deprecated (as well as all React Native Firebase namespaced API) and will be removed in the next major release as part of move to match Firebase Web modular SDK API. Please see migration guide for more details: https://rnfirebase.io/migrating-to-v22. Method called was `FieldValue`. Please use `FieldValue` instead.
06-22 20:51:56.294  6506  6598 W ReactNativeJS: This method is deprecated (as well as all React Native Firebase namespaced API) and will be removed in the next major release as part of move to match Firebase Web modular SDK API. Please see migration guide for more details: https://rnfirebase.io/migrating-to-v22. Method called was `delete`. Please use `deleteField()` instead.
06-22 20:51:56.295  6506  6598 W ReactNativeJS: This method is deprecated (as well as all React Native Firebase namespaced API) and will be removed in the next major release as part of move to match Firebase Web modular SDK API. Please see migration guide for more details: https://rnfirebase.io/migrating-to-v22. Method called was `FieldValue`. Please use `FieldValue` instead.
06-22 20:51:56.295  6506  6598 W ReactNativeJS: This method is deprecated (as well as all React Native Firebase namespaced API) and will be removed in the next major release as part of move to match Firebase Web modular SDK API. Please see migration guide for more details: https://rnfirebase.io/migrating-to-v22. Method called was `serverTimestamp`. Please use `serverTimestamp()` instead.
06-22 20:51:57.395  6506  6598 W ReactNativeJS: 'This method is deprecated (as well as all React Native Firebase namespaced API) and will be removed in the next major release as part of move to match Firebase Web modular SDK API. Please see migration guide for more details: https://rnfirebase.io/migrating-to-v22 Please use `getApp()` instead.', { [Component Stack] name: 'Component Stack' }
06-22 20:51:57.410  6506  6598 W ReactNativeJS: 'This method is deprecated (as well as all React Native Firebase namespaced API) and will be removed in the next major release as part of move to match Firebase Web modular SDK API. Please see migration guide for more details: https://rnfirebase.io/migrating-to-v22 Please use `getApp()` instead.', { [Component Stack] name: 'Component Stack' }
06-22 20:51:57.429  6506  6598 W ReactNativeJS: 'This method is deprecated (as well as all React Native Firebase namespaced API) and will be removed in the next major release as part of move to match Firebase Web modular SDK API. Please see migration guide for more details: https://rnfirebase.io/migrating-to-v22. Method called was `logEvent`. Please use `logEvent()` instead.', { [Component Stack] name: 'Component Stack' }
06-22 20:51:58.235  6506  6598 W ReactNativeJS: This method is deprecated (as well as all React Native Firebase namespaced API) and will be removed in the next major release as part of move to match Firebase Web modular SDK API. Please see migration guide for more details: https://rnfirebase.io/migrating-to-v22. Method called was `FieldValue`. Please use `FieldValue` instead.
06-22 20:51:58.236  6506  6598 W ReactNativeJS: This method is deprecated (as well as all React Native Firebase namespaced API) and will be removed in the next major release as part of move to match Firebase Web modular SDK API. Please see migration guide for more details: https://rnfirebase.io/migrating-to-v22. Method called was `delete`. Please use `deleteField()` instead.
06-22 20:51:58.236  6506  6598 W ReactNativeJS: This method is deprecated (as well as all React Native Firebase namespaced API) and will be removed in the next major release as part of move to match Firebase Web modular SDK API. Please see migration guide for more details: https://rnfirebase.io/migrating-to-v22. Method called was `FieldValue`. Please use `FieldValue` instead.
06-22 20:51:58.236  6506  6598 W ReactNativeJS: This method is deprecated (as well as all React Native Firebase namespaced API) and will be removed in the next major release as part of move to match Firebase Web modular SDK API. Please see migration guide for more details: https://rnfirebase.io/migrating-to-v22. Method called was `serverTimestamp`. Please use `serverTimestamp()` instead.
06-22 20:52:00.228  6506  6598 W ReactNativeJS: 'This method is deprecated (as well as all React Native Firebase namespaced API) and will be removed in the next major release as part of move to match Firebase Web modular SDK API. Please see migration guide for more details: https://rnfirebase.io/migrating-to-v22 Please use `getApp()` instead.', { [Component Stack] name: 'Component Stack' }
06-22 20:52:00.248  6506  6598 W ReactNativeJS: 'This method is deprecated (as well as all React Native Firebase namespaced API) and will be removed in the next major release as part of move to match Firebase Web modular SDK API. Please see migration guide for more details: https://rnfirebase.io/migrating-to-v22 Please use `getApp()` instead.', { [Component Stack] name: 'Component Stack' }
06-22 20:52:00.268  6506  6598 W ReactNativeJS: 'This method is deprecated (as well as all React Native Firebase namespaced API) and will be removed in the next major release as part of move to match Firebase Web modular SDK API. Please see migration guide for more details: https://rnfirebase.io/migrating-to-v22. Method called was `logEvent`. Please use `logEvent()` instead.', { [Component Stack] name: 'Component Stack' }
06-22 20:52:00.998  6506  6598 W ReactNativeJS: This method is deprecated (as well as all React Native Firebase namespaced API) and will be removed in the next major release as part of move to match Firebase Web modular SDK API. Please see migration guide for more details: https://rnfirebase.io/migrating-to-v22. Method called was `FieldValue`. Please use `FieldValue` instead.
06-22 20:52:00.999  6506  6598 W ReactNativeJS: This method is deprecated (as well as all React Native Firebase namespaced API) and will be removed in the next major release as part of move to match Firebase Web modular SDK API. Please see migration guide for more details: https://rnfirebase.io/migrating-to-v22. Method called was `delete`. Please use `deleteField()` instead.
06-22 20:52:00.999  6506  6598 W ReactNativeJS: This method is deprecated (as well as all React Native Firebase namespaced API) and will be removed in the next major release as part of move to match Firebase Web modular SDK API. Please see migration guide for more details: https://rnfirebase.io/migrating-to-v22. Method called was `FieldValue`. Please use `FieldValue` instead.
06-22 20:52:00.999  6506  6598 W ReactNativeJS: This method is deprecated (as well as all React Native Firebase namespaced API) and will be removed in the next major release as part of move to match Firebase Web modular SDK API. Please see migration guide for more details: https://rnfirebase.io/migrating-to-v22. Method called was `serverTimestamp`. Please use `serverTimestamp()` instead.
06-22 20:52:03.472  6506  6598 W ReactNativeJS: 'This method is deprecated (as well as all React Native Firebase namespaced API) and will be removed in the next major release as part of move to match Firebase Web modular SDK API. Please see migration guide for more details: https://rnfirebase.io/migrating-to-v22 Please use `getApp()` instead.', { [Component Stack] name: 'Component Stack' }
06-22 20:52:03.493  6506  6598 W ReactNativeJS: 'This method is deprecated (as well as all React Native Firebase namespaced API) and will be removed in the next major release as part of move to match Firebase Web modular SDK API. Please see migration guide for more details: https://rnfirebase.io/migrating-to-v22 Please use `getApp()` instead.', { [Component Stack] name: 'Component Stack' }
06-22 20:52:03.508  6506  6598 W ReactNativeJS: 'This method is deprecated (as well as all React Native Firebase namespaced API) and will be removed in the next major release as part of move to match Firebase Web modular SDK API. Please see migration guide for more details: https://rnfirebase.io/migrating-to-v22. Method called was `logEvent`. Please use `logEvent()` instead.', { [Component Stack] name: 'Component Stack' }
06-22 20:52:04.242  6506  6598 W ReactNativeJS: This method is deprecated (as well as all React Native Firebase namespaced API) and will be removed in the next major release as part of move to match Firebase Web modular SDK API. Please see migration guide for more details: https://rnfirebase.io/migrating-to-v22. Method called was `FieldValue`. Please use `FieldValue` instead.
06-22 20:52:04.242  6506  6598 W ReactNativeJS: This method is deprecated (as well as all React Native Firebase namespaced API) and will be removed in the next major release as part of move to match Firebase Web modular SDK API. Please see migration guide for more details: https://rnfirebase.io/migrating-to-v22. Method called was `delete`. Please use `deleteField()` instead.
06-22 20:52:04.243  6506  6598 W ReactNativeJS: This method is deprecated (as well as all React Native Firebase namespaced API) and will be removed in the next major release as part of move to match Firebase Web modular SDK API. Please see migration guide for more details: https://rnfirebase.io/migrating-to-v22. Method called was `FieldValue`. Please use `FieldValue` instead.
06-22 20:52:04.243  6506  6598 W ReactNativeJS: This method is deprecated (as well as all React Native Firebase namespaced API) and will be removed in the next major release as part of move to match Firebase Web modular SDK API. Please see migration guide for more details: https://rnfirebase.io/migrating-to-v22. Method called was `serverTimestamp`. Please use `serverTimestamp()` instead.
06-22 20:52:11.574  6506  6598 W ReactNativeJS: 'This method is deprecated (as well as all React Native Firebase namespaced API) and will be removed in the next major release as part of move to match Firebase Web modular SDK API. Please see migration guide for more details: https://rnfirebase.io/migrating-to-v22 Please use `getApp()` instead.', { [Component Stack] name: 'Component Stack' }
06-22 20:52:11.595  6506  6598 W ReactNativeJS: 'This method is deprecated (as well as all React Native Firebase namespaced API) and will be removed in the next major release as part of move to match Firebase Web modular SDK API. Please see migration guide for more details: https://rnfirebase.io/migrating-to-v22 Please use `getApp()` instead.', { [Component Stack] name: 'Component Stack' }
06-22 20:52:11.610  6506  6598 W ReactNativeJS: 'This method is deprecated (as well as all React Native Firebase namespaced API) and will be removed in the next major release as part of move to match Firebase Web modular SDK API. Please see migration guide for more details: https://rnfirebase.io/migrating-to-v22. Method called was `settings`. Please use `settings()` instead.', { [Component Stack] name: 'Component Stack' }
06-22 20:52:11.630  6506  6598 W ReactNativeJS: 'This method is deprecated (as well as all React Native Firebase namespaced API) and will be removed in the next major release as part of move to match Firebase Web modular SDK API. Please see migration guide for more details: https://rnfirebase.io/migrating-to-v22 Please use `getApp()` instead.', { [Component Stack] name: 'Component Stack' }
06-22 20:52:11.644  6506  6598 W ReactNativeJS: 'This method is deprecated (as well as all React Native Firebase namespaced API) and will be removed in the next major release as part of move to match Firebase Web modular SDK API. Please see migration guide for more details: https://rnfirebase.io/migrating-to-v22. Method called was `logEvent`. Please use `logEvent()` instead.', { [Component Stack] name: 'Component Stack' }
06-22 20:52:12.332  6506  6598 W ReactNativeJS: 'This method is deprecated (as well as all React Native Firebase namespaced API) and will be removed in the next major release as part of move to match Firebase Web modular SDK API. Please see migration guide for more details: https://rnfirebase.io/migrating-to-v22 Please use `getApp()` instead.', { [Component Stack] name: 'Component Stack' }
06-22 20:52:12.346  6506  6598 W ReactNativeJS: 'This method is deprecated (as well as all React Native Firebase namespaced API) and will be removed in the next major release as part of move to match Firebase Web modular SDK API. Please see migration guide for more details: https://rnfirebase.io/migrating-to-v22 Please use `getApp()` instead.', { [Component Stack] name: 'Component Stack' }
06-22 20:52:12.365  6506  6598 W ReactNativeJS: 'This method is deprecated (as well as all React Native Firebase namespaced API) and will be removed in the next major release as part of move to match Firebase Web modular SDK API. Please see migration guide for more details: https://rnfirebase.io/migrating-to-v22. Method called was `logEvent`. Please use `logEvent()` instead.', { [Component Stack] name: 'Component Stack' }
06-22 20:52:22.446  1909  2224 I ActivityManager: Changes in 99196 3 to 10, 184 to 0
06-22 20:52:22.448  1909  2224 I ActivityManager: Changes in 10297 3 to 6, 184 to 128
06-22 20:52:51.382  1909  1973 I ActivityManager: Start proc 14148:com.samsung.android.dqagent/1000 for broadcast {com.samsung.android.dqagent/com.samsung.android.dqagent.receiver.DQADataReceiver}
06-22 20:52:51.383  1909  1973 I ActivityManager: ProcessObserver broadcast disabled
06-22 20:52:51.584  1909  3434 I ActivityManager: Killing 12462:com.samsung.android.stickercenter/1000 (adj 905): empty #25
06-22 20:52:59.691  1909  1973 I ActivityManager: Start proc 14179:com.samsung.android.game.gos/u0a76 for service {com.samsung.android.game.gos/com.samsung.android.game.gos.service.MainIntentService}
06-22 20:52:59.691  1909  1973 I ActivityManager: ProcessObserver broadcast disabled
06-22 20:52:59.950  1909  4407 I ActivityManager: Killing 8541:com.samsung.android.mobileservice/u0a119 (adj 905): empty #25
06-22 20:53:07.939  6506 14124 W ReactNativeJS: 'This method is deprecated (as well as all React Native Firebase namespaced API) and will be removed in the next major release as part of move to match Firebase Web modular SDK API. Please see migration guide for more details: https://rnfirebase.io/migrating-to-v22 Please use `getApp()` instead.', { [Component Stack] name: 'Component Stack' }
06-22 20:53:07.956  6506 14124 W ReactNativeJS: 'This method is deprecated (as well as all React Native Firebase namespaced API) and will be removed in the next major release as part of move to match Firebase Web modular SDK API. Please see migration guide for more details: https://rnfirebase.io/migrating-to-v22 Please use `getApp()` instead.', { [Component Stack] name: 'Component Stack' }
06-22 20:53:07.974  6506 14124 W ReactNativeJS: 'This method is deprecated (as well as all React Native Firebase namespaced API) and will be removed in the next major release as part of move to match Firebase Web modular SDK API. Please see migration guide for more details: https://rnfirebase.io/migrating-to-v22. Method called was `settings`. Please use `settings()` instead.', { [Component Stack] name: 'Component Stack' }
06-22 20:53:07.994  6506 14124 W ReactNativeJS: 'This method is deprecated (as well as all React Native Firebase namespaced API) and will be removed in the next major release as part of move to match Firebase Web modular SDK API. Please see migration guide for more details: https://rnfirebase.io/migrating-to-v22 Please use `getApp()` instead.', { [Component Stack] name: 'Component Stack' }
06-22 20:53:08.008  6506 14124 W ReactNativeJS: 'This method is deprecated (as well as all React Native Firebase namespaced API) and will be removed in the next major release as part of move to match Firebase Web modular SDK API. Please see migration guide for more details: https://rnfirebase.io/migrating-to-v22. Method called was `logEvent`. Please use `logEvent()` instead.', { [Component Stack] name: 'Component Stack' }
06-22 20:53:08.032  1909  2870 I ActivityManager: Changes in 99196 19 to 3, 0 to 184
06-22 20:53:08.032  1909  2870 I ActivityManager: Changes in 10297 6 to 3, 128 to 184
06-22 20:53:09.240  6506 14124 W ReactNativeJS: This method is deprecated (as well as all React Native Firebase namespaced API) and will be removed in the next major release as part of move to match Firebase Web modular SDK API. Please see migration guide for more details: https://rnfirebase.io/migrating-to-v22. Method called was `FieldValue`. Please use `FieldValue` instead.
06-22 20:53:09.240  6506 14124 W ReactNativeJS: This method is deprecated (as well as all React Native Firebase namespaced API) and will be removed in the next major release as part of move to match Firebase Web modular SDK API. Please see migration guide for more details: https://rnfirebase.io/migrating-to-v22. Method called was `delete`. Please use `deleteField()` instead.
06-22 20:53:09.241  6506 14124 W ReactNativeJS: This method is deprecated (as well as all React Native Firebase namespaced API) and will be removed in the next major release as part of move to match Firebase Web modular SDK API. Please see migration guide for more details: https://rnfirebase.io/migrating-to-v22. Method called was `FieldValue`. Please use `FieldValue` instead.
06-22 20:53:09.241  6506 14124 W ReactNativeJS: This method is deprecated (as well as all React Native Firebase namespaced API) and will be removed in the next major release as part of move to match Firebase Web modular SDK API. Please see migration guide for more details: https://rnfirebase.io/migrating-to-v22. Method called was `serverTimestamp`. Please use `serverTimestamp()` instead.
06-22 20:53:12.109  6506 14124 W ReactNativeJS: This method is deprecated (as well as all React Native Firebase namespaced API) and will be removed in the next major release as part of move to match Firebase Web modular SDK API. Please see migration guide for more details: https://rnfirebase.io/migrating-to-v22. Method called was `FieldValue`. Please use `FieldValue` instead.
06-22 20:53:12.110  6506 14124 W ReactNativeJS: This method is deprecated (as well as all React Native Firebase namespaced API) and will be removed in the next major release as part of move to match Firebase Web modular SDK API. Please see migration guide for more details: https://rnfirebase.io/migrating-to-v22. Method called was `delete`. Please use `deleteField()` instead.
06-22 20:53:12.110  6506 14124 W ReactNativeJS: This method is deprecated (as well as all React Native Firebase namespaced API) and will be removed in the next major release as part of move to match Firebase Web modular SDK API. Please see migration guide for more details: https://rnfirebase.io/migrating-to-v22. Method called was `FieldValue`. Please use `FieldValue` instead.
06-22 20:53:12.110  6506 14124 W ReactNativeJS: This method is deprecated (as well as all React Native Firebase namespaced API) and will be removed in the next major release as part of move to match Firebase Web modular SDK API. Please see migration guide for more details: https://rnfirebase.io/migrating-to-v22. Method called was `serverTimestamp`. Please use `serverTimestamp()` instead.
06-22 20:53:18.087  1909  4343 I ActivityManager: Changes in 99196 3 to 10, 184 to 0
06-22 20:53:18.088  1909  4343 I ActivityManager: Changes in 10297 3 to 6, 184 to 128
06-22 20:54:22.042  1909  1973 I ActivityManager: Start proc 14258:com.samsung.android.app.reminder/u0a224 for content provider {com.samsung.android.app.reminder/com.samsung.android.app.reminder.data.provider.ReminderProvider}
06-22 20:54:22.043  1909  1973 I ActivityManager: ProcessObserver broadcast disabled
06-22 20:54:22.055  1909  1973 I ActivityManager: Start proc 14259:com.sec.android.gallery3d/u0a124 for content provider {com.sec.android.gallery3d/com.samsung.android.gallery.app.provider.LocalProvider2}
06-22 20:54:22.055  1909  1973 I ActivityManager: ProcessObserver broadcast disabled
06-22 20:54:22.099  1909  2537 W ActivityManager: pid 8104 com.samsung.android.scs sent binder code 1 with flags 2 to frozen apps and got error -2147483646
06-22 20:54:22.106  1909  1972 I ActivityManager: Killing 12212:com.samsung.cmh/5004 (adj 905): Sync transaction while frozen
06-22 20:54:22.110  1909  2057 I ActivityManager: Process com.samsung.cmh (pid 12212) early provider death
06-22 20:54:22.117  1909  4227 W ActivityManager: ProcessRecord{b0ec578 0:com.samsung.cmh/5004} is attached to a previous process 12212
06-22 20:54:22.169  1909  1973 I ActivityManager: Start proc 14283:com.samsung.cmh/5004 for content provider {com.samsung.cmh/com.samsung.cmh.provider.CMHProvider}
06-22 20:54:22.169  1909  1973 I ActivityManager: ProcessObserver broadcast disabled
06-22 20:54:22.262  1909  2537 I ActivityManager: Killing 11057:com.samsung.android.scloud/5009 (adj 905): empty #25
06-22 20:54:22.284  1909  2537 I ActivityManager: Killing 11414:com.samsung.faceservice/5004 (adj 905): empty #25
06-22 20:54:22.448  1909  1973 I ActivityManager: Start proc 14366:com.samsung.faceservice/5004 for content provider {com.samsung.faceservice/com.samsung.faceservice.provider.FaceServiceProvider}
06-22 20:54:22.448  1909  1973 I ActivityManager: ProcessObserver broadcast disabled
06-22 20:54:22.561  1909  4407 W ActivityManager: Receiver with filter android.content.IntentFilter@cc027d5 already registered for pid 14366, callerPackage is com.samsung.faceservice
06-22 20:54:22.566  1909  4407 W ActivityManager: Receiver with filter android.content.IntentFilter@7e86c51 already registered for pid 14366, callerPackage is com.samsung.faceservice
06-22 20:54:22.570  1909  4407 I ActivityManager: Killing 12495:com.samsung.android.scpm/5009 (adj 905): empty #25
06-22 20:55:01.583  1909  2065 I ActivityManager: Changes in 10251 19 to 8, 0 to 128
06-22 20:55:01.605  1909  1973 I ActivityManager: Start proc 14414:com.samsung.android.mobileservice/u0a119 for service {com.samsung.android.mobileservice/com.samsung.android.mobileservice.common.util.PeriodicJobUtil$PeriodicJob}
06-22 20:55:01.605  1909  1973 I ActivityManager: ProcessObserver broadcast disabled
06-22 20:55:01.617  1909  1973 I ActivityManager: Start proc 14417:com.google.android.googlequicksearchbox:search/u0a253 for service {com.google.android.googlequicksearchbox/androidx.work.impl.background.systemjob.SystemJobService}
06-22 20:55:01.617  1909  1973 I ActivityManager: ProcessObserver broadcast disabled
06-22 20:55:01.901  1909  2749 I ActivityManager: Changes in 10119 19 to 8, 0 to 128
06-22 20:55:01.924  1909  2224 I ActivityManager: Changes in 10056 19 to 8, 0 to 128
06-22 20:55:01.996  1909  1973 I ActivityManager: Start proc 14514:com.lguplus.appstore/u0a99 for service {com.lguplus.appstore/androidx.work.impl.background.systemjob.SystemJobService}
06-22 20:55:01.996  1909  1973 I ActivityManager: ProcessObserver broadcast disabled
06-22 20:55:02.113  1909  2187 I ActivityManager: Changes in 10119 8 to 10, 128 to 0
06-22 20:55:02.113  1909  2187 I ActivityManager: Changes in 10056 8 to 10, 128 to 0
06-22 20:55:02.281  1909  3606 I ActivityManager: Changes in 10251 8 to 10, 128 to 0
06-22 20:55:02.286  1909  3606 I ActivityManager: Killing 10931:com.android.providers.calendar/u0a115 (adj 905): empty #25
06-22 20:55:02.315  1909  1973 I ActivityManager: Start proc 14559:com.samsung.aasaservice/1000 for service {com.samsung.aasaservice/com.samsung.aasaservice.AASAJobService}
06-22 20:55:02.316  1909  1973 I ActivityManager: ProcessObserver broadcast disabled
06-22 20:55:02.337  1909  1973 I ActivityManager: Start proc 14572:com.google.android.as.oss/u0a248 for service {com.google.android.as.oss/com.google.android.gms.learning.internal.training.InAppJobService}
06-22 20:55:02.337  1909  1973 I ActivityManager: ProcessObserver broadcast disabled
06-22 20:55:02.374  1909  2803 I ActivityManager: Killing 12358:com.samsung.android.calendar/u0a222 (adj 905): empty #25
06-22 20:55:02.480  1909  1973 I ActivityManager: Start proc 14611:com.samsung.android.privateaccesstokens/u0a198 for service {com.samsung.android.privateaccesstokens/com.samsung.android.privateaccesstokens.components.services.PATService}
06-22 20:55:02.480  1909  1973 I ActivityManager: ProcessObserver broadcast disabled
06-22 20:55:02.622  1909  1972 I ActivityManager: Changes in 10055 19 to 11, 0 to 128
06-22 20:55:02.632  1909  3434 I ActivityManager: Killing 11749:com.sec.android.app.samsungapps/u0a86 (adj 905): empty #25
06-22 20:55:02.658  1909  2803 I ActivityManager: Changes in 10055 11 to 5, 128 to 144
06-22 20:55:02.691  1909  3434 I ActivityManager: Changes in 10248 19 to 8, 0 to 128
06-22 20:55:02.716  1909  3434 I ActivityManager: Changes in 99196 19 to 8, 0 to 128
06-22 20:55:02.717  1909  3434 I ActivityManager: Changes in 10099 19 to 8, 0 to 128
06-22 20:55:02.774  1909  3434 I ActivityManager: Changes in 99196 8 to 10, 128 to 0
06-22 20:55:02.774  1909  3434 I ActivityManager: Changes in 10099 8 to 10, 128 to 0
06-22 20:55:02.795  1909  4356 I ActivityManager: Changes in 5004 19 to 8, 0 to 128
06-22 20:55:02.801  1909  1973 I ActivityManager: Start proc 14681:com.samsung.mfcontents/u0a95 for service {com.samsung.mfcontents/com.samsung.mfcontents.scheduler.MFCJobService}
06-22 20:55:02.801  1909  1973 I ActivityManager: ProcessObserver broadcast disabled
06-22 20:55:02.835  1909  2867 I ActivityManager: Changes in 10119 19 to 8, 0 to 128
06-22 20:55:02.838  1909  2867 I ActivityManager: Changes in 10056 19 to 8, 0 to 128
06-22 20:55:02.855  1909  2867 I ActivityManager: Changes in 10251 10 to 8, 0 to 128
06-22 20:55:02.881  1909  2057 I ActivityManager: Changes in 10248 8 to 10, 128 to 0
06-22 20:55:02.886  1909  2057 I ActivityManager: Changes in 99196 10 to 8, 0 to 128
06-22 20:55:02.886  1909  2057 I ActivityManager: Changes in 10099 19 to 8, 0 to 128
06-22 20:55:02.889  1909  4338 I ActivityManager: Changes in 10119 8 to 10, 128 to 0
06-22 20:55:02.889  1909  4338 I ActivityManager: Changes in 10056 8 to 10, 128 to 0
06-22 20:55:02.891  1909  2867 I ActivityManager: Changes in 10095 19 to 8, 0 to 128
06-22 20:55:02.906  1909  2867 I ActivityManager: Changes in 5004 8 to 10, 128 to 0
06-22 20:55:02.920  1909  2537 I ActivityManager: Changes in 10095 8 to 10, 128 to 0
06-22 20:55:03.038  1909  2867 I ActivityManager: Changes in 99196 8 to 10, 128 to 0
06-22 20:55:03.038  1909  2867 I ActivityManager: Changes in 10099 8 to 10, 128 to 0
06-22 20:55:03.041  1909  2224 I ActivityManager: Killing 8623:com.osp.app.signin/u0a117 (adj 905): empty #25
06-22 20:55:03.042  1909  2224 I ActivityManager: Killing 12685:com.google.android.cellbroadcastreceiver/u0a296 (adj 905): empty #26
06-22 20:55:04.438  1909  1973 I ActivityManager: Start proc 14741:com.android.vending:quick_launch/u0a251 for service {com.android.vending/com.google.frameworks.client.data.android.server.play.QuickLaunchProcessEndpointService}
06-22 20:55:04.438  1909  1973 I ActivityManager: ProcessObserver broadcast disabled
06-22 20:55:04.798  1909  1973 I ActivityManager: Start proc 14782:com.google.android.projection.gearhead:provider/u0a242 for content provider {com.google.android.projection.gearhead/com.google.android.apps.auto.components.projectionstate.ProjectionStateProvider}
06-22 20:55:04.798  1909  1973 I ActivityManager: ProcessObserver broadcast disabled
06-22 20:55:05.019  1909  2867 I ActivityManager: Changes in 10242 19 to 8, 0 to 128
06-22 20:55:05.024  1909  2224 I ActivityManager: Changes in 99196 19 to 8, 0 to 128
06-22 20:55:06.577  1909  2224 I ActivityManager: Changes in 99196 8 to 10, 128 to 0
06-22 20:55:06.577  1909  2224 I ActivityManager: Changes in 10251 8 to 10, 128 to 0
06-22 20:55:06.578  1909  2224 I ActivityManager: Changes in 10242 8 to 10, 128 to 0
06-22 20:55:06.583  1909  2057 I ActivityManager: Killing 12891:com.sec.android.app.shealth/u0a328 (adj 905): empty #25
06-22 20:55:06.584  1909  2057 I ActivityManager: Killing 12923:com.sec.android.app.shealth:remote/u0a328 (adj 905): empty #26
06-22 20:55:06.587  1909  2057 I ActivityManager: Killing 12938:com.samsung.android.mcfds/u0a96 (adj 905): empty #27
06-22 20:55:06.668  1909  2057 W ActivityManager: pid 1909 system sent binder code 1 with flags 1 to frozen apps and got error -32
06-22 20:55:06.674  1909  2057 W ActivityManager: Failure disconnecting service com.sec.android.app.shealth/com.samsung.android.service.health.HealthService to connection android.os.BinderProxy@ffadaa4 (in com.sec.android.app.shealth)
06-22 20:55:06.674  1909  2057 W ActivityManager: android.os.DeadObjectException
06-22 20:55:06.674  1909  2057 W ActivityManager: 	at android.os.BinderProxy.transactNative(Native Method)
06-22 20:55:06.674  1909  2057 W ActivityManager: 	at android.os.BinderProxy.transact(BinderProxy.java:661)
06-22 20:55:06.674  1909  2057 W ActivityManager: 	at android.app.IServiceConnection$Stub$Proxy.connected(IServiceConnection.java:126)
06-22 20:55:06.674  1909  2057 W ActivityManager: 	at com.android.server.am.ActiveServices.bringDownServiceLocked(qb/108940926 802103cef46cde14cb0d3b748d2076734c471a17d4b8e991ffa01c0e15de42a9:78)
06-22 20:55:06.674  1909  2057 W ActivityManager: 	at com.android.server.am.ActiveServices.killServicesLocked(qb/108940926 802103cef46cde14cb0d3b748d2076734c471a17d4b8e991ffa01c0e15de42a9:567)
06-22 20:55:06.674  1909  2057 W ActivityManager: 	at com.android.server.am.ActivityManagerService.cleanUpApplicationRecordLocked(qb/108940926 802103cef46cde14cb0d3b748d2076734c471a17d4b8e991ffa01c0e15de42a9:161)
06-22 20:55:06.674  1909  2057 W ActivityManager: 	at com.android.server.am.ActivityManagerService.handleAppDiedLocked(qb/108940926 802103cef46cde14cb0d3b748d2076734c471a17d4b8e991ffa01c0e15de42a9:193)
06-22 20:55:06.674  1909  2057 W ActivityManager: 	at com.android.server.am.ActivityManagerService.appDiedLocked(qb/108940926 802103cef46cde14cb0d3b748d2076734c471a17d4b8e991ffa01c0e15de42a9:570)
06-22 20:55:06.674  1909  2057 W ActivityManager: 	at com.android.server.am.ActivityManagerService$AppDeathRecipient.binderDied(qb/108940926 802103cef46cde14cb0d3b748d2076734c471a17d4b8e991ffa01c0e15de42a9:17)
06-22 20:55:06.674  1909  2057 W ActivityManager: 	at android.os.IBinder$DeathRecipient.binderDied(IBinder.java:346)
06-22 20:55:06.674  1909  2057 W ActivityManager: 	at android.os.BinderProxy.sendDeathNotice(BinderProxy.java:848)
06-22 20:55:06.674  1909  2057 W ActivityManager: pid 1909 system sent binder code 1 with flags 1 to frozen apps and got error -32
06-22 20:55:06.674  1909  2057 W ActivityManager: Failure disconnecting service com.sec.android.app.shealth/com.samsung.android.service.health.HealthService to connection android.os.BinderProxy@2058c13 (in com.sec.android.app.shealth)
06-22 20:55:06.674  1909  2057 W ActivityManager: android.os.DeadObjectException
06-22 20:55:06.674  1909  2057 W ActivityManager: 	at android.os.BinderProxy.transactNative(Native Method)
06-22 20:55:06.674  1909  2057 W ActivityManager: 	at android.os.BinderProxy.transact(BinderProxy.java:661)
06-22 20:55:06.674  1909  2057 W ActivityManager: 	at android.app.IServiceConnection$Stub$Proxy.connected(IServiceConnection.java:126)
06-22 20:55:06.674  1909  2057 W ActivityManager: 	at com.android.server.am.ActiveServices.bringDownServiceLocked(qb/108940926 802103cef46cde14cb0d3b748d2076734c471a17d4b8e991ffa01c0e15de42a9:78)
06-22 20:55:06.674  1909  2057 W ActivityManager: 	at com.android.server.am.ActiveServices.killServicesLocked(qb/108940926 802103cef46cde14cb0d3b748d2076734c471a17d4b8e991ffa01c0e15de42a9:567)
06-22 20:55:06.674  1909  2057 W ActivityManager: 	at com.android.server.am.ActivityManagerService.cleanUpApplicationRecordLocked(qb/108940926 802103cef46cde14cb0d3b748d2076734c471a17d4b8e991ffa01c0e15de42a9:161)
06-22 20:55:06.674  1909  2057 W ActivityManager: 	at com.android.server.am.ActivityManagerService.handleAppDiedLocked(qb/108940926 802103cef46cde14cb0d3b748d2076734c471a17d4b8e991ffa01c0e15de42a9:193)
06-22 20:55:06.674  1909  2057 W ActivityManager: 	at com.android.server.am.ActivityManagerService.appDiedLocked(qb/108940926 802103cef46cde14cb0d3b748d2076734c471a17d4b8e991ffa01c0e15de42a9:570)
06-22 20:55:06.674  1909  2057 W ActivityManager: 	at com.android.server.am.ActivityManagerService$AppDeathRecipient.binderDied(qb/108940926 802103cef46cde14cb0d3b748d2076734c471a17d4b8e991ffa01c0e15de42a9:17)
06-22 20:55:06.674  1909  2057 W ActivityManager: 	at android.os.IBinder$DeathRecipient.binderDied(IBinder.java:346)
06-22 20:55:06.674  1909  2057 W ActivityManager: 	at android.os.BinderProxy.sendDeathNotice(BinderProxy.java:848)
06-22 20:55:08.683  1909  1971 I ActivityManager: Changes in 10055 5 to 15, 144 to 0
06-22 20:55:28.685  1909  1972 I ActivityManager: Killing 13154:com.ss.android.ugc.trill/u0a388 (adj 905): empty #25
06-22 20:55:57.034  1909  1972 I ActivityManager: Changes in 10096 19 to 11, 0 to 128
06-22 20:56:07.041  1909  2065 I ActivityManager: Changes in 10096 19 to 19, 128 to 0
06-22 20:56:17.035  1909  1972 I ActivityManager: Changes in 10096 19 to 11, 0 to 128
06-22 20:56:27.047  1909  2065 I ActivityManager: Changes in 10096 19 to 19, 128 to 0
06-22 20:56:29.194  6506 14124 W ReactNativeJS: This method is deprecated (as well as all React Native Firebase namespaced API) and will be removed in the next major release as part of move to match Firebase Web modular SDK API. Please see migration guide for more details: https://rnfirebase.io/migrating-to-v22. Method called was `FieldValue`. Please use `FieldValue` instead.
06-22 20:56:29.194  6506 14124 W ReactNativeJS: This method is deprecated (as well as all React Native Firebase namespaced API) and will be removed in the next major release as part of move to match Firebase Web modular SDK API. Please see migration guide for more details: https://rnfirebase.io/migrating-to-v22. Method called was `delete`. Please use `deleteField()` instead.
06-22 20:56:29.194  6506 14124 W ReactNativeJS: This method is deprecated (as well as all React Native Firebase namespaced API) and will be removed in the next major release as part of move to match Firebase Web modular SDK API. Please see migration guide for more details: https://rnfirebase.io/migrating-to-v22. Method called was `FieldValue`. Please use `FieldValue` instead.
06-22 20:56:29.194  6506 14124 W ReactNativeJS: This method is deprecated (as well as all React Native Firebase namespaced API) and will be removed in the next major release as part of move to match Firebase Web modular SDK API. Please see migration guide for more details: https://rnfirebase.io/migrating-to-v22. Method called was `serverTimestamp`. Please use `serverTimestamp()` instead.
06-22 20:57:22.787  1909  1972 I ActivityManager: Changes in 10108 10 to 10, 0 to 128
06-22 20:57:22.804  1909  2867 I ActivityManager: Changes in 10108 10 to 10, 128 to 0
06-22 20:57:22.807  1909  2065 I ActivityManager: Changes in 10251 19 to 8, 0 to 128
06-22 20:57:22.847  1909  2867 I ActivityManager: Changes in 99196 19 to 8, 0 to 128
06-22 20:57:22.850  1909  4211 I ActivityManager: Changes in 10251 8 to 10, 128 to 0
06-22 20:57:22.864  1909  4211 I ActivityManager: Changes in 99196 8 to 10, 128 to 0
06-22 20:57:22.920  1909  4338 I ActivityManager: Changes in 99196 19 to 8, 0 to 128
06-22 20:57:22.990  1909  4338 I ActivityManager: Changes in 99196 8 to 10, 128 to 0
06-22 20:57:23.035  1909  3606 I ActivityManager: Changes in 99196 19 to 8, 0 to 128
06-22 20:57:23.119  1909  2867 I ActivityManager: Changes in 99196 8 to 10, 128 to 0
06-22 20:58:07.205  6506 14124 W ReactNativeJS: 'This method is deprecated (as well as all React Native Firebase namespaced API) and will be removed in the next major release as part of move to match Firebase Web modular SDK API. Please see migration guide for more details: https://rnfirebase.io/migrating-to-v22 Please use `getApp()` instead.', { [Component Stack] name: 'Component Stack' }
06-22 20:58:07.225  6506 14124 W ReactNativeJS: 'This method is deprecated (as well as all React Native Firebase namespaced API) and will be removed in the next major release as part of move to match Firebase Web modular SDK API. Please see migration guide for more details: https://rnfirebase.io/migrating-to-v22 Please use `getApp()` instead.', { [Component Stack] name: 'Component Stack' }
06-22 20:58:07.239  6506 14124 W ReactNativeJS: 'This method is deprecated (as well as all React Native Firebase namespaced API) and will be removed in the next major release as part of move to match Firebase Web modular SDK API. Please see migration guide for more details: https://rnfirebase.io/migrating-to-v22. Method called was `logEvent`. Please use `logEvent()` instead.', { [Component Stack] name: 'Component Stack' }
06-22 20:58:07.276  1909  2867 I ActivityManager: Changes in 99196 19 to 3, 0 to 184
06-22 20:58:07.276  1909  2867 I ActivityManager: Changes in 10297 6 to 3, 128 to 184
06-22 20:58:08.407  6506 14124 W ReactNativeJS: 'This method is deprecated (as well as all React Native Firebase namespaced API) and will be removed in the next major release as part of move to match Firebase Web modular SDK API. Please see migration guide for more details: https://rnfirebase.io/migrating-to-v22 Please use `getApp()` instead.', { [Component Stack] name: 'Component Stack' }
06-22 20:58:08.428  6506 14124 W ReactNativeJS: 'This method is deprecated (as well as all React Native Firebase namespaced API) and will be removed in the next major release as part of move to match Firebase Web modular SDK API. Please see migration guide for more details: https://rnfirebase.io/migrating-to-v22 Please use `getApp()` instead.', { [Component Stack] name: 'Component Stack' }
06-22 20:58:08.442  6506 14124 W ReactNativeJS: 'This method is deprecated (as well as all React Native Firebase namespaced API) and will be removed in the next major release as part of move to match Firebase Web modular SDK API. Please see migration guide for more details: https://rnfirebase.io/migrating-to-v22. Method called was `logEvent`. Please use `logEvent()` instead.', { [Component Stack] name: 'Component Stack' }
06-22 20:58:09.226  6506 14124 W ReactNativeJS: This method is deprecated (as well as all React Native Firebase namespaced API) and will be removed in the next major release as part of move to match Firebase Web modular SDK API. Please see migration guide for more details: https://rnfirebase.io/migrating-to-v22. Method called was `FieldValue`. Please use `FieldValue` instead.
06-22 20:58:09.226  6506 14124 W ReactNativeJS: This method is deprecated (as well as all React Native Firebase namespaced API) and will be removed in the next major release as part of move to match Firebase Web modular SDK API. Please see migration guide for more details: https://rnfirebase.io/migrating-to-v22. Method called was `delete`. Please use `deleteField()` instead.
06-22 20:58:09.227  6506 14124 W ReactNativeJS: This method is deprecated (as well as all React Native Firebase namespaced API) and will be removed in the next major release as part of move to match Firebase Web modular SDK API. Please see migration guide for more details: https://rnfirebase.io/migrating-to-v22. Method called was `FieldValue`. Please use `FieldValue` instead.
06-22 20:58:09.227  6506 14124 W ReactNativeJS: This method is deprecated (as well as all React Native Firebase namespaced API) and will be removed in the next major release as part of move to match Firebase Web modular SDK API. Please see migration guide for more details: https://rnfirebase.io/migrating-to-v22. Method called was `serverTimestamp`. Please use `serverTimestamp()` instead.
06-22 20:58:09.942  6506 14124 W ReactNativeJS: This method is deprecated (as well as all React Native Firebase namespaced API) and will be removed in the next major release as part of move to match Firebase Web modular SDK API. Please see migration guide for more details: https://rnfirebase.io/migrating-to-v22. Method called was `FieldValue`. Please use `FieldValue` instead.
06-22 20:58:09.943  6506 14124 W ReactNativeJS: This method is deprecated (as well as all React Native Firebase namespaced API) and will be removed in the next major release as part of move to match Firebase Web modular SDK API. Please see migration guide for more details: https://rnfirebase.io/migrating-to-v22. Method called was `delete`. Please use `deleteField()` instead.
06-22 20:58:09.944  6506 14124 W ReactNativeJS: This method is deprecated (as well as all React Native Firebase namespaced API) and will be removed in the next major release as part of move to match Firebase Web modular SDK API. Please see migration guide for more details: https://rnfirebase.io/migrating-to-v22. Method called was `FieldValue`. Please use `FieldValue` instead.
06-22 20:58:09.944  6506 14124 W ReactNativeJS: This method is deprecated (as well as all React Native Firebase namespaced API) and will be removed in the next major release as part of move to match Firebase Web modular SDK API. Please see migration guide for more details: https://rnfirebase.io/migrating-to-v22. Method called was `serverTimestamp`. Please use `serverTimestamp()` instead.
06-22 20:58:12.113  6506 14124 W ReactNativeJS: 'This method is deprecated (as well as all React Native Firebase namespaced API) and will be removed in the next major release as part of move to match Firebase Web modular SDK API. Please see migration guide for more details: https://rnfirebase.io/migrating-to-v22 Please use `getApp()` instead.', { [Component Stack] name: 'Component Stack' }
06-22 20:58:12.128  6506 14124 W ReactNativeJS: 'This method is deprecated (as well as all React Native Firebase namespaced API) and will be removed in the next major release as part of move to match Firebase Web modular SDK API. Please see migration guide for more details: https://rnfirebase.io/migrating-to-v22 Please use `getApp()` instead.', { [Component Stack] name: 'Component Stack' }
06-22 20:58:12.146  6506 14124 W ReactNativeJS: 'This method is deprecated (as well as all React Native Firebase namespaced API) and will be removed in the next major release as part of move to match Firebase Web modular SDK API. Please see migration guide for more details: https://rnfirebase.io/migrating-to-v22. Method called was `logEvent`. Please use `logEvent()` instead.', { [Component Stack] name: 'Component Stack' }
06-22 20:58:13.030  6506 14124 W ReactNativeJS: This method is deprecated (as well as all React Native Firebase namespaced API) and will be removed in the next major release as part of move to match Firebase Web modular SDK API. Please see migration guide for more details: https://rnfirebase.io/migrating-to-v22. Method called was `FieldValue`. Please use `FieldValue` instead.
06-22 20:58:13.030  6506 14124 W ReactNativeJS: This method is deprecated (as well as all React Native Firebase namespaced API) and will be removed in the next major release as part of move to match Firebase Web modular SDK API. Please see migration guide for more details: https://rnfirebase.io/migrating-to-v22. Method called was `delete`. Please use `deleteField()` instead.
06-22 20:58:13.031  6506 14124 W ReactNativeJS: This method is deprecated (as well as all React Native Firebase namespaced API) and will be removed in the next major release as part of move to match Firebase Web modular SDK API. Please see migration guide for more details: https://rnfirebase.io/migrating-to-v22. Method called was `FieldValue`. Please use `FieldValue` instead.
06-22 20:58:13.031  6506 14124 W ReactNativeJS: This method is deprecated (as well as all React Native Firebase namespaced API) and will be removed in the next major release as part of move to match Firebase Web modular SDK API. Please see migration guide for more details: https://rnfirebase.io/migrating-to-v22. Method called was `serverTimestamp`. Please use `serverTimestamp()` instead.
06-22 20:58:19.117  1909  1973 I ActivityManager: Start proc 14950:com.google.android.cellbroadcastreceiver/u0a296 for broadcast {com.google.android.cellbroadcastreceiver/com.android.cellbroadcastreceiver.CellBroadcastReceiver}
06-22 20:58:19.117  1909  1973 I ActivityManager: ProcessObserver broadcast disabled
06-22 20:58:19.220  1909  4338 I ActivityManager: Changes in 10296 19 to 11, 0 to 128
06-22 20:58:19.248  1909  4338 I ActivityManager: Changes in 10296 11 to 19, 128 to 0
06-22 20:58:20.121  1909  1972 I ActivityManager: Changes in 10296 19 to 11, 0 to 128
06-22 20:58:20.131  1909  2867 I ActivityManager: Changes in 10296 11 to 19, 128 to 0
06-22 20:58:22.203  1909  2867 I ActivityManager: Changes in 99196 3 to 10, 184 to 0
06-22 20:58:22.203  1909  2867 I ActivityManager: Changes in 10297 3 to 6, 184 to 128
06-22 20:58:22.207  1909  2776 I ActivityManager: Killing 13468:com.samsung.drmboost/u0a339 (adj 905): empty #25
06-22 20:58:23.030  6506 14124 W ReactNativeJS: 'This method is deprecated (as well as all React Native Firebase namespaced API) and will be removed in the next major release as part of move to match Firebase Web modular SDK API. Please see migration guide for more details: https://rnfirebase.io/migrating-to-v22 Please use `getApp()` instead.', { [Component Stack] name: 'Component Stack' }
06-22 20:58:23.050  6506 14124 W ReactNativeJS: 'This method is deprecated (as well as all React Native Firebase namespaced API) and will be removed in the next major release as part of move to match Firebase Web modular SDK API. Please see migration guide for more details: https://rnfirebase.io/migrating-to-v22 Please use `getApp()` instead.', { [Component Stack] name: 'Component Stack' }
06-22 20:58:23.064  6506 14124 W ReactNativeJS: 'This method is deprecated (as well as all React Native Firebase namespaced API) and will be removed in the next major release as part of move to match Firebase Web modular SDK API. Please see migration guide for more details: https://rnfirebase.io/migrating-to-v22. Method called was `settings`. Please use `settings()` instead.', { [Component Stack] name: 'Component Stack' }
06-22 20:58:23.082  6506 14124 W ReactNativeJS: 'This method is deprecated (as well as all React Native Firebase namespaced API) and will be removed in the next major release as part of move to match Firebase Web modular SDK API. Please see migration guide for more details: https://rnfirebase.io/migrating-to-v22 Please use `getApp()` instead.', { [Component Stack] name: 'Component Stack' }
06-22 20:58:23.095  6506 14124 W ReactNativeJS: 'This method is deprecated (as well as all React Native Firebase namespaced API) and will be removed in the next major release as part of move to match Firebase Web modular SDK API. Please see migration guide for more details: https://rnfirebase.io/migrating-to-v22. Method called was `logEvent`. Please use `logEvent()` instead.', { [Component Stack] name: 'Component Stack' }
06-22 20:58:23.127  1909  2776 I ActivityManager: Changes in 99196 19 to 3, 0 to 184
06-22 20:58:23.127  1909  2776 I ActivityManager: Changes in 10297 6 to 3, 128 to 184
06-22 20:58:33.194  1909  3606 I ActivityManager: Changes in 99196 3 to 10, 184 to 0
06-22 20:58:33.195  1909  3606 I ActivityManager: Changes in 10297 3 to 6, 184 to 128
06-22 20:59:13.108  1909  1973 I ActivityManager: Start proc 14992:com.samsung.android.privacydashboard/u0a107 for content provider {com.samsung.android.privacydashboard/com.samsung.android.privacydashboard.provider.PermissionAccessInformationContentProvider}
06-22 20:59:13.108  1909  1973 I ActivityManager: ProcessObserver broadcast disabled
06-22 20:59:13.240  1909  2867 I ActivityManager: Changes in 10107 19 to 5, 0 to 144
06-22 20:59:19.377  1909  1971 I ActivityManager: Changes in 10107 5 to 15, 144 to 0
06-22 20:59:24.492  6506 14978 W ReactNativeJS: 'This method is deprecated (as well as all React Native Firebase namespaced API) and will be removed in the next major release as part of move to match Firebase Web modular SDK API. Please see migration guide for more details: https://rnfirebase.io/migrating-to-v22 Please use `getApp()` instead.', { [Component Stack] name: 'Component Stack' }
06-22 20:59:24.516  6506 14978 W ReactNativeJS: 'This method is deprecated (as well as all React Native Firebase namespaced API) and will be removed in the next major release as part of move to match Firebase Web modular SDK API. Please see migration guide for more details: https://rnfirebase.io/migrating-to-v22 Please use `getApp()` instead.', { [Component Stack] name: 'Component Stack' }
06-22 20:59:24.537  6506 14978 W ReactNativeJS: 'This method is deprecated (as well as all React Native Firebase namespaced API) and will be removed in the next major release as part of move to match Firebase Web modular SDK API. Please see migration guide for more details: https://rnfirebase.io/migrating-to-v22. Method called was `settings`. Please use `settings()` instead.', { [Component Stack] name: 'Component Stack' }
06-22 20:59:24.560  6506 14978 W ReactNativeJS: 'This method is deprecated (as well as all React Native Firebase namespaced API) and will be removed in the next major release as part of move to match Firebase Web modular SDK API. Please see migration guide for more details: https://rnfirebase.io/migrating-to-v22 Please use `getApp()` instead.', { [Component Stack] name: 'Component Stack' }
06-22 20:59:24.576  6506 14978 W ReactNativeJS: 'This method is deprecated (as well as all React Native Firebase namespaced API) and will be removed in the next major release as part of move to match Firebase Web modular SDK API. Please see migration guide for more details: https://rnfirebase.io/migrating-to-v22. Method called was `logEvent`. Please use `logEvent()` instead.', { [Component Stack] name: 'Component Stack' }
06-22 20:59:24.605  1909  3606 I ActivityManager: Changes in 99196 19 to 3, 0 to 184
06-22 20:59:24.606  1909  3606 I ActivityManager: Changes in 10297 6 to 3, 128 to 184
06-22 20:59:26.557  6506 14978 W ReactNativeJS: This method is deprecated (as well as all React Native Firebase namespaced API) and will be removed in the next major release as part of move to match Firebase Web modular SDK API. Please see migration guide for more details: https://rnfirebase.io/migrating-to-v22. Method called was `FieldValue`. Please use `FieldValue` instead.
06-22 20:59:26.557  6506 14978 W ReactNativeJS: This method is deprecated (as well as all React Native Firebase namespaced API) and will be removed in the next major release as part of move to match Firebase Web modular SDK API. Please see migration guide for more details: https://rnfirebase.io/migrating-to-v22. Method called was `delete`. Please use `deleteField()` instead.
06-22 20:59:26.558  6506 14978 W ReactNativeJS: This method is deprecated (as well as all React Native Firebase namespaced API) and will be removed in the next major release as part of move to match Firebase Web modular SDK API. Please see migration guide for more details: https://rnfirebase.io/migrating-to-v22. Method called was `FieldValue`. Please use `FieldValue` instead.
06-22 20:59:26.559  6506 14978 W ReactNativeJS: This method is deprecated (as well as all React Native Firebase namespaced API) and will be removed in the next major release as part of move to match Firebase Web modular SDK API. Please see migration guide for more details: https://rnfirebase.io/migrating-to-v22. Method called was `serverTimestamp`. Please use `serverTimestamp()` instead.
06-22 20:59:28.736  6506 14978 W ReactNativeJS: This method is deprecated (as well as all React Native Firebase namespaced API) and will be removed in the next major release as part of move to match Firebase Web modular SDK API. Please see migration guide for more details: https://rnfirebase.io/migrating-to-v22. Method called was `FieldValue`. Please use `FieldValue` instead.
06-22 20:59:28.737  6506 14978 W ReactNativeJS: This method is deprecated (as well as all React Native Firebase namespaced API) and will be removed in the next major release as part of move to match Firebase Web modular SDK API. Please see migration guide for more details: https://rnfirebase.io/migrating-to-v22. Method called was `delete`. Please use `deleteField()` instead.
06-22 20:59:28.737  6506 14978 W ReactNativeJS: This method is deprecated (as well as all React Native Firebase namespaced API) and will be removed in the next major release as part of move to match Firebase Web modular SDK API. Please see migration guide for more details: https://rnfirebase.io/migrating-to-v22. Method called was `FieldValue`. Please use `FieldValue` instead.
06-22 20:59:28.737  6506 14978 W ReactNativeJS: This method is deprecated (as well as all React Native Firebase namespaced API) and will be removed in the next major release as part of move to match Firebase Web modular SDK API. Please see migration guide for more details: https://rnfirebase.io/migrating-to-v22. Method called was `serverTimestamp`. Please use `serverTimestamp()` instead.
06-22 20:59:34.665  1909  4338 I ActivityManager: Changes in 99196 3 to 10, 184 to 0
06-22 20:59:34.667  1909  4338 I ActivityManager: Changes in 10297 3 to 6, 184 to 128
06-22 20:59:39.379  1909  1972 I ActivityManager: Killing 13693:com.google.android.rkpdapp/u0a348 (adj 905): empty #25
06-22 21:03:07.423  6506 14978 W ReactNativeJS: This method is deprecated (as well as all React Native Firebase namespaced API) and will be removed in the next major release as part of move to match Firebase Web modular SDK API. Please see migration guide for more details: https://rnfirebase.io/migrating-to-v22. Method called was `FieldValue`. Please use `FieldValue` instead.
06-22 21:03:07.423  6506 14978 W ReactNativeJS: This method is deprecated (as well as all React Native Firebase namespaced API) and will be removed in the next major release as part of move to match Firebase Web modular SDK API. Please see migration guide for more details: https://rnfirebase.io/migrating-to-v22. Method called was `delete`. Please use `deleteField()` instead.
06-22 21:03:07.424  6506 14978 W ReactNativeJS: This method is deprecated (as well as all React Native Firebase namespaced API) and will be removed in the next major release as part of move to match Firebase Web modular SDK API. Please see migration guide for more details: https://rnfirebase.io/migrating-to-v22. Method called was `FieldValue`. Please use `FieldValue` instead.
06-22 21:03:07.424  6506 14978 W ReactNativeJS: This method is deprecated (as well as all React Native Firebase namespaced API) and will be removed in the next major release as part of move to match Firebase Web modular SDK API. Please see migration guide for more details: https://rnfirebase.io/migrating-to-v22. Method called was `serverTimestamp`. Please use `serverTimestamp()` instead.
06-22 21:03:44.979  1909  1972 I ActivityManager: Changes in 10096 19 to 11, 0 to 128
06-22 21:03:44.983  1909  3606 I ActivityManager: Changes in 10096 11 to 19, 128 to 0
06-22 21:06:48.160  1909  2065 I ActivityManager: Changes in 5004 19 to 8, 0 to 128
06-22 21:06:48.174  1909  2065 I ActivityManager: Changes in 10095 19 to 8, 0 to 128
06-22 21:06:48.186  1909  2867 I ActivityManager: Changes in 10095 8 to 10, 128 to 0
06-22 21:06:48.238  1909  4211 I ActivityManager: Changes in 5004 8 to 10, 128 to 0
06-22 21:07:04.020  1909  1972 I ActivityManager: Changes in 10096 19 to 11, 0 to 128
06-22 21:07:04.027  1909  4211 I ActivityManager: Changes in 10096 11 to 19, 128 to 0
06-22 21:07:59.775  6506 14978 W ReactNativeJS: This method is deprecated (as well as all React Native Firebase namespaced API) and will be removed in the next major release as part of move to match Firebase Web modular SDK API. Please see migration guide for more details: https://rnfirebase.io/migrating-to-v22. Method called was `FieldValue`. Please use `FieldValue` instead.
06-22 21:07:59.776  6506 14978 W ReactNativeJS: This method is deprecated (as well as all React Native Firebase namespaced API) and will be removed in the next major release as part of move to match Firebase Web modular SDK API. Please see migration guide for more details: https://rnfirebase.io/migrating-to-v22. Method called was `delete`. Please use `deleteField()` instead.
06-22 21:07:59.778  6506 14978 W ReactNativeJS: This method is deprecated (as well as all React Native Firebase namespaced API) and will be removed in the next major release as part of move to match Firebase Web modular SDK API. Please see migration guide for more details: https://rnfirebase.io/migrating-to-v22. Method called was `FieldValue`. Please use `FieldValue` instead.
06-22 21:07:59.779  6506 14978 W ReactNativeJS: This method is deprecated (as well as all React Native Firebase namespaced API) and will be removed in the next major release as part of move to match Firebase Web modular SDK API. Please see migration guide for more details: https://rnfirebase.io/migrating-to-v22. Method called was `serverTimestamp`. Please use `serverTimestamp()` instead.
06-22 21:09:33.839  1909  2065 I ActivityManager: Changes in 5004 19 to 8, 0 to 128
06-22 21:09:33.863  1909  2776 I ActivityManager: Changes in 5004 8 to 10, 128 to 0
06-22 21:09:33.872  1909  4211 I ActivityManager: Changes in 99196 19 to 5, 0 to 184
06-22 21:09:33.872  1909  4211 I ActivityManager: Changes in 10297 6 to 5, 128 to 184
06-22 21:09:35.015  1909  1972 I ActivityManager: Changes in 10096 19 to 11, 0 to 128
06-22 21:09:45.037  1909  2065 I ActivityManager: Changes in 10096 19 to 19, 128 to 0
06-22 21:09:50.056  1909  2867 I ActivityManager: Changes in 99196 5 to 10, 184 to 0
06-22 21:09:50.056  1909  2867 I ActivityManager: Changes in 10297 5 to 6, 184 to 128
06-22 21:10:59.305  6506 14978 W ReactNativeJS: This method is deprecated (as well as all React Native Firebase namespaced API) and will be removed in the next major release as part of move to match Firebase Web modular SDK API. Please see migration guide for more details: https://rnfirebase.io/migrating-to-v22. Method called was `FieldValue`. Please use `FieldValue` instead.
06-22 21:10:59.307  6506 14978 W ReactNativeJS: This method is deprecated (as well as all React Native Firebase namespaced API) and will be removed in the next major release as part of move to match Firebase Web modular SDK API. Please see migration guide for more details: https://rnfirebase.io/migrating-to-v22. Method called was `delete`. Please use `deleteField()` instead.
06-22 21:10:59.308  6506 14978 W ReactNativeJS: This method is deprecated (as well as all React Native Firebase namespaced API) and will be removed in the next major release as part of move to match Firebase Web modular SDK API. Please see migration guide for more details: https://rnfirebase.io/migrating-to-v22. Method called was `FieldValue`. Please use `FieldValue` instead.
06-22 21:10:59.311  6506 14978 W ReactNativeJS: This method is deprecated (as well as all React Native Firebase namespaced API) and will be removed in the next major release as part of move to match Firebase Web modular SDK API. Please see migration guide for more details: https://rnfirebase.io/migrating-to-v22. Method called was `serverTimestamp`. Please use `serverTimestamp()` instead.
06-22 21:11:56.628  1909  2776 I ActivityManager: Changes in 99196 19 to 5, 0 to 184
06-22 21:11:56.629  1909  2776 I ActivityManager: Changes in 10297 6 to 5, 128 to 184
06-22 21:12:11.718  1909  4211 I ActivityManager: Changes in 99196 5 to 10, 184 to 0
06-22 21:12:11.720  1909  4211 I ActivityManager: Changes in 10297 5 to 6, 184 to 128
06-22 21:13:53.314  6506 14978 W ReactNativeJS: This method is deprecated (as well as all React Native Firebase namespaced API) and will be removed in the next major release as part of move to match Firebase Web modular SDK API. Please see migration guide for more details: https://rnfirebase.io/migrating-to-v22. Method called was `FieldValue`. Please use `FieldValue` instead.
06-22 21:13:53.315  6506 14978 W ReactNativeJS: This method is deprecated (as well as all React Native Firebase namespaced API) and will be removed in the next major release as part of move to match Firebase Web modular SDK API. Please see migration guide for more details: https://rnfirebase.io/migrating-to-v22. Method called was `delete`. Please use `deleteField()` instead.
06-22 21:13:53.315  6506 14978 W ReactNativeJS: This method is deprecated (as well as all React Native Firebase namespaced API) and will be removed in the next major release as part of move to match Firebase Web modular SDK API. Please see migration guide for more details: https://rnfirebase.io/migrating-to-v22. Method called was `FieldValue`. Please use `FieldValue` instead.
06-22 21:13:53.315  6506 14978 W ReactNativeJS: This method is deprecated (as well as all React Native Firebase namespaced API) and will be removed in the next major release as part of move to match Firebase Web modular SDK API. Please see migration guide for more details: https://rnfirebase.io/migrating-to-v22. Method called was `serverTimestamp`. Please use `serverTimestamp()` instead.
06-22 21:14:40.816  1909  1972 I ActivityManager: Changes in 10296 19 to 11, 0 to 128
06-22 21:14:40.826  1909  2803 I ActivityManager: Changes in 10296 11 to 19, 128 to 0
06-22 21:14:41.874  1909  1972 I ActivityManager: Changes in 10296 19 to 11, 0 to 128
06-22 21:14:41.890  1909  2776 I ActivityManager: Changes in 10296 11 to 19, 128 to 0
06-22 21:19:23.592  1909  1972 I ActivityManager: Changes in 10296 19 to 11, 0 to 128
06-22 21:19:23.599  1909  4211 I ActivityManager: Changes in 10296 11 to 19, 128 to 0
06-22 21:19:24.759  1909  1972 I ActivityManager: Changes in 10296 19 to 11, 0 to 128
06-22 21:19:24.768  1909  4211 I ActivityManager: Changes in 10296 11 to 19, 128 to 0
06-22 21:21:32.863  1909  1972 I ActivityManager: Changes in 10296 19 to 11, 0 to 128
06-22 21:21:32.869  1909  2776 I ActivityManager: Changes in 10296 11 to 19, 128 to 0
06-22 21:21:34.039  1909  1972 I ActivityManager: Changes in 10296 19 to 11, 0 to 128
06-22 21:21:34.043  1909  4211 I ActivityManager: Changes in 10296 11 to 19, 128 to 0
06-22 21:22:51.230  6506 14978 W ReactNativeJS: This method is deprecated (as well as all React Native Firebase namespaced API) and will be removed in the next major release as part of move to match Firebase Web modular SDK API. Please see migration guide for more details: https://rnfirebase.io/migrating-to-v22. Method called was `FieldValue`. Please use `FieldValue` instead.
06-22 21:22:51.232  6506 14978 W ReactNativeJS: This method is deprecated (as well as all React Native Firebase namespaced API) and will be removed in the next major release as part of move to match Firebase Web modular SDK API. Please see migration guide for more details: https://rnfirebase.io/migrating-to-v22. Method called was `delete`. Please use `deleteField()` instead.
06-22 21:22:51.233  6506 14978 W ReactNativeJS: This method is deprecated (as well as all React Native Firebase namespaced API) and will be removed in the next major release as part of move to match Firebase Web modular SDK API. Please see migration guide for more details: https://rnfirebase.io/migrating-to-v22. Method called was `FieldValue`. Please use `FieldValue` instead.
06-22 21:22:51.233  6506 14978 W ReactNativeJS: This method is deprecated (as well as all React Native Firebase namespaced API) and will be removed in the next major release as part of move to match Firebase Web modular SDK API. Please see migration guide for more details: https://rnfirebase.io/migrating-to-v22. Method called was `serverTimestamp`. Please use `serverTimestamp()` instead.
06-22 21:24:34.035  1909  1972 I ActivityManager: Changes in 10096 19 to 11, 0 to 128
06-22 21:24:34.041  1909  4211 I ActivityManager: Changes in 10096 11 to 19, 128 to 0
06-22 21:24:34.044  1909  1972 I ActivityManager: Changes in 10108 10 to 10, 0 to 128
06-22 21:24:34.047  1909  4211 I ActivityManager: Changes in 10108 10 to 10, 128 to 0
06-22 21:24:34.197  1909  2803 I ActivityManager: Changes in 99196 19 to 8, 0 to 128
06-22 21:24:34.242  1909  2803 I ActivityManager: Changes in 99196 8 to 10, 128 to 0
06-22 21:24:34.277  1909  2803 I ActivityManager: Changes in 99196 19 to 8, 0 to 128
06-22 21:24:34.323  1909  2803 I ActivityManager: Changes in 99196 8 to 10, 128 to 0
06-22 21:24:34.347  1909  2776 I ActivityManager: Changes in 99196 19 to 5, 0 to 184
06-22 21:24:34.347  1909  2776 I ActivityManager: Changes in 10297 6 to 5, 128 to 184
06-22 21:24:49.404  1909  2776 I ActivityManager: Changes in 99196 5 to 10, 184 to 0
06-22 21:24:49.405  1909  2776 I ActivityManager: Changes in 10297 5 to 6, 184 to 128
06-22 21:29:13.286  1909  9411 I ActivityManager: Changes in 10107 19 to 5, 0 to 144
06-22 21:29:19.351  1909  1971 I ActivityManager: Changes in 10107 5 to 15, 144 to 0
06-22 21:29:35.017  1909  1972 I ActivityManager: Changes in 10096 19 to 11, 0 to 128
06-22 21:29:35.036  1909  3606 I ActivityManager: Changes in 99196 19 to 5, 0 to 184
06-22 21:29:35.037  1909  3606 I ActivityManager: Changes in 10297 6 to 5, 128 to 184
06-22 21:29:45.031  1909  2065 I ActivityManager: Changes in 10096 19 to 19, 128 to 0
06-22 21:29:50.081  1909  2776 I ActivityManager: Changes in 99196 5 to 10, 184 to 0
06-22 21:29:50.082  1909  2776 I ActivityManager: Changes in 10297 5 to 6, 184 to 128
06-22 21:31:00.841  1909  1973 I ActivityManager: Start proc 15751:com.ss.android.ugc.trill/u0a388 for broadcast {com.ss.android.ugc.trill/com.google.firebase.iid.FirebaseInstanceIdReceiver}
06-22 21:31:00.842  1909  1973 I ActivityManager: ProcessObserver broadcast disabled
06-22 21:31:01.434  1909  3606 I ActivityManager: Changes in 10388 19 to 11, 0 to 128
06-22 21:31:01.459  1909  2776 I ActivityManager: Killing 14179:com.samsung.android.game.gos/u0a76 (adj 905): empty #25
06-22 21:31:01.555  1909  2776 I ActivityManager: Changes in 99196 19 to 10, 0 to 128
06-22 21:31:01.581  1909  2776 I ActivityManager: Changes in 99196 10 to 10, 128 to 0
06-22 21:31:01.664  1909  1972 I ActivityManager: Changes in 10055 19 to 11, 0 to 128
06-22 21:31:01.676  1909  2803 I ActivityManager: Changes in 10055 11 to 5, 128 to 144
06-22 21:31:07.711  1909  1971 I ActivityManager: Changes in 10055 5 to 15, 144 to 0
06-22 21:31:08.384  1909  2803 I ActivityManager: Changes in 99196 19 to 19, 0 to 128
06-22 21:31:08.398  1909  1973 I ActivityManager: Start proc 16057:com.samsung.drmboost/u0a339 for service {com.samsung.drmboost/com.samsung.drmboost.DrmEventService}
06-22 21:31:08.398  1909  1973 I ActivityManager: ProcessObserver broadcast disabled
06-22 21:31:18.151  1909  2776 I ActivityManager: Changes in 99196 19 to 10, 128 to 0
06-22 21:31:21.438  1909  2065 I ActivityManager: Changes in 10388 19 to 19, 128 to 0
06-22 21:31:27.715  1909  1972 I ActivityManager: Killing 14258:com.samsung.android.app.reminder/u0a224 (adj 905): empty #25
06-22 21:31:33.971  1909  1973 I ActivityManager: Start proc 16177:com.google.android.rkpdapp/u0a348 for service {com.google.android.rkpdapp/com.android.rkpdapp.service.RemoteProvisioningService}
06-22 21:31:33.972  1909  1973 I ActivityManager: ProcessObserver broadcast disabled
06-22 21:31:34.064  1909  3606 I ActivityManager: Changes in 10348 19 to 6, 0 to 128
06-22 21:31:34.076  1909  2776 I ActivityManager: Changes in 10348 6 to 10, 128 to 0
06-22 21:31:34.080  1909  2776 I ActivityManager: Killing 14259:com.sec.android.gallery3d/u0a124 (adj 905): empty #25
06-22 21:33:44.963  1909  1972 I ActivityManager: Changes in 10096 19 to 11, 0 to 128
06-22 21:33:44.967  1909  2867 I ActivityManager: Changes in 10096 11 to 19, 128 to 0
06-22 21:34:45.476  6506 14978 W ReactNativeJS: This method is deprecated (as well as all React Native Firebase namespaced API) and will be removed in the next major release as part of move to match Firebase Web modular SDK API. Please see migration guide for more details: https://rnfirebase.io/migrating-to-v22. Method called was `FieldValue`. Please use `FieldValue` instead.
06-22 21:34:45.476  6506 14978 W ReactNativeJS: This method is deprecated (as well as all React Native Firebase namespaced API) and will be removed in the next major release as part of move to match Firebase Web modular SDK API. Please see migration guide for more details: https://rnfirebase.io/migrating-to-v22. Method called was `delete`. Please use `deleteField()` instead.
06-22 21:34:45.476  6506 14978 W ReactNativeJS: This method is deprecated (as well as all React Native Firebase namespaced API) and will be removed in the next major release as part of move to match Firebase Web modular SDK API. Please see migration guide for more details: https://rnfirebase.io/migrating-to-v22. Method called was `FieldValue`. Please use `FieldValue` instead.
06-22 21:34:45.477  6506 14978 W ReactNativeJS: This method is deprecated (as well as all React Native Firebase namespaced API) and will be removed in the next major release as part of move to match Firebase Web modular SDK API. Please see migration guide for more details: https://rnfirebase.io/migrating-to-v22. Method called was `serverTimestamp`. Please use `serverTimestamp()` instead.
06-22 21:34:45.826  1909  2410 I ActivityManager: Killing 15751:com.ss.android.ugc.trill/u0a388 (adj 905): Chimera #0
06-22 21:35:13.318  6506 14978 W ReactNativeJS: 'This method is deprecated (as well as all React Native Firebase namespaced API) and will be removed in the next major release as part of move to match Firebase Web modular SDK API. Please see migration guide for more details: https://rnfirebase.io/migrating-to-v22 Please use `getApp()` instead.', { [Component Stack] name: 'Component Stack' }
06-22 21:35:13.333  6506 14978 W ReactNativeJS: 'This method is deprecated (as well as all React Native Firebase namespaced API) and will be removed in the next major release as part of move to match Firebase Web modular SDK API. Please see migration guide for more details: https://rnfirebase.io/migrating-to-v22 Please use `getApp()` instead.', { [Component Stack] name: 'Component Stack' }
06-22 21:35:13.353  6506 14978 W ReactNativeJS: 'This method is deprecated (as well as all React Native Firebase namespaced API) and will be removed in the next major release as part of move to match Firebase Web modular SDK API. Please see migration guide for more details: https://rnfirebase.io/migrating-to-v22. Method called was `logEvent`. Please use `logEvent()` instead.', { [Component Stack] name: 'Component Stack' }
06-22 21:35:13.390  1909  3174 I ActivityManager: Changes in 99196 19 to 3, 0 to 184
06-22 21:35:13.391  1909  3174 I ActivityManager: Changes in 10297 6 to 3, 128 to 184
06-22 21:35:14.498  6506 14978 W ReactNativeJS: This method is deprecated (as well as all React Native Firebase namespaced API) and will be removed in the next major release as part of move to match Firebase Web modular SDK API. Please see migration guide for more details: https://rnfirebase.io/migrating-to-v22. Method called was `FieldValue`. Please use `FieldValue` instead.
06-22 21:35:14.499  6506 14978 W ReactNativeJS: This method is deprecated (as well as all React Native Firebase namespaced API) and will be removed in the next major release as part of move to match Firebase Web modular SDK API. Please see migration guide for more details: https://rnfirebase.io/migrating-to-v22. Method called was `delete`. Please use `deleteField()` instead.
06-22 21:35:14.499  6506 14978 W ReactNativeJS: This method is deprecated (as well as all React Native Firebase namespaced API) and will be removed in the next major release as part of move to match Firebase Web modular SDK API. Please see migration guide for more details: https://rnfirebase.io/migrating-to-v22. Method called was `FieldValue`. Please use `FieldValue` instead.
06-22 21:35:14.499  6506 14978 W ReactNativeJS: This method is deprecated (as well as all React Native Firebase namespaced API) and will be removed in the next major release as part of move to match Firebase Web modular SDK API. Please see migration guide for more details: https://rnfirebase.io/migrating-to-v22. Method called was `serverTimestamp`. Please use `serverTimestamp()` instead.
06-22 21:35:23.513  1909  2537 I ActivityManager: Changes in 99196 3 to 10, 184 to 0
06-22 21:35:23.513  1909  2537 I ActivityManager: Changes in 10297 3 to 6, 184 to 128
06-22 21:35:27.953  6506 14978 W ReactNativeJS: 'This method is deprecated (as well as all React Native Firebase namespaced API) and will be removed in the next major release as part of move to match Firebase Web modular SDK API. Please see migration guide for more details: https://rnfirebase.io/migrating-to-v22 Please use `getApp()` instead.', { [Component Stack] name: 'Component Stack' }
06-22 21:35:27.975  6506 14978 W ReactNativeJS: 'This method is deprecated (as well as all React Native Firebase namespaced API) and will be removed in the next major release as part of move to match Firebase Web modular SDK API. Please see migration guide for more details: https://rnfirebase.io/migrating-to-v22 Please use `getApp()` instead.', { [Component Stack] name: 'Component Stack' }
06-22 21:35:27.994  6506 14978 W ReactNativeJS: 'This method is deprecated (as well as all React Native Firebase namespaced API) and will be removed in the next major release as part of move to match Firebase Web modular SDK API. Please see migration guide for more details: https://rnfirebase.io/migrating-to-v22. Method called was `settings`. Please use `settings()` instead.', { [Component Stack] name: 'Component Stack' }
06-22 21:35:28.009  6506 14978 W ReactNativeJS: 'This method is deprecated (as well as all React Native Firebase namespaced API) and will be removed in the next major release as part of move to match Firebase Web modular SDK API. Please see migration guide for more details: https://rnfirebase.io/migrating-to-v22 Please use `getApp()` instead.', { [Component Stack] name: 'Component Stack' }
06-22 21:35:28.027  6506 14978 W ReactNativeJS: 'This method is deprecated (as well as all React Native Firebase namespaced API) and will be removed in the next major release as part of move to match Firebase Web modular SDK API. Please see migration guide for more details: https://rnfirebase.io/migrating-to-v22. Method called was `logEvent`. Please use `logEvent()` instead.', { [Component Stack] name: 'Component Stack' }
06-22 21:35:28.051  1909  3698 I ActivityManager: Changes in 99196 19 to 3, 0 to 184
06-22 21:35:28.051  1909  3698 I ActivityManager: Changes in 10297 6 to 3, 128 to 184
06-22 21:35:38.110  1909  3050 I ActivityManager: Changes in 99196 3 to 10, 184 to 0
06-22 21:35:38.111  1909  3050 I ActivityManager: Changes in 10297 3 to 6, 184 to 128
06-22 21:36:23.546  6506 16606 W ReactNativeJS: 'This method is deprecated (as well as all React Native Firebase namespaced API) and will be removed in the next major release as part of move to match Firebase Web modular SDK API. Please see migration guide for more details: https://rnfirebase.io/migrating-to-v22 Please use `getApp()` instead.', { [Component Stack] name: 'Component Stack' }
06-22 21:36:23.568  6506 16606 W ReactNativeJS: 'This method is deprecated (as well as all React Native Firebase namespaced API) and will be removed in the next major release as part of move to match Firebase Web modular SDK API. Please see migration guide for more details: https://rnfirebase.io/migrating-to-v22 Please use `getApp()` instead.', { [Component Stack] name: 'Component Stack' }
06-22 21:36:23.587  6506 16606 W ReactNativeJS: 'This method is deprecated (as well as all React Native Firebase namespaced API) and will be removed in the next major release as part of move to match Firebase Web modular SDK API. Please see migration guide for more details: https://rnfirebase.io/migrating-to-v22. Method called was `settings`. Please use `settings()` instead.', { [Component Stack] name: 'Component Stack' }
06-22 21:36:23.608  6506 16606 W ReactNativeJS: 'This method is deprecated (as well as all React Native Firebase namespaced API) and will be removed in the next major release as part of move to match Firebase Web modular SDK API. Please see migration guide for more details: https://rnfirebase.io/migrating-to-v22 Please use `getApp()` instead.', { [Component Stack] name: 'Component Stack' }
06-22 21:36:23.623  6506 16606 W ReactNativeJS: 'This method is deprecated (as well as all React Native Firebase namespaced API) and will be removed in the next major release as part of move to match Firebase Web modular SDK API. Please see migration guide for more details: https://rnfirebase.io/migrating-to-v22. Method called was `logEvent`. Please use `logEvent()` instead.', { [Component Stack] name: 'Component Stack' }
06-22 21:36:23.654  1909  3698 I ActivityManager: Changes in 99196 19 to 3, 0 to 184
06-22 21:36:23.654  1909  3698 I ActivityManager: Changes in 10297 6 to 3, 128 to 184
06-22 21:36:25.458  6506 16606 W ReactNativeJS: This method is deprecated (as well as all React Native Firebase namespaced API) and will be removed in the next major release as part of move to match Firebase Web modular SDK API. Please see migration guide for more details: https://rnfirebase.io/migrating-to-v22. Method called was `FieldValue`. Please use `FieldValue` instead.
06-22 21:36:25.459  6506 16606 W ReactNativeJS: This method is deprecated (as well as all React Native Firebase namespaced API) and will be removed in the next major release as part of move to match Firebase Web modular SDK API. Please see migration guide for more details: https://rnfirebase.io/migrating-to-v22. Method called was `delete`. Please use `deleteField()` instead.
06-22 21:36:25.460  6506 16606 W ReactNativeJS: This method is deprecated (as well as all React Native Firebase namespaced API) and will be removed in the next major release as part of move to match Firebase Web modular SDK API. Please see migration guide for more details: https://rnfirebase.io/migrating-to-v22. Method called was `FieldValue`. Please use `FieldValue` instead.
06-22 21:36:25.460  6506 16606 W ReactNativeJS: This method is deprecated (as well as all React Native Firebase namespaced API) and will be removed in the next major release as part of move to match Firebase Web modular SDK API. Please see migration guide for more details: https://rnfirebase.io/migrating-to-v22. Method called was `serverTimestamp`. Please use `serverTimestamp()` instead.
06-22 21:36:27.363  6506 16606 W ReactNativeJS: This method is deprecated (as well as all React Native Firebase namespaced API) and will be removed in the next major release as part of move to match Firebase Web modular SDK API. Please see migration guide for more details: https://rnfirebase.io/migrating-to-v22. Method called was `FieldValue`. Please use `FieldValue` instead.
06-22 21:36:27.363  6506 16606 W ReactNativeJS: This method is deprecated (as well as all React Native Firebase namespaced API) and will be removed in the next major release as part of move to match Firebase Web modular SDK API. Please see migration guide for more details: https://rnfirebase.io/migrating-to-v22. Method called was `delete`. Please use `deleteField()` instead.
06-22 21:36:27.364  6506 16606 W ReactNativeJS: This method is deprecated (as well as all React Native Firebase namespaced API) and will be removed in the next major release as part of move to match Firebase Web modular SDK API. Please see migration guide for more details: https://rnfirebase.io/migrating-to-v22. Method called was `FieldValue`. Please use `FieldValue` instead.
06-22 21:36:27.364  6506 16606 W ReactNativeJS: This method is deprecated (as well as all React Native Firebase namespaced API) and will be removed in the next major release as part of move to match Firebase Web modular SDK API. Please see migration guide for more details: https://rnfirebase.io/migrating-to-v22. Method called was `serverTimestamp`. Please use `serverTimestamp()` instead.
06-22 21:36:33.714  1909  3174 I ActivityManager: Changes in 99196 3 to 10, 184 to 0
06-22 21:36:33.714  1909  3174 I ActivityManager: Changes in 10297 3 to 6, 184 to 128
06-22 21:37:22.711  1909  1973 I ActivityManager: Start proc 16657:com.android.providers.calendar/u0a115 for content provider {com.android.providers.calendar/com.android.providers.calendar.CalendarProvider2}
06-22 21:37:22.711  1909  1973 I ActivityManager: ProcessObserver broadcast disabled
06-22 21:37:22.723  1909  1973 I ActivityManager: Start proc 16659:com.samsung.android.app.reminder/u0a224 for content provider {com.samsung.android.app.reminder/com.samsung.android.app.reminder.data.provider.ReminderProvider}
06-22 21:37:22.723  1909  1973 I ActivityManager: ProcessObserver broadcast disabled
06-22 21:37:22.743  1909  1973 I ActivityManager: Start proc 16669:com.sec.android.gallery3d/u0a124 for content provider {com.sec.android.gallery3d/com.samsung.android.gallery.app.provider.LocalProvider2}
06-22 21:37:22.743  1909  1973 I ActivityManager: ProcessObserver broadcast disabled
06-22 21:37:22.748  1909  4206 W ActivityManager: pid 8104 com.samsung.android.scs sent binder code 1 with flags 2 to frozen apps and got error -2147483646
06-22 21:37:22.754  1909  1972 I ActivityManager: Killing 14283:com.samsung.cmh/5004 (adj 905): Sync transaction while frozen
06-22 21:37:22.757  1909  2057 I ActivityManager: Process com.samsung.cmh (pid 14283) early provider death
06-22 21:37:22.761  1909  4206 W ActivityManager: ProcessRecord{2c22837 0:com.samsung.cmh/5004} is attached to a previous process 14283
06-22 21:37:22.825  1909  1973 W ActivityManager: Slow operation: 60ms so far, now at startProcess: returned from zygote!
06-22 21:37:22.825  1909  1973 W ActivityManager: Slow operation: 60ms so far, now at startProcess: done updating battery stats
06-22 21:37:22.826  1909  1973 W ActivityManager: Slow operation: 61ms so far, now at startProcess: building log message
06-22 21:37:22.826  1909  1973 I ActivityManager: Start proc 16698:com.samsung.cmh/5004 for content provider {com.samsung.cmh/com.samsung.cmh.provider.CMHProvider}
06-22 21:37:22.826  1909  1973 W ActivityManager: Slow operation: 61ms so far, now at startProcess: starting to update pids map
06-22 21:37:22.826  1909  1973 I ActivityManager: ProcessObserver broadcast disabled
06-22 21:37:22.826  1909  1973 W ActivityManager: Slow operation: 61ms so far, now at startProcess: done updating pids map
06-22 21:37:22.903  1909  3174 I ActivityManager: Killing 14559:com.samsung.aasaservice/1000 (adj 905): empty #25
06-22 21:37:22.940  1909  2057 I ActivityManager: Killing 14611:com.samsung.android.privateaccesstokens/u0a198 (adj 905): empty #25
06-22 21:37:22.986  1909  3174 W ActivityManager: pid 1909 system sent binder code 12 with flags 1 to frozen apps and got error -32
06-22 21:37:22.987  1909  3174 W ActivityManager: Exception when unbinding service com.samsung.android.privateaccesstokens/.components.services.PATService
06-22 21:37:22.987  1909  3174 W ActivityManager: android.os.DeadObjectException
06-22 21:37:22.987  1909  3174 W ActivityManager: 	at android.os.BinderProxy.transactNative(Native Method)
06-22 21:37:22.987  1909  3174 W ActivityManager: 	at android.os.BinderProxy.transact(BinderProxy.java:661)
06-22 21:37:22.987  1909  3174 W ActivityManager: 	at android.app.IApplicationThread$Stub$Proxy.scheduleUnbindService(IApplicationThread.java:2033)
06-22 21:37:22.987  1909  3174 W ActivityManager: 	at android.app.IApplicationThread$Delegator.scheduleUnbindService(IApplicationThread.java:323)
06-22 21:37:22.987  1909  3174 W ActivityManager: 	at com.android.server.am.ActiveServices.removeConnectionLocked(qb/108940926 802103cef46cde14cb0d3b748d2076734c471a17d4b8e991ffa01c0e15de42a9:817)
06-22 21:37:22.987  1909  3174 W ActivityManager: 	at com.android.server.am.ActiveServices.killServicesLocked(qb/108940926 802103cef46cde14cb0d3b748d2076734c471a17d4b8e991ffa01c0e15de42a9:23)
06-22 21:37:22.987  1909  3174 W ActivityManager: 	at com.android.server.am.ActivityManagerService.cleanUpApplicationRecordLocked(qb/108940926 802103cef46cde14cb0d3b748d2076734c471a17d4b8e991ffa01c0e15de42a9:161)
06-22 21:37:22.987  1909  3174 W ActivityManager: 	at com.android.server.am.ActivityManagerService.handleAppDiedLocked(qb/108940926 802103cef46cde14cb0d3b748d2076734c471a17d4b8e991ffa01c0e15de42a9:193)
06-22 21:37:22.987  1909  3174 W ActivityManager: 	at com.android.server.am.ActivityManagerService.appDiedLocked(qb/108940926 802103cef46cde14cb0d3b748d2076734c471a17d4b8e991ffa01c0e15de42a9:570)
06-22 21:37:22.987  1909  3174 W ActivityManager: 	at com.android.server.am.ActivityManagerService$AppDeathRecipient.binderDied(qb/108940926 802103cef46cde14cb0d3b748d2076734c471a17d4b8e991ffa01c0e15de42a9:17)
06-22 21:37:22.987  1909  3174 W ActivityManager: 	at android.os.IBinder$DeathRecipient.binderDied(IBinder.java:346)
06-22 21:37:22.987  1909  3174 W ActivityManager: 	at android.os.BinderProxy.sendDeathNotice(BinderProxy.java:848)
06-22 21:37:23.097  1909  2057 W ActivityManager: pid 16698 com.samsung.cmh sent binder code 21 with flags 2 to frozen apps and got error -2147483646
06-22 21:42:04.053  1909  1972 I ActivityManager: Changes in 10096 19 to 11, 0 to 128
06-22 21:42:04.061  1909  3606 I ActivityManager: Changes in 10096 11 to 19, 128 to 0
06-22 21:44:36.949  6506 16606 W ReactNativeJS: This method is deprecated (as well as all React Native Firebase namespaced API) and will be removed in the next major release as part of move to match Firebase Web modular SDK API. Please see migration guide for more details: https://rnfirebase.io/migrating-to-v22. Method called was `FieldValue`. Please use `FieldValue` instead.
06-22 21:44:36.950  6506 16606 W ReactNativeJS: This method is deprecated (as well as all React Native Firebase namespaced API) and will be removed in the next major release as part of move to match Firebase Web modular SDK API. Please see migration guide for more details: https://rnfirebase.io/migrating-to-v22. Method called was `delete`. Please use `deleteField()` instead.
06-22 21:44:36.950  6506 16606 W ReactNativeJS: This method is deprecated (as well as all React Native Firebase namespaced API) and will be removed in the next major release as part of move to match Firebase Web modular SDK API. Please see migration guide for more details: https://rnfirebase.io/migrating-to-v22. Method called was `FieldValue`. Please use `FieldValue` instead.
06-22 21:44:36.951  6506 16606 W ReactNativeJS: This method is deprecated (as well as all React Native Firebase namespaced API) and will be removed in the next major release as part of move to match Firebase Web modular SDK API. Please see migration guide for more details: https://rnfirebase.io/migrating-to-v22. Method called was `serverTimestamp`. Please use `serverTimestamp()` instead.
06-22 21:47:04.023  6506 16606 W ReactNativeJS: This method is deprecated (as well as all React Native Firebase namespaced API) and will be removed in the next major release as part of move to match Firebase Web modular SDK API. Please see migration guide for more details: https://rnfirebase.io/migrating-to-v22. Method called was `FieldValue`. Please use `FieldValue` instead.
06-22 21:47:04.025  6506 16606 W ReactNativeJS: This method is deprecated (as well as all React Native Firebase namespaced API) and will be removed in the next major release as part of move to match Firebase Web modular SDK API. Please see migration guide for more details: https://rnfirebase.io/migrating-to-v22. Method called was `delete`. Please use `deleteField()` instead.
06-22 21:47:04.027  6506 16606 W ReactNativeJS: This method is deprecated (as well as all React Native Firebase namespaced API) and will be removed in the next major release as part of move to match Firebase Web modular SDK API. Please see migration guide for more details: https://rnfirebase.io/migrating-to-v22. Method called was `FieldValue`. Please use `FieldValue` instead.
06-22 21:47:04.028  6506 16606 W ReactNativeJS: This method is deprecated (as well as all React Native Firebase namespaced API) and will be removed in the next major release as part of move to match Firebase Web modular SDK API. Please see migration guide for more details: https://rnfirebase.io/migrating-to-v22. Method called was `serverTimestamp`. Please use `serverTimestamp()` instead.
06-22 21:48:53.371  1909  1972 I ActivityManager: Changes in 10096 19 to 11, 0 to 128
06-22 21:48:53.374  1909  3606 I ActivityManager: Changes in 10096 11 to 19, 128 to 0
06-22 21:48:53.437  1909  1973 I ActivityManager: Start proc 17199:com.sec.android.app.shealth:remote/u0a328 for service {com.sec.android.app.shealth/com.samsung.android.service.health.data.phd.PrivilegedHealthService}
06-22 21:48:53.438  1909  1973 I ActivityManager: ProcessObserver broadcast disabled
06-22 21:48:54.156  1909  1973 I ActivityManager: Start proc 17225:com.osp.app.signin/u0a117 for content provider {com.osp.app.signin/com.samsung.android.samsungaccount.utils.accounts.AccountManagerProvider}
06-22 21:48:54.156  1909  1973 I ActivityManager: ProcessObserver broadcast disabled
06-22 21:48:54.198  1909  3606 I ActivityManager: Killing 14572:com.google.android.as.oss/u0a248 (adj 905): empty #25
06-22 21:48:54.777  1909  4226 I ActivityManager: Killing 14414:com.samsung.android.mobileservice/u0a119 (adj 905): empty #25
06-22 21:49:35.024  1909  1972 I ActivityManager: Changes in 10096 19 to 11, 0 to 128
06-22 21:49:35.042  1909  2057 I ActivityManager: Changes in 99196 19 to 5, 0 to 184
06-22 21:49:35.043  1909  2057 I ActivityManager: Changes in 10297 6 to 5, 128 to 184
06-22 21:49:45.042  1909  2065 I ActivityManager: Changes in 10096 19 to 19, 128 to 0
06-22 21:49:50.109  1909  2057 I ActivityManager: Changes in 99196 5 to 10, 184 to 0
06-22 21:49:50.109  1909  2057 I ActivityManager: Changes in 10297 5 to 6, 184 to 128
06-22 21:50:50.873  6506 16606 W ReactNativeJS: This method is deprecated (as well as all React Native Firebase namespaced API) and will be removed in the next major release as part of move to match Firebase Web modular SDK API. Please see migration guide for more details: https://rnfirebase.io/migrating-to-v22. Method called was `FieldValue`. Please use `FieldValue` instead.
06-22 21:50:50.875  6506 16606 W ReactNativeJS: This method is deprecated (as well as all React Native Firebase namespaced API) and will be removed in the next major release as part of move to match Firebase Web modular SDK API. Please see migration guide for more details: https://rnfirebase.io/migrating-to-v22. Method called was `delete`. Please use `deleteField()` instead.
06-22 21:50:50.877  6506 16606 W ReactNativeJS: This method is deprecated (as well as all React Native Firebase namespaced API) and will be removed in the next major release as part of move to match Firebase Web modular SDK API. Please see migration guide for more details: https://rnfirebase.io/migrating-to-v22. Method called was `FieldValue`. Please use `FieldValue` instead.
06-22 21:50:50.878  6506 16606 W ReactNativeJS: This method is deprecated (as well as all React Native Firebase namespaced API) and will be removed in the next major release as part of move to match Firebase Web modular SDK API. Please see migration guide for more details: https://rnfirebase.io/migrating-to-v22. Method called was `serverTimestamp`. Please use `serverTimestamp()` instead.
06-22 21:52:38.237  1909  2057 I ActivityManager: Changes in 99196 19 to 5, 0 to 184
06-22 21:52:38.239  1909  2057 I ActivityManager: Changes in 10297 6 to 5, 128 to 184
06-22 21:52:53.259  1909  1935 I ActivityManager: Changes in 99196 5 to 10, 184 to 0
06-22 21:52:53.260  1909  1935 I ActivityManager: Changes in 10297 5 to 6, 184 to 128
06-22 21:53:10.088  6506 16606 W ReactNativeJS: This method is deprecated (as well as all React Native Firebase namespaced API) and will be removed in the next major release as part of move to match Firebase Web modular SDK API. Please see migration guide for more details: https://rnfirebase.io/migrating-to-v22. Method called was `FieldValue`. Please use `FieldValue` instead.
06-22 21:53:10.089  6506 16606 W ReactNativeJS: This method is deprecated (as well as all React Native Firebase namespaced API) and will be removed in the next major release as part of move to match Firebase Web modular SDK API. Please see migration guide for more details: https://rnfirebase.io/migrating-to-v22. Method called was `delete`. Please use `deleteField()` instead.
06-22 21:53:10.089  6506 16606 W ReactNativeJS: This method is deprecated (as well as all React Native Firebase namespaced API) and will be removed in the next major release as part of move to match Firebase Web modular SDK API. Please see migration guide for more details: https://rnfirebase.io/migrating-to-v22. Method called was `FieldValue`. Please use `FieldValue` instead.
06-22 21:53:10.090  6506 16606 W ReactNativeJS: This method is deprecated (as well as all React Native Firebase namespaced API) and will be removed in the next major release as part of move to match Firebase Web modular SDK API. Please see migration guide for more details: https://rnfirebase.io/migrating-to-v22. Method called was `serverTimestamp`. Please use `serverTimestamp()` instead.
06-22 21:55:17.050  6506 16606 W ReactNativeJS: This method is deprecated (as well as all React Native Firebase namespaced API) and will be removed in the next major release as part of move to match Firebase Web modular SDK API. Please see migration guide for more details: https://rnfirebase.io/migrating-to-v22. Method called was `FieldValue`. Please use `FieldValue` instead.
06-22 21:55:17.050  6506 16606 W ReactNativeJS: This method is deprecated (as well as all React Native Firebase namespaced API) and will be removed in the next major release as part of move to match Firebase Web modular SDK API. Please see migration guide for more details: https://rnfirebase.io/migrating-to-v22. Method called was `delete`. Please use `deleteField()` instead.
06-22 21:55:17.051  6506 16606 W ReactNativeJS: This method is deprecated (as well as all React Native Firebase namespaced API) and will be removed in the next major release as part of move to match Firebase Web modular SDK API. Please see migration guide for more details: https://rnfirebase.io/migrating-to-v22. Method called was `FieldValue`. Please use `FieldValue` instead.
06-22 21:55:17.051  6506 16606 W ReactNativeJS: This method is deprecated (as well as all React Native Firebase namespaced API) and will be removed in the next major release as part of move to match Firebase Web modular SDK API. Please see migration guide for more details: https://rnfirebase.io/migrating-to-v22. Method called was `serverTimestamp`. Please use `serverTimestamp()` instead.
06-22 21:57:17.812  1909  2224 W ActivityManager: pid 8104 com.samsung.android.scs sent binder code 1 with flags 2 to frozen apps and got error -2147483646
06-22 21:57:17.813  1909  1972 I ActivityManager: Killing 14366:com.samsung.faceservice/5004 (adj 905): Sync transaction while frozen
06-22 21:57:17.815  1909  2769 I ActivityManager: Process com.samsung.cmh (pid 16698) early provider death
06-22 21:57:17.816  1909  2769 I ActivityManager: Process com.samsung.cmh (pid 16698) has died: cch+5 CEM (335,1368)
06-22 21:57:17.820  1909  4206 W ActivityManager: ProcessRecord{cca8b37 0:com.samsung.cmh/5004} is attached to a previous process 16698
06-22 21:57:17.867  1909  1973 I ActivityManager: Start proc 17485:com.samsung.cmh/5004 for content provider {com.samsung.cmh/com.samsung.cmh.provider.CMHProvider}
06-22 21:57:17.867  1909  1973 I ActivityManager: ProcessObserver broadcast disabled
06-22 21:57:18.066  1909  1973 I ActivityManager: Start proc 17544:com.samsung.faceservice/5004 for content provider {com.samsung.faceservice/com.samsung.faceservice.provider.FaceServiceProvider}
06-22 21:57:18.066  1909  1973 I ActivityManager: ProcessObserver broadcast disabled
06-22 21:57:18.156  1909  4206 W ActivityManager: Receiver with filter android.content.IntentFilter@cf2d218 already registered for pid 17544, callerPackage is com.samsung.faceservice
06-22 21:57:18.159  1909  2057 W ActivityManager: Receiver with filter android.content.IntentFilter@6b452d7 already registered for pid 17544, callerPackage is com.samsung.faceservice
06-22 21:58:05.015  6506 16606 W ReactNativeJS: 'This method is deprecated (as well as all React Native Firebase namespaced API) and will be removed in the next major release as part of move to match Firebase Web modular SDK API. Please see migration guide for more details: https://rnfirebase.io/migrating-to-v22 Please use `getApp()` instead.', { [Component Stack] name: 'Component Stack' }
06-22 21:58:05.028  6506 16606 W ReactNativeJS: 'This method is deprecated (as well as all React Native Firebase namespaced API) and will be removed in the next major release as part of move to match Firebase Web modular SDK API. Please see migration guide for more details: https://rnfirebase.io/migrating-to-v22 Please use `getApp()` instead.', { [Component Stack] name: 'Component Stack' }
06-22 21:58:05.038  6506 16606 W ReactNativeJS: 'This method is deprecated (as well as all React Native Firebase namespaced API) and will be removed in the next major release as part of move to match Firebase Web modular SDK API. Please see migration guide for more details: https://rnfirebase.io/migrating-to-v22. Method called was `logEvent`. Please use `logEvent()` instead.', { [Component Stack] name: 'Component Stack' }
06-22 21:58:05.071  1909  1935 I ActivityManager: Changes in 99196 19 to 3, 0 to 184
06-22 21:58:05.071  1909  1935 I ActivityManager: Changes in 10297 6 to 3, 128 to 184
06-22 21:58:05.825  6506 16606 W ReactNativeJS: This method is deprecated (as well as all React Native Firebase namespaced API) and will be removed in the next major release as part of move to match Firebase Web modular SDK API. Please see migration guide for more details: https://rnfirebase.io/migrating-to-v22. Method called was `FieldValue`. Please use `FieldValue` instead.
06-22 21:58:05.825  6506 16606 W ReactNativeJS: This method is deprecated (as well as all React Native Firebase namespaced API) and will be removed in the next major release as part of move to match Firebase Web modular SDK API. Please see migration guide for more details: https://rnfirebase.io/migrating-to-v22. Method called was `delete`. Please use `deleteField()` instead.
06-22 21:58:05.825  6506 16606 W ReactNativeJS: This method is deprecated (as well as all React Native Firebase namespaced API) and will be removed in the next major release as part of move to match Firebase Web modular SDK API. Please see migration guide for more details: https://rnfirebase.io/migrating-to-v22. Method called was `FieldValue`. Please use `FieldValue` instead.
06-22 21:58:05.825  6506 16606 W ReactNativeJS: This method is deprecated (as well as all React Native Firebase namespaced API) and will be removed in the next major release as part of move to match Firebase Web modular SDK API. Please see migration guide for more details: https://rnfirebase.io/migrating-to-v22. Method called was `serverTimestamp`. Please use `serverTimestamp()` instead.
06-22 21:58:06.400  6506 16606 W ReactNativeJS: 'This method is deprecated (as well as all React Native Firebase namespaced API) and will be removed in the next major release as part of move to match Firebase Web modular SDK API. Please see migration guide for more details: https://rnfirebase.io/migrating-to-v22 Please use `getApp()` instead.', { [Component Stack] name: 'Component Stack' }
06-22 21:58:06.409  6506 16606 W ReactNativeJS: 'This method is deprecated (as well as all React Native Firebase namespaced API) and will be removed in the next major release as part of move to match Firebase Web modular SDK API. Please see migration guide for more details: https://rnfirebase.io/migrating-to-v22 Please use `getApp()` instead.', { [Component Stack] name: 'Component Stack' }
06-22 21:58:06.421  6506 16606 W ReactNativeJS: 'This method is deprecated (as well as all React Native Firebase namespaced API) and will be removed in the next major release as part of move to match Firebase Web modular SDK API. Please see migration guide for more details: https://rnfirebase.io/migrating-to-v22. Method called was `logEvent`. Please use `logEvent()` instead.', { [Component Stack] name: 'Component Stack' }
06-22 21:58:07.186  6506 16606 W ReactNativeJS: This method is deprecated (as well as all React Native Firebase namespaced API) and will be removed in the next major release as part of move to match Firebase Web modular SDK API. Please see migration guide for more details: https://rnfirebase.io/migrating-to-v22. Method called was `FieldValue`. Please use `FieldValue` instead.
06-22 21:58:07.186  6506 16606 W ReactNativeJS: This method is deprecated (as well as all React Native Firebase namespaced API) and will be removed in the next major release as part of move to match Firebase Web modular SDK API. Please see migration guide for more details: https://rnfirebase.io/migrating-to-v22. Method called was `delete`. Please use `deleteField()` instead.
06-22 21:58:07.186  6506 16606 W ReactNativeJS: This method is deprecated (as well as all React Native Firebase namespaced API) and will be removed in the next major release as part of move to match Firebase Web modular SDK API. Please see migration guide for more details: https://rnfirebase.io/migrating-to-v22. Method called was `FieldValue`. Please use `FieldValue` instead.
06-22 21:58:07.186  6506 16606 W ReactNativeJS: This method is deprecated (as well as all React Native Firebase namespaced API) and will be removed in the next major release as part of move to match Firebase Web modular SDK API. Please see migration guide for more details: https://rnfirebase.io/migrating-to-v22. Method called was `serverTimestamp`. Please use `serverTimestamp()` instead.
06-22 21:58:07.526  1909  2065 I ActivityManager: Changes in 10348 19 to 8, 0 to 128
06-22 21:58:07.552  1909  1973 I ActivityManager: Start proc 17594:com.microsoft.appmanager/u0a151 for service {com.microsoft.appmanager/androidx.work.impl.background.systemjob.SystemJobService}
06-22 21:58:07.553  1909  1973 I ActivityManager: ProcessObserver broadcast disabled
06-22 21:58:07.617  1909  1909 I ActivityManager: Changes in 10095 19 to 8, 0 to 128
06-22 21:58:07.647  1909  4206 I ActivityManager: Changes in 10095 8 to 10, 128 to 0
06-22 21:58:07.656  1909  4206 I ActivityManager: Changes in 5004 19 to 8, 0 to 128
06-22 21:58:07.687  1909  1973 I ActivityManager: Start proc 17643:com.samsung.android.sm.devicesecurity/u0a214 for service {com.samsung.android.sm.devicesecurity/androidx.work.impl.background.systemjob.SystemJobService}
06-22 21:58:07.688  1909  1973 I ActivityManager: ProcessObserver broadcast disabled
06-22 21:58:07.810  1909  1973 I ActivityManager: Start proc 17666:com.google.android.partnersetup/u0a243 for service {com.google.android.partnersetup/com.google.android.partnersetup.InstalledAppJobService}
06-22 21:58:07.810  1909  1973 I ActivityManager: ProcessObserver broadcast disabled
06-22 21:58:07.822  1909  3606 I ActivityManager: Changes in 5004 8 to 10, 128 to 0
06-22 21:58:07.840  1909  1973 I ActivityManager: Start proc 17668:com.google.android.apps.turbo:aab/u0a250 for service {com.google.android.apps.turbo/com.google.android.libraries.smartbattery.appusage.library.InferAppBucketsJob}
06-22 21:58:07.840  1909  1973 I ActivityManager: ProcessObserver broadcast disabled
06-22 21:58:07.898  1909  3606 I ActivityManager: Changes in 10214 19 to 8, 0 to 128
06-22 21:58:07.968  1909  3606 I ActivityManager: Changes in 10214 8 to 10, 128 to 0
06-22 21:58:07.983  1909  1935 I ActivityManager: Changes in 10243 19 to 8, 0 to 128
06-22 21:58:07.986  1909  2803 I ActivityManager: Changes in 10348 8 to 10, 128 to 0
06-22 21:58:07.987  1909  1973 I ActivityManager: Start proc 17710:com.google.android.as.oss/u0a248 for service {com.google.android.as.oss/com.google.android.gms.learning.internal.training.InAppJobService}
06-22 21:58:07.987  1909  1973 I ActivityManager: ProcessObserver broadcast disabled
06-22 21:58:08.019  1909  2803 I ActivityManager: Changes in 10250 19 to 8, 0 to 128
06-22 21:58:08.042  1909  4226 I ActivityManager: Changes in 10243 8 to 10, 128 to 0
06-22 21:58:08.044  1909  4226 I ActivityManager: Changes in 10095 19 to 8, 0 to 128
06-22 21:58:08.056  1909  2769 I ActivityManager: Changes in 10095 8 to 10, 128 to 0
06-22 21:58:08.107  1909  1972 I ActivityManager: Changes in 10115 19 to 11, 0 to 128
06-22 21:58:08.117  1909  1972 I ActivityManager: Changes in 10096 19 to 11, 0 to 128
06-22 21:58:08.124  1909  2769 I ActivityManager: Changes in 10096 11 to 19, 128 to 0
06-22 21:58:08.137  1909  2769 I ActivityManager: Changes in 10248 19 to 8, 0 to 128
06-22 21:58:08.144  1909  1972 I ActivityManager: Changes in 10108 10 to 10, 0 to 128
06-22 21:58:08.153  1909  1973 W ActivityManager: Slow operation: 51ms so far, now at startProcess: done updating battery stats
06-22 21:58:08.153  1909  1973 W ActivityManager: Slow operation: 51ms so far, now at startProcess: building log message
06-22 21:58:08.153  1909  1973 I ActivityManager: Start proc 17741:com.samsung.android.game.gos/u0a76 for service {com.samsung.android.game.gos/com.samsung.android.game.gos.service.MainIntentService}
06-22 21:58:08.153  1909  1973 W ActivityManager: Slow operation: 51ms so far, now at startProcess: starting to update pids map
06-22 21:58:08.153  1909  1973 I ActivityManager: ProcessObserver broadcast disabled
06-22 21:58:08.153  1909  1973 W ActivityManager: Slow operation: 51ms so far, now at startProcess: done updating pids map
06-22 21:58:08.185  1909  2803 I ActivityManager: Changes in 10108 10 to 10, 128 to 0
06-22 21:58:08.199  1909  4338 I ActivityManager: Changes in 10243 19 to 8, 0 to 128
06-22 21:58:08.213  1909  2803 I ActivityManager: Changes in 10115 11 to 19, 128 to 0
06-22 21:58:08.215  1909  3606 I ActivityManager: Changes in 10248 8 to 10, 128 to 0
06-22 21:58:08.221  1909  3606 I ActivityManager: Changes in 10248 10 to 8, 0 to 128
06-22 21:58:08.251  1909  4206 I ActivityManager: Changes in 10248 8 to 10, 128 to 0
06-22 21:58:08.265  1909  4206 I ActivityManager: Changes in 10248 10 to 8, 0 to 128
06-22 21:58:08.278  1909  3606 I ActivityManager: Changes in 10243 8 to 10, 128 to 0
06-22 21:58:08.303  1909  3606 I ActivityManager: Changes in 10117 19 to 8, 0 to 128
06-22 21:58:08.308  1909  3606 I ActivityManager: Changes in 10248 8 to 10, 128 to 0
06-22 21:58:08.332  1909  1973 I ActivityManager: Start proc 17806:com.samsung.sait.sohservice/1000 for service {com.samsung.sait.sohservice/androidx.work.impl.background.systemjob.SystemJobService}
06-22 21:58:08.332  1909  1973 I ActivityManager: ProcessObserver broadcast disabled
06-22 21:58:08.399  1909  1973 I ActivityManager: Start proc 17832:com.samsung.android.mdx/u0a94 for content provider {com.samsung.android.mdx/com.samsung.android.mdx.windowslink.tileservice.StateContentProvider}
06-22 21:58:08.400  1909  1973 I ActivityManager: ProcessObserver broadcast disabled
06-22 21:58:08.646  1909  1935 I ActivityManager: Changes in 10243 19 to 8, 0 to 128
06-22 21:58:08.668  1909  1973 I ActivityManager: Start proc 17874:com.samsung.android.app.routines/u0a53 for content provider {com.samsung.android.app.routines/com.samsung.android.app.routines.domainmodel.routineinfoprovider.RoutineInfoProvider}
06-22 21:58:08.668  1909  1973 I ActivityManager: ProcessObserver broadcast disabled
06-22 21:58:08.673  1909  1935 I ActivityManager: Killing 14514:com.lguplus.appstore/u0a99 (adj 905): empty #25
06-22 21:58:08.686  6506 16606 W ReactNativeJS: This method is deprecated (as well as all React Native Firebase namespaced API) and will be removed in the next major release as part of move to match Firebase Web modular SDK API. Please see migration guide for more details: https://rnfirebase.io/migrating-to-v22. Method called was `FieldValue`. Please use `FieldValue` instead.
06-22 21:58:08.687  6506 16606 W ReactNativeJS: This method is deprecated (as well as all React Native Firebase namespaced API) and will be removed in the next major release as part of move to match Firebase Web modular SDK API. Please see migration guide for more details: https://rnfirebase.io/migrating-to-v22. Method called was `delete`. Please use `deleteField()` instead.
06-22 21:58:08.687  6506 16606 W ReactNativeJS: This method is deprecated (as well as all React Native Firebase namespaced API) and will be removed in the next major release as part of move to match Firebase Web modular SDK API. Please see migration guide for more details: https://rnfirebase.io/migrating-to-v22. Method called was `FieldValue`. Please use `FieldValue` instead.
06-22 21:58:08.688  6506 16606 W ReactNativeJS: This method is deprecated (as well as all React Native Firebase namespaced API) and will be removed in the next major release as part of move to match Firebase Web modular SDK API. Please see migration guide for more details: https://rnfirebase.io/migrating-to-v22. Method called was `serverTimestamp`. Please use `serverTimestamp()` instead.
06-22 21:58:08.689  1909  2769 I ActivityManager: Killing 14782:com.google.android.projection.gearhead:provider/u0a242 (adj 905): empty #25
06-22 21:58:08.703  1909  4206 I ActivityManager: Changes in 10243 8 to 10, 128 to 0
06-22 21:58:08.706  1909  2769 I ActivityManager: Changes in 10250 8 to 10, 128 to 0
06-22 21:58:08.708  1909  4206 I ActivityManager: Killing 14741:com.android.vending:quick_launch/u0a251 (adj 905): empty #25
06-22 21:58:08.713  1909  2803 I ActivityManager: Killing 14950:com.google.android.cellbroadcastreceiver/u0a296 (adj 905): empty #25
06-22 21:58:08.781  1909  3606 I ActivityManager: Changes in 10094 19 to 5, 0 to 184
06-22 21:58:08.801  1909  2065 I ActivityManager: Changes in 10243 19 to 8, 0 to 128
06-22 21:58:08.930  1909  2057 I ActivityManager: Changes in 10151 19 to 8, 0 to 128
06-22 21:58:09.061  1909  1935 I ActivityManager: Changes in 10243 8 to 10, 128 to 0
06-22 21:58:09.551  1909  3606 I ActivityManager: Changes in 10151 8 to 10, 128 to 0
06-22 21:58:10.294  1909  1935 I ActivityManager: Changes in 10117 8 to 10, 128 to 0
06-22 21:58:10.299  1909  1935 I ActivityManager: Killing 14992:com.samsung.android.privacydashboard/u0a107 (adj 905): empty #25
06-22 21:58:23.320  1909  2803 I ActivityManager: Changes in 99196 5 to 10, 184 to 0
06-22 21:58:23.321  1909  2803 I ActivityManager: Changes in 10297 5 to 6, 184 to 128
06-22 21:58:23.331  1909  2057 I ActivityManager: Killing 11990:com.android.vending:background/u0a251 (adj 905): empty #25
06-22 21:58:23.334  1909  2057 I ActivityManager: Killing 13291:com.sec.android.provider.badge/u0a55 (adj 905): empty #26
06-22 21:58:23.408  1909  2537 W ActivityManager: Scheduling restart of crashed service com.android.vending/com.google.android.finsky.multiusercoordinator.MultiUserCoordinatorService in 1000ms for connection
06-22 21:58:23.577  6506 16606 W ReactNativeJS: 'This method is deprecated (as well as all React Native Firebase namespaced API) and will be removed in the next major release as part of move to match Firebase Web modular SDK API. Please see migration guide for more details: https://rnfirebase.io/migrating-to-v22 Please use `getApp()` instead.', { [Component Stack] name: 'Component Stack' }
06-22 21:58:23.595  6506 16606 W ReactNativeJS: 'This method is deprecated (as well as all React Native Firebase namespaced API) and will be removed in the next major release as part of move to match Firebase Web modular SDK API. Please see migration guide for more details: https://rnfirebase.io/migrating-to-v22 Please use `getApp()` instead.', { [Component Stack] name: 'Component Stack' }
06-22 21:58:23.607  6506 16606 W ReactNativeJS: 'This method is deprecated (as well as all React Native Firebase namespaced API) and will be removed in the next major release as part of move to match Firebase Web modular SDK API. Please see migration guide for more details: https://rnfirebase.io/migrating-to-v22. Method called was `settings`. Please use `settings()` instead.', { [Component Stack] name: 'Component Stack' }
06-22 21:58:23.623  6506 16606 W ReactNativeJS: 'This method is deprecated (as well as all React Native Firebase namespaced API) and will be removed in the next major release as part of move to match Firebase Web modular SDK API. Please see migration guide for more details: https://rnfirebase.io/migrating-to-v22 Please use `getApp()` instead.', { [Component Stack] name: 'Component Stack' }
06-22 21:58:23.633  6506 16606 W ReactNativeJS: 'This method is deprecated (as well as all React Native Firebase namespaced API) and will be removed in the next major release as part of move to match Firebase Web modular SDK API. Please see migration guide for more details: https://rnfirebase.io/migrating-to-v22. Method called was `logEvent`. Please use `logEvent()` instead.', { [Component Stack] name: 'Component Stack' }
06-22 21:58:23.663  1909  3606 I ActivityManager: Changes in 99196 19 to 3, 0 to 184
06-22 21:58:23.663  1909  3606 I ActivityManager: Changes in 10297 6 to 3, 128 to 184
06-22 21:58:24.424  1909  1973 I ActivityManager: Start proc 18038:com.android.vending:background/u0a251 for service {com.android.vending/com.google.android.finsky.multiusercoordinator.MultiUserCoordinatorService}
06-22 21:58:24.424  1909  1973 I ActivityManager: ProcessObserver broadcast disabled
06-22 21:58:33.746  1909  2537 I ActivityManager: Changes in 99196 3 to 10, 184 to 0
06-22 21:58:33.747  1909  2537 I ActivityManager: Changes in 10297 3 to 6, 184 to 128
06-22 21:58:33.757  1909  3606 I ActivityManager: Killing 16057:com.samsung.drmboost/u0a339 (adj 905): empty #25
06-22 21:58:35.201  1909  1972 I ActivityManager: Killing 13485:com.android.vending/u0a251 (adj 905): empty #25
06-22 21:58:38.812  1909  2749 I ActivityManager: Changes in 10094 5 to 10, 184 to 0
06-22 21:58:38.816  1909  2537 I ActivityManager: Killing 16659:com.samsung.android.app.reminder/u0a224 (adj 905): empty #25
06-22 21:58:59.970  1909  2065 I ActivityManager: Changes in 10214 19 to 8, 0 to 128
06-22 21:59:13.489  1909  1973 I ActivityManager: Start proc 18158:com.samsung.android.privacydashboard/u0a107 for content provider {com.samsung.android.privacydashboard/com.samsung.android.privacydashboard.provider.PermissionAccessInformationContentProvider}
06-22 21:59:13.489  1909  1973 I ActivityManager: ProcessObserver broadcast disabled
06-22 21:59:13.595  1909  2749 I ActivityManager: Changes in 10107 19 to 5, 0 to 144
06-22 21:59:15.797  6506 18107 W ReactNativeJS: 'This method is deprecated (as well as all React Native Firebase namespaced API) and will be removed in the next major release as part of move to match Firebase Web modular SDK API. Please see migration guide for more details: https://rnfirebase.io/migrating-to-v22 Please use `getApp()` instead.', { [Component Stack] name: 'Component Stack' }
06-22 21:59:15.820  6506 18107 W ReactNativeJS: 'This method is deprecated (as well as all React Native Firebase namespaced API) and will be removed in the next major release as part of move to match Firebase Web modular SDK API. Please see migration guide for more details: https://rnfirebase.io/migrating-to-v22 Please use `getApp()` instead.', { [Component Stack] name: 'Component Stack' }
06-22 21:59:15.841  6506 18107 W ReactNativeJS: 'This method is deprecated (as well as all React Native Firebase namespaced API) and will be removed in the next major release as part of move to match Firebase Web modular SDK API. Please see migration guide for more details: https://rnfirebase.io/migrating-to-v22. Method called was `settings`. Please use `settings()` instead.', { [Component Stack] name: 'Component Stack' }
06-22 21:59:15.864  6506 18107 W ReactNativeJS: 'This method is deprecated (as well as all React Native Firebase namespaced API) and will be removed in the next major release as part of move to match Firebase Web modular SDK API. Please see migration guide for more details: https://rnfirebase.io/migrating-to-v22 Please use `getApp()` instead.', { [Component Stack] name: 'Component Stack' }
06-22 21:59:15.880  6506 18107 W ReactNativeJS: 'This method is deprecated (as well as all React Native Firebase namespaced API) and will be removed in the next major release as part of move to match Firebase Web modular SDK API. Please see migration guide for more details: https://rnfirebase.io/migrating-to-v22. Method called was `logEvent`. Please use `logEvent()` instead.', { [Component Stack] name: 'Component Stack' }
06-22 21:59:15.904  1909  2749 I ActivityManager: Changes in 99196 19 to 3, 0 to 184
06-22 21:59:15.904  1909  2749 I ActivityManager: Changes in 10297 6 to 3, 128 to 184
06-22 21:59:16.204  6506 18107 W ReactNativeJS: This method is deprecated (as well as all React Native Firebase namespaced API) and will be removed in the next major release as part of move to match Firebase Web modular SDK API. Please see migration guide for more details: https://rnfirebase.io/migrating-to-v22. Method called was `FieldValue`. Please use `FieldValue` instead.
06-22 21:59:16.204  6506 18107 W ReactNativeJS: This method is deprecated (as well as all React Native Firebase namespaced API) and will be removed in the next major release as part of move to match Firebase Web modular SDK API. Please see migration guide for more details: https://rnfirebase.io/migrating-to-v22. Method called was `delete`. Please use `deleteField()` instead.
06-22 21:59:16.205  6506 18107 W ReactNativeJS: This method is deprecated (as well as all React Native Firebase namespaced API) and will be removed in the next major release as part of move to match Firebase Web modular SDK API. Please see migration guide for more details: https://rnfirebase.io/migrating-to-v22. Method called was `FieldValue`. Please use `FieldValue` instead.
06-22 21:59:16.205  6506 18107 W ReactNativeJS: This method is deprecated (as well as all React Native Firebase namespaced API) and will be removed in the next major release as part of move to match Firebase Web modular SDK API. Please see migration guide for more details: https://rnfirebase.io/migrating-to-v22. Method called was `serverTimestamp`. Please use `serverTimestamp()` instead.
06-22 21:59:16.217  1909  3698 I ActivityManager: Changes in 10214 8 to 10, 128 to 0
06-22 21:59:19.677  1909  1971 I ActivityManager: Changes in 10107 5 to 15, 144 to 0
06-22 21:59:20.266  6506 18107 W ReactNativeJS: This method is deprecated (as well as all React Native Firebase namespaced API) and will be removed in the next major release as part of move to match Firebase Web modular SDK API. Please see migration guide for more details: https://rnfirebase.io/migrating-to-v22. Method called was `FieldValue`. Please use `FieldValue` instead.
06-22 21:59:20.267  6506 18107 W ReactNativeJS: This method is deprecated (as well as all React Native Firebase namespaced API) and will be removed in the next major release as part of move to match Firebase Web modular SDK API. Please see migration guide for more details: https://rnfirebase.io/migrating-to-v22. Method called was `delete`. Please use `deleteField()` instead.
06-22 21:59:20.267  6506 18107 W ReactNativeJS: This method is deprecated (as well as all React Native Firebase namespaced API) and will be removed in the next major release as part of move to match Firebase Web modular SDK API. Please see migration guide for more details: https://rnfirebase.io/migrating-to-v22. Method called was `FieldValue`. Please use `FieldValue` instead.
06-22 21:59:20.267  6506 18107 W ReactNativeJS: This method is deprecated (as well as all React Native Firebase namespaced API) and will be removed in the next major release as part of move to match Firebase Web modular SDK API. Please see migration guide for more details: https://rnfirebase.io/migrating-to-v22. Method called was `serverTimestamp`. Please use `serverTimestamp()` instead.
06-22 21:59:25.980  1909  2537 I ActivityManager: Changes in 99196 3 to 10, 184 to 0
06-22 21:59:25.981  1909  2537 I ActivityManager: Changes in 10297 3 to 6, 184 to 128
06-22 21:59:33.351  1909  2065 I ActivityManager: Changes in 10250 19 to 8, 0 to 128
06-22 21:59:33.523  1909  4341 I ActivityManager: Changes in 10250 8 to 10, 128 to 0
06-22 21:59:39.679  1909  1972 I ActivityManager: Killing 16669:com.sec.android.gallery3d/u0a124 (adj 905): empty #25
06-22 22:00:01.361  6506 18107 W ReactNativeJS: 'This method is deprecated (as well as all React Native Firebase namespaced API) and will be removed in the next major release as part of move to match Firebase Web modular SDK API. Please see migration guide for more details: https://rnfirebase.io/migrating-to-v22 Please use `getApp()` instead.', { [Component Stack] name: 'Component Stack' }
06-22 22:00:01.373  6506 18107 W ReactNativeJS: 'This method is deprecated (as well as all React Native Firebase namespaced API) and will be removed in the next major release as part of move to match Firebase Web modular SDK API. Please see migration guide for more details: https://rnfirebase.io/migrating-to-v22 Please use `getApp()` instead.', { [Component Stack] name: 'Component Stack' }
06-22 22:00:01.388  6506 18107 W ReactNativeJS: 'This method is deprecated (as well as all React Native Firebase namespaced API) and will be removed in the next major release as part of move to match Firebase Web modular SDK API. Please see migration guide for more details: https://rnfirebase.io/migrating-to-v22. Method called was `logEvent`. Please use `logEvent()` instead.', { [Component Stack] name: 'Component Stack' }
06-22 22:00:01.418  1909  1935 I ActivityManager: Changes in 99196 19 to 3, 0 to 184
06-22 22:00:01.419  1909  1935 I ActivityManager: Changes in 10297 6 to 3, 128 to 184
06-22 22:00:01.810  6506 18107 W ReactNativeJS: This method is deprecated (as well as all React Native Firebase namespaced API) and will be removed in the next major release as part of move to match Firebase Web modular SDK API. Please see migration guide for more details: https://rnfirebase.io/migrating-to-v22. Method called was `FieldValue`. Please use `FieldValue` instead.
06-22 22:00:01.810  6506 18107 W ReactNativeJS: This method is deprecated (as well as all React Native Firebase namespaced API) and will be removed in the next major release as part of move to match Firebase Web modular SDK API. Please see migration guide for more details: https://rnfirebase.io/migrating-to-v22. Method called was `delete`. Please use `deleteField()` instead.
06-22 22:00:01.810  6506 18107 W ReactNativeJS: This method is deprecated (as well as all React Native Firebase namespaced API) and will be removed in the next major release as part of move to match Firebase Web modular SDK API. Please see migration guide for more details: https://rnfirebase.io/migrating-to-v22. Method called was `FieldValue`. Please use `FieldValue` instead.
06-22 22:00:01.811  6506 18107 W ReactNativeJS: This method is deprecated (as well as all React Native Firebase namespaced API) and will be removed in the next major release as part of move to match Firebase Web modular SDK API. Please see migration guide for more details: https://rnfirebase.io/migrating-to-v22. Method called was `serverTimestamp`. Please use `serverTimestamp()` instead.
06-22 22:00:10.689  6506 18107 W ReactNativeJS: 'This method is deprecated (as well as all React Native Firebase namespaced API) and will be removed in the next major release as part of move to match Firebase Web modular SDK API. Please see migration guide for more details: https://rnfirebase.io/migrating-to-v22 Please use `getApp()` instead.', { [Component Stack] name: 'Component Stack' }
06-22 22:00:10.701  6506 18107 W ReactNativeJS: 'This method is deprecated (as well as all React Native Firebase namespaced API) and will be removed in the next major release as part of move to match Firebase Web modular SDK API. Please see migration guide for more details: https://rnfirebase.io/migrating-to-v22 Please use `getApp()` instead.', { [Component Stack] name: 'Component Stack' }
06-22 22:00:10.715  6506 18107 W ReactNativeJS: 'This method is deprecated (as well as all React Native Firebase namespaced API) and will be removed in the next major release as part of move to match Firebase Web modular SDK API. Please see migration guide for more details: https://rnfirebase.io/migrating-to-v22. Method called was `settings`. Please use `settings()` instead.', { [Component Stack] name: 'Component Stack' }
06-22 22:00:10.727  6506 18107 W ReactNativeJS: 'This method is deprecated (as well as all React Native Firebase namespaced API) and will be removed in the next major release as part of move to match Firebase Web modular SDK API. Please see migration guide for more details: https://rnfirebase.io/migrating-to-v22 Please use `getApp()` instead.', { [Component Stack] name: 'Component Stack' }
06-22 22:00:10.741  6506 18107 W ReactNativeJS: 'This method is deprecated (as well as all React Native Firebase namespaced API) and will be removed in the next major release as part of move to match Firebase Web modular SDK API. Please see migration guide for more details: https://rnfirebase.io/migrating-to-v22. Method called was `logEvent`. Please use `logEvent()` instead.', { [Component Stack] name: 'Component Stack' }
06-22 22:00:20.827  1909  1935 I ActivityManager: Changes in 99196 3 to 10, 184 to 0
06-22 22:00:20.828  1909  1935 I ActivityManager: Changes in 10297 3 to 6, 184 to 128
06-22 22:00:25.881  1909  4056 I ActivityManager: Changes in 99196 19 to 6, 0 to 128
06-22 22:00:38.971  1909  1973 I ActivityManager: Start proc 18252:com.google.android.apps.tachyon/u0a254 for service {com.google.android.apps.tachyon/com.google.android.apps.tachyon.contacts.sync.SyncService}
06-22 22:00:38.971  1909  1973 I ActivityManager: ProcessObserver broadcast disabled
06-22 22:00:39.031  1909  2057 I ActivityManager: Changes in 10056 19 to 6, 0 to 128
06-22 22:00:39.400  1909  1973 I ActivityManager: Start proc 18289:com.google.android.apps.photos/u0a313 for backup {com.google.android.apps.photos/com.google.android.apps.photos.kvbackup.PhotosBackupAgent}
06-22 22:00:39.400  1909  1973 I ActivityManager: ProcessObserver broadcast disabled
06-22 22:00:39.493  1909  4211 I ActivityManager: Changes in 10254 19 to 8, 0 to 128
06-22 22:00:39.931  1909  1973 I ActivityManager: Start proc 18347:com.google.android.gms.unstable/u0a252 for service {com.google.android.gms/com.google.android.gms.droidguard.DroidGuardService}
06-22 22:00:39.931  1909  1973 I ActivityManager: ProcessObserver broadcast disabled
06-22 22:00:39.975  1909  1973 I ActivityManager: Start proc 18359:com.google.android.youtube/u0a271 for backup {com.google.android.youtube/com.google.android.apps.youtube.app.application.backup.YouTubeBackupAgent}
06-22 22:00:39.975  1909  1973 I ActivityManager: ProcessObserver broadcast disabled
06-22 22:00:40.478  1909  3698 I ActivityManager: Changes in 99196 6 to 5, 128 to 184
06-22 22:00:40.478  1909  3698 I ActivityManager: Changes in 10297 6 to 5, 128 to 184
06-22 22:00:40.478  1909  3698 I ActivityManager: Changes in 10056 6 to 5, 128 to 144
06-22 22:00:41.871  1909  2187 I ActivityManager: Changes in 10254 8 to 10, 128 to 0
06-22 22:00:42.352  1909  2065 I ActivityManager: Changes in 10120 10 to 8, 0 to 128
06-22 22:00:42.357  1909  2065 I ActivityManager: Changes in 10116 19 to 8, 0 to 128
06-22 22:00:42.391  1909  4211 I ActivityManager: Changes in 10120 8 to 10, 128 to 0
06-22 22:00:42.864  1909  3698 I ActivityManager: Changes in 10117 19 to 6, 0 to 128
06-22 22:00:44.584  1909  1935 I ActivityManager: Changes in 10116 8 to 10, 128 to 0
06-22 22:00:46.869  1909  1973 I ActivityManager: Start proc 18531:com.samsung.android.mobileservice/u0a119 for service {com.samsung.android.mobileservice/com.samsung.android.mobileservice.social.buddy.account.presentation.service.ContactObserverService}
06-22 22:00:46.869  1909  1973 I ActivityManager: ProcessObserver broadcast disabled
06-22 22:00:47.152  1909  2057 I ActivityManager: Changes in 10119 19 to 8, 0 to 128
06-22 22:00:47.229  1909  2057 I ActivityManager: Changes in 10119 8 to 10, 128 to 0
06-22 22:00:47.891  1909  1971 I ActivityManager: Changes in 10056 5 to 6, 144 to 128
06-22 22:00:48.896  1909  1971 I ActivityManager: Changes in 10117 6 to 15, 128 to 0
06-22 22:00:48.899  1909  1971 I ActivityManager: Changes in 10056 6 to 10, 128 to 0
06-22 22:00:51.857  1909  2065 I ActivityManager: Changes in 10120 10 to 8, 0 to 128
06-22 22:00:51.881  1909  4226 I ActivityManager: Changes in 10056 15 to 8, 0 to 128
06-22 22:00:51.918  1909  2803 I ActivityManager: Changes in 10120 8 to 10, 128 to 0
06-22 22:00:51.919  1909  2803 I ActivityManager: Changes in 10056 8 to 10, 128 to 0
06-22 22:00:55.496  1909  2803 I ActivityManager: Changes in 99196 5 to 8, 184 to 0
06-22 22:00:55.497  1909  2803 I ActivityManager: Changes in 10297 5 to 6, 184 to 128
06-22 22:01:07.161  6506 18234 W ReactNativeJS: 'This method is deprecated (as well as all React Native Firebase namespaced API) and will be removed in the next major release as part of move to match Firebase Web modular SDK API. Please see migration guide for more details: https://rnfirebase.io/migrating-to-v22 Please use `getApp()` instead.', { [Component Stack] name: 'Component Stack' }
06-22 22:01:07.185  6506 18234 W ReactNativeJS: 'This method is deprecated (as well as all React Native Firebase namespaced API) and will be removed in the next major release as part of move to match Firebase Web modular SDK API. Please see migration guide for more details: https://rnfirebase.io/migrating-to-v22 Please use `getApp()` instead.', { [Component Stack] name: 'Component Stack' }
06-22 22:01:07.207  6506 18234 W ReactNativeJS: 'This method is deprecated (as well as all React Native Firebase namespaced API) and will be removed in the next major release as part of move to match Firebase Web modular SDK API. Please see migration guide for more details: https://rnfirebase.io/migrating-to-v22. Method called was `settings`. Please use `settings()` instead.', { [Component Stack] name: 'Component Stack' }
06-22 22:01:07.231  6506 18234 W ReactNativeJS: 'This method is deprecated (as well as all React Native Firebase namespaced API) and will be removed in the next major release as part of move to match Firebase Web modular SDK API. Please see migration guide for more details: https://rnfirebase.io/migrating-to-v22 Please use `getApp()` instead.', { [Component Stack] name: 'Component Stack' }
06-22 22:01:07.248  6506 18234 W ReactNativeJS: 'This method is deprecated (as well as all React Native Firebase namespaced API) and will be removed in the next major release as part of move to match Firebase Web modular SDK API. Please see migration guide for more details: https://rnfirebase.io/migrating-to-v22. Method called was `logEvent`. Please use `logEvent()` instead.', { [Component Stack] name: 'Component Stack' }
06-22 22:01:07.284  1909  2537 I ActivityManager: Changes in 99196 8 to 3, 0 to 184
06-22 22:01:07.284  1909  2537 I ActivityManager: Changes in 10297 6 to 3, 128 to 184
06-22 22:01:07.586  6506 18234 W ReactNativeJS: This method is deprecated (as well as all React Native Firebase namespaced API) and will be removed in the next major release as part of move to match Firebase Web modular SDK API. Please see migration guide for more details: https://rnfirebase.io/migrating-to-v22. Method called was `FieldValue`. Please use `FieldValue` instead.
06-22 22:01:07.586  6506 18234 W ReactNativeJS: This method is deprecated (as well as all React Native Firebase namespaced API) and will be removed in the next major release as part of move to match Firebase Web modular SDK API. Please see migration guide for more details: https://rnfirebase.io/migrating-to-v22. Method called was `delete`. Please use `deleteField()` instead.
06-22 22:01:07.587  6506 18234 W ReactNativeJS: This method is deprecated (as well as all React Native Firebase namespaced API) and will be removed in the next major release as part of move to match Firebase Web modular SDK API. Please see migration guide for more details: https://rnfirebase.io/migrating-to-v22. Method called was `FieldValue`. Please use `FieldValue` instead.
06-22 22:01:07.588  6506 18234 W ReactNativeJS: This method is deprecated (as well as all React Native Firebase namespaced API) and will be removed in the next major release as part of move to match Firebase Web modular SDK API. Please see migration guide for more details: https://rnfirebase.io/migrating-to-v22. Method called was `serverTimestamp`. Please use `serverTimestamp()` instead.
06-22 22:01:11.221  6506 18234 W ReactNativeJS: This method is deprecated (as well as all React Native Firebase namespaced API) and will be removed in the next major release as part of move to match Firebase Web modular SDK API. Please see migration guide for more details: https://rnfirebase.io/migrating-to-v22. Method called was `FieldValue`. Please use `FieldValue` instead.
06-22 22:01:11.221  6506 18234 W ReactNativeJS: This method is deprecated (as well as all React Native Firebase namespaced API) and will be removed in the next major release as part of move to match Firebase Web modular SDK API. Please see migration guide for more details: https://rnfirebase.io/migrating-to-v22. Method called was `delete`. Please use `deleteField()` instead.
06-22 22:01:11.222  6506 18234 W ReactNativeJS: This method is deprecated (as well as all React Native Firebase namespaced API) and will be removed in the next major release as part of move to match Firebase Web modular SDK API. Please see migration guide for more details: https://rnfirebase.io/migrating-to-v22. Method called was `FieldValue`. Please use `FieldValue` instead.
06-22 22:01:11.222  6506 18234 W ReactNativeJS: This method is deprecated (as well as all React Native Firebase namespaced API) and will be removed in the next major release as part of move to match Firebase Web modular SDK API. Please see migration guide for more details: https://rnfirebase.io/migrating-to-v22. Method called was `serverTimestamp`. Please use `serverTimestamp()` instead.
06-22 22:01:11.891  1909  2537 I ActivityManager: Changes in 10056 15 to 5, 0 to 144
06-22 22:01:17.960  1909  1971 I ActivityManager: Changes in 10056 5 to 15, 144 to 0
06-22 22:01:26.954  1909  2803 I ActivityManager: Changes in 99196 5 to 10, 184 to 0
06-22 22:01:26.954  1909  2803 I ActivityManager: Changes in 10297 5 to 6, 184 to 128
06-22 22:01:26.963  1909  4341 I ActivityManager: Killing 17199:com.sec.android.app.shealth:remote/u0a328 (adj 905): empty #25
06-22 22:01:26.968  1909  4341 I ActivityManager: Killing 14417:com.google.android.googlequicksearchbox:search/u0a253 (adj 905): empty #26
06-22 22:01:27.055  1909  3698 W ActivityManager: pid 6725 com.google.android.googlequicksearchbox:interactor sent binder code 2 with flags 1 to frozen apps and got error -32
06-22 22:01:34.387  1909  2187 I ActivityManager: Changes in 99196 19 to 8, 0 to 128
06-22 22:01:34.406  1909  1935 I ActivityManager: Changes in 10056 15 to 8, 0 to 128
06-22 22:01:34.532  1909  1973 I ActivityManager: Start proc 18623:com.google.android.setupwizard/u0a279 for service {com.google.android.setupwizard/com.google.android.setupwizard.notification.SetupNotificationService}
06-22 22:01:34.532  1909  1973 I ActivityManager: ProcessObserver broadcast disabled
06-22 22:01:34.730  1909  4341 I ActivityManager: Changes in 10279 19 to 8, 0 to 128
06-22 22:01:34.801  1909  3698 I ActivityManager: Changes in 10279 8 to 10, 128 to 0
06-22 22:01:35.054  1909  2187 I ActivityManager: Changes in 99196 8 to 10, 128 to 0
06-22 22:01:35.054  1909  2187 I ActivityManager: Changes in 10056 8 to 10, 128 to 0
06-22 22:01:35.059  1909  4341 I ActivityManager: Killing 16177:com.google.android.rkpdapp/u0a348 (adj 905): empty #25
06-22 22:01:44.925  1909  4227 I ActivityManager: Killing 14681:com.samsung.mfcontents/u0a95 (adj 905): empty #25
06-22 22:02:11.520  1909  2187 I ActivityManager: Changes in 99196 19 to 8, 0 to 128
06-22 22:02:11.534  1909  1935 I ActivityManager: Changes in 10056 19 to 8, 0 to 128
06-22 22:02:11.846  1909  2187 I ActivityManager: Changes in 99196 8 to 10, 128 to 0
06-22 22:02:11.846  1909  2187 I ActivityManager: Changes in 10056 8 to 10, 128 to 0
06-22 22:02:21.548  1909  2187 I ActivityManager: Changes in 99196 19 to 8, 0 to 128
06-22 22:02:21.558  1909  4227 I ActivityManager: Changes in 10056 19 to 8, 0 to 128
06-22 22:02:21.881  1909  2187 I ActivityManager: Changes in 99196 8 to 10, 128 to 0
06-22 22:02:21.881  1909  2187 I ActivityManager: Changes in 10056 8 to 10, 128 to 0
06-22 22:03:44.993  1909  1972 I ActivityManager: Changes in 10096 19 to 11, 0 to 128
06-22 22:03:44.995  1909  4341 I ActivityManager: Changes in 10096 11 to 19, 128 to 0
06-22 22:06:42.677  1909  1973 I ActivityManager: Start proc 18791:com.google.android.cellbroadcastreceiver/u0a296 for broadcast {com.google.android.cellbroadcastreceiver/com.android.cellbroadcastreceiver.CellBroadcastReceiver}
06-22 22:06:42.677  1909  1973 I ActivityManager: ProcessObserver broadcast disabled
06-22 22:06:42.862  1909  1935 I ActivityManager: Changes in 10296 19 to 11, 0 to 128
06-22 22:06:42.892  1909  1935 I ActivityManager: Killing 16657:com.android.providers.calendar/u0a115 (adj 905): empty #25
06-22 22:06:42.894  1909  1935 I ActivityManager: Changes in 10296 11 to 19, 128 to 0
06-22 22:06:43.801  1909  1972 I ActivityManager: Changes in 10296 19 to 11, 0 to 128
06-22 22:06:43.807  1909  1935 I ActivityManager: Changes in 10296 11 to 19, 128 to 0
06-22 22:08:17.819  6506 18234 W ReactNativeJS: This method is deprecated (as well as all React Native Firebase namespaced API) and will be removed in the next major release as part of move to match Firebase Web modular SDK API. Please see migration guide for more details: https://rnfirebase.io/migrating-to-v22. Method called was `FieldValue`. Please use `FieldValue` instead.
06-22 22:08:17.820  6506 18234 W ReactNativeJS: This method is deprecated (as well as all React Native Firebase namespaced API) and will be removed in the next major release as part of move to match Firebase Web modular SDK API. Please see migration guide for more details: https://rnfirebase.io/migrating-to-v22. Method called was `delete`. Please use `deleteField()` instead.
06-22 22:08:17.821  6506 18234 W ReactNativeJS: This method is deprecated (as well as all React Native Firebase namespaced API) and will be removed in the next major release as part of move to match Firebase Web modular SDK API. Please see migration guide for more details: https://rnfirebase.io/migrating-to-v22. Method called was `FieldValue`. Please use `FieldValue` instead.
06-22 22:08:17.823  6506 18234 W ReactNativeJS: This method is deprecated (as well as all React Native Firebase namespaced API) and will be removed in the next major release as part of move to match Firebase Web modular SDK API. Please see migration guide for more details: https://rnfirebase.io/migrating-to-v22. Method called was `serverTimestamp`. Please use `serverTimestamp()` instead.
06-22 22:09:13.840  1909  1972 I ActivityManager: Changes in 10096 19 to 11, 0 to 128
06-22 22:09:13.843  1909  4341 I ActivityManager: Changes in 10096 11 to 19, 128 to 0
06-22 22:09:35.026  1909  1972 I ActivityManager: Changes in 10096 19 to 11, 0 to 128
06-22 22:09:35.049  1909  1935 I ActivityManager: Changes in 99196 19 to 5, 0 to 184
06-22 22:09:35.049  1909  1935 I ActivityManager: Changes in 10297 6 to 5, 128 to 184
06-22 22:09:45.047  1909  2065 I ActivityManager: Changes in 10096 19 to 19, 128 to 0
06-22 22:09:50.076  1909  3698 I ActivityManager: Changes in 99196 5 to 10, 184 to 0
06-22 22:09:50.077  1909  3698 I ActivityManager: Changes in 10297 5 to 6, 184 to 128
06-22 22:10:40.947  6506 18234 W ReactNativeJS: This method is deprecated (as well as all React Native Firebase namespaced API) and will be removed in the next major release as part of move to match Firebase Web modular SDK API. Please see migration guide for more details: https://rnfirebase.io/migrating-to-v22. Method called was `FieldValue`. Please use `FieldValue` instead.
06-22 22:10:40.948  6506 18234 W ReactNativeJS: This method is deprecated (as well as all React Native Firebase namespaced API) and will be removed in the next major release as part of move to match Firebase Web modular SDK API. Please see migration guide for more details: https://rnfirebase.io/migrating-to-v22. Method called was `delete`. Please use `deleteField()` instead.
06-22 22:10:40.950  6506 18234 W ReactNativeJS: This method is deprecated (as well as all React Native Firebase namespaced API) and will be removed in the next major release as part of move to match Firebase Web modular SDK API. Please see migration guide for more details: https://rnfirebase.io/migrating-to-v22. Method called was `FieldValue`. Please use `FieldValue` instead.
06-22 22:10:40.951  6506 18234 W ReactNativeJS: This method is deprecated (as well as all React Native Firebase namespaced API) and will be removed in the next major release as part of move to match Firebase Web modular SDK API. Please see migration guide for more details: https://rnfirebase.io/migrating-to-v22. Method called was `serverTimestamp`. Please use `serverTimestamp()` instead.
06-22 22:11:02.801  1909  1972 I ActivityManager: Changes in 10096 19 to 11, 0 to 128
06-22 22:11:02.807  1909  4341 I ActivityManager: Changes in 10096 11 to 19, 128 to 0
06-22 22:12:32.069  1909  1972 I ActivityManager: Changes in 10296 19 to 11, 0 to 128
06-22 22:12:32.071  1909  1935 I ActivityManager: Changes in 10296 11 to 19, 128 to 0
06-22 22:12:33.222  1909  1972 I ActivityManager: Changes in 10296 19 to 11, 0 to 128
06-22 22:12:33.228  1909  1935 I ActivityManager: Changes in 10296 11 to 19, 128 to 0
06-22 22:13:09.303  6506 18234 W ReactNativeJS: This method is deprecated (as well as all React Native Firebase namespaced API) and will be removed in the next major release as part of move to match Firebase Web modular SDK API. Please see migration guide for more details: https://rnfirebase.io/migrating-to-v22. Method called was `FieldValue`. Please use `FieldValue` instead.
06-22 22:13:09.304  6506 18234 W ReactNativeJS: This method is deprecated (as well as all React Native Firebase namespaced API) and will be removed in the next major release as part of move to match Firebase Web modular SDK API. Please see migration guide for more details: https://rnfirebase.io/migrating-to-v22. Method called was `delete`. Please use `deleteField()` instead.
06-22 22:13:09.304  6506 18234 W ReactNativeJS: This method is deprecated (as well as all React Native Firebase namespaced API) and will be removed in the next major release as part of move to match Firebase Web modular SDK API. Please see migration guide for more details: https://rnfirebase.io/migrating-to-v22. Method called was `FieldValue`. Please use `FieldValue` instead.
06-22 22:13:09.305  6506 18234 W ReactNativeJS: This method is deprecated (as well as all React Native Firebase namespaced API) and will be removed in the next major release as part of move to match Firebase Web modular SDK API. Please see migration guide for more details: https://rnfirebase.io/migrating-to-v22. Method called was `serverTimestamp`. Please use `serverTimestamp()` instead.
06-22 22:14:04.238  1909  1972 I ActivityManager: Changes in 10296 19 to 11, 0 to 128
06-22 22:14:04.241  1909  3698 I ActivityManager: Changes in 10296 11 to 19, 128 to 0
06-22 22:14:05.395  1909  1972 I ActivityManager: Changes in 10296 19 to 11, 0 to 128
06-22 22:14:05.402  1909  4341 I ActivityManager: Changes in 10296 11 to 19, 128 to 0
06-22 22:15:38.148  1909  1972 I ActivityManager: Changes in 10096 19 to 11, 0 to 128
06-22 22:15:38.156  1909  4226 I ActivityManager: Changes in 10096 11 to 19, 128 to 0
06-22 22:15:52.580  1909  1973 I ActivityManager: Start proc 19031:com.android.providers.calendar/u0a115 for content provider {com.android.providers.calendar/com.android.providers.calendar.CalendarProvider2}
06-22 22:15:52.580  1909  1973 I ActivityManager: ProcessObserver broadcast disabled
06-22 22:15:52.590  1909  1973 I ActivityManager: Start proc 19032:com.samsung.android.app.reminder/u0a224 for content provider {com.samsung.android.app.reminder/com.samsung.android.app.reminder.data.provider.ReminderProvider}
06-22 22:15:52.591  1909  1973 I ActivityManager: ProcessObserver broadcast disabled
06-22 22:15:52.603  1909  1973 I ActivityManager: Start proc 19040:com.sec.android.gallery3d/u0a124 for content provider {com.sec.android.gallery3d/com.samsung.android.gallery.app.provider.LocalProvider2}
06-22 22:15:52.607  1909  1973 I ActivityManager: ProcessObserver broadcast disabled
06-22 22:15:52.611  1909  2057 W ActivityManager: pid 8104 com.samsung.android.scs sent binder code 1 with flags 2 to frozen apps and got error -2147483646
06-22 22:15:52.621  1909  1972 I ActivityManager: Killing 17485:com.samsung.cmh/5004 (adj 905): Sync transaction while frozen
06-22 22:15:52.624  1909  4227 I ActivityManager: Process com.samsung.cmh (pid 17485) early provider death
06-22 22:15:52.637  1909  3698 W ActivityManager: ProcessRecord{dac80be 0:com.samsung.cmh/5004} is attached to a previous process 17485
06-22 22:15:52.694  1909  1973 W ActivityManager: Slow operation: 56ms so far, now at startProcess: returned from zygote!
06-22 22:15:52.694  1909  1973 W ActivityManager: Slow operation: 57ms so far, now at startProcess: done updating battery stats
06-22 22:15:52.694  1909  1973 W ActivityManager: Slow operation: 57ms so far, now at startProcess: building log message
06-22 22:15:52.695  1909  1973 I ActivityManager: Start proc 19066:com.samsung.cmh/5004 for content provider {com.samsung.cmh/com.samsung.cmh.provider.CMHProvider}
06-22 22:15:52.695  1909  1973 W ActivityManager: Slow operation: 57ms so far, now at startProcess: starting to update pids map
06-22 22:15:52.695  1909  1973 I ActivityManager: ProcessObserver broadcast disabled
06-22 22:15:52.695  1909  1973 W ActivityManager: Slow operation: 58ms so far, now at startProcess: done updating pids map
06-22 22:15:52.888  1909  4206 I ActivityManager: Killing 17710:com.google.android.as.oss/u0a248 (adj 905): empty #25
06-22 22:15:52.968  1909  2749 W ActivityManager: pid 19066 com.samsung.cmh sent binder code 21 with flags 2 to frozen apps and got error -2147483646
06-22 22:15:56.199  1909  4227 I ActivityManager: Killing 17806:com.samsung.sait.sohservice/1000 (adj 905): empty #25
06-22 22:15:56.204  1909  4227 I ActivityManager: Killing 17741:com.samsung.android.game.gos/u0a76 (adj 905): empty #26
06-22 22:16:32.155  1909  1973 I ActivityManager: Start proc 19161:com.samsung.android.intellivoiceservice/u0a121 for service {com.samsung.android.intellivoiceservice/androidx.work.impl.background.systemjob.SystemJobService}
06-22 22:16:32.155  1909  1973 I ActivityManager: ProcessObserver broadcast disabled
06-22 22:16:32.169  1909  1973 I ActivityManager: Start proc 19166:com.samsung.android.networkdiagnostic/5023 for service {com.samsung.android.networkdiagnostic/androidx.work.impl.background.systemjob.SystemJobService}
06-22 22:16:32.169  1909  1973 I ActivityManager: ProcessObserver broadcast disabled
06-22 22:16:32.183  1909  1973 I ActivityManager: Start proc 19169:com.google.android.googlequicksearchbox:search/u0a253 for service {com.google.android.googlequicksearchbox/androidx.work.impl.background.systemjob.SystemJobService}
06-22 22:16:32.183  1909  1973 I ActivityManager: ProcessObserver broadcast disabled
06-22 22:16:32.194  1909  1973 I ActivityManager: Start proc 19176:com.android.vending/u0a251 for service {com.android.vending/com.google.android.finsky.scheduler.process.mainimpl.PhoneskyJobServiceMain}
06-22 22:16:32.194  1909  1973 I ActivityManager: ProcessObserver broadcast disabled
06-22 22:16:32.209  1909  1973 I ActivityManager: Start proc 19186:com.lguplus.appstore/u0a99 for service {com.lguplus.appstore/androidx.work.impl.background.systemjob.SystemJobService}
06-22 22:16:32.213  1909  1973 I ActivityManager: ProcessObserver broadcast disabled
06-22 22:16:32.311  6506 18234 W ReactNativeJS: This method is deprecated (as well as all React Native Firebase namespaced API) and will be removed in the next major release as part of move to match Firebase Web modular SDK API. Please see migration guide for more details: https://rnfirebase.io/migrating-to-v22. Method called was `FieldValue`. Please use `FieldValue` instead.
06-22 22:16:32.311  6506 18234 W ReactNativeJS: This method is deprecated (as well as all React Native Firebase namespaced API) and will be removed in the next major release as part of move to match Firebase Web modular SDK API. Please see migration guide for more details: https://rnfirebase.io/migrating-to-v22. Method called was `delete`. Please use `deleteField()` instead.
06-22 22:16:32.312  6506 18234 W ReactNativeJS: This method is deprecated (as well as all React Native Firebase namespaced API) and will be removed in the next major release as part of move to match Firebase Web modular SDK API. Please see migration guide for more details: https://rnfirebase.io/migrating-to-v22. Method called was `FieldValue`. Please use `FieldValue` instead.
06-22 22:16:32.312  6506 18234 W ReactNativeJS: This method is deprecated (as well as all React Native Firebase namespaced API) and will be removed in the next major release as part of move to match Firebase Web modular SDK API. Please see migration guide for more details: https://rnfirebase.io/migrating-to-v22. Method called was `serverTimestamp`. Please use `serverTimestamp()` instead.
06-22 22:16:32.421  1909  1935 I ActivityManager: Changes in 10121 19 to 8, 0 to 128
06-22 22:16:32.439  1909  1935 I ActivityManager: Changes in 5023 19 to 8, 0 to 128
06-22 22:16:32.493  1909  1935 I ActivityManager: Changes in 10251 19 to 8, 0 to 128
06-22 22:16:32.516  1909  4227 I ActivityManager: Changes in 5023 8 to 10, 128 to 0
06-22 22:16:32.534  1909  4227 I ActivityManager: Killing 17666:com.google.android.partnersetup/u0a243 (adj 905): empty #25
06-22 22:16:32.566  1909  1973 I ActivityManager: Start proc 19273:com.google.android.as.oss/u0a248 for service {com.google.android.as.oss/com.google.android.gms.learning.internal.training.InAppJobService}
06-22 22:16:32.571  1909  1973 I ActivityManager: ProcessObserver broadcast disabled
06-22 22:16:32.635  1909  1935 I ActivityManager: Changes in 10251 8 to 10, 128 to 0
06-22 22:16:32.646  1909  1935 I ActivityManager: Killing 17874:com.samsung.android.app.routines/u0a53 (adj 905): empty #25
06-22 22:16:32.810  1909  2720 I ActivityManager: Changes in 10248 19 to 8, 0 to 128
06-22 22:16:32.847  1909  2803 I ActivityManager: Changes in 10121 8 to 10, 128 to 0
06-22 22:16:32.856  1909  4211 I ActivityManager: Killing 17594:com.microsoft.appmanager/u0a151 (adj 905): empty #25
06-22 22:16:32.862  1909  2803 I ActivityManager: Changes in 5023 19 to 8, 0 to 128
06-22 22:16:32.873  1909  2720 I ActivityManager: Changes in 99196 19 to 8, 0 to 128
06-22 22:16:32.873  1909  2720 I ActivityManager: Changes in 10251 19 to 8, 0 to 128
06-22 22:16:32.883  1909  4211 I ActivityManager: Changes in 10248 8 to 10, 128 to 0
06-22 22:16:32.907  1909  4211 I ActivityManager: Changes in 99196 8 to 10, 128 to 0
06-22 22:16:32.907  1909  4211 I ActivityManager: Changes in 10251 8 to 10, 128 to 0
06-22 22:16:32.973  1909  1973 I ActivityManager: Start proc 19414:com.sec.android.provider.badge/u0a55 for broadcast {com.sec.android.provider.badge/com.sec.android.provider.badge.BadgeCountReceiver}
06-22 22:16:32.977  1909  1973 I ActivityManager: ProcessObserver broadcast disabled
06-22 22:16:33.043  1909  3698 I ActivityManager: Changes in 99196 19 to 8, 0 to 128
06-22 22:16:33.043  1909  3698 I ActivityManager: Changes in 10099 19 to 8, 0 to 128
06-22 22:16:33.069  1909  4338 I ActivityManager: Changes in 10055 19 to 11, 0 to 128
06-22 22:16:33.075  1909  4338 I ActivityManager: Changes in 10251 19 to 8, 0 to 128
06-22 22:16:33.096  1909  4343 I ActivityManager: Changes in 99196 8 to 10, 128 to 0
06-22 22:16:33.097  1909  4343 I ActivityManager: Changes in 10251 8 to 10, 128 to 0
06-22 22:16:33.099  1909  4343 I ActivityManager: Changes in 10099 8 to 10, 128 to 0
06-22 22:16:33.104  1909  1973 I ActivityManager: Start proc 19451:com.samsung.mfcontents/u0a95 for service {com.samsung.mfcontents/com.samsung.mfcontents.scheduler.MFCJobService}
06-22 22:16:33.104  1909  1973 I ActivityManager: ProcessObserver broadcast disabled
06-22 22:16:33.108  1909  4343 I ActivityManager: Changes in 5004 19 to 8, 0 to 128
06-22 22:16:33.139  1909  4343 I ActivityManager: Changes in 10055 11 to 5, 128 to 144
06-22 22:16:33.166  1909  3606 I ActivityManager: Changes in 5004 8 to 10, 128 to 0
06-22 22:16:33.173  1909  4226 I ActivityManager: Killing 17832:com.samsung.android.mdx/u0a94 (adj 905): empty #25
06-22 22:16:33.196  1909  4206 I ActivityManager: Changes in 10095 19 to 8, 0 to 128
06-22 22:16:33.206  1909  4226 I ActivityManager: Killing 18158:com.samsung.android.privacydashboard/u0a107 (adj 905): empty #25
06-22 22:16:33.210  1909  4174 I ActivityManager: Changes in 10095 8 to 10, 128 to 0
06-22 22:16:33.218  1909  4174 I ActivityManager: Killing 17643:com.samsung.android.sm.devicesecurity/u0a214 (adj 905): empty #25
06-22 22:16:33.321  1909  3606 I ActivityManager: Changes in 5023 8 to 10, 128 to 0
06-22 22:16:33.327  1909  4206 I ActivityManager: Killing 17668:com.google.android.apps.turbo:aab/u0a250 (adj 905): empty #25
06-22 22:16:33.525  1909  1972 I ActivityManager: Changes in 99196 19 to 11, 0 to 128
06-22 22:16:33.525  1909  1972 I ActivityManager: Changes in 10251 19 to 11, 0 to 128
06-22 22:16:39.183  1909  1971 I ActivityManager: Changes in 10055 5 to 15, 144 to 0
06-22 22:16:57.582  1909  4356 I ActivityManager: Changes in 10251 8 to 10, 128 to 0
06-22 22:17:03.552  1909  4356 I ActivityManager: Changes in 99196 8 to 8, 128 to 0
06-22 22:17:11.132  1909  4338 I ActivityManager: Killing 18252:com.google.android.apps.tachyon/u0a254 (adj 905): empty #25
06-22 22:17:53.803  1909  1972 I ActivityManager: Changes in 10096 19 to 11, 0 to 128
06-22 22:17:53.818  1909  4211 I ActivityManager: Changes in 10096 11 to 19, 128 to 0
06-22 22:18:33.245  1909  1972 I ActivityManager: Changes in 10096 19 to 11, 0 to 128
06-22 22:18:43.254  1909  2065 I ActivityManager: Changes in 10096 19 to 19, 128 to 0
06-22 22:18:47.608  1909  4211 I ActivityManager: Changes in 99196 19 to 8, 0 to 128
06-22 22:18:47.688  1909  4343 I ActivityManager: Changes in 99196 8 to 5, 128 to 184
06-22 22:18:47.688  1909  4343 I ActivityManager: Changes in 10297 6 to 5, 128 to 184
06-22 22:18:48.826  1909  1972 I ActivityManager: Changes in 10096 19 to 11, 0 to 128
06-22 22:18:48.835  1909  3606 I ActivityManager: Changes in 10096 11 to 19, 128 to 0
06-22 22:18:53.475  1909  1972 I ActivityManager: Changes in 10096 19 to 11, 0 to 128
06-22 22:19:02.702  1909  3606 I ActivityManager: Changes in 99196 5 to 10, 184 to 0
06-22 22:19:02.703  1909  3606 I ActivityManager: Changes in 10297 5 to 6, 184 to 128
06-22 22:19:03.481  1909  2065 I ActivityManager: Changes in 10096 19 to 19, 128 to 0
06-22 22:19:22.443  1909  1973 I ActivityManager: Start proc 19611:com.samsung.android.sm.provider/1000 for content provider {com.samsung.android.lool/com.samsung.android.sm.database.SmProvider}
06-22 22:19:22.443  1909  1973 I ActivityManager: ProcessObserver broadcast disabled
06-22 22:19:48.197  1909  1973 I ActivityManager: Start proc 19650:com.samsung.android.scpm/5009 for content provider {com.samsung.android.scpm/com.samsung.scsp.common.ScpmProvider}
06-22 22:19:48.197  1909  1973 I ActivityManager: ProcessObserver broadcast disabled
06-22 22:19:48.388  1909  4174 I ActivityManager: Changes in 5009 19 to 5, 0 to 144
06-22 22:19:48.400  1909  4174 I ActivityManager: Changes in 10117 19 to 5, 0 to 144
06-22 22:19:54.459  1909  1971 I ActivityManager: Changes in 10117 5 to 15, 144 to 0
06-22 22:20:02.279  1909  1971 I ActivityManager: Changes in 5009 5 to 15, 144 to 0
06-22 22:20:14.459  1909  1972 I ActivityManager: Killing 18531:com.samsung.android.mobileservice/u0a119 (adj 905): empty #25
06-22 22:20:18.826  1909  1972 I ActivityManager: Changes in 10096 19 to 11, 0 to 128
06-22 22:20:18.830  1909  3606 I ActivityManager: Changes in 10096 11 to 19, 128 to 0
06-22 22:20:22.281  1909  1972 I ActivityManager: Killing 18623:com.google.android.setupwizard/u0a279 (adj 905): empty #25
06-22 22:20:25.898  1909  2065 I ActivityManager: Changes in 10095 19 to 8, 0 to 128
06-22 22:20:25.911  1909  4226 I ActivityManager: Changes in 10095 8 to 10, 128 to 0
06-22 22:20:28.761  1909  2065 I ActivityManager: Changes in 10099 19 to 8, 0 to 128
06-22 22:20:28.793  1909  1973 I ActivityManager: Start proc 19768:com.skt.skaf.OA00018282/u0a104 for content provider {com.skt.skaf.OA00018282/com.onestore.utils.ApiContentProvider}
06-22 22:20:28.794  1909  1973 I ActivityManager: ProcessObserver broadcast disabled
06-22 22:20:30.065  1909  4226 I ActivityManager: Changes in 99196 19 to 8, 0 to 128
06-22 22:20:30.066  1909  4226 I ActivityManager: Changes in 10104 19 to 8, 0 to 128
06-22 22:20:31.205  1909  3050 I ActivityManager: Changes in 99196 8 to 10, 128 to 0
06-22 22:20:31.205  1909  3050 I ActivityManager: Changes in 10104 8 to 10, 128 to 0
06-22 22:20:31.205  1909  3050 I ActivityManager: Changes in 10099 8 to 10, 128 to 0
06-22 22:20:31.215  1909  2720 I ActivityManager: Killing 18347:com.google.android.gms.unstable/u0a252 (adj 905): empty #25
06-22 22:21:28.407  1909  1972 I ActivityManager: Changes in 10296 19 to 11, 0 to 128
06-22 22:21:28.413  1909  4338 I ActivityManager: Changes in 10296 11 to 19, 128 to 0
06-22 22:21:29.570  1909  1972 I ActivityManager: Changes in 10296 19 to 11, 0 to 128
06-22 22:21:29.578  1909  4338 I ActivityManager: Changes in 10296 11 to 19, 128 to 0
06-22 22:22:11.808  1909  1972 I ActivityManager: Changes in 10096 19 to 11, 0 to 128
06-22 22:22:11.814  1909  4338 I ActivityManager: Changes in 10096 11 to 19, 128 to 0
06-22 22:22:33.825  1909  1972 I ActivityManager: Changes in 10096 19 to 11, 0 to 128
06-22 22:22:33.831  1909  3050 I ActivityManager: Changes in 10096 11 to 19, 128 to 0
06-22 22:23:53.317  1909  1972 I ActivityManager: Changes in 10096 19 to 11, 0 to 128
06-22 22:24:03.330  1909  2065 I ActivityManager: Changes in 10096 19 to 19, 128 to 0
06-22 22:24:10.976  1909  1972 I ActivityManager: Changes in 10296 19 to 11, 0 to 128
06-22 22:24:10.983  1909  2537 I ActivityManager: Changes in 10296 11 to 19, 128 to 0
06-22 22:24:12.117  1909  1972 I ActivityManager: Changes in 10296 19 to 11, 0 to 128
06-22 22:24:12.127  1909  1935 I ActivityManager: Changes in 10296 11 to 19, 128 to 0
06-22 22:24:13.319  1909  1972 I ActivityManager: Changes in 10096 19 to 11, 0 to 128
06-22 22:24:23.338  1909  2065 I ActivityManager: Changes in 10096 19 to 19, 128 to 0
06-22 22:24:56.142  6506 18234 W ReactNativeJS: This method is deprecated (as well as all React Native Firebase namespaced API) and will be removed in the next major release as part of move to match Firebase Web modular SDK API. Please see migration guide for more details: https://rnfirebase.io/migrating-to-v22. Method called was `FieldValue`. Please use `FieldValue` instead.
06-22 22:24:56.143  6506 18234 W ReactNativeJS: This method is deprecated (as well as all React Native Firebase namespaced API) and will be removed in the next major release as part of move to match Firebase Web modular SDK API. Please see migration guide for more details: https://rnfirebase.io/migrating-to-v22. Method called was `delete`. Please use `deleteField()` instead.
06-22 22:24:56.143  6506 18234 W ReactNativeJS: This method is deprecated (as well as all React Native Firebase namespaced API) and will be removed in the next major release as part of move to match Firebase Web modular SDK API. Please see migration guide for more details: https://rnfirebase.io/migrating-to-v22. Method called was `FieldValue`. Please use `FieldValue` instead.
06-22 22:24:56.144  6506 18234 W ReactNativeJS: This method is deprecated (as well as all React Native Firebase namespaced API) and will be removed in the next major release as part of move to match Firebase Web modular SDK API. Please see migration guide for more details: https://rnfirebase.io/migrating-to-v22. Method called was `serverTimestamp`. Please use `serverTimestamp()` instead.
06-22 22:26:57.332  6506 18234 W ReactNativeJS: This method is deprecated (as well as all React Native Firebase namespaced API) and will be removed in the next major release as part of move to match Firebase Web modular SDK API. Please see migration guide for more details: https://rnfirebase.io/migrating-to-v22. Method called was `FieldValue`. Please use `FieldValue` instead.
06-22 22:26:57.333  6506 18234 W ReactNativeJS: This method is deprecated (as well as all React Native Firebase namespaced API) and will be removed in the next major release as part of move to match Firebase Web modular SDK API. Please see migration guide for more details: https://rnfirebase.io/migrating-to-v22. Method called was `delete`. Please use `deleteField()` instead.
06-22 22:26:57.335  6506 18234 W ReactNativeJS: This method is deprecated (as well as all React Native Firebase namespaced API) and will be removed in the next major release as part of move to match Firebase Web modular SDK API. Please see migration guide for more details: https://rnfirebase.io/migrating-to-v22. Method called was `FieldValue`. Please use `FieldValue` instead.
06-22 22:26:57.336  6506 18234 W ReactNativeJS: This method is deprecated (as well as all React Native Firebase namespaced API) and will be removed in the next major release as part of move to match Firebase Web modular SDK API. Please see migration guide for more details: https://rnfirebase.io/migrating-to-v22. Method called was `serverTimestamp`. Please use `serverTimestamp()` instead.
06-22 22:28:53.983  1909  1972 I ActivityManager: Changes in 10108 10 to 10, 0 to 128
06-22 22:28:53.991  1909  1972 I ActivityManager: Changes in 10096 19 to 11, 0 to 128
06-22 22:28:53.996  1909  1935 I ActivityManager: Changes in 10108 10 to 10, 128 to 0
06-22 22:28:53.999  1909  1935 I ActivityManager: Changes in 10096 11 to 19, 128 to 0
06-22 22:28:54.015  1909  2065 I ActivityManager: Killing 17544:com.samsung.faceservice/5004 (adj 0): Sync transaction while in frozen state
06-22 22:28:54.017  1909  2065 I ActivityManager: Changes in 5004 19 to 8, 0 to 128
06-22 22:28:54.034  1909  1973 I ActivityManager: Start proc 20074:com.google.android.tts/u0a260 for service {com.google.android.tts/androidx.work.impl.background.systemjob.SystemJobService}
06-22 22:28:54.036  1909  1973 I ActivityManager: ProcessObserver broadcast disabled
06-22 22:28:54.038  1909  1909 I ActivityManager: Changes in 5004 8 to 19, 128 to 0
06-22 22:28:54.062  1909  2537 W ActivityManager: Scheduling restart of crashed service com.samsung.faceservice/androidx.work.impl.background.systemjob.SystemJobService in 1000ms for connection
06-22 22:28:54.143  1909  2225 I ActivityManager: Changes in 99196 19 to 8, 0 to 128
06-22 22:28:54.293  1909  4343 I ActivityManager: Changes in 10260 19 to 8, 0 to 128
06-22 22:28:54.367  1909  4343 I ActivityManager: Changes in 99196 8 to 10, 128 to 0
06-22 22:28:54.615  1909  4343 I ActivityManager: Changes in 10260 8 to 10, 128 to 0
06-22 22:28:55.088  1909  1973 I ActivityManager: Start proc 20119:com.samsung.faceservice/5004 for service {com.samsung.faceservice/androidx.work.impl.background.systemjob.SystemJobService}
06-22 22:28:55.088  1909  1973 I ActivityManager: ProcessObserver broadcast disabled
06-22 22:28:55.288  1909  4343 I ActivityManager: Changes in 5004 19 to 8, 0 to 128
06-22 22:28:55.345  1909  4343 I ActivityManager: Changes in 5004 8 to 10, 128 to 0
06-22 22:28:55.349  1909  4206 I ActivityManager: Killing 19031:com.android.providers.calendar/u0a115 (adj 905): empty #25
06-22 22:28:58.584  6506 18234 W ReactNativeJS: This method is deprecated (as well as all React Native Firebase namespaced API) and will be removed in the next major release as part of move to match Firebase Web modular SDK API. Please see migration guide for more details: https://rnfirebase.io/migrating-to-v22. Method called was `FieldValue`. Please use `FieldValue` instead.
06-22 22:28:58.586  6506 18234 W ReactNativeJS: This method is deprecated (as well as all React Native Firebase namespaced API) and will be removed in the next major release as part of move to match Firebase Web modular SDK API. Please see migration guide for more details: https://rnfirebase.io/migrating-to-v22. Method called was `delete`. Please use `deleteField()` instead.
06-22 22:28:58.587  6506 18234 W ReactNativeJS: This method is deprecated (as well as all React Native Firebase namespaced API) and will be removed in the next major release as part of move to match Firebase Web modular SDK API. Please see migration guide for more details: https://rnfirebase.io/migrating-to-v22. Method called was `FieldValue`. Please use `FieldValue` instead.
06-22 22:28:58.588  6506 18234 W ReactNativeJS: This method is deprecated (as well as all React Native Firebase namespaced API) and will be removed in the next major release as part of move to match Firebase Web modular SDK API. Please see migration guide for more details: https://rnfirebase.io/migrating-to-v22. Method called was `serverTimestamp`. Please use `serverTimestamp()` instead.
06-22 22:29:13.836  1909  1973 I ActivityManager: Start proc 20149:com.samsung.android.privacydashboard/u0a107 for content provider {com.samsung.android.privacydashboard/com.samsung.android.privacydashboard.provider.PermissionAccessInformationContentProvider}
06-22 22:29:13.836  1909  1973 I ActivityManager: ProcessObserver broadcast disabled
06-22 22:29:13.970  1909  4206 I ActivityManager: Changes in 10107 19 to 5, 0 to 144
06-22 22:29:20.075  1909  1971 I ActivityManager: Changes in 10107 5 to 15, 144 to 0
06-22 22:29:29.947  1909  2065 I ActivityManager: Changes in 99196 19 to 8, 0 to 128
06-22 22:29:30.071  1909  4340 I ActivityManager: Changes in 99196 8 to 10, 128 to 0
06-22 22:29:30.372  1909  1972 I ActivityManager: Changes in 99196 19 to 11, 0 to 128
06-22 22:29:30.390  1909  4206 I ActivityManager: Changes in 99196 11 to 19, 128 to 0
06-22 22:29:40.076  1909  1972 I ActivityManager: Killing 19040:com.sec.android.gallery3d/u0a124 (adj 905): empty #25
06-22 22:30:58.853  6506 18234 W ReactNativeJS: This method is deprecated (as well as all React Native Firebase namespaced API) and will be removed in the next major release as part of move to match Firebase Web modular SDK API. Please see migration guide for more details: https://rnfirebase.io/migrating-to-v22. Method called was `FieldValue`. Please use `FieldValue` instead.
06-22 22:30:58.855  6506 18234 W ReactNativeJS: This method is deprecated (as well as all React Native Firebase namespaced API) and will be removed in the next major release as part of move to match Firebase Web modular SDK API. Please see migration guide for more details: https://rnfirebase.io/migrating-to-v22. Method called was `delete`. Please use `deleteField()` instead.
06-22 22:30:58.857  6506 18234 W ReactNativeJS: This method is deprecated (as well as all React Native Firebase namespaced API) and will be removed in the next major release as part of move to match Firebase Web modular SDK API. Please see migration guide for more details: https://rnfirebase.io/migrating-to-v22. Method called was `FieldValue`. Please use `FieldValue` instead.
06-22 22:30:58.858  6506 18234 W ReactNativeJS: This method is deprecated (as well as all React Native Firebase namespaced API) and will be removed in the next major release as part of move to match Firebase Web modular SDK API. Please see migration guide for more details: https://rnfirebase.io/migrating-to-v22. Method called was `serverTimestamp`. Please use `serverTimestamp()` instead.
06-22 22:31:33.321  1909  2065 I ActivityManager: Changes in 10248 19 to 8, 0 to 128
06-22 22:31:33.345  1909  2537 I ActivityManager: Changes in 5004 19 to 8, 0 to 128
06-22 22:31:33.356  1909  4338 I ActivityManager: Changes in 5004 8 to 10, 128 to 0
06-22 22:31:33.378  1909  4343 I ActivityManager: Changes in 10248 8 to 10, 128 to 0
06-22 22:31:44.066  1909  1972 I ActivityManager: Changes in 10296 19 to 11, 0 to 128
06-22 22:31:44.073  1909  4343 I ActivityManager: Changes in 10296 11 to 19, 128 to 0
06-22 22:31:45.233  1909  1972 I ActivityManager: Changes in 10296 19 to 11, 0 to 128
06-22 22:31:45.239  1909  4343 I ActivityManager: Changes in 10296 11 to 19, 128 to 0
06-22 22:33:00.081  6506 18234 W ReactNativeJS: This method is deprecated (as well as all React Native Firebase namespaced API) and will be removed in the next major release as part of move to match Firebase Web modular SDK API. Please see migration guide for more details: https://rnfirebase.io/migrating-to-v22. Method called was `FieldValue`. Please use `FieldValue` instead.
06-22 22:33:00.081  6506 18234 W ReactNativeJS: This method is deprecated (as well as all React Native Firebase namespaced API) and will be removed in the next major release as part of move to match Firebase Web modular SDK API. Please see migration guide for more details: https://rnfirebase.io/migrating-to-v22. Method called was `delete`. Please use `deleteField()` instead.
06-22 22:33:00.082  6506 18234 W ReactNativeJS: This method is deprecated (as well as all React Native Firebase namespaced API) and will be removed in the next major release as part of move to match Firebase Web modular SDK API. Please see migration guide for more details: https://rnfirebase.io/migrating-to-v22. Method called was `FieldValue`. Please use `FieldValue` instead.
06-22 22:33:00.084  6506 18234 W ReactNativeJS: This method is deprecated (as well as all React Native Firebase namespaced API) and will be removed in the next major release as part of move to match Firebase Web modular SDK API. Please see migration guide for more details: https://rnfirebase.io/migrating-to-v22. Method called was `serverTimestamp`. Please use `serverTimestamp()` instead.
06-22 22:33:44.961  1909  1972 I ActivityManager: Changes in 10096 19 to 11, 0 to 128
06-22 22:33:44.964  1909  2225 I ActivityManager: Changes in 10096 11 to 19, 128 to 0
06-22 22:35:01.676  6506 18234 W ReactNativeJS: This method is deprecated (as well as all React Native Firebase namespaced API) and will be removed in the next major release as part of move to match Firebase Web modular SDK API. Please see migration guide for more details: https://rnfirebase.io/migrating-to-v22. Method called was `FieldValue`. Please use `FieldValue` instead.
06-22 22:35:01.677  6506 18234 W ReactNativeJS: This method is deprecated (as well as all React Native Firebase namespaced API) and will be removed in the next major release as part of move to match Firebase Web modular SDK API. Please see migration guide for more details: https://rnfirebase.io/migrating-to-v22. Method called was `delete`. Please use `deleteField()` instead.
06-22 22:35:01.677  6506 18234 W ReactNativeJS: This method is deprecated (as well as all React Native Firebase namespaced API) and will be removed in the next major release as part of move to match Firebase Web modular SDK API. Please see migration guide for more details: https://rnfirebase.io/migrating-to-v22. Method called was `FieldValue`. Please use `FieldValue` instead.
06-22 22:35:01.678  6506 18234 W ReactNativeJS: This method is deprecated (as well as all React Native Firebase namespaced API) and will be removed in the next major release as part of move to match Firebase Web modular SDK API. Please see migration guide for more details: https://rnfirebase.io/migrating-to-v22. Method called was `serverTimestamp`. Please use `serverTimestamp()` instead.
06-22 22:37:02.771  6506 18234 W ReactNativeJS: This method is deprecated (as well as all React Native Firebase namespaced API) and will be removed in the next major release as part of move to match Firebase Web modular SDK API. Please see migration guide for more details: https://rnfirebase.io/migrating-to-v22. Method called was `FieldValue`. Please use `FieldValue` instead.
06-22 22:37:02.771  6506 18234 W ReactNativeJS: This method is deprecated (as well as all React Native Firebase namespaced API) and will be removed in the next major release as part of move to match Firebase Web modular SDK API. Please see migration guide for more details: https://rnfirebase.io/migrating-to-v22. Method called was `delete`. Please use `deleteField()` instead.
06-22 22:37:02.772  6506 18234 W ReactNativeJS: This method is deprecated (as well as all React Native Firebase namespaced API) and will be removed in the next major release as part of move to match Firebase Web modular SDK API. Please see migration guide for more details: https://rnfirebase.io/migrating-to-v22. Method called was `FieldValue`. Please use `FieldValue` instead.
06-22 22:37:02.772  6506 18234 W ReactNativeJS: This method is deprecated (as well as all React Native Firebase namespaced API) and will be removed in the next major release as part of move to match Firebase Web modular SDK API. Please see migration guide for more details: https://rnfirebase.io/migrating-to-v22. Method called was `serverTimestamp`. Please use `serverTimestamp()` instead.
06-22 22:38:33.473  1909  1972 I ActivityManager: Changes in 10096 19 to 11, 0 to 128
06-22 22:38:33.492  1909  4338 I ActivityManager: Changes in 99196 19 to 5, 0 to 184
06-22 22:38:33.493  1909  4338 I ActivityManager: Changes in 10297 6 to 5, 128 to 184
06-22 22:38:34.886  1909  1973 I ActivityManager: Start proc 20462:com.samsung.android.mobileservice/u0a119 for content provider {com.samsung.android.mobileservice/com.samsung.android.mobileservice.social.common.provider.OpenSessionProvider}
06-22 22:38:34.886  1909  1973 I ActivityManager: ProcessObserver broadcast disabled
06-22 22:38:43.483  1909  2065 I ActivityManager: Changes in 10096 19 to 19, 128 to 0
06-22 22:38:48.560  1909  4340 I ActivityManager: Changes in 99196 5 to 10, 184 to 0
06-22 22:38:48.560  1909  4340 I ActivityManager: Changes in 10297 5 to 6, 184 to 128
06-22 22:39:02.108  1909  1972 I ActivityManager: Killing 19032:com.samsung.android.app.reminder/u0a224 (adj 905): empty #25
06-22 22:39:03.838  6506 18234 W ReactNativeJS: This method is deprecated (as well as all React Native Firebase namespaced API) and will be removed in the next major release as part of move to match Firebase Web modular SDK API. Please see migration guide for more details: https://rnfirebase.io/migrating-to-v22. Method called was `FieldValue`. Please use `FieldValue` instead.
06-22 22:39:03.840  6506 18234 W ReactNativeJS: This method is deprecated (as well as all React Native Firebase namespaced API) and will be removed in the next major release as part of move to match Firebase Web modular SDK API. Please see migration guide for more details: https://rnfirebase.io/migrating-to-v22. Method called was `delete`. Please use `deleteField()` instead.
06-22 22:39:03.841  6506 18234 W ReactNativeJS: This method is deprecated (as well as all React Native Firebase namespaced API) and will be removed in the next major release as part of move to match Firebase Web modular SDK API. Please see migration guide for more details: https://rnfirebase.io/migrating-to-v22. Method called was `FieldValue`. Please use `FieldValue` instead.
06-22 22:39:03.842  6506 18234 W ReactNativeJS: This method is deprecated (as well as all React Native Firebase namespaced API) and will be removed in the next major release as part of move to match Firebase Web modular SDK API. Please see migration guide for more details: https://rnfirebase.io/migrating-to-v22. Method called was `serverTimestamp`. Please use `serverTimestamp()` instead.
06-22 22:41:05.088  6506 18234 W ReactNativeJS: This method is deprecated (as well as all React Native Firebase namespaced API) and will be removed in the next major release as part of move to match Firebase Web modular SDK API. Please see migration guide for more details: https://rnfirebase.io/migrating-to-v22. Method called was `FieldValue`. Please use `FieldValue` instead.
06-22 22:41:05.089  6506 18234 W ReactNativeJS: This method is deprecated (as well as all React Native Firebase namespaced API) and will be removed in the next major release as part of move to match Firebase Web modular SDK API. Please see migration guide for more details: https://rnfirebase.io/migrating-to-v22. Method called was `delete`. Please use `deleteField()` instead.
06-22 22:41:05.089  6506 18234 W ReactNativeJS: This method is deprecated (as well as all React Native Firebase namespaced API) and will be removed in the next major release as part of move to match Firebase Web modular SDK API. Please see migration guide for more details: https://rnfirebase.io/migrating-to-v22. Method called was `FieldValue`. Please use `FieldValue` instead.
06-22 22:41:05.090  6506 18234 W ReactNativeJS: This method is deprecated (as well as all React Native Firebase namespaced API) and will be removed in the next major release as part of move to match Firebase Web modular SDK API. Please see migration guide for more details: https://rnfirebase.io/migrating-to-v22. Method called was `serverTimestamp`. Please use `serverTimestamp()` instead.
06-22 22:43:05.321  6506 18234 W ReactNativeJS: This method is deprecated (as well as all React Native Firebase namespaced API) and will be removed in the next major release as part of move to match Firebase Web modular SDK API. Please see migration guide for more details: https://rnfirebase.io/migrating-to-v22. Method called was `FieldValue`. Please use `FieldValue` instead.
06-22 22:43:05.321  6506 18234 W ReactNativeJS: This method is deprecated (as well as all React Native Firebase namespaced API) and will be removed in the next major release as part of move to match Firebase Web modular SDK API. Please see migration guide for more details: https://rnfirebase.io/migrating-to-v22. Method called was `delete`. Please use `deleteField()` instead.
06-22 22:43:05.322  6506 18234 W ReactNativeJS: This method is deprecated (as well as all React Native Firebase namespaced API) and will be removed in the next major release as part of move to match Firebase Web modular SDK API. Please see migration guide for more details: https://rnfirebase.io/migrating-to-v22. Method called was `FieldValue`. Please use `FieldValue` instead.
06-22 22:43:05.324  6506 18234 W ReactNativeJS: This method is deprecated (as well as all React Native Firebase namespaced API) and will be removed in the next major release as part of move to match Firebase Web modular SDK API. Please see migration guide for more details: https://rnfirebase.io/migrating-to-v22. Method called was `serverTimestamp`. Please use `serverTimestamp()` instead.
06-22 22:45:06.072  6506 18234 W ReactNativeJS: This method is deprecated (as well as all React Native Firebase namespaced API) and will be removed in the next major release as part of move to match Firebase Web modular SDK API. Please see migration guide for more details: https://rnfirebase.io/migrating-to-v22. Method called was `FieldValue`. Please use `FieldValue` instead.
06-22 22:45:06.074  6506 18234 W ReactNativeJS: This method is deprecated (as well as all React Native Firebase namespaced API) and will be removed in the next major release as part of move to match Firebase Web modular SDK API. Please see migration guide for more details: https://rnfirebase.io/migrating-to-v22. Method called was `delete`. Please use `deleteField()` instead.
06-22 22:45:06.075  6506 18234 W ReactNativeJS: This method is deprecated (as well as all React Native Firebase namespaced API) and will be removed in the next major release as part of move to match Firebase Web modular SDK API. Please see migration guide for more details: https://rnfirebase.io/migrating-to-v22. Method called was `FieldValue`. Please use `FieldValue` instead.
06-22 22:45:06.077  6506 18234 W ReactNativeJS: This method is deprecated (as well as all React Native Firebase namespaced API) and will be removed in the next major release as part of move to match Firebase Web modular SDK API. Please see migration guide for more details: https://rnfirebase.io/migrating-to-v22. Method called was `serverTimestamp`. Please use `serverTimestamp()` instead.
06-22 22:45:14.154  1909  2225 I ActivityManager: Changes in 10096 19 to 5, 0 to 184
06-22 22:45:24.231  1909  2225 I ActivityManager: Changes in 10096 5 to 10, 184 to 0
06-22 22:46:24.010  1909  1972 I ActivityManager: Changes in 10096 19 to 11, 0 to 128
06-22 22:46:24.014  1909  4340 I ActivityManager: Changes in 10096 11 to 19, 128 to 0
06-22 22:47:07.359  6506 18234 W ReactNativeJS: This method is deprecated (as well as all React Native Firebase namespaced API) and will be removed in the next major release as part of move to match Firebase Web modular SDK API. Please see migration guide for more details: https://rnfirebase.io/migrating-to-v22. Method called was `FieldValue`. Please use `FieldValue` instead.
06-22 22:47:07.359  6506 18234 W ReactNativeJS: This method is deprecated (as well as all React Native Firebase namespaced API) and will be removed in the next major release as part of move to match Firebase Web modular SDK API. Please see migration guide for more details: https://rnfirebase.io/migrating-to-v22. Method called was `delete`. Please use `deleteField()` instead.
06-22 22:47:07.360  6506 18234 W ReactNativeJS: This method is deprecated (as well as all React Native Firebase namespaced API) and will be removed in the next major release as part of move to match Firebase Web modular SDK API. Please see migration guide for more details: https://rnfirebase.io/migrating-to-v22. Method called was `FieldValue`. Please use `FieldValue` instead.
06-22 22:47:07.360  6506 18234 W ReactNativeJS: This method is deprecated (as well as all React Native Firebase namespaced API) and will be removed in the next major release as part of move to match Firebase Web modular SDK API. Please see migration guide for more details: https://rnfirebase.io/migrating-to-v22. Method called was `serverTimestamp`. Please use `serverTimestamp()` instead.
06-22 22:49:07.951  6506 18234 W ReactNativeJS: This method is deprecated (as well as all React Native Firebase namespaced API) and will be removed in the next major release as part of move to match Firebase Web modular SDK API. Please see migration guide for more details: https://rnfirebase.io/migrating-to-v22. Method called was `FieldValue`. Please use `FieldValue` instead.
06-22 22:49:07.953  6506 18234 W ReactNativeJS: This method is deprecated (as well as all React Native Firebase namespaced API) and will be removed in the next major release as part of move to match Firebase Web modular SDK API. Please see migration guide for more details: https://rnfirebase.io/migrating-to-v22. Method called was `delete`. Please use `deleteField()` instead.
06-22 22:49:07.956  6506 18234 W ReactNativeJS: This method is deprecated (as well as all React Native Firebase namespaced API) and will be removed in the next major release as part of move to match Firebase Web modular SDK API. Please see migration guide for more details: https://rnfirebase.io/migrating-to-v22. Method called was `FieldValue`. Please use `FieldValue` instead.
06-22 22:49:07.957  6506 18234 W ReactNativeJS: This method is deprecated (as well as all React Native Firebase namespaced API) and will be removed in the next major release as part of move to match Firebase Web modular SDK API. Please see migration guide for more details: https://rnfirebase.io/migrating-to-v22. Method called was `serverTimestamp`. Please use `serverTimestamp()` instead.
06-22 22:49:11.599  1909  2225 I ActivityManager: Changes in 99196 19 to 5, 0 to 184
06-22 22:49:11.599  1909  2225 I ActivityManager: Changes in 10297 6 to 5, 128 to 184
06-22 22:49:26.637  1909  4356 I ActivityManager: Changes in 99196 5 to 10, 184 to 0
06-22 22:49:26.638  1909  4356 I ActivityManager: Changes in 10297 5 to 6, 184 to 128
06-22 22:51:09.145  6506 18234 W ReactNativeJS: This method is deprecated (as well as all React Native Firebase namespaced API) and will be removed in the next major release as part of move to match Firebase Web modular SDK API. Please see migration guide for more details: https://rnfirebase.io/migrating-to-v22. Method called was `FieldValue`. Please use `FieldValue` instead.
06-22 22:51:09.147  6506 18234 W ReactNativeJS: This method is deprecated (as well as all React Native Firebase namespaced API) and will be removed in the next major release as part of move to match Firebase Web modular SDK API. Please see migration guide for more details: https://rnfirebase.io/migrating-to-v22. Method called was `delete`. Please use `deleteField()` instead.
06-22 22:51:09.149  6506 18234 W ReactNativeJS: This method is deprecated (as well as all React Native Firebase namespaced API) and will be removed in the next major release as part of move to match Firebase Web modular SDK API. Please see migration guide for more details: https://rnfirebase.io/migrating-to-v22. Method called was `FieldValue`. Please use `FieldValue` instead.
06-22 22:51:09.151  6506 18234 W ReactNativeJS: This method is deprecated (as well as all React Native Firebase namespaced API) and will be removed in the next major release as part of move to match Firebase Web modular SDK API. Please see migration guide for more details: https://rnfirebase.io/migrating-to-v22. Method called was `serverTimestamp`. Please use `serverTimestamp()` instead.
06-22 22:53:09.949  6506 18234 W ReactNativeJS: This method is deprecated (as well as all React Native Firebase namespaced API) and will be removed in the next major release as part of move to match Firebase Web modular SDK API. Please see migration guide for more details: https://rnfirebase.io/migrating-to-v22. Method called was `FieldValue`. Please use `FieldValue` instead.
06-22 22:53:09.951  6506 18234 W ReactNativeJS: This method is deprecated (as well as all React Native Firebase namespaced API) and will be removed in the next major release as part of move to match Firebase Web modular SDK API. Please see migration guide for more details: https://rnfirebase.io/migrating-to-v22. Method called was `delete`. Please use `deleteField()` instead.
06-22 22:53:09.952  6506 18234 W ReactNativeJS: This method is deprecated (as well as all React Native Firebase namespaced API) and will be removed in the next major release as part of move to match Firebase Web modular SDK API. Please see migration guide for more details: https://rnfirebase.io/migrating-to-v22. Method called was `FieldValue`. Please use `FieldValue` instead.
06-22 22:53:09.954  6506 18234 W ReactNativeJS: This method is deprecated (as well as all React Native Firebase namespaced API) and will be removed in the next major release as part of move to match Firebase Web modular SDK API. Please see migration guide for more details: https://rnfirebase.io/migrating-to-v22. Method called was `serverTimestamp`. Please use `serverTimestamp()` instead.
06-22 22:55:10.252  6506 18234 W ReactNativeJS: This method is deprecated (as well as all React Native Firebase namespaced API) and will be removed in the next major release as part of move to match Firebase Web modular SDK API. Please see migration guide for more details: https://rnfirebase.io/migrating-to-v22. Method called was `FieldValue`. Please use `FieldValue` instead.
06-22 22:55:10.254  6506 18234 W ReactNativeJS: This method is deprecated (as well as all React Native Firebase namespaced API) and will be removed in the next major release as part of move to match Firebase Web modular SDK API. Please see migration guide for more details: https://rnfirebase.io/migrating-to-v22. Method called was `delete`. Please use `deleteField()` instead.
06-22 22:55:10.256  6506 18234 W ReactNativeJS: This method is deprecated (as well as all React Native Firebase namespaced API) and will be removed in the next major release as part of move to match Firebase Web modular SDK API. Please see migration guide for more details: https://rnfirebase.io/migrating-to-v22. Method called was `FieldValue`. Please use `FieldValue` instead.
06-22 22:55:10.257  6506 18234 W ReactNativeJS: This method is deprecated (as well as all React Native Firebase namespaced API) and will be removed in the next major release as part of move to match Firebase Web modular SDK API. Please see migration guide for more details: https://rnfirebase.io/migrating-to-v22. Method called was `serverTimestamp`. Please use `serverTimestamp()` instead.
06-22 22:57:11.620  6506 18234 W ReactNativeJS: This method is deprecated (as well as all React Native Firebase namespaced API) and will be removed in the next major release as part of move to match Firebase Web modular SDK API. Please see migration guide for more details: https://rnfirebase.io/migrating-to-v22. Method called was `FieldValue`. Please use `FieldValue` instead.
06-22 22:57:11.622  6506 18234 W ReactNativeJS: This method is deprecated (as well as all React Native Firebase namespaced API) and will be removed in the next major release as part of move to match Firebase Web modular SDK API. Please see migration guide for more details: https://rnfirebase.io/migrating-to-v22. Method called was `delete`. Please use `deleteField()` instead.
06-22 22:57:11.623  6506 18234 W ReactNativeJS: This method is deprecated (as well as all React Native Firebase namespaced API) and will be removed in the next major release as part of move to match Firebase Web modular SDK API. Please see migration guide for more details: https://rnfirebase.io/migrating-to-v22. Method called was `FieldValue`. Please use `FieldValue` instead.
06-22 22:57:11.625  6506 18234 W ReactNativeJS: This method is deprecated (as well as all React Native Firebase namespaced API) and will be removed in the next major release as part of move to match Firebase Web modular SDK API. Please see migration guide for more details: https://rnfirebase.io/migrating-to-v22. Method called was `serverTimestamp`. Please use `serverTimestamp()` instead.
06-22 22:58:33.472  1909  1972 I ActivityManager: Changes in 10096 19 to 11, 0 to 128
06-22 22:58:33.486  1909  4206 I ActivityManager: Changes in 99196 19 to 5, 0 to 184
06-22 22:58:33.486  1909  4206 I ActivityManager: Changes in 10297 6 to 5, 128 to 184
06-22 22:58:43.491  1909  2065 I ActivityManager: Changes in 10096 19 to 19, 128 to 0
06-22 22:58:48.554  1909  4206 I ActivityManager: Changes in 99196 5 to 10, 184 to 0
06-22 22:58:48.555  1909  4206 I ActivityManager: Changes in 10297 5 to 6, 184 to 128
06-22 22:59:12.906  6506 18234 W ReactNativeJS: This method is deprecated (as well as all React Native Firebase namespaced API) and will be removed in the next major release as part of move to match Firebase Web modular SDK API. Please see migration guide for more details: https://rnfirebase.io/migrating-to-v22. Method called was `FieldValue`. Please use `FieldValue` instead.
06-22 22:59:12.907  6506 18234 W ReactNativeJS: This method is deprecated (as well as all React Native Firebase namespaced API) and will be removed in the next major release as part of move to match Firebase Web modular SDK API. Please see migration guide for more details: https://rnfirebase.io/migrating-to-v22. Method called was `delete`. Please use `deleteField()` instead.
06-22 22:59:12.907  6506 18234 W ReactNativeJS: This method is deprecated (as well as all React Native Firebase namespaced API) and will be removed in the next major release as part of move to match Firebase Web modular SDK API. Please see migration guide for more details: https://rnfirebase.io/migrating-to-v22. Method called was `FieldValue`. Please use `FieldValue` instead.
06-22 22:59:12.908  6506 18234 W ReactNativeJS: This method is deprecated (as well as all React Native Firebase namespaced API) and will be removed in the next major release as part of move to match Firebase Web modular SDK API. Please see migration guide for more details: https://rnfirebase.io/migrating-to-v22. Method called was `serverTimestamp`. Please use `serverTimestamp()` instead.
06-22 22:59:14.037  1909  9411 I ActivityManager: Changes in 10107 19 to 5, 0 to 144
06-22 22:59:20.116  1909  1971 I ActivityManager: Changes in 10107 5 to 15, 144 to 0
06-22 23:00:00.020  1909  1972 I ActivityManager: Changes in 10108 10 to 10, 0 to 128
06-22 23:00:00.025  1909  2537 I ActivityManager: Changes in 10108 10 to 10, 128 to 0
06-22 23:00:00.031  1909  1972 I ActivityManager: Changes in 10096 19 to 11, 0 to 128
06-22 23:00:00.033  1909  1973 I ActivityManager: Start proc 20896:com.samsung.android.game.gos/u0a76 for service {com.samsung.android.game.gos/com.samsung.android.game.gos.service.MainIntentService}
06-22 23:00:00.039  1909  1973 I ActivityManager: ProcessObserver broadcast disabled
06-22 23:00:00.082  1909  2537 I ActivityManager: Changes in 10096 11 to 19, 128 to 0
06-22 23:00:00.459  1909  4206 I ActivityManager: Killing 19161:com.samsung.android.intellivoiceservice/u0a121 (adj 905): empty #25
06-22 23:01:13.616  6506 18234 W ReactNativeJS: This method is deprecated (as well as all React Native Firebase namespaced API) and will be removed in the next major release as part of move to match Firebase Web modular SDK API. Please see migration guide for more details: https://rnfirebase.io/migrating-to-v22. Method called was `FieldValue`. Please use `FieldValue` instead.
06-22 23:01:13.618  6506 18234 W ReactNativeJS: This method is deprecated (as well as all React Native Firebase namespaced API) and will be removed in the next major release as part of move to match Firebase Web modular SDK API. Please see migration guide for more details: https://rnfirebase.io/migrating-to-v22. Method called was `delete`. Please use `deleteField()` instead.
06-22 23:01:13.619  6506 18234 W ReactNativeJS: This method is deprecated (as well as all React Native Firebase namespaced API) and will be removed in the next major release as part of move to match Firebase Web modular SDK API. Please see migration guide for more details: https://rnfirebase.io/migrating-to-v22. Method called was `FieldValue`. Please use `FieldValue` instead.
06-22 23:01:13.619  6506 18234 W ReactNativeJS: This method is deprecated (as well as all React Native Firebase namespaced API) and will be removed in the next major release as part of move to match Firebase Web modular SDK API. Please see migration guide for more details: https://rnfirebase.io/migrating-to-v22. Method called was `serverTimestamp`. Please use `serverTimestamp()` instead.
06-22 23:03:14.885  6506 18234 W ReactNativeJS: This method is deprecated (as well as all React Native Firebase namespaced API) and will be removed in the next major release as part of move to match Firebase Web modular SDK API. Please see migration guide for more details: https://rnfirebase.io/migrating-to-v22. Method called was `FieldValue`. Please use `FieldValue` instead.
06-22 23:03:14.889  6506 18234 W ReactNativeJS: This method is deprecated (as well as all React Native Firebase namespaced API) and will be removed in the next major release as part of move to match Firebase Web modular SDK API. Please see migration guide for more details: https://rnfirebase.io/migrating-to-v22. Method called was `delete`. Please use `deleteField()` instead.
06-22 23:03:14.890  6506 18234 W ReactNativeJS: This method is deprecated (as well as all React Native Firebase namespaced API) and will be removed in the next major release as part of move to match Firebase Web modular SDK API. Please see migration guide for more details: https://rnfirebase.io/migrating-to-v22. Method called was `FieldValue`. Please use `FieldValue` instead.
06-22 23:03:14.892  6506 18234 W ReactNativeJS: This method is deprecated (as well as all React Native Firebase namespaced API) and will be removed in the next major release as part of move to match Firebase Web modular SDK API. Please see migration guide for more details: https://rnfirebase.io/migrating-to-v22. Method called was `serverTimestamp`. Please use `serverTimestamp()` instead.
06-22 23:03:44.961  1909  1972 I ActivityManager: Changes in 10096 19 to 11, 0 to 128
06-22 23:03:44.965  1909  1935 I ActivityManager: Changes in 10096 11 to 19, 128 to 0
06-22 23:05:15.731  6506 18234 W ReactNativeJS: This method is deprecated (as well as all React Native Firebase namespaced API) and will be removed in the next major release as part of move to match Firebase Web modular SDK API. Please see migration guide for more details: https://rnfirebase.io/migrating-to-v22. Method called was `FieldValue`. Please use `FieldValue` instead.
06-22 23:05:15.733  6506 18234 W ReactNativeJS: This method is deprecated (as well as all React Native Firebase namespaced API) and will be removed in the next major release as part of move to match Firebase Web modular SDK API. Please see migration guide for more details: https://rnfirebase.io/migrating-to-v22. Method called was `delete`. Please use `deleteField()` instead.
06-22 23:05:15.735  6506 18234 W ReactNativeJS: This method is deprecated (as well as all React Native Firebase namespaced API) and will be removed in the next major release as part of move to match Firebase Web modular SDK API. Please see migration guide for more details: https://rnfirebase.io/migrating-to-v22. Method called was `FieldValue`. Please use `FieldValue` instead.
06-22 23:05:15.736  6506 18234 W ReactNativeJS: This method is deprecated (as well as all React Native Firebase namespaced API) and will be removed in the next major release as part of move to match Firebase Web modular SDK API. Please see migration guide for more details: https://rnfirebase.io/migrating-to-v22. Method called was `serverTimestamp`. Please use `serverTimestamp()` instead.
06-22 23:07:17.030  6506 18234 W ReactNativeJS: This method is deprecated (as well as all React Native Firebase namespaced API) and will be removed in the next major release as part of move to match Firebase Web modular SDK API. Please see migration guide for more details: https://rnfirebase.io/migrating-to-v22. Method called was `FieldValue`. Please use `FieldValue` instead.
06-22 23:07:17.031  6506 18234 W ReactNativeJS: This method is deprecated (as well as all React Native Firebase namespaced API) and will be removed in the next major release as part of move to match Firebase Web modular SDK API. Please see migration guide for more details: https://rnfirebase.io/migrating-to-v22. Method called was `delete`. Please use `deleteField()` instead.
06-22 23:07:17.031  6506 18234 W ReactNativeJS: This method is deprecated (as well as all React Native Firebase namespaced API) and will be removed in the next major release as part of move to match Firebase Web modular SDK API. Please see migration guide for more details: https://rnfirebase.io/migrating-to-v22. Method called was `FieldValue`. Please use `FieldValue` instead.
06-22 23:07:17.031  6506 18234 W ReactNativeJS: This method is deprecated (as well as all React Native Firebase namespaced API) and will be removed in the next major release as part of move to match Firebase Web modular SDK API. Please see migration guide for more details: https://rnfirebase.io/migrating-to-v22. Method called was `serverTimestamp`. Please use `serverTimestamp()` instead.
06-22 23:09:18.346  6506 18234 W ReactNativeJS: This method is deprecated (as well as all React Native Firebase namespaced API) and will be removed in the next major release as part of move to match Firebase Web modular SDK API. Please see migration guide for more details: https://rnfirebase.io/migrating-to-v22. Method called was `FieldValue`. Please use `FieldValue` instead.
06-22 23:09:18.346  6506 18234 W ReactNativeJS: This method is deprecated (as well as all React Native Firebase namespaced API) and will be removed in the next major release as part of move to match Firebase Web modular SDK API. Please see migration guide for more details: https://rnfirebase.io/migrating-to-v22. Method called was `delete`. Please use `deleteField()` instead.
06-22 23:09:18.347  6506 18234 W ReactNativeJS: This method is deprecated (as well as all React Native Firebase namespaced API) and will be removed in the next major release as part of move to match Firebase Web modular SDK API. Please see migration guide for more details: https://rnfirebase.io/migrating-to-v22. Method called was `FieldValue`. Please use `FieldValue` instead.
06-22 23:09:18.347  6506 18234 W ReactNativeJS: This method is deprecated (as well as all React Native Firebase namespaced API) and will be removed in the next major release as part of move to match Firebase Web modular SDK API. Please see migration guide for more details: https://rnfirebase.io/migrating-to-v22. Method called was `serverTimestamp`. Please use `serverTimestamp()` instead.
06-22 23:11:18.964  6506 18234 W ReactNativeJS: This method is deprecated (as well as all React Native Firebase namespaced API) and will be removed in the next major release as part of move to match Firebase Web modular SDK API. Please see migration guide for more details: https://rnfirebase.io/migrating-to-v22. Method called was `FieldValue`. Please use `FieldValue` instead.
06-22 23:11:18.965  6506 18234 W ReactNativeJS: This method is deprecated (as well as all React Native Firebase namespaced API) and will be removed in the next major release as part of move to match Firebase Web modular SDK API. Please see migration guide for more details: https://rnfirebase.io/migrating-to-v22. Method called was `delete`. Please use `deleteField()` instead.
06-22 23:11:18.967  6506 18234 W ReactNativeJS: This method is deprecated (as well as all React Native Firebase namespaced API) and will be removed in the next major release as part of move to match Firebase Web modular SDK API. Please see migration guide for more details: https://rnfirebase.io/migrating-to-v22. Method called was `FieldValue`. Please use `FieldValue` instead.
06-22 23:11:18.968  6506 18234 W ReactNativeJS: This method is deprecated (as well as all React Native Firebase namespaced API) and will be removed in the next major release as part of move to match Firebase Web modular SDK API. Please see migration guide for more details: https://rnfirebase.io/migrating-to-v22. Method called was `serverTimestamp`. Please use `serverTimestamp()` instead.
06-22 23:12:41.799  1909  1972 I ActivityManager: Changes in 10096 19 to 11, 0 to 128
06-22 23:12:41.802  1909  4340 I ActivityManager: Changes in 10096 11 to 19, 128 to 0
06-22 23:13:19.871  6506 18234 W ReactNativeJS: This method is deprecated (as well as all React Native Firebase namespaced API) and will be removed in the next major release as part of move to match Firebase Web modular SDK API. Please see migration guide for more details: https://rnfirebase.io/migrating-to-v22. Method called was `FieldValue`. Please use `FieldValue` instead.
06-22 23:13:19.871  6506 18234 W ReactNativeJS: This method is deprecated (as well as all React Native Firebase namespaced API) and will be removed in the next major release as part of move to match Firebase Web modular SDK API. Please see migration guide for more details: https://rnfirebase.io/migrating-to-v22. Method called was `delete`. Please use `deleteField()` instead.
06-22 23:13:19.872  6506 18234 W ReactNativeJS: This method is deprecated (as well as all React Native Firebase namespaced API) and will be removed in the next major release as part of move to match Firebase Web modular SDK API. Please see migration guide for more details: https://rnfirebase.io/migrating-to-v22. Method called was `FieldValue`. Please use `FieldValue` instead.
06-22 23:13:19.872  6506 18234 W ReactNativeJS: This method is deprecated (as well as all React Native Firebase namespaced API) and will be removed in the next major release as part of move to match Firebase Web modular SDK API. Please see migration guide for more details: https://rnfirebase.io/migrating-to-v22. Method called was `serverTimestamp`. Please use `serverTimestamp()` instead.
06-22 23:14:16.844  1909  1972 I ActivityManager: Changes in 10096 19 to 11, 0 to 128
06-22 23:14:16.846  1909  4174 I ActivityManager: Changes in 10096 11 to 19, 128 to 0
06-22 23:17:21.463  1909  1972 I ActivityManager: Changes in 10096 19 to 11, 0 to 128
06-22 23:17:21.476  1909  4340 I ActivityManager: Changes in 99196 19 to 5, 0 to 184
06-22 23:17:21.477  1909  4340 I ActivityManager: Changes in 10297 6 to 5, 128 to 184
06-22 23:17:31.466  1909  2065 I ActivityManager: Changes in 10096 19 to 19, 128 to 0
06-22 23:17:43.168  1909  1972 I ActivityManager: Changes in 10096 19 to 11, 0 to 128
06-22 23:17:45.118  1909  4338 I ActivityManager: Changes in 99196 5 to 10, 184 to 0
06-22 23:17:45.118  1909  4338 I ActivityManager: Changes in 10297 5 to 6, 184 to 128
06-22 23:17:53.178  1909  2065 I ActivityManager: Changes in 10096 19 to 19, 128 to 0
06-22 23:18:17.801  1909  1972 I ActivityManager: Changes in 10096 19 to 11, 0 to 128
06-22 23:18:17.806  1909  4338 I ActivityManager: Changes in 10096 11 to 19, 128 to 0
06-22 23:20:24.824  1909  1972 I ActivityManager: Changes in 10096 19 to 11, 0 to 128
06-22 23:20:24.831  1909  4356 I ActivityManager: Changes in 10096 11 to 19, 128 to 0
06-22 23:21:55.845  1909  1972 I ActivityManager: Changes in 10096 19 to 11, 0 to 128
06-22 23:21:55.847  1909  4356 I ActivityManager: Changes in 10096 11 to 19, 128 to 0
06-22 23:22:36.824  1909  1972 I ActivityManager: Changes in 10096 19 to 11, 0 to 128
06-22 23:22:36.828  1909  4174 I ActivityManager: Changes in 10096 11 to 19, 128 to 0
06-22 23:22:42.538  1909  1972 I ActivityManager: Changes in 10096 19 to 11, 0 to 128
06-22 23:22:52.547  1909  2065 I ActivityManager: Changes in 10096 19 to 19, 128 to 0
06-22 23:23:02.543  1909  1972 I ActivityManager: Changes in 10096 19 to 11, 0 to 128
06-22 23:23:12.556  1909  2065 I ActivityManager: Changes in 10096 19 to 19, 128 to 0
06-22 23:24:20.584  1909  4343 I ActivityManager: Changes in 99196 19 to 8, 0 to 128
06-22 23:24:20.719  1909  4174 I ActivityManager: Changes in 99196 8 to 5, 128 to 184
06-22 23:24:20.719  1909  4174 I ActivityManager: Changes in 10297 6 to 5, 128 to 184
06-22 23:24:35.768  1909  4174 I ActivityManager: Changes in 99196 5 to 10, 184 to 0
06-22 23:24:35.768  1909  4174 I ActivityManager: Changes in 10297 5 to 6, 184 to 128
06-22 23:24:51.825  1909  1972 I ActivityManager: Changes in 10096 19 to 11, 0 to 128
06-22 23:24:51.832  1909  4174 I ActivityManager: Changes in 10096 11 to 19, 128 to 0
06-22 23:25:45.824  1909  1972 I ActivityManager: Changes in 10096 19 to 11, 0 to 128
06-22 23:25:45.827  1909  4343 I ActivityManager: Changes in 10096 11 to 19, 128 to 0
06-22 23:26:42.825  1909  1972 I ActivityManager: Changes in 10096 19 to 11, 0 to 128
06-22 23:26:42.830  1909  4338 I ActivityManager: Changes in 10096 11 to 19, 128 to 0
06-22 23:27:23.664  6506 18234 W ReactNativeJS: This method is deprecated (as well as all React Native Firebase namespaced API) and will be removed in the next major release as part of move to match Firebase Web modular SDK API. Please see migration guide for more details: https://rnfirebase.io/migrating-to-v22. Method called was `FieldValue`. Please use `FieldValue` instead.
06-22 23:27:23.664  6506 18234 W ReactNativeJS: This method is deprecated (as well as all React Native Firebase namespaced API) and will be removed in the next major release as part of move to match Firebase Web modular SDK API. Please see migration guide for more details: https://rnfirebase.io/migrating-to-v22. Method called was `delete`. Please use `deleteField()` instead.
06-22 23:27:23.664  6506 18234 W ReactNativeJS: This method is deprecated (as well as all React Native Firebase namespaced API) and will be removed in the next major release as part of move to match Firebase Web modular SDK API. Please see migration guide for more details: https://rnfirebase.io/migrating-to-v22. Method called was `FieldValue`. Please use `FieldValue` instead.
06-22 23:27:23.665  6506 18234 W ReactNativeJS: This method is deprecated (as well as all React Native Firebase namespaced API) and will be removed in the next major release as part of move to match Firebase Web modular SDK API. Please see migration guide for more details: https://rnfirebase.io/migrating-to-v22. Method called was `serverTimestamp`. Please use `serverTimestamp()` instead.
06-22 23:28:01.630  1909  1972 I ActivityManager: Changes in 10096 19 to 11, 0 to 128
06-22 23:28:01.660  1909  4174 I ActivityManager: Changes in 99196 19 to 5, 0 to 184
06-22 23:28:01.660  1909  4174 I ActivityManager: Changes in 10297 6 to 5, 128 to 184
06-22 23:28:11.645  1909  2065 I ActivityManager: Changes in 10096 19 to 19, 128 to 0
06-22 23:28:16.680  1909  4343 I ActivityManager: Changes in 99196 5 to 10, 184 to 0
06-22 23:28:16.682  1909  4343 I ActivityManager: Changes in 10297 5 to 6, 184 to 128
06-22 23:28:21.632  1909  1972 I ActivityManager: Changes in 10096 19 to 11, 0 to 128
06-22 23:28:31.643  1909  2065 I ActivityManager: Changes in 10096 19 to 19, 128 to 0
06-22 23:29:14.312  1909  9411 I ActivityManager: Changes in 10107 19 to 5, 0 to 144
06-22 23:29:20.397  1909  1971 I ActivityManager: Changes in 10107 5 to 15, 144 to 0
06-22 23:29:21.131  1909  1973 I ActivityManager: Start proc 21610:com.android.providers.calendar/u0a115 for content provider {com.android.providers.calendar/com.android.providers.calendar.CalendarProvider2}
06-22 23:29:21.131  1909  1973 I ActivityManager: ProcessObserver broadcast disabled
06-22 23:29:21.143  1909  1973 I ActivityManager: Start proc 21611:com.samsung.android.app.reminder/u0a224 for content provider {com.samsung.android.app.reminder/com.samsung.android.app.reminder.data.provider.ReminderProvider}
06-22 23:29:21.146  1909  1973 I ActivityManager: ProcessObserver broadcast disabled
06-22 23:29:21.170  1909  4338 W ActivityManager: pid 8104 com.samsung.android.scs sent binder code 1 with flags 2 to frozen apps and got error -2147483646
06-22 23:29:21.172  1909  1973 I ActivityManager: Start proc 21622:com.sec.android.gallery3d/u0a124 for content provider {com.sec.android.gallery3d/com.samsung.android.gallery.app.provider.LocalProvider2}
06-22 23:29:21.173  1909  1973 I ActivityManager: ProcessObserver broadcast disabled
06-22 23:29:21.175  1909  1972 I ActivityManager: Killing 19066:com.samsung.cmh/5004 (adj 905): Sync transaction while frozen
06-22 23:29:21.189  1909  3050 I ActivityManager: Process com.samsung.cmh (pid 19066) early provider death
06-22 23:29:21.202  1909  4338 W ActivityManager: ProcessRecord{1110113 0:com.samsung.cmh/5004} is attached to a previous process 19066
06-22 23:29:21.234  1909  1973 I ActivityManager: Start proc 21646:com.samsung.cmh/5004 for content provider {com.samsung.cmh/com.samsung.cmh.provider.CMHProvider}
06-22 23:29:21.234  1909  1973 I ActivityManager: ProcessObserver broadcast disabled
06-22 23:29:21.297  1909  4174 I ActivityManager: Killing 19414:com.sec.android.provider.badge/u0a55 (adj 905): empty #25
06-22 23:29:21.334  1909  4340 I ActivityManager: Killing 19166:com.samsung.android.networkdiagnostic/5023 (adj 905): empty #25
06-22 23:29:21.473  1909  3301 W ActivityManager: pid 21646 com.samsung.cmh sent binder code 21 with flags 2 to frozen apps and got error -2147483646
06-22 23:29:40.400  1909  1972 I ActivityManager: Killing 19176:com.android.vending/u0a251 (adj 905): empty #25
06-22 23:30:00.007  1909  1972 I ActivityManager: Changes in 10096 19 to 11, 0 to 128
06-22 23:30:00.017  1909  4206 I ActivityManager: Changes in 10096 11 to 19, 128 to 0
06-22 23:30:31.199  1909  4211 I ActivityManager: Killing 20119:com.samsung.faceservice/5004 (adj 905): Sync transaction while in frozen state
06-22 23:30:37.479  1909  4174 I ActivityManager: Force stopping com.arcfire.online appid=11063 user=0: from pid 21757
06-22 23:30:37.488  1909  4174 I ActivityManager: Killing 6506:com.arcfire.online/u0a1063 (adj 0): stop com.arcfire.online due to from pid 21757
06-22 23:30:37.526  1909  4174 I ActivityManager: Killing 18289:com.google.android.apps.photos/u0a313 (adj 995): empty #25
06-22 23:30:37.527  1909  4174 I ActivityManager: Changes in 10147 5 to 2, 184 to 255
06-22 23:30:37.584  1909  3698 I ActivityManager: Changes in 10297 6 to 3, 128 to 184
06-22 23:30:37.739  1909  1965 W ActivityManager: setHasOverlayUi called on unknown pid: 6506
06-22 23:30:38.100  1909  2769 W ActivityManager: pid 1909 system sent binder code 7 with flags 1 to frozen apps and got error -32
06-22 23:30:42.035  1909  3698 W ActivityManager: registerReceiverWithFeature: no app for null
06-22 23:30:42.144  1909  1973 I ActivityManager: Start proc 21849:com.arcfire.online/u0a1063 for next-top-activity {com.arcfire.online/com.arcfire.online.MainActivity}
06-22 23:30:42.148  1909  1973 I ActivityManager: ProcessObserver broadcast disabled
06-22 23:30:42.221  1909  4356 I ActivityManager: Changes in 11063 19 to 2, 0 to 255
06-22 23:30:42.792  1909  2720 I ActivityManager: Changes in 99196 19 to 3, 0 to 184
06-22 23:30:43.615  1909  1965 I ActivityManager: Changes in 10147 2 to 5, 255 to 184
06-22 23:30:53.733  1909  2769 I ActivityManager: Changes in 99196 3 to 10, 184 to 0
06-22 23:30:53.734  1909  2769 I ActivityManager: Changes in 10297 3 to 6, 184 to 128
06-22 23:31:29.799 21849 22017 W ReactNativeJS: 'This method is deprecated (as well as all React Native Firebase namespaced API) and will be removed in the next major release as part of move to match Firebase Web modular SDK API. Please see migration guide for more details: https://rnfirebase.io/migrating-to-v22 Please use `getApp()` instead.', { [Component Stack] name: 'Component Stack' }
06-22 23:31:29.817 21849 22017 W ReactNativeJS: 'This method is deprecated (as well as all React Native Firebase namespaced API) and will be removed in the next major release as part of move to match Firebase Web modular SDK API. Please see migration guide for more details: https://rnfirebase.io/migrating-to-v22 Please use `getApp()` instead.', { [Component Stack] name: 'Component Stack' }
06-22 23:31:29.833 21849 22017 W ReactNativeJS: 'This method is deprecated (as well as all React Native Firebase namespaced API) and will be removed in the next major release as part of move to match Firebase Web modular SDK API. Please see migration guide for more details: https://rnfirebase.io/migrating-to-v22. Method called was `settings`. Please use `settings()` instead.', { [Component Stack] name: 'Component Stack' }
06-22 23:31:29.851 21849 22017 W ReactNativeJS: 'This method is deprecated (as well as all React Native Firebase namespaced API) and will be removed in the next major release as part of move to match Firebase Web modular SDK API. Please see migration guide for more details: https://rnfirebase.io/migrating-to-v22 Please use `getApp()` instead.', { [Component Stack] name: 'Component Stack' }
06-22 23:31:29.863 21849 22017 W ReactNativeJS: 'This method is deprecated (as well as all React Native Firebase namespaced API) and will be removed in the next major release as part of move to match Firebase Web modular SDK API. Please see migration guide for more details: https://rnfirebase.io/migrating-to-v22. Method called was `logEvent`. Please use `logEvent()` instead.', { [Component Stack] name: 'Component Stack' }
06-22 23:31:29.971  1909  4356 I ActivityManager: Changes in 99196 19 to 3, 0 to 184
06-22 23:31:29.974  1909  4356 I ActivityManager: Changes in 10297 6 to 3, 128 to 184
06-22 23:31:30.206 21849 22017 W ReactNativeJS: This method is deprecated (as well as all React Native Firebase namespaced API) and will be removed in the next major release as part of move to match Firebase Web modular SDK API. Please see migration guide for more details: https://rnfirebase.io/migrating-to-v22. Method called was `FieldValue`. Please use `FieldValue` instead.
06-22 23:31:30.207 21849 22017 W ReactNativeJS: This method is deprecated (as well as all React Native Firebase namespaced API) and will be removed in the next major release as part of move to match Firebase Web modular SDK API. Please see migration guide for more details: https://rnfirebase.io/migrating-to-v22. Method called was `delete`. Please use `deleteField()` instead.
06-22 23:31:30.208 21849 22017 W ReactNativeJS: This method is deprecated (as well as all React Native Firebase namespaced API) and will be removed in the next major release as part of move to match Firebase Web modular SDK API. Please see migration guide for more details: https://rnfirebase.io/migrating-to-v22. Method called was `FieldValue`. Please use `FieldValue` instead.
06-22 23:31:30.209 21849 22017 W ReactNativeJS: This method is deprecated (as well as all React Native Firebase namespaced API) and will be removed in the next major release as part of move to match Firebase Web modular SDK API. Please see migration guide for more details: https://rnfirebase.io/migrating-to-v22. Method called was `serverTimestamp`. Please use `serverTimestamp()` instead.
06-22 23:31:34.403 21849 22017 W ReactNativeJS: This method is deprecated (as well as all React Native Firebase namespaced API) and will be removed in the next major release as part of move to match Firebase Web modular SDK API. Please see migration guide for more details: https://rnfirebase.io/migrating-to-v22. Method called was `FieldValue`. Please use `FieldValue` instead.
06-22 23:31:34.403 21849 22017 W ReactNativeJS: This method is deprecated (as well as all React Native Firebase namespaced API) and will be removed in the next major release as part of move to match Firebase Web modular SDK API. Please see migration guide for more details: https://rnfirebase.io/migrating-to-v22. Method called was `delete`. Please use `deleteField()` instead.
06-22 23:31:34.403 21849 22017 W ReactNativeJS: This method is deprecated (as well as all React Native Firebase namespaced API) and will be removed in the next major release as part of move to match Firebase Web modular SDK API. Please see migration guide for more details: https://rnfirebase.io/migrating-to-v22. Method called was `FieldValue`. Please use `FieldValue` instead.
06-22 23:31:34.403 21849 22017 W ReactNativeJS: This method is deprecated (as well as all React Native Firebase namespaced API) and will be removed in the next major release as part of move to match Firebase Web modular SDK API. Please see migration guide for more details: https://rnfirebase.io/migrating-to-v22. Method called was `serverTimestamp`. Please use `serverTimestamp()` instead.
06-22 23:31:40.061  1909  3698 I ActivityManager: Changes in 99196 3 to 10, 184 to 0
06-22 23:31:40.061  1909  3698 I ActivityManager: Changes in 10297 3 to 6, 184 to 128
06-22 23:32:18.970  1909  1972 I ActivityManager: Changes in 10108 10 to 10, 0 to 128
06-22 23:32:18.973  1909  1972 I ActivityManager: Changes in 10096 19 to 11, 0 to 128
06-22 23:32:18.981  1909  4356 I ActivityManager: Changes in 10108 10 to 10, 128 to 0
06-22 23:32:18.983  1909  4356 I ActivityManager: Changes in 10096 11 to 19, 128 to 0
06-22 23:32:19.013  1909  4356 I ActivityManager: Changes in 99196 19 to 3, 0 to 184
06-22 23:32:19.013  1909  4356 I ActivityManager: Changes in 10297 6 to 3, 128 to 184
06-22 23:32:34.088  1909  2720 I ActivityManager: Changes in 99196 3 to 10, 184 to 0
06-22 23:32:34.088  1909  2720 I ActivityManager: Changes in 10297 3 to 6, 184 to 128
06-22 23:32:41.410  1909  2065 I ActivityManager: Changes in 10251 19 to 8, 0 to 128
06-22 23:32:41.417  1909  1973 I ActivityManager: Start proc 22122:com.google.android.apps.tachyon/u0a254 for service {com.google.android.apps.tachyon/androidx.work.impl.background.systemjob.SystemJobService}
06-22 23:32:41.418  1909  1973 I ActivityManager: ProcessObserver broadcast disabled
06-22 23:32:41.431  1909  1973 I ActivityManager: Start proc 22125:com.google.android.partnersetup/u0a243 for service {com.google.android.partnersetup/com.google.android.partnersetup.InstalledAppJobService}
06-22 23:32:41.436  1909  1973 I ActivityManager: ProcessObserver broadcast disabled
06-22 23:32:41.485  1909  1909 I ActivityManager: Changes in 10248 19 to 8, 0 to 128
06-22 23:32:41.535  1909  2769 I ActivityManager: Changes in 10243 19 to 8, 0 to 128
06-22 23:32:41.542  1909  4356 I ActivityManager: Changes in 10248 8 to 10, 128 to 0
06-22 23:32:41.544  1909  1973 I ActivityManager: Start proc 22167:com.samsung.faceservice/5004 for service {com.samsung.faceservice/androidx.work.impl.background.systemjob.SystemJobService}
06-22 23:32:41.544  1909  1973 I ActivityManager: ProcessObserver broadcast disabled
06-22 23:32:41.550  1909  4356 I ActivityManager: Changes in 5004 19 to 8, 0 to 128
06-22 23:32:41.588  1909  2225 I ActivityManager: Changes in 10243 8 to 10, 128 to 0
06-22 23:32:41.611  1909  4356 I ActivityManager: Changes in 5004 8 to 10, 128 to 0
06-22 23:32:41.614  1909  1973 I ActivityManager: Start proc 22200:com.google.android.apps.turbo:aab/u0a250 for service {com.google.android.apps.turbo/com.google.android.libraries.smartbattery.appusage.library.InferAppBucketsJob}
06-22 23:32:41.614  1909  1973 I ActivityManager: ProcessObserver broadcast disabled
06-22 23:32:41.623  1909  4356 I ActivityManager: Changes in 10095 19 to 8, 0 to 128
06-22 23:32:41.691  1909  4356 I ActivityManager: Changes in 10095 8 to 10, 128 to 0
06-22 23:32:41.704  1909  4340 I ActivityManager: Changes in 99196 19 to 8, 0 to 128
06-22 23:32:41.706  1909  4340 I ActivityManager: Changes in 10254 19 to 8, 0 to 128
06-22 23:32:41.723  1909  4356 I ActivityManager: Changes in 10243 19 to 8, 0 to 128
06-22 23:32:41.735  1909  2749 I ActivityManager: Changes in 5004 19 to 8, 0 to 128
06-22 23:32:41.784  1909  2749 I ActivityManager: Changes in 10251 8 to 10, 128 to 0
06-22 23:32:41.789  1909  2749 I ActivityManager: Changes in 10119 19 to 8, 0 to 128
06-22 23:32:41.790  1909  2769 I ActivityManager: Changes in 10250 19 to 8, 0 to 128
06-22 23:32:41.792  1909  2867 I ActivityManager: Changes in 10243 8 to 10, 128 to 0
06-22 23:32:41.808  1909  1973 I ActivityManager: Start proc 22257:com.samsung.sait.sohservice/1000 for service {com.samsung.sait.sohservice/androidx.work.impl.background.systemjob.SystemJobService}
06-22 23:32:41.808  1909  1973 I ActivityManager: ProcessObserver broadcast disabled
06-22 23:32:41.817  1909  2749 I ActivityManager: Changes in 10119 8 to 10, 128 to 0
06-22 23:32:41.840  1909  4340 I ActivityManager: Changes in 5004 8 to 10, 128 to 0
06-22 23:32:41.852  1909  2065 I ActivityManager: Changes in 10095 19 to 8, 0 to 128
06-22 23:32:41.866  1909  2749 I ActivityManager: Changes in 10095 8 to 10, 128 to 0
06-22 23:32:41.874  1909  1972 I ActivityManager: com.samsung.android.app.telephonyui is exempt from freezer by list
06-22 23:32:41.887  1909  2065 I ActivityManager: Changes in 10243 19 to 8, 0 to 128
06-22 23:32:41.888  1909  1973 I ActivityManager: Start proc 22272:com.samsung.android.app.telephonyui/1001 for broadcast {com.samsung.android.app.telephonyui/com.samsung.android.app.telephonyui.netsettings.ui.receiver.SimManagerInfoReceiver}
06-22 23:32:41.889  1909  1973 I ActivityManager: ProcessObserver broadcast disabled
06-22 23:32:41.907  1909  4340 I ActivityManager: Changes in 99196 8 to 10, 128 to 0
06-22 23:32:41.908  1909  4340 I ActivityManager: Changes in 10254 8 to 10, 128 to 0
06-22 23:32:41.920  1909  4340 I ActivityManager: Killing 19611:com.samsung.android.sm.provider/1000 (adj 975): empty #25
06-22 23:32:41.923  1909  4340 I ActivityManager: Killing 18359:com.google.android.youtube/u0a271 (adj 985): empty #26
06-22 23:32:41.934  1909  3698 I ActivityManager: Changes in 10243 8 to 10, 128 to 0
06-22 23:32:41.938  1909  3698 I ActivityManager: Killing 17225:com.osp.app.signin/u0a117 (adj 965): empty #25
06-22 23:32:41.980  1909  2720 I ActivityManager: Killing 19768:com.skt.skaf.OA00018282/u0a104 (adj 965): empty #25
06-22 23:32:42.031  1909  2065 I ActivityManager: Changes in 10243 19 to 8, 0 to 128
06-22 23:32:42.058  1909  4174 I ActivityManager: Changes in 99196 19 to 8, 0 to 128
06-22 23:32:42.183  1909  4211 I ActivityManager: Changes in 10250 8 to 10, 128 to 0
06-22 23:32:42.231  1909  3434 I ActivityManager: Changes in 99196 8 to 10, 128 to 0
06-22 23:32:42.232  1909  3434 I ActivityManager: Changes in 10243 8 to 10, 128 to 0
06-22 23:32:42.235  1909  3434 I ActivityManager: Killing 20074:com.google.android.tts/u0a260 (adj 955): empty #25
06-22 23:32:42.237  1909  3434 I ActivityManager: Killing 19186:com.lguplus.appstore/u0a99 (adj 955): empty #26
06-22 23:33:44.968  1909  1972 I ActivityManager: Changes in 10096 19 to 11, 0 to 128
06-22 23:33:44.973  1909  4343 I ActivityManager: Changes in 10096 11 to 19, 128 to 0
06-22 23:34:42.933 21849 22017 W ReactNativeJS: This method is deprecated (as well as all React Native Firebase namespaced API) and will be removed in the next major release as part of move to match Firebase Web modular SDK API. Please see migration guide for more details: https://rnfirebase.io/migrating-to-v22. Method called was `FieldValue`. Please use `FieldValue` instead.
06-22 23:34:42.933 21849 22017 W ReactNativeJS: This method is deprecated (as well as all React Native Firebase namespaced API) and will be removed in the next major release as part of move to match Firebase Web modular SDK API. Please see migration guide for more details: https://rnfirebase.io/migrating-to-v22. Method called was `delete`. Please use `deleteField()` instead.
06-22 23:34:42.933 21849 22017 W ReactNativeJS: This method is deprecated (as well as all React Native Firebase namespaced API) and will be removed in the next major release as part of move to match Firebase Web modular SDK API. Please see migration guide for more details: https://rnfirebase.io/migrating-to-v22. Method called was `FieldValue`. Please use `FieldValue` instead.
06-22 23:34:42.934 21849 22017 W ReactNativeJS: This method is deprecated (as well as all React Native Firebase namespaced API) and will be removed in the next major release as part of move to match Firebase Web modular SDK API. Please see migration guide for more details: https://rnfirebase.io/migrating-to-v22. Method called was `serverTimestamp`. Please use `serverTimestamp()` instead.
06-22 23:36:25.323  1909  2065 I ActivityManager: Changes in 10095 19 to 8, 0 to 128
06-22 23:36:25.334  1909  4343 I ActivityManager: Changes in 10095 8 to 10, 128 to 0
06-22 23:38:06.574 21849 22017 W ReactNativeJS: This method is deprecated (as well as all React Native Firebase namespaced API) and will be removed in the next major release as part of move to match Firebase Web modular SDK API. Please see migration guide for more details: https://rnfirebase.io/migrating-to-v22. Method called was `FieldValue`. Please use `FieldValue` instead.
06-22 23:38:06.575 21849 22017 W ReactNativeJS: This method is deprecated (as well as all React Native Firebase namespaced API) and will be removed in the next major release as part of move to match Firebase Web modular SDK API. Please see migration guide for more details: https://rnfirebase.io/migrating-to-v22. Method called was `delete`. Please use `deleteField()` instead.
06-22 23:38:06.577 21849 22017 W ReactNativeJS: This method is deprecated (as well as all React Native Firebase namespaced API) and will be removed in the next major release as part of move to match Firebase Web modular SDK API. Please see migration guide for more details: https://rnfirebase.io/migrating-to-v22. Method called was `FieldValue`. Please use `FieldValue` instead.
06-22 23:38:06.578 21849 22017 W ReactNativeJS: This method is deprecated (as well as all React Native Firebase namespaced API) and will be removed in the next major release as part of move to match Firebase Web modular SDK API. Please see migration guide for more details: https://rnfirebase.io/migrating-to-v22. Method called was `serverTimestamp`. Please use `serverTimestamp()` instead.
06-22 23:40:56.677 21849 22017 W ReactNativeJS: This method is deprecated (as well as all React Native Firebase namespaced API) and will be removed in the next major release as part of move to match Firebase Web modular SDK API. Please see migration guide for more details: https://rnfirebase.io/migrating-to-v22. Method called was `FieldValue`. Please use `FieldValue` instead.
06-22 23:40:56.679 21849 22017 W ReactNativeJS: This method is deprecated (as well as all React Native Firebase namespaced API) and will be removed in the next major release as part of move to match Firebase Web modular SDK API. Please see migration guide for more details: https://rnfirebase.io/migrating-to-v22. Method called was `delete`. Please use `deleteField()` instead.
06-22 23:40:56.680 21849 22017 W ReactNativeJS: This method is deprecated (as well as all React Native Firebase namespaced API) and will be removed in the next major release as part of move to match Firebase Web modular SDK API. Please see migration guide for more details: https://rnfirebase.io/migrating-to-v22. Method called was `FieldValue`. Please use `FieldValue` instead.
06-22 23:40:56.681 21849 22017 W ReactNativeJS: This method is deprecated (as well as all React Native Firebase namespaced API) and will be removed in the next major release as part of move to match Firebase Web modular SDK API. Please see migration guide for more details: https://rnfirebase.io/migrating-to-v22. Method called was `serverTimestamp`. Please use `serverTimestamp()` instead.
06-22 23:43:24.931 21849 22017 W ReactNativeJS: This method is deprecated (as well as all React Native Firebase namespaced API) and will be removed in the next major release as part of move to match Firebase Web modular SDK API. Please see migration guide for more details: https://rnfirebase.io/migrating-to-v22. Method called was `FieldValue`. Please use `FieldValue` instead.
06-22 23:43:24.932 21849 22017 W ReactNativeJS: This method is deprecated (as well as all React Native Firebase namespaced API) and will be removed in the next major release as part of move to match Firebase Web modular SDK API. Please see migration guide for more details: https://rnfirebase.io/migrating-to-v22. Method called was `delete`. Please use `deleteField()` instead.
06-22 23:43:24.934 21849 22017 W ReactNativeJS: This method is deprecated (as well as all React Native Firebase namespaced API) and will be removed in the next major release as part of move to match Firebase Web modular SDK API. Please see migration guide for more details: https://rnfirebase.io/migrating-to-v22. Method called was `FieldValue`. Please use `FieldValue` instead.
06-22 23:43:24.934 21849 22017 W ReactNativeJS: This method is deprecated (as well as all React Native Firebase namespaced API) and will be removed in the next major release as part of move to match Firebase Web modular SDK API. Please see migration guide for more details: https://rnfirebase.io/migrating-to-v22. Method called was `serverTimestamp`. Please use `serverTimestamp()` instead.
06-22 23:46:09.350  1909  1965 I ActivityManager: Changes in 10147 5 to 2, 184 to 255
06-22 23:46:09.986  1909  1965 I ActivityManager: Changes in 11063 2 to 15, 255 to 128
06-22 23:46:10.121  1909  4340 I ActivityManager: Changes in 99196 19 to 10, 0 to 128
06-22 23:46:10.138  1909  4340 I ActivityManager: Changes in 99196 15 to 15, 128 to 0
06-22 23:46:10.138  1909  4340 I ActivityManager: Changes in 11063 15 to 15, 128 to 0
06-22 23:46:10.547  1909  4340 I ActivityManager: Changes in 10297 6 to 3, 128 to 184
06-22 23:46:12.491  1909  1973 I ActivityManager: Start proc 22708:com.osp.app.signin/u0a117 for content provider {com.osp.app.signin/com.samsung.android.samsungaccount.profile.data.provider.ProfileProvider}
06-22 23:46:12.496  1909  1973 I ActivityManager: ProcessObserver broadcast disabled
06-22 23:46:12.926  1909  4340 I ActivityManager: Changes in 99196 15 to 3, 0 to 184
06-22 23:46:12.927  1909  4340 I ActivityManager: Changes in 10117 19 to 3, 0 to 144
06-22 23:46:12.961  1909  1965 I ActivityManager: Changes in 10147 2 to 5, 255 to 184
06-22 23:46:13.154  1909  1965 I ActivityManager: Killing 19687:com.google.android.webview:sandboxed_process0:org.chromium.content.app.SandboxedProcessService0:8/u0a275i204 (adj 910): remove task
06-22 23:46:13.332  1909  1973 I ActivityManager: Start proc 22793:com.google.android.webview:sandboxed_process0:org.chromium.content.app.SandboxedProcessService0:9/u0i207 for  {com.eonsoft.ScreenON/org.chromium.content.app.SandboxedProcessService0:9}
06-22 23:46:13.335  1909  1973 I ActivityManager: ProcessObserver broadcast disabled
06-22 23:46:13.338 22793 22793 E libc    : SetHeapTaggingLevel: re-enabling tagging after it was disabled is not supported
06-22 23:46:13.666  1909  4174 I ActivityManager: Killing 22793:com.google.android.webview:sandboxed_process0:org.chromium.content.app.SandboxedProcessService0:9/u0a275i207 (adj 0): isolated not needed
06-22 23:46:14.462  1909  1973 I ActivityManager: Start proc 22835:com.samsung.android.scloud/5009 for content provider {com.samsung.android.scloud/com.samsung.android.scloud.app.manifest.SCloudStatusProvider}
06-22 23:46:14.462  1909  1973 I ActivityManager: ProcessObserver broadcast disabled
06-22 23:46:14.984  1909  2537 I ActivityManager: Changes in 5009 19 to 5, 0 to 144
06-22 23:46:14.984  1909  2537 I ActivityManager: Changes in 5004 19 to 5, 0 to 144
06-22 23:46:15.112  1909  4343 I ActivityManager: Changes in 10120 10 to 5, 0 to 144
06-22 23:46:15.128  1909  4340 I ActivityManager: Changes in 10224 19 to 5, 0 to 144
06-22 23:46:15.153  1909  1973 I ActivityManager: Start proc 22991:com.samsung.android.aremoji/u0a50 for content provider {com.samsung.android.aremoji/com.samsung.android.aremoji.home.sync.SamsungCloudProvider}
06-22 23:46:15.155  1909  1973 I ActivityManager: ProcessObserver broadcast disabled
06-22 23:46:15.172  1909  1973 I ActivityManager: Start proc 22994:com.samsung.android.app.notes/u0a326 for content provider {com.samsung.android.app.notes/com.samsung.android.support.senl.nt.app.sync.cloudsettings.callee.NotesSyncRpcProvider}
06-22 23:46:15.172  1909  1973 I ActivityManager: ProcessObserver broadcast disabled
06-22 23:46:15.184  1909  1973 I ActivityManager: Start proc 23002:com.samsung.android.calendar/u0a222 for content provider {com.samsung.android.calendar/com.samsung.android.libcalendar.platform.samsungcloud.RPCSettingProvider}
06-22 23:46:15.185  1909  1973 I ActivityManager: ProcessObserver broadcast disabled
06-22 23:46:15.203  1909  1973 W ActivityManager: Slow operation: 58ms so far, now at startProcess: returned from zygote!
06-22 23:46:15.214  1909  1973 W ActivityManager: Slow operation: 69ms so far, now at startProcess: done updating battery stats
06-22 23:46:15.215  1909  1973 W ActivityManager: Slow operation: 71ms so far, now at startProcess: building log message
06-22 23:46:15.216  1909  1973 I ActivityManager: Start proc 23005:com.samsung.android.samsungpass/u0a127 for content provider {com.samsung.android.samsungpass/com.samsung.android.samsungpass.websignin.signindb.SCSyncSettingLibraryProvider}
06-22 23:46:15.216  1909  1973 W ActivityManager: Slow operation: 71ms so far, now at startProcess: starting to update pids map
06-22 23:46:15.216  1909  1973 I ActivityManager: ProcessObserver broadcast disabled
06-22 23:46:15.217  1909  1973 W ActivityManager: Slow operation: 72ms so far, now at startProcess: done updating pids map
06-22 23:46:15.217  1909  1973 W ActivityManager: Slow operation: 65ms so far, now at startProcess: asking zygote to start proc
06-22 23:46:15.232  1909  1973 W ActivityManager: Slow operation: 81ms so far, now at startProcess: returned from zygote!
06-22 23:46:15.233  1909  1973 W ActivityManager: Slow operation: 81ms so far, now at startProcess: done updating battery stats
06-22 23:46:15.233  1909  1973 W ActivityManager: Slow operation: 82ms so far, now at startProcess: building log message
06-22 23:46:15.233  1909  1973 I ActivityManager: Start proc 23025:com.sec.android.app.sbrowser/u0a330 for content provider {com.sec.android.app.sbrowser/com.sec.android.app.sbrowser.sync.SamsungCloudSyncSettingProvider}
06-22 23:46:15.233  1909  1973 W ActivityManager: Slow operation: 82ms so far, now at startProcess: starting to update pids map
06-22 23:46:15.233  1909  1973 I ActivityManager: ProcessObserver broadcast disabled
06-22 23:46:15.233  1909  1973 W ActivityManager: Slow operation: 82ms so far, now at startProcess: done updating pids map
06-22 23:46:15.234  1909  1973 W ActivityManager: Slow operation: 70ms so far, now at startProcess: asking zygote to start proc
06-22 23:46:15.248  1909  1973 W ActivityManager: Slow operation: 84ms so far, now at startProcess: returned from zygote!
06-22 23:46:15.258  1909  1973 W ActivityManager: Slow operation: 94ms so far, now at startProcess: done updating battery stats
06-22 23:46:15.263  1909  1973 W ActivityManager: Slow operation: 100ms so far, now at startProcess: building log message
06-22 23:46:15.264  1909  1973 I ActivityManager: Start proc 23027:com.sec.android.app.shealth:remote/u0a328 for content provider {com.sec.android.app.shealth/com.samsung.android.service.health.server.SCloudSettingProvider}
06-22 23:46:15.264  1909  1973 W ActivityManager: Slow operation: 100ms so far, now at startProcess: starting to update pids map
06-22 23:46:15.264  1909  1973 I ActivityManager: ProcessObserver broadcast disabled
06-22 23:46:15.264  1909  1973 W ActivityManager: Slow operation: 100ms so far, now at startProcess: done updating pids map
06-22 23:46:15.543  1909  1973 I ActivityManager: Start proc 23067:com.samsung.android.stickercenter/1000 for service {com.samsung.android.stickercenter/com.samsung.android.stickercenter.StickerCenterService}
06-22 23:46:15.543  1909  1973 I ActivityManager: ProcessObserver broadcast disabled
06-22 23:46:15.579  1909  4343 I ActivityManager: Changes in 10050 19 to 5, 0 to 144
06-22 23:46:15.645  1909  4343 I ActivityManager: Changes in 10222 19 to 5, 0 to 144
06-22 23:46:15.647  1909  4343 I ActivityManager: Changes in 10115 19 to 5, 0 to 144
06-22 23:46:15.849  1909  4343 I ActivityManager: Changes in 10127 19 to 5, 0 to 144
06-22 23:46:15.858  1909  1973 I ActivityManager: Start proc 23136:com.samsung.android.authfw/5278 for service {com.samsung.android.authfw/com.samsung.android.authfw.pass.PassService}
06-22 23:46:15.858  1909  1973 I ActivityManager: ProcessObserver broadcast disabled
06-22 23:46:15.898  1909  4343 I ActivityManager: Changes in 10330 19 to 5, 0 to 144
06-22 23:46:16.020  1909  3301 I ActivityManager: Changes in 5278 19 to 5, 0 to 184
06-22 23:46:16.194  1909  4338 I ActivityManager: Changes in 10326 19 to 5, 0 to 144
06-22 23:46:16.290  1909  3301 I ActivityManager: Changes in 10328 19 to 5, 0 to 144
06-22 23:46:19.127  1909  3301 I ActivityManager: Changes in 10117 5 to 5, 144 to 184
06-22 23:46:19.775  1909  4343 I ActivityManager: Changes in 10117 5 to 5, 184 to 144
06-22 23:46:21.003  1909  1971 I ActivityManager: Changes in 5004 5 to 15, 144 to 0
06-22 23:46:21.411  1909  1971 I ActivityManager: Changes in 10120 5 to 10, 144 to 0
06-22 23:46:21.657  1909  1971 I ActivityManager: Changes in 10115 5 to 15, 144 to 0
06-22 23:46:21.707  1909  1971 I ActivityManager: Changes in 99196 5 to 15, 184 to 0
06-22 23:46:21.707  1909  1971 I ActivityManager: Changes in 10330 5 to 15, 144 to 0
06-22 23:46:21.708  1909  1971 I ActivityManager: Changes in 10328 5 to 15, 144 to 0
06-22 23:46:21.708  1909  1971 I ActivityManager: Changes in 10326 5 to 15, 144 to 0
06-22 23:46:21.708  1909  1971 I ActivityManager: Changes in 10297 5 to 15, 184 to 128
06-22 23:46:21.708  1909  1971 I ActivityManager: Changes in 10224 5 to 15, 144 to 0
06-22 23:46:21.708  1909  1971 I ActivityManager: Changes in 10222 5 to 15, 144 to 0
06-22 23:46:21.708  1909  1971 I ActivityManager: Changes in 10127 5 to 15, 144 to 0
06-22 23:46:21.708  1909  1971 I ActivityManager: Changes in 10117 5 to 15, 144 to 0
06-22 23:46:21.709  1909  1971 I ActivityManager: Changes in 10050 5 to 15, 144 to 0
06-22 23:46:21.709  1909  1971 I ActivityManager: Changes in 5278 5 to 15, 184 to 0
06-22 23:46:21.778  1909  1971 I ActivityManager: Changes in 5009 5 to 15, 144 to 0
06-22 23:46:22.702  1909  1973 I ActivityManager: Start proc 23299:com.samsung.android.sm.provider/1000 for content provider {com.samsung.android.lool/com.samsung.android.sm.database.SmProvider}
06-22 23:46:22.702  1909  1973 I ActivityManager: ProcessObserver broadcast disabled
06-22 23:46:22.866  1909  1973 I ActivityManager: Start proc 23328:com.samsung.android.sm.devicesecurity/u0a214 for content provider {com.samsung.android.sm.devicesecurity/com.samsung.android.sm.devicesecurity.DeviceSecurityProvider}
06-22 23:46:22.866  1909  1973 I ActivityManager: ProcessObserver broadcast disabled
06-22 23:46:22.880  1909  1973 I ActivityManager: Start proc 23333:com.samsung.android.voc/u0a329 for content provider {com.samsung.android.voc/com.samsung.android.voc.diagnosis.provider.SamsungMembersDiagnosisProvider}
06-22 23:46:22.883  1909  1973 I ActivityManager: ProcessObserver broadcast disabled
06-22 23:46:23.061  1909  4338 I ActivityManager: Changes in 10214 19 to 3, 0 to 144
06-22 23:46:23.406  1909  3434 I ActivityManager: Changes in 10329 19 to 3, 0 to 144
06-22 23:46:24.884  1909  1971 I ActivityManager: Killing 18791:com.google.android.cellbroadcastreceiver/u0a296 (adj 975): empty #25
06-22 23:46:25.148  1909  1971 I ActivityManager: Killing 20149:com.samsung.android.privacydashboard/u0a107 (adj 985): empty #25
06-22 23:46:29.173  1909  1971 I ActivityManager: Changes in 10214 3 to 15, 144 to 0
06-22 23:46:29.377  1909  1971 I ActivityManager: Changes in 10329 3 to 15, 144 to 0
06-22 23:46:29.932  1909  1965 I ActivityManager: Changes in 10147 5 to 2, 184 to 255
06-22 23:46:30.771  1909  1965 I ActivityManager: Changes in 11063 16 to 2, 0 to 255
06-22 23:46:30.812  1909  2720 I ActivityManager: Changes in 99196 6 to 3, 0 to 184
06-22 23:46:30.812  1909  2720 I ActivityManager: Changes in 10297 6 to 3, 128 to 184
06-22 23:46:31.042  1909  1965 I ActivityManager: Changes in 10147 2 to 5, 255 to 184
06-22 23:46:31.760 21849 22017 W ReactNativeJS: This method is deprecated (as well as all React Native Firebase namespaced API) and will be removed in the next major release as part of move to match Firebase Web modular SDK API. Please see migration guide for more details: https://rnfirebase.io/migrating-to-v22. Method called was `FieldValue`. Please use `FieldValue` instead.
06-22 23:46:31.761 21849 22017 W ReactNativeJS: This method is deprecated (as well as all React Native Firebase namespaced API) and will be removed in the next major release as part of move to match Firebase Web modular SDK API. Please see migration guide for more details: https://rnfirebase.io/migrating-to-v22. Method called was `delete`. Please use `deleteField()` instead.
06-22 23:46:31.761 21849 22017 W ReactNativeJS: This method is deprecated (as well as all React Native Firebase namespaced API) and will be removed in the next major release as part of move to match Firebase Web modular SDK API. Please see migration guide for more details: https://rnfirebase.io/migrating-to-v22. Method called was `FieldValue`. Please use `FieldValue` instead.
06-22 23:46:31.763 21849 22017 W ReactNativeJS: This method is deprecated (as well as all React Native Firebase namespaced API) and will be removed in the next major release as part of move to match Firebase Web modular SDK API. Please see migration guide for more details: https://rnfirebase.io/migrating-to-v22. Method called was `serverTimestamp`. Please use `serverTimestamp()` instead.
06-22 23:46:38.770  1909  1972 I ActivityManager: Killing 21622:com.sec.android.gallery3d/u0a124 (adj 985): empty #25
06-22 23:46:41.003  1909  1972 I ActivityManager: Killing 19169:com.google.android.googlequicksearchbox:search/u0a253 (adj 975): empty #25
06-22 23:46:41.079  1909  2537 I ActivityManager: Changes in 99196 3 to 6, 184 to 0
06-22 23:46:41.079  1909  2537 I ActivityManager: Changes in 10297 3 to 6, 184 to 128
06-22 23:46:42.004  1909  1972 I ActivityManager: Killing 20462:com.samsung.android.mobileservice/u0a119 (adj 965): empty #25
06-22 23:46:42.004  1909  1972 I ActivityManager: Killing 18038:com.android.vending:background/u0a251 (adj 965): empty #26
06-22 23:46:42.005  1909  1972 I ActivityManager: Killing 14148:com.samsung.android.dqagent/1000 (adj 975): empty #27
06-22 23:46:42.006  1909  1972 I ActivityManager: Killing 19273:com.google.android.as.oss/u0a248 (adj 975): empty #28
06-22 23:46:49.175  1909  1972 I ActivityManager: Killing 22122:com.google.android.apps.tachyon/u0a254 (adj 965): empty #25
06-22 23:46:50.176  1909  1972 I ActivityManager: Killing 22200:com.google.android.apps.turbo:aab/u0a250 (adj 955): empty #25
06-22 23:46:50.179  1909  1972 I ActivityManager: Killing 22257:com.samsung.sait.sohservice/1000 (adj 955): empty #26
06-22 23:47:51.823  1909  1972 I ActivityManager: Changes in 10096 19 to 11, 0 to 128
06-22 23:47:51.826  1909  4342 I ActivityManager: Changes in 10096 11 to 19, 128 to 0
06-22 23:48:01.652  1909  1972 I ActivityManager: Changes in 10096 19 to 11, 0 to 128
06-22 23:48:01.677  1909  3174 I ActivityManager: Changes in 99196 6 to 5, 0 to 184
06-22 23:48:01.677  1909  3174 I ActivityManager: Changes in 10297 6 to 5, 128 to 184
06-22 23:48:11.671  1909  2065 I ActivityManager: Changes in 10096 19 to 19, 128 to 0
06-22 23:48:16.742  1909  4206 I ActivityManager: Changes in 99196 5 to 6, 184 to 0
06-22 23:48:16.743  1909  4206 I ActivityManager: Changes in 10297 5 to 6, 184 to 128
06-22 23:48:20.804  1909  1972 I ActivityManager: Changes in 10096 19 to 11, 0 to 128
06-22 23:48:20.806  1909  4342 I ActivityManager: Changes in 10096 11 to 19, 128 to 0
06-22 23:48:44.643 21849 22017 W ReactNativeJS: This method is deprecated (as well as all React Native Firebase namespaced API) and will be removed in the next major release as part of move to match Firebase Web modular SDK API. Please see migration guide for more details: https://rnfirebase.io/migrating-to-v22. Method called was `FieldValue`. Please use `FieldValue` instead.
06-22 23:48:44.644 21849 22017 W ReactNativeJS: This method is deprecated (as well as all React Native Firebase namespaced API) and will be removed in the next major release as part of move to match Firebase Web modular SDK API. Please see migration guide for more details: https://rnfirebase.io/migrating-to-v22. Method called was `delete`. Please use `deleteField()` instead.
06-22 23:48:44.644 21849 22017 W ReactNativeJS: This method is deprecated (as well as all React Native Firebase namespaced API) and will be removed in the next major release as part of move to match Firebase Web modular SDK API. Please see migration guide for more details: https://rnfirebase.io/migrating-to-v22. Method called was `FieldValue`. Please use `FieldValue` instead.
06-22 23:48:44.644 21849 22017 W ReactNativeJS: This method is deprecated (as well as all React Native Firebase namespaced API) and will be removed in the next major release as part of move to match Firebase Web modular SDK API. Please see migration guide for more details: https://rnfirebase.io/migrating-to-v22. Method called was `serverTimestamp`. Please use `serverTimestamp()` instead.
06-22 23:49:16.026  1909  1973 I ActivityManager: Start proc 23553:com.samsung.android.dqagent/1000 for broadcast {com.samsung.android.dqagent/com.samsung.android.dqagent.receiver.DQADataReceiver}
06-22 23:49:16.026  1909  1973 I ActivityManager: ProcessObserver broadcast disabled
06-22 23:49:16.197  1909  4342 I ActivityManager: Killing 22125:com.google.android.partnersetup/u0a243 (adj 955): empty #25
06-22 23:49:48.999  1909  1972 I ActivityManager: Changes in 10096 19 to 11, 0 to 128
06-22 23:49:49.012  1909  4342 I ActivityManager: Changes in 10096 11 to 19, 128 to 0
06-22 23:50:26.429  1909  1973 I ActivityManager: Start proc 23591:com.sec.android.gallery3d/u0a124 for content provider {com.sec.android.gallery3d/com.samsung.android.gallery.app.provider.LocalProvider2}
06-22 23:50:26.429  1909  1973 I ActivityManager: ProcessObserver broadcast disabled
06-22 23:50:26.455  1909  2769 W ActivityManager: pid 8104 com.samsung.android.scs sent binder code 1 with flags 2 to frozen apps and got error -2147483646
06-22 23:50:26.459  1909  1972 I ActivityManager: Killing 21646:com.samsung.cmh/5004 (adj 905): Sync transaction while frozen
06-22 23:50:26.462  1909  4343 I ActivityManager: Process com.samsung.cmh (pid 21646) early provider death
06-22 23:50:26.466  1909  4342 W ActivityManager: ProcessRecord{2c987c9 0:com.samsung.cmh/5004} is attached to a previous process 21646
06-22 23:50:26.513  1909  1973 I ActivityManager: Start proc 23604:com.samsung.cmh/5004 for content provider {com.samsung.cmh/com.samsung.cmh.provider.CMHProvider}
06-22 23:50:26.513  1909  1973 I ActivityManager: ProcessObserver broadcast disabled
06-22 23:50:26.595  1909  4343 I ActivityManager: Killing 22272:com.samsung.android.app.telephonyui/1001 (adj 945): empty #25
06-22 23:50:26.718  1909  2769 W ActivityManager: pid 23604 com.samsung.cmh sent binder code 21 with flags 2 to frozen apps and got error -2147483646
06-22 23:50:29.794  1909  1933 I ActivityManager: Changes in 10297 6 to 5, 128 to 184
06-22 23:50:29.807  1909  1933 W ActivityManager: pid 24971 com.google.android.gms.persistent sent binder code 2 with flags 1 to frozen apps and got error -32
06-22 23:50:29.824  1909  1973 I ActivityManager: Start proc 23674:com.google.android.apps.maps:server_recovery_process/u0a270 for broadcast {com.google.android.apps.maps/com.google.android.apps.gmm.plugins.serverrecovery.PhenotypeServerRecoveryHandlerImpl}
06-22 23:50:29.824  1909  1973 I ActivityManager: ProcessObserver broadcast disabled
06-22 23:50:30.305  1909  3434 I ActivityManager: Changes in 10270 19 to 11, 0 to 128
06-22 23:50:30.322  1909  1973 I ActivityManager: Start proc 23707:com.google.android.apps.maps/u0a270 for broadcast {com.google.android.apps.maps/com.google.android.libraries.phenotype.client.stable.PhenotypeUpdateBackgroundBroadcastReceiver}
06-22 23:50:30.323  1909  1973 I ActivityManager: ProcessObserver broadcast disabled
06-22 23:50:30.362  1909  3174 I ActivityManager: Process com.google.android.apps.maps:server_recovery_process (pid 23674) has died: fg  RCVR(200,1528)
06-22 23:50:30.420  1909  3174 I ActivityManager: Changes in 10270 11 to 19, 128 to 0
06-22 23:50:30.638  1909  3434 I ActivityManager: Changes in 10270 19 to 11, 0 to 128
06-22 23:50:30.651  1909  1973 I ActivityManager: Start proc 23759:com.google.android.apps.maps:server_recovery_process/u0a270 for broadcast {com.google.android.apps.maps/com.google.android.apps.gmm.plugins.serverrecovery.PhenotypeServerRecoveryHandlerImpl}
06-22 23:50:30.651  1909  1973 I ActivityManager: ProcessObserver broadcast disabled
06-22 23:50:30.656  1909  3434 I ActivityManager: Killing 19451:com.samsung.mfcontents/u0a95 (adj 935): empty #25
06-22 23:50:30.658  1909  3434 I ActivityManager: Changes in 10270 11 to 19, 128 to 0
06-22 23:50:30.675  1909  1973 I ActivityManager: Start proc 23771:com.google.android.projection.gearhead:car/u0a242 for service {com.google.android.projection.gearhead/com.google.android.apps.auto.carservice.service.impl.GearheadCarStartupService}
06-22 23:50:30.676  1909  1973 I ActivityManager: ProcessObserver broadcast disabled
06-22 23:50:30.733  1909  1933 I ActivityManager: Changes in 10270 19 to 11, 0 to 128
06-22 23:50:30.748  1909  1973 I ActivityManager: Start proc 23792:com.google.android.apps.tachyon/u0a254 for broadcast {com.google.android.apps.tachyon/com.google.android.apps.tachyon.phenotype.PhenotypeBroadcastReceiver}
06-22 23:50:30.748  1909  1973 I ActivityManager: ProcessObserver broadcast disabled
06-22 23:50:30.777  1909  4343 I ActivityManager: Process com.google.android.apps.maps:server_recovery_process (pid 23759) has died: fg  RCVR(242,1475)
06-22 23:50:30.958  1909  4211 I ActivityManager: Changes in 99196 6 to 6, 0 to 128
06-22 23:50:30.958  1909  4211 I ActivityManager: Changes in 10254 11 to 11, 0 to 128
06-22 23:50:30.973  1909  1973 I ActivityManager: Start proc 23858:com.google.android.apps.maps:server_recovery_process/u0a270 for broadcast {com.google.android.apps.maps/com.google.android.apps.gmm.plugins.serverrecovery.PhenotypeServerRecoveryHandlerImpl}
06-22 23:50:30.974  1909  1973 I ActivityManager: ProcessObserver broadcast disabled
06-22 23:50:31.013  1909  4211 I ActivityManager: Changes in 10270 11 to 19, 128 to 0
06-22 23:50:31.018  1909  4206 I ActivityManager: Killing 21610:com.android.providers.calendar/u0a115 (adj 915): empty #25
06-22 23:50:31.072  1909  4211 I ActivityManager: Changes in 10270 19 to 11, 0 to 128
06-22 23:50:31.087  1909  1973 I ActivityManager: Start proc 23887:com.google.android.setupwizard/u0a279 for broadcast {com.google.android.setupwizard/com.google.android.libraries.phenotype.client.stable.PhenotypeUpdateBackgroundBroadcastReceiver}
06-22 23:50:31.087  1909  1973 I ActivityManager: ProcessObserver broadcast disabled
06-22 23:50:31.117  1909  4206 I ActivityManager: Killing 23067:com.samsung.android.stickercenter/1000 (adj 925): empty #25
06-22 23:50:31.120  1909  4206 I ActivityManager: Changes in 99196 6 to 6, 128 to 0
06-22 23:50:31.120  1909  4206 I ActivityManager: Changes in 10254 11 to 19, 128 to 0
06-22 23:50:31.122  1909  3174 I ActivityManager: Process com.google.android.apps.maps:server_recovery_process (pid 23858) has died: fg  RCVR(271,1418)
06-22 23:50:31.154  1909  2769 W ActivityManager: Scheduling restart of crashed service com.samsung.android.stickercenter/.StickerCenterService in 10000ms for connection
06-22 23:50:31.215  1909  2769 I ActivityManager: Changes in 10279 19 to 11, 0 to 128
06-22 23:50:31.226  1909  2769 I ActivityManager: Killing 23136:com.samsung.android.authfw/5278 (adj 925): empty #25
06-22 23:50:31.227  1909  2769 I ActivityManager: Changes in 10279 11 to 19, 128 to 0
06-22 23:50:31.231  1909  1973 I ActivityManager: Start proc 23906:com.google.ar.core/u0a152 for broadcast {com.google.ar.core/com.google.android.libraries.phenotype.client.stable.PhenotypeUpdateBackgroundBroadcastReceiver}
06-22 23:50:31.231  1909  1973 I ActivityManager: ProcessObserver broadcast disabled
06-22 23:50:31.256  1909  2867 W ActivityManager: Scheduling restart of crashed service com.samsung.android.authfw/.pass.PassService in 29897ms for connection
06-22 23:50:31.586  1909  4211 I ActivityManager: Changes in 10152 19 to 11, 0 to 128
06-22 23:50:31.592  1909  2867 I ActivityManager: Killing 22991:com.samsung.android.aremoji/u0a50 (adj 915): empty #25
06-22 23:50:31.596  1909  2867 I ActivityManager: Changes in 10152 11 to 19, 128 to 0
06-22 23:50:31.600  1909  1973 I ActivityManager: Start proc 23926:com.google.android.googlequicksearchbox:search/u0a253 for broadcast {com.google.android.googlequicksearchbox/com.google.android.libraries.phenotype.client.stable.PhenotypeUpdateBackgroundBroadcastReceiver}
06-22 23:50:31.600  1909  1973 I ActivityManager: ProcessObserver broadcast disabled
06-22 23:50:31.824  1909  1973 I ActivityManager: Start proc 23956:com.google.android.apps.restore/u0a249 for broadcast {com.google.android.apps.restore/com.google.android.libraries.phenotype.client.stable.PhenotypeUpdateBackgroundBroadcastReceiver}
06-22 23:50:31.824  1909  1973 I ActivityManager: ProcessObserver broadcast disabled
06-22 23:50:31.855  1909  2867 I ActivityManager: Changes in 99196 6 to 6, 0 to 128
06-22 23:50:31.885  1909  4211 I ActivityManager: Killing 23002:com.samsung.android.calendar/u0a222 (adj 915): empty #25
06-22 23:50:31.887  1909  4211 I ActivityManager: Changes in 99196 6 to 6, 128 to 0
06-22 23:50:31.984  1909  2867 I ActivityManager: Changes in 10249 19 to 11, 0 to 128
06-22 23:50:31.999  1909  1973 I ActivityManager: Start proc 23985:com.google.android.partnersetup/u0a243 for broadcast {com.google.android.partnersetup/com.google.android.partnersetup.PhenotypeBroadcastReceiver}
06-22 23:50:31.999  1909  1973 I ActivityManager: ProcessObserver broadcast disabled
06-22 23:50:32.002  1909  2867 I ActivityManager: Killing 23005:com.samsung.android.samsungpass/u0a127 (adj 915): empty #25
06-22 23:50:32.003  1909  2867 I ActivityManager: Changes in 10249 11 to 19, 128 to 0
06-22 23:50:32.068  1909  4206 I ActivityManager: Changes in 10243 19 to 11, 0 to 128
06-22 23:50:32.083  1909  4206 I ActivityManager: Killing 23025:com.sec.android.app.sbrowser/u0a330 (adj 905): empty #25
06-22 23:50:32.085  1909  4206 I ActivityManager: Changes in 10243 11 to 19, 128 to 0
06-22 23:50:32.086  1909  1973 I ActivityManager: Start proc 24017:com.android.vending:instant_app_installer/u0a251 for broadcast {com.android.vending/com.google.android.finsky.instantapps.PhenotypeUpdateReceiver}
06-22 23:50:32.087  1909  1973 I ActivityManager: ProcessObserver broadcast disabled
06-22 23:50:32.219  1909  3174 I ActivityManager: Changes in 10251 19 to 11, 0 to 128
06-22 23:50:32.233  1909  1973 I ActivityManager: Start proc 24031:com.android.vending/u0a251 for broadcast {com.android.vending/com.google.android.libraries.phenotype.client.stable.PhenotypeUpdateBackgroundBroadcastReceiver}
06-22 23:50:32.233  1909  1973 I ActivityManager: ProcessObserver broadcast disabled
06-22 23:50:32.293  1909  3606 I ActivityManager: Killing 21611:com.samsung.android.app.reminder/u0a224 (adj 905): empty #25
06-22 23:50:32.296  1909  3606 I ActivityManager: Changes in 10251 11 to 19, 128 to 0
06-22 23:50:32.373  1909  4206 I ActivityManager: Changes in 99196 6 to 5, 0 to 184
06-22 23:50:32.398  1909  3174 I ActivityManager: Changes in 10251 19 to 11, 0 to 128
06-22 23:50:32.415  1909  3606 I ActivityManager: Killing 23027:com.sec.android.app.shealth:remote/u0a328 (adj 905): empty #25
06-22 23:50:32.416  1909  3606 I ActivityManager: Changes in 10251 11 to 19, 128 to 0
06-22 23:50:32.417  1909  1973 I ActivityManager: Start proc 24073:com.google.android.apps.photos/u0a313 for broadcast {com.google.android.apps.photos/com.google.android.apps.photos.experiments.phenotype.full.PhenotypeUpdateBroadcastReceiver}
06-22 23:50:32.417  1909  1973 I ActivityManager: ProcessObserver broadcast disabled
06-22 23:50:32.475  1909  1971 I ActivityManager: Changes in 10270 11 to 19, 128 to 0
06-22 23:50:32.714  1909  3434 I ActivityManager: Changes in 10313 19 to 11, 0 to 128
06-22 23:50:32.729  1909  1973 I ActivityManager: Start proc 24108:com.google.android.youtube/u0a271 for broadcast {com.google.android.youtube/com.google.android.libraries.phenotype.client.stable.PhenotypeUpdateBackgroundBroadcastReceiver}
06-22 23:50:32.729  1909  1973 I ActivityManager: ProcessObserver broadcast disabled
06-22 23:50:32.755  1909  3434 I ActivityManager: Killing 22994:com.samsung.android.app.notes/u0a326 (adj 985): empty #25
06-22 23:50:32.757  1909  3434 I ActivityManager: Changes in 10313 11 to 19, 128 to 0
06-22 23:50:32.823  1909  1972 I ActivityManager: Changes in 10251 19 to 11, 0 to 128
06-22 23:50:32.847  1909  4211 I ActivityManager: Changes in 10251 11 to 19, 128 to 0
06-22 23:50:33.007  1909  3606 I ActivityManager: Changes in 10271 19 to 11, 0 to 128
06-22 23:50:33.056  1909  3606 I ActivityManager: Killing 22708:com.osp.app.signin/u0a117 (adj 985): empty #25
06-22 23:50:33.057  1909  3606 I ActivityManager: Changes in 10271 11 to 19, 128 to 0
06-22 23:50:42.580  1909  1973 I ActivityManager: Start proc 24310:com.android.vending:background/u0a251 for service {com.android.vending/com.google.frameworks.client.data.android.server.play.BackgroundProcessEndpointService}
06-22 23:50:42.582  1909  1973 I ActivityManager: ProcessObserver broadcast disabled
06-22 23:50:42.751  1909  1933 I ActivityManager: Killing 23299:com.samsung.android.sm.provider/1000 (adj 975): empty #25
06-22 23:50:47.388  1909  4342 I ActivityManager: Changes in 99196 5 to 6, 184 to 0
06-22 23:51:18.496  1909  4342 I ActivityManager: Killing 23333:com.samsung.android.voc/u0a329 (adj 975): empty #25
06-22 23:51:18.499  1909  4342 I ActivityManager: Killing 23328:com.samsung.android.sm.devicesecurity/u0a214 (adj 975): empty #26
06-22 23:51:46.268  1909  1973 I ActivityManager: Start proc 24423:com.lguplus.appstore/u0a99 for service {com.lguplus.appstore/androidx.work.impl.background.systemjob.SystemJobService}
06-22 23:51:46.268  1909  1973 I ActivityManager: ProcessObserver broadcast disabled
06-22 23:51:46.346  1909  1973 I ActivityManager: Start proc 24447:com.google.android.as.oss/u0a248 for service {com.google.android.as.oss/com.google.android.gms.learning.internal.training.InAppJobService}
06-22 23:51:46.346  1909  1973 I ActivityManager: ProcessObserver broadcast disabled
06-22 23:51:46.511  1909  3606 I ActivityManager: Changes in 10248 19 to 8, 0 to 128
06-22 23:51:46.575  1909  3606 I ActivityManager: Changes in 10254 19 to 8, 0 to 128
06-22 23:51:46.587  1909  4342 I ActivityManager: Changes in 10248 8 to 10, 128 to 0
06-22 23:51:46.592  1909  4342 I ActivityManager: Changes in 10243 19 to 8, 0 to 128
06-22 23:51:46.625  1909  3434 I ActivityManager: Changes in 10243 8 to 10, 128 to 0
06-22 23:51:46.722  1909  1972 I ActivityManager: Changes in 10096 19 to 11, 0 to 128
06-22 23:51:46.728  1909  4174 I ActivityManager: Changes in 10096 11 to 19, 128 to 0
06-22 23:51:46.738  1909  1973 I ActivityManager: Start proc 24513:com.samsung.mfcontents/u0a95 for service {com.samsung.mfcontents/com.samsung.mfcontents.scheduler.MFCJobService}
06-22 23:51:46.738  1909  1973 I ActivityManager: ProcessObserver broadcast disabled
06-22 23:51:46.749  1909  1973 I ActivityManager: Start proc 24514:com.sec.android.provider.badge/u0a55 for broadcast {com.sec.android.provider.badge/com.sec.android.provider.badge.BadgeCountReceiver}
06-22 23:51:46.749  1909  1973 I ActivityManager: ProcessObserver broadcast disabled
06-22 23:51:46.753  1909  1909 I ActivityManager: Changes in 10243 19 to 8, 0 to 128
06-22 23:51:46.777  1909  3606 I ActivityManager: Changes in 99196 19 to 8, 0 to 128
06-22 23:51:46.820  1909  3434 I ActivityManager: Changes in 10099 19 to 8, 0 to 128
06-22 23:51:46.839  1909  2867 I ActivityManager: Changes in 5004 19 to 8, 0 to 128
06-22 23:51:46.877  1909  3434 I ActivityManager: Changes in 10095 19 to 8, 0 to 128
06-22 23:51:46.880  1909  4206 I ActivityManager: Changes in 10055 19 to 11, 0 to 128
06-22 23:51:46.884  1909  3606 I ActivityManager: Changes in 10243 8 to 10, 128 to 0
06-22 23:51:46.889  1909  3434 I ActivityManager: Changes in 5004 8 to 10, 128 to 0
06-22 23:51:46.906  1909  3606 I ActivityManager: Changes in 10095 8 to 10, 128 to 0
06-22 23:51:46.912  1909  1933 I ActivityManager: Changes in 10251 19 to 8, 0 to 128
06-22 23:51:46.930  1909  3606 I ActivityManager: Changes in 10099 8 to 10, 128 to 0
06-22 23:51:46.971  1909  2065 I ActivityManager: Changes in 10243 19 to 8, 0 to 128
06-22 23:51:46.979  1909  1933 I ActivityManager: Changes in 10055 11 to 5, 128 to 144
06-22 23:51:47.203  1909  3174 I ActivityManager: Changes in 10243 8 to 10, 128 to 0
06-22 23:51:47.927  1909  1933 I ActivityManager: Changes in 99196 8 to 10, 128 to 0
06-22 23:51:47.927  1909  1933 I ActivityManager: Changes in 10254 8 to 10, 128 to 0
06-22 23:51:47.928  1909  1933 I ActivityManager: Changes in 10251 8 to 10, 128 to 0
06-22 23:51:49.786  1909  1972 I ActivityManager: Changes in 10096 19 to 11, 0 to 128
06-22 23:51:49.792  1909  3434 I ActivityManager: Changes in 10096 11 to 19, 128 to 0
06-22 23:51:50.307  1909  1973 I ActivityManager: Start proc 24598:com.osp.app.signin/u0a117 for content provider {com.osp.app.signin/com.samsung.android.samsungaccount.place.db.PlaceProvider}
06-22 23:51:50.307  1909  1973 I ActivityManager: ProcessObserver broadcast disabled
06-22 23:51:50.544  1909  1933 I ActivityManager: Killing 19650:com.samsung.android.scpm/5009 (adj 965): empty #25
06-22 23:51:50.545  1909  1933 I ActivityManager: Killing 22835:com.samsung.android.scloud/5009 (adj 965): empty #26
06-22 23:51:50.546  1909  1933 I ActivityManager: Killing 22167:com.samsung.faceservice/5004 (adj 905): empty #27
06-22 23:51:50.670  1909  3434 I ActivityManager: Killing 20896:com.samsung.android.game.gos/u0a76 (adj 945): empty #25
06-22 23:51:50.675  1909  1933 I ActivityManager: Changes in 99196 19 to 8, 0 to 128
06-22 23:51:50.675  1909  1933 I ActivityManager: Changes in 10251 19 to 8, 0 to 128
06-22 23:51:50.675  1909  1933 I ActivityManager: Changes in 10117 19 to 8, 0 to 128
06-22 23:51:50.694  1909  1933 I ActivityManager: Changes in 99196 8 to 10, 128 to 0
06-22 23:51:50.695  1909  1933 I ActivityManager: Changes in 10251 8 to 10, 128 to 0
06-22 23:51:50.695  1909  1933 I ActivityManager: Changes in 10117 8 to 10, 128 to 0
06-22 23:51:53.005  1909  1971 I ActivityManager: Changes in 10055 5 to 15, 144 to 0
06-22 23:52:13.010  1909  1972 I ActivityManager: Killing 23591:com.sec.android.gallery3d/u0a124 (adj 905): empty #25
06-22 23:53:00.779  1909  1972 I ActivityManager: Changes in 10096 19 to 11, 0 to 128
06-22 23:53:10.791  1909  2065 I ActivityManager: Changes in 10096 19 to 19, 128 to 0
06-22 23:53:20.963  1909  1972 I ActivityManager: Changes in 10096 19 to 11, 0 to 128
06-22 23:53:30.975  1909  2065 I ActivityManager: Changes in 10096 19 to 19, 128 to 0
06-22 23:54:00.822  1909  1965 I ActivityManager: Changes in 10147 5 to 2, 184 to 255
06-22 23:54:01.432  1909  1965 I ActivityManager: Changes in 11063 2 to 15, 255 to 128
06-22 23:54:01.484  1909  1933 I ActivityManager: Changes in 99196 19 to 10, 0 to 128
06-22 23:54:01.512  1909  1933 I ActivityManager: Changes in 99196 15 to 15, 128 to 0
06-22 23:54:01.513  1909  1933 I ActivityManager: Changes in 11063 15 to 15, 128 to 0
06-22 23:54:02.248  1909  1933 I ActivityManager: Changes in 10147 2 to 5, 255 to 184
06-22 23:54:02.822  1909  1973 I ActivityManager: Start proc 24793:com.samsung.android.sm.devicesecurity/u0a214 for content provider {com.samsung.android.sm.devicesecurity/com.samsung.android.sm.devicesecurity.DeviceSecurityProvider}
06-22 23:54:02.822  1909  1973 I ActivityManager: ProcessObserver broadcast disabled
06-22 23:54:02.843  1909  1973 I ActivityManager: Start proc 24795:com.samsung.android.sm.provider/1000 for content provider {com.samsung.android.lool/com.samsung.android.sm.database.SmProvider}
06-22 23:54:02.848  1909  1973 I ActivityManager: ProcessObserver broadcast disabled
06-22 23:54:02.871  1909  1973 W ActivityManager: Slow operation: 55ms so far, now at startProcess: returned from zygote!
06-22 23:54:02.872  1909  1973 W ActivityManager: Slow operation: 56ms so far, now at startProcess: done updating battery stats
06-22 23:54:02.873  1909  1973 W ActivityManager: Slow operation: 57ms so far, now at startProcess: building log message
06-22 23:54:02.874  1909  1973 I ActivityManager: Start proc 24799:com.samsung.android.voc/u0a329 for content provider {com.samsung.android.voc/com.samsung.android.voc.diagnosis.provider.SamsungMembersDiagnosisProvider}
06-22 23:54:02.874  1909  1973 W ActivityManager: Slow operation: 58ms so far, now at startProcess: starting to update pids map
06-22 23:54:02.874  1909  1973 I ActivityManager: ProcessObserver broadcast disabled
06-22 23:54:02.875  1909  1973 W ActivityManager: Slow operation: 59ms so far, now at startProcess: done updating pids map
06-22 23:54:02.991  1909  4174 I ActivityManager: Changes in 10214 19 to 3, 0 to 144
06-22 23:54:03.131  1909  2057 I ActivityManager: Changes in 10329 19 to 3, 0 to 144
06-22 23:54:09.080  1909  1971 I ActivityManager: Changes in 10329 3 to 15, 144 to 0
06-22 23:54:09.095  1909  1971 I ActivityManager: Changes in 10214 3 to 15, 144 to 0
06-22 23:54:09.883  1909  1965 I ActivityManager: Changes in 10147 5 to 2, 184 to 255
06-22 23:54:09.885  1909  1965 I ActivityManager: updateOomAdj start time is before than pendingPid added, don't delete it
06-22 23:54:10.601  1909  1965 I ActivityManager: Changes in 99196 19 to 3, 0 to 184
06-22 23:54:10.601  1909  1965 I ActivityManager: Changes in 11063 16 to 2, 0 to 255
06-22 23:54:11.955  1909  4206 I ActivityManager: Changes in 10147 2 to 5, 255 to 184
06-22 23:54:12.223 21849 22017 W ReactNativeJS: This method is deprecated (as well as all React Native Firebase namespaced API) and will be removed in the next major release as part of move to match Firebase Web modular SDK API. Please see migration guide for more details: https://rnfirebase.io/migrating-to-v22. Method called was `FieldValue`. Please use `FieldValue` instead.
06-22 23:54:12.223 21849 22017 W ReactNativeJS: This method is deprecated (as well as all React Native Firebase namespaced API) and will be removed in the next major release as part of move to match Firebase Web modular SDK API. Please see migration guide for more details: https://rnfirebase.io/migrating-to-v22. Method called was `delete`. Please use `deleteField()` instead.
06-22 23:54:12.224 21849 22017 W ReactNativeJS: This method is deprecated (as well as all React Native Firebase namespaced API) and will be removed in the next major release as part of move to match Firebase Web modular SDK API. Please see migration guide for more details: https://rnfirebase.io/migrating-to-v22. Method called was `FieldValue`. Please use `FieldValue` instead.
06-22 23:54:12.226 21849 22017 W ReactNativeJS: This method is deprecated (as well as all React Native Firebase namespaced API) and will be removed in the next major release as part of move to match Firebase Web modular SDK API. Please see migration guide for more details: https://rnfirebase.io/migrating-to-v22. Method called was `serverTimestamp`. Please use `serverTimestamp()` instead.
06-22 23:54:22.311  1909  2057 I ActivityManager: Changes in 99196 3 to 10, 184 to 0
06-22 23:54:29.080  1909  1972 I ActivityManager: Killing 23707:com.google.android.apps.maps/u0a270 (adj 975): empty #25
06-22 23:54:30.082  1909  1972 I ActivityManager: Killing 23906:com.google.ar.core/u0a152 (adj 965): empty #25
06-22 23:54:30.085  1909  1972 I ActivityManager: Killing 23887:com.google.android.setupwizard/u0a279 (adj 965): empty #26
