
===== 2026-07-10 14:19:26 pid=27872 =====
Applications Memory Usage (in Kilobytes):
Uptime: 4113373 Realtime: 11941512

** MEMINFO in pid 27872 [com.arcfire.online] **
                   Pss  Private  Private  SwapPss      Rss     Heap     Heap     Heap
                 Total    Dirty    Clean    Dirty    Total     Size    Alloc     Free
                ------   ------   ------   ------   ------   ------   ------   ------
  Native Heap   324170   324116       40       39   325508   454548   389432    60522
  Dalvik Heap    35536    35408       16       67    38528    35959    17980    17979
 Dalvik Other    18071     8972        0        0    27536                           
        Stack     4004     4004        0        0     4012                           
       Ashmem        9        0        0        0      572                           
    Other dev       37       16       20        0      580                           
     .so mmap    11999      252     7024       20    50572                           
    .jar mmap     7944        0     4680        0    46928                           
    .apk mmap    65210     2620    54124        0    90592                           
    .ttf mmap     3434        0     2852        0     4660                           
    .dex mmap    35766    34768       32        0    38572                           
    .oat mmap       76        0       28        0     1440                           
    .art mmap     9146     8368      212       57    21380                           
   Other mmap    25346        4    20260        0    31604                           
   EGL mtrack    20311    20311        0        0    20311                           
    GL mtrack    45288    45288        0        0    45288                           
      Unknown    78486    78096      356        3    79172                           
        TOTAL   685019   562223    89644      186   827255   490507   407412    78501
 
 App Summary
                       Pss(KB)                        Rss(KB)
                        ------                         ------
           Java Heap:    43988                          59908
         Native Heap:   324116                         325508
                Code:   106732                         251312
               Stack:     4004                           4012
            Graphics:    65599                          65599
       Private Other:   107428
              System:    33152
             Unknown:                                  120916
 
           TOTAL PSS:   685019            TOTAL RSS:   827255       TOTAL SWAP PSS:      186
 
 Objects
               Views:      346         ViewRootImpl:        1
         AppContexts:       16           Activities:        1
              Assets:       41        AssetManagers:        0
       Local Binders:       26        Proxy Binders:       69
       Parcel memory:       24         Parcel count:       78
    Death Recipients:        0             WebViews:        0
 
 Native Allocations
                         Count                       Total(kB)
                        ------                         ------
    Other (malloced):     2699                            256
 Other (nonmalloced):      110                             78
   Bitmap (malloced):       15                           7507
 
 SQL
         MEMORY_USED:     1751
  PAGECACHE_OVERFLOW:     1581          MALLOC_SIZE:     3702
 
 DATABASES
      pgsz     dbsz   Lookaside(b) cache hits cache misses cache size  Dbname
PER CONNECTION STATS
         4    12072             89   116    80    25  /data/user/0/com.arcfire.online/databases/firestore.%5BDEFAULT%5D.arcfire-49d69.%28default%29
         4     1252             41   685   444     4  /data/user/0/com.arcfire.online/databases/RKStorage
POOL STATS
     cache hits  cache misses    cache size  Dbname
            116            81           197  /data/user/0/com.arcfire.online/databases/firestore.%5BDEFAULT%5D.arcfire-49d69.%28default%29
            685           445          1130  /data/user/0/com.arcfire.online/databases/RKStorage

VmRSS:	  813196 kB
VmSwap:	   15480 kB
Threads:	102

===== 2026-07-10 14:34:56 pid=27872 =====
Applications Memory Usage (in Kilobytes):
Uptime: 5044286 Realtime: 12872425

** MEMINFO in pid 27872 [com.arcfire.online] **
                   Pss  Private  Private  SwapPss      Rss     Heap     Heap     Heap
                 Total    Dirty    Clean    Dirty    Total     Size    Alloc     Free
                ------   ------   ------   ------   ------   ------   ------   ------
  Native Heap   336034   335988       36       35   337380   466772   398879    63652
  Dalvik Heap    36346    35176       28       19    41420    29346    14673    14673
 Dalvik Other    18395     9116        0        0    28048                           
        Stack     4180     4180        0        0     4188                           
       Ashmem        8        0        0        0      572                           
    Other dev       28        4       20        0      580                           
     .so mmap     8423      252     3608       16    47316                           
    .jar mmap     4586        0     1848        0    42180                           
    .apk mmap    55598     2620    47704        0    80164                           
    .ttf mmap     2004        0      876        0     4124                           
    .dex mmap    35374    34768        4        0    38544                           
    .oat mmap       29        0        0        0     1296                           
    .art mmap     9498     8368      152       34    22716                           
   Other mmap    25208       16    20140        0    31416                           
   EGL mtrack    35131    35131        0        0    35131                           
    GL mtrack    47756    47756        0        0    47756                           
      Unknown    51812    51484      292        2    52520                           
        TOTAL   670516   564859    74708      106   815351   496118   413552    78325
 
 App Summary
                       Pss(KB)                        Rss(KB)
                        ------                         ------
           Java Heap:    43696                          64136
         Native Heap:   335988                         337380
                Code:    92044                         232528
               Stack:     4180                           4188
            Graphics:    82887                          82887
       Private Other:    80772
              System:    30949
             Unknown:                                   94232
 
           TOTAL PSS:   670516            TOTAL RSS:   815351       TOTAL SWAP PSS:      106
 
 Objects
               Views:      370         ViewRootImpl:        1
         AppContexts:       16           Activities:        1
              Assets:       41        AssetManagers:        0
       Local Binders:       26        Proxy Binders:       69
       Parcel memory:       25         Parcel count:       82
    Death Recipients:        0             WebViews:        0
 
 Native Allocations
                         Count                       Total(kB)
                        ------                         ------
    Other (malloced):     2799                            266
 Other (nonmalloced):      110                             78
   Bitmap (malloced):       15                           7507
 
 SQL
         MEMORY_USED:     1751
  PAGECACHE_OVERFLOW:     1581          MALLOC_SIZE:     3706
 
 DATABASES
      pgsz     dbsz   Lookaside(b) cache hits cache misses cache size  Dbname
PER CONNECTION STATS
         4    12072             89   714   315    25  /data/user/0/com.arcfire.online/databases/firestore.%5BDEFAULT%5D.arcfire-49d69.%28default%29
         4     1252             41  1785  1231     4  /data/user/0/com.arcfire.online/databases/RKStorage
POOL STATS
     cache hits  cache misses    cache size  Dbname
            714           316          1030  /data/user/0/com.arcfire.online/databases/firestore.%5BDEFAULT%5D.arcfire-49d69.%28default%29
           1785          1232          3017  /data/user/0/com.arcfire.online/databases/RKStorage

VmRSS:	  783328 kB
VmSwap:	   15480 kB
Threads:	106

===== 2026-07-10 14:50:17 pid=27872 =====
Applications Memory Usage (in Kilobytes):
Uptime: 5964297 Realtime: 13792436

** MEMINFO in pid 27872 [com.arcfire.online] **
                   Pss  Private  Private  SwapPss      Rss     Heap     Heap     Heap
                 Total    Dirty    Clean    Dirty    Total     Size    Alloc     Free
                ------   ------   ------   ------   ------   ------   ------   ------
  Native Heap   336674   336628       36       35   338020   467120   403255    59531
  Dalvik Heap    32858    31688       28       19    37932    28664    14332    14332
 Dalvik Other    18255     8948        0        0    27936                           
        Stack     4208     4208        0        0     4216                           
       Ashmem        8        0        0        0      572                           
    Other dev       28        4       20        0      580                           
     .so mmap     8410      252     3608       16    47264                           
    .jar mmap     4520        0     1820        0    42044                           
    .apk mmap    55564     2620    47704        0    80072                           
    .ttf mmap     2004        0      876        0     4124                           
    .dex mmap    35371    34768        4        0    38544                           
    .oat mmap       29        0        0        0     1292                           
    .art mmap     9498     8368      152       34    22716                           
   Other mmap    25227        4    20140        0    31456                           
   EGL mtrack    20311    20311        0        0    20311                           
    GL mtrack    27628    27628        0        0    27628                           
      Unknown    61596    61220      340        2    62304                           
        TOTAL   642295   536647    74728      106   787011   495784   417587    73863
 
 App Summary
                       Pss(KB)                        Rss(KB)
                        ------                         ------
           Java Heap:    40208                          60648
         Native Heap:   336628                         338020
                Code:    92032                         232316
               Stack:     4208                           4216
            Graphics:    47939                          47939
       Private Other:    90360
              System:    30920
             Unknown:                                  103872
 
           TOTAL PSS:   642295            TOTAL RSS:   787011       TOTAL SWAP PSS:      106
 
 Objects
               Views:      346         ViewRootImpl:        1
         AppContexts:       16           Activities:        1
              Assets:       41        AssetManagers:        0
       Local Binders:       26        Proxy Binders:       69
       Parcel memory:       25         Parcel count:       84
    Death Recipients:        0             WebViews:        0
 
 Native Allocations
                         Count                       Total(kB)
                        ------                         ------
    Other (malloced):     2698                            256
 Other (nonmalloced):      110                             78
   Bitmap (malloced):       15                           7507
 
 SQL
         MEMORY_USED:     1751
  PAGECACHE_OVERFLOW:     1581          MALLOC_SIZE:     3708
 
 DATABASES
      pgsz     dbsz   Lookaside(b) cache hits cache misses cache size  Dbname
PER CONNECTION STATS
         4    12072             89  1066   448    25  /data/user/0/com.arcfire.online/databases/firestore.%5BDEFAULT%5D.arcfire-49d69.%28default%29
         4     1252             41  2495  1776     4  /data/user/0/com.arcfire.online/databases/RKStorage
POOL STATS
     cache hits  cache misses    cache size  Dbname
           1066           449          1515  /data/user/0/com.arcfire.online/databases/firestore.%5BDEFAULT%5D.arcfire-49d69.%28default%29
           2495          1777          4272  /data/user/0/com.arcfire.online/databases/RKStorage

VmRSS:	  769404 kB
VmSwap:	   15480 kB
Threads:	107

===== 2026-07-10 15:05:37 pid=27872 =====
Applications Memory Usage (in Kilobytes):
Uptime: 6886584 Realtime: 14714724

** MEMINFO in pid 27872 [com.arcfire.online] **
                   Pss  Private  Private  SwapPss      Rss     Heap     Heap     Heap
                 Total    Dirty    Clean    Dirty    Total     Size    Alloc     Free
                ------   ------   ------   ------   ------   ------   ------   ------
  Native Heap   335514   335468       36       35   336860   468156   405307    58395
  Dalvik Heap    41466    40296       28       19    46540    25991    12996    12995
 Dalvik Other    18023     8704        0        0    27716                           
        Stack     4148     4148        0        0     4156                           
       Ashmem        8        0        0        0      572                           
    Other dev       28        4       20        0      580                           
     .so mmap     8409      252     3608       16    47264                           
    .jar mmap     4505        0     1820        0    42044                           
    .apk mmap    55564     2620    47704        0    80072                           
    .ttf mmap     2004        0      876        0     4124                           
    .dex mmap    35371    34768        4        0    38544                           
    .oat mmap       29        0        0        0     1292                           
    .art mmap     9497     8368      152       34    22716                           
   Other mmap    25253       16    20140        0    31496                           
   EGL mtrack    35131    35131        0        0    35131                           
    GL mtrack    32036    32036        0        0    32036                           
      Unknown    67816    67456      324        2    68524                           
        TOTAL   674908   569267    74712      106   819667   494147   418303    71390
 
 App Summary
                       Pss(KB)                        Rss(KB)
                        ------                         ------
           Java Heap:    48816                          69256
         Native Heap:   335468                         336860
                Code:    92044                         232352
               Stack:     4148                           4156
            Graphics:    67167                          67167
       Private Other:    96336
              System:    30929
             Unknown:                                  109876
 
           TOTAL PSS:   674908            TOTAL RSS:   819667       TOTAL SWAP PSS:      106
 
 Objects
               Views:      386         ViewRootImpl:        1
         AppContexts:       16           Activities:        1
              Assets:       41        AssetManagers:        0
       Local Binders:       25        Proxy Binders:       69
       Parcel memory:       25         Parcel count:       84
    Death Recipients:        0             WebViews:        0
 
 Native Allocations
                         Count                       Total(kB)
                        ------                         ------
    Other (malloced):     2886                            274
 Other (nonmalloced):      109                             77
   Bitmap (malloced):       15                           7507
 
 SQL
         MEMORY_USED:     1751
  PAGECACHE_OVERFLOW:     1581          MALLOC_SIZE:     3708
 
 DATABASES
      pgsz     dbsz   Lookaside(b) cache hits cache misses cache size  Dbname
PER CONNECTION STATS
         4    12072             89  1330   559    25  /data/user/0/com.arcfire.online/databases/firestore.%5BDEFAULT%5D.arcfire-49d69.%28default%29
         4     1252             41  2719  1991     4  /data/user/0/com.arcfire.online/databases/RKStorage
POOL STATS
     cache hits  cache misses    cache size  Dbname
           1330           560          1890  /data/user/0/com.arcfire.online/databases/firestore.%5BDEFAULT%5D.arcfire-49d69.%28default%29
           2719          1992          4711  /data/user/0/com.arcfire.online/databases/RKStorage

VmRSS:	  777828 kB
VmSwap:	   15480 kB
Threads:	106

===== 2026-07-10 15:20:59 pid=27872 =====
Applications Memory Usage (in Kilobytes):
Uptime: 7807473 Realtime: 15635612

** MEMINFO in pid 27872 [com.arcfire.online] **
                   Pss  Private  Private  SwapPss      Rss     Heap     Heap     Heap
                 Total    Dirty    Clean    Dirty    Total     Size    Alloc     Free
                ------   ------   ------   ------   ------   ------   ------   ------
  Native Heap   332914   332868       36       35   334260   468284   398351    65449
  Dalvik Heap    38582    37412       28       19    43656    34429    17215    17214
 Dalvik Other    18073     8744        0        0    27776                           
        Stack     4084     4084        0        0     4092                           
       Ashmem        8        0        0        0      572                           
    Other dev       28        4       20        0      580                           
     .so mmap     8374      252     3608       16    47160                           
    .jar mmap     4425        0     1804        0    41972                           
    .apk mmap    55454     2620    47704        0    80008                           
    .ttf mmap     2004        0      876        0     4124                           
    .dex mmap    35369    34768        4        0    38544                           
    .oat mmap       29        0        0        0     1288                           
    .art mmap     9496     8368      152       34    22716                           
   Other mmap    25240        4    20124        0    31508                           
   EGL mtrack    20311    20311        0        0    20311                           
    GL mtrack    29312    29312        0        0    29312                           
      Unknown    68200    67844      320        2    68908                           
        TOTAL   652009   546591    74676      106   796787   502713   415566    82663
 
 App Summary
                       Pss(KB)                        Rss(KB)
                        ------                         ------
           Java Heap:    45932                          66372
         Native Heap:   332868                         334260
                Code:    92028                         232128
               Stack:     4084                           4092
            Graphics:    49623                          49623
       Private Other:    96732
              System:    30742
             Unknown:                                  110312
 
           TOTAL PSS:   652009            TOTAL RSS:   796787       TOTAL SWAP PSS:      106
 
 Objects
               Views:      364         ViewRootImpl:        1
         AppContexts:       16           Activities:        1
              Assets:       41        AssetManagers:        0
       Local Binders:       25        Proxy Binders:       69
       Parcel memory:       25         Parcel count:       84
    Death Recipients:        0             WebViews:        0
 
 Native Allocations
                         Count                       Total(kB)
                        ------                         ------
    Other (malloced):     2791                            265
 Other (nonmalloced):      109                             77
   Bitmap (malloced):       15                           7507
 
 SQL
         MEMORY_USED:     1751
  PAGECACHE_OVERFLOW:     1581          MALLOC_SIZE:     3708
 
 DATABASES
      pgsz     dbsz   Lookaside(b) cache hits cache misses cache size  Dbname
PER CONNECTION STATS
         4    12072             89  1330   610    25  /data/user/0/com.arcfire.online/databases/firestore.%5BDEFAULT%5D.arcfire-49d69.%28default%29
         4     1252             41  2721  1996     4  /data/user/0/com.arcfire.online/databases/RKStorage
POOL STATS
     cache hits  cache misses    cache size  Dbname
           1330           611          1941  /data/user/0/com.arcfire.online/databases/firestore.%5BDEFAULT%5D.arcfire-49d69.%28default%29
           2721          1997          4718  /data/user/0/com.arcfire.online/databases/RKStorage

VmRSS:	  774292 kB
VmSwap:	   15480 kB
Threads:	106

===== 2026-07-10 15:36:21 pid=27872 =====
Applications Memory Usage (in Kilobytes):
Uptime: 8728509 Realtime: 16556648

** MEMINFO in pid 27872 [com.arcfire.online] **
                   Pss  Private  Private  SwapPss      Rss     Heap     Heap     Heap
                 Total    Dirty    Clean    Dirty    Total     Size    Alloc     Free
                ------   ------   ------   ------   ------   ------   ------   ------
  Native Heap   332098   332052       36       35   333436   468540   397298    66727
  Dalvik Heap    32602    31432       28       19    37676    30017    15009    15008
 Dalvik Other    18247     8876        0        0    27992                           
        Stack     4140     4140        0        0     4148                           
       Ashmem        8        0        0        0      568                           
    Other dev       16        4        8        0      568                           
     .so mmap     8297      252     3492       16    47108                           
    .jar mmap     4361        0     1772        0    41944                           
    .apk mmap    55444     2620    47704        0    79976                           
    .ttf mmap     2004        0      876        0     4124                           
    .dex mmap    35369    34768        4        0    38544                           
    .oat mmap       27        0        0        0     1280                           
    .art mmap     9493     8368      152       34    22712                           
   Other mmap    25241        4    20124        0    31512                           
   EGL mtrack    20311    20311        0        0    20311                           
    GL mtrack    33752    33752        0        0    33752                           
      Unknown    66577    66220      328        3    67276                           
        TOTAL   648094   542799    74524      107   792927   498557   412307    81735
 
 App Summary
                       Pss(KB)                        Rss(KB)
                        ------                         ------
           Java Heap:    39952                          60388
         Native Heap:   332052                         333436
                Code:    91864                         232076
               Stack:     4140                           4148
            Graphics:    54063                          54063
       Private Other:    95252
              System:    30771
             Unknown:                                  108816
 
           TOTAL PSS:   648094            TOTAL RSS:   792927       TOTAL SWAP PSS:      107
 
 Objects
               Views:      362         ViewRootImpl:        1
         AppContexts:       16           Activities:        1
              Assets:       41        AssetManagers:        0
       Local Binders:       25        Proxy Binders:       69
       Parcel memory:       25         Parcel count:       84
    Death Recipients:        0             WebViews:        0
 
 Native Allocations
                         Count                       Total(kB)
                        ------                         ------
    Other (malloced):     2788                            265
 Other (nonmalloced):      109                             77
   Bitmap (malloced):       15                           7507
 
 SQL
         MEMORY_USED:     1751
  PAGECACHE_OVERFLOW:     1581          MALLOC_SIZE:     3708
 
 DATABASES
      pgsz     dbsz   Lookaside(b) cache hits cache misses cache size  Dbname
PER CONNECTION STATS
         4    12072             89  1330   663    25  /data/user/0/com.arcfire.online/databases/firestore.%5BDEFAULT%5D.arcfire-49d69.%28default%29
         4     1252             41  2721  1999     4  /data/user/0/com.arcfire.online/databases/RKStorage
POOL STATS
     cache hits  cache misses    cache size  Dbname
           1330           664          1994  /data/user/0/com.arcfire.online/databases/firestore.%5BDEFAULT%5D.arcfire-49d69.%28default%29
           2721          2000          4721  /data/user/0/com.arcfire.online/databases/RKStorage

VmRSS:	  775468 kB
VmSwap:	   15480 kB
Threads:	106

===== 2026-07-10 15:51:41 pid=27872 =====
Applications Memory Usage (in Kilobytes):
Uptime: 9648654 Realtime: 17476793

** MEMINFO in pid 27872 [com.arcfire.online] **
                   Pss  Private  Private  SwapPss      Rss     Heap     Heap     Heap
                 Total    Dirty    Clean    Dirty    Total     Size    Alloc     Free
                ------   ------   ------   ------   ------   ------   ------   ------
  Native Heap   291243   291196       36       35   292580   436860    76891   356011
  Dalvik Heap    32170    31000       24       19    37228    25371    12686    12685
 Dalvik Other    18385     8724        0        0    28420                           
        Stack     3676     3676        0        0     3684                           
       Ashmem        8        0        0        0      568                           
    Other dev       23        8       12        0      572                           
     .so mmap     9246      252     4848       16    46680                           
    .jar mmap     4269        0     1676        0    41584                           
    .apk mmap    50176     2620    42472        0    74248                           
    .ttf mmap     1502        0      664        0     3332                           
    .dex mmap    35368    34768        4        0    38540                           
    .oat mmap       26        0        0        0     1268                           
    .art mmap     9548     8376      208       34    22740                           
   Other mmap     5935       12      260        0    12720                           
   EGL mtrack    74613    74613        0        0    74613                           
    GL mtrack    16572    16572        0        0    16572                           
      Unknown    26417    26052      332        3    27112                           
        TOTAL   579284   497869    50536      107   722461   462231    89577   368696
 
 App Summary
                       Pss(KB)                        Rss(KB)
                        ------                         ------
           Java Heap:    39584                          59968
         Native Heap:   291196                         292580
                Code:    87660                         225312
               Stack:     3676                           3684
            Graphics:    91185                          91185
       Private Other:    35104
              System:    30879
             Unknown:                                   49732
 
           TOTAL PSS:   579284            TOTAL RSS:   722461       TOTAL SWAP PSS:      107
 
 Objects
               Views:      425         ViewRootImpl:        2
         AppContexts:       16           Activities:        1
              Assets:       41        AssetManagers:        0
       Local Binders:       29        Proxy Binders:       73
       Parcel memory:       24         Parcel count:       80
    Death Recipients:        0             WebViews:        0
 
 Native Allocations
                         Count                       Total(kB)
                        ------                         ------
    Other (malloced):     3219                            306
 Other (nonmalloced):      139                             93
   Bitmap (malloced):       17                           7512
 
 SQL
         MEMORY_USED:      469
  PAGECACHE_OVERFLOW:      301          MALLOC_SIZE:     3708
 
 DATABASES
      pgsz     dbsz   Lookaside(b) cache hits cache misses cache size  Dbname
PER CONNECTION STATS
         4    12072             89  1330   714    25  /data/user/0/com.arcfire.online/databases/firestore.%5BDEFAULT%5D.arcfire-49d69.%28default%29
         4     1252             26     5    30     2  /data/user/0/com.arcfire.online/databases/RKStorage
POOL STATS
     cache hits  cache misses    cache size  Dbname
           1330           715          2045  /data/user/0/com.arcfire.online/databases/firestore.%5BDEFAULT%5D.arcfire-49d69.%28default%29
              5            31            36  /data/user/0/com.arcfire.online/databases/RKStorage

VmRSS:	  604924 kB
VmSwap:	   15480 kB
Threads:	98

===== 2026-07-10 16:07:01 pid=27872 =====
Applications Memory Usage (in Kilobytes):
Uptime: 10569094 Realtime: 18397234

** MEMINFO in pid 27872 [com.arcfire.online] **
                   Pss  Private  Private  SwapPss      Rss     Heap     Heap     Heap
                 Total    Dirty    Clean    Dirty    Total     Size    Alloc     Free
                ------   ------   ------   ------   ------   ------   ------   ------
  Native Heap   247179   247132       36       35   248516   436860    75740   357205
  Dalvik Heap    32880    31712       24       19    37940    22758    11379    11379
 Dalvik Other    18349     8688        0        0    28384                           
        Stack     3524     3524        0        0     3532                           
       Ashmem        8        0        0        0      568                           
    Other dev       23        8       12        0      572                           
     .so mmap     9246      252     4848       16    46680                           
    .jar mmap     4231        0     1668        0    41592                           
    .apk mmap    50157     2620    42440        0    74248                           
    .ttf mmap     1502        0      664        0     3332                           
    .dex mmap    35368    34768        4        0    38540                           
    .oat mmap       26        0        0        0     1268                           
    .art mmap     9546     8376      208       34    22740                           
   Other mmap     5931       12      260        0    12720                           
   EGL mtrack    74613    74613        0        0    74613                           
    GL mtrack    16560    16560        0        0    16560                           
      Unknown    26393    26060      300        3    27088                           
        TOTAL   535643   454325    50464      107   678893   459618    87119   368584
 
 App Summary
                       Pss(KB)                        Rss(KB)
                        ------                         ------
           Java Heap:    40296                          60680
         Native Heap:   247132                         248516
                Code:    87620                         225320
               Stack:     3524                           3532
            Graphics:    91173                          91173
       Private Other:    35044
              System:    30854
             Unknown:                                   49672
 
           TOTAL PSS:   535643            TOTAL RSS:   678893       TOTAL SWAP PSS:      107
 
 Objects
               Views:       57         ViewRootImpl:        2
         AppContexts:       16           Activities:        1
              Assets:       41        AssetManagers:        0
       Local Binders:       29        Proxy Binders:       71
       Parcel memory:       25         Parcel count:       82
    Death Recipients:        0             WebViews:        0
 
 Native Allocations
                         Count                       Total(kB)
                        ------                         ------
    Other (malloced):     2741                            260
 Other (nonmalloced):      119                             82
   Bitmap (malloced):       15                           2594
 
 SQL
         MEMORY_USED:      469
  PAGECACHE_OVERFLOW:      301          MALLOC_SIZE:     3708
 
 DATABASES
      pgsz     dbsz   Lookaside(b) cache hits cache misses cache size  Dbname
PER CONNECTION STATS
         4    12072             89  1330   765    25  /data/user/0/com.arcfire.online/databases/firestore.%5BDEFAULT%5D.arcfire-49d69.%28default%29
         4     1252             26     5    33     2  /data/user/0/com.arcfire.online/databases/RKStorage
POOL STATS
     cache hits  cache misses    cache size  Dbname
           1330           766          2096  /data/user/0/com.arcfire.online/databases/firestore.%5BDEFAULT%5D.arcfire-49d69.%28default%29
              5            34            39  /data/user/0/com.arcfire.online/databases/RKStorage

VmRSS:	  466476 kB
VmSwap:	   15480 kB
Threads:	96

===== 2026-07-10 16:22:22 pid=27872 =====
Applications Memory Usage (in Kilobytes):
Uptime: 11489213 Realtime: 19317352

** MEMINFO in pid 27872 [com.arcfire.online] **
                   Pss  Private  Private  SwapPss      Rss     Heap     Heap     Heap
                 Total    Dirty    Clean    Dirty    Total     Size    Alloc     Free
                ------   ------   ------   ------   ------   ------   ------   ------
  Native Heap   110719   110672       36       35   112056   435392    69436   362171
  Dalvik Heap    32124    30956       24       19    37184    22454    11227    11227
 Dalvik Other    18341     8680        0        0    28376                           
        Stack     3408     3408        0        0     3416                           
       Ashmem        8        0        0        0      568                           
    Other dev       23        8       12        0      572                           
     .so mmap     9242      252     4844       16    46680                           
    .jar mmap     4211        0     1640        0    41592                           
    .apk mmap    50128     2620    42440        0    74248                           
    .ttf mmap     1502        0      664        0     3332                           
    .dex mmap    35365    34768        4        0    38540                           
    .oat mmap       25        0        0        0     1268                           
    .art mmap     9544     8376      208       34    22740                           
   Other mmap     5930        8      260        0    12716                           
   EGL mtrack    74545    74545        0        0    74545                           
    GL mtrack    16560    16560        0        0    16560                           
      Unknown    26401    26060      308        3    27096                           
        TOTAL   398183   316913    50440      107   541489   457846    80663   373398
 
 App Summary
                       Pss(KB)                        Rss(KB)
                        ------                         ------
           Java Heap:    39540                          59924
         Native Heap:   110672                         112056
                Code:    87588                         225320
               Stack:     3408                           3416
            Graphics:    91105                          91105
       Private Other:    35040
              System:    30830
             Unknown:                                   49668
 
           TOTAL PSS:   398183            TOTAL RSS:   541489       TOTAL SWAP PSS:      107
 
 Objects
               Views:       57         ViewRootImpl:        2
         AppContexts:       16           Activities:        1
              Assets:       41        AssetManagers:        0
       Local Binders:       29        Proxy Binders:       71
       Parcel memory:       24         Parcel count:       78
    Death Recipients:        0             WebViews:        0
 
 Native Allocations
                         Count                       Total(kB)
                        ------                         ------
    Other (malloced):      616                             57
 Other (nonmalloced):      119                             82
   Bitmap (malloced):        3                           1242
 
 SQL
         MEMORY_USED:      469
  PAGECACHE_OVERFLOW:      301          MALLOC_SIZE:     3708
 
 DATABASES
      pgsz     dbsz   Lookaside(b) cache hits cache misses cache size  Dbname
PER CONNECTION STATS
         4    12072             89  1330   824    25  /data/user/0/com.arcfire.online/databases/firestore.%5BDEFAULT%5D.arcfire-49d69.%28default%29
         4     1252             26     5    36     2  /data/user/0/com.arcfire.online/databases/RKStorage
POOL STATS
     cache hits  cache misses    cache size  Dbname
           1330           825          2155  /data/user/0/com.arcfire.online/databases/firestore.%5BDEFAULT%5D.arcfire-49d69.%28default%29
              5            37            42  /data/user/0/com.arcfire.online/databases/RKStorage

VmRSS:	  466680 kB
VmSwap:	   15480 kB
Threads:	92

===== 2026-07-10 16:37:40 pid=27872 =====
Applications Memory Usage (in Kilobytes):
Uptime: 12407975 Realtime: 20236115

** MEMINFO in pid 27872 [com.arcfire.online] **
                   Pss  Private  Private  SwapPss      Rss     Heap     Heap     Heap
                 Total    Dirty    Clean    Dirty    Total     Size    Alloc     Free
                ------   ------   ------   ------   ------   ------   ------   ------
  Native Heap   111091   111044       36       35   112428   435392    69626   361981
  Dalvik Heap    32460    31292       24       19    37520    22526    11263    11263
 Dalvik Other    18337     8676        0        0    28372                           
        Stack     3404     3404        0        0     3412                           
       Ashmem        8        0        0        0      568                           
    Other dev       23        8       12        0      572                           
     .so mmap     9241      252     4844       16    46680                           
    .jar mmap     4206        0     1640        0    41592                           
    .apk mmap    50128     2620    42440        0    74248                           
    .ttf mmap     1502        0      664        0     3332                           
    .dex mmap    35365    34768        4        0    38540                           
    .oat mmap       25        0        0        0     1268                           
    .art mmap     9544     8376      208       34    22740                           
   Other mmap     5930        8      260        0    12716                           
   EGL mtrack    74545    74545        0        0    74545                           
    GL mtrack    16560    16560        0        0    16560                           
      Unknown    26393    26060      300        3    27088                           
        TOTAL   398869   317613    50432      107   542181   457918    80889   373244
 
 App Summary
                       Pss(KB)                        Rss(KB)
                        ------                         ------
           Java Heap:    39876                          60260
         Native Heap:   111044                         112428
                Code:    87588                         225320
               Stack:     3404                           3412
            Graphics:    91105                          91105
       Private Other:    35028
              System:    30824
             Unknown:                                   49656
 
           TOTAL PSS:   398869            TOTAL RSS:   542181       TOTAL SWAP PSS:      107
 
 Objects
               Views:       57         ViewRootImpl:        2
         AppContexts:       16           Activities:        1
              Assets:       41        AssetManagers:        0
       Local Binders:       29        Proxy Binders:       71
       Parcel memory:       24         Parcel count:       78
    Death Recipients:        0             WebViews:        0
 
 Native Allocations
                         Count                       Total(kB)
                        ------                         ------
    Other (malloced):      616                             57
 Other (nonmalloced):      119                             82
   Bitmap (malloced):        3                           1242
 
 SQL
         MEMORY_USED:      469
  PAGECACHE_OVERFLOW:      301          MALLOC_SIZE:     3708
 
 DATABASES
      pgsz     dbsz   Lookaside(b) cache hits cache misses cache size  Dbname
PER CONNECTION STATS
         4    12072             89  1330   875    25  /data/user/0/com.arcfire.online/databases/firestore.%5BDEFAULT%5D.arcfire-49d69.%28default%29
         4     1252             26     5    39     2  /data/user/0/com.arcfire.online/databases/RKStorage
POOL STATS
     cache hits  cache misses    cache size  Dbname
           1330           876          2206  /data/user/0/com.arcfire.online/databases/firestore.%5BDEFAULT%5D.arcfire-49d69.%28default%29
              5            40            45  /data/user/0/com.arcfire.online/databases/RKStorage

VmRSS:	  466816 kB
VmSwap:	   15480 kB
Threads:	92

===== 2026-07-10 16:53:01 pid=27872 =====
Applications Memory Usage (in Kilobytes):
Uptime: 13329099 Realtime: 21157238

** MEMINFO in pid 27872 [com.arcfire.online] **
                   Pss  Private  Private  SwapPss      Rss     Heap     Heap     Heap
                 Total    Dirty    Clean    Dirty    Total     Size    Alloc     Free
                ------   ------   ------   ------   ------   ------   ------   ------
  Native Heap   111151   111104       36       35   112488   435392    69604   362002
  Dalvik Heap    31784    30616       24       19    36844    22478    11239    11239
 Dalvik Other    18337     8676        0        0    28372                           
        Stack     3396     3396        0        0     3404                           
       Ashmem        8        0        0        0      568                           
    Other dev       23        8       12        0      572                           
     .so mmap     9236      252     4844       16    46680                           
    .jar mmap     4125        0     1576        0    41592                           
    .apk mmap    50128     2620    42440        0    74248                           
    .ttf mmap     1502        0      664        0     3332                           
    .dex mmap    35365    34768        4        0    38540                           
    .oat mmap       25        0        0        0     1268                           
    .art mmap     9540     8376      204       34    22740                           
   Other mmap     5930        8      260        0    12716                           
   EGL mtrack    74545    74545        0        0    74545                           
    GL mtrack    16560    16560        0        0    16560                           
      Unknown    26393    26060      300        3    27088                           
        TOTAL   398155   316989    50364      107   541557   457870    80843   373241
 
 App Summary
                       Pss(KB)                        Rss(KB)
                        ------                         ------
           Java Heap:    39196                          59584
         Native Heap:   111104                         112488
                Code:    87524                         225320
               Stack:     3396                           3404
            Graphics:    91105                          91105
       Private Other:    35028
              System:    30802
             Unknown:                                   49656
 
           TOTAL PSS:   398155            TOTAL RSS:   541557       TOTAL SWAP PSS:      107
 
 Objects
               Views:       57         ViewRootImpl:        2
         AppContexts:       16           Activities:        1
              Assets:       41        AssetManagers:        0
       Local Binders:       29        Proxy Binders:       71
       Parcel memory:       24         Parcel count:       78
    Death Recipients:        0             WebViews:        0
 
 Native Allocations
                         Count                       Total(kB)
                        ------                         ------
    Other (malloced):      616                             57
 Other (nonmalloced):      119                             82
   Bitmap (malloced):        3                           1242
 
 SQL
         MEMORY_USED:      469
  PAGECACHE_OVERFLOW:      301          MALLOC_SIZE:     3708
 
 DATABASES
      pgsz     dbsz   Lookaside(b) cache hits cache misses cache size  Dbname
PER CONNECTION STATS
         4    12072             89  1330   926    25  /data/user/0/com.arcfire.online/databases/firestore.%5BDEFAULT%5D.arcfire-49d69.%28default%29
         4     1252             26     5    42     2  /data/user/0/com.arcfire.online/databases/RKStorage
POOL STATS
     cache hits  cache misses    cache size  Dbname
           1330           927          2257  /data/user/0/com.arcfire.online/databases/firestore.%5BDEFAULT%5D.arcfire-49d69.%28default%29
              5            43            48  /data/user/0/com.arcfire.online/databases/RKStorage

VmRSS:	  467040 kB
VmSwap:	   15480 kB
Threads:	92

===== 2026-07-10 17:08:21 pid=27872 =====
Applications Memory Usage (in Kilobytes):
Uptime: 14249250 Realtime: 22077389

** MEMINFO in pid 27872 [com.arcfire.online] **
                   Pss  Private  Private  SwapPss      Rss     Heap     Heap     Heap
                 Total    Dirty    Clean    Dirty    Total     Size    Alloc     Free
                ------   ------   ------   ------   ------   ------   ------   ------
  Native Heap   107791   107744       36     3231   109128   435392    69650   361956
  Dalvik Heap    31438    30268       24       71    36496    22454    11227    11227
 Dalvik Other    18249     8588        0       88    28284                           
        Stack     3256     3256        0      136     3264                           
       Ashmem        8        0        0        0      564                           
    Other dev       14        4        8        0      560                           
     .so mmap     5616      236     2424       40    38876                           
    .jar mmap     2969        0      856        0    38600                           
    .apk mmap    44604     2440    37380      180    67732                           
    .ttf mmap     1070        0      504        0     2592                           
    .dex mmap    34391    33820        4      948    37464                           
    .oat mmap       23        0        0        0     1244                           
    .art mmap     9475     8328      188       82    22676                           
   Other mmap     5512        8       64        0    12020                           
   EGL mtrack    74545    74545        0        0    74545                           
    GL mtrack    16528    16528        0        0    16528                           
      Unknown    25995    25924       56      140    26624                           
        TOTAL   386400   311689    41544     4916   517197   457846    80877   373183
 
 App Summary
                       Pss(KB)                        Rss(KB)
                        ------                         ------
           Java Heap:    38784                          59172
         Native Heap:   107744                         109128
                Code:    78020                         206168
               Stack:     3256                           3264
            Graphics:    91073                          91073
       Private Other:    34356
              System:    33167
             Unknown:                                   48392
 
           TOTAL PSS:   386400            TOTAL RSS:   517197       TOTAL SWAP PSS:     4916
 
 Objects
               Views:       57         ViewRootImpl:        2
         AppContexts:       16           Activities:        1
              Assets:       41        AssetManagers:        0
       Local Binders:       29        Proxy Binders:       71
       Parcel memory:       24         Parcel count:       78
    Death Recipients:        0             WebViews:        0
 
 Native Allocations
                         Count                       Total(kB)
                        ------                         ------
    Other (malloced):      616                             57
 Other (nonmalloced):      119                             82
   Bitmap (malloced):        3                           1242
 
 SQL
         MEMORY_USED:      469
  PAGECACHE_OVERFLOW:      301          MALLOC_SIZE:     3708
 
 DATABASES
      pgsz     dbsz   Lookaside(b) cache hits cache misses cache size  Dbname
PER CONNECTION STATS
         4    12072             89  1330   979    25  /data/user/0/com.arcfire.online/databases/firestore.%5BDEFAULT%5D.arcfire-49d69.%28default%29
         4     1252             26     5    45     2  /data/user/0/com.arcfire.online/databases/RKStorage
POOL STATS
     cache hits  cache misses    cache size  Dbname
           1330           980          2310  /data/user/0/com.arcfire.online/databases/firestore.%5BDEFAULT%5D.arcfire-49d69.%28default%29
              5            46            51  /data/user/0/com.arcfire.online/databases/RKStorage

VmRSS:	  440416 kB
VmSwap:	   20984 kB
Threads:	92

===== 2026-07-10 17:23:41 pid=27872 =====
Applications Memory Usage (in Kilobytes):
Uptime: 15169147 Realtime: 22997286

** MEMINFO in pid 27872 [com.arcfire.online] **
                   Pss  Private  Private  SwapPss      Rss     Heap     Heap     Heap
                 Total    Dirty    Clean    Dirty    Total     Size    Alloc     Free
                ------   ------   ------   ------   ------   ------   ------   ------
  Native Heap   107851   107804       36     3231   109188   435392    69717   361890
  Dalvik Heap    31469    30300       24       71    36528    22414    11207    11207
 Dalvik Other    18249     8588        0       88    28284                           
        Stack     3376     3376        0      136     3384                           
       Ashmem        8        0        0        0      564                           
    Other dev       15        4        8        0      560                           
     .so mmap     5277      236     2336       40    38016                           
    .jar mmap     2948        0      872        0    38356                           
    .apk mmap    45214     2440    37372      180    67572                           
    .ttf mmap     1020        0      504        0     2472                           
    .dex mmap    34500    33820        4      948    37376                           
    .oat mmap       23        0        0        0     1232                           
    .art mmap     9475     8328      188       82    22676                           
   Other mmap     5507        8       60        0    12012                           
   EGL mtrack    74545    74545        0        0    74545                           
    GL mtrack    16528    16528        0        0    16528                           
      Unknown    26084    25924      144      140    26712                           
        TOTAL   387005   311901    41548     4916   516005   457806    80924   373097
 
 App Summary
                       Pss(KB)                        Rss(KB)
                        ------                         ------
           Java Heap:    38816                          59204
         Native Heap:   107804                         109188
                Code:    77940                         204684
               Stack:     3376                           3384
            Graphics:    91073                          91073
       Private Other:    34440
              System:    33556
             Unknown:                                   48472
 
           TOTAL PSS:   387005            TOTAL RSS:   516005       TOTAL SWAP PSS:     4916
 
 Objects
               Views:       57         ViewRootImpl:        2
         AppContexts:       16           Activities:        1
              Assets:       41        AssetManagers:        0
       Local Binders:       29        Proxy Binders:       71
       Parcel memory:       24         Parcel count:       80
    Death Recipients:        0             WebViews:        0
 
 Native Allocations
                         Count                       Total(kB)
                        ------                         ------
    Other (malloced):      616                             57
 Other (nonmalloced):      119                             82
   Bitmap (malloced):        3                           1242
 
 SQL
         MEMORY_USED:      469
  PAGECACHE_OVERFLOW:      301          MALLOC_SIZE:     3708
 
 DATABASES
      pgsz     dbsz   Lookaside(b) cache hits cache misses cache size  Dbname
PER CONNECTION STATS
         4    12072             89  1330  1030    25  /data/user/0/com.arcfire.online/databases/firestore.%5BDEFAULT%5D.arcfire-49d69.%28default%29
         4     1252             26     5    48     2  /data/user/0/com.arcfire.online/databases/RKStorage
POOL STATS
     cache hits  cache misses    cache size  Dbname
           1330          1031          2361  /data/user/0/com.arcfire.online/databases/firestore.%5BDEFAULT%5D.arcfire-49d69.%28default%29
              5            49            54  /data/user/0/com.arcfire.online/databases/RKStorage

VmRSS:	  439068 kB
VmSwap:	   20984 kB
Threads:	96

===== 2026-07-10 17:39:02 pid=27872 =====
Applications Memory Usage (in Kilobytes):
Uptime: 16089800 Realtime: 23917939

** MEMINFO in pid 27872 [com.arcfire.online] **
                   Pss  Private  Private  SwapPss      Rss     Heap     Heap     Heap
                 Total    Dirty    Clean    Dirty    Total     Size    Alloc     Free
                ------   ------   ------   ------   ------   ------   ------   ------
  Native Heap   107871   107824       36     3231   109208   435392    69650   361957
  Dalvik Heap    31357    30188       24       71    36416    22406    11203    11203
 Dalvik Other    18249     8588        0       88    28284                           
        Stack     3376     3376        0      136     3384                           
       Ashmem        8        0        0        0      564                           
    Other dev       15        4        8        0      560                           
     .so mmap     5275      236     2336       40    38016                           
    .jar mmap     2943        0      872        0    38356                           
    .apk mmap    45188     2440    37340      180    67572                           
    .ttf mmap     1020        0      504        0     2472                           
    .dex mmap    34500    33820        4      948    37376                           
    .oat mmap       23        0        0        0     1232                           
    .art mmap     9474     8328      188       82    22676                           
   Other mmap     5507        8       60        0    12012                           
   EGL mtrack    74545    74545        0        0    74545                           
    GL mtrack    16528    16528        0        0    16528                           
      Unknown    26084    25924      144      140    26712                           
        TOTAL   386879   311809    41516     4916   515913   457798    80853   373160
 
 App Summary
                       Pss(KB)                        Rss(KB)
                        ------                         ------
           Java Heap:    38704                          59092
         Native Heap:   107824                         109208
                Code:    77908                         204684
               Stack:     3376                           3384
            Graphics:    91073                          91073
       Private Other:    34440
              System:    33554
             Unknown:                                   48472
 
           TOTAL PSS:   386879            TOTAL RSS:   515913       TOTAL SWAP PSS:     4916
 
 Objects
               Views:       57         ViewRootImpl:        2
         AppContexts:       16           Activities:        1
              Assets:       41        AssetManagers:        0
       Local Binders:       29        Proxy Binders:       71
       Parcel memory:       24         Parcel count:       80
    Death Recipients:        0             WebViews:        0
 
 Native Allocations
                         Count                       Total(kB)
                        ------                         ------
    Other (malloced):      616                             57
 Other (nonmalloced):      119                             82
   Bitmap (malloced):        3                           1242
 
 SQL
         MEMORY_USED:      469
  PAGECACHE_OVERFLOW:      301          MALLOC_SIZE:     3708
 
 DATABASES
      pgsz     dbsz   Lookaside(b) cache hits cache misses cache size  Dbname
PER CONNECTION STATS
         4    12072             89  1330  1081    25  /data/user/0/com.arcfire.online/databases/firestore.%5BDEFAULT%5D.arcfire-49d69.%28default%29
         4     1252             26     5    51     2  /data/user/0/com.arcfire.online/databases/RKStorage
POOL STATS
     cache hits  cache misses    cache size  Dbname
           1330          1082          2412  /data/user/0/com.arcfire.online/databases/firestore.%5BDEFAULT%5D.arcfire-49d69.%28default%29
              5            52            57  /data/user/0/com.arcfire.online/databases/RKStorage

VmRSS:	  439024 kB
VmSwap:	   20984 kB
Threads:	96

===== 2026-07-10 17:54:22 pid=27872 =====
Applications Memory Usage (in Kilobytes):
Uptime: 17011665 Realtime: 24839804

** MEMINFO in pid 27872 [com.arcfire.online] **
                   Pss  Private  Private  SwapPss      Rss     Heap     Heap     Heap
                 Total    Dirty    Clean    Dirty    Total     Size    Alloc     Free
                ------   ------   ------   ------   ------   ------   ------   ------
  Native Heap   107626   107572       40     3215   108956   435392    63473   368166
  Dalvik Heap    31754    30576       28       74    36804    22494    11247    11247
 Dalvik Other    18271     8488        0       88    28428                           
        Stack     3268     3268        0      136     3276                           
       Ashmem        9        0        0        0      564                           
    Other dev       21        8       12        0      564                           
     .so mmap     5675      236     2796       46    37948                           
    .jar mmap     3459        0     1168        0    38728                           
    .apk mmap    45262     2440    37340      180    67572                           
    .ttf mmap     1059        0      504        0     2468                           
    .dex mmap    34510    33820        8      944    37380                           
    .oat mmap       28        0        0        0     1232                           
    .art mmap     9531     8340      204       87    22680                           
   Other mmap     5593        8      104        0    12132                           
   EGL mtrack   103320   103320        0        0   103320                           
    GL mtrack    12024    12024        0        0    12024                           
      Unknown    26058    25908      140      140    26676                           
        TOTAL   412378   336008    42344     4910   540752   457886    74720   379413
 
 App Summary
                       Pss(KB)                        Rss(KB)
                        ------                         ------
           Java Heap:    39120                          59484
         Native Heap:   107572                         108956
                Code:    78688                         205252
               Stack:     3268                           3276
            Graphics:   115344                         115344
       Private Other:    34360
              System:    34026
             Unknown:                                   48440
 
           TOTAL PSS:   412378            TOTAL RSS:   540752       TOTAL SWAP PSS:     4910
 
 Objects
               Views:       57         ViewRootImpl:        2
         AppContexts:       16           Activities:        1
              Assets:       41        AssetManagers:        0
       Local Binders:       29        Proxy Binders:       77
       Parcel memory:       24         Parcel count:       81
    Death Recipients:        0             WebViews:        0
 
 Native Allocations
                         Count                       Total(kB)
                        ------                         ------
    Other (malloced):      618                             57
 Other (nonmalloced):      120                             83
   Bitmap (malloced):        3                           1242
 
 SQL
         MEMORY_USED:      469
  PAGECACHE_OVERFLOW:      301          MALLOC_SIZE:     3708
 
 DATABASES
      pgsz     dbsz   Lookaside(b) cache hits cache misses cache size  Dbname
PER CONNECTION STATS
         4    12072             89  1332  1134    25  /data/user/0/com.arcfire.online/databases/firestore.%5BDEFAULT%5D.arcfire-49d69.%28default%29
         4     1252             26     5    54     2  /data/user/0/com.arcfire.online/databases/RKStorage
POOL STATS
     cache hits  cache misses    cache size  Dbname
           1332          1135          2467  /data/user/0/com.arcfire.online/databases/firestore.%5BDEFAULT%5D.arcfire-49d69.%28default%29
              5            55            60  /data/user/0/com.arcfire.online/databases/RKStorage

VmRSS:	  430436 kB
VmSwap:	   20984 kB
Threads:	93

===== 2026-07-10 18:09:50 pid=6004 =====
Applications Memory Usage (in Kilobytes):
Uptime: 17937463 Realtime: 25765602

** MEMINFO in pid 6004 [com.arcfire.online] **
                   Pss  Private  Private  SwapPss      Rss     Heap     Heap     Heap
                 Total    Dirty    Clean    Dirty    Total     Size    Alloc     Free
                ------   ------   ------   ------   ------   ------   ------   ------
  Native Heap   334590   334544       32       39   335928   455020   399680    50445
  Dalvik Heap    32724    32596       12       67    35720    32153    16078    16075
 Dalvik Other    17753     8936        0        0    26936                           
        Stack     3996     3996        0        0     4004                           
       Ashmem        9        0        0        0      564                           
    Other dev       37       16       20        0      580                           
     .so mmap    17596      252     9604       20    55516                           
    .jar mmap     8601        0     5136        0    46604                           
    .apk mmap    63101     2620    53764        0    87484                           
    .ttf mmap     2728        0     2184        0     4016                           
    .dex mmap    35635    34768       76        0    38652                           
    .oat mmap       70        0        4        0     1416                           
    .art mmap     9111     8360      184       58    21380                           
   Other mmap    24631       20    19488        0    30892                           
   EGL mtrack    41631    41631        0        0    41631                           
    GL mtrack    39744    39744        0        0    39744                           
      Unknown    62816    62360      404        3    63476                           
        TOTAL   694960   569843    90908      187   834543   487173   415758    66520
 
 App Summary
                       Pss(KB)                        Rss(KB)
                        ------                         ------
           Java Heap:    41140                          57100
         Native Heap:   334544                         335928
                Code:   108880                         251792
               Stack:     3996                           4004
            Graphics:    81375                          81375
       Private Other:    90816
              System:    34209
             Unknown:                                  104344
 
           TOTAL PSS:   694960            TOTAL RSS:   834543       TOTAL SWAP PSS:      187
 
 Objects
               Views:      356         ViewRootImpl:        1
         AppContexts:       15           Activities:        1
              Assets:       41        AssetManagers:        0
       Local Binders:       25        Proxy Binders:       68
       Parcel memory:       24         Parcel count:       80
    Death Recipients:        0             WebViews:        0
 
 Native Allocations
                         Count                       Total(kB)
                        ------                         ------
    Other (malloced):     2619                            249
 Other (nonmalloced):      107                             75
   Bitmap (malloced):       15                           7507
 
 SQL
         MEMORY_USED:     1754
  PAGECACHE_OVERFLOW:     1581          MALLOC_SIZE:     3709
 
 DATABASES
      pgsz     dbsz   Lookaside(b) cache hits cache misses cache size  Dbname
PER CONNECTION STATS
         4    12072             89    66    72    25  /data/user/0/com.arcfire.online/databases/firestore.%5BDEFAULT%5D.arcfire-49d69.%28default%29
         4     1252             70   498   311     5  /data/user/0/com.arcfire.online/databases/RKStorage
POOL STATS
     cache hits  cache misses    cache size  Dbname
             66            73           139  /data/user/0/com.arcfire.online/databases/firestore.%5BDEFAULT%5D.arcfire-49d69.%28default%29
            498           312           810  /data/user/0/com.arcfire.online/databases/RKStorage

VmRSS:	  801276 kB
VmSwap:	   15516 kB
Threads:	102

===== 2026-07-10 18:25:19 pid=6004 =====
Applications Memory Usage (in Kilobytes):
Uptime: 18866502 Realtime: 26694642

** MEMINFO in pid 6004 [com.arcfire.online] **
                   Pss  Private  Private  SwapPss      Rss     Heap     Heap     Heap
                 Total    Dirty    Clean    Dirty    Total     Size    Alloc     Free
                ------   ------   ------   ------   ------   ------   ------   ------
  Native Heap   333426   333380       32       39   334764   457988   397092    56360
  Dalvik Heap    29340    28160       28       22    34408    28792    14396    14396
 Dalvik Other    17881     8956        0        0    27180                           
        Stack     3980     3980        0        0     3988                           
       Ashmem        9        0        0        0      564                           
    Other dev       37       16       20        0      580                           
     .so mmap    17586      252     9580       20    55516                           
    .jar mmap     8385        0     4616        0    46612                           
    .apk mmap    63212     2620    53764        0    87484                           
    .ttf mmap     2728        0     2184        0     4016                           
    .dex mmap    35637    34768       76        0    38652                           
    .oat mmap       66        0        0        0     1416                           
    .art mmap     9534     8360      184       39    22708                           
   Other mmap    24669        4    19488        0    30980                           
   EGL mtrack    20311    20311        0        0    20311                           
    GL mtrack    35460    35460        0        0    35460                           
      Unknown    56608    56160      396        3    57268                           
        TOTAL   658992   532427    90368      123   801907   486780   411488    70756
 
 App Summary
                       Pss(KB)                        Rss(KB)
                        ------                         ------
           Java Heap:    36704                          57116
         Native Heap:   333380                         334764
                Code:   108332                         252000
               Stack:     3980                           3988
            Graphics:    55771                          55771
       Private Other:    84628
              System:    36197
             Unknown:                                   98268
 
           TOTAL PSS:   658992            TOTAL RSS:   801907       TOTAL SWAP PSS:      123
 
 Objects
               Views:      338         ViewRootImpl:        1
         AppContexts:       15           Activities:        1
              Assets:       41        AssetManagers:        0
       Local Binders:       25        Proxy Binders:       68
       Parcel memory:       24         Parcel count:       80
    Death Recipients:        0             WebViews:        0
 
 Native Allocations
                         Count                       Total(kB)
                        ------                         ------
    Other (malloced):     2602                            247
 Other (nonmalloced):      107                             75
   Bitmap (malloced):       15                           7507
 
 SQL
         MEMORY_USED:     1754
  PAGECACHE_OVERFLOW:     1581          MALLOC_SIZE:     3711
 
 DATABASES
      pgsz     dbsz   Lookaside(b) cache hits cache misses cache size  Dbname
PER CONNECTION STATS
         4    12072             89    66    75    25  /data/user/0/com.arcfire.online/databases/firestore.%5BDEFAULT%5D.arcfire-49d69.%28default%29
         4     1252             70  1304   834     5  /data/user/0/com.arcfire.online/databases/RKStorage
POOL STATS
     cache hits  cache misses    cache size  Dbname
             66            76           142  /data/user/0/com.arcfire.online/databases/firestore.%5BDEFAULT%5D.arcfire-49d69.%28default%29
           1304           835          2139  /data/user/0/com.arcfire.online/databases/RKStorage

VmRSS:	  785648 kB
VmSwap:	   15516 kB
Threads:	102

===== 2026-07-10 18:40:44 pid=6004 =====
Applications Memory Usage (in Kilobytes):
Uptime: 19792296 Realtime: 27620436

** MEMINFO in pid 6004 [com.arcfire.online] **
                   Pss  Private  Private  SwapPss      Rss     Heap     Heap     Heap
                 Total    Dirty    Clean    Dirty    Total     Size    Alloc     Free
                ------   ------   ------   ------   ------   ------   ------   ------
  Native Heap   338910   338864       32       39   340248   464232   408800    51000
  Dalvik Heap    38115    36936       28       22    43184    36475    18238    18237
 Dalvik Other    18041     9084        0        0    27372                           
        Stack     4032     4032        0        0     4040                           
       Ashmem        9        0        0        0      564                           
    Other dev       37       16       20        0      580                           
     .so mmap    17376      252     9384       20    55516                           
    .jar mmap     7312        0     3648        0    46612                           
    .apk mmap    63231     2620    53696        0    87484                           
    .ttf mmap     2733        0     2184        0     4016                           
    .dex mmap    35612    34768       32        0    38652                           
    .oat mmap       51        0        0        0     1416                           
    .art mmap     9536     8360      188       39    22708                           
   Other mmap    24631       16    19412        0    31024                           
   EGL mtrack    35131    35131        0        0    35131                           
    GL mtrack    39940    39940        0        0    39940                           
      Unknown    60078    59608      420        3    60740                           
        TOTAL   694898   569627    89044      123   839227   500707   427038    69237
 
 App Summary
                       Pss(KB)                        Rss(KB)
                        ------                         ------
           Java Heap:    45484                          65892
         Native Heap:   338864                         340248
                Code:   107064                         252072
               Stack:     4032                           4040
            Graphics:    75071                          75071
       Private Other:    88156
              System:    36227
             Unknown:                                  101904
 
           TOTAL PSS:   694898            TOTAL RSS:   839227       TOTAL SWAP PSS:      123
 
 Objects
               Views:      386         ViewRootImpl:        1
         AppContexts:       15           Activities:        1
              Assets:       41        AssetManagers:        0
       Local Binders:       24        Proxy Binders:       68
       Parcel memory:       25         Parcel count:       82
    Death Recipients:        0             WebViews:        0
 
 Native Allocations
                         Count                       Total(kB)
                        ------                         ------
    Other (malloced):     2826                            268
 Other (nonmalloced):      106                             75
   Bitmap (malloced):       15                           7507
 
 SQL
         MEMORY_USED:     1759
  PAGECACHE_OVERFLOW:     1585          MALLOC_SIZE:     3711
 
 DATABASES
      pgsz     dbsz   Lookaside(b) cache hits cache misses cache size  Dbname
PER CONNECTION STATS
         4    12072             89    66    78    25  /data/user/0/com.arcfire.online/databases/firestore.%5BDEFAULT%5D.arcfire-49d69.%28default%29
         4     1256             70  1942  1249     5  /data/user/0/com.arcfire.online/databases/RKStorage
POOL STATS
     cache hits  cache misses    cache size  Dbname
             66            79           145  /data/user/0/com.arcfire.online/databases/firestore.%5BDEFAULT%5D.arcfire-49d69.%28default%29
           1942          1250          3192  /data/user/0/com.arcfire.online/databases/RKStorage

VmRSS:	  804400 kB
VmSwap:	   15516 kB
Threads:	103

===== 2026-07-10 18:56:17 pid=6004 =====
Applications Memory Usage (in Kilobytes):
Uptime: 20726070 Realtime: 28554209

** MEMINFO in pid 6004 [com.arcfire.online] **
                   Pss  Private  Private  SwapPss      Rss     Heap     Heap     Heap
                 Total    Dirty    Clean    Dirty    Total     Size    Alloc     Free
                ------   ------   ------   ------   ------   ------   ------   ------
  Native Heap   343894   343848       32       39   345232   465428   409969    51498
  Dalvik Heap    34487    33308       28       22    39556    35389    17695    17694
 Dalvik Other    17993     9024        0        0    27336                           
        Stack     4172     4172        0        0     4180                           
       Ashmem        9        0        0        0      564                           
    Other dev       37       16       20        0      580                           
     .so mmap    17369      252     9372       20    55516                           
    .jar mmap     7274        0     3584        0    46612                           
    .apk mmap    63220     2620    53676        0    87484                           
    .ttf mmap     2733        0     2184        0     4016                           
    .dex mmap    35611    34768       32        0    38652                           
    .oat mmap       51        0        0        0     1416                           
    .art mmap     9536     8360      188       39    22708                           
   Other mmap    24631        4    19412        0    31036                           
   EGL mtrack    20311    20311        0        0    20311                           
    GL mtrack    39636    39636        0        0    39636                           
      Unknown    69494    69016      428        3    70156                           
        TOTAL   690581   565335    88956      123   834991   500817   427664    69192
 
 App Summary
                       Pss(KB)                        Rss(KB)
                        ------                         ------
           Java Heap:    41856                          62264
         Native Heap:   343848                         345232
                Code:   106968                         252096
               Stack:     4172                           4180
            Graphics:    59947                          59947
       Private Other:    97500
              System:    36290
             Unknown:                                  111272
 
           TOTAL PSS:   690581            TOTAL RSS:   834991       TOTAL SWAP PSS:      123
 
 Objects
               Views:      339         ViewRootImpl:        1
         AppContexts:       15           Activities:        1
              Assets:       41        AssetManagers:        0
       Local Binders:       24        Proxy Binders:       68
       Parcel memory:       25         Parcel count:       82
    Death Recipients:        0             WebViews:        0
 
 Native Allocations
                         Count                       Total(kB)
                        ------                         ------
    Other (malloced):     2623                            249
 Other (nonmalloced):      106                             75
   Bitmap (malloced):       15                           7507
 
 SQL
         MEMORY_USED:     1759
  PAGECACHE_OVERFLOW:     1585          MALLOC_SIZE:     3712
 
 DATABASES
      pgsz     dbsz   Lookaside(b) cache hits cache misses cache size  Dbname
PER CONNECTION STATS
         4    12072             89    66    81    25  /data/user/0/com.arcfire.online/databases/firestore.%5BDEFAULT%5D.arcfire-49d69.%28default%29
         4     1256             70  2484  1692     5  /data/user/0/com.arcfire.online/databases/RKStorage
POOL STATS
     cache hits  cache misses    cache size  Dbname
             66            82           148  /data/user/0/com.arcfire.online/databases/firestore.%5BDEFAULT%5D.arcfire-49d69.%28default%29
           2484          1693          4177  /data/user/0/com.arcfire.online/databases/RKStorage

VmRSS:	  817220 kB
VmSwap:	   15516 kB
Threads:	105

===== 2026-07-10 19:11:39 pid=6004 =====
Applications Memory Usage (in Kilobytes):
Uptime: 21646328 Realtime: 29474467

** MEMINFO in pid 6004 [com.arcfire.online] **
                   Pss  Private  Private  SwapPss      Rss     Heap     Heap     Heap
                 Total    Dirty    Clean    Dirty    Total     Size    Alloc     Free
                ------   ------   ------   ------   ------   ------   ------   ------
  Native Heap   349246   349200       32       39   350584   469148   418865    46123
  Dalvik Heap    36187    35008       28       22    41256    33860    16930    16930
 Dalvik Other    18213     9216        0        0    27584                           
        Stack     3968     3968        0        0     3976                           
       Ashmem        9        0        0        0      564                           
    Other dev       37       16       20        0      580                           
     .so mmap    17359      252     9352       20    55516                           
    .jar mmap     7157        0     3508        0    46612                           
    .apk mmap    63251     2620    53664        0    87484                           
    .ttf mmap     2822        0     2264        0     4120                           
    .dex mmap    35615    34768       32        0    38652                           
    .oat mmap       50        0        0        0     1416                           
    .art mmap     9536     8360      188       39    22708                           
   Other mmap    24646       20    19412        0    31068                           
   EGL mtrack    41631    41631        0        0    41631                           
    GL mtrack    40540    40540        0        0    40540                           
      Unknown    76358    75904      404        3    77020                           
        TOTAL   726748   601503    88904      123   871311   503008   435795    63053
 
 App Summary
                       Pss(KB)                        Rss(KB)
                        ------                         ------
           Java Heap:    43556                          63964
         Native Heap:   349200                         350584
                Code:   106936                         252252
               Stack:     3968                           3976
            Graphics:    82171                          82171
       Private Other:   104576
              System:    36341
             Unknown:                                  118364
 
           TOTAL PSS:   726748            TOTAL RSS:   871311       TOTAL SWAP PSS:      123
 
 Objects
               Views:      368         ViewRootImpl:        1
         AppContexts:       15           Activities:        1
              Assets:       41        AssetManagers:        0
       Local Binders:       24        Proxy Binders:       68
       Parcel memory:       24         Parcel count:       80
    Death Recipients:        0             WebViews:        0
 
 Native Allocations
                         Count                       Total(kB)
                        ------                         ------
    Other (malloced):     2751                            261
 Other (nonmalloced):      106                             75
   Bitmap (malloced):       15                           7507
 
 SQL
         MEMORY_USED:     1759
  PAGECACHE_OVERFLOW:     1585          MALLOC_SIZE:     3712
 
 DATABASES
      pgsz     dbsz   Lookaside(b) cache hits cache misses cache size  Dbname
PER CONNECTION STATS
         4    12072             89    66    84    25  /data/user/0/com.arcfire.online/databases/firestore.%5BDEFAULT%5D.arcfire-49d69.%28default%29
         4     1256             70  2772  1969     5  /data/user/0/com.arcfire.online/databases/RKStorage
POOL STATS
     cache hits  cache misses    cache size  Dbname
             66            85           151  /data/user/0/com.arcfire.online/databases/firestore.%5BDEFAULT%5D.arcfire-49d69.%28default%29
           2772          1970          4742  /data/user/0/com.arcfire.online/databases/RKStorage

VmRSS:	  826844 kB
VmSwap:	   15516 kB
Threads:	102

===== 2026-07-10 19:26:59 pid=6004 =====
Applications Memory Usage (in Kilobytes):
Uptime: 22567223 Realtime: 30395362

** MEMINFO in pid 6004 [com.arcfire.online] **
                   Pss  Private  Private  SwapPss      Rss     Heap     Heap     Heap
                 Total    Dirty    Clean    Dirty    Total     Size    Alloc     Free
                ------   ------   ------   ------   ------   ------   ------   ------
  Native Heap   376378   376332       32       39   377716   562144   498028    58418
  Dalvik Heap    19031    17852       28       22    24100    31473    15738    15735
 Dalvik Other    18143     9080        0        0    27580                           
        Stack     3976     3976        0        0     3984                           
       Ashmem        9        0        0        0      564                           
    Other dev       37       16       20        0      580                           
     .so mmap    17360      252     9388       20    55432                           
    .jar mmap     6905        0     3344        0    46064                           
    .apk mmap    62982     2620    53532        0    86932                           
    .ttf mmap     3258        0     2724        0     4528                           
    .dex mmap    35582    34768       32        0    38536                           
    .oat mmap       48        0        0        0     1376                           
    .art mmap     9544     8368      188       39    22712                           
   Other mmap    24670        4    19420        0    31016                           
   EGL mtrack    20311    20311        0        0    20311                           
    GL mtrack   127032   127032        0        0   127032                           
      Unknown    78562    78140      372        3    79224                           
        TOTAL   803951   678751    89080      123   947687   593617   513766    74153
 
 App Summary
                       Pss(KB)                        Rss(KB)
                        ------                         ------
           Java Heap:    26408                          46812
         Native Heap:   376332                         377716
                Code:   107148                         251464
               Stack:     3976                           3984
            Graphics:   147343                         147343
       Private Other:   106624
              System:    36120
             Unknown:                                  120368
 
           TOTAL PSS:   803951            TOTAL RSS:   947687       TOTAL SWAP PSS:      123
 
 Objects
               Views:      567         ViewRootImpl:        1
         AppContexts:       15           Activities:        1
              Assets:       41        AssetManagers:        0
       Local Binders:       24        Proxy Binders:       68
       Parcel memory:       24         Parcel count:       80
    Death Recipients:        0             WebViews:        0
 
 Native Allocations
                         Count                       Total(kB)
                        ------                         ------
    Other (malloced):     4950                            472
 Other (nonmalloced):      106                             75
   Bitmap (malloced):        2                          81259
 
 SQL
         MEMORY_USED:     1759
  PAGECACHE_OVERFLOW:     1585          MALLOC_SIZE:     3712
 
 DATABASES
      pgsz     dbsz   Lookaside(b) cache hits cache misses cache size  Dbname
PER CONNECTION STATS
         4    12072             89    66    87    25  /data/user/0/com.arcfire.online/databases/firestore.%5BDEFAULT%5D.arcfire-49d69.%28default%29
         4     1256             70  3028  2208     5  /data/user/0/com.arcfire.online/databases/RKStorage
POOL STATS
     cache hits  cache misses    cache size  Dbname
             66            88           154  /data/user/0/com.arcfire.online/databases/firestore.%5BDEFAULT%5D.arcfire-49d69.%28default%29
           3028          2209          5237  /data/user/0/com.arcfire.online/databases/RKStorage

VmRSS:	  945712 kB
VmSwap:	   15516 kB
Threads:	102

===== 2026-07-10 19:42:22 pid=6004 =====
Applications Memory Usage (in Kilobytes):
Uptime: 23490438 Realtime: 31318577

** MEMINFO in pid 6004 [com.arcfire.online] **
                   Pss  Private  Private  SwapPss      Rss     Heap     Heap     Heap
                 Total    Dirty    Clean    Dirty    Total     Size    Alloc     Free
                ------   ------   ------   ------   ------   ------   ------   ------
  Native Heap   401798   401756       28       39   403140   541084   446840    86723
  Dalvik Heap    36504    35320       32       22    41568    37029    18516    18513
 Dalvik Other    18207     9060        0        0    27728                           
        Stack     3984     3984        0        0     3992                           
       Ashmem        9        0        0        0      564                           
    Other dev       31        8       20        0      580                           
     .so mmap    13265      252     6488       20    50604                           
    .jar mmap     5869        0     2728        0    43828                           
    .apk mmap    61520     2620    53000        0    83948                           
    .ttf mmap     2716        0     2152        0     4112                           
    .dex mmap    35529    34768       20        0    38388                           
    .oat mmap       33        0        0        0     1300                           
    .art mmap     9547     8376      184       39    22708                           
   Other mmap    24660        4    19388        0    30976                           
   EGL mtrack    20311    20311        0        0    20311                           
    GL mtrack    20328    20328        0        0    20328                           
      Unknown    60102    59684      364        3    60776                           
        TOTAL   714536   596471    84404      123   854851   578113   465356   105236
 
 App Summary
                       Pss(KB)                        Rss(KB)
                        ------                         ------
           Java Heap:    43880                          64276
         Native Heap:   401756                         403140
                Code:   102516                         240944
               Stack:     3984                           3992
            Graphics:    40639                          40639
       Private Other:    88100
              System:    33661
             Unknown:                                  101860
 
           TOTAL PSS:   714536            TOTAL RSS:   854851       TOTAL SWAP PSS:      123
 
 Objects
               Views:       99         ViewRootImpl:        1
         AppContexts:       15           Activities:        1
              Assets:       41        AssetManagers:        0
       Local Binders:       28        Proxy Binders:       69
       Parcel memory:       25         Parcel count:       84
    Death Recipients:        0             WebViews:        0
 
 Native Allocations
                         Count                       Total(kB)
                        ------                         ------
    Other (malloced):     1125                            106
 Other (nonmalloced):      110                             77
   Bitmap (malloced):        2                           2644
 
 SQL
         MEMORY_USED:     1767
  PAGECACHE_OVERFLOW:     1594          MALLOC_SIZE:     3712
 
 DATABASES
      pgsz     dbsz   Lookaside(b) cache hits cache misses cache size  Dbname
PER CONNECTION STATS
         4    12072             89    66    90    25  /data/user/0/com.arcfire.online/databases/firestore.%5BDEFAULT%5D.arcfire-49d69.%28default%29
         4     1264             70  3490  2495     5  /data/user/0/com.arcfire.online/databases/RKStorage
POOL STATS
     cache hits  cache misses    cache size  Dbname
             66            91           157  /data/user/0/com.arcfire.online/databases/firestore.%5BDEFAULT%5D.arcfire-49d69.%28default%29
           3490          2496          5986  /data/user/0/com.arcfire.online/databases/RKStorage

VmRSS:	  845808 kB
VmSwap:	   15516 kB
Threads:	107

===== 2026-07-10 19:57:49 pid=6004 =====
Applications Memory Usage (in Kilobytes):
Uptime: 24416914 Realtime: 32245053

** MEMINFO in pid 6004 [com.arcfire.online] **
                   Pss  Private  Private  SwapPss      Rss     Heap     Heap     Heap
                 Total    Dirty    Clean    Dirty    Total     Size    Alloc     Free
                ------   ------   ------   ------   ------   ------   ------   ------
  Native Heap   570842   570828        0    27884   572160   778524   721097    42738
  Dalvik Heap    35356    34172       32      134    40412    36771    18390    18381
 Dalvik Other    17761     8416        0      204    27480                           
        Stack     3960     3960        0      480     3968                           
       Ashmem        9        0        0        0      564                           
    Other dev       23        0       20        0      572                           
     .so mmap     7619      216     2140       56    42660                           
    .jar mmap     2912        0     1100        0    35040                           
    .apk mmap    29966     1796    23484      824    48876                           
    .ttf mmap     2674        0     2260        0     3872                           
    .dex mmap    18534    18264       64    16440    19920                           
    .oat mmap       33        0       12        0     1132                           
    .art mmap     6304     5216      116     3201    19384                           
   Other mmap    24200        4    19000        0    30216                           
   EGL mtrack    20311    20311        0        0    20311                           
    GL mtrack   123592   123592        0        0   123592                           
      Unknown    60782    60348      380    20183    61452                           
        TOTAL   994284   847123    48608    69406  1051611   815295   739487    61119
 
 App Summary
                       Pss(KB)                        Rss(KB)
                        ------                         ------
           Java Heap:    39504                          59796
         Native Heap:   570828                         572160
                Code:    49408                         170244
               Stack:     3960                           3968
            Graphics:   143903                         143903
       Private Other:    88128
              System:    98553
             Unknown:                                  101540
 
           TOTAL PSS:   994284            TOTAL RSS:  1051611       TOTAL SWAP PSS:    69406
 
 Objects
               Views:      568         ViewRootImpl:        1
         AppContexts:       15           Activities:        1
              Assets:       41        AssetManagers:        0
       Local Binders:       27        Proxy Binders:       70
       Parcel memory:       26         Parcel count:       88
    Death Recipients:        0             WebViews:        0
 
 Native Allocations
                         Count                       Total(kB)
                        ------                         ------
    Other (malloced):     4930                            470
 Other (nonmalloced):      112                             79
   Bitmap (malloced):        2                          81259
 
 SQL
         MEMORY_USED:     1763
  PAGECACHE_OVERFLOW:     1590          MALLOC_SIZE:     3716
 
 DATABASES
      pgsz     dbsz   Lookaside(b) cache hits cache misses cache size  Dbname
PER CONNECTION STATS
         4    12072             89   512   455    25  /data/user/0/com.arcfire.online/databases/firestore.%5BDEFAULT%5D.arcfire-49d69.%28default%29
         4     1256             70  4790  3366     5  /data/user/0/com.arcfire.online/databases/RKStorage
POOL STATS
     cache hits  cache misses    cache size  Dbname
            512           456           968  /data/user/0/com.arcfire.online/databases/firestore.%5BDEFAULT%5D.arcfire-49d69.%28default%29
           4790          3367          8157  /data/user/0/com.arcfire.online/databases/RKStorage

VmRSS:	 1035424 kB
VmSwap:	   84380 kB
Threads:	111

===== 2026-07-10 20:13:58 pid=10538 =====
Applications Memory Usage (in Kilobytes):
Uptime: 25385501 Realtime: 33213640

** MEMINFO in pid 10538 [com.arcfire.online] **
                   Pss  Private  Private  SwapPss      Rss     Heap     Heap     Heap
                 Total    Dirty    Clean    Dirty    Total     Size    Alloc     Free
                ------   ------   ------   ------   ------   ------   ------   ------
  Native Heap   259837   259788       36       40   261160   348000   320606    22728
  Dalvik Heap    33861    32684       24       22    38928    26135    13068    13067
 Dalvik Other    17577     9156        0        0    26372                           
        Stack     3396     3396        0        0     3404                           
       Ashmem        9        0        0        0      564                           
    Other dev       25        8       16        0      572                           
     .so mmap    10665      204     5164       21    44380                           
    .jar mmap    10037        0     5784        0    46780                           
    .apk mmap    61420     2620    53080        0    81912                           
    .ttf mmap     1263        0      960        0     2092                           
    .dex mmap    37194    34768     2048        0    38772                           
    .oat mmap      187        0       68        0     1560                           
    .art mmap     9545     8340      220       39    22664                           
   Other mmap    25116        4    20240        0    31060                           
   EGL mtrack    20311    20311        0        0    20311                           
    GL mtrack     9408     9408        0        0     9408                           
      Unknown    43840    43500      292        3    44496                           
        TOTAL   543816   424187    87932      125   674435   374135   333674    35795
 
 App Summary
                       Pss(KB)                        Rss(KB)
                        ------                         ------
           Java Heap:    41244                          61592
         Native Heap:   259788                         261160
                Code:   105152                         232776
               Stack:     3396                           3404
            Graphics:    29719                          29719
       Private Other:    72820
              System:    31697
             Unknown:                                   85784
 
           TOTAL PSS:   543816            TOTAL RSS:   674435       TOTAL SWAP PSS:      125
 
 Objects
               Views:       99         ViewRootImpl:        1
         AppContexts:       16           Activities:        1
              Assets:       41        AssetManagers:        0
       Local Binders:       25        Proxy Binders:       68
       Parcel memory:       22         Parcel count:       72
    Death Recipients:        0             WebViews:        0
 
 Native Allocations
                         Count                       Total(kB)
                        ------                         ------
    Other (malloced):     1109                            104
 Other (nonmalloced):      102                             73
   Bitmap (malloced):        2                           2644
 
 SQL
         MEMORY_USED:     1776
  PAGECACHE_OVERFLOW:     1602          MALLOC_SIZE:     3719
 
 DATABASES
      pgsz     dbsz   Lookaside(b) cache hits cache misses cache size  Dbname
PER CONNECTION STATS
         4    12072             89    66    75    25  /data/user/0/com.arcfire.online/databases/firestore.%5BDEFAULT%5D.arcfire-49d69.%28default%29
         4     1268             70   998   633     5  /data/user/0/com.arcfire.online/databases/RKStorage
POOL STATS
     cache hits  cache misses    cache size  Dbname
             66            76           142  /data/user/0/com.arcfire.online/databases/firestore.%5BDEFAULT%5D.arcfire-49d69.%28default%29
            998           634          1632  /data/user/0/com.arcfire.online/databases/RKStorage

VmRSS:	  650368 kB
VmSwap:	   16024 kB
Threads:	88

===== 2026-07-10 20:29:23 pid=10538 =====
Applications Memory Usage (in Kilobytes):
Uptime: 26311990 Realtime: 34140130

** MEMINFO in pid 10538 [com.arcfire.online] **
                   Pss  Private  Private  SwapPss      Rss     Heap     Heap     Heap
                 Total    Dirty    Clean    Dirty    Total     Size    Alloc     Free
                ------   ------   ------   ------   ------   ------   ------   ------
  Native Heap   324385   324336       36       40   325704   487476   441503    40410
  Dalvik Heap    36212    35028       32       22    41276    36983    18492    18491
 Dalvik Other    18169     9308        0        0    27404                           
        Stack     3808     3808        0        0     3816                           
       Ashmem        9        0        0        0      564                           
    Other dev       27        8       16        0      572                           
     .so mmap    12080      208     6496       21    45936                           
    .jar mmap     9417        0     5456        0    47292                           
    .apk mmap    61220     2620    52944        0    81916                           
    .ttf mmap     3901        0     3384        0     5148                           
    .dex mmap    36767    34768     1208        0    38772                           
    .oat mmap      144        0       56        0     1560                           
    .art mmap     9572     8364      224       39    22676                           
   Other mmap    25293        4    20272        0    31580                           
   EGL mtrack    20311    20311        0        0    20311                           
    GL mtrack   100296   100296        0        0   100296                           
      Unknown    46898    46468      380        3    47552                           
        TOTAL   708634   585527    90504      125   842375   524459   459995    58901
 
 App Summary
                       Pss(KB)                        Rss(KB)
                        ------                         ------
           Java Heap:    43616                          63952
         Native Heap:   324336                         325704
                Code:   107624                         238812
               Stack:     3808                           3816
            Graphics:   120607                         120607
       Private Other:    76040
              System:    32603
             Unknown:                                   89484
 
           TOTAL PSS:   708634            TOTAL RSS:   842375       TOTAL SWAP PSS:      125
 
 Objects
               Views:      577         ViewRootImpl:        1
         AppContexts:       16           Activities:        1
              Assets:       41        AssetManagers:        0
       Local Binders:       25        Proxy Binders:       68
       Parcel memory:       23         Parcel count:       76
    Death Recipients:        0             WebViews:        0
 
 Native Allocations
                         Count                       Total(kB)
                        ------                         ------
    Other (malloced):     5038                            480
 Other (nonmalloced):      107                             75
   Bitmap (malloced):        2                          72862
 
 SQL
         MEMORY_USED:     1767
  PAGECACHE_OVERFLOW:     1594          MALLOC_SIZE:     3720
 
 DATABASES
      pgsz     dbsz   Lookaside(b) cache hits cache misses cache size  Dbname
PER CONNECTION STATS
         4    12072             89    66    78    25  /data/user/0/com.arcfire.online/databases/firestore.%5BDEFAULT%5D.arcfire-49d69.%28default%29
         4     1260             70  1672  1084     5  /data/user/0/com.arcfire.online/databases/RKStorage
POOL STATS
     cache hits  cache misses    cache size  Dbname
             66            79           145  /data/user/0/com.arcfire.online/databases/firestore.%5BDEFAULT%5D.arcfire-49d69.%28default%29
           1672          1085          2757  /data/user/0/com.arcfire.online/databases/RKStorage

VmRSS:	  822280 kB
VmSwap:	   15896 kB
Threads:	92

===== 2026-07-10 20:44:53 pid=10538 =====
Applications Memory Usage (in Kilobytes):
Uptime: 27240687 Realtime: 35068826

** MEMINFO in pid 10538 [com.arcfire.online] **
                   Pss  Private  Private  SwapPss      Rss     Heap     Heap     Heap
                 Total    Dirty    Clean    Dirty    Total     Size    Alloc     Free
                ------   ------   ------   ------   ------   ------   ------   ------
  Native Heap   573957   573908       36       40   575272   752388   712549    22815
  Dalvik Heap    36564    35380       32       22    41628    44900    22450    22450
 Dalvik Other    18021     9020        0        0    27396                           
        Stack     3768     3768        0        0     3776                           
       Ashmem        9        0        0        0      556                           
    Other dev       25        8       16        0      568                           
     .so mmap    11930      208     6376       21    45652                           
    .jar mmap     8902        0     5096        0    46180                           
    .apk mmap    60945     2620    52740        0    81516                           
    .ttf mmap     3543        0     2952        0     4888                           
    .dex mmap    36723    34768     1184        0    38688                           
    .oat mmap       81        0       24        0     1344                           
    .art mmap     9572     8364      224       39    22676                           
   Other mmap    25283        4    20196        0    31540                           
   EGL mtrack    20311    20311        0        0    20311                           
    GL mtrack   133388   133388        0        0   133388                           
      Unknown    53382    52952      380        3    54036                           
        TOTAL   996529   874699    89256      125  1129415   797288   734999    45265
 
 App Summary
                       Pss(KB)                        Rss(KB)
                        ------                         ------
           Java Heap:    43968                          64304
         Native Heap:   573908                         575272
                Code:   106460                         236744
               Stack:     3768                           3776
            Graphics:   153699                         153699
       Private Other:    82152
              System:    32574
             Unknown:                                   95620
 
           TOTAL PSS:   996529            TOTAL RSS:  1129415       TOTAL SWAP PSS:      125
 
 Objects
               Views:      561         ViewRootImpl:        1
         AppContexts:       16           Activities:        1
              Assets:       41        AssetManagers:        0
       Local Binders:       25        Proxy Binders:       68
       Parcel memory:       24         Parcel count:       80
    Death Recipients:        0             WebViews:        0
 
 Native Allocations
                         Count                       Total(kB)
                        ------                         ------
    Other (malloced):     4910                            468
 Other (nonmalloced):      107                             75
   Bitmap (malloced):        2                          81259
 
 SQL
         MEMORY_USED:     1763
  PAGECACHE_OVERFLOW:     1590          MALLOC_SIZE:     3720
 
 DATABASES
      pgsz     dbsz   Lookaside(b) cache hits cache misses cache size  Dbname
PER CONNECTION STATS
         4    12072             89    66    81    25  /data/user/0/com.arcfire.online/databases/firestore.%5BDEFAULT%5D.arcfire-49d69.%28default%29
         4     1256             70  2020  1339     5  /data/user/0/com.arcfire.online/databases/RKStorage
POOL STATS
     cache hits  cache misses    cache size  Dbname
             66            82           148  /data/user/0/com.arcfire.online/databases/firestore.%5BDEFAULT%5D.arcfire-49d69.%28default%29
           2020          1340          3360  /data/user/0/com.arcfire.online/databases/RKStorage

VmRSS:	 1108412 kB
VmSwap:	   15896 kB
Threads:	92

===== 2026-07-10 21:01:00 pid=12074 =====
Applications Memory Usage (in Kilobytes):
Uptime: 28207221 Realtime: 36035360

** MEMINFO in pid 12074 [com.arcfire.online] **
                   Pss  Private  Private  SwapPss      Rss     Heap     Heap     Heap
                 Total    Dirty    Clean    Dirty    Total     Size    Alloc     Free
                ------   ------   ------   ------   ------   ------   ------   ------
  Native Heap   633739   633688       36       39   635044   799592   752317    31894
  Dalvik Heap    46688    45504       32       22    51752    48303    24152    24151
 Dalvik Other    18345     9192        0        0    27872                           
        Stack     4660     4660        0        0     4668                           
       Ashmem        9        0        0        0      560                           
    Other dev       37       16       20        0      580                           
     .so mmap    18351      252    12180       20    54148                           
    .jar mmap     9799        0     5864        0    47128                           
    .apk mmap    64473     2620    56264        0    84776                           
    .ttf mmap     2963        0     2400        0     4256                           
    .dex mmap    36642    34768     1172        0    38644                           
    .oat mmap       83        0       40        0     1248                           
    .art mmap     9613     8384      244       39    22700                           
   Other mmap    44289        4    39132        0    50592                           
   EGL mtrack    20311    20311        0        0    20311                           
    GL mtrack   123776   123776        0        0   123776                           
      Unknown    67316    66932      324        3    67980                           
        TOTAL  1101217   950107   117708      123  1236035   847895   776469    56045
 
 App Summary
                       Pss(KB)                        Rss(KB)
                        ------                         ------
           Java Heap:    54132                          74452
         Native Heap:   633688                         635044
                Code:   116032                         248960
               Stack:     4660                           4668
            Graphics:   144087                         144087
       Private Other:   115216
              System:    33402
             Unknown:                                  128824
 
           TOTAL PSS:  1101217            TOTAL RSS:  1236035       TOTAL SWAP PSS:      123
 
 Objects
               Views:      561         ViewRootImpl:        1
         AppContexts:       16           Activities:        1
              Assets:       41        AssetManagers:        0
       Local Binders:       27        Proxy Binders:       69
       Parcel memory:       28         Parcel count:       96
    Death Recipients:        0             WebViews:        0
 
 Native Allocations
                         Count                       Total(kB)
                        ------                         ------
    Other (malloced):     4918                            469
 Other (nonmalloced):      110                             77
   Bitmap (malloced):        2                          81259
 
 SQL
         MEMORY_USED:     1763
  PAGECACHE_OVERFLOW:     1590          MALLOC_SIZE:     3721
 
 DATABASES
      pgsz     dbsz   Lookaside(b) cache hits cache misses cache size  Dbname
PER CONNECTION STATS
         4     1256             70  1164   733     5  /data/user/0/com.arcfire.online/databases/RKStorage
         4    12072             89    66    75    25  /data/user/0/com.arcfire.online/databases/firestore.%5BDEFAULT%5D.arcfire-49d69.%28default%29
POOL STATS
     cache hits  cache misses    cache size  Dbname
           1164           734          1898  /data/user/0/com.arcfire.online/databases/RKStorage
             66            76           142  /data/user/0/com.arcfire.online/databases/firestore.%5BDEFAULT%5D.arcfire-49d69.%28default%29

VmRSS:	 1213644 kB
VmSwap:	   15528 kB
Threads:	116

===== 2026-07-10 21:17:07 pid=12768 =====
Applications Memory Usage (in Kilobytes):
Uptime: 29176255 Realtime: 37004394

** MEMINFO in pid 12768 [com.arcfire.online] **
                   Pss  Private  Private  SwapPss      Rss     Heap     Heap     Heap
                 Total    Dirty    Clean    Dirty    Total     Size    Alloc     Free
                ------   ------   ------   ------   ------   ------   ------   ------
  Native Heap   246853   246804       36       40   248164   349992   323536    22351
  Dalvik Heap    27908    26732       24       22    32976    29456    14728    14728
 Dalvik Other    17455     8852        0        0    26432                           
        Stack     3372     3372        0        0     3380                           
       Ashmem        9        0        0        0      556                           
    Other dev       29       12       16        0      572                           
     .so mmap    11472      212     5972       21    45080                           
    .jar mmap     9731        0     5816        0    46948                           
    .apk mmap    61665     2620    53304        0    82140                           
    .ttf mmap     1165        0      760        0     2184                           
    .dex mmap    36191    34768      504        0    38548                           
    .oat mmap      399        0      356        0     1564                           
    .art mmap     9551     8348      220       40    22656                           
   Other mmap    24522        4    19732        0    30480                           
   EGL mtrack    20311    20311        0        0    20311                           
    GL mtrack     9508     9508        0        0     9508                           
      Unknown    35694    35248      396        3    36348                           
        TOTAL   515961   396791    87136      126   647847   379448   338264    37079
 
 App Summary
                       Pss(KB)                        Rss(KB)
                        ------                         ------
           Java Heap:    35300                          55632
         Native Heap:   246804                         248164
                Code:   104728                         234068
               Stack:     3372                           3380
            Graphics:    29819                          29819
       Private Other:    63904
              System:    32034
             Unknown:                                   76784
 
           TOTAL PSS:   515961            TOTAL RSS:   647847       TOTAL SWAP PSS:      126
 
 Objects
               Views:       99         ViewRootImpl:        1
         AppContexts:       16           Activities:        1
              Assets:       41        AssetManagers:        0
       Local Binders:       25        Proxy Binders:       68
       Parcel memory:       22         Parcel count:       72
    Death Recipients:        0             WebViews:        0
 
 Native Allocations
                         Count                       Total(kB)
                        ------                         ------
    Other (malloced):     1120                            105
 Other (nonmalloced):      102                             73
   Bitmap (malloced):        2                           2644
 
 SQL
         MEMORY_USED:     1772
  PAGECACHE_OVERFLOW:     1598          MALLOC_SIZE:     3721
 
 DATABASES
      pgsz     dbsz   Lookaside(b) cache hits cache misses cache size  Dbname
PER CONNECTION STATS
         4     1264             70   962   611     5  /data/user/0/com.arcfire.online/databases/RKStorage
         4    12072             89    66    75    25  /data/user/0/com.arcfire.online/databases/firestore.%5BDEFAULT%5D.arcfire-49d69.%28default%29
POOL STATS
     cache hits  cache misses    cache size  Dbname
            962           612          1574  /data/user/0/com.arcfire.online/databases/RKStorage
             66            76           142  /data/user/0/com.arcfire.online/databases/firestore.%5BDEFAULT%5D.arcfire-49d69.%28default%29

VmRSS:	  628552 kB
VmSwap:	   15840 kB
Threads:	88

===== 2026-07-10 21:32:31 pid=12768 =====
Applications Memory Usage (in Kilobytes):
Uptime: 30098746 Realtime: 37926885

** MEMINFO in pid 12768 [com.arcfire.online] **
                   Pss  Private  Private  SwapPss      Rss     Heap     Heap     Heap
                 Total    Dirty    Clean    Dirty    Total     Size    Alloc     Free
                ------   ------   ------   ------   ------   ------   ------   ------
  Native Heap   251473   251424       36       40   252784   352040   326007    22065
  Dalvik Heap    29380    28204       24       22    34448    32499    16251    16248
 Dalvik Other    17697     9064        0        0    26704                           
        Stack     3368     3368        0        0     3376                           
       Ashmem        9        0        0        0      556                           
    Other dev       29       12       16        0      572                           
     .so mmap    11449      212     5952       21    45080                           
    .jar mmap     9663        0     5772        0    46948                           
    .apk mmap    60286     2620    51368        0    82140                           
    .ttf mmap     1165        0      760        0     2184                           
    .dex mmap    36127    34768      420        0    38548                           
    .oat mmap      399        0      356        0     1564                           
    .art mmap     9549     8348      220       40    22656                           
   Other mmap    24459        4    19632        0    30500                           
   EGL mtrack    20311    20311        0        0    20311                           
    GL mtrack     9508     9508        0        0     9508                           
      Unknown    36918    36504      364        3    37572                           
        TOTAL   521916   404347    84920      126   655451   384539   342258    38313
 
 App Summary
                       Pss(KB)                        Rss(KB)
                        ------                         ------
           Java Heap:    36772                          57104
         Native Heap:   251424                         252784
                Code:   102644                         234128
               Stack:     3368                           3376
            Graphics:    29819                          29819
       Private Other:    65240
              System:    32649
             Unknown:                                   78240
 
           TOTAL PSS:   521916            TOTAL RSS:   655451       TOTAL SWAP PSS:      126
 
 Objects
               Views:       99         ViewRootImpl:        1
         AppContexts:       16           Activities:        1
              Assets:       41        AssetManagers:        0
       Local Binders:       25        Proxy Binders:       68
       Parcel memory:       22         Parcel count:       72
    Death Recipients:        0             WebViews:        0
 
 Native Allocations
                         Count                       Total(kB)
                        ------                         ------
    Other (malloced):     1120                            105
 Other (nonmalloced):      102                             73
   Bitmap (malloced):        2                           2644
 
 SQL
         MEMORY_USED:     1772
  PAGECACHE_OVERFLOW:     1598          MALLOC_SIZE:     3721
 
 DATABASES
      pgsz     dbsz   Lookaside(b) cache hits cache misses cache size  Dbname
PER CONNECTION STATS
         4     1264             70  1310   846     5  /data/user/0/com.arcfire.online/databases/RKStorage
         4    12072             89    66    78    25  /data/user/0/com.arcfire.online/databases/firestore.%5BDEFAULT%5D.arcfire-49d69.%28default%29
POOL STATS
     cache hits  cache misses    cache size  Dbname
           1310           847          2157  /data/user/0/com.arcfire.online/databases/RKStorage
             66            79           145  /data/user/0/com.arcfire.online/databases/firestore.%5BDEFAULT%5D.arcfire-49d69.%28default%29

VmRSS:	  635176 kB
VmSwap:	   15840 kB
Threads:	88

===== 2026-07-10 21:47:54 pid=12768 =====
Applications Memory Usage (in Kilobytes):
Uptime: 31021772 Realtime: 38849911

** MEMINFO in pid 12768 [com.arcfire.online] **
                   Pss  Private  Private  SwapPss      Rss     Heap     Heap     Heap
                 Total    Dirty    Clean    Dirty    Total     Size    Alloc     Free
                ------   ------   ------   ------   ------   ------   ------   ------
  Native Heap   347971   347920       36       39   349280   458560   419734    33557
  Dalvik Heap    33328    32144       32       22    38392    32502    16254    16248
 Dalvik Other    18217     9220        0        0    27588                           
        Stack     4020     4020        0        0     4028                           
       Ashmem        9        0        0        0      556                           
    Other dev       37       16       20        0      580                           
     .so mmap    20311      252    14144       20    56132                           
    .jar mmap     9820        0     5816        0    47344                           
    .apk mmap    62709     2620    53800        0    84588                           
    .ttf mmap     3463        0     2896        0     4780                           
    .dex mmap    36159    34768      452        0    38580                           
    .oat mmap      393        0      344        0     1564                           
    .art mmap     9575     8368      224       39    22676                           
   Other mmap    25380        4    20268        0    31708                           
   EGL mtrack    20311    20311        0        0    20311                           
    GL mtrack    44628    44628        0        0    44628                           
      Unknown    49804    49324      420        3    50468                           
        TOTAL   686258   553595    98452      123   823203   491062   435988    49805
 
 App Summary
                       Pss(KB)                        Rss(KB)
                        ------                         ------
           Java Heap:    40736                          61068
         Native Heap:   347920                         349280
                Code:   115548                         251420
               Stack:     4020                           4028
            Graphics:    64939                          64939
       Private Other:    78884
              System:    34211
             Unknown:                                   92468
 
           TOTAL PSS:   686258            TOTAL RSS:   823203       TOTAL SWAP PSS:      123
 
 Objects
               Views:      360         ViewRootImpl:        1
         AppContexts:       16           Activities:        1
              Assets:       41        AssetManagers:        0
       Local Binders:       24        Proxy Binders:       68
       Parcel memory:       25         Parcel count:       82
    Death Recipients:        0             WebViews:        0
 
 Native Allocations
                         Count                       Total(kB)
                        ------                         ------
    Other (malloced):     2737                            260
 Other (nonmalloced):      106                             75
   Bitmap (malloced):       15                           7507
 
 SQL
         MEMORY_USED:     1763
  PAGECACHE_OVERFLOW:     1590          MALLOC_SIZE:     3728
 
 DATABASES
      pgsz     dbsz   Lookaside(b) cache hits cache misses cache size  Dbname
PER CONNECTION STATS
         4     1256             70  1404   925     5  /data/user/0/com.arcfire.online/databases/RKStorage
         4    12072             89    66    81    25  /data/user/0/com.arcfire.online/databases/firestore.%5BDEFAULT%5D.arcfire-49d69.%28default%29
POOL STATS
     cache hits  cache misses    cache size  Dbname
           1404           926          2330  /data/user/0/com.arcfire.online/databases/RKStorage
             66            82           148  /data/user/0/com.arcfire.online/databases/firestore.%5BDEFAULT%5D.arcfire-49d69.%28default%29

VmRSS:	  802880 kB
VmSwap:	   15456 kB
Threads:	107

===== 2026-07-10 22:03:18 pid=12768 =====
Applications Memory Usage (in Kilobytes):
Uptime: 31945536 Realtime: 39773675

** MEMINFO in pid 12768 [com.arcfire.online] **
                   Pss  Private  Private  SwapPss      Rss     Heap     Heap     Heap
                 Total    Dirty    Clean    Dirty    Total     Size    Alloc     Free
                ------   ------   ------   ------   ------   ------   ------   ------
  Native Heap   392623   392572       36       39   393932   503840   463093    33928
  Dalvik Heap    54648    53464       32       21    59712    54319    29743    24576
 Dalvik Other    18397     9304        0        0    27864                           
        Stack     3988     3988        0        0     3996                           
       Ashmem        9        0        0        0      556                           
    Other dev       37       16       20        0      580                           
     .so mmap    20207      252    14024       20    56132                           
    .jar mmap     9231        0     5112        0    47332                           
    .apk mmap    62496     2620    53480        0    84600                           
    .ttf mmap     3463        0     2896        0     4780                           
    .dex mmap    36104    34768      356        0    38576                           
    .oat mmap      235        0       48        0     1564                           
    .art mmap     9567     8368      216       39    22672                           
   Other mmap    25390        4    20200        0    31820                           
   EGL mtrack    20311    20311        0        0    20311                           
    GL mtrack    43636    43636        0        0    43636                           
      Unknown    61260    60748      452        3    61924                           
        TOTAL   761724   630051    96872      122   899987   558159   492836    58504
 
 App Summary
                       Pss(KB)                        Rss(KB)
                        ------                         ------
           Java Heap:    62048                          82384
         Native Heap:   392572                         393932
                Code:   114012                         251608
               Stack:     3988                           3996
            Graphics:    63947                          63947
       Private Other:    90356
              System:    34801
             Unknown:                                  104120
 
           TOTAL PSS:   761724            TOTAL RSS:   899987       TOTAL SWAP PSS:      122
 
 Objects
               Views:      382         ViewRootImpl:        1
         AppContexts:       16           Activities:        1
              Assets:       41        AssetManagers:        0
       Local Binders:       24        Proxy Binders:       68
       Parcel memory:       25         Parcel count:       82
    Death Recipients:        0             WebViews:        0
 
 Native Allocations
                         Count                       Total(kB)
                        ------                         ------
    Other (malloced):     2760                            262
 Other (nonmalloced):      106                             75
   Bitmap (malloced):       15                           7507
 
 SQL
         MEMORY_USED:     1763
  PAGECACHE_OVERFLOW:     1590          MALLOC_SIZE:     3728
 
 DATABASES
      pgsz     dbsz   Lookaside(b) cache hits cache misses cache size  Dbname
PER CONNECTION STATS
         4     1256             70  1596  1106     5  /data/user/0/com.arcfire.online/databases/RKStorage
         4    12072             89    66    84    25  /data/user/0/com.arcfire.online/databases/firestore.%5BDEFAULT%5D.arcfire-49d69.%28default%29
POOL STATS
     cache hits  cache misses    cache size  Dbname
           1596          1107          2703  /data/user/0/com.arcfire.online/databases/RKStorage
             66            85           151  /data/user/0/com.arcfire.online/databases/firestore.%5BDEFAULT%5D.arcfire-49d69.%28default%29

VmRSS:	  880248 kB
VmSwap:	   15456 kB
Threads:	106

===== 2026-07-10 22:18:48 pid=12768 =====
Applications Memory Usage (in Kilobytes):
Uptime: 32875632 Realtime: 40703771

** MEMINFO in pid 12768 [com.arcfire.online] **
                   Pss  Private  Private  SwapPss      Rss     Heap     Heap     Heap
                 Total    Dirty    Clean    Dirty    Total     Size    Alloc     Free
                ------   ------   ------   ------   ------   ------   ------   ------
  Native Heap   383255   383204       36       39   384564   503248   449691    46341
  Dalvik Heap    53192    52008       32       22    58256    50335    25759    24576
 Dalvik Other    19113     9980        0        0    28620                           
        Stack     3976     3976        0        0     3984                           
       Ashmem        9        0        0        0      556                           
    Other dev       37       16       20        0      580                           
     .so mmap    20279      252    14092       20    56132                           
    .jar mmap     9333        0     5224        0    47332                           
    .apk mmap    62499     2620    53480        0    84600                           
    .ttf mmap     3472        0     2900        0     4784                           
    .dex mmap    36104    34768      356        0    38576                           
    .oat mmap      236        0       48        0     1564                           
    .art mmap     9574     8368      216       39    22672                           
   Other mmap    25500        4    20372        0    31868                           
   EGL mtrack    20311    20311        0        0    20311                           
    GL mtrack    39588    39588        0        0    39588                           
      Unknown    69944    69448      436        3    70608                           
        TOTAL   756545   624543    97212      123   894595   553583   475450    70917
 
 App Summary
                       Pss(KB)                        Rss(KB)
                        ------                         ------
           Java Heap:    60592                          80928
         Native Heap:   383204                         384564
                Code:   114196                         251692
               Stack:     3976                           3984
            Graphics:    59899                          59899
       Private Other:    99888
              System:    34790
             Unknown:                                  113528
 
           TOTAL PSS:   756545            TOTAL RSS:   894595       TOTAL SWAP PSS:      123
 
 Objects
               Views:      383         ViewRootImpl:        1
         AppContexts:       16           Activities:        1
              Assets:       41        AssetManagers:        0
       Local Binders:       24        Proxy Binders:       68
       Parcel memory:       25         Parcel count:       82
    Death Recipients:        0             WebViews:        0
 
 Native Allocations
                         Count                       Total(kB)
                        ------                         ------
    Other (malloced):     2769                            263
 Other (nonmalloced):      106                             75
   Bitmap (malloced):       15                           7507
 
 SQL
         MEMORY_USED:     1763
  PAGECACHE_OVERFLOW:     1590          MALLOC_SIZE:     3728
 
 DATABASES
      pgsz     dbsz   Lookaside(b) cache hits cache misses cache size  Dbname
PER CONNECTION STATS
         4     1256             70  1656  1169     5  /data/user/0/com.arcfire.online/databases/RKStorage
         4    12072             89    66    87    25  /data/user/0/com.arcfire.online/databases/firestore.%5BDEFAULT%5D.arcfire-49d69.%28default%29
POOL STATS
     cache hits  cache misses    cache size  Dbname
           1656          1170          2826  /data/user/0/com.arcfire.online/databases/RKStorage
             66            88           154  /data/user/0/com.arcfire.online/databases/firestore.%5BDEFAULT%5D.arcfire-49d69.%28default%29

VmRSS:	  866960 kB
VmSwap:	   15456 kB
Threads:	106

===== 2026-07-10 22:34:11 pid=12768 =====
Applications Memory Usage (in Kilobytes):
Uptime: 33798649 Realtime: 41626789

** MEMINFO in pid 12768 [com.arcfire.online] **
                   Pss  Private  Private  SwapPss      Rss     Heap     Heap     Heap
                 Total    Dirty    Clean    Dirty    Total     Size    Alloc     Free
                ------   ------   ------   ------   ------   ------   ------   ------
  Native Heap   514435   514384       36       39   515740   691676   582944    95239
  Dalvik Heap    30576    29392       32       22    35632    28307    14154    14153
 Dalvik Other    18493     9160        0        0    28196                           
        Stack     4296     4296        0        0     4304                           
       Ashmem        9        0        0        0      556                           
    Other dev       37       16       20        0      580                           
     .so mmap    18869      252    12872       20    54016                           
    .jar mmap     8633        0     4680        0    46280                           
    .apk mmap    62316     2620    53360        0    84368                           
    .ttf mmap     3176        0     2624        0     4468                           
    .dex mmap    35917    34768      208        0    38556                           
    .oat mmap      230        0       48        0     1532                           
    .art mmap     9577     8368      220       39    22664                           
   Other mmap    25585        4    20340        0    32068                           
   EGL mtrack    20311    20311        0        0    20311                           
    GL mtrack    40980    40980        0        0    40980                           
      Unknown    72180    71596      524        3    72844                           
        TOTAL   865743   736147    94964      123  1003095   719983   597098   109392
 
 App Summary
                       Pss(KB)                        Rss(KB)
                        ------                         ------
           Java Heap:    37980                          58296
         Native Heap:   514384                         515740
                Code:   111908                         248344
               Stack:     4296                           4304
            Graphics:    61291                          61291
       Private Other:   101252
              System:    34632
             Unknown:                                  115120
 
           TOTAL PSS:   865743            TOTAL RSS:  1003095       TOTAL SWAP PSS:      123
 
 Objects
               Views:      380         ViewRootImpl:        1
         AppContexts:       16           Activities:        1
              Assets:       41        AssetManagers:        0
       Local Binders:       24        Proxy Binders:       68
       Parcel memory:       25         Parcel count:       84
    Death Recipients:        0             WebViews:        0
 
 Native Allocations
                         Count                       Total(kB)
                        ------                         ------
    Other (malloced):     2765                            263
 Other (nonmalloced):      111                             77
   Bitmap (malloced):       15                           7507
 
 SQL
         MEMORY_USED:     2210
  PAGECACHE_OVERFLOW:     2020          MALLOC_SIZE:     3728
 
 DATABASES
      pgsz     dbsz   Lookaside(b) cache hits cache misses cache size  Dbname
PER CONNECTION STATS
         4     1260             70  1758  1262     5  /data/user/0/com.arcfire.online/databases/RKStorage
         4    13292            116  1742   769    25  /data/user/0/com.arcfire.online/databases/firestore.%5BDEFAULT%5D.arcfire-49d69.%28default%29
POOL STATS
     cache hits  cache misses    cache size  Dbname
           1758          1263          3021  /data/user/0/com.arcfire.online/databases/RKStorage
           1742           770          2512  /data/user/0/com.arcfire.online/databases/firestore.%5BDEFAULT%5D.arcfire-49d69.%28default%29

VmRSS:	  983856 kB
VmSwap:	   15456 kB
Threads:	116

===== 2026-07-10 22:49:36 pid=12768 =====
Applications Memory Usage (in Kilobytes):
Uptime: 34723123 Realtime: 42551263

** MEMINFO in pid 12768 [com.arcfire.online] **
                   Pss  Private  Private  SwapPss      Rss     Heap     Heap     Heap
                 Total    Dirty    Clean    Dirty    Total     Size    Alloc     Free
                ------   ------   ------   ------   ------   ------   ------   ------
  Native Heap   501303   501252       36       39   502608   692708   564750   114626
  Dalvik Heap    25528    24344       32       22    30584    29515    14760    14755
 Dalvik Other    18291     8952        0        0    28000                           
        Stack     4048     4048        0        0     4056                           
       Ashmem        9        0        0        0      556                           
    Other dev       37       16       20        0      580                           
     .so mmap    18736      252    12820       20    54016                           
    .jar mmap     8257        0     4404        0    46280                           
    .apk mmap    62308     2620    53264        0    84368                           
    .ttf mmap     3192        0     2640        0     4484                           
    .dex mmap    35914    34768      200        0    38556                           
    .oat mmap      146        0       44        0     1532                           
    .art mmap     9578     8368      220       39    22664                           
   Other mmap    25569        4    20340        0    32080                           
   EGL mtrack    20311    20311        0        0    20311                           
    GL mtrack    36936    36936        0        0    36936                           
      Unknown    73364    72828      476        3    74028                           
        TOTAL   843650   714699    94496      123   981639   722223   579510   129381
 
 App Summary
                       Pss(KB)                        Rss(KB)
                        ------                         ------
           Java Heap:    32932                          53248
         Native Heap:   501252                         502608
                Code:   111500                         248384
               Stack:     4048                           4056
            Graphics:    57247                          57247
       Private Other:   102216
              System:    34455
             Unknown:                                  116096
 
           TOTAL PSS:   843650            TOTAL RSS:   981639       TOTAL SWAP PSS:      123
 
 Objects
               Views:      382         ViewRootImpl:        1
         AppContexts:       16           Activities:        1
              Assets:       41        AssetManagers:        0
       Local Binders:       24        Proxy Binders:       68
       Parcel memory:       25         Parcel count:       84
    Death Recipients:        0             WebViews:        0
 
 Native Allocations
                         Count                       Total(kB)
                        ------                         ------
    Other (malloced):     2768                            263
 Other (nonmalloced):      111                             77
   Bitmap (malloced):       15                           7507
 
 SQL
         MEMORY_USED:     2210
  PAGECACHE_OVERFLOW:     2020          MALLOC_SIZE:     3728
 
 DATABASES
      pgsz     dbsz   Lookaside(b) cache hits cache misses cache size  Dbname
PER CONNECTION STATS
         4     1260             70  1758  1265     5  /data/user/0/com.arcfire.online/databases/RKStorage
         4    13292            116  1742   820    25  /data/user/0/com.arcfire.online/databases/firestore.%5BDEFAULT%5D.arcfire-49d69.%28default%29
POOL STATS
     cache hits  cache misses    cache size  Dbname
           1758          1266          3024  /data/user/0/com.arcfire.online/databases/RKStorage
           1742           821          2563  /data/user/0/com.arcfire.online/databases/firestore.%5BDEFAULT%5D.arcfire-49d69.%28default%29

VmRSS:	  965584 kB
VmSwap:	   15456 kB
Threads:	112

===== 2026-07-10 23:05:01 pid=12768 =====
Applications Memory Usage (in Kilobytes):
Uptime: 35648028 Realtime: 43476167

** MEMINFO in pid 12768 [com.arcfire.online] **
                   Pss  Private  Private  SwapPss      Rss     Heap     Heap     Heap
                 Total    Dirty    Clean    Dirty    Total     Size    Alloc     Free
                ------   ------   ------   ------   ------   ------   ------   ------
  Native Heap   513319   513268       36       39   514620   709432   572607   123022
  Dalvik Heap    34478    33296       32       22    39528    33861    16936    16925
 Dalvik Other    18509     9016        0        0    28372                           
        Stack     4108     4108        0        0     4116                           
       Ashmem        9        0        0        0      556                           
    Other dev       37       16       20        0      580                           
     .so mmap    15782      252     8092       20    52776                           
    .jar mmap     7007        0     3256        0    44940                           
    .apk mmap    61706     2620    52812        0    83576                           
    .ttf mmap     3377        0     2832        0     4672                           
    .dex mmap    35912    34768      200        0    38552                           
    .oat mmap       68        0        0        0     1352                           
    .art mmap     9571     8368      216       39    22668                           
   Other mmap    24962        4    19424        0    31576                           
   EGL mtrack    20311    20311        0        0    20311                           
    GL mtrack    43796    43796        0        0    43796                           
      Unknown    71664    71244      360        3    72328                           
        TOTAL   864739   741067    87280      123  1004319   743293   589543   139947
 
 App Summary
                       Pss(KB)                        Rss(KB)
                        ------                         ------
           Java Heap:    41880                          62196
         Native Heap:   513268                         514620
                Code:   105308                         245312
               Stack:     4108                           4116
            Graphics:    64107                          64107
       Private Other:    99676
              System:    36392
             Unknown:                                  113968
 
           TOTAL PSS:   864739            TOTAL RSS:  1004319       TOTAL SWAP PSS:      123
 
 Objects
               Views:      379         ViewRootImpl:        1
         AppContexts:       16           Activities:        1
              Assets:       41        AssetManagers:        0
       Local Binders:       25        Proxy Binders:       69
       Parcel memory:       25         Parcel count:       82
    Death Recipients:        0             WebViews:        0
 
 Native Allocations
                         Count                       Total(kB)
                        ------                         ------
    Other (malloced):     2804                            266
 Other (nonmalloced):      114                             80
   Bitmap (malloced):       15                           7507
 
 SQL
         MEMORY_USED:     2167
  PAGECACHE_OVERFLOW:     1978          MALLOC_SIZE:     3728
 
 DATABASES
      pgsz     dbsz   Lookaside(b) cache hits cache misses cache size  Dbname
PER CONNECTION STATS
         4     1260             70  1792  1298     5  /data/user/0/com.arcfire.online/databases/RKStorage
         4    13292            116  1786   883    25  /data/user/0/com.arcfire.online/databases/firestore.%5BDEFAULT%5D.arcfire-49d69.%28default%29
POOL STATS
     cache hits  cache misses    cache size  Dbname
           1792          1299          3091  /data/user/0/com.arcfire.online/databases/RKStorage
           1786           884          2670  /data/user/0/com.arcfire.online/databases/firestore.%5BDEFAULT%5D.arcfire-49d69.%28default%29

VmRSS:	  981944 kB
VmSwap:	   15456 kB
Threads:	111

===== 2026-07-10 23:20:26 pid=12768 =====
Applications Memory Usage (in Kilobytes):
Uptime: 36573501 Realtime: 44401640

** MEMINFO in pid 12768 [com.arcfire.online] **
                   Pss  Private  Private  SwapPss      Rss     Heap     Heap     Heap
                 Total    Dirty    Clean    Dirty    Total     Size    Alloc     Free
                ------   ------   ------   ------   ------   ------   ------   ------
  Native Heap   515994   515940       40       39   517292   710216   577978   118422
  Dalvik Heap    25686    24504       32       22    30736    26829    13415    13414
 Dalvik Other    18465     8964        0        0    28336                           
        Stack     4184     4184        0        0     4192                           
       Ashmem        9        0        0        0      556                           
    Other dev       37       16       20        0      580                           
     .so mmap    16062      252     8536       20    52776                           
    .jar mmap     6966        0     3232        0    44940                           
    .apk mmap    61679     2620    52776        0    83576                           
    .ttf mmap     3503        0     3028        0     4672                           
    .dex mmap    35904    34768      192        0    38552                           
    .oat mmap       64        0        0        0     1352                           
    .art mmap     9572     8368      216       39    22668                           
   Other mmap    24979       20    19424        0    31608                           
   EGL mtrack    41631    41631        0        0    41631                           
    GL mtrack    33208    33208        0        0    33208                           
      Unknown    67616    67156      408        3    68272                           
        TOTAL   865682   741631    87904      123  1004947   737045   591393   131836
 
 App Summary
                       Pss(KB)                        Rss(KB)
                        ------                         ------
           Java Heap:    33088                          53404
         Native Heap:   515940                         517292
                Code:   105880                         245328
               Stack:     4184                           4192
            Graphics:    74839                          74839
       Private Other:    95604
              System:    36147
             Unknown:                                  109892
 
           TOTAL PSS:   865682            TOTAL RSS:  1004947       TOTAL SWAP PSS:      123
 
 Objects
               Views:      391         ViewRootImpl:        1
         AppContexts:       16           Activities:        1
              Assets:       41        AssetManagers:        0
       Local Binders:       25        Proxy Binders:       69
       Parcel memory:       25         Parcel count:       82
    Death Recipients:        0             WebViews:        0
 
 Native Allocations
                         Count                       Total(kB)
                        ------                         ------
    Other (malloced):     2853                            271
 Other (nonmalloced):      114                             80
   Bitmap (malloced):       15                           7507
 
 SQL
         MEMORY_USED:     2167
  PAGECACHE_OVERFLOW:     1978          MALLOC_SIZE:     3728
 
 DATABASES
      pgsz     dbsz   Lookaside(b) cache hits cache misses cache size  Dbname
PER CONNECTION STATS
         4     1260             70  1792  1301     5  /data/user/0/com.arcfire.online/databases/RKStorage
         4    13292            116  1786   934    25  /data/user/0/com.arcfire.online/databases/firestore.%5BDEFAULT%5D.arcfire-49d69.%28default%29
POOL STATS
     cache hits  cache misses    cache size  Dbname
           1792          1302          3094  /data/user/0/com.arcfire.online/databases/RKStorage
           1786           935          2721  /data/user/0/com.arcfire.online/databases/firestore.%5BDEFAULT%5D.arcfire-49d69.%28default%29

VmRSS:	  969120 kB
VmSwap:	   15456 kB
Threads:	112

===== 2026-07-10 23:35:53 pid=12768 =====
Applications Memory Usage (in Kilobytes):
Uptime: 37501205 Realtime: 45329344

** MEMINFO in pid 12768 [com.arcfire.online] **
                   Pss  Private  Private  SwapPss      Rss     Heap     Heap     Heap
                 Total    Dirty    Clean    Dirty    Total     Size    Alloc     Free
                ------   ------   ------   ------   ------   ------   ------   ------
  Native Heap   515322   515268       40       39   516620   710456   575506   121067
  Dalvik Heap    31646    30464       32       22    36696    26437    13219    13218
 Dalvik Other    18751     9248        0        0    28624                           
        Stack     4028     4028        0        0     4036                           
       Ashmem        9        0        0        0      556                           
    Other dev       37       16       20        0      580                           
     .so mmap    16062      252     8536       20    52776                           
    .jar mmap     6962        0     3232        0    44940                           
    .apk mmap    61672     2620    52764        0    83576                           
    .ttf mmap     3503        0     3028        0     4672                           
    .dex mmap    35904    34768      192        0    38552                           
    .oat mmap       64        0        0        0     1352                           
    .art mmap     9572     8368      216       39    22668                           
   Other mmap    24965        4    19424        0    31596                           
   EGL mtrack    20311    20311        0        0    20311                           
    GL mtrack    32568    32568        0        0    32568                           
      Unknown    59400    58948      400        3    60056                           
        TOTAL   840899   716863    87884      123   980179   736893   588725   134285
 
 App Summary
                       Pss(KB)                        Rss(KB)
                        ------                         ------
           Java Heap:    39048                          59364
         Native Heap:   515268                         516620
                Code:   105868                         245332
               Stack:     4028                           4036
            Graphics:    52879                          52879
       Private Other:    87656
              System:    36152
             Unknown:                                  101948
 
           TOTAL PSS:   840899            TOTAL RSS:   980179       TOTAL SWAP PSS:      123
 
 Objects
               Views:      379         ViewRootImpl:        1
         AppContexts:       16           Activities:        1
              Assets:       41        AssetManagers:        0
       Local Binders:       25        Proxy Binders:       69
       Parcel memory:       24         Parcel count:       80
    Death Recipients:        0             WebViews:        0
 
 Native Allocations
                         Count                       Total(kB)
                        ------                         ------
    Other (malloced):     2804                            266
 Other (nonmalloced):      114                             80
   Bitmap (malloced):       15                           7507
 
 SQL
         MEMORY_USED:     2167
  PAGECACHE_OVERFLOW:     1978          MALLOC_SIZE:     3728
 
 DATABASES
      pgsz     dbsz   Lookaside(b) cache hits cache misses cache size  Dbname
PER CONNECTION STATS
         4     1260             70  1792  1304     5  /data/user/0/com.arcfire.online/databases/RKStorage
         4    13292            116  1786   987    25  /data/user/0/com.arcfire.online/databases/firestore.%5BDEFAULT%5D.arcfire-49d69.%28default%29
POOL STATS
     cache hits  cache misses    cache size  Dbname
           1792          1305          3097  /data/user/0/com.arcfire.online/databases/RKStorage
           1786           988          2774  /data/user/0/com.arcfire.online/databases/firestore.%5BDEFAULT%5D.arcfire-49d69.%28default%29

VmRSS:	  964112 kB
VmSwap:	   15456 kB
Threads:	109

===== 2026-07-10 23:51:21 pid=12768 =====
Applications Memory Usage (in Kilobytes):
Uptime: 38428644 Realtime: 46256783

** MEMINFO in pid 12768 [com.arcfire.online] **
                   Pss  Private  Private  SwapPss      Rss     Heap     Heap     Heap
                 Total    Dirty    Clean    Dirty    Total     Size    Alloc     Free
                ------   ------   ------   ------   ------   ------   ------   ------
  Native Heap   514354   514300       40       39   515652   710968   572589   124587
  Dalvik Heap    29534    28352       32       22    34584    28508    14254    14254
 Dalvik Other    18349     8844        0        0    28224                           
        Stack     4236     4236        0        0     4244                           
       Ashmem        9        0        0        0      556                           
    Other dev       37       16       20        0      580                           
     .so mmap    16062      252     8536       20    52776                           
    .jar mmap     6958        0     3232        0    44940                           
    .apk mmap    61672     2620    52764        0    83576                           
    .ttf mmap     3503        0     3028        0     4672                           
    .dex mmap    35861    34768      184        0    38552                           
    .oat mmap       64        0        0        0     1352                           
    .art mmap     9572     8368      216       39    22668                           
   Other mmap    24967        4    19424        0    31600                           
   EGL mtrack    20311    20311        0        0    20311                           
    GL mtrack    28396    28396        0        0    28396                           
      Unknown    55344    54844      448        3    56000                           
        TOTAL   829352   705311    87924      123   968683   739476   586843   138841
 
 App Summary
                       Pss(KB)                        Rss(KB)
                        ------                         ------
           Java Heap:    36936                          57252
         Native Heap:   514300                         515652
                Code:   105860                         245336
               Stack:     4236                           4244
            Graphics:    48707                          48707
       Private Other:    83196
              System:    36117
             Unknown:                                   97492
 
           TOTAL PSS:   829352            TOTAL RSS:   968683       TOTAL SWAP PSS:      123
 
 Objects
               Views:      379         ViewRootImpl:        1
         AppContexts:       16           Activities:        1
              Assets:       41        AssetManagers:        0
       Local Binders:       25        Proxy Binders:       69
       Parcel memory:       26         Parcel count:       86
    Death Recipients:        0             WebViews:        0
 
 Native Allocations
                         Count                       Total(kB)
                        ------                         ------
    Other (malloced):     2804                            266
 Other (nonmalloced):      114                             80
   Bitmap (malloced):       15                           7507
 
 SQL
         MEMORY_USED:     2167
  PAGECACHE_OVERFLOW:     1978          MALLOC_SIZE:     3728
 
 DATABASES
      pgsz     dbsz   Lookaside(b) cache hits cache misses cache size  Dbname
PER CONNECTION STATS
         4     1260             70  1792  1307     5  /data/user/0/com.arcfire.online/databases/RKStorage
         4    13292            116  1786  1038    25  /data/user/0/com.arcfire.online/databases/firestore.%5BDEFAULT%5D.arcfire-49d69.%28default%29
POOL STATS
     cache hits  cache misses    cache size  Dbname
           1792          1308          3100  /data/user/0/com.arcfire.online/databases/RKStorage
           1786          1039          2825  /data/user/0/com.arcfire.online/databases/firestore.%5BDEFAULT%5D.arcfire-49d69.%28default%29

VmRSS:	  956184 kB
VmSwap:	   15456 kB
Threads:	115

===== 2026-07-11 00:06:45 pid=18506 =====
Applications Memory Usage (in Kilobytes):
Uptime: 39355115 Realtime: 47183254

** MEMINFO in pid 18506 [com.arcfire.online] **
                   Pss  Private  Private  SwapPss      Rss     Heap     Heap     Heap
                 Total    Dirty    Clean    Dirty    Total     Size    Alloc     Free
                ------   ------   ------   ------   ------   ------   ------   ------
  Native Heap   355458   355408       36       39   356760   465808   416587    43937
  Dalvik Heap    41412    41280       16       67    44396    39041    19553    19488
 Dalvik Other    18129     9120        0        0    27500                           
        Stack     4124     4124        0        0     4132                           
       Ashmem        9        0        0        0      556                           
    Other dev       38       16       20        0      580                           
     .so mmap    16093      252     8524       20    53100                           
    .jar mmap     6836        0     2916        0    46012                           
    .apk mmap    64380     2620    53532        0    89144                           
    .ttf mmap     3311        0     2676        0     4764                           
    .dex mmap    35837    34768      100        0    38616                           
    .oat mmap       89        0        4        0     1472                           
    .art mmap     9135     8368      184       58    21340                           
   Other mmap    24600        4    19240        0    31152                           
   EGL mtrack    20311    20311        0        0    20311                           
    GL mtrack    37132    37132        0        0    37132                           
      Unknown    52937    52444      444        3    53584                           
        TOTAL   690018   565847    87692      187   830551   504849   436140    63425
 
 App Summary
                       Pss(KB)                        Rss(KB)
                        ------                         ------
           Java Heap:    49832                          65736
         Native Heap:   355408                         356760
                Code:   105860                         251592
               Stack:     4124                           4132
            Graphics:    57443                          57443
       Private Other:    80872
              System:    36479
             Unknown:                                   94888
 
           TOTAL PSS:   690018            TOTAL RSS:   830551       TOTAL SWAP PSS:      187
 
 Objects
               Views:      369         ViewRootImpl:        1
         AppContexts:       16           Activities:        1
              Assets:       41        AssetManagers:        0
       Local Binders:       26        Proxy Binders:       68
       Parcel memory:       25         Parcel count:       82
    Death Recipients:        0             WebViews:        0
 
 Native Allocations
                         Count                       Total(kB)
                        ------                         ------
    Other (malloced):     2776                            264
 Other (nonmalloced):      113                             78
   Bitmap (malloced):       15                           7507
 
 SQL
         MEMORY_USED:     1759
  PAGECACHE_OVERFLOW:     1590          MALLOC_SIZE:     3734
 
 DATABASES
      pgsz     dbsz   Lookaside(b) cache hits cache misses cache size  Dbname
PER CONNECTION STATS
         4    13292             89    62    68    25  /data/user/0/com.arcfire.online/databases/firestore.%5BDEFAULT%5D.arcfire-49d69.%28default%29
         4     1260             41  1141   670     4  /data/user/0/com.arcfire.online/databases/RKStorage
POOL STATS
     cache hits  cache misses    cache size  Dbname
             62            69           131  /data/user/0/com.arcfire.online/databases/firestore.%5BDEFAULT%5D.arcfire-49d69.%28default%29
           1141           671          1812  /data/user/0/com.arcfire.online/databases/RKStorage

VmRSS:	  810776 kB
VmSwap:	   15608 kB
Threads:	105

===== 2026-07-11 00:22:10 pid=18506 =====
Applications Memory Usage (in Kilobytes):
Uptime: 40278560 Realtime: 48106699

** MEMINFO in pid 18506 [com.arcfire.online] **
                   Pss  Private  Private  SwapPss      Rss     Heap     Heap     Heap
                 Total    Dirty    Clean    Dirty    Total     Size    Alloc     Free
                ------   ------   ------   ------   ------   ------   ------   ------
  Native Heap   365514   365464       36       39   366816   475620   427406    42904
  Dalvik Heap    41667    40484       32       22    46724    35764    17882    17882
 Dalvik Other    18407     9300        0        0    27884                           
        Stack     4020     4020        0        0     4028                           
       Ashmem        9        0        0        0      556                           
    Other dev       38       16       20        0      580                           
     .so mmap    16057      252     8508       20    53100                           
    .jar mmap     6817        0     2916        0    46012                           
    .apk mmap    64368     2620    53508        0    89144                           
    .ttf mmap     3292        0     2640        0     4764                           
    .dex mmap    35836    34768      100        0    38616                           
    .oat mmap       87        0        4        0     1472                           
    .art mmap     9554     8368      184       39    22664                           
   Other mmap    24646        4    19240        0    31244                           
   EGL mtrack    20311    20311        0        0    20311                           
    GL mtrack    32692    32692        0        0    32692                           
      Unknown    59365    58880      436        3    60012                           
        TOTAL   702803   577179    87624      123   846619   511384   445288    60786
 
 App Summary
                       Pss(KB)                        Rss(KB)
                        ------                         ------
           Java Heap:    49036                          69388
         Native Heap:   365464                         366816
                Code:   105800                         251788
               Stack:     4020                           4028
            Graphics:    53003                          53003
       Private Other:    87480
              System:    38000
             Unknown:                                  101596
 
           TOTAL PSS:   702803            TOTAL RSS:   846619       TOTAL SWAP PSS:      123
 
 Objects
               Views:      378         ViewRootImpl:        1
         AppContexts:       16           Activities:        1
              Assets:       41        AssetManagers:        0
       Local Binders:       26        Proxy Binders:       68
       Parcel memory:       25         Parcel count:       82
    Death Recipients:        0             WebViews:        0
 
 Native Allocations
                         Count                       Total(kB)
                        ------                         ------
    Other (malloced):     2812                            267
 Other (nonmalloced):      113                             78
   Bitmap (malloced):       15                           7507
 
 SQL
         MEMORY_USED:     1759
  PAGECACHE_OVERFLOW:     1590          MALLOC_SIZE:     3735
 
 DATABASES
      pgsz     dbsz   Lookaside(b) cache hits cache misses cache size  Dbname
PER CONNECTION STATS
         4    13292             89    62    71    25  /data/user/0/com.arcfire.online/databases/firestore.%5BDEFAULT%5D.arcfire-49d69.%28default%29
         4     1260             41  2251  1493     4  /data/user/0/com.arcfire.online/databases/RKStorage
POOL STATS
     cache hits  cache misses    cache size  Dbname
             62            72           134  /data/user/0/com.arcfire.online/databases/firestore.%5BDEFAULT%5D.arcfire-49d69.%28default%29
           2251          1494          3745  /data/user/0/com.arcfire.online/databases/RKStorage

VmRSS:	  825456 kB
VmSwap:	   15608 kB
Threads:	104

===== 2026-07-11 00:37:43 pid=18506 =====
Applications Memory Usage (in Kilobytes):
Uptime: 41210605 Realtime: 49038744

** MEMINFO in pid 18506 [com.arcfire.online] **
                   Pss  Private  Private  SwapPss      Rss     Heap     Heap     Heap
                 Total    Dirty    Clean    Dirty    Total     Size    Alloc     Free
                ------   ------   ------   ------   ------   ------   ------   ------
  Native Heap   377342   377292       36       39   378644   496576   446410    43204
  Dalvik Heap    45287    44104       32       22    50344    43714    21857    21857
 Dalvik Other    18665     9520        0        0    28180                           
        Stack     4176     4176        0        0     4184                           
       Ashmem        9        0        0        0      556                           
    Other dev       38       16       20        0      580                           
     .so mmap    13675      252     7008       20    49664                           
    .jar mmap     6095        0     2396        0    44800                           
    .apk mmap    62017     2620    50444        0    87796                           
    .ttf mmap     3148        0     2480        0     4636                           
    .dex mmap    35823    34768       96        0    38616                           
    .oat mmap       80        0        0        0     1464                           
    .art mmap     9553     8368      184       39    22664                           
   Other mmap    24531        4    19168        0    31068                           
   EGL mtrack    20311    20311        0        0    20311                           
    GL mtrack    42128    42128        0        0    42128                           
      Unknown    69437    68952      436        3    70084                           
        TOTAL   732438   612511    82300      123   875719   540290   468267    65061
 
 App Summary
                       Pss(KB)                        Rss(KB)
                        ------                         ------
           Java Heap:    52656                          73008
         Native Heap:   377292                         378644
                Code:   100564                         245748
               Stack:     4176                           4184
            Graphics:    62439                          62439
       Private Other:    97684
              System:    37627
             Unknown:                                  111696
 
           TOTAL PSS:   732438            TOTAL RSS:   875719       TOTAL SWAP PSS:      123
 
 Objects
               Views:      379         ViewRootImpl:        1
         AppContexts:       16           Activities:        1
              Assets:       41        AssetManagers:        0
       Local Binders:       24        Proxy Binders:       68
       Parcel memory:       26         Parcel count:       86
    Death Recipients:        0             WebViews:        0
 
 Native Allocations
                         Count                       Total(kB)
                        ------                         ------
    Other (malloced):     2750                            261
 Other (nonmalloced):      111                             77
   Bitmap (malloced):       15                           7507
 
 SQL
         MEMORY_USED:     1759
  PAGECACHE_OVERFLOW:     1590          MALLOC_SIZE:     3735
 
 DATABASES
      pgsz     dbsz   Lookaside(b) cache hits cache misses cache size  Dbname
PER CONNECTION STATS
         4    13292             89    62    74    25  /data/user/0/com.arcfire.online/databases/firestore.%5BDEFAULT%5D.arcfire-49d69.%28default%29
         4     1260             41  2921  2030     4  /data/user/0/com.arcfire.online/databases/RKStorage
POOL STATS
     cache hits  cache misses    cache size  Dbname
             62            75           137  /data/user/0/com.arcfire.online/databases/firestore.%5BDEFAULT%5D.arcfire-49d69.%28default%29
           2921          2031          4952  /data/user/0/com.arcfire.online/databases/RKStorage

VmRSS:	  852808 kB
VmSwap:	   15608 kB
Threads:	107

===== 2026-07-11 00:53:08 pid=18506 =====
Applications Memory Usage (in Kilobytes):
Uptime: 42135137 Realtime: 49963276

** MEMINFO in pid 18506 [com.arcfire.online] **
                   Pss  Private  Private  SwapPss      Rss     Heap     Heap     Heap
                 Total    Dirty    Clean    Dirty    Total     Size    Alloc     Free
                ------   ------   ------   ------   ------   ------   ------   ------
  Native Heap   382146   382096       36       39   383448   502616   452590    43652
  Dalvik Heap    34415    33232       32       22    39472    37833    18921    18912
 Dalvik Other    18517     9332        0        0    28072                           
        Stack     4108     4108        0        0     4116                           
       Ashmem        9        0        0        0      556                           
    Other dev       38       16       20        0      580                           
     .so mmap    13675      252     7008       20    49664                           
    .jar mmap     6059        0     2376        0    44800                           
    .apk mmap    62005     2620    50432        0    87796                           
    .ttf mmap     3148        0     2480        0     4636                           
    .dex mmap    35823    34768       96        0    38616                           
    .oat mmap       79        0        0        0     1464                           
    .art mmap     9552     8368      184       39    22664                           
   Other mmap    24555       20    19168        0    31100                           
   EGL mtrack    41631    41631        0        0    41631                           
    GL mtrack    40712    40712        0        0    40712                           
      Unknown    75637    75128      460        3    76284                           
        TOTAL   752232   632283    82292      123   895611   540449   471511    62564
 
 App Summary
                       Pss(KB)                        Rss(KB)
                        ------                         ------
           Java Heap:    41784                          62136
         Native Heap:   382096                         383448
                Code:   100520                         245816
               Stack:     4108                           4116
            Graphics:    82343                          82343
       Private Other:   103724
              System:    37657
             Unknown:                                  117752
 
           TOTAL PSS:   752232            TOTAL RSS:   895611       TOTAL SWAP PSS:      123
 
 Objects
               Views:      401         ViewRootImpl:        1
         AppContexts:       16           Activities:        1
              Assets:       41        AssetManagers:        0
       Local Binders:       24        Proxy Binders:       68
       Parcel memory:       26         Parcel count:       86
    Death Recipients:        0             WebViews:        0
 
 Native Allocations
                         Count                       Total(kB)
                        ------                         ------
    Other (malloced):     2862                            272
 Other (nonmalloced):      111                             77
   Bitmap (malloced):       15                           7507
 
 SQL
         MEMORY_USED:     1759
  PAGECACHE_OVERFLOW:     1590          MALLOC_SIZE:     3735
 
 DATABASES
      pgsz     dbsz   Lookaside(b) cache hits cache misses cache size  Dbname
PER CONNECTION STATS
         4    13292             89    62    77    25  /data/user/0/com.arcfire.online/databases/firestore.%5BDEFAULT%5D.arcfire-49d69.%28default%29
         4     1260             41  3083  2171     4  /data/user/0/com.arcfire.online/databases/RKStorage
POOL STATS
     cache hits  cache misses    cache size  Dbname
             62            78           140  /data/user/0/com.arcfire.online/databases/firestore.%5BDEFAULT%5D.arcfire-49d69.%28default%29
           3083          2172          5255  /data/user/0/com.arcfire.online/databases/RKStorage

VmRSS:	  854968 kB
VmSwap:	   15608 kB
Threads:	107

===== 2026-07-11 01:08:29 pid=18506 =====
Applications Memory Usage (in Kilobytes):
Uptime: 43056950 Realtime: 50885089

** MEMINFO in pid 18506 [com.arcfire.online] **
                   Pss  Private  Private  SwapPss      Rss     Heap     Heap     Heap
                 Total    Dirty    Clean    Dirty    Total     Size    Alloc     Free
                ------   ------   ------   ------   ------   ------   ------   ------
  Native Heap   381102   381052       36       39   382404   504988   449995    48417
  Dalvik Heap    52611    51428       32       22    57668    34066    17033    17033
 Dalvik Other    18601     9408        0        0    28164                           
        Stack     3992     3992        0        0     4000                           
       Ashmem        9        0        0        0      556                           
    Other dev       38       16       20        0      580                           
     .so mmap    13673      252     7008       20    49664                           
    .jar mmap     6056        0     2376        0    44800                           
    .apk mmap    61993     2620    50416        0    87796                           
    .ttf mmap     3148        0     2480        0     4636                           
    .dex mmap    35823    34768       96        0    38616                           
    .oat mmap       79        0        0        0     1464                           
    .art mmap     9551     8368      184       39    22664                           
   Other mmap    24559       16    19168        0    31112                           
   EGL mtrack    35131    35131        0        0    35131                           
    GL mtrack    34228    34228        0        0    34228                           
      Unknown    75621    75160      412        3    76268                           
        TOTAL   756338   636439    82228      123   899751   539054   467028    65450
 
 App Summary
                       Pss(KB)                        Rss(KB)
                        ------                         ------
           Java Heap:    59980                          80332
         Native Heap:   381052                         382404
                Code:   100504                         245832
               Stack:     3992                           4000
            Graphics:    69359                          69359
       Private Other:   103780
              System:    37671
             Unknown:                                  117824
 
           TOTAL PSS:   756338            TOTAL RSS:   899751       TOTAL SWAP PSS:      123
 
 Objects
               Views:      394         ViewRootImpl:        1
         AppContexts:       16           Activities:        1
              Assets:       41        AssetManagers:        0
       Local Binders:       24        Proxy Binders:       68
       Parcel memory:       25         Parcel count:       82
    Death Recipients:        0             WebViews:        0
 
 Native Allocations
                         Count                       Total(kB)
                        ------                         ------
    Other (malloced):     2828                            269
 Other (nonmalloced):      111                             77
   Bitmap (malloced):       15                           7507
 
 SQL
         MEMORY_USED:     1759
  PAGECACHE_OVERFLOW:     1590          MALLOC_SIZE:     3735
 
 DATABASES
      pgsz     dbsz   Lookaside(b) cache hits cache misses cache size  Dbname
PER CONNECTION STATS
         4    13292             89    62    80    25  /data/user/0/com.arcfire.online/databases/firestore.%5BDEFAULT%5D.arcfire-49d69.%28default%29
         4     1260             41  3097  2186     4  /data/user/0/com.arcfire.online/databases/RKStorage
POOL STATS
     cache hits  cache misses    cache size  Dbname
             62            81           143  /data/user/0/com.arcfire.online/databases/firestore.%5BDEFAULT%5D.arcfire-49d69.%28default%29
           3097          2187          5284  /data/user/0/com.arcfire.online/databases/RKStorage

VmRSS:	  852204 kB
VmSwap:	   15608 kB
Threads:	104

===== 2026-07-11 01:23:51 pid=18506 =====
Applications Memory Usage (in Kilobytes):
Uptime: 43978151 Realtime: 51806290

** MEMINFO in pid 18506 [com.arcfire.online] **
                   Pss  Private  Private  SwapPss      Rss     Heap     Heap     Heap
                 Total    Dirty    Clean    Dirty    Total     Size    Alloc     Free
                ------   ------   ------   ------   ------   ------   ------   ------
  Native Heap   375622   375572       36       39   376924   503744   438957    58500
  Dalvik Heap    37123    35940       32       22    42180    40487    20244    20243
 Dalvik Other    18525     9328        0        0    28092                           
        Stack     3992     3992        0        0     4000                           
       Ashmem        9        0        0        0      556                           
    Other dev       38       16       20        0      580                           
     .so mmap    13631      252     7000       20    49664                           
    .jar mmap     6003        0     2372        0    44800                           
    .apk mmap    61996     2620    50416        0    87796                           
    .ttf mmap     3148        0     2480        0     4636                           
    .dex mmap    35823    34768       96        0    38616                           
    .oat mmap       75        0        0        0     1464                           
    .art mmap     9552     8368      184       39    22664                           
   Other mmap    24548        4    19168        0    31108                           
   EGL mtrack    20311    20311        0        0    20311                           
    GL mtrack    29896    29896        0        0    29896                           
      Unknown    74369    73900      420        3    75016                           
        TOTAL   714784   594967    82224      123   858303   544231   459201    78743
 
 App Summary
                       Pss(KB)                        Rss(KB)
                        ------                         ------
           Java Heap:    44492                          64844
         Native Heap:   375572                         376924
                Code:   100492                         245840
               Stack:     3992                           4000
            Graphics:    50207                          50207
       Private Other:   102436
              System:    37593
             Unknown:                                  116488
 
           TOTAL PSS:   714784            TOTAL RSS:   858303       TOTAL SWAP PSS:      123
 
 Objects
               Views:      375         ViewRootImpl:        1
         AppContexts:       16           Activities:        1
              Assets:       41        AssetManagers:        0
       Local Binders:       24        Proxy Binders:       68
       Parcel memory:       25         Parcel count:       82
    Death Recipients:        0             WebViews:        0
 
 Native Allocations
                         Count                       Total(kB)
                        ------                         ------
    Other (malloced):     2744                            261
 Other (nonmalloced):      111                             77
   Bitmap (malloced):       15                           7507
 
 SQL
         MEMORY_USED:     1759
  PAGECACHE_OVERFLOW:     1590          MALLOC_SIZE:     3735
 
 DATABASES
      pgsz     dbsz   Lookaside(b) cache hits cache misses cache size  Dbname
PER CONNECTION STATS
         4    13292             89    62    83    25  /data/user/0/com.arcfire.online/databases/firestore.%5BDEFAULT%5D.arcfire-49d69.%28default%29
         4     1260             41  3097  2189     4  /data/user/0/com.arcfire.online/databases/RKStorage
POOL STATS
     cache hits  cache misses    cache size  Dbname
             62            84           146  /data/user/0/com.arcfire.online/databases/firestore.%5BDEFAULT%5D.arcfire-49d69.%28default%29
           3097          2190          5287  /data/user/0/com.arcfire.online/databases/RKStorage

VmRSS:	  838488 kB
VmSwap:	   15608 kB
Threads:	104

===== 2026-07-11 01:39:10 pid=18506 =====
Applications Memory Usage (in Kilobytes):
Uptime: 44898218 Realtime: 52726357

** MEMINFO in pid 18506 [com.arcfire.online] **
                   Pss  Private  Private  SwapPss      Rss     Heap     Heap     Heap
                 Total    Dirty    Clean    Dirty    Total     Size    Alloc     Free
                ------   ------   ------   ------   ------   ------   ------   ------
  Native Heap   376270   376220       36       40   377572   504000   440492    57120
  Dalvik Heap    37012    35828       32       22    42068    36875    18438    18437
 Dalvik Other    18589     9392        0        0    28156                           
        Stack     4012     4012        0        0     4020                           
       Ashmem        9        0        0        0      556                           
    Other dev       38       16       20        0      580                           
     .so mmap    13102      252     6756       21    49664                           
    .jar mmap     5858        0     2240        0    44800                           
    .apk mmap    61992     2620    50416        0    87796                           
    .ttf mmap     3092        0     2392        0     4636                           
    .dex mmap    35818    34768       96        0    38616                           
    .oat mmap       74        0        0        0     1464                           
    .art mmap     9547     8368      176       40    22664                           
   Other mmap    24550        4    19168        0    31108                           
   EGL mtrack    20311    20311        0        0    20311                           
    GL mtrack    27772    27772        0        0    27772                           
      Unknown    74917    74432      436        3    75564                           
        TOTAL   713089   593995    81768      126   857347   540875   458930    75557
 
 App Summary
                       Pss(KB)                        Rss(KB)
                        ------                         ------
           Java Heap:    44372                          64732
         Native Heap:   376220                         377572
                Code:   100040                         245852
               Stack:     4012                           4020
            Graphics:    48083                          48083
       Private Other:   103036
              System:    37326
             Unknown:                                  117088
 
           TOTAL PSS:   713089            TOTAL RSS:   857347       TOTAL SWAP PSS:      126
 
 Objects
               Views:      378         ViewRootImpl:        1
         AppContexts:       16           Activities:        1
              Assets:       41        AssetManagers:        0
       Local Binders:       24        Proxy Binders:       68
       Parcel memory:       25         Parcel count:       82
    Death Recipients:        0             WebViews:        0
 
 Native Allocations
                         Count                       Total(kB)
                        ------                         ------
    Other (malloced):     2756                            262
 Other (nonmalloced):      111                             77
   Bitmap (malloced):       15                           7507
 
 SQL
         MEMORY_USED:     1759
  PAGECACHE_OVERFLOW:     1590          MALLOC_SIZE:     3735
 
 DATABASES
      pgsz     dbsz   Lookaside(b) cache hits cache misses cache size  Dbname
PER CONNECTION STATS
         4    13292             89    62    86    25  /data/user/0/com.arcfire.online/databases/firestore.%5BDEFAULT%5D.arcfire-49d69.%28default%29
         4     1260             41  3097  2192     4  /data/user/0/com.arcfire.online/databases/RKStorage
POOL STATS
     cache hits  cache misses    cache size  Dbname
             62            87           149  /data/user/0/com.arcfire.online/databases/firestore.%5BDEFAULT%5D.arcfire-49d69.%28default%29
           3097          2193          5290  /data/user/0/com.arcfire.online/databases/RKStorage

VmRSS:	  837612 kB
VmSwap:	   15608 kB
Threads:	105

===== 2026-07-11 01:54:31 pid=18506 =====
Applications Memory Usage (in Kilobytes):
Uptime: 45818989 Realtime: 53647128

** MEMINFO in pid 18506 [com.arcfire.online] **
                   Pss  Private  Private  SwapPss      Rss     Heap     Heap     Heap
                 Total    Dirty    Clean    Dirty    Total     Size    Alloc     Free
                ------   ------   ------   ------   ------   ------   ------   ------
  Native Heap   388318   388268       36       40   389620   505308   458816    39913
  Dalvik Heap    35420    34236       32       22    40476    39508    19754    19754
 Dalvik Other    18345     9144        0        0    27916                           
        Stack     3996     3996        0        0     4004                           
       Ashmem        9        0        0        0      556                           
    Other dev       37       16       20        0      580                           
     .so mmap    13147      252     6708       21    49664                           
    .jar mmap     5893        0     2208        0    44800                           
    .apk mmap    62007     2620    50436        0    87796                           
    .ttf mmap     3202        0     2528        0     4636                           
    .dex mmap    35805    34768       96        0    38616                           
    .oat mmap       67        0        0        0     1464                           
    .art mmap     9547     8368      176       40    22664                           
   Other mmap    24558        4    19168        0    31116                           
   EGL mtrack    20311    20311        0        0    20311                           
    GL mtrack    29896    29896        0        0    29896                           
      Unknown    67494    67040      404        3    68148                           
        TOTAL   718178   598919    81812      126   862263   544816   478570    59667
 
 App Summary
                       Pss(KB)                        Rss(KB)
                        ------                         ------
           Java Heap:    42780                          63140
         Native Heap:   388268                         389620
                Code:   100116                         245860
               Stack:     3996                           4004
            Graphics:    50207                          50207
       Private Other:    95364
              System:    37447
             Unknown:                                  109432
 
           TOTAL PSS:   718178            TOTAL RSS:   862263       TOTAL SWAP PSS:      126
 
 Objects
               Views:      371         ViewRootImpl:        1
         AppContexts:       16           Activities:        1
              Assets:       41        AssetManagers:        0
       Local Binders:       24        Proxy Binders:       68
       Parcel memory:       25         Parcel count:       82
    Death Recipients:        0             WebViews:        0
 
 Native Allocations
                         Count                       Total(kB)
                        ------                         ------
    Other (malloced):     2731                            259
 Other (nonmalloced):      111                             77
   Bitmap (malloced):       15                           7507
 
 SQL
         MEMORY_USED:     1759
  PAGECACHE_OVERFLOW:     1590          MALLOC_SIZE:     3735
 
 DATABASES
      pgsz     dbsz   Lookaside(b) cache hits cache misses cache size  Dbname
PER CONNECTION STATS
         4    13292             89    62    89    25  /data/user/0/com.arcfire.online/databases/firestore.%5BDEFAULT%5D.arcfire-49d69.%28default%29
         4     1260             41  3097  2195     4  /data/user/0/com.arcfire.online/databases/RKStorage
POOL STATS
     cache hits  cache misses    cache size  Dbname
             62            90           152  /data/user/0/com.arcfire.online/databases/firestore.%5BDEFAULT%5D.arcfire-49d69.%28default%29
           3097          2196          5293  /data/user/0/com.arcfire.online/databases/RKStorage

VmRSS:	  839256 kB
VmSwap:	   15608 kB
Threads:	104

===== 2026-07-11 02:09:52 pid=18506 =====
Applications Memory Usage (in Kilobytes):
Uptime: 46740419 Realtime: 54568558

** MEMINFO in pid 18506 [com.arcfire.online] **
                   Pss  Private  Private  SwapPss      Rss     Heap     Heap     Heap
                 Total    Dirty    Clean    Dirty    Total     Size    Alloc     Free
                ------   ------   ------   ------   ------   ------   ------   ------
  Native Heap   377718   377668       36       40   379020   538656   441824    90064
  Dalvik Heap    38332    37148       32       22    43388    38644    19322    19322
 Dalvik Other    18351     9036        0        0    28036                           
        Stack     4088     4088        0        0     4096                           
       Ashmem        9        0        0        0      556                           
    Other dev       37       16       20        0      580                           
     .so mmap    13174      252     6704       21    49648                           
    .jar mmap     6017        0     2260        0    44700                           
    .apk mmap    62156     2620    50292        0    87696                           
    .ttf mmap     2859        0     2268        0     4192                           
    .dex mmap    35812    34768       96        0    38608                           
    .oat mmap       62        0        0        0     1464                           
    .art mmap     9547     8368      176       40    22664                           
   Other mmap    24635       16    19168        0    31232                           
   EGL mtrack    35131    35131        0        0    35131                           
    GL mtrack    32232    32232        0        0    32232                           
      Unknown    59434    58948      436        3    60088                           
        TOTAL   719720   600291    81488      126   863331   577300   461146   109386
 
 App Summary
                       Pss(KB)                        Rss(KB)
                        ------                         ------
           Java Heap:    45692                          66052
         Native Heap:   377668                         379020
                Code:    99764                         245424
               Stack:     4088                           4096
            Graphics:    67363                          67363
       Private Other:    87204
              System:    37941
             Unknown:                                  101376
 
           TOTAL PSS:   719720            TOTAL RSS:   863331       TOTAL SWAP PSS:      126
 
 Objects
               Views:      400         ViewRootImpl:        1
         AppContexts:       16           Activities:        1
              Assets:       41        AssetManagers:        0
       Local Binders:       24        Proxy Binders:       68
       Parcel memory:       26         Parcel count:       86
    Death Recipients:        0             WebViews:        0
 
 Native Allocations
                         Count                       Total(kB)
                        ------                         ------
    Other (malloced):     2861                            272
 Other (nonmalloced):      111                             77
   Bitmap (malloced):       15                           7507
 
 SQL
         MEMORY_USED:     1454
  PAGECACHE_OVERFLOW:     1278          MALLOC_SIZE:     3735
 
 DATABASES
      pgsz     dbsz   Lookaside(b) cache hits cache misses cache size  Dbname
PER CONNECTION STATS
         4    13292             89  1512   700    25  /data/user/0/com.arcfire.online/databases/firestore.%5BDEFAULT%5D.arcfire-49d69.%28default%29
         4     1260             41  3101  2200     4  /data/user/0/com.arcfire.online/databases/RKStorage
POOL STATS
     cache hits  cache misses    cache size  Dbname
           1512           701          2213  /data/user/0/com.arcfire.online/databases/firestore.%5BDEFAULT%5D.arcfire-49d69.%28default%29
           3101          2201          5302  /data/user/0/com.arcfire.online/databases/RKStorage

VmRSS:	  823684 kB
VmSwap:	   15608 kB
Threads:	109

===== 2026-07-11 02:25:13 pid=18506 =====
Applications Memory Usage (in Kilobytes):
Uptime: 47661502 Realtime: 55489641

** MEMINFO in pid 18506 [com.arcfire.online] **
                   Pss  Private  Private  SwapPss      Rss     Heap     Heap     Heap
                 Total    Dirty    Clean    Dirty    Total     Size    Alloc     Free
                ------   ------   ------   ------   ------   ------   ------   ------
  Native Heap   378354   378304       36       40   379656   538304   435613    96151
  Dalvik Heap    37228    36044       32       22    42284    36845    18423    18422
 Dalvik Other    18531     9212        0        0    28220                           
        Stack     4048     4048        0        0     4056                           
       Ashmem        9        0        0        0      556                           
    Other dev       37       16       20        0      580                           
     .so mmap    13172      252     6704       21    49648                           
    .jar mmap     6012        0     2260        0    44700                           
    .apk mmap    62151     2620    50288        0    87696                           
    .ttf mmap     2859        0     2268        0     4192                           
    .dex mmap    35812    34768       96        0    38608                           
    .oat mmap       62        0        0        0     1464                           
    .art mmap     9547     8368      176       40    22664                           
   Other mmap    24627        4    19168        0    31228                           
   EGL mtrack    20311    20311        0        0    20311                           
    GL mtrack    30024    30024        0        0    30024                           
      Unknown    55322    54868      404        3    55976                           
        TOTAL   698232   578839    81452      126   841863   575149   454036   114573
 
 App Summary
                       Pss(KB)                        Rss(KB)
                        ------                         ------
           Java Heap:    44588                          64948
         Native Heap:   378304                         379656
                Code:    99760                         245432
               Stack:     4048                           4056
            Graphics:    50335                          50335
       Private Other:    83256
              System:    37941
             Unknown:                                   97436
 
           TOTAL PSS:   698232            TOTAL RSS:   841863       TOTAL SWAP PSS:      126
 
 Objects
               Views:      371         ViewRootImpl:        1
         AppContexts:       16           Activities:        1
              Assets:       41        AssetManagers:        0
       Local Binders:       24        Proxy Binders:       68
       Parcel memory:       25         Parcel count:       84
    Death Recipients:        0             WebViews:        0
 
 Native Allocations
                         Count                       Total(kB)
                        ------                         ------
    Other (malloced):     2731                            259
 Other (nonmalloced):      111                             77
   Bitmap (malloced):       15                           7507
 
 SQL
         MEMORY_USED:     1454
  PAGECACHE_OVERFLOW:     1278          MALLOC_SIZE:     3735
 
 DATABASES
      pgsz     dbsz   Lookaside(b) cache hits cache misses cache size  Dbname
PER CONNECTION STATS
         4    13292             89  1512   753    25  /data/user/0/com.arcfire.online/databases/firestore.%5BDEFAULT%5D.arcfire-49d69.%28default%29
         4     1260             41  3101  2203     4  /data/user/0/com.arcfire.online/databases/RKStorage
POOL STATS
     cache hits  cache misses    cache size  Dbname
           1512           754          2266  /data/user/0/com.arcfire.online/databases/firestore.%5BDEFAULT%5D.arcfire-49d69.%28default%29
           3101          2204          5305  /data/user/0/com.arcfire.online/databases/RKStorage

VmRSS:	  822908 kB
VmSwap:	   15608 kB
Threads:	106

===== 2026-07-11 02:40:35 pid=18506 =====
Applications Memory Usage (in Kilobytes):
Uptime: 48582683 Realtime: 56410823

** MEMINFO in pid 18506 [com.arcfire.online] **
                   Pss  Private  Private  SwapPss      Rss     Heap     Heap     Heap
                 Total    Dirty    Clean    Dirty    Total     Size    Alloc     Free
                ------   ------   ------   ------   ------   ------   ------   ------
  Native Heap   376802   376752       36       42   378104   538560   432190    99815
  Dalvik Heap    27798    26612       32       23    32852    30051    15026    15025
 Dalvik Other    18397     9076        0        0    28088                           
        Stack     4112     4112        0        0     4120                           
       Ashmem        9        0        0        0      556                           
    Other dev       37       16       20        0      580                           
     .so mmap    13771      252     7000       21    49648                           
    .jar mmap     6416        0     2660        0    44700                           
    .apk mmap    62149     2620    50288        0    87696                           
    .ttf mmap     2866        0     2268        0     4192                           
    .dex mmap    35812    34768       96        0    38608                           
    .oat mmap       69        0        0        0     1464                           
    .art mmap     9559     8368      180       40    22664                           
   Other mmap    24893        4    19684        0    31232                           
   EGL mtrack    20311    20311        0        0    20311                           
    GL mtrack    30020    30020        0        0    30020                           
      Unknown    55338    54844      444        3    55992                           
        TOTAL   688488   567755    82708      129   830827   568611   447216   114840
 
 App Summary
                       Pss(KB)                        Rss(KB)
                        ------                         ------
           Java Heap:    35160                          55516
         Native Heap:   376752                         378104
                Code:   100460                         245440
               Stack:     4112                           4120
            Graphics:    50331                          50331
       Private Other:    83648
              System:    38025
             Unknown:                                   97316
 
           TOTAL PSS:   688488            TOTAL RSS:   830827       TOTAL SWAP PSS:      129
 
 Objects
               Views:      375         ViewRootImpl:        1
         AppContexts:       16           Activities:        1
              Assets:       41        AssetManagers:        0
       Local Binders:       24        Proxy Binders:       68
       Parcel memory:       25         Parcel count:       84
    Death Recipients:        0             WebViews:        0
 
 Native Allocations
                         Count                       Total(kB)
                        ------                         ------
    Other (malloced):     2744                            261
 Other (nonmalloced):      111                             77
   Bitmap (malloced):       15                           7507
 
 SQL
         MEMORY_USED:     1454
  PAGECACHE_OVERFLOW:     1278          MALLOC_SIZE:     3735
 
 DATABASES
      pgsz     dbsz   Lookaside(b) cache hits cache misses cache size  Dbname
PER CONNECTION STATS
         4    13292             89  1512   804    25  /data/user/0/com.arcfire.online/databases/firestore.%5BDEFAULT%5D.arcfire-49d69.%28default%29
         4     1260             41  3101  2206     4  /data/user/0/com.arcfire.online/databases/RKStorage
POOL STATS
     cache hits  cache misses    cache size  Dbname
           1512           805          2317  /data/user/0/com.arcfire.online/databases/firestore.%5BDEFAULT%5D.arcfire-49d69.%28default%29
           3101          2207          5308  /data/user/0/com.arcfire.online/databases/RKStorage

VmRSS:	  814096 kB
VmSwap:	   15608 kB
Threads:	106

===== 2026-07-11 02:55:56 pid=18506 =====
Applications Memory Usage (in Kilobytes):
Uptime: 49504404 Realtime: 57332543

** MEMINFO in pid 18506 [com.arcfire.online] **
                   Pss  Private  Private  SwapPss      Rss     Heap     Heap     Heap
                 Total    Dirty    Clean    Dirty    Total     Size    Alloc     Free
                ------   ------   ------   ------   ------   ------   ------   ------
  Native Heap   375034   374984       36       40   376336   538560   429526   102624
  Dalvik Heap    29565    28380       32       22    34620    30232    15116    15116
 Dalvik Other    18333     9008        0        0    28028                           
        Stack     4084     4084        0        0     4092                           
       Ashmem        9        0        0        0      556                           
    Other dev       37       16       20        0      580                           
     .so mmap    13662      252     6868       21    49648                           
    .jar mmap     6289        0     2604        0    44700                           
    .apk mmap    61603     2620    50204        0    87696                           
    .ttf mmap     2866        0     2268        0     4192                           
    .dex mmap    35805    34768       96        0    38608                           
    .oat mmap       66        0        0        0     1464                           
    .art mmap     9554     8368      180       40    22664                           
   Other mmap    24883        4    19684        0    31240                           
   EGL mtrack    20311    20311        0        0    20311                           
    GL mtrack    32076    32076        0        0    32076                           
      Unknown    55330    54860      420        3    55984                           
        TOTAL   689633   569731    82412      126   832795   568792   444642   117740
 
 App Summary
                       Pss(KB)                        Rss(KB)
                        ------                         ------
           Java Heap:    36928                          57284
         Native Heap:   374984                         376336
                Code:   100188                         245448
               Stack:     4084                           4092
            Graphics:    52387                          52387
       Private Other:    83572
              System:    37490
             Unknown:                                   97248
 
           TOTAL PSS:   689633            TOTAL RSS:   832795       TOTAL SWAP PSS:      126
 
 Objects
               Views:      371         ViewRootImpl:        1
         AppContexts:       16           Activities:        1
              Assets:       41        AssetManagers:        0
       Local Binders:       24        Proxy Binders:       68
       Parcel memory:       25         Parcel count:       84
    Death Recipients:        0             WebViews:        0
 
 Native Allocations
                         Count                       Total(kB)
                        ------                         ------
    Other (malloced):     2731                            259
 Other (nonmalloced):      111                             77
   Bitmap (malloced):       15                           7507
 
 SQL
         MEMORY_USED:     1454
  PAGECACHE_OVERFLOW:     1278          MALLOC_SIZE:     3735
 
 DATABASES
      pgsz     dbsz   Lookaside(b) cache hits cache misses cache size  Dbname
PER CONNECTION STATS
         4    13292             89  1512   855    25  /data/user/0/com.arcfire.online/databases/firestore.%5BDEFAULT%5D.arcfire-49d69.%28default%29
         4     1260             41  3101  2209     4  /data/user/0/com.arcfire.online/databases/RKStorage
POOL STATS
     cache hits  cache misses    cache size  Dbname
           1512           856          2368  /data/user/0/com.arcfire.online/databases/firestore.%5BDEFAULT%5D.arcfire-49d69.%28default%29
           3101          2210          5311  /data/user/0/com.arcfire.online/databases/RKStorage

VmRSS:	  815032 kB
VmSwap:	   15608 kB
Threads:	108

===== 2026-07-11 03:11:18 pid=18506 =====
Applications Memory Usage (in Kilobytes):
Uptime: 50425076 Realtime: 58253215

** MEMINFO in pid 18506 [com.arcfire.online] **
                   Pss  Private  Private  SwapPss      Rss     Heap     Heap     Heap
                 Total    Dirty    Clean    Dirty    Total     Size    Alloc     Free
                ------   ------   ------   ------   ------   ------   ------   ------
  Native Heap   382590   382540       36       40   383892   538944   441634    91083
  Dalvik Heap    31901    30716       32       22    36956    32081    16041    16040
 Dalvik Other    18409     9080        0        0    28108                           
        Stack     4108     4108        0        0     4116                           
       Ashmem        9        0        0        0      556                           
    Other dev       37       16       20        0      580                           
     .so mmap    13563      252     6752       21    49468                           
    .jar mmap     6170        0     2540        0    44428                           
    .apk mmap    60686     2620    49856        0    85688                           
    .ttf mmap     2796        0     2208        0     4108                           
    .dex mmap    35805    34768       96        0    38608                           
    .oat mmap       64        0        0        0     1464                           
    .art mmap     9553     8368      180       40    22664                           
   Other mmap    24869        4    19680        0    31188                           
   EGL mtrack    20311    20311        0        0    20311                           
    GL mtrack    30016    30016        0        0    30016                           
      Unknown    55282    54836      396        3    55936                           
        TOTAL   696295   577635    81796      126   838087   571025   457675   107123
 
 App Summary
                       Pss(KB)                        Rss(KB)
                        ------                         ------
           Java Heap:    39264                          59620
         Native Heap:   382540                         383892
                Code:    99600                         242912
               Stack:     4108                           4116
            Graphics:    50327                          50327
       Private Other:    83592
              System:    36864
             Unknown:                                   97220
 
           TOTAL PSS:   696295            TOTAL RSS:   838087       TOTAL SWAP PSS:      126
 
 Objects
               Views:      384         ViewRootImpl:        1
         AppContexts:       16           Activities:        1
              Assets:       41        AssetManagers:        0
       Local Binders:       24        Proxy Binders:       68
       Parcel memory:       25         Parcel count:       84
    Death Recipients:        0             WebViews:        0
 
 Native Allocations
                         Count                       Total(kB)
                        ------                         ------
    Other (malloced):     2780                            264
 Other (nonmalloced):      111                             77
   Bitmap (malloced):       15                           7507
 
 SQL
         MEMORY_USED:     1454
  PAGECACHE_OVERFLOW:     1278          MALLOC_SIZE:     3735
 
 DATABASES
      pgsz     dbsz   Lookaside(b) cache hits cache misses cache size  Dbname
PER CONNECTION STATS
         4    13292             89  1512   914    25  /data/user/0/com.arcfire.online/databases/firestore.%5BDEFAULT%5D.arcfire-49d69.%28default%29
         4     1260             41  3103  2214     4  /data/user/0/com.arcfire.online/databases/RKStorage
POOL STATS
     cache hits  cache misses    cache size  Dbname
           1512           915          2427  /data/user/0/com.arcfire.online/databases/firestore.%5BDEFAULT%5D.arcfire-49d69.%28default%29
           3103          2215          5318  /data/user/0/com.arcfire.online/databases/RKStorage

VmRSS:	  818244 kB
VmSwap:	   15608 kB
Threads:	106

===== 2026-07-11 03:26:38 pid=18506 =====
Applications Memory Usage (in Kilobytes):
Uptime: 51345648 Realtime: 59173787

** MEMINFO in pid 18506 [com.arcfire.online] **
                   Pss  Private  Private  SwapPss      Rss     Heap     Heap     Heap
                 Total    Dirty    Clean    Dirty    Total     Size    Alloc     Free
                ------   ------   ------   ------   ------   ------   ------   ------
  Native Heap   378178   378128       36       40   379480   539968   434142    99461
  Dalvik Heap    29593    28408       32       22    34648    30683    15342    15341
 Dalvik Other    18579     9248        0        0    28280                           
        Stack     4032     4032        0        0     4040                           
       Ashmem        9        0        0        0      556                           
    Other dev       37       16       20        0      580                           
     .so mmap    14679      252     8968       21    49468                           
    .jar mmap     6289        0     2580        0    44428                           
    .apk mmap    60672     2620    49840        0    85688                           
    .ttf mmap     2796        0     2208        0     4108                           
    .dex mmap    35804    34768       96        0    38608                           
    .oat mmap       66        0        0        0     1464                           
    .art mmap     9556     8368      180       40    22664                           
   Other mmap    24873        4    19680        0    31196                           
   EGL mtrack    20311    20311        0        0    20311                           
    GL mtrack    30012    30012        0        0    30012                           
      Unknown    55290    54852      388        3    55944                           
        TOTAL   690902   571019    84028      126   831475   570651   449484   114802
 
 App Summary
                       Pss(KB)                        Rss(KB)
                        ------                         ------
           Java Heap:    36956                          57312
         Native Heap:   378128                         379480
                Code:   101844                         242920
               Stack:     4032                           4040
            Graphics:    50323                          50323
       Private Other:    83764
              System:    35855
             Unknown:                                   97400
 
           TOTAL PSS:   690902            TOTAL RSS:   831475       TOTAL SWAP PSS:      126
 
 Objects
               Views:      384         ViewRootImpl:        1
         AppContexts:       16           Activities:        1
              Assets:       41        AssetManagers:        0
       Local Binders:       24        Proxy Binders:       68
       Parcel memory:       25         Parcel count:       84
    Death Recipients:        0             WebViews:        0
 
 Native Allocations
                         Count                       Total(kB)
                        ------                         ------
    Other (malloced):     2780                            264
 Other (nonmalloced):      111                             77
   Bitmap (malloced):       15                           7507
 
 SQL
         MEMORY_USED:     1454
  PAGECACHE_OVERFLOW:     1278          MALLOC_SIZE:     3735
 
 DATABASES
      pgsz     dbsz   Lookaside(b) cache hits cache misses cache size  Dbname
PER CONNECTION STATS
         4    13292             89  1512   965    25  /data/user/0/com.arcfire.online/databases/firestore.%5BDEFAULT%5D.arcfire-49d69.%28default%29
         4     1260             41  3103  2217     4  /data/user/0/com.arcfire.online/databases/RKStorage
POOL STATS
     cache hits  cache misses    cache size  Dbname
           1512           966          2478  /data/user/0/com.arcfire.online/databases/firestore.%5BDEFAULT%5D.arcfire-49d69.%28default%29
           3103          2218          5321  /data/user/0/com.arcfire.online/databases/RKStorage

VmRSS:	  813788 kB
VmSwap:	   15608 kB
Threads:	105

===== 2026-07-11 03:41:58 pid=18506 =====
Applications Memory Usage (in Kilobytes):
Uptime: 52265504 Realtime: 60093644

** MEMINFO in pid 18506 [com.arcfire.online] **
                   Pss  Private  Private  SwapPss      Rss     Heap     Heap     Heap
                 Total    Dirty    Clean    Dirty    Total     Size    Alloc     Free
                ------   ------   ------   ------   ------   ------   ------   ------
  Native Heap   389894   389844       36       40   391196   540480   451351    82634
  Dalvik Heap    28448    27264       32       22    33504    29027    14514    14513
 Dalvik Other    18415     9080        0        0    28120                           
        Stack     4184     4184        0        0     4192                           
       Ashmem        9        0        0        0      556                           
    Other dev       38       16       20        0      580                           
     .so mmap    14736      252     9072       21    49468                           
    .jar mmap     6209        0     2484        0    44428                           
    .apk mmap    60526     2620    49840        0    85688                           
    .ttf mmap     2796        0     2208        0     4108                           
    .dex mmap    35802    34768       96        0    38608                           
    .oat mmap       69        0        0        0     1464                           
    .art mmap     9552     8368      172       40    22664                           
   Other mmap    24871        4    19680        0    31204                           
   EGL mtrack    20311    20311        0        0    20311                           
    GL mtrack    32064    32064        0        0    32064                           
      Unknown    55881    55420      412        3    56528                           
        TOTAL   703931   584195    84052      126   844683   569507   465865    97147
 
 App Summary
                       Pss(KB)                        Rss(KB)
                        ------                         ------
           Java Heap:    35804                          56168
         Native Heap:   389844                         391196
                Code:   101848                         242924
               Stack:     4184                           4192
            Graphics:    52375                          52375
       Private Other:    84192
              System:    35684
             Unknown:                                   97828
 
           TOTAL PSS:   703931            TOTAL RSS:   844683       TOTAL SWAP PSS:      126
 
 Objects
               Views:      384         ViewRootImpl:        1
         AppContexts:       16           Activities:        1
              Assets:       41        AssetManagers:        0
       Local Binders:       24        Proxy Binders:       68
       Parcel memory:       26         Parcel count:       88
    Death Recipients:        0             WebViews:        0
 
 Native Allocations
                         Count                       Total(kB)
                        ------                         ------
    Other (malloced):     2780                            264
 Other (nonmalloced):      111                             77
   Bitmap (malloced):       15                           7507
 
 SQL
         MEMORY_USED:     1454
  PAGECACHE_OVERFLOW:     1278          MALLOC_SIZE:     3735
 
 DATABASES
      pgsz     dbsz   Lookaside(b) cache hits cache misses cache size  Dbname
PER CONNECTION STATS
         4    13292             89  1512  1018    25  /data/user/0/com.arcfire.online/databases/firestore.%5BDEFAULT%5D.arcfire-49d69.%28default%29
         4     1260             41  3103  2220     4  /data/user/0/com.arcfire.online/databases/RKStorage
POOL STATS
     cache hits  cache misses    cache size  Dbname
           1512          1019          2531  /data/user/0/com.arcfire.online/databases/firestore.%5BDEFAULT%5D.arcfire-49d69.%28default%29
           3103          2221          5324  /data/user/0/com.arcfire.online/databases/RKStorage

VmRSS:	  826240 kB
VmSwap:	   15608 kB
Threads:	110

===== 2026-07-11 03:57:19 pid=18506 =====
Applications Memory Usage (in Kilobytes):
Uptime: 53187839 Realtime: 61015978

** MEMINFO in pid 18506 [com.arcfire.online] **
                   Pss  Private  Private  SwapPss      Rss     Heap     Heap     Heap
                 Total    Dirty    Clean    Dirty    Total     Size    Alloc     Free
                ------   ------   ------   ------   ------   ------   ------   ------
  Native Heap   379226   379176       36       40   380528   541488   435541    99212
  Dalvik Heap    28508    27324       32       22    33564    29524    14794    14730
 Dalvik Other    18573     9180        0        0    28336                           
        Stack     4032     4032        0        0     4040                           
       Ashmem        9        0        0        0      556                           
    Other dev       38       16       20        0      580                           
     .so mmap    14734      252     9068       21    49468                           
    .jar mmap     6156        0     2400        0    44428                           
    .apk mmap    60525     2620    49840        0    85688                           
    .ttf mmap     2796        0     2208        0     4108                           
    .dex mmap    35802    34768       96        0    38608                           
    .oat mmap       69        0        0        0     1464                           
    .art mmap     9550     8368      168       40    22664                           
   Other mmap    24873        4    19680        0    31208                           
   EGL mtrack    20311    20311        0        0    20311                           
    GL mtrack    30016    30016        0        0    30016                           
      Unknown    56685    56224      412        3    57332                           
        TOTAL   692029   572291    83960      126   832899   571012   450335   113942
 
 App Summary
                       Pss(KB)                        Rss(KB)
                        ------                         ------
           Java Heap:    35860                          56228
         Native Heap:   379176                         380528
                Code:   101728                         243008
               Stack:     4032                           4040
            Graphics:    50327                          50327
       Private Other:    85128
              System:    35778
             Unknown:                                   98768
 
           TOTAL PSS:   692029            TOTAL RSS:   832899       TOTAL SWAP PSS:      126
 
 Objects
               Views:      384         ViewRootImpl:        1
         AppContexts:       16           Activities:        1
              Assets:       41        AssetManagers:        0
       Local Binders:       24        Proxy Binders:       68
       Parcel memory:       25         Parcel count:       84
    Death Recipients:        0             WebViews:        0
 
 Native Allocations
                         Count                       Total(kB)
                        ------                         ------
    Other (malloced):     2792                            265
 Other (nonmalloced):      111                             77
   Bitmap (malloced):       15                           7507
 
 SQL
         MEMORY_USED:     1454
  PAGECACHE_OVERFLOW:     1278          MALLOC_SIZE:     3735
 
 DATABASES
      pgsz     dbsz   Lookaside(b) cache hits cache misses cache size  Dbname
PER CONNECTION STATS
         4    13292             89  1512  1069    25  /data/user/0/com.arcfire.online/databases/firestore.%5BDEFAULT%5D.arcfire-49d69.%28default%29
         4     1260             41  3103  2223     4  /data/user/0/com.arcfire.online/databases/RKStorage
POOL STATS
     cache hits  cache misses    cache size  Dbname
           1512          1070          2582  /data/user/0/com.arcfire.online/databases/firestore.%5BDEFAULT%5D.arcfire-49d69.%28default%29
           3103          2224          5327  /data/user/0/com.arcfire.online/databases/RKStorage

VmRSS:	  815480 kB
VmSwap:	   15608 kB
Threads:	105

===== 2026-07-11 04:12:40 pid=18506 =====
Applications Memory Usage (in Kilobytes):
Uptime: 54107634 Realtime: 61935773

** MEMINFO in pid 18506 [com.arcfire.online] **
                   Pss  Private  Private  SwapPss      Rss     Heap     Heap     Heap
                 Total    Dirty    Clean    Dirty    Total     Size    Alloc     Free
                ------   ------   ------   ------   ------   ------   ------   ------
  Native Heap   388026   387976       36       40   389328   541760   450997    84162
  Dalvik Heap    34460    33276       32       22    39516    36089    18048    18041
 Dalvik Other    18311     8912        0        0    28080                           
        Stack     4028     4028        0        0     4036                           
       Ashmem        9        0        0        0      556                           
    Other dev       38       16       20        0      580                           
     .so mmap    14734      252     9068       21    49468                           
    .jar mmap     6155        0     2400        0    44428                           
    .apk mmap    60525     2620    49840        0    85688                           
    .ttf mmap     2796        0     2208        0     4108                           
    .dex mmap    35802    34768       96        0    38608                           
    .oat mmap       69        0        0        0     1464                           
    .art mmap     9549     8368      168       40    22664                           
   Other mmap    24879        4    19680        0    31220                           
   EGL mtrack    20311    20311        0        0    20311                           
    GL mtrack    30016    30016        0        0    30016                           
      Unknown    57129    56668      412        3    57776                           
        TOTAL   706963   587215    83960      126   847847   577849   469045   102203
 
 App Summary
                       Pss(KB)                        Rss(KB)
                        ------                         ------
           Java Heap:    41812                          62180
         Native Heap:   387976                         389328
                Code:   101728                         243020
               Stack:     4028                           4036
            Graphics:    50327                          50327
       Private Other:    85304
              System:    35788
             Unknown:                                   98956
 
           TOTAL PSS:   706963            TOTAL RSS:   847847       TOTAL SWAP PSS:      126
 
 Objects
               Views:      382         ViewRootImpl:        1
         AppContexts:       16           Activities:        1
              Assets:       41        AssetManagers:        0
       Local Binders:       24        Proxy Binders:       68
       Parcel memory:       25         Parcel count:       84
    Death Recipients:        0             WebViews:        0
 
 Native Allocations
                         Count                       Total(kB)
                        ------                         ------
    Other (malloced):     2777                            264
 Other (nonmalloced):      111                             77
   Bitmap (malloced):       15                           7507
 
 SQL
         MEMORY_USED:     1454
  PAGECACHE_OVERFLOW:     1278          MALLOC_SIZE:     3735
 
 DATABASES
      pgsz     dbsz   Lookaside(b) cache hits cache misses cache size  Dbname
PER CONNECTION STATS
         4    13292             89  1512  1120    25  /data/user/0/com.arcfire.online/databases/firestore.%5BDEFAULT%5D.arcfire-49d69.%28default%29
         4     1260             41  3105  2228     4  /data/user/0/com.arcfire.online/databases/RKStorage
POOL STATS
     cache hits  cache misses    cache size  Dbname
           1512          1121          2633  /data/user/0/com.arcfire.online/databases/firestore.%5BDEFAULT%5D.arcfire-49d69.%28default%29
           3105          2229          5334  /data/user/0/com.arcfire.online/databases/RKStorage

VmRSS:	  825700 kB
VmSwap:	   15608 kB
Threads:	105

===== 2026-07-11 04:28:02 pid=18506 =====
Applications Memory Usage (in Kilobytes):
Uptime: 55029328 Realtime: 62857467

** MEMINFO in pid 18506 [com.arcfire.online] **
                   Pss  Private  Private  SwapPss      Rss     Heap     Heap     Heap
                 Total    Dirty    Clean    Dirty    Total     Size    Alloc     Free
                ------   ------   ------   ------   ------   ------   ------   ------
  Native Heap   378422   378372       36       40   379724   541040   432886   101635
  Dalvik Heap    19852    18668       32       22    24908    27014    13507    13507
 Dalvik Other    18587     9188        0        0    28356                           
        Stack     4044     4044        0        0     4052                           
       Ashmem        9        0        0        0      556                           
    Other dev       38       16       20        0      580                           
     .so mmap    14734      252     9068       21    49468                           
    .jar mmap     6155        0     2400        0    44428                           
    .apk mmap    60525     2620    49840        0    85688                           
    .ttf mmap     2796        0     2208        0     4108                           
    .dex mmap    35802    34768       96        0    38608                           
    .oat mmap       69        0        0        0     1464                           
    .art mmap     9549     8368      168       40    22664                           
   Other mmap    24879        4    19680        0    31220                           
   EGL mtrack    20311    20311        0        0    20311                           
    GL mtrack    30016    30016        0        0    30016                           
      Unknown    57785    57332      404        3    58432                           
        TOTAL   683699   563959    83952      126   824583   568054   446393   115142
 
 App Summary
                       Pss(KB)                        Rss(KB)
                        ------                         ------
           Java Heap:    27204                          47572
         Native Heap:   378372                         379724
                Code:   101732                         243024
               Stack:     4044                           4052
            Graphics:    50327                          50327
       Private Other:    86232
              System:    35788
             Unknown:                                   99884
 
           TOTAL PSS:   683699            TOTAL RSS:   824583       TOTAL SWAP PSS:      126
 
 Objects
               Views:      382         ViewRootImpl:        1
         AppContexts:       16           Activities:        1
              Assets:       41        AssetManagers:        0
       Local Binders:       24        Proxy Binders:       68
       Parcel memory:       25         Parcel count:       84
    Death Recipients:        0             WebViews:        0
 
 Native Allocations
                         Count                       Total(kB)
                        ------                         ------
    Other (malloced):     2777                            264
 Other (nonmalloced):      111                             77
   Bitmap (malloced):       15                           7507
 
 SQL
         MEMORY_USED:     1454
  PAGECACHE_OVERFLOW:     1278          MALLOC_SIZE:     3735
 
 DATABASES
      pgsz     dbsz   Lookaside(b) cache hits cache misses cache size  Dbname
PER CONNECTION STATS
         4    13292             89  1512  1173    25  /data/user/0/com.arcfire.online/databases/firestore.%5BDEFAULT%5D.arcfire-49d69.%28default%29
         4     1260             41  3105  2231     4  /data/user/0/com.arcfire.online/databases/RKStorage
POOL STATS
     cache hits  cache misses    cache size  Dbname
           1512          1174          2686  /data/user/0/com.arcfire.online/databases/firestore.%5BDEFAULT%5D.arcfire-49d69.%28default%29
           3105          2232          5337  /data/user/0/com.arcfire.online/databases/RKStorage

VmRSS:	  814548 kB
VmSwap:	   15608 kB
Threads:	106

===== 2026-07-11 04:43:22 pid=18506 =====
Applications Memory Usage (in Kilobytes):
Uptime: 55949598 Realtime: 63777737

** MEMINFO in pid 18506 [com.arcfire.online] **
                   Pss  Private  Private  SwapPss      Rss     Heap     Heap     Heap
                 Total    Dirty    Clean    Dirty    Total     Size    Alloc     Free
                ------   ------   ------   ------   ------   ------   ------   ------
  Native Heap   392904   392856       32       40   394208   542528   456455    79445
  Dalvik Heap    33691    32508       32       22    38748    34986    17493    17493
 Dalvik Other    18445     9040        0        0    28220                           
        Stack     4024     4024        0        0     4032                           
       Ashmem        9        0        0        0      556                           
    Other dev       34        8       20        0      580                           
     .so mmap    12003      252     4180       21    49468                           
    .jar mmap     6057        0     2360        0    44428                           
    .apk mmap    60329     2620    49744        0    85688                           
    .ttf mmap     2796        0     2208        0     4108                           
    .dex mmap    35641    34768        8        0    38608                           
    .oat mmap       69        0        0        0     1464                           
    .art mmap     9549     8368      168       40    22664                           
   Other mmap    24883        4    19680        0    31232                           
   EGL mtrack    20311    20311        0        0    20311                           
    GL mtrack    32068    32068        0        0    32068                           
      Unknown    58260    57804      396        3    58920                           
        TOTAL   711199   594631    78828      126   855303   577514   473948    96938
 
 App Summary
                       Pss(KB)                        Rss(KB)
                        ------                         ------
           Java Heap:    41044                          61412
         Native Heap:   392856                         394208
                Code:    96616                         243032
               Stack:     4024                           4032
            Graphics:    52379                          52379
       Private Other:    86540
              System:    37740
             Unknown:                                  100240
 
           TOTAL PSS:   711199            TOTAL RSS:   855303       TOTAL SWAP PSS:      126
 
 Objects
               Views:      384         ViewRootImpl:        1
         AppContexts:       16           Activities:        1
              Assets:       41        AssetManagers:        0
       Local Binders:       24        Proxy Binders:       68
       Parcel memory:       25         Parcel count:       82
    Death Recipients:        0             WebViews:        0
 
 Native Allocations
                         Count                       Total(kB)
                        ------                         ------
    Other (malloced):     2780                            264
 Other (nonmalloced):      111                             77
   Bitmap (malloced):       15                           7507
 
 SQL
         MEMORY_USED:     1454
  PAGECACHE_OVERFLOW:     1278          MALLOC_SIZE:     3735
 
 DATABASES
      pgsz     dbsz   Lookaside(b) cache hits cache misses cache size  Dbname
PER CONNECTION STATS
         4    13292             89  1512  1224    25  /data/user/0/com.arcfire.online/databases/firestore.%5BDEFAULT%5D.arcfire-49d69.%28default%29
         4     1260             41  3105  2234     4  /data/user/0/com.arcfire.online/databases/RKStorage
POOL STATS
     cache hits  cache misses    cache size  Dbname
           1512          1225          2737  /data/user/0/com.arcfire.online/databases/firestore.%5BDEFAULT%5D.arcfire-49d69.%28default%29
           3105          2235          5340  /data/user/0/com.arcfire.online/databases/RKStorage

VmRSS:	  832228 kB
VmSwap:	   15608 kB
Threads:	105

===== 2026-07-11 04:58:42 pid=18506 =====
Applications Memory Usage (in Kilobytes):
Uptime: 56869962 Realtime: 64698101

** MEMINFO in pid 18506 [com.arcfire.online] **
                   Pss  Private  Private  SwapPss      Rss     Heap     Heap     Heap
                 Total    Dirty    Clean    Dirty    Total     Size    Alloc     Free
                ------   ------   ------   ------   ------   ------   ------   ------
  Native Heap   381384   381336       32       40   382688   543024   438593    97709
  Dalvik Heap    30447    29264       32       22    35504    31077    15539    15538
 Dalvik Other    18603     9196        0        0    28380                           
        Stack     4220     4220        0        0     4228                           
       Ashmem        9        0        0        0      556                           
    Other dev       34        8       20        0      580                           
     .so mmap    12019      252     4180       21    49468                           
    .jar mmap     5990        0     2316        0    44428                           
    .apk mmap    60328     2620    49744        0    85688                           
    .ttf mmap     2796        0     2208        0     4108                           
    .dex mmap    35640    34768        8        0    38608                           
    .oat mmap       65        0        0        0     1464                           
    .art mmap     9549     8368      168       40    22664                           
   Other mmap    24884        4    19680        0    31236                           
   EGL mtrack    20311    20311        0        0    20311                           
    GL mtrack    30012    30012        0        0    30012                           
      Unknown    58920    58472      388        3    59580                           
        TOTAL   695337   578831    78776      126   839503   574101   454132   113247
 
 App Summary
                       Pss(KB)                        Rss(KB)
                        ------                         ------
           Java Heap:    37800                          58168
         Native Heap:   381336                         382688
                Code:    96584                         243048
               Stack:     4220                           4228
            Graphics:    50323                          50323
       Private Other:    87344
              System:    37730
             Unknown:                                  101048
 
           TOTAL PSS:   695337            TOTAL RSS:   839503       TOTAL SWAP PSS:      126
 
 Objects
               Views:      384         ViewRootImpl:        1
         AppContexts:       16           Activities:        1
              Assets:       41        AssetManagers:        0
       Local Binders:       24        Proxy Binders:       68
       Parcel memory:       25         Parcel count:       84
    Death Recipients:        0             WebViews:        0
 
 Native Allocations
                         Count                       Total(kB)
                        ------                         ------
    Other (malloced):     2780                            264
 Other (nonmalloced):      111                             77
   Bitmap (malloced):       15                           7507
 
 SQL
         MEMORY_USED:     1454
  PAGECACHE_OVERFLOW:     1278          MALLOC_SIZE:     3735
 
 DATABASES
      pgsz     dbsz   Lookaside(b) cache hits cache misses cache size  Dbname
PER CONNECTION STATS
         4    13292             89  1512  1275    25  /data/user/0/com.arcfire.online/databases/firestore.%5BDEFAULT%5D.arcfire-49d69.%28default%29
         4     1260             41  3105  2237     4  /data/user/0/com.arcfire.online/databases/RKStorage
POOL STATS
     cache hits  cache misses    cache size  Dbname
           1512          1276          2788  /data/user/0/com.arcfire.online/databases/firestore.%5BDEFAULT%5D.arcfire-49d69.%28default%29
           3105          2238          5343  /data/user/0/com.arcfire.online/databases/RKStorage

VmRSS:	  821072 kB
VmSwap:	   15608 kB
Threads:	106

===== 2026-07-11 05:14:04 pid=18506 =====
Applications Memory Usage (in Kilobytes):
Uptime: 57791070 Realtime: 65619209

** MEMINFO in pid 18506 [com.arcfire.online] **
                   Pss  Private  Private  SwapPss      Rss     Heap     Heap     Heap
                 Total    Dirty    Clean    Dirty    Total     Size    Alloc     Free
                ------   ------   ------   ------   ------   ------   ------   ------
  Native Heap   392408   392360       32       40   393712   543280   454540    82081
  Dalvik Heap    27255    26072       32       22    32312    28225    14113    14112
 Dalvik Other    18501     9092        0        0    28280                           
        Stack     4140     4140        0        0     4148                           
       Ashmem        9        0        0        0      556                           
    Other dev       34        8       20        0      580                           
     .so mmap    12018      252     4180       21    49468                           
    .jar mmap     5945        0     2292        0    44428                           
    .apk mmap    60309     2620    49712        0    85688                           
    .ttf mmap     2796        0     2208        0     4108                           
    .dex mmap    35640    34768        8        0    38608                           
    .oat mmap       65        0        0        0     1464                           
    .art mmap     9549     8368      168       40    22664                           
   Other mmap    24883        4    19680        0    31240                           
   EGL mtrack    20311    20311        0        0    20311                           
    GL mtrack    30144    30144        0        0    30144                           
      Unknown    59564    59116      388        3    60224                           
        TOTAL   703697   587255    78720      126   847935   571505   468653    96193
 
 App Summary
                       Pss(KB)                        Rss(KB)
                        ------                         ------
           Java Heap:    34608                          54976
         Native Heap:   392360                         393712
                Code:    96528                         243052
               Stack:     4140                           4148
            Graphics:    50455                          50455
       Private Other:    87884
              System:    37722
             Unknown:                                  101592
 
           TOTAL PSS:   703697            TOTAL RSS:   847935       TOTAL SWAP PSS:      126
 
 Objects
               Views:      384         ViewRootImpl:        1
         AppContexts:       16           Activities:        1
              Assets:       41        AssetManagers:        0
       Local Binders:       24        Proxy Binders:       68
       Parcel memory:       25         Parcel count:       84
    Death Recipients:        0             WebViews:        0
 
 Native Allocations
                         Count                       Total(kB)
                        ------                         ------
    Other (malloced):     2780                            264
 Other (nonmalloced):      111                             77
   Bitmap (malloced):       15                           7507
 
 SQL
         MEMORY_USED:     1454
  PAGECACHE_OVERFLOW:     1278          MALLOC_SIZE:     3735
 
 DATABASES
      pgsz     dbsz   Lookaside(b) cache hits cache misses cache size  Dbname
PER CONNECTION STATS
         4    13292             89  1512  1328    25  /data/user/0/com.arcfire.online/databases/firestore.%5BDEFAULT%5D.arcfire-49d69.%28default%29
         4     1260             41  3107  2242     4  /data/user/0/com.arcfire.online/databases/RKStorage
POOL STATS
     cache hits  cache misses    cache size  Dbname
           1512          1329          2841  /data/user/0/com.arcfire.online/databases/firestore.%5BDEFAULT%5D.arcfire-49d69.%28default%29
           3107          2243          5350  /data/user/0/com.arcfire.online/databases/RKStorage

VmRSS:	  833288 kB
VmSwap:	   15608 kB
Threads:	109

===== 2026-07-11 05:29:24 pid=18506 =====
Applications Memory Usage (in Kilobytes):
Uptime: 58711642 Realtime: 66539781

** MEMINFO in pid 18506 [com.arcfire.online] **
                   Pss  Private  Private  SwapPss      Rss     Heap     Heap     Heap
                 Total    Dirty    Clean    Dirty    Total     Size    Alloc     Free
                ------   ------   ------   ------   ------   ------   ------   ------
  Native Heap   382336   382288       32       40   383640   543824   437796    99669
  Dalvik Heap    15871    14688       32       22    20928    27048    13524    13524
 Dalvik Other    18453     9040        0        0    28236                           
        Stack     4028     4028        0        0     4036                           
       Ashmem        9        0        0        0      556                           
    Other dev       34        8       20        0      580                           
     .so mmap    12017      252     4180       21    49468                           
    .jar mmap     5942        0     2292        0    44428                           
    .apk mmap    60305     2620    49704        0    85688                           
    .ttf mmap     2796        0     2208        0     4108                           
    .dex mmap    35633    34768        8        0    38608                           
    .oat mmap       65        0        0        0     1464                           
    .art mmap     9549     8368      168       40    22664                           
   Other mmap    24887        4    19680        0    31248                           
   EGL mtrack    20311    20311        0        0    20311                           
    GL mtrack    28020    28020        0        0    28020                           
      Unknown    59988    59548      380        3    60648                           
        TOTAL   680370   563943    78704      126   824631   570872   451320   113193
 
 App Summary
                       Pss(KB)                        Rss(KB)
                        ------                         ------
           Java Heap:    23224                          43592
         Native Heap:   382288                         383640
                Code:    96520                         243060
               Stack:     4028                           4036
            Graphics:    48331                          48331
       Private Other:    88256
              System:    37723
             Unknown:                                  101972
 
           TOTAL PSS:   680370            TOTAL RSS:   824631       TOTAL SWAP PSS:      126
 
 Objects
               Views:      384         ViewRootImpl:        1
         AppContexts:       16           Activities:        1
              Assets:       41        AssetManagers:        0
       Local Binders:       24        Proxy Binders:       68
       Parcel memory:       25         Parcel count:       82
    Death Recipients:        0             WebViews:        0
 
 Native Allocations
                         Count                       Total(kB)
                        ------                         ------
    Other (malloced):     2780                            264
 Other (nonmalloced):      111                             77
   Bitmap (malloced):       15                           7507
 
 SQL
         MEMORY_USED:     1454
  PAGECACHE_OVERFLOW:     1278          MALLOC_SIZE:     3735
 
 DATABASES
      pgsz     dbsz   Lookaside(b) cache hits cache misses cache size  Dbname
PER CONNECTION STATS
         4    13292             89  1512  1379    25  /data/user/0/com.arcfire.online/databases/firestore.%5BDEFAULT%5D.arcfire-49d69.%28default%29
         4     1260             41  3107  2245     4  /data/user/0/com.arcfire.online/databases/RKStorage
POOL STATS
     cache hits  cache misses    cache size  Dbname
           1512          1380          2892  /data/user/0/com.arcfire.online/databases/firestore.%5BDEFAULT%5D.arcfire-49d69.%28default%29
           3107          2246          5353  /data/user/0/com.arcfire.online/databases/RKStorage

VmRSS:	  818568 kB
VmSwap:	   15608 kB
Threads:	105

===== 2026-07-11 05:44:45 pid=18506 =====
Applications Memory Usage (in Kilobytes):
Uptime: 59633026 Realtime: 67461165

** MEMINFO in pid 18506 [com.arcfire.online] **
                   Pss  Private  Private  SwapPss      Rss     Heap     Heap     Heap
                 Total    Dirty    Clean    Dirty    Total     Size    Alloc     Free
                ------   ------   ------   ------   ------   ------   ------   ------
  Native Heap   390088   390040       32       40   391392   544352   454335    83729
  Dalvik Heap    30490    29308       32       22    35548    30317    15159    15158
 Dalvik Other    18255     8840        0        0    28040                           
        Stack     4040     4040        0        0     4048                           
       Ashmem        9        0        0        0      556                           
    Other dev       34        8       20        0      580                           
     .so mmap    11645      252     3800       21    49188                           
    .jar mmap     5680        0     2136        0    44376                           
    .apk mmap    59442     2620    49016        0    84516                           
    .ttf mmap     2664        0     2108        0     3960                           
    .dex mmap    35604    34768        8        0    38516                           
    .oat mmap       63        0        0        0     1464                           
    .art mmap     9544     8368      164       40    22664                           
   Other mmap    24567       20    19092        0    31176                           
   EGL mtrack    41631    41631        0        0    41631                           
    GL mtrack    30772    30772        0        0    30772                           
      Unknown    60772    60324      388        3    61432                           
        TOTAL   725426   610991    76796      126   869859   574669   469494    98887
 
 App Summary
                       Pss(KB)                        Rss(KB)
                        ------                         ------
           Java Heap:    37840                          58212
         Native Heap:   390040                         391392
                Code:    95196                         241320
               Stack:     4040                           4048
            Graphics:    72403                          72403
       Private Other:    88268
              System:    37639
             Unknown:                                  102484
 
           TOTAL PSS:   725426            TOTAL RSS:   869859       TOTAL SWAP PSS:      126
 
 Objects
               Views:      409         ViewRootImpl:        1
         AppContexts:       16           Activities:        1
              Assets:       41        AssetManagers:        0
       Local Binders:       24        Proxy Binders:       68
       Parcel memory:       25         Parcel count:       82
    Death Recipients:        0             WebViews:        0
 
 Native Allocations
                         Count                       Total(kB)
                        ------                         ------
    Other (malloced):     2897                            275
 Other (nonmalloced):      111                             77
   Bitmap (malloced):       15                           7507
 
 SQL
         MEMORY_USED:     1454
  PAGECACHE_OVERFLOW:     1278          MALLOC_SIZE:     3735
 
 DATABASES
      pgsz     dbsz   Lookaside(b) cache hits cache misses cache size  Dbname
PER CONNECTION STATS
         4    13292             89  1512  1430    25  /data/user/0/com.arcfire.online/databases/firestore.%5BDEFAULT%5D.arcfire-49d69.%28default%29
         4     1260             41  3107  2248     4  /data/user/0/com.arcfire.online/databases/RKStorage
POOL STATS
     cache hits  cache misses    cache size  Dbname
           1512          1431          2943  /data/user/0/com.arcfire.online/databases/firestore.%5BDEFAULT%5D.arcfire-49d69.%28default%29
           3107          2249          5356  /data/user/0/com.arcfire.online/databases/RKStorage

VmRSS:	  829420 kB
VmSwap:	   15608 kB
Threads:	106

===== 2026-07-11 06:00:06 pid=18506 =====
Applications Memory Usage (in Kilobytes):
Uptime: 60553691 Realtime: 68381830

** MEMINFO in pid 18506 [com.arcfire.online] **
                   Pss  Private  Private  SwapPss      Rss     Heap     Heap     Heap
                 Total    Dirty    Clean    Dirty    Total     Size    Alloc     Free
                ------   ------   ------   ------   ------   ------   ------   ------
  Native Heap   381736   381688       32       42   383040   544592   438271    99930
  Dalvik Heap    30507    29324       32       23    35564    26455    13228    13227
 Dalvik Other    18557     9140        0        0    28344                           
        Stack     4048     4048        0        0     4056                           
       Ashmem        9        0        0        0      556                           
    Other dev       34        8       20        0      580                           
     .so mmap    11691      252     3800       21    49188                           
    .jar mmap     5717        0     2152        0    44376                           
    .apk mmap    59616     2620    49000        0    84516                           
    .ttf mmap     2664        0     2108        0     3960                           
    .dex mmap    35604    34768        8        0    38516                           
    .oat mmap       63        0        0        0     1464                           
    .art mmap     9549     8368      164       40    22664                           
   Other mmap    24554        4    19092        0    31164                           
   EGL mtrack    20311    20311        0        0    20311                           
    GL mtrack    30144    30144        0        0    30144                           
      Unknown    61396    60940      396        3    62056                           
        TOTAL   696329   581615    76804      129   840499   571047   451499   113157
 
 App Summary
                       Pss(KB)                        Rss(KB)
                        ------                         ------
           Java Heap:    37856                          58228
         Native Heap:   381688                         383040
                Code:    95196                         241324
               Stack:     4048                           4056
            Graphics:    50455                          50455
       Private Other:    89176
              System:    37910
             Unknown:                                  103396
 
           TOTAL PSS:   696329            TOTAL RSS:   840499       TOTAL SWAP PSS:      129
 
 Objects
               Views:      384         ViewRootImpl:        1
         AppContexts:       16           Activities:        1
              Assets:       41        AssetManagers:        0
       Local Binders:       24        Proxy Binders:       68
       Parcel memory:       26         Parcel count:       86
    Death Recipients:        0             WebViews:        0
 
 Native Allocations
                         Count                       Total(kB)
                        ------                         ------
    Other (malloced):     2780                            264
 Other (nonmalloced):      111                             77
   Bitmap (malloced):       15                           7507
 
 SQL
         MEMORY_USED:     1454
  PAGECACHE_OVERFLOW:     1278          MALLOC_SIZE:     3735
 
 DATABASES
      pgsz     dbsz   Lookaside(b) cache hits cache misses cache size  Dbname
PER CONNECTION STATS
         4    13292             89  1512  1483    25  /data/user/0/com.arcfire.online/databases/firestore.%5BDEFAULT%5D.arcfire-49d69.%28default%29
         4     1260             41  3107  2251     4  /data/user/0/com.arcfire.online/databases/RKStorage
POOL STATS
     cache hits  cache misses    cache size  Dbname
           1512          1484          2996  /data/user/0/com.arcfire.online/databases/firestore.%5BDEFAULT%5D.arcfire-49d69.%28default%29
           3107          2252          5359  /data/user/0/com.arcfire.online/databases/RKStorage

VmRSS:	  822820 kB
VmSwap:	   15608 kB
Threads:	106

===== 2026-07-11 06:15:25 pid=18506 =====
Applications Memory Usage (in Kilobytes):
Uptime: 61472614 Realtime: 69300753

** MEMINFO in pid 18506 [com.arcfire.online] **
                   Pss  Private  Private  SwapPss      Rss     Heap     Heap     Heap
                 Total    Dirty    Clean    Dirty    Total     Size    Alloc     Free
                ------   ------   ------   ------   ------   ------   ------   ------
  Native Heap   387479   387432       32       42   388784   545360   441906    96940
  Dalvik Heap    29446    28264       32       23    34504    28602    14304    14298
 Dalvik Other    18279     8860        0        0    28068                           
        Stack     4040     4040        0        0     4048                           
       Ashmem        9        0        0        0      556                           
    Other dev       32        8       20        0      580                           
     .so mmap    10624      252     3692       21    48568                           
    .jar mmap     5561        0     1984        0    44356                           
    .apk mmap    57862     2620    48008        0    84232                           
    .ttf mmap     2276        0     1680        0     3604                           
    .dex mmap    35561    34768        8        0    38488                           
    .oat mmap       60        0        0        0     1464                           
    .art mmap     9544     8368      160       40    22664                           
   Other mmap    24760       16    19544        0    31068                           
   EGL mtrack    35131    35131        0        0    35131                           
    GL mtrack    30356    30356        0        0    30356                           
      Unknown    61677    61328      292        3    62344                           
        TOTAL   712826   601443    75452      129   858815   573962   456210   111238
 
 App Summary
                       Pss(KB)                        Rss(KB)
                        ------                         ------
           Java Heap:    36792                          57168
         Native Heap:   387432                         388784
                Code:    93500                         240020
               Stack:     4040                           4048
            Graphics:    65487                          65487
       Private Other:    89644
              System:    35931
             Unknown:                                  103308
 
           TOTAL PSS:   712826            TOTAL RSS:   858815       TOTAL SWAP PSS:      129
 
 Objects
               Views:      405         ViewRootImpl:        1
         AppContexts:       16           Activities:        1
              Assets:       41        AssetManagers:        0
       Local Binders:       24        Proxy Binders:       68
       Parcel memory:       25         Parcel count:       84
    Death Recipients:        0             WebViews:        0
 
 Native Allocations
                         Count                       Total(kB)
                        ------                         ------
    Other (malloced):     2874                            273
 Other (nonmalloced):      111                             77
   Bitmap (malloced):       15                           7507
 
 SQL
         MEMORY_USED:     1454
  PAGECACHE_OVERFLOW:     1278          MALLOC_SIZE:     3735
 
 DATABASES
      pgsz     dbsz   Lookaside(b) cache hits cache misses cache size  Dbname
PER CONNECTION STATS
         4    13292             89  1512  1534    25  /data/user/0/com.arcfire.online/databases/firestore.%5BDEFAULT%5D.arcfire-49d69.%28default%29
         4     1260             41  3109  2256     4  /data/user/0/com.arcfire.online/databases/RKStorage
POOL STATS
     cache hits  cache misses    cache size  Dbname
           1512          1535          3047  /data/user/0/com.arcfire.online/databases/firestore.%5BDEFAULT%5D.arcfire-49d69.%28default%29
           3109          2257          5366  /data/user/0/com.arcfire.online/databases/RKStorage

VmRSS:	  820128 kB
VmSwap:	   15608 kB
Threads:	105

===== 2026-07-11 06:30:46 pid=18506 =====
Applications Memory Usage (in Kilobytes):
Uptime: 62393619 Realtime: 70221758

** MEMINFO in pid 18506 [com.arcfire.online] **
                   Pss  Private  Private  SwapPss      Rss     Heap     Heap     Heap
                 Total    Dirty    Clean    Dirty    Total     Size    Alloc     Free
                ------   ------   ------   ------   ------   ------   ------   ------
  Native Heap   384703   384656       32       42   386008   545344   442797    96121
  Dalvik Heap    29658    28476       32       23    34716    30157    15079    15078
 Dalvik Other    18459     9024        0        0    28264                           
        Stack     4188     4188        0        0     4196                           
       Ashmem        9        0        0        0      556                           
    Other dev       32        8       20        0      580                           
     .so mmap    10379      252     3560       21    48064                           
    .jar mmap     5402        0     1900        0    43996                           
    .apk mmap    57586     2620    47788        0    83856                           
    .ttf mmap     2235        0     1644        0     3556                           
    .dex mmap    35557    34768        8        0    38480                           
    .oat mmap       60        0        0        0     1460                           
    .art mmap     9544     8368      160       40    22664                           
   Other mmap    24732        4    19524        0    31040                           
   EGL mtrack    20311    20311        0        0    20311                           
    GL mtrack    30128    30128        0        0    30128                           
      Unknown    62349    61956      336        3    63016                           
        TOTAL   695461   584759    75004      129   840891   575501   457876   111199
 
 App Summary
                       Pss(KB)                        Rss(KB)
                        ------                         ------
           Java Heap:    37004                          57380
         Native Heap:   384656                         386008
                Code:    93016                         238740
               Stack:     4188                           4196
            Graphics:    50439                          50439
       Private Other:    90460
              System:    35698
             Unknown:                                  104128
 
           TOTAL PSS:   695461            TOTAL RSS:   840891       TOTAL SWAP PSS:      129
 
 Objects
               Views:      384         ViewRootImpl:        1
         AppContexts:       16           Activities:        1
              Assets:       41        AssetManagers:        0
       Local Binders:       24        Proxy Binders:       68
       Parcel memory:       26         Parcel count:       88
    Death Recipients:        0             WebViews:        0
 
 Native Allocations
                         Count                       Total(kB)
                        ------                         ------
    Other (malloced):     2780                            264
 Other (nonmalloced):      111                             77
   Bitmap (malloced):       15                           7507
 
 SQL
         MEMORY_USED:     1454
  PAGECACHE_OVERFLOW:     1278          MALLOC_SIZE:     3735
 
 DATABASES
      pgsz     dbsz   Lookaside(b) cache hits cache misses cache size  Dbname
PER CONNECTION STATS
         4    13292             89  1512  1585    25  /data/user/0/com.arcfire.online/databases/firestore.%5BDEFAULT%5D.arcfire-49d69.%28default%29
         4     1260             41  3109  2259     4  /data/user/0/com.arcfire.online/databases/RKStorage
POOL STATS
     cache hits  cache misses    cache size  Dbname
           1512          1586          3098  /data/user/0/com.arcfire.online/databases/firestore.%5BDEFAULT%5D.arcfire-49d69.%28default%29
           3109          2260          5369  /data/user/0/com.arcfire.online/databases/RKStorage

VmRSS:	  822252 kB
VmSwap:	   15608 kB
Threads:	109

===== 2026-07-11 06:46:07 pid=18506 =====
Applications Memory Usage (in Kilobytes):
Uptime: 63314206 Realtime: 71142345

** MEMINFO in pid 18506 [com.arcfire.online] **
                   Pss  Private  Private  SwapPss      Rss     Heap     Heap     Heap
                 Total    Dirty    Clean    Dirty    Total     Size    Alloc     Free
                ------   ------   ------   ------   ------   ------   ------   ------
  Native Heap   385527   385480       32       42   386832   545600   444676    94584
  Dalvik Heap    32986    31804       32       23    38044    26231    13116    13115
 Dalvik Other    18673     9236        0        0    28480                           
        Stack     4220     4220        0        0     4228                           
       Ashmem        9        0        0        0      556                           
    Other dev       32        8       20        0      580                           
     .so mmap    10376      252     3560       21    48064                           
    .jar mmap     5380        0     1884        0    43996                           
    .apk mmap    57579     2620    47788        0    83856                           
    .ttf mmap     2235        0     1644        0     3556                           
    .dex mmap    35557    34768        8        0    38480                           
    .oat mmap       59        0        0        0     1460                           
    .art mmap     9543     8368      160       40    22664                           
   Other mmap    24732        4    19524        0    31044                           
   EGL mtrack    20311    20311        0        0    20311                           
    GL mtrack    30132    30132        0        0    30132                           
      Unknown    62885    62484      344        3    63552                           
        TOTAL   700365   589687    74996      129   845835   571831   457792   107699
 
 App Summary
                       Pss(KB)                        Rss(KB)
                        ------                         ------
           Java Heap:    40332                          60708
         Native Heap:   385480                         386832
                Code:    93024                         238768
               Stack:     4220                           4228
            Graphics:    50443                          50443
       Private Other:    91184
              System:    35682
             Unknown:                                  104856
 
           TOTAL PSS:   700365            TOTAL RSS:   845835       TOTAL SWAP PSS:      129
 
 Objects
               Views:      384         ViewRootImpl:        1
         AppContexts:       16           Activities:        1
              Assets:       41        AssetManagers:        0
       Local Binders:       24        Proxy Binders:       68
       Parcel memory:       26         Parcel count:       86
    Death Recipients:        0             WebViews:        0
 
 Native Allocations
                         Count                       Total(kB)
                        ------                         ------
    Other (malloced):     2780                            264
 Other (nonmalloced):      111                             77
   Bitmap (malloced):       15                           7507
 
 SQL
         MEMORY_USED:     1454
  PAGECACHE_OVERFLOW:     1278          MALLOC_SIZE:     3735
 
 DATABASES
      pgsz     dbsz   Lookaside(b) cache hits cache misses cache size  Dbname
PER CONNECTION STATS
         4    13292             89  1512  1644    25  /data/user/0/com.arcfire.online/databases/firestore.%5BDEFAULT%5D.arcfire-49d69.%28default%29
         4     1260             41  3109  2262     4  /data/user/0/com.arcfire.online/databases/RKStorage
POOL STATS
     cache hits  cache misses    cache size  Dbname
           1512          1645          3157  /data/user/0/com.arcfire.online/databases/firestore.%5BDEFAULT%5D.arcfire-49d69.%28default%29
           3109          2263          5372  /data/user/0/com.arcfire.online/databases/RKStorage

VmRSS:	  823564 kB
VmSwap:	   15608 kB
Threads:	110

===== 2026-07-11 07:01:27 pid=18506 =====
Applications Memory Usage (in Kilobytes):
Uptime: 64234811 Realtime: 72062950

** MEMINFO in pid 18506 [com.arcfire.online] **
                   Pss  Private  Private  SwapPss      Rss     Heap     Heap     Heap
                 Total    Dirty    Clean    Dirty    Total     Size    Alloc     Free
                ------   ------   ------   ------   ------   ------   ------   ------
  Native Heap   397059   397012       32       42   398364   546128   460879    79017
  Dalvik Heap    29594    28412       32       23    34652    29825    14913    14912
 Dalvik Other    18489     9048        0        0    28300                           
        Stack     4112     4112        0        0     4120                           
       Ashmem        9        0        0        0      556                           
    Other dev       32        8       20        0      580                           
     .so mmap    10376      252     3560       21    48064                           
    .jar mmap     5380        0     1884        0    43996                           
    .apk mmap    57579     2620    47788        0    83856                           
    .ttf mmap     2235        0     1644        0     3556                           
    .dex mmap    35557    34768        8        0    38480                           
    .oat mmap       59        0        0        0     1460                           
    .art mmap     9543     8368      160       40    22664                           
   Other mmap    24744       12    19524        0    31060                           
   EGL mtrack    20447    20447        0        0    20447                           
    GL mtrack    28132    28132        0        0    28132                           
      Unknown    63549    63156      336        3    64216                           
        TOTAL   707025   596347    74988      129   852503   575953   475792    93929
 
 App Summary
                       Pss(KB)                        Rss(KB)
                        ------                         ------
           Java Heap:    36940                          57316
         Native Heap:   397012                         398364
                Code:    93024                         238776
               Stack:     4112                           4120
            Graphics:    48579                          48579
       Private Other:    91668
              System:    35690
             Unknown:                                  105348
 
           TOTAL PSS:   707025            TOTAL RSS:   852503       TOTAL SWAP PSS:      129
 
 Objects
               Views:      390         ViewRootImpl:        1
         AppContexts:       16           Activities:        1
              Assets:       41        AssetManagers:        0
       Local Binders:       24        Proxy Binders:       68
       Parcel memory:       25         Parcel count:       84
    Death Recipients:        0             WebViews:        0
 
 Native Allocations
                         Count                       Total(kB)
                        ------                         ------
    Other (malloced):     2791                            265
 Other (nonmalloced):      111                             77
   Bitmap (malloced):       15                           7507
 
 SQL
         MEMORY_USED:     1454
  PAGECACHE_OVERFLOW:     1278          MALLOC_SIZE:     3735
 
 DATABASES
      pgsz     dbsz   Lookaside(b) cache hits cache misses cache size  Dbname
PER CONNECTION STATS
         4    13292             89  1512  1695    25  /data/user/0/com.arcfire.online/databases/firestore.%5BDEFAULT%5D.arcfire-49d69.%28default%29
         4     1260             41  3109  2265     4  /data/user/0/com.arcfire.online/databases/RKStorage
POOL STATS
     cache hits  cache misses    cache size  Dbname
           1512          1696          3208  /data/user/0/com.arcfire.online/databases/firestore.%5BDEFAULT%5D.arcfire-49d69.%28default%29
           3109          2266          5375  /data/user/0/com.arcfire.online/databases/RKStorage

VmRSS:	  828016 kB
VmSwap:	   15608 kB
Threads:	106

===== 2026-07-11 07:16:47 pid=18506 =====
Applications Memory Usage (in Kilobytes):
Uptime: 65154643 Realtime: 72982782

** MEMINFO in pid 18506 [com.arcfire.online] **
                   Pss  Private  Private  SwapPss      Rss     Heap     Heap     Heap
                 Total    Dirty    Clean    Dirty    Total     Size    Alloc     Free
                ------   ------   ------   ------   ------   ------   ------   ------
  Native Heap   386459   386412       32       42   387764   547136   445956    94366
  Dalvik Heap    35790    34608       32       23    40848    36269    18139    18130
 Dalvik Other    18533     9088        0        0    28348                           
        Stack     4340     4340        0        0     4348                           
       Ashmem        9        0        0        0      556                           
    Other dev       32        8       20        0      580                           
     .so mmap    10358      252     3560       21    48064                           
    .jar mmap     5394        0     1872        0    43996                           
    .apk mmap    57578     2620    47788        0    83856                           
    .ttf mmap     2235        0     1644        0     3556                           
    .dex mmap    35557    34768        8        0    38480                           
    .oat mmap       60        0        0        0     1460                           
    .art mmap     9544     8368      160       40    22664                           
   Other mmap    24768        4    19552        0    31088                           
   EGL mtrack    20311    20311        0        0    20311                           
    GL mtrack    30128    30128        0        0    30128                           
      Unknown    65893    65416      420        3    66560                           
        TOTAL   707118   596323    75088      129   852607   583405   464095   112496
 
 App Summary
                       Pss(KB)                        Rss(KB)
                        ------                         ------
           Java Heap:    43136                          63512
         Native Heap:   386412                         387764
                Code:    93012                         238784
               Stack:     4340                           4348
            Graphics:    50439                          50439
       Private Other:    94072
              System:    35707
             Unknown:                                  107760
 
           TOTAL PSS:   707118            TOTAL RSS:   852607       TOTAL SWAP PSS:      129
 
 Objects
               Views:      384         ViewRootImpl:        1
         AppContexts:       16           Activities:        1
              Assets:       41        AssetManagers:        0
       Local Binders:       24        Proxy Binders:       68
       Parcel memory:       25         Parcel count:       84
    Death Recipients:        0             WebViews:        0
 
 Native Allocations
                         Count                       Total(kB)
                        ------                         ------
    Other (malloced):     2780                            264
 Other (nonmalloced):      111                             77
   Bitmap (malloced):       15                           7507
 
 SQL
         MEMORY_USED:     2518
  PAGECACHE_OVERFLOW:     2327          MALLOC_SIZE:     3735
 
 DATABASES
      pgsz     dbsz   Lookaside(b) cache hits cache misses cache size  Dbname
PER CONNECTION STATS
         4    14364             95  1744  1807    25  /data/user/0/com.arcfire.online/databases/firestore.%5BDEFAULT%5D.arcfire-49d69.%28default%29
         4     1264             70  3122  2279     5  /data/user/0/com.arcfire.online/databases/RKStorage
POOL STATS
     cache hits  cache misses    cache size  Dbname
           1744          1808          3552  /data/user/0/com.arcfire.online/databases/firestore.%5BDEFAULT%5D.arcfire-49d69.%28default%29
           3122          2280          5402  /data/user/0/com.arcfire.online/databases/RKStorage

VmRSS:	  827820 kB
VmSwap:	   15608 kB
Threads:	113

===== 2026-07-11 07:32:04 pid=18506 =====
Applications Memory Usage (in Kilobytes):
Uptime: 66071790 Realtime: 73899929

** MEMINFO in pid 18506 [com.arcfire.online] **
                   Pss  Private  Private  SwapPss      Rss     Heap     Heap     Heap
                 Total    Dirty    Clean    Dirty    Total     Size    Alloc     Free
                ------   ------   ------   ------   ------   ------   ------   ------
  Native Heap   393923   393876       32       42   395228   547936   456450    84610
  Dalvik Heap    33862    32680       32       23    38920    25894    12947    12947
 Dalvik Other    19025     9576        0        0    28844                           
        Stack     4184     4184        0        0     4192                           
       Ashmem        9        0        0        0      556                           
    Other dev       32        8       20        0      580                           
     .so mmap    10358      252     3560       21    48064                           
    .jar mmap     5336        0     1780        0    43996                           
    .apk mmap    57514     2620    47784        0    83856                           
    .ttf mmap     2235        0     1644        0     3556                           
    .dex mmap    35547    34768        8        0    38480                           
    .oat mmap       59        0        0        0     1460                           
    .art mmap     9544     8368      160       40    22664                           
   Other mmap    24785       20    19552        0    31112                           
   EGL mtrack    41631    41631        0        0    41631                           
    GL mtrack    30764    30764        0        0    30764                           
      Unknown    66221    65744      420        3    66888                           
        TOTAL   735158   624491    74992      129   880791   573830   469397    97557
 
 App Summary
                       Pss(KB)                        Rss(KB)
                        ------                         ------
           Java Heap:    41208                          61584
         Native Heap:   393876                         395228
                Code:    92916                         238792
               Stack:     4184                           4192
            Graphics:    72395                          72395
       Private Other:    94904
              System:    35675
             Unknown:                                  108600
 
           TOTAL PSS:   735158            TOTAL RSS:   880791       TOTAL SWAP PSS:      129
 
 Objects
               Views:      407         ViewRootImpl:        1
         AppContexts:       16           Activities:        1
              Assets:       41        AssetManagers:        0
       Local Binders:       24        Proxy Binders:       68
       Parcel memory:       25         Parcel count:       84
    Death Recipients:        0             WebViews:        0
 
 Native Allocations
                         Count                       Total(kB)
                        ------                         ------
    Other (malloced):     2886                            274
 Other (nonmalloced):      111                             77
   Bitmap (malloced):       15                           7507
 
 SQL
         MEMORY_USED:     2522
  PAGECACHE_OVERFLOW:     2332          MALLOC_SIZE:     3735
 
 DATABASES
      pgsz     dbsz   Lookaside(b) cache hits cache misses cache size  Dbname
PER CONNECTION STATS
         4    14364             95  1744  1860    25  /data/user/0/com.arcfire.online/databases/firestore.%5BDEFAULT%5D.arcfire-49d69.%28default%29
         4     1264             70  3122  2282     5  /data/user/0/com.arcfire.online/databases/RKStorage
POOL STATS
     cache hits  cache misses    cache size  Dbname
           1744          1861          3605  /data/user/0/com.arcfire.online/databases/firestore.%5BDEFAULT%5D.arcfire-49d69.%28default%29
           3122          2283          5405  /data/user/0/com.arcfire.online/databases/RKStorage

VmRSS:	  834980 kB
VmSwap:	   15608 kB
Threads:	111

===== 2026-07-11 07:47:25 pid=18506 =====
Applications Memory Usage (in Kilobytes):
Uptime: 66992674 Realtime: 74820813

** MEMINFO in pid 18506 [com.arcfire.online] **
                   Pss  Private  Private  SwapPss      Rss     Heap     Heap     Heap
                 Total    Dirty    Clean    Dirty    Total     Size    Alloc     Free
                ------   ------   ------   ------   ------   ------   ------   ------
  Native Heap   395239   395192       32       42   396544   548160   459818    81480
  Dalvik Heap    33718    32536       32       23    38776    34397    17202    17195
 Dalvik Other    18401     8952        0        0    28220                           
        Stack     4184     4184        0        0     4192                           
       Ashmem        9        0        0        0      556                           
    Other dev       32        8       20        0      580                           
     .so mmap    10358      252     3560       21    48064                           
    .jar mmap     5336        0     1780        0    43996                           
    .apk mmap    57514     2620    47784        0    83856                           
    .ttf mmap     2235        0     1644        0     3556                           
    .dex mmap    35547    34768        8        0    38480                           
    .oat mmap       59        0        0        0     1460                           
    .art mmap     9544     8368      160       40    22664                           
   Other mmap    24769        4    19552        0    31096                           
   EGL mtrack    20311    20311        0        0    20311                           
    GL mtrack    32184    32184        0        0    32184                           
      Unknown    66681    66212      412        3    67348                           
        TOTAL   716250   605591    74984      129   861883   582557   477020    98675
 
 App Summary
                       Pss(KB)                        Rss(KB)
                        ------                         ------
           Java Heap:    41064                          61440
         Native Heap:   395192                         396544
                Code:    92916                         238792
               Stack:     4184                           4192
            Graphics:    52495                          52495
       Private Other:    94724
              System:    35675
             Unknown:                                  108420
 
           TOTAL PSS:   716250            TOTAL RSS:   861883       TOTAL SWAP PSS:      129
 
 Objects
               Views:      384         ViewRootImpl:        1
         AppContexts:       16           Activities:        1
              Assets:       41        AssetManagers:        0
       Local Binders:       24        Proxy Binders:       68
       Parcel memory:       25         Parcel count:       84
    Death Recipients:        0             WebViews:        0
 
 Native Allocations
                         Count                       Total(kB)
                        ------                         ------
    Other (malloced):     2780                            264
 Other (nonmalloced):      111                             77
   Bitmap (malloced):       15                           7507
 
 SQL
         MEMORY_USED:     2522
  PAGECACHE_OVERFLOW:     2332          MALLOC_SIZE:     3735
 
 DATABASES
      pgsz     dbsz   Lookaside(b) cache hits cache misses cache size  Dbname
PER CONNECTION STATS
         4    14364             95  1744  1911    25  /data/user/0/com.arcfire.online/databases/firestore.%5BDEFAULT%5D.arcfire-49d69.%28default%29
         4     1264             70  3122  2285     5  /data/user/0/com.arcfire.online/databases/RKStorage
POOL STATS
     cache hits  cache misses    cache size  Dbname
           1744          1912          3656  /data/user/0/com.arcfire.online/databases/firestore.%5BDEFAULT%5D.arcfire-49d69.%28default%29
           3122          2286          5408  /data/user/0/com.arcfire.online/databases/RKStorage

VmRSS:	  837004 kB
VmSwap:	   15608 kB
Threads:	111

===== 2026-07-11 08:02:46 pid=18506 =====
Applications Memory Usage (in Kilobytes):
Uptime: 67913990 Realtime: 75742129

** MEMINFO in pid 18506 [com.arcfire.online] **
                   Pss  Private  Private  SwapPss      Rss     Heap     Heap     Heap
                 Total    Dirty    Clean    Dirty    Total     Size    Alloc     Free
                ------   ------   ------   ------   ------   ------   ------   ------
  Native Heap   395683   395636       32       42   396988   548688   459587    82312
  Dalvik Heap    28906    27724       32       23    33964    28143    14072    14071
 Dalvik Other    18517     9068        0        0    28336                           
        Stack     4188     4188        0        0     4196                           
       Ashmem        9        0        0        0      556                           
    Other dev       32        8       20        0      580                           
     .so mmap    10358      252     3560       21    48064                           
    .jar mmap     5322        0     1764        0    43996                           
    .apk mmap    57488     2620    47764        0    83856                           
    .ttf mmap     2233        0     1640        0     3556                           
    .dex mmap    35539    34768        0        0    38480                           
    .oat mmap       59        0        0        0     1460                           
    .art mmap     9544     8368      160       40    22664                           
   Other mmap    24785       20    19552        0    31112                           
   EGL mtrack    41631    41631        0        0    41631                           
    GL mtrack    30764    30764        0        0    30764                           
      Unknown    66893    66400      436        3    67560                           
        TOTAL   732080   621447    74960      129   877763   576831   473659    96383
 
 App Summary
                       Pss(KB)                        Rss(KB)
                        ------                         ------
           Java Heap:    36252                          56628
         Native Heap:   395636                         396988
                Code:    92868                         238792
               Stack:     4188                           4196
            Graphics:    72395                          72395
       Private Other:    95068
              System:    35673
             Unknown:                                  108764
 
           TOTAL PSS:   732080            TOTAL RSS:   877763       TOTAL SWAP PSS:      129
 
 Objects
               Views:      403         ViewRootImpl:        1
         AppContexts:       16           Activities:        1
              Assets:       41        AssetManagers:        0
       Local Binders:       24        Proxy Binders:       68
       Parcel memory:       25         Parcel count:       84
    Death Recipients:        0             WebViews:        0
 
 Native Allocations
                         Count                       Total(kB)
                        ------                         ------
    Other (malloced):     2873                            273
 Other (nonmalloced):      111                             77
   Bitmap (malloced):       15                           7507
 
 SQL
         MEMORY_USED:     2522
  PAGECACHE_OVERFLOW:     2332          MALLOC_SIZE:     3735
 
 DATABASES
      pgsz     dbsz   Lookaside(b) cache hits cache misses cache size  Dbname
PER CONNECTION STATS
         4    14364             95  1744  1971    25  /data/user/0/com.arcfire.online/databases/firestore.%5BDEFAULT%5D.arcfire-49d69.%28default%29
         4     1264             70  3122  2297     5  /data/user/0/com.arcfire.online/databases/RKStorage
POOL STATS
     cache hits  cache misses    cache size  Dbname
           1744          1972          3716  /data/user/0/com.arcfire.online/databases/firestore.%5BDEFAULT%5D.arcfire-49d69.%28default%29
           3122          2298          5420  /data/user/0/com.arcfire.online/databases/RKStorage

VmRSS:	  833068 kB
VmSwap:	   15608 kB
Threads:	111

===== 2026-07-11 08:18:08 pid=18506 =====
Applications Memory Usage (in Kilobytes):
Uptime: 68835294 Realtime: 76663433

** MEMINFO in pid 18506 [com.arcfire.online] **
                   Pss  Private  Private  SwapPss      Rss     Heap     Heap     Heap
                 Total    Dirty    Clean    Dirty    Total     Size    Alloc     Free
                ------   ------   ------   ------   ------   ------   ------   ------
  Native Heap   397695   397648       32       42   399000   548672   461173    80969
  Dalvik Heap    25450    24268       32       23    30508    28746    14373    14373
 Dalvik Other    18309     8860        0        0    28128                           
        Stack     4424     4424        0        0     4432                           
       Ashmem        9        0        0        0      556                           
    Other dev       32        8       20        0      580                           
     .so mmap    10358      252     3560       21    48064                           
    .jar mmap     5322        0     1764        0    43996                           
    .apk mmap    57488     2620    47764        0    83856                           
    .ttf mmap     2233        0     1640        0     3556                           
    .dex mmap    35539    34768        0        0    38480                           
    .oat mmap       59        0        0        0     1460                           
    .art mmap     9544     8368      160       40    22664                           
   Other mmap    24769        4    19552        0    31096                           
   EGL mtrack    20311    20311        0        0    20311                           
    GL mtrack    32184    32184        0        0    32184                           
      Unknown    67145    66644      444        3    67812                           
        TOTAL   711000   600359    74968      129   856683   577418   475546    95342
 
 App Summary
                       Pss(KB)                        Rss(KB)
                        ------                         ------
           Java Heap:    32796                          53172
         Native Heap:   397648                         399000
                Code:    92868                         238792
               Stack:     4424                           4432
            Graphics:    52495                          52495
       Private Other:    95096
              System:    35673
             Unknown:                                  108792
 
           TOTAL PSS:   711000            TOTAL RSS:   856683       TOTAL SWAP PSS:      129
 
 Objects
               Views:      384         ViewRootImpl:        1
         AppContexts:       16           Activities:        1
              Assets:       41        AssetManagers:        0
       Local Binders:       24        Proxy Binders:       68
       Parcel memory:       26         Parcel count:       88
    Death Recipients:        0             WebViews:        0
 
 Native Allocations
                         Count                       Total(kB)
                        ------                         ------
    Other (malloced):     2780                            264
 Other (nonmalloced):      111                             77
   Bitmap (malloced):       15                           7507
 
 SQL
         MEMORY_USED:     2427
  PAGECACHE_OVERFLOW:     2238          MALLOC_SIZE:     3735
 
 DATABASES
      pgsz     dbsz   Lookaside(b) cache hits cache misses cache size  Dbname
PER CONNECTION STATS
         4    14364            116  1778  2062    25  /data/user/0/com.arcfire.online/databases/firestore.%5BDEFAULT%5D.arcfire-49d69.%28default%29
         4     1264             70  3132  2326     5  /data/user/0/com.arcfire.online/databases/RKStorage
POOL STATS
     cache hits  cache misses    cache size  Dbname
           1778          2063          3841  /data/user/0/com.arcfire.online/databases/firestore.%5BDEFAULT%5D.arcfire-49d69.%28default%29
           3132          2327          5459  /data/user/0/com.arcfire.online/databases/RKStorage

VmRSS:	  834348 kB
VmSwap:	   15608 kB
Threads:	117

===== 2026-07-11 08:33:28 pid=18506 =====
Applications Memory Usage (in Kilobytes):
Uptime: 69755846 Realtime: 77583986

** MEMINFO in pid 18506 [com.arcfire.online] **
                   Pss  Private  Private  SwapPss      Rss     Heap     Heap     Heap
                 Total    Dirty    Clean    Dirty    Total     Size    Alloc     Free
                ------   ------   ------   ------   ------   ------   ------   ------
  Native Heap   395207   395160       32       42   396512   549216   456683    86134
  Dalvik Heap    28778    27596       32       23    33836    27202    13601    13601
 Dalvik Other    18501     9048        0        0    28324                           
        Stack     4260     4260        0        0     4268                           
       Ashmem        9        0        0        0      556                           
    Other dev       32        8       20        0      580                           
     .so mmap    10323      252     3536       21    48012                           
    .jar mmap     5322        0     1764        0    43992                           
    .apk mmap    57443     2620    47720        0    83808                           
    .ttf mmap     2132        0     1540        0     3452                           
    .dex mmap    35539    34768        0        0    38480                           
    .oat mmap       59        0        0        0     1460                           
    .art mmap     9544     8368      160       40    22664                           
   Other mmap    24767       16    19536        0    31096                           
   EGL mtrack    35131    35131        0        0    35131                           
    GL mtrack    32448    32448        0        0    32448                           
      Unknown    67317    66884      376        3    67984                           
        TOTAL   726941   616559    74716      129   872603   576418   470284    99735
 
 App Summary
                       Pss(KB)                        Rss(KB)
                        ------                         ------
           Java Heap:    36124                          56500
         Native Heap:   395160                         396512
                Code:    92700                         238592
               Stack:     4260                           4268
            Graphics:    67579                          67579
       Private Other:    95452
              System:    35666
             Unknown:                                  109152
 
           TOTAL PSS:   726941            TOTAL RSS:   872603       TOTAL SWAP PSS:      129
 
 Objects
               Views:      409         ViewRootImpl:        1
         AppContexts:       16           Activities:        1
              Assets:       41        AssetManagers:        0
       Local Binders:       24        Proxy Binders:       68
       Parcel memory:       25         Parcel count:       84
    Death Recipients:        0             WebViews:        0
 
 Native Allocations
                         Count                       Total(kB)
                        ------                         ------
    Other (malloced):     2897                            275
 Other (nonmalloced):      111                             77
   Bitmap (malloced):       15                           7507
 
 SQL
         MEMORY_USED:     2427
  PAGECACHE_OVERFLOW:     2238          MALLOC_SIZE:     3735
 
 DATABASES
      pgsz     dbsz   Lookaside(b) cache hits cache misses cache size  Dbname
PER CONNECTION STATS
         4    14364            116  1778  2113    25  /data/user/0/com.arcfire.online/databases/firestore.%5BDEFAULT%5D.arcfire-49d69.%28default%29
         4     1264             70  3132  2329     5  /data/user/0/com.arcfire.online/databases/RKStorage
POOL STATS
     cache hits  cache misses    cache size  Dbname
           1778          2114          3892  /data/user/0/com.arcfire.online/databases/firestore.%5BDEFAULT%5D.arcfire-49d69.%28default%29
           3132          2330          5462  /data/user/0/com.arcfire.online/databases/RKStorage

VmRSS:	  835296 kB
VmSwap:	   15608 kB
Threads:	112

===== 2026-07-11 08:48:49 pid=18506 =====
Applications Memory Usage (in Kilobytes):
Uptime: 70678183 Realtime: 78506322

** MEMINFO in pid 18506 [com.arcfire.online] **
                   Pss  Private  Private  SwapPss      Rss     Heap     Heap     Heap
                 Total    Dirty    Clean    Dirty    Total     Size    Alloc     Free
                ------   ------   ------   ------   ------   ------   ------   ------
  Native Heap   390999   390952       32       42   392304   549456   451891    91082
  Dalvik Heap    31466    30284       32       23    36524    34567    17284    17283
 Dalvik Other    18367     8912        0        0    28192                           
        Stack     4176     4176        0        0     4184                           
       Ashmem        9        0        0        0      556                           
    Other dev       32        8       20        0      580                           
     .so mmap    10323      252     3536       21    48012                           
    .jar mmap     5315        0     1764        0    43992                           
    .apk mmap    57443     2620    47720        0    83808                           
    .ttf mmap     2132        0     1540        0     3452                           
    .dex mmap    35539    34768        0        0    38480                           
    .oat mmap       59        0        0        0     1460                           
    .art mmap     9544     8368      160       40    22664                           
   Other mmap    24757        4    19536        0    31088                           
   EGL mtrack    20311    20311        0        0    20311                           
    GL mtrack    30132    30132        0        0    30132                           
      Unknown    67477    67032      388        3    68144                           
        TOTAL   708210   597819    74728      129   853883   584023   469175   108365
 
 App Summary
                       Pss(KB)                        Rss(KB)
                        ------                         ------
           Java Heap:    38812                          59188
         Native Heap:   390952                         392304
                Code:    92700                         238596
               Stack:     4176                           4184
            Graphics:    50443                          50443
       Private Other:    95464
              System:    35663
             Unknown:                                  109168
 
           TOTAL PSS:   708210            TOTAL RSS:   853883       TOTAL SWAP PSS:      129
 
 Objects
               Views:      384         ViewRootImpl:        1
         AppContexts:       16           Activities:        1
              Assets:       41        AssetManagers:        0
       Local Binders:       24        Proxy Binders:       68
       Parcel memory:       25         Parcel count:       82
    Death Recipients:        0             WebViews:        0
 
 Native Allocations
                         Count                       Total(kB)
                        ------                         ------
    Other (malloced):     2780                            264
 Other (nonmalloced):      111                             77
   Bitmap (malloced):       15                           7507
 
 SQL
         MEMORY_USED:     2427
  PAGECACHE_OVERFLOW:     2238          MALLOC_SIZE:     3735
 
 DATABASES
      pgsz     dbsz   Lookaside(b) cache hits cache misses cache size  Dbname
PER CONNECTION STATS
         4    14364            116  1778  2164    25  /data/user/0/com.arcfire.online/databases/firestore.%5BDEFAULT%5D.arcfire-49d69.%28default%29
         4     1264             70  3132  2332     5  /data/user/0/com.arcfire.online/databases/RKStorage
POOL STATS
     cache hits  cache misses    cache size  Dbname
           1778          2165          3943  /data/user/0/com.arcfire.online/databases/firestore.%5BDEFAULT%5D.arcfire-49d69.%28default%29
           3132          2333          5465  /data/user/0/com.arcfire.online/databases/RKStorage

VmRSS:	  831008 kB
VmSwap:	   15608 kB
Threads:	111

===== 2026-07-11 09:04:12 pid=18506 =====
Applications Memory Usage (in Kilobytes):
Uptime: 71598997 Realtime: 79427136

** MEMINFO in pid 18506 [com.arcfire.online] **
                   Pss  Private  Private  SwapPss      Rss     Heap     Heap     Heap
                 Total    Dirty    Clean    Dirty    Total     Size    Alloc     Free
                ------   ------   ------   ------   ------   ------   ------   ------
  Native Heap   395767   395720       32       42   397072   550236   457411    86194
  Dalvik Heap    23818    22636       32       23    28876    28327    14164    14163
 Dalvik Other    18361     8904        0        0    28188                           
        Stack     4176     4176        0        0     4184                           
       Ashmem        9        0        0        0      556                           
    Other dev       32        8       20        0      580                           
     .so mmap    10323      252     3536       21    48012                           
    .jar mmap     5294        0     1752        0    43992                           
    .apk mmap    57441     2620    47720        0    83808                           
    .ttf mmap     2132        0     1540        0     3452                           
    .dex mmap    35539    34768        0        0    38480                           
    .oat mmap       59        0        0        0     1460                           
    .art mmap     9542     8368      160       41    22664                           
   Other mmap    24795       16    19560        0    31128                           
   EGL mtrack    35131    35131        0        0    35131                           
    GL mtrack    30424    30424        0        0    30424                           
      Unknown    68049    67596      396        3    68716                           
        TOTAL   721022   610619    74748      130   866723   578563   471575   100357
 
 App Summary
                       Pss(KB)                        Rss(KB)
                        ------                         ------
           Java Heap:    31164                          51540
         Native Heap:   395720                         397072
                Code:    92700                         238612
               Stack:     4176                           4184
            Graphics:    65555                          65555
       Private Other:    96052
              System:    35655
             Unknown:                                  109760
 
           TOTAL PSS:   721022            TOTAL RSS:   866723       TOTAL SWAP PSS:      130
 
 Objects
               Views:      403         ViewRootImpl:        1
         AppContexts:       16           Activities:        1
              Assets:       41        AssetManagers:        0
       Local Binders:       24        Proxy Binders:       68
       Parcel memory:       25         Parcel count:       82
    Death Recipients:        0             WebViews:        0
 
 Native Allocations
                         Count                       Total(kB)
                        ------                         ------
    Other (malloced):     2873                            273
 Other (nonmalloced):      111                             77
   Bitmap (malloced):       15                           7507
 
 SQL
         MEMORY_USED:     2427
  PAGECACHE_OVERFLOW:     2238          MALLOC_SIZE:     3735
 
 DATABASES
      pgsz     dbsz   Lookaside(b) cache hits cache misses cache size  Dbname
PER CONNECTION STATS
         4    14364            116  1778  2217    25  /data/user/0/com.arcfire.online/databases/firestore.%5BDEFAULT%5D.arcfire-49d69.%28default%29
         4     1264             70  3132  2335     5  /data/user/0/com.arcfire.online/databases/RKStorage
POOL STATS
     cache hits  cache misses    cache size  Dbname
           1778          2218          3996  /data/user/0/com.arcfire.online/databases/firestore.%5BDEFAULT%5D.arcfire-49d69.%28default%29
           3132          2336          5468  /data/user/0/com.arcfire.online/databases/RKStorage

VmRSS:	  833900 kB
VmSwap:	   15608 kB
Threads:	111

===== 2026-07-11 09:19:32 pid=18506 =====
Applications Memory Usage (in Kilobytes):
Uptime: 72519755 Realtime: 80347894

** MEMINFO in pid 18506 [com.arcfire.online] **
                   Pss  Private  Private  SwapPss      Rss     Heap     Heap     Heap
                 Total    Dirty    Clean    Dirty    Total     Size    Alloc     Free
                ------   ------   ------   ------   ------   ------   ------   ------
  Native Heap   396303   396256       32       42   397608   550464   458269    85426
  Dalvik Heap    31058    29876       32       23    36116    32026    16018    16008
 Dalvik Other    18691     9232        0        0    28520                           
        Stack     4208     4208        0        0     4216                           
       Ashmem        9        0        0        0      556                           
    Other dev       32        8       20        0      580                           
     .so mmap    10323      252     3536       21    48012                           
    .jar mmap     5290        0     1744        0    43992                           
    .apk mmap    57439     2620    47716        0    83808                           
    .ttf mmap     2132        0     1540        0     3452                           
    .dex mmap    35539    34768        0        0    38480                           
    .oat mmap       59        0        0        0     1460                           
    .art mmap     9542     8368      160       41    22664                           
   Other mmap    24787        4    19560        0    31124                           
   EGL mtrack    20311    20311        0        0    20311                           
    GL mtrack    30128    30128        0        0    30128                           
      Unknown    68533    68088      388        3    69200                           
        TOTAL   714514   604119    74728      130   860227   582490   474287   101434
 
 App Summary
                       Pss(KB)                        Rss(KB)
                        ------                         ------
           Java Heap:    38404                          58780
         Native Heap:   396256                         397608
                Code:    92688                         238616
               Stack:     4208                           4216
            Graphics:    50439                          50439
       Private Other:    96852
              System:    35667
             Unknown:                                  110568
 
           TOTAL PSS:   714514            TOTAL RSS:   860227       TOTAL SWAP PSS:      130
 
 Objects
               Views:      378         ViewRootImpl:        1
         AppContexts:       16           Activities:        1
              Assets:       41        AssetManagers:        0
       Local Binders:       24        Proxy Binders:       68
       Parcel memory:       25         Parcel count:       82
    Death Recipients:        0             WebViews:        0
 
 Native Allocations
                         Count                       Total(kB)
                        ------                         ------
    Other (malloced):     2756                            262
 Other (nonmalloced):      111                             77
   Bitmap (malloced):       15                           7507
 
 SQL
         MEMORY_USED:     2427
  PAGECACHE_OVERFLOW:     2238          MALLOC_SIZE:     3735
 
 DATABASES
      pgsz     dbsz   Lookaside(b) cache hits cache misses cache size  Dbname
PER CONNECTION STATS
         4    14364            116  1778  2268    25  /data/user/0/com.arcfire.online/databases/firestore.%5BDEFAULT%5D.arcfire-49d69.%28default%29
         4     1264             70  3134  2340     5  /data/user/0/com.arcfire.online/databases/RKStorage
POOL STATS
     cache hits  cache misses    cache size  Dbname
           1778          2269          4047  /data/user/0/com.arcfire.online/databases/firestore.%5BDEFAULT%5D.arcfire-49d69.%28default%29
           3134          2341          5475  /data/user/0/com.arcfire.online/databases/RKStorage

VmRSS:	  840060 kB
VmSwap:	   15608 kB
Threads:	113

===== 2026-07-11 09:34:53 pid=18506 =====
Applications Memory Usage (in Kilobytes):
Uptime: 73440282 Realtime: 81268421

** MEMINFO in pid 18506 [com.arcfire.online] **
                   Pss  Private  Private  SwapPss      Rss     Heap     Heap     Heap
                 Total    Dirty    Clean    Dirty    Total     Size    Alloc     Free
                ------   ------   ------   ------   ------   ------   ------   ------
  Native Heap   394867   394820       32       42   396172   550988   456879    87518
  Dalvik Heap    23806    22624       32       23    28864    29143    14572    14571
 Dalvik Other    18329     8868        0        0    28160                           
        Stack     4200     4200        0        0     4208                           
       Ashmem        9        0        0        0      556                           
    Other dev       32        8       20        0      580                           
     .so mmap    10323      252     3536       21    48012                           
    .jar mmap     5290        0     1744        0    43992                           
    .apk mmap    57440     2620    47716        0    83812                           
    .ttf mmap     2132        0     1540        0     3452                           
    .dex mmap    35539    34768        0        0    38480                           
    .oat mmap       59        0        0        0     1460                           
    .art mmap     9542     8368      160       41    22664                           
   Other mmap    24801       16    19560        0    31140                           
   EGL mtrack    35131    35131        0        0    35131                           
    GL mtrack    30404    30404        0        0    30404                           
      Unknown    69169    68692      420        3    69836                           
        TOTAL   721203   610771    74760      130   866923   580131   471451   102089
 
 App Summary
                       Pss(KB)                        Rss(KB)
                        ------                         ------
           Java Heap:    31152                          51528
         Native Heap:   394820                         396172
                Code:    92688                         238624
               Stack:     4200                           4208
            Graphics:    65535                          65535
       Private Other:    97136
              System:    35672
             Unknown:                                  110856
 
           TOTAL PSS:   721203            TOTAL RSS:   866923       TOTAL SWAP PSS:      130
 
 Objects
               Views:      399         ViewRootImpl:        1
         AppContexts:       16           Activities:        1
              Assets:       41        AssetManagers:        0
       Local Binders:       24        Proxy Binders:       68
       Parcel memory:       26         Parcel count:       86
    Death Recipients:        0             WebViews:        0
 
 Native Allocations
                         Count                       Total(kB)
                        ------                         ------
    Other (malloced):     2860                            272
 Other (nonmalloced):      111                             77
   Bitmap (malloced):       15                           7507
 
 SQL
         MEMORY_USED:     2427
  PAGECACHE_OVERFLOW:     2238          MALLOC_SIZE:     3735
 
 DATABASES
      pgsz     dbsz   Lookaside(b) cache hits cache misses cache size  Dbname
PER CONNECTION STATS
         4    14364            116  1778  2319    25  /data/user/0/com.arcfire.online/databases/firestore.%5BDEFAULT%5D.arcfire-49d69.%28default%29
         4     1264             70  3134  2343     5  /data/user/0/com.arcfire.online/databases/RKStorage
POOL STATS
     cache hits  cache misses    cache size  Dbname
           1778          2320          4098  /data/user/0/com.arcfire.online/databases/firestore.%5BDEFAULT%5D.arcfire-49d69.%28default%29
           3134          2344          5478  /data/user/0/com.arcfire.online/databases/RKStorage

VmRSS:	  835304 kB
VmSwap:	   15608 kB
Threads:	112

===== 2026-07-11 09:50:15 pid=18506 =====
Applications Memory Usage (in Kilobytes):
Uptime: 74365570 Realtime: 82193709

** MEMINFO in pid 18506 [com.arcfire.online] **
                   Pss  Private  Private  SwapPss      Rss     Heap     Heap     Heap
                 Total    Dirty    Clean    Dirty    Total     Size    Alloc     Free
                ------   ------   ------   ------   ------   ------   ------   ------
  Native Heap   418548   418500       32       42   419848   572188   484520    80842
  Dalvik Heap    32291    31108       32       23    37340    31235    15618    15617
 Dalvik Other    18725     9116        0        0    28704                           
        Stack     4236     4236        0        0     4244                           
       Ashmem        9        0        0        0      556                           
    Other dev       32        8       20        0      580                           
     .so mmap     9707      252     3416       21    46576                           
    .jar mmap     5242        0     1716        0    43800                           
    .apk mmap    57256     2620    47536        0    82668                           
    .ttf mmap     2322        0     1840        0     3528                           
    .dex mmap    35538    34768        0        0    38456                           
    .oat mmap       62        0        0        0     1452                           
    .art mmap     9547     8368      160       41    22668                           
   Other mmap    25651       20    20320        0    32056                           
   EGL mtrack    41631    41631        0        0    41631                           
    GL mtrack    41956    41956        0        0    41956                           
      Unknown    70462    69992      412        3    71128                           
        TOTAL   773345   662575    75484      130   917191   603423   500138    96459
 
 App Summary
                       Pss(KB)                        Rss(KB)
                        ------                         ------
           Java Heap:    39636                          60008
         Native Heap:   418500                         419848
                Code:    92640                         236172
               Stack:     4236                           4244
            Graphics:    83587                          83587
       Private Other:    99460
              System:    35286
             Unknown:                                  113332
 
           TOTAL PSS:   773345            TOTAL RSS:   917191       TOTAL SWAP PSS:      130
 
 Objects
               Views:      384         ViewRootImpl:        1
         AppContexts:       16           Activities:        1
              Assets:       41        AssetManagers:        0
       Local Binders:       25        Proxy Binders:       69
       Parcel memory:       26         Parcel count:       86
    Death Recipients:        0             WebViews:        0
 
 Native Allocations
                         Count                       Total(kB)
                        ------                         ------
    Other (malloced):     2871                            273
 Other (nonmalloced):      114                             80
   Bitmap (malloced):       15                           7507
 
 SQL
         MEMORY_USED:     2214
  PAGECACHE_OVERFLOW:     2025          MALLOC_SIZE:     3735
 
 DATABASES
      pgsz     dbsz   Lookaside(b) cache hits cache misses cache size  Dbname
PER CONNECTION STATS
         4    14364            116  1910  2402    25  /data/user/0/com.arcfire.online/databases/firestore.%5BDEFAULT%5D.arcfire-49d69.%28default%29
         4     1260             70  3246  2450     5  /data/user/0/com.arcfire.online/databases/RKStorage
POOL STATS
     cache hits  cache misses    cache size  Dbname
           1910          2403          4313  /data/user/0/com.arcfire.online/databases/firestore.%5BDEFAULT%5D.arcfire-49d69.%28default%29
           3246          2451          5697  /data/user/0/com.arcfire.online/databases/RKStorage

VmRSS:	  877552 kB
VmSwap:	   15608 kB
Threads:	113

===== 2026-07-11 10:05:40 pid=18506 =====
Applications Memory Usage (in Kilobytes):
Uptime: 75287917 Realtime: 83116056

** MEMINFO in pid 18506 [com.arcfire.online] **
                   Pss  Private  Private  SwapPss      Rss     Heap     Heap     Heap
                 Total    Dirty    Clean    Dirty    Total     Size    Alloc     Free
                ------   ------   ------   ------   ------   ------   ------   ------
  Native Heap   419084   419036       32       42   420384   573312   481796    84420
  Dalvik Heap    35159    33976       32       23    40208    34988    17494    17494
 Dalvik Other    18567     8932        0        0    28572                           
        Stack     4204     4204        0        0     4212                           
       Ashmem        9        0        0        0      556                           
    Other dev       32        8       20        0      580                           
     .so mmap     9702      252     3408       21    46576                           
    .jar mmap     5242        0     1716        0    43800                           
    .apk mmap    57249     2620    47528        0    82668                           
    .ttf mmap     2322        0     1840        0     3528                           
    .dex mmap    35538    34768        0        0    38456                           
    .oat mmap       62        0        0        0     1452                           
    .art mmap     9547     8368      160       41    22668                           
   Other mmap    25640        4    20320        0    32052                           
   EGL mtrack    20311    20311        0        0    20311                           
    GL mtrack    41324    41324        0        0    41324                           
      Unknown    70794    70308      428        3    71460                           
        TOTAL   754916   644111    75484      130   898807   608300   499290   101914
 
 App Summary
                       Pss(KB)                        Rss(KB)
                        ------                         ------
           Java Heap:    42504                          62876
         Native Heap:   419036                         420384
                Code:    92624                         236224
               Stack:     4204                           4212
            Graphics:    61635                          61635
       Private Other:    99592
              System:    35321
             Unknown:                                  113476
 
           TOTAL PSS:   754916            TOTAL RSS:   898807       TOTAL SWAP PSS:      130
 
 Objects
               Views:      365         ViewRootImpl:        1
         AppContexts:       16           Activities:        1
              Assets:       41        AssetManagers:        0
       Local Binders:       25        Proxy Binders:       69
       Parcel memory:       26         Parcel count:       86
    Death Recipients:        0             WebViews:        0
 
 Native Allocations
                         Count                       Total(kB)
                        ------                         ------
    Other (malloced):     2787                            265
 Other (nonmalloced):      114                             80
   Bitmap (malloced):       15                           7507
 
 SQL
         MEMORY_USED:     2214
  PAGECACHE_OVERFLOW:     2025          MALLOC_SIZE:     3735
 
 DATABASES
      pgsz     dbsz   Lookaside(b) cache hits cache misses cache size  Dbname
PER CONNECTION STATS
         4    14364            116  2262  2533    25  /data/user/0/com.arcfire.online/databases/firestore.%5BDEFAULT%5D.arcfire-49d69.%28default%29
         4     1260             70  3510  2701     5  /data/user/0/com.arcfire.online/databases/RKStorage
POOL STATS
     cache hits  cache misses    cache size  Dbname
           2262          2534          4796  /data/user/0/com.arcfire.online/databases/firestore.%5BDEFAULT%5D.arcfire-49d69.%28default%29
           3510          2702          6212  /data/user/0/com.arcfire.online/databases/RKStorage

VmRSS:	  872100 kB
VmSwap:	   15608 kB
Threads:	113

===== 2026-07-11 10:21:02 pid=18506 =====
Applications Memory Usage (in Kilobytes):
Uptime: 76209928 Realtime: 84038067

** MEMINFO in pid 18506 [com.arcfire.online] **
                   Pss  Private  Private  SwapPss      Rss     Heap     Heap     Heap
                 Total    Dirty    Clean    Dirty    Total     Size    Alloc     Free
                ------   ------   ------   ------   ------   ------   ------   ------
  Native Heap   417673   417624       32       42   418972   573584   479846    86697
  Dalvik Heap    41105    39920       32       23    46152    42228    21117    21111
 Dalvik Other    18807     9164        0        0    28820                           
        Stack     4276     4276        0        0     4284                           
       Ashmem       10        0        0        0      556                           
    Other dev       34        8       20        0      580                           
     .so mmap    10433      252     3600       21    46576                           
    .jar mmap     5573        0     1964        0    43800                           
    .apk mmap    58019     2620    47924        0    82668                           
    .ttf mmap     2338        0     1856        0     3544                           
    .dex mmap    35554    34768        0        0    38456                           
    .oat mmap       65        0        0        0     1452                           
    .art mmap     9558     8368      168       42    22668                           
   Other mmap    25692        4    20376        0    32068                           
   EGL mtrack    20311    20311        0        0    20311                           
    GL mtrack    36248    36248        0        0    36248                           
      Unknown    71328    70844      424        4    71988                           
        TOTAL   757156   644407    76396      132   899143   615812   500963   107808
 
 App Summary
                       Pss(KB)                        Rss(KB)
                        ------                         ------
           Java Heap:    48456                          68820
         Native Heap:   417624                         418972
                Code:    93476                         236256
               Stack:     4276                           4284
            Graphics:    56559                          56559
       Private Other:   100412
              System:    36353
             Unknown:                                  114252
 
           TOTAL PSS:   757156            TOTAL RSS:   899143       TOTAL SWAP PSS:      132
 
 Objects
               Views:      365         ViewRootImpl:        1
         AppContexts:       16           Activities:        1
              Assets:       41        AssetManagers:        0
       Local Binders:       25        Proxy Binders:       69
       Parcel memory:       26         Parcel count:       86
    Death Recipients:        0             WebViews:        0
 
 Native Allocations
                         Count                       Total(kB)
                        ------                         ------
    Other (malloced):     2785                            265
 Other (nonmalloced):      114                             80
   Bitmap (malloced):       15                           7507
 
 SQL
         MEMORY_USED:     2214
  PAGECACHE_OVERFLOW:     2025          MALLOC_SIZE:     3735
 
 DATABASES
      pgsz     dbsz   Lookaside(b) cache hits cache misses cache size  Dbname
PER CONNECTION STATS
         4    14364            116  2614  2672    25  /data/user/0/com.arcfire.online/databases/firestore.%5BDEFAULT%5D.arcfire-49d69.%28default%29
         4     1260             70  3774  2952     5  /data/user/0/com.arcfire.online/databases/RKStorage
POOL STATS
     cache hits  cache misses    cache size  Dbname
           2614          2673          5287  /data/user/0/com.arcfire.online/databases/firestore.%5BDEFAULT%5D.arcfire-49d69.%28default%29
           3774          2953          6727  /data/user/0/com.arcfire.online/databases/RKStorage

VmRSS:	  875852 kB
VmSwap:	   15608 kB
Threads:	113

===== 2026-07-11 10:36:24 pid=18506 =====
Applications Memory Usage (in Kilobytes):
Uptime: 77131440 Realtime: 84959580

** MEMINFO in pid 18506 [com.arcfire.online] **
                   Pss  Private  Private  SwapPss      Rss     Heap     Heap     Heap
                 Total    Dirty    Clean    Dirty    Total     Size    Alloc     Free
                ------   ------   ------   ------   ------   ------   ------   ------
  Native Heap   421468   421420       32       42   422768   574080   475611    91368
  Dalvik Heap    34426    33244       32       23    39476    35671    17836    17835
 Dalvik Other    18803     9160        0        0    28816                           
        Stack     4240     4240        0        0     4248                           
       Ashmem        9        0        0        0      556                           
    Other dev       34        8       20        0      580                           
     .so mmap    10343      252     3560       21    46576                           
    .jar mmap     5430        0     1880        0    43800                           
    .apk mmap    57997     2620    47900        0    82668                           
    .ttf mmap     2300        0     1792        0     3544                           
    .dex mmap    35552    34768        0        0    38456                           
    .oat mmap       62        0        0        0     1452                           
    .art mmap     9552     8368      164       40    22668                           
   Other mmap    25688        4    20376        0    32068                           
   EGL mtrack    20311    20311        0        0    20311                           
    GL mtrack    38300    38300        0        0    38300                           
      Unknown    71692    71216      416        3    72352                           
        TOTAL   756336   643911    76172      129   898639   609751   493447   109203
 
 App Summary
                       Pss(KB)                        Rss(KB)
                        ------                         ------
           Java Heap:    41776                          62144
         Native Heap:   421420                         422768
                Code:    93264                         236256
               Stack:     4240                           4248
            Graphics:    58611                          58611
       Private Other:   100772
              System:    36253
             Unknown:                                  114612
 
           TOTAL PSS:   756336            TOTAL RSS:   898639       TOTAL SWAP PSS:      129
 
 Objects
               Views:      365         ViewRootImpl:        1
         AppContexts:       16           Activities:        1
              Assets:       41        AssetManagers:        0
       Local Binders:       25        Proxy Binders:       69
       Parcel memory:       26         Parcel count:       86
    Death Recipients:        0             WebViews:        0
 
 Native Allocations
                         Count                       Total(kB)
                        ------                         ------
    Other (malloced):     2785                            265
 Other (nonmalloced):      114                             80
   Bitmap (malloced):       15                           7507
 
 SQL
         MEMORY_USED:     2214
  PAGECACHE_OVERFLOW:     2025          MALLOC_SIZE:     3735
 
 DATABASES
      pgsz     dbsz   Lookaside(b) cache hits cache misses cache size  Dbname
PER CONNECTION STATS
         4    14364            116  2614  2723    25  /data/user/0/com.arcfire.online/databases/firestore.%5BDEFAULT%5D.arcfire-49d69.%28default%29
         4     1260             70  3774  2955     5  /data/user/0/com.arcfire.online/databases/RKStorage
POOL STATS
     cache hits  cache misses    cache size  Dbname
           2614          2724          5338  /data/user/0/com.arcfire.online/databases/firestore.%5BDEFAULT%5D.arcfire-49d69.%28default%29
           3774          2956          6730  /data/user/0/com.arcfire.online/databases/RKStorage

VmRSS:	  874648 kB
VmSwap:	   15608 kB
Threads:	112

===== 2026-07-11 10:51:45 pid=18506 =====
Applications Memory Usage (in Kilobytes):
Uptime: 78052982 Realtime: 85881121

** MEMINFO in pid 18506 [com.arcfire.online] **
                   Pss  Private  Private  SwapPss      Rss     Heap     Heap     Heap
                 Total    Dirty    Clean    Dirty    Total     Size    Alloc     Free
                ------   ------   ------   ------   ------   ------   ------   ------
  Native Heap   438740   438692       32       42   440040   647832   544831    95866
  Dalvik Heap    34878    33696       32       23    39928    39551    19776    19775
 Dalvik Other    18865     9192        0        0    28908                           
        Stack     4284     4284        0        0     4292                           
       Ashmem        9        0        0        0      556                           
    Other dev       34        8       20        0      580                           
     .so mmap     8802      252     3408       21    42564                           
    .jar mmap     5139        0     1692        0    42796                           
    .apk mmap    48958     2620    38768        0    73432                           
    .ttf mmap     2210        0     1732        0     3416                           
    .dex mmap    35551    34768        0        0    38448                           
    .oat mmap       63        0        0        0     1452                           
    .art mmap     9552     8368      164       40    22668                           
   Other mmap    10542        4     5224        0    16876                           
   EGL mtrack    20311    20311        0        0    20311                           
    GL mtrack   123140   123140        0        0   123140                           
      Unknown    72096    71604      432        3    72756                           
        TOTAL   833303   746939    51504      129   972163   687383   564607   115641
 
 App Summary
                       Pss(KB)                        Rss(KB)
                        ------                         ------
           Java Heap:    42228                          62596
         Native Heap:   438692                         440040
                Code:    83732                         221928
               Stack:     4284                           4292
            Graphics:   143451                         143451
       Private Other:    86056
              System:    34860
             Unknown:                                   99856
 
           TOTAL PSS:   833303            TOTAL RSS:   972163       TOTAL SWAP PSS:      129
 
 Objects
               Views:      579         ViewRootImpl:        1
         AppContexts:       16           Activities:        1
              Assets:       41        AssetManagers:        0
       Local Binders:       25        Proxy Binders:       69
       Parcel memory:       26         Parcel count:       86
    Death Recipients:        0             WebViews:        0
 
 Native Allocations
                         Count                       Total(kB)
                        ------                         ------
    Other (malloced):     5012                            478
 Other (nonmalloced):      114                             80
   Bitmap (malloced):        2                          81259
 
 SQL
         MEMORY_USED:     2214
  PAGECACHE_OVERFLOW:     2025          MALLOC_SIZE:     3735
 
 DATABASES
      pgsz     dbsz   Lookaside(b) cache hits cache misses cache size  Dbname
PER CONNECTION STATS
         4    14364            116  2658  2784    25  /data/user/0/com.arcfire.online/databases/firestore.%5BDEFAULT%5D.arcfire-49d69.%28default%29
         4     1260             70  3798  2980     5  /data/user/0/com.arcfire.online/databases/RKStorage
POOL STATS
     cache hits  cache misses    cache size  Dbname
           2658          2785          5443  /data/user/0/com.arcfire.online/databases/firestore.%5BDEFAULT%5D.arcfire-49d69.%28default%29
           3798          2981          6779  /data/user/0/com.arcfire.online/databases/RKStorage

VmRSS:	  952896 kB
VmSwap:	   15608 kB
Threads:	113

===== 2026-07-11 11:07:08 pid=11426 =====
Applications Memory Usage (in Kilobytes):
Uptime: 78976819 Realtime: 86804958

** MEMINFO in pid 11426 [com.arcfire.online] **
                   Pss  Private  Private  SwapPss      Rss     Heap     Heap     Heap
                 Total    Dirty    Clean    Dirty    Total     Size    Alloc     Free
                ------   ------   ------   ------   ------   ------   ------   ------
  Native Heap   322010   321960       36       41   323320   486704   449081    33302
  Dalvik Heap    37947    36764       32       22    43008    39597    19799    19798
 Dalvik Other    18097     8972        0        0    27592                           
        Stack     3972     3972        0        0     3980                           
       Ashmem        9        0        0        0      556                           
    Other dev       28        8       16        0      572                           
     .so mmap    18142      212    13988       20    49604                           
    .jar mmap     7066        0     3020        0    46768                           
    .apk mmap    60239     2620    49040        0    86176                           
    .ttf mmap     1978        0     1612        0     3004                           
    .dex mmap    35687    34768       76        0    38644                           
    .oat mmap       57        0        0        0     1496                           
    .art mmap     9544     8368      164       40    22660                           
   Other mmap    24971        4    19508        0    31684                           
   EGL mtrack    20311    20311        0        0    20311                           
    GL mtrack   141228   141228        0        0   141228                           
      Unknown    53283    52816      420        3    53936                           
        TOTAL   754695   632003    87912      126   894539   526301   468880    53100
 
 App Summary
                       Pss(KB)                        Rss(KB)
                        ------                         ------
           Java Heap:    45296                          65668
         Native Heap:   321960                         323320
                Code:   105700                         244288
               Stack:     3972                           3980
            Graphics:   161539                         161539
       Private Other:    81448
              System:    34780
             Unknown:                                   95744
 
           TOTAL PSS:   754695            TOTAL RSS:   894539       TOTAL SWAP PSS:      126
 
 Objects
               Views:      562         ViewRootImpl:        1
         AppContexts:       16           Activities:        1
              Assets:       41        AssetManagers:        0
       Local Binders:       26        Proxy Binders:       68
       Parcel memory:       25         Parcel count:       82
    Death Recipients:        0             WebViews:        0
 
 Native Allocations
                         Count                       Total(kB)
                        ------                         ------
    Other (malloced):     4920                            469
 Other (nonmalloced):      113                             78
   Bitmap (malloced):        2                          81259
 
 SQL
         MEMORY_USED:     1772
  PAGECACHE_OVERFLOW:     1602          MALLOC_SIZE:     3736
 
 DATABASES
      pgsz     dbsz   Lookaside(b) cache hits cache misses cache size  Dbname
PER CONNECTION STATS
         4    14364             89    66    75    25  /data/user/0/com.arcfire.online/databases/firestore.%5BDEFAULT%5D.arcfire-49d69.%28default%29
         4     1264             41   559   339     4  /data/user/0/com.arcfire.online/databases/RKStorage
POOL STATS
     cache hits  cache misses    cache size  Dbname
             66            76           142  /data/user/0/com.arcfire.online/databases/firestore.%5BDEFAULT%5D.arcfire-49d69.%28default%29
            559           340           899  /data/user/0/com.arcfire.online/databases/RKStorage

VmRSS:	  868668 kB
VmSwap:	   16064 kB
Threads:	94

===== 2026-07-11 11:22:35 pid=14204 =====
Applications Memory Usage (in Kilobytes):
Uptime: 79903027 Realtime: 87731167

** MEMINFO in pid 14204 [com.arcfire.online] **
                   Pss  Private  Private  SwapPss      Rss     Heap     Heap     Heap
                 Total    Dirty    Clean    Dirty    Total     Size    Alloc     Free
                ------   ------   ------   ------   ------   ------   ------   ------
  Native Heap    12803    12784       12       37    14160    22848    16215     2721
  Dalvik Heap    24458    24420        0       68    27496    35557    17779    17778
 Dalvik Other     9705     4500        0        0    15292                           
        Stack     1872     1872        0        0     1880                           
       Ashmem        8        0        0        0      544                           
    Other dev       16       12        4        0      556                           
     .so mmap     8718      196     5440       17    37188                           
    .jar mmap     2733        0      716        0    36540                           
    .apk mmap    20367     1160    18140        0    26028                           
    .ttf mmap      131        0        4        0      516                           
    .dex mmap    34775    34756        0        0    35560                           
    .oat mmap       19        0        0        0     1104                           
    .art mmap     8752     8156      100       54    20908                           
   Other mmap     2801        4        0        0     6356                           
   EGL mtrack    56383    56383        0        0    56383                           
    GL mtrack     6092     6092        0        0     6092                           
      Unknown      928      844       36        3     1616                           
        TOTAL   190740   151179    24452      179   288219    58405    33994    20499
 
 App Summary
                       Pss(KB)                        Rss(KB)
                        ------                         ------
           Java Heap:    32676                          48404
         Native Heap:    12784                          14160
                Code:    60716                         147644
               Stack:     1872                           1880
            Graphics:    62475                          62475
       Private Other:     5108
              System:    15109
             Unknown:                                   13656
 
           TOTAL PSS:   190740            TOTAL RSS:   288219       TOTAL SWAP PSS:      179
 
 Objects
               Views:       14         ViewRootImpl:        2
         AppContexts:       18           Activities:        1
              Assets:       40        AssetManagers:        0
       Local Binders:       25        Proxy Binders:       71
       Parcel memory:       15         Parcel count:       42
    Death Recipients:        2             WebViews:        0
 
 Native Allocations
                         Count                       Total(kB)
                        ------                         ------
    Other (malloced):      387                             35
 Other (nonmalloced):      112                             80
   Bitmap (malloced):        1                           1238
 
 SQL
         MEMORY_USED:        0
  PAGECACHE_OVERFLOW:        0          MALLOC_SIZE:       46
 

VmRSS:	  231008 kB
VmSwap:	   16172 kB
Threads:	58

===== 2026-07-11 11:38:00 pid=14204 =====
Applications Memory Usage (in Kilobytes):
Uptime: 80826966 Realtime: 88655106

** MEMINFO in pid 14204 [com.arcfire.online] **
                   Pss  Private  Private  SwapPss      Rss     Heap     Heap     Heap
                 Total    Dirty    Clean    Dirty    Total     Size    Alloc     Free
                ------   ------   ------   ------   ------   ------   ------   ------
  Native Heap   344688   344648       28     1403   345968   465456   411638    49066
  Dalvik Heap    32021    30620     1272       53    34932    29696    14848    14848
 Dalvik Other    17775     8656        0      168    27256                           
        Stack     4076     4076        0      112     4084                           
       Ashmem        9        0        0        0      556                           
    Other dev       25        0       20        0      576                           
     .so mmap    15913      228    11344       45    49572                           
    .jar mmap     4430        0     1920        0    38716                           
    .apk mmap    46250     2460    36540      120    69252                           
    .ttf mmap     5146        0     4900        0     5640                           
    .dex mmap    19832    11720     7412    15644    22612                           
    .oat mmap       58        0       12        0     1212                           
    .art mmap     5567     4892      292     3545    17304                           
   Other mmap    25440        4    20212        0    31796                           
   EGL mtrack    20311    20311        0        0    20311                           
    GL mtrack    46840    46840        0        0    46840                           
      Unknown    53065    52648      404       83    53696                           
        TOTAL   662619   527103    84356    21173   770323   495152   426486    63914
 
 App Summary
                       Pss(KB)                        Rss(KB)
                        ------                         ------
           Java Heap:    35804                          52236
         Native Heap:   344648                         345968
                Code:    76828                         205532
               Stack:     4076                           4084
            Graphics:    67151                          67151
       Private Other:    82952
              System:    51160
             Unknown:                                   95352
 
           TOTAL PSS:   662619            TOTAL RSS:   770323       TOTAL SWAP PSS:    21173
 
 Objects
               Views:      372         ViewRootImpl:        1
         AppContexts:       16           Activities:        1
              Assets:       41        AssetManagers:        0
       Local Binders:       30        Proxy Binders:       70
       Parcel memory:       27         Parcel count:       92
    Death Recipients:        0             WebViews:        0
 
 Native Allocations
                         Count                       Total(kB)
                        ------                         ------
    Other (malloced):     2812                            267
 Other (nonmalloced):      120                             83
   Bitmap (malloced):       15                           7507
 
 SQL
         MEMORY_USED:     1785
  PAGECACHE_OVERFLOW:     1615          MALLOC_SIZE:     3737
 
 DATABASES
      pgsz     dbsz   Lookaside(b) cache hits cache misses cache size  Dbname
PER CONNECTION STATS
         4     1276             41  1037   692     4  /data/user/0/com.arcfire.online/databases/RKStorage
         4    14364             89    66    72    25  /data/user/0/com.arcfire.online/databases/firestore.%5BDEFAULT%5D.arcfire-49d69.%28default%29
POOL STATS
     cache hits  cache misses    cache size  Dbname
           1037           693          1730  /data/user/0/com.arcfire.online/databases/RKStorage
             66            73           139  /data/user/0/com.arcfire.online/databases/firestore.%5BDEFAULT%5D.arcfire-49d69.%28default%29

VmRSS:	  758736 kB
VmSwap:	   36908 kB
Threads:	108

===== 2026-07-11 11:53:27 pid=14204 =====
Applications Memory Usage (in Kilobytes):
Uptime: 81754274 Realtime: 89582413

** MEMINFO in pid 14204 [com.arcfire.online] **
                   Pss  Private  Private  SwapPss      Rss     Heap     Heap     Heap
                 Total    Dirty    Clean    Dirty    Total     Size    Alloc     Free
                ------   ------   ------   ------   ------   ------   ------   ------
  Native Heap   367132   367092       28     1403   368412   477948   442793    30679
  Dalvik Heap    49627    46308     3188       22    52540    45090    22545    22545
 Dalvik Other    18131     8908       24      168    27692                           
        Stack     4068     4068        0      112     4076                           
       Ashmem        9        0        0        0      556                           
    Other dev       25        0       20        0      576                           
     .so mmap    15907      228    11340       45    49572                           
    .jar mmap     4399        0     1872        0    38764                           
    .apk mmap    46230     2460    36540      120    69252                           
    .ttf mmap     5146        0     4900        0     5640                           
    .dex mmap    19832    11720     7412    15644    22612                           
    .oat mmap       52        0        0        0     1212                           
    .art mmap     7248     4892     1904     3521    19056                           
   Other mmap    25488       20    20212        0    31876                           
   EGL mtrack    41631    41631        0        0    41631                           
    GL mtrack    45524    45524        0        0    45524                           
      Unknown    62065    61608      444       83    62696                           
        TOTAL   733632   594459    87884    21118   841687   523038   465338    53224
 
 App Summary
                       Pss(KB)                        Rss(KB)
                        ------                         ------
           Java Heap:    53104                          71596
         Native Heap:   367092                         368412
                Code:    76756                         205732
               Stack:     4068                           4076
            Graphics:    87155                          87155
       Private Other:    94168
              System:    51289
             Unknown:                                  104716
 
           TOTAL PSS:   733632            TOTAL RSS:   841687       TOTAL SWAP PSS:    21118
 
 Objects
               Views:      512         ViewRootImpl:        1
         AppContexts:       16           Activities:        1
              Assets:       41        AssetManagers:        0
       Local Binders:       30        Proxy Binders:       70
       Parcel memory:       27         Parcel count:       92
    Death Recipients:        0             WebViews:        0
 
 Native Allocations
                         Count                       Total(kB)
                        ------                         ------
    Other (malloced):     3921                            373
 Other (nonmalloced):      120                             83
   Bitmap (malloced):       16                           8255
 
 SQL
         MEMORY_USED:     1785
  PAGECACHE_OVERFLOW:     1615          MALLOC_SIZE:     3738
 
 DATABASES
      pgsz     dbsz   Lookaside(b) cache hits cache misses cache size  Dbname
PER CONNECTION STATS
         4     1276             41  1569  1053     4  /data/user/0/com.arcfire.online/databases/RKStorage
         4    14364             89    66    75    25  /data/user/0/com.arcfire.online/databases/firestore.%5BDEFAULT%5D.arcfire-49d69.%28default%29
POOL STATS
     cache hits  cache misses    cache size  Dbname
           1569          1054          2623  /data/user/0/com.arcfire.online/databases/RKStorage
             66            76           142  /data/user/0/com.arcfire.online/databases/firestore.%5BDEFAULT%5D.arcfire-49d69.%28default%29

VmRSS:	  788368 kB
VmSwap:	   36908 kB
Threads:	109

===== 2026-07-11 12:08:59 pid=14204 =====
Applications Memory Usage (in Kilobytes):
Uptime: 82686737 Realtime: 90514876

** MEMINFO in pid 14204 [com.arcfire.online] **
                   Pss  Private  Private  SwapPss      Rss     Heap     Heap     Heap
                 Total    Dirty    Clean    Dirty    Total     Size    Alloc     Free
                ------   ------   ------   ------   ------   ------   ------   ------
  Native Heap   369160   369120       28     1391   370440   487392   438354    44248
  Dalvik Heap    38727    35408     3188       22    41640    36032    18019    18013
 Dalvik Other    18203     8920       24      168    27824                           
        Stack     4048     4048        0      112     4056                           
       Ashmem        9        0        0        0      556                           
    Other dev       25        0       20        0      576                           
     .so mmap    15978      228    11340       45    49572                           
    .jar mmap     4375        0     1864        0    38764                           
    .apk mmap    46201     2460    36520      120    69252                           
    .ttf mmap     5550        0     5304        0     6044                           
    .dex mmap    19841    11720     7420    15632    22624                           
    .oat mmap       50        0        0        0     1212                           
    .art mmap     7244     4892     1896     3521    19056                           
   Other mmap    25502        4    20212        0    31924                           
   EGL mtrack    20311    20311        0        0    20311                           
    GL mtrack    58604    58604        0        0    58604                           
      Unknown    69555    69088      452       83    70184                           
        TOTAL   724477   584803    88268    21094   832639   523424   456373    62261
 
 App Summary
                       Pss(KB)                        Rss(KB)
                        ------                         ------
           Java Heap:    42196                          60696
         Native Heap:   369120                         370440
                Code:    77152                         206280
               Stack:     4048                           4056
            Graphics:    78915                          78915
       Private Other:   101640
              System:    51406
             Unknown:                                  112252
 
           TOTAL PSS:   724477            TOTAL RSS:   832639       TOTAL SWAP PSS:    21094
 
 Objects
               Views:      378         ViewRootImpl:        1
         AppContexts:       16           Activities:        1
              Assets:       41        AssetManagers:        0
       Local Binders:       27        Proxy Binders:       70
       Parcel memory:       27         Parcel count:       92
    Death Recipients:        0             WebViews:        0
 
 Native Allocations
                         Count                       Total(kB)
                        ------                         ------
   Bitmap (malloced):       15                           7507
    Other (malloced):     2837                            269
 Other (nonmalloced):      117                             82
 
 SQL
         MEMORY_USED:     1780
  PAGECACHE_OVERFLOW:     1611          MALLOC_SIZE:     3738
 
 DATABASES
      pgsz     dbsz   Lookaside(b) cache hits cache misses cache size  Dbname
PER CONNECTION STATS
         4     1272             41  1637  1118     4  /data/user/0/com.arcfire.online/databases/RKStorage
         4    14364             89    66    78    25  /data/user/0/com.arcfire.online/databases/firestore.%5BDEFAULT%5D.arcfire-49d69.%28default%29
POOL STATS
     cache hits  cache misses    cache size  Dbname
           1637          1119          2756  /data/user/0/com.arcfire.online/databases/RKStorage
             66            79           145  /data/user/0/com.arcfire.online/databases/firestore.%5BDEFAULT%5D.arcfire-49d69.%28default%29

VmRSS:	  813192 kB
VmSwap:	   36780 kB
Threads:	108

===== 2026-07-11 12:24:23 pid=14204 =====
Applications Memory Usage (in Kilobytes):
Uptime: 83610604 Realtime: 91438743

** MEMINFO in pid 14204 [com.arcfire.online] **
                   Pss  Private  Private  SwapPss      Rss     Heap     Heap     Heap
                 Total    Dirty    Clean    Dirty    Total     Size    Alloc     Free
                ------   ------   ------   ------   ------   ------   ------   ------
  Native Heap   361832   361792       28     1391   363112   488944   427205    57066
  Dalvik Heap    45823    42504     3188       22    48736    42604    21302    21302
 Dalvik Other    18083     8776       24      168    27728                           
        Stack     4024     4024        0      112     4032                           
       Ashmem        9        0        0        0      556                           
    Other dev       25        0       20        0      576                           
     .so mmap    15950      228    11288       45    49572                           
    .jar mmap     4279        0     1796        0    38656                           
    .apk mmap    46196     2460    36516      120    69248                           
    .ttf mmap     5550        0     5304        0     6044                           
    .dex mmap    19852    11720     7432    15620    22636                           
    .oat mmap       46        0        0        0     1212                           
    .art mmap     7243     4892     1896     3521    19056                           
   Other mmap    25500       16    20196        0    31912                           
   EGL mtrack    35131    35131        0        0    35131                           
    GL mtrack    60868    60868        0        0    60868                           
      Unknown    73479    73028      436       83    74108                           
        TOTAL   744972   605439    88124    21082   853183   531548   448507    78368
 
 App Summary
                       Pss(KB)                        Rss(KB)
                        ------                         ------
           Java Heap:    49292                          67792
         Native Heap:   361792                         363112
                Code:    77036                         206224
               Stack:     4024                           4032
            Graphics:    95999                          95999
       Private Other:   105420
              System:    51409
             Unknown:                                  116024
 
           TOTAL PSS:   744972            TOTAL RSS:   853183       TOTAL SWAP PSS:    21082
 
 Objects
               Views:      390         ViewRootImpl:        1
         AppContexts:       16           Activities:        1
              Assets:       41        AssetManagers:        0
       Local Binders:       27        Proxy Binders:       70
       Parcel memory:       26         Parcel count:       88
    Death Recipients:        0             WebViews:        0
 
 Native Allocations
                         Count                       Total(kB)
                        ------                         ------
   Bitmap (malloced):       15                           7507
    Other (malloced):     2889                            274
 Other (nonmalloced):      117                             82
 
 SQL
         MEMORY_USED:     1780
  PAGECACHE_OVERFLOW:     1611          MALLOC_SIZE:     3738
 
 DATABASES
      pgsz     dbsz   Lookaside(b) cache hits cache misses cache size  Dbname
PER CONNECTION STATS
         4     1272             41  1637  1121     4  /data/user/0/com.arcfire.online/databases/RKStorage
         4    14364             89    66    81    25  /data/user/0/com.arcfire.online/databases/firestore.%5BDEFAULT%5D.arcfire-49d69.%28default%29
POOL STATS
     cache hits  cache misses    cache size  Dbname
           1637          1122          2759  /data/user/0/com.arcfire.online/databases/RKStorage
             66            82           148  /data/user/0/com.arcfire.online/databases/firestore.%5BDEFAULT%5D.arcfire-49d69.%28default%29

VmRSS:	  803572 kB
VmSwap:	   36780 kB
Threads:	107

===== 2026-07-11 12:39:44 pid=14204 =====
Applications Memory Usage (in Kilobytes):
Uptime: 84531680 Realtime: 92359820

** MEMINFO in pid 14204 [com.arcfire.online] **
                   Pss  Private  Private  SwapPss      Rss     Heap     Heap     Heap
                 Total    Dirty    Clean    Dirty    Total     Size    Alloc     Free
                ------   ------   ------   ------   ------   ------   ------   ------
  Native Heap   363780   363740       28     1391   365060   488928   428045    56364
  Dalvik Heap    38099    34780     3188       22    41012    39974    19987    19987
 Dalvik Other    18073     8760       24      168    27724                           
        Stack     3932     3932        0      112     3940                           
       Ashmem        9        0        0        0      556                           
    Other dev       25        0       20        0      576                           
     .so mmap    15947      228    11284       45    49572                           
    .jar mmap     4279        0     1796        0    38656                           
    .apk mmap    46193     2460    36516      120    69248                           
    .ttf mmap     5610        0     5364        0     6104                           
    .dex mmap    19852    11720     7432    15620    22636                           
    .oat mmap       46        0        0        0     1212                           
    .art mmap     7235     4892     1880     3521    19056                           
   Other mmap    25494        4    20196        0    31912                           
   EGL mtrack    20311    20311        0        0    20311                           
    GL mtrack    58604    58604        0        0    58604                           
      Unknown    73471    73028      428       83    74100                           
        TOTAL   722042   582459    88156    21082   830279   528902   448032    76351
 
 App Summary
                       Pss(KB)                        Rss(KB)
                        ------                         ------
           Java Heap:    41552                          60068
         Native Heap:   363740                         365060
                Code:    77092                         206296
               Stack:     3932                           3940
            Graphics:    78915                          78915
       Private Other:   105384
              System:    51427
             Unknown:                                  116000
 
           TOTAL PSS:   722042            TOTAL RSS:   830279       TOTAL SWAP PSS:    21082
 
 Objects
               Views:      377         ViewRootImpl:        1
         AppContexts:       16           Activities:        1
              Assets:       41        AssetManagers:        0
       Local Binders:       26        Proxy Binders:       70
       Parcel memory:       26         Parcel count:       88
    Death Recipients:        0             WebViews:        0
 
 Native Allocations
                         Count                       Total(kB)
                        ------                         ------
    Other (malloced):     2836                            269
 Other (nonmalloced):      116                             81
   Bitmap (malloced):       15                           7507
 
 SQL
         MEMORY_USED:     1780
  PAGECACHE_OVERFLOW:     1611          MALLOC_SIZE:     3738
 
 DATABASES
      pgsz     dbsz   Lookaside(b) cache hits cache misses cache size  Dbname
PER CONNECTION STATS
         4     1272             41  1637  1124     4  /data/user/0/com.arcfire.online/databases/RKStorage
         4    14364             89    66    84    25  /data/user/0/com.arcfire.online/databases/firestore.%5BDEFAULT%5D.arcfire-49d69.%28default%29
POOL STATS
     cache hits  cache misses    cache size  Dbname
           1637          1125          2762  /data/user/0/com.arcfire.online/databases/RKStorage
             66            85           151  /data/user/0/com.arcfire.online/databases/firestore.%5BDEFAULT%5D.arcfire-49d69.%28default%29

VmRSS:	  806968 kB
VmSwap:	   36780 kB
Threads:	106

===== 2026-07-11 12:55:06 pid=14204 =====
Applications Memory Usage (in Kilobytes):
Uptime: 85452971 Realtime: 93281111

** MEMINFO in pid 14204 [com.arcfire.online] **
                   Pss  Private  Private  SwapPss      Rss     Heap     Heap     Heap
                 Total    Dirty    Clean    Dirty    Total     Size    Alloc     Free
                ------   ------   ------   ------   ------   ------   ------   ------
  Native Heap   362252   362212       28     1391   363532   489440   422257    62488
  Dalvik Heap    41083    37764     3188       22    43996    38151    19076    19075
 Dalvik Other    18327     9008       24      168    27984                           
        Stack     3940     3940        0      112     3948                           
       Ashmem        9        0        0        0      556                           
    Other dev       25        0       20        0      576                           
     .so mmap    15942      228    11284       45    49572                           
    .jar mmap     4213        0     1764        0    38656                           
    .apk mmap    45413     2460    36380      120    69248                           
    .ttf mmap     5610        0     5364        0     6104                           
    .dex mmap    19725    11720     7432    15616    22640                           
    .oat mmap       46        0        0        0     1212                           
    .art mmap     7235     4892     1880     3521    19056                           
   Other mmap    25500        4    20196        0    31924                           
   EGL mtrack    20311    20311        0        0    20311                           
    GL mtrack    58604    58604        0        0    58604                           
      Unknown    71923    71456      452       83    72552                           
        TOTAL   721236   582599    88012    21078   830471   527591   441333    81563
 
 App Summary
                       Pss(KB)                        Rss(KB)
                        ------                         ------
           Java Heap:    44536                          63052
         Native Heap:   362212                         363532
                Code:    76924                         206312
               Stack:     3940                           3948
            Graphics:    78915                          78915
       Private Other:   104084
              System:    50625
             Unknown:                                  114712
 
           TOTAL PSS:   721236            TOTAL RSS:   830471       TOTAL SWAP PSS:    21078
 
 Objects
               Views:      377         ViewRootImpl:        1
         AppContexts:       16           Activities:        1
              Assets:       41        AssetManagers:        0
       Local Binders:       26        Proxy Binders:       70
       Parcel memory:       26         Parcel count:       88
    Death Recipients:        0             WebViews:        0
 
 Native Allocations
                         Count                       Total(kB)
                        ------                         ------
    Other (malloced):     2836                            269
 Other (nonmalloced):      116                             81
   Bitmap (malloced):       15                           7507
 
 SQL
         MEMORY_USED:     1780
  PAGECACHE_OVERFLOW:     1611          MALLOC_SIZE:     3738
 
 DATABASES
      pgsz     dbsz   Lookaside(b) cache hits cache misses cache size  Dbname
PER CONNECTION STATS
         4     1272             41  1637  1127     4  /data/user/0/com.arcfire.online/databases/RKStorage
         4    14364             89    66    87    25  /data/user/0/com.arcfire.online/databases/firestore.%5BDEFAULT%5D.arcfire-49d69.%28default%29
POOL STATS
     cache hits  cache misses    cache size  Dbname
           1637          1128          2765  /data/user/0/com.arcfire.online/databases/RKStorage
             66            88           154  /data/user/0/com.arcfire.online/databases/firestore.%5BDEFAULT%5D.arcfire-49d69.%28default%29

VmRSS:	  809648 kB
VmSwap:	   36780 kB
Threads:	106

===== 2026-07-11 13:10:27 pid=14204 =====
Applications Memory Usage (in Kilobytes):
Uptime: 86375056 Realtime: 94203195

** MEMINFO in pid 14204 [com.arcfire.online] **
                   Pss  Private  Private  SwapPss      Rss     Heap     Heap     Heap
                 Total    Dirty    Clean    Dirty    Total     Size    Alloc     Free
                ------   ------   ------   ------   ------   ------   ------   ------
  Native Heap   365652   365612       28     1391   366932   491500   435100    51736
  Dalvik Heap    48512    46772       36       22    53004    43083    21542    21541
 Dalvik Other    18183     8856        0      168    27872                           
        Stack     3956     3956        0      112     3964                           
       Ashmem        9        0        0        0      556                           
    Other dev       25        0       20        0      576                           
     .so mmap    15854      228    11244       45    49416                           
    .jar mmap     4185        0     1756        0    38432                           
    .apk mmap    45310     2460    36336      120    69052                           
    .ttf mmap     4978        0     4732        0     5472                           
    .dex mmap    19717    11720     7436    15612    22608                           
    .oat mmap       45        0        0        0     1196                           
    .art mmap     6333     4892      140     3521    19056                           
   Other mmap    25511       20    20192        0    31928                           
   EGL mtrack    41631    41631        0        0    41631                           
    GL mtrack    59368    59368        0        0    59368                           
      Unknown    68411    67992      404       83    69040                           
        TOTAL   748754   613507    82324    21074   860103   534583   456642    73277
 
 App Summary
                       Pss(KB)                        Rss(KB)
                        ------                         ------
           Java Heap:    51804                          72060
         Native Heap:   365612                         366932
                Code:    76212                         205104
               Stack:     3956                           3964
            Graphics:   100999                         100999
       Private Other:    97248
              System:    52923
             Unknown:                                  111044
 
           TOTAL PSS:   748754            TOTAL RSS:   860103       TOTAL SWAP PSS:    21074
 
 Objects
               Views:      398         ViewRootImpl:        1
         AppContexts:       16           Activities:        1
              Assets:       41        AssetManagers:        0
       Local Binders:       26        Proxy Binders:       70
       Parcel memory:       26         Parcel count:       88
    Death Recipients:        0             WebViews:        0
 
 Native Allocations
                         Count                       Total(kB)
                        ------                         ------
    Other (malloced):     2931                            278
 Other (nonmalloced):      116                             81
   Bitmap (malloced):       15                           7507
 
 SQL
         MEMORY_USED:     1776
  PAGECACHE_OVERFLOW:     1607          MALLOC_SIZE:     3738
 
 DATABASES
      pgsz     dbsz   Lookaside(b) cache hits cache misses cache size  Dbname
PER CONNECTION STATS
         4     1268             41  1639  1132     4  /data/user/0/com.arcfire.online/databases/RKStorage
         4    14364             89    66    90    25  /data/user/0/com.arcfire.online/databases/firestore.%5BDEFAULT%5D.arcfire-49d69.%28default%29
POOL STATS
     cache hits  cache misses    cache size  Dbname
           1639          1133          2772  /data/user/0/com.arcfire.online/databases/RKStorage
             66            91           157  /data/user/0/com.arcfire.online/databases/firestore.%5BDEFAULT%5D.arcfire-49d69.%28default%29

VmRSS:	  810980 kB
VmSwap:	   36780 kB
Threads:	107

===== 2026-07-11 13:25:49 pid=14204 =====
Applications Memory Usage (in Kilobytes):
Uptime: 87296457 Realtime: 95124597

** MEMINFO in pid 14204 [com.arcfire.online] **
                   Pss  Private  Private  SwapPss      Rss     Heap     Heap     Heap
                 Total    Dirty    Clean    Dirty    Total     Size    Alloc     Free
                ------   ------   ------   ------   ------   ------   ------   ------
  Native Heap   371064   371024       28     1391   372344   492784   438234    50054
  Dalvik Heap    44839    43100       36       22    49332    44983    22492    22491
 Dalvik Other    18381     9052        0      168    28072                           
        Stack     4016     4016        0      112     4024                           
       Ashmem        9        0        0        0      556                           
    Other dev       25        0       20        0      576                           
     .so mmap    15654      228    11080       45    49300                           
    .jar mmap     3925        0     1616        0    38096                           
    .apk mmap    44921     2460    36308      120    68796                           
    .ttf mmap     4978        0     4732        0     5472                           
    .dex mmap    19691    11720     7436    15612    22528                           
    .oat mmap       36        0        0        0     1176                           
    .art mmap     6311     4892      140     3521    19056                           
   Other mmap    25360        4    20088        0    31752                           
   EGL mtrack    20311    20311        0        0    20311                           
    GL mtrack    60900    60900        0        0    60900                           
      Unknown    60767    60372      380       83    61396                           
        TOTAL   722262   588079    81864    21074   833687   537767   460726    72545
 
 App Summary
                       Pss(KB)                        Rss(KB)
                        ------                         ------
           Java Heap:    48132                          68388
         Native Heap:   371024                         372344
                Code:    75880                         204300
               Stack:     4016                           4024
            Graphics:    81211                          81211
       Private Other:    89680
              System:    52319
             Unknown:                                  103420
 
           TOTAL PSS:   722262            TOTAL RSS:   833687       TOTAL SWAP PSS:    21074
 
 Objects
               Views:      378         ViewRootImpl:        1
         AppContexts:       16           Activities:        1
              Assets:       41        AssetManagers:        0
       Local Binders:       26        Proxy Binders:       70
       Parcel memory:       26         Parcel count:       88
    Death Recipients:        0             WebViews:        0
 
 Native Allocations
                         Count                       Total(kB)
                        ------                         ------
    Other (malloced):     2837                            269
 Other (nonmalloced):      116                             81
   Bitmap (malloced):       15                           7507
 
 SQL
         MEMORY_USED:     1776
  PAGECACHE_OVERFLOW:     1607          MALLOC_SIZE:     3738
 
 DATABASES
      pgsz     dbsz   Lookaside(b) cache hits cache misses cache size  Dbname
PER CONNECTION STATS
         4     1268             41  1639  1135     4  /data/user/0/com.arcfire.online/databases/RKStorage
         4    14364             89    66    93    25  /data/user/0/com.arcfire.online/databases/firestore.%5BDEFAULT%5D.arcfire-49d69.%28default%29
POOL STATS
     cache hits  cache misses    cache size  Dbname
           1639          1136          2775  /data/user/0/com.arcfire.online/databases/RKStorage
             66            94           160  /data/user/0/com.arcfire.online/databases/firestore.%5BDEFAULT%5D.arcfire-49d69.%28default%29

VmRSS:	  807660 kB
VmSwap:	   36780 kB
Threads:	107

===== 2026-07-11 13:41:12 pid=14204 =====
Applications Memory Usage (in Kilobytes):
Uptime: 88220550 Realtime: 96048689

** MEMINFO in pid 14204 [com.arcfire.online] **
                   Pss  Private  Private  SwapPss      Rss     Heap     Heap     Heap
                 Total    Dirty    Clean    Dirty    Total     Size    Alloc     Free
                ------   ------   ------   ------   ------   ------   ------   ------
  Native Heap   375632   375592       28     1391   376912   527104   437538    84786
  Dalvik Heap    39411    37672       36       22    43904    36204    18102    18102
 Dalvik Other    18181     8772        0      168    27952                           
        Stack     4076     4076        0      108     4084                           
       Ashmem        9        0        0        0      556                           
    Other dev       25        0       20        0      576                           
     .so mmap    15653      228    11080       45    49300                           
    .jar mmap     3923        0     1612        0    38096                           
    .apk mmap    44459     2460    36308      120    68796                           
    .ttf mmap     4978        0     4732        0     5472                           
    .dex mmap    19755    11720     7500    15548    22592                           
    .oat mmap       36        0        0        0     1176                           
    .art mmap     6311     4892      140     3521    19056                           
   Other mmap    25407       20    20088        0    31872                           
   EGL mtrack    41631    41631        0        0    41631                           
    GL mtrack    59492    59492        0        0    59492                           
      Unknown    55259    54776      468       83    55888                           
        TOTAL   735244   601331    82012    21006   847355   563308   455640   102888
 
 App Summary
                       Pss(KB)                        Rss(KB)
                        ------                         ------
           Java Heap:    42704                          62960
         Native Heap:   375592                         376912
                Code:    75948                         204532
               Stack:     4076                           4084
            Graphics:   101123                         101123
       Private Other:    83900
              System:    51901
             Unknown:                                   97744
 
           TOTAL PSS:   735244            TOTAL RSS:   847355       TOTAL SWAP PSS:    21006
 
 Objects
               Views:      395         ViewRootImpl:        1
         AppContexts:       16           Activities:        1
              Assets:       41        AssetManagers:        0
       Local Binders:       26        Proxy Binders:       70
       Parcel memory:       26         Parcel count:       88
    Death Recipients:        0             WebViews:        0
 
 Native Allocations
                         Count                       Total(kB)
                        ------                         ------
    Other (malloced):     2910                            276
 Other (nonmalloced):      116                             81
   Bitmap (malloced):       15                           7507
 
 SQL
         MEMORY_USED:     2544
  PAGECACHE_OVERFLOW:     2353          MALLOC_SIZE:     3738
 
 DATABASES
      pgsz     dbsz   Lookaside(b) cache hits cache misses cache size  Dbname
PER CONNECTION STATS
         4     1268             70  1644  1141     5  /data/user/0/com.arcfire.online/databases/RKStorage
         4    15440             95  1208   641    25  /data/user/0/com.arcfire.online/databases/firestore.%5BDEFAULT%5D.arcfire-49d69.%28default%29
POOL STATS
     cache hits  cache misses    cache size  Dbname
           1644          1142          2786  /data/user/0/com.arcfire.online/databases/RKStorage
           1208           642          1850  /data/user/0/com.arcfire.online/databases/firestore.%5BDEFAULT%5D.arcfire-49d69.%28default%29

VmRSS:	  807084 kB
VmSwap:	   36652 kB
Threads:	113

===== 2026-07-11 13:56:36 pid=14204 =====
Applications Memory Usage (in Kilobytes):
Uptime: 89143297 Realtime: 96971436

** MEMINFO in pid 14204 [com.arcfire.online] **
                   Pss  Private  Private  SwapPss      Rss     Heap     Heap     Heap
                 Total    Dirty    Clean    Dirty    Total     Size    Alloc     Free
                ------   ------   ------   ------   ------   ------   ------   ------
  Native Heap   367820   367780       28     1391   369100   527328   425031    97543
  Dalvik Heap    48119    46380       36       22    52612    44247    22124    22123
 Dalvik Other    18191     8780        0      168    27964                           
        Stack     4216     4216        0      108     4224                           
       Ashmem        9        0        0        0      556                           
    Other dev       25        0       20        0      576                           
     .so mmap    15615      228    11080       45    49176                           
    .jar mmap     3912        0     1600        0    38072                           
    .apk mmap    44431     2460    36288      120    68748                           
    .ttf mmap     4978        0     4732        0     5472                           
    .dex mmap    19753    11720     7500    15548    22588                           
    .oat mmap       36        0        0        0     1176                           
    .art mmap     6311     4892      140     3521    19056                           
   Other mmap    25393        4    20088        0    31860                           
   EGL mtrack    20311    20311        0        0    20311                           
    GL mtrack    61036    61036        0        0    61036                           
      Unknown    55267    54768      484       83    55896                           
        TOTAL   716429   582575    81996    21006   828423   571575   447155   119666
 
 App Summary
                       Pss(KB)                        Rss(KB)
                        ------                         ------
           Java Heap:    51412                          71668
         Native Heap:   367780                         369100
                Code:    75916                         204336
               Stack:     4216                           4224
            Graphics:    81347                          81347
       Private Other:    83900
              System:    51858
             Unknown:                                   97748
 
           TOTAL PSS:   716429            TOTAL RSS:   828423       TOTAL SWAP PSS:    21006
 
 Objects
               Views:      377         ViewRootImpl:        1
         AppContexts:       16           Activities:        1
              Assets:       41        AssetManagers:        0
       Local Binders:       26        Proxy Binders:       70
       Parcel memory:       27         Parcel count:       92
    Death Recipients:        0             WebViews:        0
 
 Native Allocations
                         Count                       Total(kB)
                        ------                         ------
    Other (malloced):     2836                            269
 Other (nonmalloced):      116                             81
   Bitmap (malloced):       15                           7507
 
 SQL
         MEMORY_USED:     2548
  PAGECACHE_OVERFLOW:     2357          MALLOC_SIZE:     3738
 
 DATABASES
      pgsz     dbsz   Lookaside(b) cache hits cache misses cache size  Dbname
PER CONNECTION STATS
         4     1268             70  1644  1144     5  /data/user/0/com.arcfire.online/databases/RKStorage
         4    15440             95  1208   692    25  /data/user/0/com.arcfire.online/databases/firestore.%5BDEFAULT%5D.arcfire-49d69.%28default%29
POOL STATS
     cache hits  cache misses    cache size  Dbname
           1644          1145          2789  /data/user/0/com.arcfire.online/databases/RKStorage
           1208           693          1901  /data/user/0/com.arcfire.online/databases/firestore.%5BDEFAULT%5D.arcfire-49d69.%28default%29

VmRSS:	  798316 kB
VmSwap:	   36652 kB
Threads:	117

===== 2026-07-11 14:11:55 pid=14204 =====
Applications Memory Usage (in Kilobytes):
Uptime: 90062110 Realtime: 97890249

** MEMINFO in pid 14204 [com.arcfire.online] **
                   Pss  Private  Private  SwapPss      Rss     Heap     Heap     Heap
                 Total    Dirty    Clean    Dirty    Total     Size    Alloc     Free
                ------   ------   ------   ------   ------   ------   ------   ------
  Native Heap   364196   364156       28     1383   365476   528468   421041   102826
  Dalvik Heap    32607    30868       36       22    37100    32822    16411    16411
 Dalvik Other    18295     8844        0      168    28108                           
        Stack     4060     4060        0      116     4068                           
       Ashmem        9        0        0        0      556                           
    Other dev       23        0       20        0      572                           
     .so mmap    15489      228    11080       45    48820                           
    .jar mmap     3900        0     1608        0    37956                           
    .apk mmap    44386     2460    36288      120    68596                           
    .ttf mmap     4978        0     4732        0     5472                           
    .dex mmap    19695    11676     7500    15592    22476                           
    .oat mmap       35        0        0        0     1160                           
    .art mmap     6306     4892      140     3521    19044                           
   Other mmap    25411        4    20092        0    31876                           
   EGL mtrack    20311    20311        0        0    20311                           
    GL mtrack    40984    40984        0        0    40984                           
      Unknown    55567    55112      444       83    56192                           
        TOTAL   677302   543595    81968    21050   788767   561290   437452   119237
 
 App Summary
                       Pss(KB)                        Rss(KB)
                        ------                         ------
           Java Heap:    35900                          56144
         Native Heap:   364156                         365476
                Code:    75876                         203660
               Stack:     4060                           4068
            Graphics:    61295                          61295
       Private Other:    84276
              System:    51739
             Unknown:                                   98124
 
           TOTAL PSS:   677302            TOTAL RSS:   788767       TOTAL SWAP PSS:    21050
 
 Objects
               Views:      363         ViewRootImpl:        1
         AppContexts:       16           Activities:        1
              Assets:       41        AssetManagers:        0
       Local Binders:       26        Proxy Binders:       70
       Parcel memory:       26         Parcel count:       88
    Death Recipients:        0             WebViews:        0
 
 Native Allocations
                         Count                       Total(kB)
                        ------                         ------
    Other (malloced):     2733                            260
 Other (nonmalloced):      116                             81
   Bitmap (malloced):       15                           7507
 
 SQL
         MEMORY_USED:     2488
  PAGECACHE_OVERFLOW:     2298          MALLOC_SIZE:     3738
 
 DATABASES
      pgsz     dbsz   Lookaside(b) cache hits cache misses cache size  Dbname
PER CONNECTION STATS
         4     1268             70  1694  1193     5  /data/user/0/com.arcfire.online/databases/RKStorage
         4    15444            116  1242   763    25  /data/user/0/com.arcfire.online/databases/firestore.%5BDEFAULT%5D.arcfire-49d69.%28default%29
POOL STATS
     cache hits  cache misses    cache size  Dbname
           1694          1194          2888  /data/user/0/com.arcfire.online/databases/RKStorage
           1242           764          2006  /data/user/0/com.arcfire.online/databases/firestore.%5BDEFAULT%5D.arcfire-49d69.%28default%29

VmRSS:	  769192 kB
VmSwap:	   36652 kB
Threads:	113

===== 2026-07-11 14:27:16 pid=14204 =====
Applications Memory Usage (in Kilobytes):
Uptime: 90982925 Realtime: 98811064

** MEMINFO in pid 14204 [com.arcfire.online] **
                   Pss  Private  Private  SwapPss      Rss     Heap     Heap     Heap
                 Total    Dirty    Clean    Dirty    Total     Size    Alloc     Free
                ------   ------   ------   ------   ------   ------   ------   ------
  Native Heap   365696   365656       28     1439   366976   528996   422983   101329
  Dalvik Heap    28033    26824       32       22    33056    26460    13230    13230
 Dalvik Other    18271     8820        0      168    28092                           
        Stack     3880     3880        0      128     3888                           
       Ashmem        9        0        0        0      556                           
    Other dev       22        0       20        0      568                           
     .so mmap    14994      228    10848       45    48452                           
    .jar mmap     3315        0     1152        0    36904                           
    .apk mmap    39474     2460    31672      120    62080                           
    .ttf mmap     4985        0     4804        0     5412                           
    .dex mmap    19452    11444     7476    15848    22216                           
    .oat mmap       31        0        0        0     1140                           
    .art mmap     6018     4880      140     3533    19032                           
   Other mmap    25216       16    19920        0    31544                           
   EGL mtrack    35131    35131        0        0    35131                           
    GL mtrack    45660    45660        0        0    45660                           
      Unknown    55427    55084      332       95    56052                           
        TOTAL   687012   560083    76424    21398   796759   555456   436213   114559
 
 App Summary
                       Pss(KB)                        Rss(KB)
                        ------                         ------
           Java Heap:    31844                          52088
         Native Heap:   365656                         366976
                Code:    70368                         195372
               Stack:     3880                           3888
            Graphics:    80791                          80791
       Private Other:    83968
              System:    50505
             Unknown:                                   97644
 
           TOTAL PSS:   687012            TOTAL RSS:   796759       TOTAL SWAP PSS:    21398
 
 Objects
               Views:      392         ViewRootImpl:        1
         AppContexts:       16           Activities:        1
              Assets:       41        AssetManagers:        0
       Local Binders:       26        Proxy Binders:       70
       Parcel memory:       26         Parcel count:       86
    Death Recipients:        0             WebViews:        0
 
 Native Allocations
                         Count                       Total(kB)
                        ------                         ------
    Other (malloced):     2857                            271
 Other (nonmalloced):      116                             81
   Bitmap (malloced):       15                           7507
 
 SQL
         MEMORY_USED:     2488
  PAGECACHE_OVERFLOW:     2298          MALLOC_SIZE:     3738
 
 DATABASES
      pgsz     dbsz   Lookaside(b) cache hits cache misses cache size  Dbname
PER CONNECTION STATS
         4     1268             70  1694  1196     5  /data/user/0/com.arcfire.online/databases/RKStorage
         4    15444            116  1242   816    25  /data/user/0/com.arcfire.online/databases/firestore.%5BDEFAULT%5D.arcfire-49d69.%28default%29
POOL STATS
     cache hits  cache misses    cache size  Dbname
           1694          1197          2891  /data/user/0/com.arcfire.online/databases/RKStorage
           1242           817          2059  /data/user/0/com.arcfire.online/databases/firestore.%5BDEFAULT%5D.arcfire-49d69.%28default%29

VmRSS:	  766152 kB
VmSwap:	   36780 kB
Threads:	110

===== 2026-07-11 14:42:37 pid=14204 =====
Applications Memory Usage (in Kilobytes):
Uptime: 91904099 Realtime: 99732239

** MEMINFO in pid 14204 [com.arcfire.online] **
                   Pss  Private  Private  SwapPss      Rss     Heap     Heap     Heap
                 Total    Dirty    Clean    Dirty    Total     Size    Alloc     Free
                ------   ------   ------   ------   ------   ------   ------   ------
  Native Heap   363904   363864       28     1439   365184   528740   420137   104100
  Dalvik Heap    29025    27816       32       22    34048    28693    14347    14346
 Dalvik Other    18057     8604        0      168    27880                           
        Stack     3872     3872        0      128     3880                           
       Ashmem        9        0        0        0      556                           
    Other dev       22        0       20        0      568                           
     .so mmap    14992      228    10848       45    48452                           
    .jar mmap     3308        0     1148        0    36904                           
    .apk mmap    39474     2460    31672      120    62080                           
    .ttf mmap     4985        0     4804        0     5412                           
    .dex mmap    19452    11444     7476    15848    22216                           
    .oat mmap       31        0        0        0     1140                           
    .art mmap     6018     4880      140     3533    19032                           
   Other mmap    25206        4    19920        0    31536                           
   EGL mtrack    20311    20311        0        0    20311                           
    GL mtrack    34176    34176        0        0    34176                           
      Unknown    55451    55100      340       95    56076                           
        TOTAL   659691   532759    76428    21398   769451   557433   434484   118446
 
 App Summary
                       Pss(KB)                        Rss(KB)
                        ------                         ------
           Java Heap:    32836                          53080
         Native Heap:   363864                         365184
                Code:    70364                         195376
               Stack:     3872                           3880
            Graphics:    54487                          54487
       Private Other:    83764
              System:    50504
             Unknown:                                   97444
 
           TOTAL PSS:   659691            TOTAL RSS:   769451       TOTAL SWAP PSS:    21398
 
 Objects
               Views:      370         ViewRootImpl:        1
         AppContexts:       16           Activities:        1
              Assets:       41        AssetManagers:        0
       Local Binders:       26        Proxy Binders:       70
       Parcel memory:       25         Parcel count:       84
    Death Recipients:        0             WebViews:        0
 
 Native Allocations
                         Count                       Total(kB)
                        ------                         ------
    Other (malloced):     2758                            262
 Other (nonmalloced):      116                             81
   Bitmap (malloced):       15                           7507
 
 SQL
         MEMORY_USED:     2488
  PAGECACHE_OVERFLOW:     2298          MALLOC_SIZE:     3738
 
 DATABASES
      pgsz     dbsz   Lookaside(b) cache hits cache misses cache size  Dbname
PER CONNECTION STATS
         4     1268             70  1694  1199     5  /data/user/0/com.arcfire.online/databases/RKStorage
         4    15444            116  1242   867    25  /data/user/0/com.arcfire.online/databases/firestore.%5BDEFAULT%5D.arcfire-49d69.%28default%29
POOL STATS
     cache hits  cache misses    cache size  Dbname
           1694          1200          2894  /data/user/0/com.arcfire.online/databases/RKStorage
           1242           868          2110  /data/user/0/com.arcfire.online/databases/firestore.%5BDEFAULT%5D.arcfire-49d69.%28default%29

VmRSS:	  753284 kB
VmSwap:	   36780 kB
Threads:	110

===== 2026-07-11 14:57:57 pid=14204 =====
Applications Memory Usage (in Kilobytes):
Uptime: 92824895 Realtime: 100653034

** MEMINFO in pid 14204 [com.arcfire.online] **
                   Pss  Private  Private  SwapPss      Rss     Heap     Heap     Heap
                 Total    Dirty    Clean    Dirty    Total     Size    Alloc     Free
                ------   ------   ------   ------   ------   ------   ------   ------
  Native Heap   373348   373308       28     1439   374628   529268   432458    92205
  Dalvik Heap    26021    24812       32       22    31044    26865    13436    13429
 Dalvik Other    18007     8552        0      168    27832                           
        Stack     4168     4168        0      128     4176                           
       Ashmem        9        0        0        0      556                           
    Other dev       22        0       20        0      568                           
     .so mmap    14992      228    10848       45    48452                           
    .jar mmap     3308        0     1148        0    36904                           
    .apk mmap    39474     2460    31672      120    62080                           
    .ttf mmap     4985        0     4804        0     5412                           
    .dex mmap    19456    11444     7480    15844    22220                           
    .oat mmap       31        0        0        0     1140                           
    .art mmap     6018     4880      140     3533    19032                           
   Other mmap    25220       16    19920        0    31552                           
   EGL mtrack    35131    35131        0        0    35131                           
    GL mtrack    40944    40944        0        0    40944                           
      Unknown    56055    55672      372       95    56680                           
        TOTAL   688583   561615    76464    21394   798351   556133   445894   105634
 
 App Summary
                       Pss(KB)                        Rss(KB)
                        ------                         ------
           Java Heap:    29832                          50076
         Native Heap:   373308                         374628
                Code:    70368                         195384
               Stack:     4168                           4176
            Graphics:    76075                          76075
       Private Other:    84328
              System:    50504
             Unknown:                                   98012
 
           TOTAL PSS:   688583            TOTAL RSS:   798351       TOTAL SWAP PSS:    21394
 
 Objects
               Views:      371         ViewRootImpl:        1
         AppContexts:       16           Activities:        1
              Assets:       41        AssetManagers:        0
       Local Binders:       26        Proxy Binders:       70
       Parcel memory:       27         Parcel count:       90
    Death Recipients:        0             WebViews:        0
 
 Native Allocations
                         Count                       Total(kB)
                        ------                         ------
    Other (malloced):     2755                            262
 Other (nonmalloced):      116                             81
   Bitmap (malloced):       15                           7507
 
 SQL
         MEMORY_USED:     2488
  PAGECACHE_OVERFLOW:     2298          MALLOC_SIZE:     3738
 
 DATABASES
      pgsz     dbsz   Lookaside(b) cache hits cache misses cache size  Dbname
PER CONNECTION STATS
         4     1268             70  1694  1202     5  /data/user/0/com.arcfire.online/databases/RKStorage
         4    15444            116  1242   920    25  /data/user/0/com.arcfire.online/databases/firestore.%5BDEFAULT%5D.arcfire-49d69.%28default%29
POOL STATS
     cache hits  cache misses    cache size  Dbname
           1694          1203          2897  /data/user/0/com.arcfire.online/databases/RKStorage
           1242           921          2163  /data/user/0/com.arcfire.online/databases/firestore.%5BDEFAULT%5D.arcfire-49d69.%28default%29

VmRSS:	  766860 kB
VmSwap:	   36780 kB
Threads:	116

===== 2026-07-11 15:13:18 pid=14204 =====
Applications Memory Usage (in Kilobytes):
Uptime: 93745655 Realtime: 101573794

** MEMINFO in pid 14204 [com.arcfire.online] **
                   Pss  Private  Private  SwapPss      Rss     Heap     Heap     Heap
                 Total    Dirty    Clean    Dirty    Total     Size    Alloc     Free
                ------   ------   ------   ------   ------   ------   ------   ------
  Native Heap   366704   366664       28     1439   367984   529236   423745   100888
  Dalvik Heap    33485    32276       32       22    38508    32292    16150    16142
 Dalvik Other    18295     8836        0      168    28124                           
        Stack     3992     3992        0      128     4000                           
       Ashmem        9        0        0        0      556                           
    Other dev       22        0       20        0      568                           
     .so mmap    14992      228    10848       45    48452                           
    .jar mmap     3299        0     1136        0    36904                           
    .apk mmap    39474     2460    31672      120    62080                           
    .ttf mmap     4985        0     4804        0     5412                           
    .dex mmap    19456    11444     7480    15844    22220                           
    .oat mmap       31        0        0        0     1140                           
    .art mmap     6018     4880      140     3533    19032                           
   Other mmap    25218        4    19924        0    31556                           
   EGL mtrack    20311    20311        0        0    20311                           
    GL mtrack    29744    29744        0        0    29744                           
      Unknown    56331    55972      348       95    56956                           
        TOTAL   663760   536811    76432    21394   773547   561528   439895   117030
 
 App Summary
                       Pss(KB)                        Rss(KB)
                        ------                         ------
           Java Heap:    37296                          57540
         Native Heap:   366664                         367984
                Code:    70368                         195404
               Stack:     3992                           4000
            Graphics:    50055                          50055
       Private Other:    84868
              System:    50517
             Unknown:                                   98564
 
           TOTAL PSS:   663760            TOTAL RSS:   773547       TOTAL SWAP PSS:    21394
 
 Objects
               Views:      353         ViewRootImpl:        1
         AppContexts:       16           Activities:        1
              Assets:       41        AssetManagers:        0
       Local Binders:       26        Proxy Binders:       70
       Parcel memory:       26         Parcel count:       88
    Death Recipients:        0             WebViews:        0
 
 Native Allocations
                         Count                       Total(kB)
                        ------                         ------
    Other (malloced):     2681                            255
 Other (nonmalloced):      116                             81
   Bitmap (malloced):       15                           7507
 
 SQL
         MEMORY_USED:     2488
  PAGECACHE_OVERFLOW:     2298          MALLOC_SIZE:     3738
 
 DATABASES
      pgsz     dbsz   Lookaside(b) cache hits cache misses cache size  Dbname
PER CONNECTION STATS
         4     1268             70  1696  1207     5  /data/user/0/com.arcfire.online/databases/RKStorage
         4    15444            116  1242   971    25  /data/user/0/com.arcfire.online/databases/firestore.%5BDEFAULT%5D.arcfire-49d69.%28default%29
POOL STATS
     cache hits  cache misses    cache size  Dbname
           1696          1208          2904  /data/user/0/com.arcfire.online/databases/RKStorage
           1242           972          2214  /data/user/0/com.arcfire.online/databases/firestore.%5BDEFAULT%5D.arcfire-49d69.%28default%29

VmRSS:	  753196 kB
VmSwap:	   36780 kB
Threads:	114

===== 2026-07-11 15:28:39 pid=14204 =====
Applications Memory Usage (in Kilobytes):
Uptime: 94666753 Realtime: 102494892

** MEMINFO in pid 14204 [com.arcfire.online] **
                   Pss  Private  Private  SwapPss      Rss     Heap     Heap     Heap
                 Total    Dirty    Clean    Dirty    Total     Size    Alloc     Free
                ------   ------   ------   ------   ------   ------   ------   ------
  Native Heap   366392   366352       28     3551   367668   529940   429315    95821
  Dalvik Heap    35537    34328       32       38    40560    37241    18621    18620
 Dalvik Other    18095     8628        0      172    27932                           
        Stack     3924     3924        0      276     3932                           
       Ashmem        9        0        0        0      556                           
    Other dev       10        0        8        0      556                           
     .so mmap     4435      228     1692       45    35180                           
    .jar mmap     2989        0     1000        0    35756                           
    .apk mmap    38341     2440    30652      140    60836                           
    .ttf mmap     2621        0     2440        0     3048                           
    .dex mmap    19427    11416     7480    15872    22184                           
    .oat mmap       30        0        0        0     1128                           
    .art mmap     5939     4816      128     3597    18948                           
   Other mmap    23157        4    17872        0    29452                           
   EGL mtrack    20311    20311        0        0    20311                           
    GL mtrack    41816    41816        0        0    41816                           
      Unknown    57231    56912      308       99    57856                           
        TOTAL   664054   551175    61640    23790   767719   567181   447936   114441
 
 App Summary
                       Pss(KB)                        Rss(KB)
                        ------                         ------
           Java Heap:    39272                          59508
         Native Heap:   366352                         367668
                Code:    57584                         177284
               Stack:     3924                           3932
            Graphics:    62127                          62127
       Private Other:    83556
              System:    51239
             Unknown:                                   97200
 
           TOTAL PSS:   664054            TOTAL RSS:   767719       TOTAL SWAP PSS:    23790
 
 Objects
               Views:      346         ViewRootImpl:        1
         AppContexts:       16           Activities:        1
              Assets:       41        AssetManagers:        0
       Local Binders:       26        Proxy Binders:       70
       Parcel memory:       26         Parcel count:       88
    Death Recipients:        0             WebViews:        0
 
 Native Allocations
                         Count                       Total(kB)
                        ------                         ------
    Other (malloced):     2677                            254
 Other (nonmalloced):      116                             81
   Bitmap (malloced):       15                           7507
 
 SQL
         MEMORY_USED:     2330
  PAGECACHE_OVERFLOW:     2140          MALLOC_SIZE:     3738
 
 DATABASES
      pgsz     dbsz   Lookaside(b) cache hits cache misses cache size  Dbname
PER CONNECTION STATS
         4     1264             70  1738  1248     5  /data/user/0/com.arcfire.online/databases/RKStorage
         4    15444            116  1286  1032    25  /data/user/0/com.arcfire.online/databases/firestore.%5BDEFAULT%5D.arcfire-49d69.%28default%29
POOL STATS
     cache hits  cache misses    cache size  Dbname
           1738          1249          2987  /data/user/0/com.arcfire.online/databases/RKStorage
           1286          1033          2319  /data/user/0/com.arcfire.online/databases/firestore.%5BDEFAULT%5D.arcfire-49d69.%28default%29

VmRSS:	  747608 kB
VmSwap:	   38956 kB
Threads:	114

===== 2026-07-11 15:44:04 pid=14204 =====
Applications Memory Usage (in Kilobytes):
Uptime: 95591383 Realtime: 103419522

** MEMINFO in pid 14204 [com.arcfire.online] **
                   Pss  Private  Private  SwapPss      Rss     Heap     Heap     Heap
                 Total    Dirty    Clean    Dirty    Total     Size    Alloc     Free
                ------   ------   ------   ------   ------   ------   ------   ------
  Native Heap   371940   371900       28     3551   373216   531940   433418    93384
  Dalvik Heap    29417    28208       32       38    34440    26777    13389    13388
 Dalvik Other    18281     8808        0      172    28124                           
        Stack     3916     3916        0      276     3924                           
       Ashmem        9        0        0        0      556                           
    Other dev       10        0        8        0      556                           
     .so mmap     4430      228     1692       45    35156                           
    .jar mmap     2988        0     1000        0    35752                           
    .apk mmap    38311     2440    30652      140    60740                           
    .ttf mmap     2621        0     2440        0     3048                           
    .dex mmap    19431    11416     7484    15868    22188                           
    .oat mmap       30        0        0        0     1128                           
    .art mmap     5939     4816      128     3597    18948                           
   Other mmap    23211        4    17920        0    29512                           
   EGL mtrack    20311    20311        0        0    20311                           
    GL mtrack    30600    30600        0        0    30600                           
      Unknown    58039    57592      436       99    58664                           
        TOTAL   653270   540239    61820    23786   756863   558717   446807   106772
 
 App Summary
                       Pss(KB)                        Rss(KB)
                        ------                         ------
           Java Heap:    33152                          53388
         Native Heap:   371900                         373216
                Code:    57588                         177176
               Stack:     3916                           3924
            Graphics:    50911                          50911
       Private Other:    84592
              System:    51211
             Unknown:                                   98248
 
           TOTAL PSS:   653270            TOTAL RSS:   756863       TOTAL SWAP PSS:    23786
 
 Objects
               Views:      349         ViewRootImpl:        1
         AppContexts:       16           Activities:        1
              Assets:       41        AssetManagers:        0
       Local Binders:       26        Proxy Binders:       70
       Parcel memory:       26         Parcel count:       86
    Death Recipients:        0             WebViews:        0
 
 Native Allocations
                         Count                       Total(kB)
                        ------                         ------
    Other (malloced):     2689                            255
 Other (nonmalloced):      116                             81
   Bitmap (malloced):       15                           7507
 
 SQL
         MEMORY_USED:     2202
  PAGECACHE_OVERFLOW:     2012          MALLOC_SIZE:     3738
 
 DATABASES
      pgsz     dbsz   Lookaside(b) cache hits cache misses cache size  Dbname
PER CONNECTION STATS
         4     1264             70  1992  1491     5  /data/user/0/com.arcfire.online/databases/RKStorage
         4    15444            116  1594  1155    25  /data/user/0/com.arcfire.online/databases/firestore.%5BDEFAULT%5D.arcfire-49d69.%28default%29
POOL STATS
     cache hits  cache misses    cache size  Dbname
           1992          1492          3484  /data/user/0/com.arcfire.online/databases/RKStorage
           1594          1156          2750  /data/user/0/com.arcfire.online/databases/firestore.%5BDEFAULT%5D.arcfire-49d69.%28default%29

VmRSS:	  740756 kB
VmSwap:	   38956 kB
Threads:	113

===== 2026-07-11 15:59:27 pid=14204 =====
Applications Memory Usage (in Kilobytes):
Uptime: 96514262 Realtime: 104342402

** MEMINFO in pid 14204 [com.arcfire.online] **
                   Pss  Private  Private  SwapPss      Rss     Heap     Heap     Heap
                 Total    Dirty    Clean    Dirty    Total     Size    Alloc     Free
                ------   ------   ------   ------   ------   ------   ------   ------
  Native Heap   374144   374104       28     3551   375420   532196   437353    89670
  Dalvik Heap    34517    33308       32       38    39540    35199    17603    17596
 Dalvik Other    18217     8700        0      172    28104                           
        Stack     3948     3948        0      276     3956                           
       Ashmem        9        0        0        0      556                           
    Other dev       10        0        8        0      556                           
     .so mmap     4428      228     1692       45    35156                           
    .jar mmap     2987        0     1000        0    35752                           
    .apk mmap    38311     2440    30652      140    60740                           
    .ttf mmap     2621        0     2440        0     3048                           
    .dex mmap    19431    11416     7484    15868    22188                           
    .oat mmap       30        0        0        0     1128                           
    .art mmap     5939     4816      128     3597    18948                           
   Other mmap    23223        4    17920        0    29536                           
   EGL mtrack    20311    20311        0        0    20311                           
    GL mtrack    30600    30600        0        0    30600                           
      Unknown    58687    58224      452       99    59312                           
        TOTAL   661199   548099    61836    23786   764851   567395   454956   107266
 
 App Summary
                       Pss(KB)                        Rss(KB)
                        ------                         ------
           Java Heap:    38252                          58488
         Native Heap:   374104                         375420
                Code:    57576                         177252
               Stack:     3948                           3956
            Graphics:    50911                          50911
       Private Other:    85144
              System:    51264
             Unknown:                                   98824
 
           TOTAL PSS:   661199            TOTAL RSS:   764851       TOTAL SWAP PSS:    23786
 
 Objects
               Views:      356         ViewRootImpl:        1
         AppContexts:       16           Activities:        1
              Assets:       41        AssetManagers:        0
       Local Binders:       26        Proxy Binders:       70
       Parcel memory:       26         Parcel count:       88
    Death Recipients:        0             WebViews:        0
 
 Native Allocations
                         Count                       Total(kB)
                        ------                         ------
    Other (malloced):     2721                            258
 Other (nonmalloced):      116                             81
   Bitmap (malloced):       15                           7507
 
 SQL
         MEMORY_USED:     2202
  PAGECACHE_OVERFLOW:     2012          MALLOC_SIZE:     3738
 
 DATABASES
      pgsz     dbsz   Lookaside(b) cache hits cache misses cache size  Dbname
PER CONNECTION STATS
         4     1264             70  2256  1742     5  /data/user/0/com.arcfire.online/databases/RKStorage
         4    15444            116  1946  1286    25  /data/user/0/com.arcfire.online/databases/firestore.%5BDEFAULT%5D.arcfire-49d69.%28default%29
POOL STATS
     cache hits  cache misses    cache size  Dbname
           2256          1743          3999  /data/user/0/com.arcfire.online/databases/RKStorage
           1946          1287          3233  /data/user/0/com.arcfire.online/databases/firestore.%5BDEFAULT%5D.arcfire-49d69.%28default%29

VmRSS:	  745704 kB
VmSwap:	   38956 kB
Threads:	114

===== 2026-07-11 16:14:49 pid=14204 =====
Applications Memory Usage (in Kilobytes):
Uptime: 97436403 Realtime: 105264542

** MEMINFO in pid 14204 [com.arcfire.online] **
                   Pss  Private  Private  SwapPss      Rss     Heap     Heap     Heap
                 Total    Dirty    Clean    Dirty    Total     Size    Alloc     Free
                ------   ------   ------   ------   ------   ------   ------   ------
  Native Heap   376840   376800       28     3551   378116   532196   419139   108077
  Dalvik Heap    31329    30120       32       38    36352    32128    16064    16064
 Dalvik Other    18109     8588        0      172    28000                           
        Stack     3908     3908        0      276     3916                           
       Ashmem        9        0        0        0      556                           
    Other dev       10        0        8        0      556                           
     .so mmap     4427      228     1692       45    35156                           
    .jar mmap     2987        0     1000        0    35752                           
    .apk mmap    38311     2440    30652      140    60740                           
    .ttf mmap     2621        0     2440        0     3048                           
    .dex mmap    19435    11416     7488    15864    22192                           
    .oat mmap       30        0        0        0     1128                           
    .art mmap     5939     4816      128     3597    18948                           
   Other mmap    23227        4    17920        0    29544                           
   EGL mtrack    20311    20311        0        0    20311                           
    GL mtrack    32676    32676        0        0    32676                           
      Unknown    59203    58732      460       99    59828                           
        TOTAL   663154   550039    61848    23782   766819   564324   435203   124141
 
 App Summary
                       Pss(KB)                        Rss(KB)
                        ------                         ------
           Java Heap:    35064                          55300
         Native Heap:   376800                         378116
                Code:    57580                         177264
               Stack:     3908                           3916
            Graphics:    52987                          52987
       Private Other:    85548
              System:    51267
             Unknown:                                   99236
 
           TOTAL PSS:   663154            TOTAL RSS:   766819       TOTAL SWAP PSS:    23782
 
 Objects
               Views:      349         ViewRootImpl:        1
         AppContexts:       16           Activities:        1
              Assets:       41        AssetManagers:        0
       Local Binders:       26        Proxy Binders:       70
       Parcel memory:       26         Parcel count:       88
    Death Recipients:        0             WebViews:        0
 
 Native Allocations
                         Count                       Total(kB)
                        ------                         ------
    Other (malloced):     2687                            255
 Other (nonmalloced):      116                             81
   Bitmap (malloced):       15                           7507
 
 SQL
         MEMORY_USED:     2202
  PAGECACHE_OVERFLOW:     2012          MALLOC_SIZE:     3738
 
 DATABASES
      pgsz     dbsz   Lookaside(b) cache hits cache misses cache size  Dbname
PER CONNECTION STATS
         4     1264             70  2410  1891     5  /data/user/0/com.arcfire.online/databases/RKStorage
         4    15444            116  2122  1377    25  /data/user/0/com.arcfire.online/databases/firestore.%5BDEFAULT%5D.arcfire-49d69.%28default%29
POOL STATS
     cache hits  cache misses    cache size  Dbname
           2410          1892          4302  /data/user/0/com.arcfire.online/databases/RKStorage
           2122          1378          3500  /data/user/0/com.arcfire.online/databases/firestore.%5BDEFAULT%5D.arcfire-49d69.%28default%29

VmRSS:	  750092 kB
VmSwap:	   38956 kB
Threads:	113

===== 2026-07-11 16:30:11 pid=14204 =====
Applications Memory Usage (in Kilobytes):
Uptime: 98357900 Realtime: 106186039

** MEMINFO in pid 14204 [com.arcfire.online] **
                   Pss  Private  Private  SwapPss      Rss     Heap     Heap     Heap
                 Total    Dirty    Clean    Dirty    Total     Size    Alloc     Free
                ------   ------   ------   ------   ------   ------   ------   ------
  Native Heap   366840   366800       28     3551   368116   532708   424014   103443
  Dalvik Heap    29705    28496       32       38    34728    29811    14906    14905
 Dalvik Other    18329     8804        0      172    28224                           
        Stack     4024     4024        0      276     4032                           
       Ashmem        9        0        0        0      556                           
    Other dev       10        0        8        0      556                           
     .so mmap     4407      228     1652       45    35156                           
    .jar mmap     2987        0     1000        0    35752                           
    .apk mmap    38311     2440    30652      140    60740                           
    .ttf mmap     2575        0     2304        0     3092                           
    .dex mmap    19443    11416     7496    15856    22200                           
    .oat mmap       30        0        0        0     1128                           
    .art mmap     5939     4816      128     3597    18948                           
   Other mmap    23231        4    17920        0    29552                           
   EGL mtrack    20311    20311        0        0    20311                           
    GL mtrack    32676    32676        0        0    32676                           
      Unknown    59711    59240      460       99    60336                           
        TOTAL   652312   539255    61680    23774   756103   562519   438920   118348
 
 App Summary
                       Pss(KB)                        Rss(KB)
                        ------                         ------
           Java Heap:    33440                          53676
         Native Heap:   366800                         368116
                Code:    57412                         177324
               Stack:     4024                           4032
            Graphics:    52987                          52987
       Private Other:    86272
              System:    51377
             Unknown:                                   99968
 
           TOTAL PSS:   652312            TOTAL RSS:   756103       TOTAL SWAP PSS:    23774
 
 Objects
               Views:      356         ViewRootImpl:        1
         AppContexts:       16           Activities:        1
              Assets:       41        AssetManagers:        0
       Local Binders:       26        Proxy Binders:       70
       Parcel memory:       26         Parcel count:       88
    Death Recipients:        0             WebViews:        0
 
 Native Allocations
                         Count                       Total(kB)
                        ------                         ------
    Other (malloced):     2722                            258
 Other (nonmalloced):      116                             81
   Bitmap (malloced):       15                           7507
 
 SQL
         MEMORY_USED:     2202
  PAGECACHE_OVERFLOW:     2012          MALLOC_SIZE:     3738
 
 DATABASES
      pgsz     dbsz   Lookaside(b) cache hits cache misses cache size  Dbname
PER CONNECTION STATS
         4     1264             70  2624  2094     5  /data/user/0/com.arcfire.online/databases/RKStorage
         4    15444            116  2430  1500    25  /data/user/0/com.arcfire.online/databases/firestore.%5BDEFAULT%5D.arcfire-49d69.%28default%29
POOL STATS
     cache hits  cache misses    cache size  Dbname
           2624          2095          4719  /data/user/0/com.arcfire.online/databases/RKStorage
           2430          1501          3931  /data/user/0/com.arcfire.online/databases/firestore.%5BDEFAULT%5D.arcfire-49d69.%28default%29

VmRSS:	  740900 kB
VmSwap:	   38956 kB
Threads:	115

===== 2026-07-11 16:45:40 pid=14204 =====
Applications Memory Usage (in Kilobytes):
Uptime: 99287581 Realtime: 107115720

** MEMINFO in pid 14204 [com.arcfire.online] **
                   Pss  Private  Private  SwapPss      Rss     Heap     Heap     Heap
                 Total    Dirty    Clean    Dirty    Total     Size    Alloc     Free
                ------   ------   ------   ------   ------   ------   ------   ------
  Native Heap   367716   367676       28     3551   368992   532708   424671   102922
  Dalvik Heap    27313    26104       32       38    32336    27616    13808    13808
 Dalvik Other    18087     8536        0      172    28008                           
        Stack     3944     3944        0      276     3952                           
       Ashmem        9        0        0        0      556                           
    Other dev       10        0        8        0      556                           
     .so mmap     4407      228     1652       45    35156                           
    .jar mmap     2983        0     1000        0    35752                           
    .apk mmap    38311     2440    30652      140    60740                           
    .ttf mmap     2575        0     2304        0     3092                           
    .dex mmap    19451    11416     7504    15848    22208                           
    .oat mmap       30        0        0        0     1128                           
    .art mmap     5939     4816      128     3597    18948                           
   Other mmap    23237        4    17920        0    29564                           
   EGL mtrack    20311    20311        0        0    20311                           
    GL mtrack    32676    32676        0        0    32676                           
      Unknown    60403    59924      468       99    61028                           
        TOTAL   651168   538075    61696    23766   755003   560324   438479   116730
 
 App Summary
                       Pss(KB)                        Rss(KB)
                        ------                         ------
           Java Heap:    31048                          51284
         Native Heap:   367676                         368992
                Code:    57420                         177384
               Stack:     3944                           3952
            Graphics:    52987                          52987
       Private Other:    86696
              System:    51397
             Unknown:                                  100404
 
           TOTAL PSS:   651168            TOTAL RSS:   755003       TOTAL SWAP PSS:    23766
 
 Objects
               Views:      356         ViewRootImpl:        1
         AppContexts:       16           Activities:        1
              Assets:       41        AssetManagers:        0
       Local Binders:       26        Proxy Binders:       70
       Parcel memory:       26         Parcel count:       88
    Death Recipients:        0             WebViews:        0
 
 Native Allocations
                         Count                       Total(kB)
                        ------                         ------
    Other (malloced):     2722                            258
 Other (nonmalloced):      116                             81
   Bitmap (malloced):       15                           7507
 
 SQL
         MEMORY_USED:     2202
  PAGECACHE_OVERFLOW:     2012          MALLOC_SIZE:     3738
 
 DATABASES
      pgsz     dbsz   Lookaside(b) cache hits cache misses cache size  Dbname
PER CONNECTION STATS
         4     1264             70  2878  2337     5  /data/user/0/com.arcfire.online/databases/RKStorage
         4    15444            116  2738  1621    25  /data/user/0/com.arcfire.online/databases/firestore.%5BDEFAULT%5D.arcfire-49d69.%28default%29
POOL STATS
     cache hits  cache misses    cache size  Dbname
           2878          2338          5216  /data/user/0/com.arcfire.online/databases/RKStorage
           2738          1622          4360  /data/user/0/com.arcfire.online/databases/firestore.%5BDEFAULT%5D.arcfire-49d69.%28default%29

VmRSS:	  737440 kB
VmSwap:	   38956 kB
Threads:	114

===== 2026-07-11 17:01:07 pid=14204 =====
Applications Memory Usage (in Kilobytes):
Uptime: 100214297 Realtime: 108042436

** MEMINFO in pid 14204 [com.arcfire.online] **
                   Pss  Private  Private  SwapPss      Rss     Heap     Heap     Heap
                 Total    Dirty    Clean    Dirty    Total     Size    Alloc     Free
                ------   ------   ------   ------   ------   ------   ------   ------
  Native Heap   377108   377068       28     3551   378384   533476   439830    88436
  Dalvik Heap    25825    24616       32       38    30848    28383    14192    14191
 Dalvik Other    18135     8580        0      172    28060                           
        Stack     4072     4072        0      272     4080                           
       Ashmem        9        0        0        0      556                           
    Other dev       10        0        8        0      556                           
     .so mmap     4408      228     1652       45    35156                           
    .jar mmap     2980        0     1000        0    35752                           
    .apk mmap    38311     2440    30652      140    60740                           
    .ttf mmap     2591        0     2320        0     3108                           
    .dex mmap    19455    11416     7508    15844    22212                           
    .oat mmap       30        0        0        0     1128                           
    .art mmap     5939     4816      128     3597    18948                           
   Other mmap    23302        4    17980        0    29632                           
   EGL mtrack    20311    20311        0        0    20311                           
    GL mtrack    30584    30584        0        0    30584                           
      Unknown    60819    60332      476       99    61444                           
        TOTAL   657647   544467    61784    23758   761499   561859   454022   102627
 
 App Summary
                       Pss(KB)                        Rss(KB)
                        ------                         ------
           Java Heap:    29560                          49796
         Native Heap:   377068                         378384
                Code:    57440                         177412
               Stack:     4072                           4080
            Graphics:    50895                          50895
       Private Other:    87216
              System:    51396
             Unknown:                                  100932
 
           TOTAL PSS:   657647            TOTAL RSS:   761499       TOTAL SWAP PSS:    23758
 
 Objects
               Views:      349         ViewRootImpl:        1
         AppContexts:       16           Activities:        1
              Assets:       41        AssetManagers:        0
       Local Binders:       26        Proxy Binders:       70
       Parcel memory:       26         Parcel count:       88
    Death Recipients:        0             WebViews:        0
 
 Native Allocations
                         Count                       Total(kB)
                        ------                         ------
    Other (malloced):     2699                            256
 Other (nonmalloced):      116                             81
   Bitmap (malloced):       15                           7507
 
 SQL
         MEMORY_USED:     2202
  PAGECACHE_OVERFLOW:     2012          MALLOC_SIZE:     3738
 
 DATABASES
      pgsz     dbsz   Lookaside(b) cache hits cache misses cache size  Dbname
PER CONNECTION STATS
         4     1264             70  3082  2532     5  /data/user/0/com.arcfire.online/databases/RKStorage
         4    15444            116  3002  1740    25  /data/user/0/com.arcfire.online/databases/firestore.%5BDEFAULT%5D.arcfire-49d69.%28default%29
POOL STATS
     cache hits  cache misses    cache size  Dbname
           3082          2533          5615  /data/user/0/com.arcfire.online/databases/RKStorage
           3002          1741          4743  /data/user/0/com.arcfire.online/databases/firestore.%5BDEFAULT%5D.arcfire-49d69.%28default%29

VmRSS:	  747640 kB
VmSwap:	   38956 kB
Threads:	115

===== 2026-07-11 17:16:30 pid=14204 =====
Applications Memory Usage (in Kilobytes):
Uptime: 101137547 Realtime: 108965686

** MEMINFO in pid 14204 [com.arcfire.online] **
                   Pss  Private  Private  SwapPss      Rss     Heap     Heap     Heap
                 Total    Dirty    Clean    Dirty    Total     Size    Alloc     Free
                ------   ------   ------   ------   ------   ------   ------   ------
  Native Heap   377268   377228       28     3551   378544   533028   439997    87799
  Dalvik Heap    29517    28308       32       37    34540    31328    15664    15664
 Dalvik Other    17983     8428        0      172    27908                           
        Stack     3908     3908        0      272     3916                           
       Ashmem        9        0        0        0      556                           
    Other dev       10        0        8        0      556                           
     .so mmap     4404      228     1652       45    35156                           
    .jar mmap     2941        0      968        0    35752                           
    .apk mmap    38311     2440    30652      140    60740                           
    .ttf mmap     2623        0     2352        0     3140                           
    .dex mmap    19455    11416     7508    15844    22212                           
    .oat mmap       29        0        0        0     1128                           
    .art mmap     5938     4816      128     3596    18948                           
   Other mmap    23313       16    17980        0    29644                           
   EGL mtrack    28699    28699        0        0    28699                           
    GL mtrack    37652    37652        0        0    37652                           
      Unknown    61587    61132      444       99    62212                           
        TOTAL   677403   564271    61752    23756   781303   564356   455661   103463
 
 App Summary
                       Pss(KB)                        Rss(KB)
                        ------                         ------
           Java Heap:    33252                          53488
         Native Heap:   377228                         378544
                Code:    57440                         177444
               Stack:     3908                           3916
            Graphics:    66351                          66351
       Private Other:    87844
              System:    51380
             Unknown:                                  101560
 
           TOTAL PSS:   677403            TOTAL RSS:   781303       TOTAL SWAP PSS:    23756
 
 Objects
               Views:      359         ViewRootImpl:        1
         AppContexts:       16           Activities:        1
              Assets:       41        AssetManagers:        0
       Local Binders:       26        Proxy Binders:       70
       Parcel memory:       26         Parcel count:       88
    Death Recipients:        0             WebViews:        0
 
 Native Allocations
                         Count                       Total(kB)
                        ------                         ------
    Other (malloced):     2736                            260
 Other (nonmalloced):      116                             81
   Bitmap (malloced):       15                           7507
 
 SQL
         MEMORY_USED:     2202
  PAGECACHE_OVERFLOW:     2012          MALLOC_SIZE:     3738
 
 DATABASES
      pgsz     dbsz   Lookaside(b) cache hits cache misses cache size  Dbname
PER CONNECTION STATS
         4     1264             70  3084  2537     5  /data/user/0/com.arcfire.online/databases/RKStorage
         4    15444            116  3002  1791    25  /data/user/0/com.arcfire.online/databases/firestore.%5BDEFAULT%5D.arcfire-49d69.%28default%29
POOL STATS
     cache hits  cache misses    cache size  Dbname
           3084          2538          5622  /data/user/0/com.arcfire.online/databases/RKStorage
           3002          1792          4794  /data/user/0/com.arcfire.online/databases/firestore.%5BDEFAULT%5D.arcfire-49d69.%28default%29

VmRSS:	  751008 kB
VmSwap:	   38956 kB
Threads:	113

===== 2026-07-11 17:31:52 pid=14204 =====
Applications Memory Usage (in Kilobytes):
Uptime: 102059937 Realtime: 109888077

** MEMINFO in pid 14204 [com.arcfire.online] **
                   Pss  Private  Private  SwapPss      Rss     Heap     Heap     Heap
                 Total    Dirty    Clean    Dirty    Total     Size    Alloc     Free
                ------   ------   ------   ------   ------   ------   ------   ------
  Native Heap   372300   372260       28     3551   373576   534260   431829    97204
  Dalvik Heap    28670    27460       32       38    33692    29345    14678    14667
 Dalvik Other    18297     8740        0      172    28224                           
        Stack     3924     3924        0      272     3932                           
       Ashmem        9        0        0        0      556                           
    Other dev       10        0        8        0      556                           
     .so mmap     4411      228     1652       45    35156                           
    .jar mmap     2976        0      972        0    35756                           
    .apk mmap    38432     2440    30652      140    60740                           
    .ttf mmap     2623        0     2352        0     3140                           
    .dex mmap    19474    11416     7520    15832    22224                           
    .oat mmap       30        0        0        0     1128                           
    .art mmap     5940     4816      128     3597    18948                           
   Other mmap    23305        4    17980        0    29636                           
   EGL mtrack    20311    20311        0        0    20311                           
    GL mtrack    37068    37068        0        0    37068                           
      Unknown    61871    61392      468       99    62496                           
        TOTAL   663397   550059    61792    23746   767139   563605   446507   111871
 
 App Summary
                       Pss(KB)                        Rss(KB)
                        ------                         ------
           Java Heap:    32404                          52640
         Native Heap:   372260                         373576
                Code:    57456                         177464
               Stack:     3924                           3932
            Graphics:    57379                          57379
       Private Other:    88428
              System:    51546
             Unknown:                                  102148
 
           TOTAL PSS:   663397            TOTAL RSS:   767139       TOTAL SWAP PSS:    23746
 
 Objects
               Views:      349         ViewRootImpl:        1
         AppContexts:       16           Activities:        1
              Assets:       41        AssetManagers:        0
       Local Binders:       26        Proxy Binders:       70
       Parcel memory:       26         Parcel count:       88
    Death Recipients:        0             WebViews:        0
 
 Native Allocations
                         Count                       Total(kB)
                        ------                         ------
    Other (malloced):     2699                            256
 Other (nonmalloced):      116                             81
   Bitmap (malloced):       15                           7507
 
 SQL
         MEMORY_USED:     2202
  PAGECACHE_OVERFLOW:     2012          MALLOC_SIZE:     3738
 
 DATABASES
      pgsz     dbsz   Lookaside(b) cache hits cache misses cache size  Dbname
PER CONNECTION STATS
         4     1264             70  3084  2540     5  /data/user/0/com.arcfire.online/databases/RKStorage
         4    15444            116  3002  1842    25  /data/user/0/com.arcfire.online/databases/firestore.%5BDEFAULT%5D.arcfire-49d69.%28default%29
POOL STATS
     cache hits  cache misses    cache size  Dbname
           3084          2541          5625  /data/user/0/com.arcfire.online/databases/RKStorage
           3002          1843          4845  /data/user/0/com.arcfire.online/databases/firestore.%5BDEFAULT%5D.arcfire-49d69.%28default%29

VmRSS:	  749748 kB
VmSwap:	   38956 kB
Threads:	114

===== 2026-07-11 17:47:14 pid=14204 =====
Applications Memory Usage (in Kilobytes):
Uptime: 102981415 Realtime: 110809555

** MEMINFO in pid 14204 [com.arcfire.online] **
                   Pss  Private  Private  SwapPss      Rss     Heap     Heap     Heap
                 Total    Dirty    Clean    Dirty    Total     Size    Alloc     Free
                ------   ------   ------   ------   ------   ------   ------   ------
  Native Heap   370768   370728       28     3551   372044   534516   428046   101173
  Dalvik Heap    27538    26328       32       38    32560    27471    13738    13733
 Dalvik Other    18341     8780        0      172    28272                           
        Stack     3908     3908        0      272     3916                           
       Ashmem        9        0        0        0      556                           
    Other dev       10        0        8        0      556                           
     .so mmap     4414      228     1652       45    35156                           
    .jar mmap     2966        0      972        0    35756                           
    .apk mmap    38314     2440    30652      140    60740                           
    .ttf mmap     2623        0     2352        0     3140                           
    .dex mmap    19467    11416     7520    15832    22224                           
    .oat mmap       30        0        0        0     1128                           
    .art mmap     5940     4816      128     3597    18948                           
   Other mmap    23308        4    17980        0    29644                           
   EGL mtrack    20311    20311        0        0    20311                           
    GL mtrack    30584    30584        0        0    30584                           
      Unknown    62267    61796      460       99    62892                           
        TOTAL   654544   541339    61784    23746   758427   561987   441784   114906
 
 App Summary
                       Pss(KB)                        Rss(KB)
                        ------                         ------
           Java Heap:    31272                          51508
         Native Heap:   370728                         372044
                Code:    57456                         177472
               Stack:     3908                           3916
            Graphics:    50895                          50895
       Private Other:    88864
              System:    51421
             Unknown:                                  102592
 
           TOTAL PSS:   654544            TOTAL RSS:   758427       TOTAL SWAP PSS:    23746
 
 Objects
               Views:      349         ViewRootImpl:        1
         AppContexts:       16           Activities:        1
              Assets:       41        AssetManagers:        0
       Local Binders:       26        Proxy Binders:       70
       Parcel memory:       26         Parcel count:       88
    Death Recipients:        0             WebViews:        0
 
 Native Allocations
                         Count                       Total(kB)
                        ------                         ------
    Other (malloced):     2699                            256
 Other (nonmalloced):      116                             81
   Bitmap (malloced):       15                           7507
 
 SQL
         MEMORY_USED:     2202
  PAGECACHE_OVERFLOW:     2012          MALLOC_SIZE:     3738
 
 DATABASES
      pgsz     dbsz   Lookaside(b) cache hits cache misses cache size  Dbname
PER CONNECTION STATS
         4     1264             70  3084  2543     5  /data/user/0/com.arcfire.online/databases/RKStorage
         4    15444            116  3002  1895    25  /data/user/0/com.arcfire.online/databases/firestore.%5BDEFAULT%5D.arcfire-49d69.%28default%29
POOL STATS
     cache hits  cache misses    cache size  Dbname
           3084          2544          5628  /data/user/0/com.arcfire.online/databases/RKStorage
           3002          1896          4898  /data/user/0/com.arcfire.online/databases/firestore.%5BDEFAULT%5D.arcfire-49d69.%28default%29

VmRSS:	  744616 kB
VmSwap:	   38956 kB
Threads:	113

===== 2026-07-11 18:02:31 pid=14204 =====
Applications Memory Usage (in Kilobytes):
Uptime: 103898108 Realtime: 111726247

** MEMINFO in pid 14204 [com.arcfire.online] **
                   Pss  Private  Private  SwapPss      Rss     Heap     Heap     Heap
                 Total    Dirty    Clean    Dirty    Total     Size    Alloc     Free
                ------   ------   ------   ------   ------   ------   ------   ------
  Native Heap   370616   370576       28     3551   371892   534772   429228   100371
  Dalvik Heap    28974    27764       32       38    33996    29317    14659    14658
 Dalvik Other    18369     8808        0      172    28300                           
        Stack     3912     3912        0      272     3920                           
       Ashmem        9        0        0        0      556                           
    Other dev       10        0        8        0      556                           
     .so mmap     4414      228     1652       45    35156                           
    .jar mmap     2958        0      956        0    35756                           
    .apk mmap    38314     2440    30652      140    60740                           
    .ttf mmap     2671        0     2400        0     3188                           
    .dex mmap    19467    11416     7520    15832    22224                           
    .oat mmap       30        0        0        0     1128                           
    .art mmap     5940     4816      128     3597    18948                           
   Other mmap    23308        4    17980        0    29644                           
   EGL mtrack    20311    20311        0        0    20311                           
    GL mtrack    37068    37068        0        0    37068                           
      Unknown    63127    62648      468       99    63752                           
        TOTAL   663244   549991    61824    23746   767135   564089   443887   115029
 
 App Summary
                       Pss(KB)                        Rss(KB)
                        ------                         ------
           Java Heap:    32708                          52944
         Native Heap:   370576                         371892
                Code:    57488                         177520
               Stack:     3912                           3920
            Graphics:    57379                          57379
       Private Other:    89752
              System:    51429
             Unknown:                                  103480
 
           TOTAL PSS:   663244            TOTAL RSS:   767135       TOTAL SWAP PSS:    23746
 
 Objects
               Views:      380         ViewRootImpl:        1
         AppContexts:       16           Activities:        1
              Assets:       41        AssetManagers:        0
       Local Binders:       26        Proxy Binders:       70
       Parcel memory:       26         Parcel count:       88
    Death Recipients:        0             WebViews:        0
 
 Native Allocations
                         Count                       Total(kB)
                        ------                         ------
    Other (malloced):     2841                            270
 Other (nonmalloced):      116                             81
   Bitmap (malloced):       15                           7507
 
 SQL
         MEMORY_USED:     2202
  PAGECACHE_OVERFLOW:     2012          MALLOC_SIZE:     3738
 
 DATABASES
      pgsz     dbsz   Lookaside(b) cache hits cache misses cache size  Dbname
PER CONNECTION STATS
         4     1264             70  3084  2546     5  /data/user/0/com.arcfire.online/databases/RKStorage
         4    15444            116  3002  1946    25  /data/user/0/com.arcfire.online/databases/firestore.%5BDEFAULT%5D.arcfire-49d69.%28default%29
POOL STATS
     cache hits  cache misses    cache size  Dbname
           3084          2547          5631  /data/user/0/com.arcfire.online/databases/RKStorage
           3002          1947          4949  /data/user/0/com.arcfire.online/databases/firestore.%5BDEFAULT%5D.arcfire-49d69.%28default%29

VmRSS:	  749496 kB
VmSwap:	   38956 kB
Threads:	113

===== 2026-07-11 18:17:48 pid=14204 =====
Applications Memory Usage (in Kilobytes):
Uptime: 104815223 Realtime: 112643362

** MEMINFO in pid 14204 [com.arcfire.online] **
                   Pss  Private  Private  SwapPss      Rss     Heap     Heap     Heap
                 Total    Dirty    Clean    Dirty    Total     Size    Alloc     Free
                ------   ------   ------   ------   ------   ------   ------   ------
  Native Heap   373660   373620       28     3551   374936   535556   434766    95841
  Dalvik Heap    30410    29200       32       38    35432    28147    14074    14073
 Dalvik Other    18301     8736        0      172    28236                           
        Stack     4092     4092        0      272     4100                           
       Ashmem        9        0        0        0      556                           
    Other dev       10        0        8        0      556                           
     .so mmap     4414      228     1652       45    35156                           
    .jar mmap     2958        0      956        0    35756                           
    .apk mmap    38314     2440    30652      140    60740                           
    .ttf mmap     2671        0     2400        0     3188                           
    .dex mmap    19467    11416     7520    15832    22224                           
    .oat mmap       30        0        0        0     1128                           
    .art mmap     5939     4816      128     3597    18948                           
   Other mmap    23320       12    17980        0    29660                           
   EGL mtrack    20379    20379        0        0    20379                           
    GL mtrack    35024    35024        0        0    35024                           
      Unknown    64191    63720      460       99    64816                           
        TOTAL   666935   553683    61816    23746   770835   563703   448840   109914
 
 App Summary
                       Pss(KB)                        Rss(KB)
                        ------                         ------
           Java Heap:    34144                          54380
         Native Heap:   373620                         374936
                Code:    57488                         177528
               Stack:     4092                           4100
            Graphics:    55403                          55403
       Private Other:    90752
              System:    51436
             Unknown:                                  104488
 
           TOTAL PSS:   666935            TOTAL RSS:   770835       TOTAL SWAP PSS:    23746
 
 Objects
               Views:      386         ViewRootImpl:        1
         AppContexts:       16           Activities:        1
              Assets:       41        AssetManagers:        0
       Local Binders:       26        Proxy Binders:       70
       Parcel memory:       26         Parcel count:       86
    Death Recipients:        0             WebViews:        0
 
 Native Allocations
                         Count                       Total(kB)
                        ------                         ------
    Other (malloced):     2862                            272
 Other (nonmalloced):      116                             81
   Bitmap (malloced):       15                           7507
 
 SQL
         MEMORY_USED:     2206
  PAGECACHE_OVERFLOW:     2016          MALLOC_SIZE:     3738
 
 DATABASES
      pgsz     dbsz   Lookaside(b) cache hits cache misses cache size  Dbname
PER CONNECTION STATS
         4     1268             70  3222  2677     5  /data/user/0/com.arcfire.online/databases/RKStorage
         4    15444            116  3222  2047    25  /data/user/0/com.arcfire.online/databases/firestore.%5BDEFAULT%5D.arcfire-49d69.%28default%29
POOL STATS
     cache hits  cache misses    cache size  Dbname
           3222          2678          5900  /data/user/0/com.arcfire.online/databases/RKStorage
           3222          2048          5270  /data/user/0/com.arcfire.online/databases/firestore.%5BDEFAULT%5D.arcfire-49d69.%28default%29

VmRSS:	  753052 kB
VmSwap:	   38956 kB
Threads:	115

===== 2026-07-11 18:33:14 pid=14204 =====
Applications Memory Usage (in Kilobytes):
Uptime: 105743976 Realtime: 113572116

** MEMINFO in pid 14204 [com.arcfire.online] **
                   Pss  Private  Private  SwapPss      Rss     Heap     Heap     Heap
                 Total    Dirty    Clean    Dirty    Total     Size    Alloc     Free
                ------   ------   ------   ------   ------   ------   ------   ------
  Native Heap   372504   372464       28     3551   373780   535780   430889   100130
  Dalvik Heap    31486    30276       32       38    36508    30085    15043    15042
 Dalvik Other    18387     8808        0      172    28336                           
        Stack     4012     4012        0      272     4020                           
       Ashmem        9        0        0        0      556                           
    Other dev       10        0        8        0      556                           
     .so mmap     4427      228     1652       45    35156                           
    .jar mmap     2953        0      936        0    35756                           
    .apk mmap    38315     2440    30652      140    60740                           
    .ttf mmap     2723        0     2452        0     3240                           
    .dex mmap    19467    11416     7520    15832    22224                           
    .oat mmap       29        0        0        0     1128                           
    .art mmap     5939     4816      128     3597    18948                           
   Other mmap    23318        4    17980        0    29664                           
   EGL mtrack    20311    20311        0        0    20311                           
    GL mtrack    37068    37068        0        0    37068                           
      Unknown    64739    64236      492       99    65364                           
        TOTAL   669443   556079    61880    23746   773355   565865   445932   115172
 
 App Summary
                       Pss(KB)                        Rss(KB)
                        ------                         ------
           Java Heap:    35220                          55456
         Native Heap:   372464                         373780
                Code:    57528                         177616
               Stack:     4012                           4020
            Graphics:    57379                          57379
       Private Other:    91356
              System:    51484
             Unknown:                                  105104
 
           TOTAL PSS:   669443            TOTAL RSS:   773355       TOTAL SWAP PSS:    23746
 
 Objects
               Views:      380         ViewRootImpl:        1
         AppContexts:       16           Activities:        1
              Assets:       41        AssetManagers:        0
       Local Binders:       26        Proxy Binders:       70
       Parcel memory:       26         Parcel count:       86
    Death Recipients:        0             WebViews:        0
 
 Native Allocations
                         Count                       Total(kB)
                        ------                         ------
    Other (malloced):     2843                            270
 Other (nonmalloced):      116                             81
   Bitmap (malloced):       15                           7507
 
 SQL
         MEMORY_USED:     2206
  PAGECACHE_OVERFLOW:     2016          MALLOC_SIZE:     3738
 
 DATABASES
      pgsz     dbsz   Lookaside(b) cache hits cache misses cache size  Dbname
PER CONNECTION STATS
         4     1268             70  3486  2928     5  /data/user/0/com.arcfire.online/databases/RKStorage
         4    15444            116  3574  2180    25  /data/user/0/com.arcfire.online/databases/firestore.%5BDEFAULT%5D.arcfire-49d69.%28default%29
POOL STATS
     cache hits  cache misses    cache size  Dbname
           3486          2929          6415  /data/user/0/com.arcfire.online/databases/RKStorage
           3574          2181          5755  /data/user/0/com.arcfire.online/databases/firestore.%5BDEFAULT%5D.arcfire-49d69.%28default%29

VmRSS:	  752396 kB
VmSwap:	   38956 kB
Threads:	115

===== 2026-07-11 18:48:40 pid=14204 =====
Applications Memory Usage (in Kilobytes):
Uptime: 106667291 Realtime: 114495430

** MEMINFO in pid 14204 [com.arcfire.online] **
                   Pss  Private  Private  SwapPss      Rss     Heap     Heap     Heap
                 Total    Dirty    Clean    Dirty    Total     Size    Alloc     Free
                ------   ------   ------   ------   ------   ------   ------   ------
  Native Heap   375468   375428       28     3551   376744   536052   435343    96028
  Dalvik Heap    32842    31628       36       38    37860    27307    13654    13653
 Dalvik Other    18663     9080        0      172    28616                           
        Stack     3884     3884        0      272     3892                           
       Ashmem        9        0        0        0      556                           
    Other dev       11        0        8        0      556                           
     .so mmap     4575      228     1692       45    35156                           
    .jar mmap     2901        0      924        0    35784                           
    .apk mmap    38056     2440    30664      140    60740                           
    .ttf mmap     2694        0     2396        0     3240                           
    .dex mmap    19449    11416     7520    15832    22224                           
    .oat mmap       27        0        0        0     1128                           
    .art mmap     5935     4816      124     3597    18948                           
   Other mmap    23329        4    17996        0    29672                           
   EGL mtrack    20311    20311        0        0    20311                           
    GL mtrack    35016    35016        0        0    35016                           
      Unknown    65255    64784      460       99    65880                           
        TOTAL   672171   559035    61848    23746   776323   563359   448997   109681
 
 App Summary
                       Pss(KB)                        Rss(KB)
                        ------                         ------
           Java Heap:    36568                          56808
         Native Heap:   375428                         376744
                Code:    57512                         177652
               Stack:     3884                           3892
            Graphics:    55327                          55327
       Private Other:    92164
              System:    51288
             Unknown:                                  105900
 
           TOTAL PSS:   672171            TOTAL RSS:   776323       TOTAL SWAP PSS:    23746
 
 Objects
               Views:      378         ViewRootImpl:        1
         AppContexts:       16           Activities:        1
              Assets:       41        AssetManagers:        0
       Local Binders:       26        Proxy Binders:       70
       Parcel memory:       25         Parcel count:       84
    Death Recipients:        0             WebViews:        0
 
 Native Allocations
                         Count                       Total(kB)
                        ------                         ------
    Other (malloced):     2840                            270
 Other (nonmalloced):      116                             81
   Bitmap (malloced):       15                           7507
 
 SQL
         MEMORY_USED:     2206
  PAGECACHE_OVERFLOW:     2016          MALLOC_SIZE:     3738
 
 DATABASES
      pgsz     dbsz   Lookaside(b) cache hits cache misses cache size  Dbname
PER CONNECTION STATS
         4     1268             70  3750  3179     5  /data/user/0/com.arcfire.online/databases/RKStorage
         4    15444            116  3926  2311    25  /data/user/0/com.arcfire.online/databases/firestore.%5BDEFAULT%5D.arcfire-49d69.%28default%29
POOL STATS
     cache hits  cache misses    cache size  Dbname
           3750          3180          6930  /data/user/0/com.arcfire.online/databases/RKStorage
           3926          2312          6238  /data/user/0/com.arcfire.online/databases/firestore.%5BDEFAULT%5D.arcfire-49d69.%28default%29

VmRSS:	  756696 kB
VmSwap:	   38956 kB
Threads:	112

===== 2026-07-11 19:04:03 pid=14204 =====
Applications Memory Usage (in Kilobytes):
Uptime: 107590620 Realtime: 115418759

** MEMINFO in pid 14204 [com.arcfire.online] **
                   Pss  Private  Private  SwapPss      Rss     Heap     Heap     Heap
                 Total    Dirty    Clean    Dirty    Total     Size    Alloc     Free
                ------   ------   ------   ------   ------   ------   ------   ------
  Native Heap   375044   375004       28     3551   376320   536840   434955    97036
  Dalvik Heap    32246    31032       36       38    37264    31174    15587    15587
 Dalvik Other    18173     8588        0      172    28128                           
        Stack     3780     3780        0      272     3788                           
       Ashmem        9        0        0        0      556                           
    Other dev       11        0        8        0      556                           
     .so mmap     4575      228     1692       45    35156                           
    .jar mmap     2900        0      924        0    35784                           
    .apk mmap    38056     2440    30664      140    60740                           
    .ttf mmap     2694        0     2396        0     3240                           
    .dex mmap    19449    11416     7520    15832    22224                           
    .oat mmap       27        0        0        0     1128                           
    .art mmap     5935     4816      124     3597    18948                           
   Other mmap    23347       20    17996        0    29692                           
   EGL mtrack    41631    41631        0        0    41631                           
    GL mtrack    39776    39776        0        0    39776                           
      Unknown    65899    65412      476       99    66524                           
        TOTAL   697298   584143    61864    23746   801455   568014   450542   112623
 
 App Summary
                       Pss(KB)                        Rss(KB)
                        ------                         ------
           Java Heap:    35972                          56212
         Native Heap:   375004                         376320
                Code:    57512                         177656
               Stack:     3780                           3788
            Graphics:    81407                          81407
       Private Other:    92332
              System:    51291
             Unknown:                                  106072
 
           TOTAL PSS:   697298            TOTAL RSS:   801455       TOTAL SWAP PSS:    23746
 
 Objects
               Views:      405         ViewRootImpl:        1
         AppContexts:       16           Activities:        1
              Assets:       41        AssetManagers:        0
       Local Binders:       26        Proxy Binders:       70
       Parcel memory:       26         Parcel count:       86
    Death Recipients:        0             WebViews:        0
 
 Native Allocations
                         Count                       Total(kB)
                        ------                         ------
    Other (malloced):     2958                            281
 Other (nonmalloced):      116                             81
   Bitmap (malloced):       15                           7507
 
 SQL
         MEMORY_USED:     2206
  PAGECACHE_OVERFLOW:     2016          MALLOC_SIZE:     3738
 
 DATABASES
      pgsz     dbsz   Lookaside(b) cache hits cache misses cache size  Dbname
PER CONNECTION STATS
         4     1268             70  3766  3198     5  /data/user/0/com.arcfire.online/databases/RKStorage
         4    15444            116  3926  2364    25  /data/user/0/com.arcfire.online/databases/firestore.%5BDEFAULT%5D.arcfire-49d69.%28default%29
POOL STATS
     cache hits  cache misses    cache size  Dbname
           3766          3199          6965  /data/user/0/com.arcfire.online/databases/RKStorage
           3926          2365          6291  /data/user/0/com.arcfire.online/databases/firestore.%5BDEFAULT%5D.arcfire-49d69.%28default%29

VmRSS:	  761412 kB
VmSwap:	   38956 kB
Threads:	111

===== 2026-07-11 19:19:27 pid=14204 =====
Applications Memory Usage (in Kilobytes):
Uptime: 108514340 Realtime: 116342479

** MEMINFO in pid 14204 [com.arcfire.online] **
                   Pss  Private  Private  SwapPss      Rss     Heap     Heap     Heap
                 Total    Dirty    Clean    Dirty    Total     Size    Alloc     Free
                ------   ------   ------   ------   ------   ------   ------   ------
  Native Heap   373744   373704       28     3551   375020   537080   432084   100011
  Dalvik Heap    27934    26720       36       38    32952    28927    14467    14460
 Dalvik Other    18171     8580        0      172    28132                           
        Stack     3932     3932        0      272     3940                           
       Ashmem        9        0        0        0      556                           
    Other dev       11        0        8        0      556                           
     .so mmap     4575      228     1692       45    35156                           
    .jar mmap     2899        0      924        0    35784                           
    .apk mmap    38056     2440    30664      140    60740                           
    .ttf mmap     2694        0     2396        0     3240                           
    .dex mmap    19453    11416     7524    15828    22228                           
    .oat mmap       27        0        0        0     1128                           
    .art mmap     5934     4816      124     3597    18948                           
   Other mmap    23337        4    17996        0    29688                           
   EGL mtrack    20311    20311        0        0    20311                           
    GL mtrack    35016    35016        0        0    35016                           
      Unknown    66423    65936      476       99    67048                           
        TOTAL   666268   553103    61868    23742   770443   566007   446551   114471
 
 App Summary
                       Pss(KB)                        Rss(KB)
                        ------                         ------
           Java Heap:    31660                          51900
         Native Heap:   373704                         375020
                Code:    57516                         177672
               Stack:     3932                           3940
            Graphics:    55327                          55327
       Private Other:    92832
              System:    51297
             Unknown:                                  106584
 
           TOTAL PSS:   666268            TOTAL RSS:   770443       TOTAL SWAP PSS:    23742
 
 Objects
               Views:      380         ViewRootImpl:        1
         AppContexts:       16           Activities:        1
              Assets:       41        AssetManagers:        0
       Local Binders:       26        Proxy Binders:       70
       Parcel memory:       26         Parcel count:       88
    Death Recipients:        0             WebViews:        0
 
 Native Allocations
                         Count                       Total(kB)
                        ------                         ------
    Other (malloced):     2841                            270
 Other (nonmalloced):      116                             81
   Bitmap (malloced):       15                           7507
 
 SQL
         MEMORY_USED:     2206
  PAGECACHE_OVERFLOW:     2016          MALLOC_SIZE:     3738
 
 DATABASES
      pgsz     dbsz   Lookaside(b) cache hits cache misses cache size  Dbname
PER CONNECTION STATS
         4     1268             70  3776  3209     5  /data/user/0/com.arcfire.online/databases/RKStorage
         4    15444            116  3970  2425    25  /data/user/0/com.arcfire.online/databases/firestore.%5BDEFAULT%5D.arcfire-49d69.%28default%29
POOL STATS
     cache hits  cache misses    cache size  Dbname
           3776          3210          6986  /data/user/0/com.arcfire.online/databases/RKStorage
           3970          2426          6396  /data/user/0/com.arcfire.online/databases/firestore.%5BDEFAULT%5D.arcfire-49d69.%28default%29

VmRSS:	  755356 kB
VmSwap:	   38956 kB
Threads:	113

===== 2026-07-11 19:34:50 pid=14204 =====
Applications Memory Usage (in Kilobytes):
Uptime: 109439619 Realtime: 117267759

** MEMINFO in pid 14204 [com.arcfire.online] **
                   Pss  Private  Private  SwapPss      Rss     Heap     Heap     Heap
                 Total    Dirty    Clean    Dirty    Total     Size    Alloc     Free
                ------   ------   ------   ------   ------   ------   ------   ------
  Native Heap   378268   378228       28     3551   379544   537832   442236    90764
  Dalvik Heap    34130    32916       36       38    39148    36087    18044    18043
 Dalvik Other    18259     8668        0      172    28220                           
        Stack     4024     4024        0      272     4032                           
       Ashmem        9        0        0        0      556                           
    Other dev       11        0        8        0      556                           
     .so mmap     4575      228     1692       45    35156                           
    .jar mmap     2889        0      924        0    35784                           
    .apk mmap    38055     2440    30664      140    60740                           
    .ttf mmap     2694        0     2396        0     3240                           
    .dex mmap    19453    11416     7524    15828    22228                           
    .oat mmap       27        0        0        0     1128                           
    .art mmap     5934     4816      124     3597    18948                           
   Other mmap    23337        4    17996        0    29688                           
   EGL mtrack    20311    20311        0        0    20311                           
    GL mtrack    35016    35016        0        0    35016                           
      Unknown    66959    66464      484       99    67584                           
        TOTAL   677693   564531    61876    23742   781879   573919   460280   108807
 
 App Summary
                       Pss(KB)                        Rss(KB)
                        ------                         ------
           Java Heap:    37856                          58096
         Native Heap:   378228                         379544
                Code:    57516                         177672
               Stack:     4024                           4032
            Graphics:    55327                          55327
       Private Other:    93456
              System:    51286
             Unknown:                                  107208
 
           TOTAL PSS:   677693            TOTAL RSS:   781879       TOTAL SWAP PSS:    23742
 
 Objects
               Views:      381         ViewRootImpl:        1
         AppContexts:       16           Activities:        1
              Assets:       41        AssetManagers:        0
       Local Binders:       26        Proxy Binders:       70
       Parcel memory:       27         Parcel count:       90
    Death Recipients:        0             WebViews:        0
 
 Native Allocations
                         Count                       Total(kB)
                        ------                         ------
    Other (malloced):     2850                            271
 Other (nonmalloced):      116                             81
   Bitmap (malloced):       15                           7507
 
 SQL
         MEMORY_USED:     2206
  PAGECACHE_OVERFLOW:     2016          MALLOC_SIZE:     3738
 
 DATABASES
      pgsz     dbsz   Lookaside(b) cache hits cache misses cache size  Dbname
PER CONNECTION STATS
         4     1268             70  3776  3212     5  /data/user/0/com.arcfire.online/databases/RKStorage
         4    15444            116  3970  2476    25  /data/user/0/com.arcfire.online/databases/firestore.%5BDEFAULT%5D.arcfire-49d69.%28default%29
POOL STATS
     cache hits  cache misses    cache size  Dbname
           3776          3213          6989  /data/user/0/com.arcfire.online/databases/RKStorage
           3970          2477          6447  /data/user/0/com.arcfire.online/databases/firestore.%5BDEFAULT%5D.arcfire-49d69.%28default%29

VmRSS:	  761128 kB
VmSwap:	   38956 kB
Threads:	116

===== 2026-07-11 19:50:16 pid=14204 =====
Applications Memory Usage (in Kilobytes):
Uptime: 110363309 Realtime: 118191448

** MEMINFO in pid 14204 [com.arcfire.online] **
                   Pss  Private  Private  SwapPss      Rss     Heap     Heap     Heap
                 Total    Dirty    Clean    Dirty    Total     Size    Alloc     Free
                ------   ------   ------   ------   ------   ------   ------   ------
  Native Heap   380940   380900       28     3551   382216   538840   447390    86414
  Dalvik Heap    33458    32244       36       38    38476    35557    17781    17776
 Dalvik Other    18385     8792        0      172    28348                           
        Stack     3936     3936        0      272     3944                           
       Ashmem        9        0        0        0      556                           
    Other dev       11        0        8        0      556                           
     .so mmap     4575      228     1692       45    35156                           
    .jar mmap     2889        0      924        0    35784                           
    .apk mmap    38055     2440    30664      140    60740                           
    .ttf mmap     2694        0     2396        0     3240                           
    .dex mmap    19453    11416     7524    15828    22228                           
    .oat mmap       27        0        0        0     1128                           
    .art mmap     5934     4816      124     3597    18948                           
   Other mmap    23339        4    17996        0    29692                           
   EGL mtrack    20311    20311        0        0    20311                           
    GL mtrack    35016    35016        0        0    35016                           
      Unknown    67523    67044      468       99    68148                           
        TOTAL   680297   567147    61860    23742   784487   574397   465171   104190
 
 App Summary
                       Pss(KB)                        Rss(KB)
                        ------                         ------
           Java Heap:    37184                          57424
         Native Heap:   380900                         382216
                Code:    57516                         177676
               Stack:     3936                           3944
            Graphics:    55327                          55327
       Private Other:    94144
              System:    51290
             Unknown:                                  107900
 
           TOTAL PSS:   680297            TOTAL RSS:   784487       TOTAL SWAP PSS:    23742
 
 Objects
               Views:      380         ViewRootImpl:        1
         AppContexts:       16           Activities:        1
              Assets:       41        AssetManagers:        0
       Local Binders:       26        Proxy Binders:       70
       Parcel memory:       26         Parcel count:       88
    Death Recipients:        0             WebViews:        0
 
 Native Allocations
                         Count                       Total(kB)
                        ------                         ------
    Other (malloced):     2841                            270
 Other (nonmalloced):      116                             81
   Bitmap (malloced):       15                           7507
 
 SQL
         MEMORY_USED:     2206
  PAGECACHE_OVERFLOW:     2016          MALLOC_SIZE:     3738
 
 DATABASES
      pgsz     dbsz   Lookaside(b) cache hits cache misses cache size  Dbname
PER CONNECTION STATS
         4     1268             70  3776  3215     5  /data/user/0/com.arcfire.online/databases/RKStorage
         4    15444            116  3970  2529    25  /data/user/0/com.arcfire.online/databases/firestore.%5BDEFAULT%5D.arcfire-49d69.%28default%29
POOL STATS
     cache hits  cache misses    cache size  Dbname
           3776          3216          6992  /data/user/0/com.arcfire.online/databases/RKStorage
           3970          2530          6500  /data/user/0/com.arcfire.online/databases/firestore.%5BDEFAULT%5D.arcfire-49d69.%28default%29

VmRSS:	  763748 kB
VmSwap:	   38956 kB
Threads:	113

===== 2026-07-11 20:05:39 pid=14204 =====
Applications Memory Usage (in Kilobytes):
Uptime: 111287096 Realtime: 119115235

** MEMINFO in pid 14204 [com.arcfire.online] **
                   Pss  Private  Private  SwapPss      Rss     Heap     Heap     Heap
                 Total    Dirty    Clean    Dirty    Total     Size    Alloc     Free
                ------   ------   ------   ------   ------   ------   ------   ------
  Native Heap   382244   382204       28     3551   383520   546352   442078    99401
  Dalvik Heap    31718    30504       36       38    36736    33484    16743    16741
 Dalvik Other    18239     8616        0      172    28232                           
        Stack     4080     4080        0      272     4088                           
       Ashmem        9        0        0        0      556                           
    Other dev       11        0        8        0      556                           
     .so mmap     4575      228     1692       45    35156                           
    .jar mmap     2889        0      924        0    35784                           
    .apk mmap    38055     2440    30664      140    60740                           
    .ttf mmap     2694        0     2396        0     3240                           
    .dex mmap    19461    11416     7532    15820    22236                           
    .oat mmap       27        0        0        0     1128                           
    .art mmap     5934     4816      124     3597    18948                           
   Other mmap    23345        4    17996        0    29704                           
   EGL mtrack    20311    20311        0        0    20311                           
    GL mtrack    37068    37068        0        0    37068                           
      Unknown    68227    67676      540       99    68852                           
        TOTAL   682621   569363    61940    23734   786855   579836   458821   116142
 
 App Summary
                       Pss(KB)                        Rss(KB)
                        ------                         ------
           Java Heap:    35444                          55684
         Native Heap:   382204                         383520
                Code:    57528                         177748
               Stack:     4080                           4088
            Graphics:    57379                          57379
       Private Other:    94668
              System:    51318
             Unknown:                                  108436
 
           TOTAL PSS:   682621            TOTAL RSS:   786855       TOTAL SWAP PSS:    23734
 
 Objects
               Views:      401         ViewRootImpl:        1
         AppContexts:       16           Activities:        1
              Assets:       41        AssetManagers:        0
       Local Binders:       26        Proxy Binders:       70
       Parcel memory:       25         Parcel count:       84
    Death Recipients:        0             WebViews:        0
 
 Native Allocations
                         Count                       Total(kB)
                        ------                         ------
    Other (malloced):     2962                            281
 Other (nonmalloced):      116                             81
   Bitmap (malloced):       16                           8223
 
 SQL
         MEMORY_USED:     2462
  PAGECACHE_OVERFLOW:     2268          MALLOC_SIZE:     3738
 
 DATABASES
      pgsz     dbsz   Lookaside(b) cache hits cache misses cache size  Dbname
PER CONNECTION STATS
         4     1268             70  3790  3228     5  /data/user/0/com.arcfire.online/databases/RKStorage
         4    16524            106  4203  2646    25  /data/user/0/com.arcfire.online/databases/firestore.%5BDEFAULT%5D.arcfire-49d69.%28default%29
POOL STATS
     cache hits  cache misses    cache size  Dbname
           3790          3229          7019  /data/user/0/com.arcfire.online/databases/RKStorage
           4203          2647          6850  /data/user/0/com.arcfire.online/databases/firestore.%5BDEFAULT%5D.arcfire-49d69.%28default%29

VmRSS:	  766184 kB
VmSwap:	   38956 kB
Threads:	121

===== 2026-07-11 20:21:03 pid=14204 =====
Applications Memory Usage (in Kilobytes):
Uptime: 112210197 Realtime: 120038336

** MEMINFO in pid 14204 [com.arcfire.online] **
                   Pss  Private  Private  SwapPss      Rss     Heap     Heap     Heap
                 Total    Dirty    Clean    Dirty    Total     Size    Alloc     Free
                ------   ------   ------   ------   ------   ------   ------   ------
  Native Heap   378724   378684       28     3551   380000   540136   437866    97126
  Dalvik Heap    30246    29032       36       38    35264    26517    13259    13258
 Dalvik Other    18413     8788        0      172    28408                           
        Stack     3864     3864        0      272     3872                           
       Ashmem        9        0        0        0      556                           
    Other dev       11        0        8        0      556                           
     .so mmap     4575      228     1692       45    35156                           
    .jar mmap     2878        0      916        0    35784                           
    .apk mmap    38055     2440    30664      140    60740                           
    .ttf mmap     2694        0     2396        0     3240                           
    .dex mmap    19465    11416     7536    15816    22240                           
    .oat mmap       27        0        0        0     1128                           
    .art mmap     5934     4816      124     3597    18948                           
   Other mmap    23355       12    17996        0    29716                           
   EGL mtrack    20447    20447        0        0    20447                           
    GL mtrack    41360    41360        0        0    41360                           
      Unknown    68731    68228      492       99    69356                           
        TOTAL   682518   569315    61888    23730   786771   566653   451125   110384
 
 App Summary
                       Pss(KB)                        Rss(KB)
                        ------                         ------
           Java Heap:    33972                          54212
         Native Heap:   378684                         380000
                Code:    57524                         177756
               Stack:     3864                           3872
            Graphics:    61807                          61807
       Private Other:    95352
              System:    51315
             Unknown:                                  109124
 
           TOTAL PSS:   682518            TOTAL RSS:   786771       TOTAL SWAP PSS:    23730
 
 Objects
               Views:      380         ViewRootImpl:        1
         AppContexts:       16           Activities:        1
              Assets:       41        AssetManagers:        0
       Local Binders:       26        Proxy Binders:       70
       Parcel memory:       26         Parcel count:       86
    Death Recipients:        0             WebViews:        0
 
 Native Allocations
                         Count                       Total(kB)
                        ------                         ------
    Other (malloced):     2841                            270
 Other (nonmalloced):      116                             81
   Bitmap (malloced):       15                           7507
 
 SQL
         MEMORY_USED:     2466
  PAGECACHE_OVERFLOW:     2272          MALLOC_SIZE:     3738
 
 DATABASES
      pgsz     dbsz   Lookaside(b) cache hits cache misses cache size  Dbname
PER CONNECTION STATS
         4     1268             70  3790  3231     5  /data/user/0/com.arcfire.online/databases/RKStorage
         4    16524            106  4203  2705    25  /data/user/0/com.arcfire.online/databases/firestore.%5BDEFAULT%5D.arcfire-49d69.%28default%29
POOL STATS
     cache hits  cache misses    cache size  Dbname
           3790          3232          7022  /data/user/0/com.arcfire.online/databases/RKStorage
           4203          2706          6909  /data/user/0/com.arcfire.online/databases/firestore.%5BDEFAULT%5D.arcfire-49d69.%28default%29

VmRSS:	  760136 kB
VmSwap:	   38828 kB
Threads:	112

===== 2026-07-11 20:36:26 pid=14204 =====
Applications Memory Usage (in Kilobytes):
Uptime: 113135480 Realtime: 120963619

** MEMINFO in pid 14204 [com.arcfire.online] **
                   Pss  Private  Private  SwapPss      Rss     Heap     Heap     Heap
                 Total    Dirty    Clean    Dirty    Total     Size    Alloc     Free
                ------   ------   ------   ------   ------   ------   ------   ------
  Native Heap   384544   384504       28     3551   385820   540136   449595    85492
  Dalvik Heap    32522    31308       36       38    37540    33320    16660    16660
 Dalvik Other    18413     8788        0      172    28408                           
        Stack     4032     4032        0      272     4040                           
       Ashmem        9        0        0        0      556                           
    Other dev       11        0        8        0      556                           
     .so mmap     4575      228     1692       45    35156                           
    .jar mmap     2875        0      916        0    35784                           
    .apk mmap    38054     2440    30664      140    60740                           
    .ttf mmap     2648        0     2304        0     3240                           
    .dex mmap    19465    11416     7536    15816    22240                           
    .oat mmap       27        0        0        0     1128                           
    .art mmap     5932     4816      120     3597    18948                           
   Other mmap    23347        4    17996        0    29708                           
   EGL mtrack    20311    20311        0        0    20311                           
    GL mtrack    30584    30584        0        0    30584                           
      Unknown    69467    68956      500       99    70092                           
        TOTAL   680546   567387    61800    23730   784851   573456   466255   102152
 
 App Summary
                       Pss(KB)                        Rss(KB)
                        ------                         ------
           Java Heap:    36244                          56488
         Native Heap:   384504                         385820
                Code:    57432                         177756
               Stack:     4032                           4040
            Graphics:    50895                          50895
       Private Other:    96080
              System:    51359
             Unknown:                                  109852
 
           TOTAL PSS:   680546            TOTAL RSS:   784851       TOTAL SWAP PSS:    23730
 
 Objects
               Views:      380         ViewRootImpl:        1
         AppContexts:       16           Activities:        1
              Assets:       41        AssetManagers:        0
       Local Binders:       26        Proxy Binders:       70
       Parcel memory:       26         Parcel count:       88
    Death Recipients:        0             WebViews:        0
 
 Native Allocations
                         Count                       Total(kB)
                        ------                         ------
    Other (malloced):     2841                            270
 Other (nonmalloced):      116                             81
   Bitmap (malloced):       15                           7507
 
 SQL
         MEMORY_USED:     2466
  PAGECACHE_OVERFLOW:     2272          MALLOC_SIZE:     3738
 
 DATABASES
      pgsz     dbsz   Lookaside(b) cache hits cache misses cache size  Dbname
PER CONNECTION STATS
         4     1268             70  3790  3234     5  /data/user/0/com.arcfire.online/databases/RKStorage
         4    16524            106  4203  2756    25  /data/user/0/com.arcfire.online/databases/firestore.%5BDEFAULT%5D.arcfire-49d69.%28default%29
POOL STATS
     cache hits  cache misses    cache size  Dbname
           3790          3235          7025  /data/user/0/com.arcfire.online/databases/RKStorage
           4203          2757          6960  /data/user/0/com.arcfire.online/databases/firestore.%5BDEFAULT%5D.arcfire-49d69.%28default%29

VmRSS:	  763216 kB
VmSwap:	   38828 kB
Threads:	114

===== 2026-07-11 20:51:52 pid=14204 =====
Applications Memory Usage (in Kilobytes):
Uptime: 114059393 Realtime: 121887532

** MEMINFO in pid 14204 [com.arcfire.online] **
                   Pss  Private  Private  SwapPss      Rss     Heap     Heap     Heap
                 Total    Dirty    Clean    Dirty    Total     Size    Alloc     Free
                ------   ------   ------   ------   ------   ------   ------   ------
  Native Heap   376108   376068       28     3551   377384   541140   433660   102377
  Dalvik Heap    29630    28416       36       38    34648    28706    14353    14353
 Dalvik Other    18055     8424        0      172    28056                           
        Stack     3984     3984        0      272     3992                           
       Ashmem        9        0        0        0      556                           
    Other dev       11        0        8        0      556                           
     .so mmap     4575      228     1692       45    35156                           
    .jar mmap     2863        0      896        0    35784                           
    .apk mmap    38054     2440    30664      140    60740                           
    .ttf mmap     2648        0     2304        0     3240                           
    .dex mmap    19469    11416     7540    15812    22244                           
    .oat mmap       27        0        0        0     1128                           
    .art mmap     5932     4816      120     3597    18948                           
   Other mmap    23353        4    17996        0    29720                           
   EGL mtrack    20311    20311        0        0    20311                           
    GL mtrack    35016    35016        0        0    35016                           
      Unknown    70215    69712      492       99    70840                           
        TOTAL   673986   560835    61776    23726   778319   569846   448013   116730
 
 App Summary
                       Pss(KB)                        Rss(KB)
                        ------                         ------
           Java Heap:    33352                          53596
         Native Heap:   376068                         377384
                Code:    57416                         177772
               Stack:     3984                           3992
            Graphics:    55327                          55327
       Private Other:    96464
              System:    51375
             Unknown:                                  110248
 
           TOTAL PSS:   673986            TOTAL RSS:   778319       TOTAL SWAP PSS:    23726
 
 Objects
               Views:      379         ViewRootImpl:        1
         AppContexts:       16           Activities:        1
              Assets:       41        AssetManagers:        0
       Local Binders:       26        Proxy Binders:       70
       Parcel memory:       26         Parcel count:       86
    Death Recipients:        0             WebViews:        0
 
 Native Allocations
                         Count                       Total(kB)
                        ------                         ------
    Other (malloced):     2842                            270
 Other (nonmalloced):      116                             81
   Bitmap (malloced):       15                           7507
 
 SQL
         MEMORY_USED:     2174
  PAGECACHE_OVERFLOW:     1982          MALLOC_SIZE:     3738
 
 DATABASES
      pgsz     dbsz   Lookaside(b) cache hits cache misses cache size  Dbname
PER CONNECTION STATS
         4     1264             70  3926  3365     5  /data/user/0/com.arcfire.online/databases/RKStorage
         4    16524            111  4369  2857    25  /data/user/0/com.arcfire.online/databases/firestore.%5BDEFAULT%5D.arcfire-49d69.%28default%29
POOL STATS
     cache hits  cache misses    cache size  Dbname
           3926          3366          7292  /data/user/0/com.arcfire.online/databases/RKStorage
           4369          2858          7227  /data/user/0/com.arcfire.online/databases/firestore.%5BDEFAULT%5D.arcfire-49d69.%28default%29

VmRSS:	  761028 kB
VmSwap:	   38828 kB
Threads:	114

===== 2026-07-11 21:07:19 pid=14204 =====
Applications Memory Usage (in Kilobytes):
Uptime: 114986203 Realtime: 122814342

** MEMINFO in pid 14204 [com.arcfire.online] **
                   Pss  Private  Private  SwapPss      Rss     Heap     Heap     Heap
                 Total    Dirty    Clean    Dirty    Total     Size    Alloc     Free
                ------   ------   ------   ------   ------   ------   ------   ------
  Native Heap   369332   369292       28    15503   370608   541760   443297    93469
  Dalvik Heap    31106    29896       32       38    36128    32102    16051    16051
 Dalvik Other    18449     8812        0      172    28456                           
        Stack     3976     3976        0      300     3984                           
       Ashmem        9        0        0        0      556                           
    Other dev        9        0        8        0      552                           
     .so mmap     4034      228     1408       45    34484                           
    .jar mmap     2842        0      868        0    35468                           
    .apk mmap    36431     2376    28260      204    57868                           
    .ttf mmap     2381        0     2112        0     2968                           
    .dex mmap    19261    11328     7284    16156    21896                           
    .oat mmap       29        0        0        0     1128                           
    .art mmap     5939     4816      128     3598    18948                           
   Other mmap     9773        4     4392        0    16152                           
   EGL mtrack    20311    20311        0        0    20311                           
    GL mtrack    43072    43072        0        0    43072                           
      Unknown    71671    71172      488      135    72296                           
        TOTAL   674776   565283    45008    36151   764875   573862   459348   109520
 
 App Summary
                       Pss(KB)                        Rss(KB)
                        ------                         ------
           Java Heap:    34840                          55076
         Native Heap:   369292                         370608
                Code:    54100                         173304
               Stack:     3976                           3984
            Graphics:    63383                          63383
       Private Other:    84700
              System:    64485
             Unknown:                                   98520
 
           TOTAL PSS:   674776            TOTAL RSS:   764875       TOTAL SWAP PSS:    36151
 
 Objects
               Views:      352         ViewRootImpl:        1
         AppContexts:       16           Activities:        1
              Assets:       41        AssetManagers:        0
       Local Binders:       26        Proxy Binders:       70
       Parcel memory:       26         Parcel count:       88
    Death Recipients:        0             WebViews:        0
 
 Native Allocations
                         Count                       Total(kB)
                        ------                         ------
    Other (malloced):     2704                            257
 Other (nonmalloced):      116                             81
   Bitmap (malloced):       15                           7507
 
 SQL
         MEMORY_USED:     2174
  PAGECACHE_OVERFLOW:     1982          MALLOC_SIZE:     3738
 
 DATABASES
      pgsz     dbsz   Lookaside(b) cache hits cache misses cache size  Dbname
PER CONNECTION STATS
         4     1264             70  4156  3584     5  /data/user/0/com.arcfire.online/databases/RKStorage
         4    16524            111  4633  2970    25  /data/user/0/com.arcfire.online/databases/firestore.%5BDEFAULT%5D.arcfire-49d69.%28default%29
POOL STATS
     cache hits  cache misses    cache size  Dbname
           4156          3585          7741  /data/user/0/com.arcfire.online/databases/RKStorage
           4633          2971          7604  /data/user/0/com.arcfire.online/databases/firestore.%5BDEFAULT%5D.arcfire-49d69.%28default%29

VmRSS:	  745084 kB
VmSwap:	   51116 kB
Threads:	115

===== 2026-07-11 21:22:44 pid=14204 =====
Applications Memory Usage (in Kilobytes):
Uptime: 115911278 Realtime: 123739417

** MEMINFO in pid 14204 [com.arcfire.online] **
                   Pss  Private  Private  SwapPss      Rss     Heap     Heap     Heap
                 Total    Dirty    Clean    Dirty    Total     Size    Alloc     Free
                ------   ------   ------   ------   ------   ------   ------   ------
  Native Heap   368192   368152       28    15475   369468   542524   438574    99326
  Dalvik Heap    49018    47808       32       38    54040    26632    13317    13315
 Dalvik Other    18715     9052        0      172    28748                           
        Stack     3952     3952        0      300     3960                           
       Ashmem        9        0        0        0      556                           
    Other dev        9        0        8        0      552                           
     .so mmap     4044      228     1408       45    34484                           
    .jar mmap     2843        0      868        0    35460                           
    .apk mmap    36432     2376    28260      204    57868                           
    .ttf mmap     2653        0     2384        0     3240                           
    .dex mmap    19261    11328     7284    16156    21896                           
    .oat mmap       29        0        0        0     1128                           
    .art mmap     5939     4816      128     3598    18948                           
   Other mmap     9986        4     4596        0    16360                           
   EGL mtrack    20311    20311        0        0    20311                           
    GL mtrack    65964    65964        0        0    65964                           
      Unknown    71779    71296      472      135    72404                           
        TOTAL   715259   605287    45468    36123   805387   569156   451891   112641
 
 App Summary
                       Pss(KB)                        Rss(KB)
                        ------                         ------
           Java Heap:    52752                          72988
         Native Heap:   368152                         369468
                Code:    54372                         173620
               Stack:     3952                           3960
            Graphics:    86275                          86275
       Private Other:    85252
              System:    64504
             Unknown:                                   99076
 
           TOTAL PSS:   715259            TOTAL RSS:   805387       TOTAL SWAP PSS:    36123
 
 Objects
               Views:      358         ViewRootImpl:        1
         AppContexts:       16           Activities:        1
              Assets:       41        AssetManagers:        0
       Local Binders:       26        Proxy Binders:       70
       Parcel memory:       26         Parcel count:       88
    Death Recipients:        0             WebViews:        0
 
 Native Allocations
                         Count                       Total(kB)
                        ------                         ------
    Other (malloced):     2735                            260
 Other (nonmalloced):      116                             81
   Bitmap (malloced):       15                           7507
 
 SQL
         MEMORY_USED:     2174
  PAGECACHE_OVERFLOW:     1982          MALLOC_SIZE:     3738
 
 DATABASES
      pgsz     dbsz   Lookaside(b) cache hits cache misses cache size  Dbname
PER CONNECTION STATS
         4     1264             70  4416  3833     5  /data/user/0/com.arcfire.online/databases/RKStorage
         4    16524            111  4941  3091    25  /data/user/0/com.arcfire.online/databases/firestore.%5BDEFAULT%5D.arcfire-49d69.%28default%29
POOL STATS
     cache hits  cache misses    cache size  Dbname
           4416          3834          8250  /data/user/0/com.arcfire.online/databases/RKStorage
           4941          3092          8033  /data/user/0/com.arcfire.online/databases/firestore.%5BDEFAULT%5D.arcfire-49d69.%28default%29

VmRSS:	  768328 kB
VmSwap:	   51116 kB
Threads:	114

===== 2026-07-11 21:38:08 pid=14204 =====
Applications Memory Usage (in Kilobytes):
Uptime: 116835090 Realtime: 124663229

** MEMINFO in pid 14204 [com.arcfire.online] **
                   Pss  Private  Private  SwapPss      Rss     Heap     Heap     Heap
                 Total    Dirty    Clean    Dirty    Total     Size    Alloc     Free
                ------   ------   ------   ------   ------   ------   ------   ------
  Native Heap   368084   368044       28    15455   369360   544528   436850   103019
  Dalvik Heap    29426    28216       32       38    34448    27333    13667    13666
 Dalvik Other    18107     8436        0      172    28148                           
        Stack     3996     3996        0      300     4004                           
       Ashmem        9        0        0        0      556                           
    Other dev        9        0        8        0      552                           
     .so mmap     4048      228     1412       45    34488                           
    .jar mmap     2840        0      868        0    35460                           
    .apk mmap    36432     2376    28260      204    57868                           
    .ttf mmap     3383        0     3100        0     3984                           
    .dex mmap    19265    11328     7288    16152    21900                           
    .oat mmap       29        0        0        0     1128                           
    .art mmap     5938     4816      128     3598    18948                           
   Other mmap     9994        4     4596        0    16376                           
   EGL mtrack    20311    20311        0        0    20311                           
    GL mtrack    42540    42540        0        0    42540                           
      Unknown    71863    71372      480      135    72488                           
        TOTAL   672373   561667    46200    36099   762559   571861   450517   116685
 
 App Summary
                       Pss(KB)                        Rss(KB)
                        ------                         ------
           Java Heap:    33160                          53396
         Native Heap:   368044                         369360
                Code:    55096                         174388
               Stack:     3996                           4004
            Graphics:    62851                          62851
       Private Other:    84720
              System:    64506
             Unknown:                                   98560
 
           TOTAL PSS:   672373            TOTAL RSS:   762559       TOTAL SWAP PSS:    36099
 
 Objects
               Views:      356         ViewRootImpl:        1
         AppContexts:       16           Activities:        1
              Assets:       41        AssetManagers:        0
       Local Binders:       26        Proxy Binders:       70
       Parcel memory:       27         Parcel count:       90
    Death Recipients:        0             WebViews:        0
 
 Native Allocations
                         Count                       Total(kB)
                        ------                         ------
    Other (malloced):     2733                            260
 Other (nonmalloced):      116                             81
   Bitmap (malloced):       15                           7507
 
 SQL
         MEMORY_USED:     2174
  PAGECACHE_OVERFLOW:     1982          MALLOC_SIZE:     3738
 
 DATABASES
      pgsz     dbsz   Lookaside(b) cache hits cache misses cache size  Dbname
PER CONNECTION STATS
         4     1264             70  4540  3952     5  /data/user/0/com.arcfire.online/databases/RKStorage
         4    16524            111  5117  3184    25  /data/user/0/com.arcfire.online/databases/firestore.%5BDEFAULT%5D.arcfire-49d69.%28default%29
POOL STATS
     cache hits  cache misses    cache size  Dbname
           4540          3953          8493  /data/user/0/com.arcfire.online/databases/RKStorage
           5117          3185          8302  /data/user/0/com.arcfire.online/databases/firestore.%5BDEFAULT%5D.arcfire-49d69.%28default%29

VmRSS:	  744840 kB
VmSwap:	   51116 kB
Threads:	115

===== 2026-07-11 21:53:32 pid=14204 =====
Applications Memory Usage (in Kilobytes):
Uptime: 117760322 Realtime: 125588461

** MEMINFO in pid 14204 [com.arcfire.online] **
                   Pss  Private  Private  SwapPss      Rss     Heap     Heap     Heap
                 Total    Dirty    Clean    Dirty    Total     Size    Alloc     Free
                ------   ------   ------   ------   ------   ------   ------   ------
  Native Heap   408812   408772       28    14683   410088   600128   478798   116464
  Dalvik Heap    28502    27292       32       38    33524    27612    13806    13806
 Dalvik Other    18285     8560        0      172    28380                           
        Stack     3964     3964        0      300     3972                           
       Ashmem        9        0        0        0      556                           
    Other dev        9        0        8        0      552                           
     .so mmap     3604      228     1192       45    33796                           
    .jar mmap     2607        0      716        0    34952                           
    .apk mmap    29111     2376    21720      204    50944                           
    .ttf mmap     2774        0     2480        0     3400                           
    .dex mmap    19237    11328     7292    16148    21900                           
    .oat mmap       27        0        0        0     1120                           
    .art mmap     5932     4816      128     3598    18948                           
   Other mmap     9849       20     4220        0    16404                           
   EGL mtrack    41631    41631        0        0    41631                           
    GL mtrack    47272    47272        0        0    47272                           
      Unknown    76674    76192      472      135    77300                           
        TOTAL   733622   632451    38288    35323   824739   627740   492604   130270
 
 App Summary
                       Pss(KB)                        Rss(KB)
                        ------                         ------
           Java Heap:    32236                          52472
         Native Heap:   408772                         410088
                Code:    47552                         165764
               Stack:     3964                           3972
            Graphics:    88903                          88903
       Private Other:    89312
              System:    62883
             Unknown:                                  103540
 
           TOTAL PSS:   733622            TOTAL RSS:   824739       TOTAL SWAP PSS:    35323
 
 Objects
               Views:      317         ViewRootImpl:        1
         AppContexts:       16           Activities:        1
              Assets:       41        AssetManagers:        0
       Local Binders:       26        Proxy Binders:       70
       Parcel memory:       26         Parcel count:       88
    Death Recipients:        0             WebViews:        0
 
 Native Allocations
                         Count                       Total(kB)
                        ------                         ------
    Other (malloced):     2377                            225
 Other (nonmalloced):      116                             81
   Bitmap (malloced):        9                           2781
 
 SQL
         MEMORY_USED:     2947
  PAGECACHE_OVERFLOW:     2754          MALLOC_SIZE:     3738
 
 DATABASES
      pgsz     dbsz   Lookaside(b) cache hits cache misses cache size  Dbname
PER CONNECTION STATS
         4     1268             70  4904  4283     5  /data/user/0/com.arcfire.online/databases/RKStorage
         4    16524            111  5469  3315    25  /data/user/0/com.arcfire.online/databases/firestore.%5BDEFAULT%5D.arcfire-49d69.%28default%29
POOL STATS
     cache hits  cache misses    cache size  Dbname
           4904          4284          9188  /data/user/0/com.arcfire.online/databases/RKStorage
           5469          3316          8785  /data/user/0/com.arcfire.online/databases/firestore.%5BDEFAULT%5D.arcfire-49d69.%28default%29

VmRSS:	  786304 kB
VmSwap:	   50348 kB
Threads:	114

===== 2026-07-11 22:09:02 pid=14204 =====
Applications Memory Usage (in Kilobytes):
Uptime: 118688808 Realtime: 126516948

** MEMINFO in pid 14204 [com.arcfire.online] **
                   Pss  Private  Private  SwapPss      Rss     Heap     Heap     Heap
                 Total    Dirty    Clean    Dirty    Total     Size    Alloc     Free
                ------   ------   ------   ------   ------   ------   ------   ------
  Native Heap   340892   340876        8    89564   342164   605752   490446   110382
  Dalvik Heap    34701    33492       32       38    39724    27273    13637    13636
 Dalvik Other    18431     8680        0      224    28552                           
        Stack     3640     3640        0      572     3648                           
       Ashmem        9        0        0        0      556                           
    Other dev       10        0        8        0      552                           
     .so mmap     2653      216      292       58    33460                           
    .jar mmap     2035        0      448        0    33324                           
    .apk mmap    27281     1612    20900      968    48488                           
    .ttf mmap     2428        0     1992        0     3100                           
    .dex mmap    15789     9972     5352    19444    18004                           
    .oat mmap       25        0        0        0     1092                           
    .art mmap     5940     4868      100     3549    19004                           
   Other mmap     6869        4     1240        0    13388                           
   EGL mtrack    20311    20311        0        0    20311                           
    GL mtrack    56944    56944        0        0    56944                           
      Unknown    76074    75684      352      735    76760                           
        TOTAL   729184   556299    30724   115152   739071   633025   504083   124018
 
 App Summary
                       Pss(KB)                        Rss(KB)
                        ------                         ------
           Java Heap:    38460                          58728
         Native Heap:   340876                         342164
                Code:    40864                         157032
               Stack:     3640                           3648
            Graphics:    77255                          77255
       Private Other:    85928
              System:   142161
             Unknown:                                  100244
 
           TOTAL PSS:   729184            TOTAL RSS:   739071       TOTAL SWAP PSS:   115152
 
 Objects
               Views:      374         ViewRootImpl:        1
         AppContexts:       16           Activities:        1
              Assets:       41        AssetManagers:        0
       Local Binders:       26        Proxy Binders:       71
       Parcel memory:       26         Parcel count:       88
    Death Recipients:        0             WebViews:        0
 
 Native Allocations
                         Count                       Total(kB)
                        ------                         ------
    Other (malloced):     2804                            266
 Other (nonmalloced):      117                             82
   Bitmap (malloced):       15                           7507
 
 SQL
         MEMORY_USED:     2964
  PAGECACHE_OVERFLOW:     2771          MALLOC_SIZE:     3738
 
 DATABASES
      pgsz     dbsz   Lookaside(b) cache hits cache misses cache size  Dbname
PER CONNECTION STATS
         4     1268             70  5200  4560     5  /data/user/0/com.arcfire.online/databases/RKStorage
         4    16524            111  5777  3438    25  /data/user/0/com.arcfire.online/databases/firestore.%5BDEFAULT%5D.arcfire-49d69.%28default%29
POOL STATS
     cache hits  cache misses    cache size  Dbname
           5200          4561          9761  /data/user/0/com.arcfire.online/databases/RKStorage
           5777          3439          9216  /data/user/0/com.arcfire.online/databases/firestore.%5BDEFAULT%5D.arcfire-49d69.%28default%29

VmRSS:	  716128 kB
VmSwap:	  130220 kB
Threads:	114

===== 2026-07-11 22:24:30 pid=14204 =====
Applications Memory Usage (in Kilobytes):
Uptime: 119617580 Realtime: 127445719

** MEMINFO in pid 14204 [com.arcfire.online] **
                   Pss  Private  Private  SwapPss      Rss     Heap     Heap     Heap
                 Total    Dirty    Clean    Dirty    Total     Size    Alloc     Free
                ------   ------   ------   ------   ------   ------   ------   ------
  Native Heap   338696   338680        8    89564   339968   606328   483200   118298
  Dalvik Heap    31901    30692       32       38    36924    32648    16324    16324
 Dalvik Other    18281     8508        0      224    28424                           
        Stack     3668     3668        0      572     3676                           
       Ashmem        9        0        0        0      556                           
    Other dev       10        0        8        0      552                           
     .so mmap     2653      216      292       58    33460                           
    .jar mmap     2053        0      464        0    33348                           
    .apk mmap    27296     1612    20900      968    48488                           
    .ttf mmap     2424        0     1984        0     3100                           
    .dex mmap    15797     9972     5360    19436    18012                           
    .oat mmap       25        0        0        0     1092                           
    .art mmap     5939     4868      100     3549    19004                           
   Other mmap     6875        4     1240        0    13400                           
   EGL mtrack    20311    20311        0        0    20311                           
    GL mtrack    45844    45844        0        0    45844                           
      Unknown    76430    76056      336      735    77116                           
        TOTAL   713356   540431    30724   115144   723275   638976   499524   134622
 
 App Summary
                       Pss(KB)                        Rss(KB)
                        ------                         ------
           Java Heap:    35660                          55928
         Native Heap:   338680                         339968
                Code:    40876                         157104
               Stack:     3668                           3676
            Graphics:    66155                          66155
       Private Other:    86116
              System:   142201
             Unknown:                                  100444
 
           TOTAL PSS:   713356            TOTAL RSS:   723275       TOTAL SWAP PSS:   115144
 
 Objects
               Views:      370         ViewRootImpl:        1
         AppContexts:       16           Activities:        1
              Assets:       41        AssetManagers:        0
       Local Binders:       26        Proxy Binders:       71
       Parcel memory:       26         Parcel count:       88
    Death Recipients:        0             WebViews:        0
 
 Native Allocations
                         Count                       Total(kB)
                        ------                         ------
    Other (malloced):     2791                            265
 Other (nonmalloced):      117                             82
   Bitmap (malloced):       15                           7507
 
 SQL
         MEMORY_USED:     2964
  PAGECACHE_OVERFLOW:     2771          MALLOC_SIZE:     3738
 
 DATABASES
      pgsz     dbsz   Lookaside(b) cache hits cache misses cache size  Dbname
PER CONNECTION STATS
         4     1268             70  5464  4811     5  /data/user/0/com.arcfire.online/databases/RKStorage
         4    16524            111  6129  3569    25  /data/user/0/com.arcfire.online/databases/firestore.%5BDEFAULT%5D.arcfire-49d69.%28default%29
POOL STATS
     cache hits  cache misses    cache size  Dbname
           5464          4812         10276  /data/user/0/com.arcfire.online/databases/RKStorage
           6129          3570          9699  /data/user/0/com.arcfire.online/databases/firestore.%5BDEFAULT%5D.arcfire-49d69.%28default%29

VmRSS:	  701268 kB
VmSwap:	  130220 kB
Threads:	114

===== 2026-07-11 22:39:57 pid=14204 =====
Applications Memory Usage (in Kilobytes):
Uptime: 120545086 Realtime: 128373226

** MEMINFO in pid 14204 [com.arcfire.online] **
                   Pss  Private  Private  SwapPss      Rss     Heap     Heap     Heap
                 Total    Dirty    Clean    Dirty    Total     Size    Alloc     Free
                ------   ------   ------   ------   ------   ------   ------   ------
  Native Heap   340548   340532        8    89564   341820   606552   487612   114252
  Dalvik Heap    29633    28424       32       38    34656    31761    15881    15880
 Dalvik Other    18397     8620        0      224    28544                           
        Stack     3676     3676        0      572     3684                           
       Ashmem        9        0        0        0      556                           
    Other dev       10        0        8        0      552                           
     .so mmap     2653      216      292       58    33460                           
    .jar mmap     2108        0      516        0    33408                           
    .apk mmap    27296     1612    20900      968    48488                           
    .ttf mmap     2424        0     1984        0     3100                           
    .dex mmap    15813     9972     5376    19420    18028                           
    .oat mmap       25        0        0        0     1092                           
    .art mmap     5939     4868      100     3549    19004                           
   Other mmap     6879        4     1240        0    13408                           
   EGL mtrack    20311    20311        0        0    20311                           
    GL mtrack    45840    45840        0        0    45840                           
      Unknown    76526    76136      352      735    77212                           
        TOTAL   713215   540211    30808   115128   723163   638313   503493   130132
 
 App Summary
                       Pss(KB)                        Rss(KB)
                        ------                         ------
           Java Heap:    33392                          53660
         Native Heap:   340532                         341820
                Code:    40944                         157188
               Stack:     3676                           3684
            Graphics:    66151                          66151
       Private Other:    86324
              System:   142196
             Unknown:                                  100660
 
           TOTAL PSS:   713215            TOTAL RSS:   723163       TOTAL SWAP PSS:   115128
 
 Objects
               Views:      372         ViewRootImpl:        1
         AppContexts:       16           Activities:        1
              Assets:       41        AssetManagers:        0
       Local Binders:       26        Proxy Binders:       71
       Parcel memory:       26         Parcel count:       88
    Death Recipients:        0             WebViews:        0
 
 Native Allocations
                         Count                       Total(kB)
                        ------                         ------
    Other (malloced):     2799                            266
 Other (nonmalloced):      117                             82
   Bitmap (malloced):       15                           7507
 
 SQL
         MEMORY_USED:     2964
  PAGECACHE_OVERFLOW:     2771          MALLOC_SIZE:     3738
 
 DATABASES
      pgsz     dbsz   Lookaside(b) cache hits cache misses cache size  Dbname
PER CONNECTION STATS
         4     1268             70  5728  5062     5  /data/user/0/com.arcfire.online/databases/RKStorage
         4    16524            111  6481  3702    25  /data/user/0/com.arcfire.online/databases/firestore.%5BDEFAULT%5D.arcfire-49d69.%28default%29
POOL STATS
     cache hits  cache misses    cache size  Dbname
           5728          5063         10791  /data/user/0/com.arcfire.online/databases/RKStorage
           6481          3703         10184  /data/user/0/com.arcfire.online/databases/firestore.%5BDEFAULT%5D.arcfire-49d69.%28default%29

VmRSS:	  706396 kB
VmSwap:	  130220 kB
Threads:	114

===== 2026-07-11 22:55:28 pid=14204 =====
Applications Memory Usage (in Kilobytes):
Uptime: 121475384 Realtime: 129303523

** MEMINFO in pid 14204 [com.arcfire.online] **
                   Pss  Private  Private  SwapPss      Rss     Heap     Heap     Heap
                 Total    Dirty    Clean    Dirty    Total     Size    Alloc     Free
                ------   ------   ------   ------   ------   ------   ------   ------
  Native Heap   340028   340012        8    89564   341300   607788   486013   117133
  Dalvik Heap    35449    34240       32       38    40472    37271    18636    18635
 Dalvik Other    18113     8336        0      224    28260                           
        Stack     3664     3664        0      572     3672                           
       Ashmem        9        0        0        0      556                           
    Other dev       10        0        8        0      552                           
     .so mmap     2653      216      292       58    33460                           
    .jar mmap     2100        0      500        0    33408                           
    .apk mmap    27296     1612    20900      968    48488                           
    .ttf mmap     2424        0     1984        0     3100                           
    .dex mmap    15813     9972     5376    19420    18028                           
    .oat mmap       25        0        0        0     1092                           
    .art mmap     5939     4868      100     3549    19004                           
   Other mmap     6879        4     1240        0    13408                           
   EGL mtrack    20311    20311        0        0    20311                           
    GL mtrack    41668    41668        0        0    41668                           
      Unknown    76766    76392      336      735    77452                           
        TOTAL   714275   541295    30776   115128   724231   645059   504649   135768
 
 App Summary
                       Pss(KB)                        Rss(KB)
                        ------                         ------
           Java Heap:    39208                          59476
         Native Heap:   340012                         341300
                Code:    40928                         157188
               Stack:     3664                           3672
            Graphics:    61979                          61979
       Private Other:    86280
              System:   142204
             Unknown:                                  100616
 
           TOTAL PSS:   714275            TOTAL RSS:   724231       TOTAL SWAP PSS:   115128
 
 Objects
               Views:      374         ViewRootImpl:        1
         AppContexts:       16           Activities:        1
              Assets:       41        AssetManagers:        0
       Local Binders:       26        Proxy Binders:       71
       Parcel memory:       26         Parcel count:       88
    Death Recipients:        0             WebViews:        0
 
 Native Allocations
                         Count                       Total(kB)
                        ------                         ------
    Other (malloced):     2806                            267
 Other (nonmalloced):      117                             82
   Bitmap (malloced):       15                           7507
 
 SQL
         MEMORY_USED:     2964
  PAGECACHE_OVERFLOW:     2771          MALLOC_SIZE:     3738
 
 DATABASES
      pgsz     dbsz   Lookaside(b) cache hits cache misses cache size  Dbname
PER CONNECTION STATS
         4     1268             70  5738  5073     5  /data/user/0/com.arcfire.online/databases/RKStorage
         4    16524            111  6525  3763    25  /data/user/0/com.arcfire.online/databases/firestore.%5BDEFAULT%5D.arcfire-49d69.%28default%29
POOL STATS
     cache hits  cache misses    cache size  Dbname
           5738          5074         10812  /data/user/0/com.arcfire.online/databases/RKStorage
           6525          3764         10289  /data/user/0/com.arcfire.online/databases/firestore.%5BDEFAULT%5D.arcfire-49d69.%28default%29

VmRSS:	  703528 kB
VmSwap:	  130220 kB
Threads:	114

===== 2026-07-11 23:10:54 pid=14204 =====
Applications Memory Usage (in Kilobytes):
Uptime: 122401403 Realtime: 130229543

** MEMINFO in pid 14204 [com.arcfire.online] **
                   Pss  Private  Private  SwapPss      Rss     Heap     Heap     Heap
                 Total    Dirty    Clean    Dirty    Total     Size    Alloc     Free
                ------   ------   ------   ------   ------   ------   ------   ------
  Native Heap   342244   342228        8    89564   343516   608044   487182   116256
  Dalvik Heap    28340    27132       32       38    33364    30032    15016    15016
 Dalvik Other    18051     8272        0      224    28200                           
        Stack     3740     3740        0      572     3748                           
       Ashmem        9        0        0        0      556                           
    Other dev       10        0        8        0      552                           
     .so mmap     2631      216      244       58    33460                           
    .jar mmap     2045        0      452        0    33408                           
    .apk mmap    27320     1612    20900      968    48488                           
    .ttf mmap     2437        0     2000        0     3100                           
    .dex mmap    15825     9972     5388    19408    18040                           
    .oat mmap       25        0        0        0     1092                           
    .art mmap     5938     4868      100     3549    19004                           
   Other mmap     6880        4     1240        0    13412                           
   EGL mtrack    20311    20311        0        0    20311                           
    GL mtrack    45840    45840        0        0    45840                           
      Unknown    76994    76572      384      735    77680                           
        TOTAL   713756   540767    30756   115116   723771   638076   502198   131272
 
 App Summary
                       Pss(KB)                        Rss(KB)
                        ------                         ------
           Java Heap:    32100                          52368
         Native Heap:   342228                         343516
                Code:    40860                         157204
               Stack:     3740                           3748
            Graphics:    66151                          66151
       Private Other:    86444
              System:   142233
             Unknown:                                  100784
 
           TOTAL PSS:   713756            TOTAL RSS:   723771       TOTAL SWAP PSS:   115116
 
 Objects
               Views:      370         ViewRootImpl:        1
         AppContexts:       16           Activities:        1
              Assets:       41        AssetManagers:        0
       Local Binders:       26        Proxy Binders:       71
       Parcel memory:       26         Parcel count:       88
    Death Recipients:        0             WebViews:        0
 
 Native Allocations
                         Count                       Total(kB)
                        ------                         ------
    Other (malloced):     2793                            265
 Other (nonmalloced):      117                             82
   Bitmap (malloced):       15                           7507
 
 SQL
         MEMORY_USED:     2964
  PAGECACHE_OVERFLOW:     2771          MALLOC_SIZE:     3738
 
 DATABASES
      pgsz     dbsz   Lookaside(b) cache hits cache misses cache size  Dbname
PER CONNECTION STATS
         4     1268             70  6008  5332     5  /data/user/0/com.arcfire.online/databases/RKStorage
         4    16524            111  6833  3884    25  /data/user/0/com.arcfire.online/databases/firestore.%5BDEFAULT%5D.arcfire-49d69.%28default%29
POOL STATS
     cache hits  cache misses    cache size  Dbname
           6008          5333         11341  /data/user/0/com.arcfire.online/databases/RKStorage
           6833          3885         10718  /data/user/0/com.arcfire.online/databases/firestore.%5BDEFAULT%5D.arcfire-49d69.%28default%29

VmRSS:	  708572 kB
VmSwap:	  130220 kB
Threads:	115

===== 2026-07-11 23:26:18 pid=14204 =====
Applications Memory Usage (in Kilobytes):
Uptime: 123326998 Realtime: 131155137

** MEMINFO in pid 14204 [com.arcfire.online] **
                   Pss  Private  Private  SwapPss      Rss     Heap     Heap     Heap
                 Total    Dirty    Clean    Dirty    Total     Size    Alloc     Free
                ------   ------   ------   ------   ------   ------   ------   ------
  Native Heap   343540   343524        8    89564   344812   608556   490661   113057
  Dalvik Heap    32664    31456       32       38    37688    33935    16968    16967
 Dalvik Other    18265     8484        0      224    28416                           
        Stack     3652     3652        0      572     3660                           
       Ashmem        9        0        0        0      556                           
    Other dev       10        0        8        0      552                           
     .so mmap     2631      216      244       58    33460                           
    .jar mmap     2045        0      452        0    33408                           
    .apk mmap    27319     1612    20900      968    48488                           
    .ttf mmap     2437        0     2000        0     3100                           
    .dex mmap    15825     9972     5388    19408    18040                           
    .oat mmap       25        0        0        0     1092                           
    .art mmap     5938     4868      100     3549    19004                           
   Other mmap     6882        4     1240        0    13416                           
   EGL mtrack    20311    20311        0        0    20311                           
    GL mtrack    45840    45840        0        0    45840                           
      Unknown    77058    76652      368      735    77744                           
        TOTAL   719567   546591    30740   115116   729587   642491   507629   130024
 
 App Summary
                       Pss(KB)                        Rss(KB)
                        ------                         ------
           Java Heap:    36424                          56692
         Native Heap:   343524                         344812
                Code:    40860                         157208
               Stack:     3652                           3660
            Graphics:    66151                          66151
       Private Other:    86720
              System:   142236
             Unknown:                                  101064
 
           TOTAL PSS:   719567            TOTAL RSS:   729587       TOTAL SWAP PSS:   115116
 
 Objects
               Views:      370         ViewRootImpl:        1
         AppContexts:       16           Activities:        1
              Assets:       41        AssetManagers:        0
       Local Binders:       26        Proxy Binders:       71
       Parcel memory:       26         Parcel count:       88
    Death Recipients:        0             WebViews:        0
 
 Native Allocations
                         Count                       Total(kB)
                        ------                         ------
    Other (malloced):     2793                            265
 Other (nonmalloced):      117                             82
   Bitmap (malloced):       15                           7507
 
 SQL
         MEMORY_USED:     2964
  PAGECACHE_OVERFLOW:     2771          MALLOC_SIZE:     3738
 
 DATABASES
      pgsz     dbsz   Lookaside(b) cache hits cache misses cache size  Dbname
PER CONNECTION STATS
         4     1268             70  6264  5575     5  /data/user/0/com.arcfire.online/databases/RKStorage
         4    16524            111  7185  4023    25  /data/user/0/com.arcfire.online/databases/firestore.%5BDEFAULT%5D.arcfire-49d69.%28default%29
POOL STATS
     cache hits  cache misses    cache size  Dbname
           6264          5576         11840  /data/user/0/com.arcfire.online/databases/RKStorage
           7185          4024         11209  /data/user/0/com.arcfire.online/databases/firestore.%5BDEFAULT%5D.arcfire-49d69.%28default%29

VmRSS:	  710856 kB
VmSwap:	  130220 kB
Threads:	114

===== 2026-07-11 23:41:50 pid=14204 =====
Applications Memory Usage (in Kilobytes):
Uptime: 124257684 Realtime: 132085823

** MEMINFO in pid 14204 [com.arcfire.online] **
                   Pss  Private  Private  SwapPss      Rss     Heap     Heap     Heap
                 Total    Dirty    Clean    Dirty    Total     Size    Alloc     Free
                ------   ------   ------   ------   ------   ------   ------   ------
  Native Heap   323796   323784        4   108828   325068   610404   486057   119394
  Dalvik Heap    28280    27072       32       50    33304    26822    13412    13410
 Dalvik Other    18391     8576        0      236    28576                           
        Stack     3652     3652        0      628     3660                           
       Ashmem        9        0        0        0      556                           
    Other dev       10        0        8        0      552                           
     .so mmap     2647      216      272       58    33472                           
    .jar mmap     2001        0      416        0    33368                           
    .apk mmap    27280     1592    20896      988    48420                           
    .ttf mmap     1591        0     1220        0     2188                           
    .dex mmap    15287     9784     5052    19932    17456                           
    .oat mmap       25        0        0        0     1092                           
    .art mmap     5793     4756       76     3662    18848                           
   Other mmap     6760        4     1100        0    13288                           
   EGL mtrack    20311    20311        0        0    20311                           
    GL mtrack    39380    39380        0        0    39380                           
      Unknown    77746    77324      384      787    78432                           
        TOTAL   708128   516451    29460   135169   697971   637226   499469   132804
 
 App Summary
                       Pss(KB)                        Rss(KB)
                        ------                         ------
           Java Heap:    31904                          52152
         Native Heap:   323784                         325068
                Code:    39504                         155664
               Stack:     3652                           3660
            Graphics:    59691                          59691
       Private Other:    87376
              System:   162217
             Unknown:                                  101736
 
           TOTAL PSS:   708128            TOTAL RSS:   697971       TOTAL SWAP PSS:   135169
 
 Objects
               Views:      376         ViewRootImpl:        1
         AppContexts:       16           Activities:        1
              Assets:       41        AssetManagers:        0
       Local Binders:       26        Proxy Binders:       71
       Parcel memory:       26         Parcel count:       88
    Death Recipients:        0             WebViews:        0
 
 Native Allocations
                         Count                       Total(kB)
                        ------                         ------
    Other (malloced):     2755                            262
 Other (nonmalloced):      117                             82
   Bitmap (malloced):       15                           7507
 
 SQL
         MEMORY_USED:     2964
  PAGECACHE_OVERFLOW:     2771          MALLOC_SIZE:     3738
 
 DATABASES
      pgsz     dbsz   Lookaside(b) cache hits cache misses cache size  Dbname
PER CONNECTION STATS
         4     1268             70  6338  5646     5  /data/user/0/com.arcfire.online/databases/RKStorage
         4    16524            111  7273  4094    25  /data/user/0/com.arcfire.online/databases/firestore.%5BDEFAULT%5D.arcfire-49d69.%28default%29
POOL STATS
     cache hits  cache misses    cache size  Dbname
           6338          5647         11985  /data/user/0/com.arcfire.online/databases/RKStorage
           7273          4095         11368  /data/user/0/com.arcfire.online/databases/firestore.%5BDEFAULT%5D.arcfire-49d69.%28default%29

VmRSS:	  681144 kB
VmSwap:	  150444 kB
Threads:	114

===== 2026-07-11 23:57:17 pid=14204 =====
Applications Memory Usage (in Kilobytes):
Uptime: 125184112 Realtime: 133012251

** MEMINFO in pid 14204 [com.arcfire.online] **
                   Pss  Private  Private  SwapPss      Rss     Heap     Heap     Heap
                 Total    Dirty    Clean    Dirty    Total     Size    Alloc     Free
                ------   ------   ------   ------   ------   ------   ------   ------
  Native Heap   344532   344520        4   108560   345804   617220   515858    96464
  Dalvik Heap    30116    28908       32       50    35132    30063    15033    15030
 Dalvik Other    18443     8612        0      236    28644                           
        Stack     3676     3676        0      628     3684                           
       Ashmem        9        0        0        0      556                           
    Other dev       10        0        8        0      552                           
     .so mmap     2650      216      272       58    33484                           
    .jar mmap     2001        0      416        0    33368                           
    .apk mmap    27280     1592    20896      988    48420                           
    .ttf mmap     2045        0     1672        0     2644                           
    .dex mmap    15327     9784     5092    19892    17496                           
    .oat mmap       25        0        0        0     1092                           
    .art mmap     5793     4756       76     3662    18848                           
   Other mmap     6860        4     1184        0    13404                           
   EGL mtrack    20311    20311        0        0    20311                           
    GL mtrack    56052    56052        0        0    56052                           
      Unknown    80038    79616      384      779    80724                           
        TOTAL   750021   558047    30036   134853   740215   647283   530891   111494
 
 App Summary
                       Pss(KB)                        Rss(KB)
                        ------                         ------
           Java Heap:    33740                          53980
         Native Heap:   344520                         345804
                Code:    39996                         156204
               Stack:     3676                           3684
            Graphics:    76363                          76363
       Private Other:    89788
              System:   161938
             Unknown:                                  104180
 
           TOTAL PSS:   750021            TOTAL RSS:   740215       TOTAL SWAP PSS:   134853
 
 Objects
               Views:      373         ViewRootImpl:        1
         AppContexts:       16           Activities:        1
              Assets:       41        AssetManagers:        0
       Local Binders:       26        Proxy Binders:       71
       Parcel memory:       26         Parcel count:       88
    Death Recipients:        0             WebViews:        0
 
 Native Allocations
                         Count                       Total(kB)
                        ------                         ------
   Bitmap (malloced):       15                           7507
    Other (malloced):     2799                            266
 Other (nonmalloced):      117                             82
 
 SQL
         MEMORY_USED:     2964
  PAGECACHE_OVERFLOW:     2771          MALLOC_SIZE:     3738
 
 DATABASES
      pgsz     dbsz   Lookaside(b) cache hits cache misses cache size  Dbname
PER CONNECTION STATS
         4     1268             70  6508  5807     5  /data/user/0/com.arcfire.online/databases/RKStorage
         4    16524            111  7493  4197    25  /data/user/0/com.arcfire.online/databases/firestore.%5BDEFAULT%5D.arcfire-49d69.%28default%29
POOL STATS
     cache hits  cache misses    cache size  Dbname
           6508          5808         12316  /data/user/0/com.arcfire.online/databases/RKStorage
           7493          4198         11691  /data/user/0/com.arcfire.online/databases/firestore.%5BDEFAULT%5D.arcfire-49d69.%28default%29

VmRSS:	  725448 kB
VmSwap:	  150060 kB
Threads:	115
