
===== 2026-06-15 02:06:10 pid=14783 =====
Applications Memory Usage (in Kilobytes):
Uptime: 576425628 Realtime: 663538298

** MEMINFO in pid 14783 [com.arcfire.online] **
                   Pss  Private  Private  SwapPss      Rss     Heap     Heap     Heap
                 Total    Dirty    Clean    Dirty    Total     Size    Alloc     Free
                ------   ------   ------   ------   ------   ------   ------   ------
  Native Heap   218021   217988        0   108271   218744   449784   387612    57063
  Dalvik Heap    33921    32260       16     2476    38368    34912    17456    17456
 Dalvik Other    16940     8136        0      304    26040                           
        Stack     3281     3280        0      692     3288                           
       Ashmem       11        0        0        0      544                           
    Other dev       19        4       12        0      560                           
     .so mmap     9207      208      480       62    45964                           
    .jar mmap     2318        0      392        0    31800                           
    .apk mmap    28183      704    21396     1216    47052                           
    .ttf mmap     2257        0     1296        0     3512                           
    .dex mmap    13969     7128     6272    20964    16108                           
    .oat mmap       24        0        0        0     1104                           
    .art mmap     6597     4996      112     3431    18236                           
   Other mmap     9079       16     4164        0    14868                           
   EGL mtrack    33311    33311        0        0    33311                           
    GL mtrack    29400    29400        0        0    29400                           
      Unknown    38946    38448      452    13828    39556                           
        TOTAL   596728   375879    34592   151244   568455   484696   405068    74519
 
 App Summary
                       Pss(KB)                        Rss(KB)
                        ------                         ------
           Java Heap:    37368                          56604
         Native Heap:   217988                         218744
                Code:    37888                         163128
               Stack:     3280                           3288
            Graphics:    62711                          62711
       Private Other:    51236
              System:   186257
             Unknown:                                   63980
 
           TOTAL PSS:   596728            TOTAL RSS:   568455       TOTAL SWAP PSS:   151244
 
 Objects
               Views:      282         ViewRootImpl:        1
         AppContexts:       16           Activities:        1
              Assets:       41        AssetManagers:        0
       Local Binders:       25        Proxy Binders:       68
       Parcel memory:       23         Parcel count:       76
    Death Recipients:        0             WebViews:        0
 
 Native Allocations
                         Count                       Total(kB)
                        ------                         ------
    Other (malloced):     2178                            206
 Other (nonmalloced):      107                             75
   Bitmap (malloced):        6                          11071
 
 SQL
         MEMORY_USED:      983
  PAGECACHE_OVERFLOW:      813          MALLOC_SIZE:     1925
 
 DATABASES
      pgsz     dbsz   Lookaside(b) cache hits cache misses cache size  Dbname
PER CONNECTION STATS
         4      176             92   890   899    25  /data/user/0/com.arcfire.online/databases/firestore.%5BDEFAULT%5D.arcfire-49d69.%28default%29
         4      612             41   727   551     4  /data/user/0/com.arcfire.online/databases/RKStorage
POOL STATS
     cache hits  cache misses    cache size  Dbname
            890           900          1790  /data/user/0/com.arcfire.online/databases/firestore.%5BDEFAULT%5D.arcfire-49d69.%28default%29
            727           552          1279  /data/user/0/com.arcfire.online/databases/RKStorage

VmRSS:	  522476 kB
VmSwap:	  168904 kB
Threads:	105

===== 2026-06-15 02:36:11 pid=14783 =====
Applications Memory Usage (in Kilobytes):
Uptime: 578227208 Realtime: 665339877

** MEMINFO in pid 14783 [com.arcfire.online] **
                   Pss  Private  Private  SwapPss      Rss     Heap     Heap     Heap
                 Total    Dirty    Clean    Dirty    Total     Size    Alloc     Free
                ------   ------   ------   ------   ------   ------   ------   ------
  Native Heap   318099   318060        8    25795   318824   463740   392474    66213
  Dalvik Heap    37794    36140       16       32    42248    38281    19141    19140
 Dalvik Other    16976     8104        0      316    26144                           
        Stack     3648     3648        0      448     3656                           
       Ashmem       11        0        0        0      548                           
    Other dev       24        0       20        0      568                           
     .so mmap    12297      212     2764       58    50064                           
    .jar mmap     2514        0      592        0    31544                           
    .apk mmap    34039      748    28492      924    52608                           
    .ttf mmap     2587        0     1488        0     3964                           
    .dex mmap    14918     6492     7976    19948    17036                           
    .oat mmap       22        0        0        0     1076                           
    .art mmap     6503     4896      136     3534    18152                           
   Other mmap    19338       24    14396        0    25116                           
   EGL mtrack    41631    41631        0        0    41631                           
    GL mtrack    37264    37264        0        0    37264                           
      Unknown    53529    53232      248    13536    54148                           
        TOTAL   665785   510451    56136    64591   724591   502021   411615    85353
 
 App Summary
                       Pss(KB)                        Rss(KB)
                        ------                         ------
           Java Heap:    41172                          60400
         Native Heap:   318060                         318824
                Code:    48776                         174016
               Stack:     3648                           3656
            Graphics:    78895                          78895
       Private Other:    76036
              System:    99198
             Unknown:                                   88800
 
           TOTAL PSS:   665785            TOTAL RSS:   724591       TOTAL SWAP PSS:    64591
 
 Objects
               Views:      295         ViewRootImpl:        1
         AppContexts:       16           Activities:        1
              Assets:       41        AssetManagers:        0
       Local Binders:       24        Proxy Binders:       68
       Parcel memory:       25         Parcel count:       84
    Death Recipients:        0             WebViews:        0
 
 Native Allocations
                         Count                       Total(kB)
                        ------                         ------
   Bitmap (malloced):        6                          11071
    Other (malloced):     2134                            202
 Other (nonmalloced):      106                             75
 
 SQL
         MEMORY_USED:      983
  PAGECACHE_OVERFLOW:      813          MALLOC_SIZE:     1925
 
 DATABASES
      pgsz     dbsz   Lookaside(b) cache hits cache misses cache size  Dbname
PER CONNECTION STATS
         4      176             92  1324  1114    25  /data/user/0/com.arcfire.online/databases/firestore.%5BDEFAULT%5D.arcfire-49d69.%28default%29
         4      612             41  1129   874     4  /data/user/0/com.arcfire.online/databases/RKStorage
POOL STATS
     cache hits  cache misses    cache size  Dbname
           1324          1115          2439  /data/user/0/com.arcfire.online/databases/firestore.%5BDEFAULT%5D.arcfire-49d69.%28default%29
           1129           875          2004  /data/user/0/com.arcfire.online/databases/RKStorage

VmRSS:	  666048 kB
VmSwap:	   82172 kB
Threads:	108

===== 2026-06-15 03:06:12 pid=14783 =====
Applications Memory Usage (in Kilobytes):
Uptime: 580028055 Realtime: 667140724

** MEMINFO in pid 14783 [com.arcfire.online] **
                   Pss  Private  Private  SwapPss      Rss     Heap     Heap     Heap
                 Total    Dirty    Clean    Dirty    Total     Size    Alloc     Free
                ------   ------   ------   ------   ------   ------   ------   ------
  Native Heap   390531   390492        8    21539   391256   539708   456589    76769
  Dalvik Heap    26606    24952       16       32    31060    38215    19108    19107
 Dalvik Other    17096     8164        0      316    26324                           
        Stack     4216     4216        0      332     4224                           
       Ashmem       11        0        0        0      548                           
    Other dev       16        0       12        0      560                           
     .so mmap    10589      212     2728       58    46444                           
    .jar mmap     2400        0      568        0    31000                           
    .apk mmap    32581      752    27164      900    50872                           
    .ttf mmap     2706        0     1732        0     3948                           
    .dex mmap    14971     6460     8080    19656    17064                           
    .oat mmap       28        0        0        0     1108                           
    .art mmap     6450     4848      136     3587    18092                           
   Other mmap    33652       24    28696        0    39444                           
   EGL mtrack    41631    41631        0        0    41631                           
    GL mtrack    39592    39592        0        0    39592                           
      Unknown    79861    79388      424    13532    80480                           
        TOTAL   762889   600731    69564    59952   823647   577923   475697    95876
 
 App Summary
                       Pss(KB)                        Rss(KB)
                        ------                         ------
           Java Heap:    29936                          49152
         Native Heap:   390492                         391256
                Code:    47708                         168280
               Stack:     4216                           4224
            Graphics:    81223                          81223
       Private Other:   116720
              System:    92594
             Unknown:                                  129512
 
           TOTAL PSS:   762889            TOTAL RSS:   823647       TOTAL SWAP PSS:    59952
 
 Objects
               Views:      319         ViewRootImpl:        1
         AppContexts:       16           Activities:        1
              Assets:       41        AssetManagers:        0
       Local Binders:       24        Proxy Binders:       68
       Parcel memory:       28         Parcel count:       96
    Death Recipients:        0             WebViews:        0
 
 Native Allocations
                         Count                       Total(kB)
                        ------                         ------
   Bitmap (malloced):        6                          11071
    Other (malloced):     2418                            229
 Other (nonmalloced):      106                             75
 
 SQL
         MEMORY_USED:      987
  PAGECACHE_OVERFLOW:      817          MALLOC_SIZE:     1932
 
 DATABASES
      pgsz     dbsz   Lookaside(b) cache hits cache misses cache size  Dbname
PER CONNECTION STATS
         4      176             92  1764  1321    25  /data/user/0/com.arcfire.online/databases/firestore.%5BDEFAULT%5D.arcfire-49d69.%28default%29
         4      616             41  1575  1277     4  /data/user/0/com.arcfire.online/databases/RKStorage
POOL STATS
     cache hits  cache misses    cache size  Dbname
           1764          1322          3086  /data/user/0/com.arcfire.online/databases/firestore.%5BDEFAULT%5D.arcfire-49d69.%28default%29
           1575          1278          2853  /data/user/0/com.arcfire.online/databases/RKStorage

VmRSS:	  782164 kB
VmSwap:	   77436 kB
Threads:	120

===== 2026-06-15 03:36:13 pid=14783 =====
Applications Memory Usage (in Kilobytes):
Uptime: 581829717 Realtime: 668942386

** MEMINFO in pid 14783 [com.arcfire.online] **
                   Pss  Private  Private  SwapPss      Rss     Heap     Heap     Heap
                 Total    Dirty    Clean    Dirty    Total     Size    Alloc     Free
                ------   ------   ------   ------   ------   ------   ------   ------
  Native Heap   383415   383376        8    21659   384140   537052   453433    77934
  Dalvik Heap    20889    19232       16      108    25340    27463    13732    13731
 Dalvik Other    17164     8172        0      316    26452                           
        Stack     4272     4272        0      344     4280                           
       Ashmem       11        0        0        0      548                           
    Other dev       15        0       12        0      556                           
     .so mmap    10722      212     2876       58    46428                           
    .jar mmap     2343        0      480        0    30760                           
    .apk mmap    32376      752    27024      896    50324                           
    .ttf mmap     2883        0     1960        0     4052                           
    .dex mmap    14904     6340     8132    19724    16996                           
    .oat mmap       27        0        0        0     1104                           
    .art mmap     6391     4796      124     3639    18012                           
   Other mmap    33618       20    28616        0    39448                           
   EGL mtrack    41631    41631        0        0    41631                           
    GL mtrack    52228    52228        0        0    52228                           
      Unknown    99980    99472      456    16620   100596                           
        TOTAL   786233   620503    69704    63364   842895   564515   467165    91665
 
 App Summary
                       Pss(KB)                        Rss(KB)
                        ------                         ------
           Java Heap:    24152                          43352
         Native Heap:   383376                         384140
                Code:    47788                         167628
               Stack:     4272                           4280
            Graphics:    93859                          93859
       Private Other:   136760
              System:    96026
             Unknown:                                  149636
 
           TOTAL PSS:   786233            TOTAL RSS:   842895       TOTAL SWAP PSS:    63364
 
 Objects
               Views:      303         ViewRootImpl:        1
         AppContexts:       16           Activities:        1
              Assets:       41        AssetManagers:        0
       Local Binders:       25        Proxy Binders:       68
       Parcel memory:       29         Parcel count:      100
    Death Recipients:        0             WebViews:        0
 
 Native Allocations
                         Count                       Total(kB)
                        ------                         ------
    Other (malloced):     2234                            212
 Other (nonmalloced):      107                             75
   Bitmap (malloced):        6                          11071
 
 SQL
         MEMORY_USED:      987
  PAGECACHE_OVERFLOW:      817          MALLOC_SIZE:     1932
 
 DATABASES
      pgsz     dbsz   Lookaside(b) cache hits cache misses cache size  Dbname
PER CONNECTION STATS
         4      176             92  1986  1487    25  /data/user/0/com.arcfire.online/databases/firestore.%5BDEFAULT%5D.arcfire-49d69.%28default%29
         4      616             41  1787  1453     4  /data/user/0/com.arcfire.online/databases/RKStorage
POOL STATS
     cache hits  cache misses    cache size  Dbname
           1986          1488          3474  /data/user/0/com.arcfire.online/databases/firestore.%5BDEFAULT%5D.arcfire-49d69.%28default%29
           1787          1454          3241  /data/user/0/com.arcfire.online/databases/RKStorage

VmRSS:	  801232 kB
VmSwap:	   80548 kB
Threads:	123

===== 2026-06-15 04:06:15 pid=14783 =====
Applications Memory Usage (in Kilobytes):
Uptime: 583630917 Realtime: 670743587

** MEMINFO in pid 14783 [com.arcfire.online] **
                   Pss  Private  Private  SwapPss      Rss     Heap     Heap     Heap
                 Total    Dirty    Clean    Dirty    Total     Size    Alloc     Free
                ------   ------   ------   ------   ------   ------   ------   ------
  Native Heap   383787   383748        8    21659   384512   535956   465280    65285
  Dalvik Heap    29422    27768       16      108    33876    28743    14372    14371
 Dalvik Other    17192     8192        0      316    26488                           
        Stack     4132     4132        0      344     4140                           
       Ashmem       11        0        0        0      548                           
    Other dev       15        0       12        0      556                           
     .so mmap    10353      212     2632       58    45920                           
    .jar mmap     2094        0      336        0    30356                           
    .apk mmap    31529      752    26156      896    49824                           
    .ttf mmap     2610        0     1724        0     3732                           
    .dex mmap    14885     6340     8156    19700    17020                           
    .oat mmap       25        0        0        0     1096                           
    .art mmap     6384     4796      124     3639    18012                           
   Other mmap    33639        8    28652        0    39444                           
   EGL mtrack    20311    20311        0        0    20311                           
    GL mtrack    43932    43932        0        0    43932                           
      Unknown   115512   115060      400    16620   116128                           
        TOTAL   779173   615251    68216    63340   835895   564699   479652    79656
 
 App Summary
                       Pss(KB)                        Rss(KB)
                        ------                         ------
           Java Heap:    32688                          51888
         Native Heap:   383748                         384512
                Code:    46320                         165928
               Stack:     4132                           4140
            Graphics:    64243                          64243
       Private Other:   152336
              System:    95706
             Unknown:                                  165184
 
           TOTAL PSS:   779173            TOTAL RSS:   835895       TOTAL SWAP PSS:    63340
 
 Objects
               Views:      313         ViewRootImpl:        1
         AppContexts:       16           Activities:        1
              Assets:       41        AssetManagers:        0
       Local Binders:       24        Proxy Binders:       68
       Parcel memory:       28         Parcel count:       96
    Death Recipients:        0             WebViews:        0
 
 Native Allocations
                         Count                       Total(kB)
                        ------                         ------
    Other (malloced):     3338                            317
 Other (nonmalloced):      106                             75
   Bitmap (malloced):        6                          11071
 
 SQL
         MEMORY_USED:      987
  PAGECACHE_OVERFLOW:      817          MALLOC_SIZE:     1932
 
 DATABASES
      pgsz     dbsz   Lookaside(b) cache hits cache misses cache size  Dbname
PER CONNECTION STATS
         4      176             92  1986  1589    25  /data/user/0/com.arcfire.online/databases/firestore.%5BDEFAULT%5D.arcfire-49d69.%28default%29
         4      616             41  1787  1459     4  /data/user/0/com.arcfire.online/databases/RKStorage
POOL STATS
     cache hits  cache misses    cache size  Dbname
           1986          1590          3576  /data/user/0/com.arcfire.online/databases/firestore.%5BDEFAULT%5D.arcfire-49d69.%28default%29
           1787          1460          3247  /data/user/0/com.arcfire.online/databases/RKStorage

VmRSS:	  807712 kB
VmSwap:	   80548 kB
Threads:	119

===== 2026-06-15 04:36:16 pid=14783 =====
Applications Memory Usage (in Kilobytes):
Uptime: 585431711 Realtime: 672544380

** MEMINFO in pid 14783 [com.arcfire.online] **
                   Pss  Private  Private  SwapPss      Rss     Heap     Heap     Heap
                 Total    Dirty    Clean    Dirty    Total     Size    Alloc     Free
                ------   ------   ------   ------   ------   ------   ------   ------
  Native Heap   379256   379216       12    21920   379972   536208   454552    76247
  Dalvik Heap    26396    24748       16      128    30856    28679    14340    14339
 Dalvik Other    17162     8156        0      316    26464                           
        Stack     4241     4240        0      348     4248                           
       Ashmem       11        0        0        0      548                           
    Other dev       18        4       12        0      556                           
     .so mmap    10023      212     2820       58    44300                           
    .jar mmap     1892        0      220        0    30068                           
    .apk mmap    30028      752    24092      896    47380                           
    .ttf mmap     1651        0     1104        0     2416                           
    .dex mmap    14861     6256     8124    19824    16880                           
    .oat mmap       23        0        0        0     1084                           
    .art mmap     6337     4768      116     3667    17964                           
   Other mmap    33559        8    28560        0    39356                           
   EGL mtrack    20311    20311        0        0    20311                           
    GL mtrack    44056    44056        0        0    44056                           
      Unknown   111844   111408      400    19640   112440                           
        TOTAL   768466   604135    65476    66797   818899   564887   468892    90586
 
 App Summary
                       Pss(KB)                        Rss(KB)
                        ------                         ------
           Java Heap:    29632                          48820
         Native Heap:   379216                         379972
                Code:    43612                         160140
               Stack:     4240                           4248
            Graphics:    64367                          64367
       Private Other:   148544
              System:    98855
             Unknown:                                  161352
 
           TOTAL PSS:   768466            TOTAL RSS:   818899       TOTAL SWAP PSS:    66797
 
 Objects
               Views:      297         ViewRootImpl:        1
         AppContexts:       16           Activities:        1
              Assets:       41        AssetManagers:        0
       Local Binders:       24        Proxy Binders:       68
       Parcel memory:       28         Parcel count:       96
    Death Recipients:        0             WebViews:        0
 
 Native Allocations
                         Count                       Total(kB)
                        ------                         ------
    Other (malloced):     2152                            204
 Other (nonmalloced):      106                             75
   Bitmap (malloced):        6                          11071
 
 SQL
         MEMORY_USED:      987
  PAGECACHE_OVERFLOW:      817          MALLOC_SIZE:     1932
 
 DATABASES
      pgsz     dbsz   Lookaside(b) cache hits cache misses cache size  Dbname
PER CONNECTION STATS
         4      176             92  1986  1691    25  /data/user/0/com.arcfire.online/databases/firestore.%5BDEFAULT%5D.arcfire-49d69.%28default%29
         4      616             41  1787  1465     4  /data/user/0/com.arcfire.online/databases/RKStorage
POOL STATS
     cache hits  cache misses    cache size  Dbname
           1986          1692          3678  /data/user/0/com.arcfire.online/databases/firestore.%5BDEFAULT%5D.arcfire-49d69.%28default%29
           1787          1466          3253  /data/user/0/com.arcfire.online/databases/RKStorage

VmRSS:	  795628 kB
VmSwap:	   84004 kB
Threads:	123

===== 2026-06-15 05:06:17 pid=14783 =====
Applications Memory Usage (in Kilobytes):
Uptime: 587232834 Realtime: 674345503

** MEMINFO in pid 14783 [com.arcfire.online] **
                   Pss  Private  Private  SwapPss      Rss     Heap     Heap     Heap
                 Total    Dirty    Clean    Dirty    Total     Size    Alloc     Free
                ------   ------   ------   ------   ------   ------   ------   ------
  Native Heap   388460   388420       12    21920   389176   537568   462378    69783
  Dalvik Heap    26828    25180       16      128    31288    28071    14036    14035
 Dalvik Other    17192     8180        0      316    26500                           
        Stack     4125     4124        0      348     4132                           
       Ashmem       11        0        0        0      548                           
    Other dev       18        4       12        0      556                           
     .so mmap    10008      212     2796       58    44300                           
    .jar mmap     1886        0      220        0    30068                           
    .apk mmap    30028      752    24092      896    47380                           
    .ttf mmap     1651        0     1104        0     2416                           
    .dex mmap    14869     6256     8132    19816    16888                           
    .oat mmap       23        0        0        0     1084                           
    .art mmap     6336     4768      116     3667    17964                           
   Other mmap    33581       24    28560        0    39384                           
   EGL mtrack    41631    41631        0        0    41631                           
    GL mtrack    55052    55052        0        0    55052                           
      Unknown   103660   103212      412    19636   104256                           
        TOTAL   802144   637815    65472    66785   852623   565639   476414    83818
 
 App Summary
                       Pss(KB)                        Rss(KB)
                        ------                         ------
           Java Heap:    30064                          49252
         Native Heap:   388420                         389176
                Code:    43596                         160160
               Stack:     4124                           4132
            Graphics:    96683                          96683
       Private Other:   140400
              System:    98857
             Unknown:                                  153220
 
           TOTAL PSS:   802144            TOTAL RSS:   852623       TOTAL SWAP PSS:    66785
 
 Objects
               Views:      301         ViewRootImpl:        1
         AppContexts:       16           Activities:        1
              Assets:       41        AssetManagers:        0
       Local Binders:       24        Proxy Binders:       68
       Parcel memory:       28         Parcel count:       94
    Death Recipients:        0             WebViews:        0
 
 Native Allocations
                         Count                       Total(kB)
                        ------                         ------
    Other (malloced):     2318                            220
 Other (nonmalloced):      106                             75
   Bitmap (malloced):        6                          11071
 
 SQL
         MEMORY_USED:      987
  PAGECACHE_OVERFLOW:      817          MALLOC_SIZE:     1932
 
 DATABASES
      pgsz     dbsz   Lookaside(b) cache hits cache misses cache size  Dbname
PER CONNECTION STATS
         4      176             92  1986  1793    25  /data/user/0/com.arcfire.online/databases/firestore.%5BDEFAULT%5D.arcfire-49d69.%28default%29
         4      616             41  1787  1471     4  /data/user/0/com.arcfire.online/databases/RKStorage
POOL STATS
     cache hits  cache misses    cache size  Dbname
           1986          1794          3780  /data/user/0/com.arcfire.online/databases/firestore.%5BDEFAULT%5D.arcfire-49d69.%28default%29
           1787          1472          3259  /data/user/0/com.arcfire.online/databases/RKStorage

VmRSS:	  802912 kB
VmSwap:	   84004 kB
Threads:	119

===== 2026-06-15 05:36:18 pid=14783 =====
Applications Memory Usage (in Kilobytes):
Uptime: 589033591 Realtime: 676146261

** MEMINFO in pid 14783 [com.arcfire.online] **
                   Pss  Private  Private  SwapPss      Rss     Heap     Heap     Heap
                 Total    Dirty    Clean    Dirty    Total     Size    Alloc     Free
                ------   ------   ------   ------   ------   ------   ------   ------
  Native Heap   380728   380688       12    21920   381444   537820   453150    79245
  Dalvik Heap    23795    22148       16      128    28256    27872    13936    13936
 Dalvik Other    17192     8172        0      316    26508                           
        Stack     4261     4260        0      348     4268                           
       Ashmem       11        0        0        0      548                           
    Other dev       18        4       12        0      556                           
     .so mmap    10008      212     2796       58    44300                           
    .jar mmap     1871        0      216        0    30068                           
    .apk mmap    30026      752    24092      896    47380                           
    .ttf mmap     1651        0     1104        0     2416                           
    .dex mmap    14881     6256     8144    19804    16900                           
    .oat mmap       23        0        0        0     1084                           
    .art mmap     6330     4768      116     3668    17964                           
   Other mmap    33589       24    28560        0    39400                           
   EGL mtrack    41631    41631        0        0    41631                           
    GL mtrack    52648    52648        0        0    52648                           
      Unknown    95492    95036      420    19636    96088                           
        TOTAL   780929   616599    65488    66774   831459   565692   467086    93181
 
 App Summary
                       Pss(KB)                        Rss(KB)
                        ------                         ------
           Java Heap:    27032                          46220
         Native Heap:   380688                         381444
                Code:    43604                         160188
               Stack:     4260                           4268
            Graphics:    94279                          94279
       Private Other:   132224
              System:    98842
             Unknown:                                  145060
 
           TOTAL PSS:   780929            TOTAL RSS:   831459       TOTAL SWAP PSS:    66774
 
 Objects
               Views:      305         ViewRootImpl:        1
         AppContexts:       16           Activities:        1
              Assets:       41        AssetManagers:        0
       Local Binders:       25        Proxy Binders:       68
       Parcel memory:       29         Parcel count:       98
    Death Recipients:        0             WebViews:        0
 
 Native Allocations
                         Count                       Total(kB)
                        ------                         ------
    Other (malloced):     2181                            207
 Other (nonmalloced):      107                             75
   Bitmap (malloced):        6                          11071
 
 SQL
         MEMORY_USED:      987
  PAGECACHE_OVERFLOW:      817          MALLOC_SIZE:     1932
 
 DATABASES
      pgsz     dbsz   Lookaside(b) cache hits cache misses cache size  Dbname
PER CONNECTION STATS
         4      176             92  1986  1897    25  /data/user/0/com.arcfire.online/databases/firestore.%5BDEFAULT%5D.arcfire-49d69.%28default%29
         4      616             41  1787  1477     4  /data/user/0/com.arcfire.online/databases/RKStorage
POOL STATS
     cache hits  cache misses    cache size  Dbname
           1986          1898          3884  /data/user/0/com.arcfire.online/databases/firestore.%5BDEFAULT%5D.arcfire-49d69.%28default%29
           1787          1478          3265  /data/user/0/com.arcfire.online/databases/RKStorage

VmRSS:	  787112 kB
VmSwap:	   84004 kB
Threads:	123

===== 2026-06-15 06:06:39 pid=28333 =====
Applications Memory Usage (in Kilobytes):
Uptime: 590854819 Realtime: 677967489

** MEMINFO in pid 28333 [com.arcfire.online] **
                   Pss  Private  Private  SwapPss      Rss     Heap     Heap     Heap
                 Total    Dirty    Clean    Dirty    Total     Size    Alloc     Free
                ------   ------   ------   ------   ------   ------   ------   ------
  Native Heap   226931   226892       12       49   227644   327880   298047    24921
  Dalvik Heap    17164    15512       16       24    21624    22551    11276    11275
 Dalvik Other    16585     8840        0        0    24632                           
        Stack     3453     3452        0        0     3460                           
       Ashmem       11        0        0        0      544                           
    Other dev       14        8        4        0      552                           
     .so mmap     8943      204     2500       22    42600                           
    .jar mmap     8344        0     4524        0    44488                           
    .apk mmap    59860     2604    50176        0    80364                           
    .ttf mmap      923        0      692        0     1300                           
    .dex mmap    35162    34196      336        0    37412                           
    .oat mmap       54        0        0        0     1356                           
    .art mmap    10070     8316      264       58    21680                           
   Other mmap    19120        4    14776        0    24552                           
   EGL mtrack    20311    20311        0        0    20311                           
    GL mtrack     5028     5028        0        0     5028                           
      Unknown    28645    28348      264        4    29244                           
        TOTAL   460775   353715    73564      157   586791   350431   309323    36196
 
 App Summary
                       Pss(KB)                        Rss(KB)
                        ------                         ------
           Java Heap:    24092                          43304
         Native Heap:   226892                         227644
                Code:    95724                         223468
               Stack:     3452                           3460
            Graphics:    25339                          25339
       Private Other:    51780
              System:    33496
             Unknown:                                   63576
 
           TOTAL PSS:   460775            TOTAL RSS:   586791       TOTAL SWAP PSS:      157
 
 Objects
               Views:       98         ViewRootImpl:        1
         AppContexts:       16           Activities:        1
              Assets:       41        AssetManagers:        0
       Local Binders:       24        Proxy Binders:       68
       Parcel memory:       22         Parcel count:       72
    Death Recipients:        0             WebViews:        0
 
 Native Allocations
                         Count                       Total(kB)
                        ------                         ------
    Other (malloced):     1102                            103
 Other (nonmalloced):      101                             72
   Bitmap (malloced):        2                           2644
 
 SQL
         MEMORY_USED:      987
  PAGECACHE_OVERFLOW:      817          MALLOC_SIZE:     1932
 
 DATABASES
      pgsz     dbsz   Lookaside(b) cache hits cache misses cache size  Dbname
PER CONNECTION STATS
         4      176             92   120   193    25  /data/user/0/com.arcfire.online/databases/firestore.%5BDEFAULT%5D.arcfire-49d69.%28default%29
         4      616             36    92    78     3  /data/user/0/com.arcfire.online/databases/RKStorage
POOL STATS
     cache hits  cache misses    cache size  Dbname
            120           194           314  /data/user/0/com.arcfire.online/databases/firestore.%5BDEFAULT%5D.arcfire-49d69.%28default%29
             92            79           171  /data/user/0/com.arcfire.online/databases/RKStorage

VmRSS:	  563168 kB
VmSwap:	   18004 kB
Threads:	91

===== 2026-06-15 06:36:40 pid=28333 =====
Applications Memory Usage (in Kilobytes):
Uptime: 592655585 Realtime: 679768254

** MEMINFO in pid 28333 [com.arcfire.online] **
                   Pss  Private  Private  SwapPss      Rss     Heap     Heap     Heap
                 Total    Dirty    Clean    Dirty    Total     Size    Alloc     Free
                ------   ------   ------   ------   ------   ------   ------   ------
  Native Heap   224754   224716       12       49   225468   328136   298553    24641
  Dalvik Heap    17616    15964       16       24    22076    22783    11392    11391
 Dalvik Other    16625     8844        0        0    24708                           
        Stack     3237     3236        0        0     3244                           
       Ashmem       11        0        0        0      544                           
    Other dev       14        8        4        0      552                           
     .so mmap     8939      204     2496       22    42600                           
    .jar mmap     8257        0     4436        0    44488                           
    .apk mmap    59855     2604    50176        0    80364                           
    .ttf mmap      917        0      692        0     1300                           
    .dex mmap    35161    34196      336        0    37412                           
    .oat mmap       54        0        0        0     1356                           
    .art mmap    10070     8316      264       58    21680                           
   Other mmap    19127        4    14776        0    24568                           
   EGL mtrack    20311    20311        0        0    20311                           
    GL mtrack     5028     5028        0        0     5028                           
      Unknown    28637    28364      240        4    29236                           
        TOTAL   458770   351795    73448      157   584935   350919   309945    36032
 
 App Summary
                       Pss(KB)                        Rss(KB)
                        ------                         ------
           Java Heap:    24544                          43756
         Native Heap:   224716                         225468
                Code:    95628                         223536
               Stack:     3236                           3244
            Graphics:    25339                          25339
       Private Other:    51780
              System:    33527
             Unknown:                                   63592
 
           TOTAL PSS:   458770            TOTAL RSS:   584935       TOTAL SWAP PSS:      157
 
 Objects
               Views:       98         ViewRootImpl:        1
         AppContexts:       16           Activities:        1
              Assets:       41        AssetManagers:        0
       Local Binders:       24        Proxy Binders:       68
       Parcel memory:       21         Parcel count:       68
    Death Recipients:        0             WebViews:        0
 
 Native Allocations
                         Count                       Total(kB)
                        ------                         ------
    Other (malloced):     1102                            103
 Other (nonmalloced):      101                             72
   Bitmap (malloced):        2                           2644
 
 SQL
         MEMORY_USED:      987
  PAGECACHE_OVERFLOW:      817          MALLOC_SIZE:     1932
 
 DATABASES
      pgsz     dbsz   Lookaside(b) cache hits cache misses cache size  Dbname
PER CONNECTION STATS
         4      176             92   120   295    25  /data/user/0/com.arcfire.online/databases/firestore.%5BDEFAULT%5D.arcfire-49d69.%28default%29
         4      616             36    92    84     3  /data/user/0/com.arcfire.online/databases/RKStorage
POOL STATS
     cache hits  cache misses    cache size  Dbname
            120           296           416  /data/user/0/com.arcfire.online/databases/firestore.%5BDEFAULT%5D.arcfire-49d69.%28default%29
             92            85           177  /data/user/0/com.arcfire.online/databases/RKStorage

VmRSS:	  561092 kB
VmSwap:	   18004 kB
Threads:	86

===== 2026-06-15 07:06:40 pid=28333 =====
Applications Memory Usage (in Kilobytes):
Uptime: 594456341 Realtime: 681569010

** MEMINFO in pid 28333 [com.arcfire.online] **
                   Pss  Private  Private  SwapPss      Rss     Heap     Heap     Heap
                 Total    Dirty    Clean    Dirty    Total     Size    Alloc     Free
                ------   ------   ------   ------   ------   ------   ------   ------
  Native Heap   225507   225468       12       49   226220   328392   299135    24300
  Dalvik Heap    18275    16624       16       24    22736    22855    11428    11427
 Dalvik Other    16624     8844        0        0    24708                           
        Stack     3429     3428        0        0     3436                           
       Ashmem       11        0        0        0      544                           
    Other dev       14        8        4        0      552                           
     .so mmap     8943      204     2496       22    42600                           
    .jar mmap     8244        0     4424        0    44488                           
    .apk mmap    59841     2604    50164        0    80364                           
    .ttf mmap      917        0      692        0     1300                           
    .dex mmap    35161    34196      336        0    37412                           
    .oat mmap       51        0        0        0     1356                           
    .art mmap    10070     8316      264       58    21680                           
   Other mmap    19122        4    14776        0    24568                           
   EGL mtrack    20311    20311        0        0    20311                           
    GL mtrack     5028     5028        0        0     5028                           
      Unknown    28661    28364      264        4    29260                           
        TOTAL   460366   353399    73448      157   586563   351247   310563    35727
 
 App Summary
                       Pss(KB)                        Rss(KB)
                        ------                         ------
           Java Heap:    25204                          44416
         Native Heap:   225468                         226220
                Code:    95604                         223536
               Stack:     3428                           3436
            Graphics:    25339                          25339
       Private Other:    51804
              System:    33519
             Unknown:                                   63616
 
           TOTAL PSS:   460366            TOTAL RSS:   586563       TOTAL SWAP PSS:      157
 
 Objects
               Views:       98         ViewRootImpl:        1
         AppContexts:       16           Activities:        1
              Assets:       41        AssetManagers:        0
       Local Binders:       24        Proxy Binders:       68
       Parcel memory:       22         Parcel count:       72
    Death Recipients:        0             WebViews:        0
 
 Native Allocations
                         Count                       Total(kB)
                        ------                         ------
    Other (malloced):     1103                            103
 Other (nonmalloced):      101                             72
   Bitmap (malloced):        2                           2644
 
 SQL
         MEMORY_USED:      987
  PAGECACHE_OVERFLOW:      817          MALLOC_SIZE:     1932
 
 DATABASES
      pgsz     dbsz   Lookaside(b) cache hits cache misses cache size  Dbname
PER CONNECTION STATS
         4      176             92   120   397    25  /data/user/0/com.arcfire.online/databases/firestore.%5BDEFAULT%5D.arcfire-49d69.%28default%29
         4      616             36    92    90     3  /data/user/0/com.arcfire.online/databases/RKStorage
POOL STATS
     cache hits  cache misses    cache size  Dbname
            120           398           518  /data/user/0/com.arcfire.online/databases/firestore.%5BDEFAULT%5D.arcfire-49d69.%28default%29
             92            91           183  /data/user/0/com.arcfire.online/databases/RKStorage

VmRSS:	  562200 kB
VmSwap:	   18004 kB
Threads:	91

===== 2026-06-15 07:36:41 pid=28333 =====
Applications Memory Usage (in Kilobytes):
Uptime: 596257037 Realtime: 683369706

** MEMINFO in pid 28333 [com.arcfire.online] **
                   Pss  Private  Private  SwapPss      Rss     Heap     Heap     Heap
                 Total    Dirty    Clean    Dirty    Total     Size    Alloc     Free
                ------   ------   ------   ------   ------   ------   ------   ------
  Native Heap   226285   226248       12       49   227000   328392   300289    23382
  Dalvik Heap    19510    17860       16       24    23972    23431    11716    11715
 Dalvik Other    16630     8848        0        0    24716                           
        Stack     3309     3308        0        0     3316                           
       Ashmem       11        0        0        0      544                           
    Other dev       12        4        4        0      552                           
     .so mmap     8802      204     2416       22    42460                           
    .jar mmap     7960        0     4124        0    44348                           
    .apk mmap    58223     2604    49388        0    79756                           
    .ttf mmap      893        0      672        0     1260                           
    .dex mmap    35039    34196      336        0    37396                           
    .oat mmap       57        0        0        0     1356                           
    .art mmap    10067     8316      264       58    21680                           
   Other mmap    19102        4    14776        0    24480                           
   EGL mtrack    20311    20311        0        0    20311                           
    GL mtrack     5028     5028        0        0     5028                           
      Unknown    28658    28356      268        4    29260                           
        TOTAL   460054   355287    72276      157   587435   351823   312005    35097
 
 App Summary
                       Pss(KB)                        Rss(KB)
                        ------                         ------
           Java Heap:    26440                          45652
         Native Heap:   226248                         227000
                Code:    94428                         222596
               Stack:     3308                           3316
            Graphics:    25339                          25339
       Private Other:    51800
              System:    32491
             Unknown:                                   63532
 
           TOTAL PSS:   460054            TOTAL RSS:   587435       TOTAL SWAP PSS:      157
 
 Objects
               Views:       98         ViewRootImpl:        1
         AppContexts:       16           Activities:        1
              Assets:       41        AssetManagers:        0
       Local Binders:       24        Proxy Binders:       68
       Parcel memory:       21         Parcel count:       68
    Death Recipients:        0             WebViews:        0
 
 Native Allocations
                         Count                       Total(kB)
                        ------                         ------
    Other (malloced):     1103                            103
 Other (nonmalloced):      101                             72
   Bitmap (malloced):        2                           2644
 
 SQL
         MEMORY_USED:      987
  PAGECACHE_OVERFLOW:      817          MALLOC_SIZE:     1932
 
 DATABASES
      pgsz     dbsz   Lookaside(b) cache hits cache misses cache size  Dbname
PER CONNECTION STATS
         4      176             92   120   499    25  /data/user/0/com.arcfire.online/databases/firestore.%5BDEFAULT%5D.arcfire-49d69.%28default%29
         4      616             36    92    96     3  /data/user/0/com.arcfire.online/databases/RKStorage
POOL STATS
     cache hits  cache misses    cache size  Dbname
            120           500           620  /data/user/0/com.arcfire.online/databases/firestore.%5BDEFAULT%5D.arcfire-49d69.%28default%29
             92            97           189  /data/user/0/com.arcfire.online/databases/RKStorage

VmRSS:	  561800 kB
VmSwap:	   18004 kB
Threads:	87

===== 2026-06-15 08:06:42 pid=28333 =====
Applications Memory Usage (in Kilobytes):
Uptime: 598058268 Realtime: 685170937

** MEMINFO in pid 28333 [com.arcfire.online] **
                   Pss  Private  Private  SwapPss      Rss     Heap     Heap     Heap
                 Total    Dirty    Clean    Dirty    Total     Size    Alloc     Free
                ------   ------   ------   ------   ------   ------   ------   ------
  Native Heap   226923   226888       12       49   227640   328648   301597    22508
  Dalvik Heap    21080    19432       16       24    25544    23895    11948    11947
 Dalvik Other    16632     8848        0        0    24720                           
        Stack     3437     3436        0        0     3444                           
       Ashmem       11        0        0        0      544                           
    Other dev       12        4        4        0      552                           
     .so mmap     3995      204      196       22    33412                           
    .jar mmap     2744        0      448        0    34088                           
    .apk mmap    16899     2604     8648        0    37904                           
    .ttf mmap      320        0      120        0      664                           
    .dex mmap    34577    34196       16        0    36556                           
    .oat mmap       49        0       16        0     1220                           
    .art mmap    10030     8316      232       58    21680                           
   Other mmap     4413        4       96        0     9668                           
   EGL mtrack    20311    20311        0        0    20311                           
    GL mtrack     5020     5020        0        0     5020                           
      Unknown    28568    28356      176        4    29172                           
        TOTAL   395178   357619     9980      157   512139   352543   313545    34455
 
 App Summary
                       Pss(KB)                        Rss(KB)
                        ------                         ------
           Java Heap:    27980                          47224
         Native Heap:   226888                         227640
                Code:    46936                         159868
               Stack:     3436                           3444
            Graphics:    25331                          25331
       Private Other:    37028
              System:    27579
             Unknown:                                   48632
 
           TOTAL PSS:   395178            TOTAL RSS:   512139       TOTAL SWAP PSS:      157
 
 Objects
               Views:       98         ViewRootImpl:        1
         AppContexts:       16           Activities:        1
              Assets:       41        AssetManagers:        0
       Local Binders:       24        Proxy Binders:       68
       Parcel memory:       22         Parcel count:       72
    Death Recipients:        0             WebViews:        0
 
 Native Allocations
                         Count                       Total(kB)
                        ------                         ------
    Other (malloced):     1103                            103
 Other (nonmalloced):      101                             72
   Bitmap (malloced):        2                           2644
 
 SQL
         MEMORY_USED:      987
  PAGECACHE_OVERFLOW:      817          MALLOC_SIZE:     1932
 
 DATABASES
      pgsz     dbsz   Lookaside(b) cache hits cache misses cache size  Dbname
PER CONNECTION STATS
         4      176             92   120   601    25  /data/user/0/com.arcfire.online/databases/firestore.%5BDEFAULT%5D.arcfire-49d69.%28default%29
         4      616             36    92   102     3  /data/user/0/com.arcfire.online/databases/RKStorage
POOL STATS
     cache hits  cache misses    cache size  Dbname
            120           602           722  /data/user/0/com.arcfire.online/databases/firestore.%5BDEFAULT%5D.arcfire-49d69.%28default%29
             92           103           195  /data/user/0/com.arcfire.online/databases/RKStorage

VmRSS:	  485688 kB
VmSwap:	   18004 kB
Threads:	90

===== 2026-06-15 08:36:43 pid=28333 =====
Applications Memory Usage (in Kilobytes):
Uptime: 599859262 Realtime: 686971931

** MEMINFO in pid 28333 [com.arcfire.online] **
                   Pss  Private  Private  SwapPss      Rss     Heap     Heap     Heap
                 Total    Dirty    Clean    Dirty    Total     Size    Alloc     Free
                ------   ------   ------   ------   ------   ------   ------   ------
  Native Heap   183374   183344       12    43945   184072   328904   304652    19783
  Dalvik Heap    26618    24972       16      652    31084    25823    12912    12911
 Dalvik Other    15994     8260        0      244    24032                           
        Stack     2793     2792        0      584     2800                           
       Ashmem       11        0        0        0      544                           
    Other dev       14        4        8        0      552                           
     .so mmap     2556      152       92       79    30348                           
    .jar mmap     2390        0      292        0    33040                           
    .apk mmap    14098     1524     6232     1080    34016                           
    .ttf mmap      208        0       20        0      544                           
    .dex mmap     8160     7700       16    26496    10028                           
    .oat mmap       48        0       16        0     1212                           
    .art mmap     6720     5124      136     3252    18336                           
   Other mmap     4416        4       96        0     9656                           
   EGL mtrack    20311    20311        0        0    20311                           
    GL mtrack     5028     5028        0        0     5028                           
      Unknown    27357    27144      204     1217    27880                           
        TOTAL   397645   286359     7140    77549   433483   354727   317564    32694
 
 App Summary
                       Pss(KB)                        Rss(KB)
                        ------                         ------
           Java Heap:    30232                          49420
         Native Heap:   183344                         184072
                Code:    16188                         124768
               Stack:     2792                           2800
            Graphics:    25339                          25339
       Private Other:    35604
              System:   104146
             Unknown:                                   47084
 
           TOTAL PSS:   397645            TOTAL RSS:   433483       TOTAL SWAP PSS:    77549
 
 Objects
               Views:       98         ViewRootImpl:        1
         AppContexts:       16           Activities:        1
              Assets:       41        AssetManagers:        0
       Local Binders:       24        Proxy Binders:       68
       Parcel memory:       21         Parcel count:       68
    Death Recipients:        0             WebViews:        0
 
 Native Allocations
                         Count                       Total(kB)
                        ------                         ------
    Other (malloced):     1103                            103
 Other (nonmalloced):      101                             72
   Bitmap (malloced):        2                           2644
 
 SQL
         MEMORY_USED:      987
  PAGECACHE_OVERFLOW:      817          MALLOC_SIZE:     1932
 
 DATABASES
      pgsz     dbsz   Lookaside(b) cache hits cache misses cache size  Dbname
PER CONNECTION STATS
         4      176             92   120   703    25  /data/user/0/com.arcfire.online/databases/firestore.%5BDEFAULT%5D.arcfire-49d69.%28default%29
         4      616             36    92   108     3  /data/user/0/com.arcfire.online/databases/RKStorage
POOL STATS
     cache hits  cache misses    cache size  Dbname
            120           704           824  /data/user/0/com.arcfire.online/databases/firestore.%5BDEFAULT%5D.arcfire-49d69.%28default%29
             92           109           201  /data/user/0/com.arcfire.online/databases/RKStorage

VmRSS:	  401556 kB
VmSwap:	   95700 kB
Threads:	87

===== 2026-06-15 09:06:44 pid=6727 =====
Applications Memory Usage (in Kilobytes):
Uptime: 601660095 Realtime: 688772765

** MEMINFO in pid 6727 [com.arcfire.online] **
                   Pss  Private  Private  SwapPss      Rss     Heap     Heap     Heap
                 Total    Dirty    Clean    Dirty    Total     Size    Alloc     Free
                ------   ------   ------   ------   ------   ------   ------   ------
  Native Heap   227371   227336        4       49   228088   326092   301511    20018
  Dalvik Heap    24832    23188       16       24    29300    25079    12540    12539
 Dalvik Other    16578     8768        0        0    24692                           
        Stack     3245     3244        0        0     3252                           
       Ashmem       11        0        0        0      544                           
    Other dev       20       12        4        0      556                           
     .so mmap    17747      204    14596       22    47216                           
    .jar mmap     7823        0     3584        0    45160                           
    .apk mmap    64514     2604    54144        0    85260                           
    .ttf mmap     1418        0     1168        0     1776                           
    .dex mmap    35921    34196      984        0    38048                           
    .oat mmap       43        0        0        0     1304                           
    .art mmap    10073     8320      292       58    21680                           
   Other mmap    19014        4    14668        0    24520                           
   EGL mtrack    20311    20311        0        0    20311                           
    GL mtrack     8468     8468        0        0     8468                           
      Unknown    28655    28328      320        4    29176                           
        TOTAL   486201   364983    89780      157   609351   351171   314051    32557
 
 App Summary
                       Pss(KB)                        Rss(KB)
                        ------                         ------
           Java Heap:    31800                          50980
         Native Heap:   227336                         228088
                Code:   111896                         234768
               Stack:     3244                           3252
            Graphics:    28779                          28779
       Private Other:    51708
              System:    31438
             Unknown:                                   63484
 
           TOTAL PSS:   486201            TOTAL RSS:   609351       TOTAL SWAP PSS:      157
 
 Objects
               Views:       98         ViewRootImpl:        1
         AppContexts:       16           Activities:        1
              Assets:       41        AssetManagers:        0
       Local Binders:       25        Proxy Binders:       70
       Parcel memory:       22         Parcel count:       70
    Death Recipients:        0             WebViews:        0
 
 Native Allocations
                         Count                       Total(kB)
                        ------                         ------
    Other (malloced):     1102                            103
 Other (nonmalloced):      102                             73
   Bitmap (malloced):        2                           2644
 
 SQL
         MEMORY_USED:      987
  PAGECACHE_OVERFLOW:      817          MALLOC_SIZE:     1932
 
 DATABASES
      pgsz     dbsz   Lookaside(b) cache hits cache misses cache size  Dbname
PER CONNECTION STATS
         4      616             36    92    75     3  /data/user/0/com.arcfire.online/databases/RKStorage
         4      176             92   120   124    25  /data/user/0/com.arcfire.online/databases/firestore.%5BDEFAULT%5D.arcfire-49d69.%28default%29
POOL STATS
     cache hits  cache misses    cache size  Dbname
             92            76           168  /data/user/0/com.arcfire.online/databases/RKStorage
            120           125           245  /data/user/0/com.arcfire.online/databases/firestore.%5BDEFAULT%5D.arcfire-49d69.%28default%29

VmRSS:	  579456 kB
VmSwap:	   17896 kB
Threads:	86

===== 2026-06-15 09:36:45 pid=6727 =====
No process found for: com.arcfire.online


===== 2026-06-15 10:06:48 pid=15137 =====
Applications Memory Usage (in Kilobytes):
Uptime: 605264185 Realtime: 692376854

** MEMINFO in pid 15137 [com.arcfire.online] **
                   Pss  Private  Private  SwapPss      Rss     Heap     Heap     Heap
                 Total    Dirty    Clean    Dirty    Total     Size    Alloc     Free
                ------   ------   ------   ------   ------   ------   ------   ------
  Native Heap   111574   111560        0       49   112288   153448   133885    15308
  Dalvik Heap     5752     5732        4      111     6404    14362     7181     7181
 Dalvik Other    11316     5660        0        1    17212                           
        Stack     2268     2268        0        0     2276                           
       Ashmem       11        0        0        0      532                           
    Other dev       24        4       16        0      564                           
     .so mmap     6300      200     1232       21    42184                           
    .jar mmap     9147        0     5028        0    44264                           
    .apk mmap    43808     2052    37916        0    59056                           
    .ttf mmap      207        0       72        0      604                           
    .dex mmap    34239    34184        0        0    35140                           
    .oat mmap      110        0       28        0     1320                           
    .art mmap     9479     8188      156       86    19588                           
   Other mmap    17524        4    14388        0    21648                           
   EGL mtrack    54165    54165        0        0    54165                           
    GL mtrack     4552     4552        0        0     4552                           
      Unknown    31509    31304      164        3    32128                           
        TOTAL   342256   259873    59004      271   453925   167810   141066    22489
 
 App Summary
                       Pss(KB)                        Rss(KB)
                        ------                         ------
           Java Heap:    14076                          25992
         Native Heap:   111560                         112288
                Code:    80972                         194140
               Stack:     2268                           2276
            Graphics:    58717                          58717
       Private Other:    51284
              System:    23379
             Unknown:                                   60512
 
           TOTAL PSS:   342256            TOTAL RSS:   453925       TOTAL SWAP PSS:      271
 
 Objects
               Views:       13         ViewRootImpl:        1
         AppContexts:       14           Activities:        1
              Assets:       41        AssetManagers:        0
       Local Binders:       33        Proxy Binders:       68
       Parcel memory:       17         Parcel count:       50
    Death Recipients:        1             WebViews:        0
 
 Native Allocations
                         Count                       Total(kB)
                        ------                         ------
    Other (malloced):      371                             33
 Other (nonmalloced):      109                             77
   Bitmap (malloced):        1                           1238
 
 SQL
         MEMORY_USED:        0
  PAGECACHE_OVERFLOW:        0          MALLOC_SIZE:       46
 

VmRSS:	  406560 kB
VmSwap:	   18472 kB
Threads:	67

===== 2026-06-15 10:36:49 pid=15137 =====
Applications Memory Usage (in Kilobytes):
Uptime: 607064864 Realtime: 694177533

** MEMINFO in pid 15137 [com.arcfire.online] **
                   Pss  Private  Private  SwapPss      Rss     Heap     Heap     Heap
                 Total    Dirty    Clean    Dirty    Total     Size    Alloc     Free
                ------   ------   ------   ------   ------   ------   ------   ------
  Native Heap   366417   366392        0       46   367152   488136   433189    49848
  Dalvik Heap    30591    28284       24       23    34400    27855    13928    13927
 Dalvik Other    17608     8752        0        0    26752                           
        Stack     4248     4248        0        0     4256                           
       Ashmem       11        0        0        0      548                           
    Other dev       28        4       20        0      576                           
     .so mmap    10902      248     2900       20    52696                           
    .jar mmap     9559        0     4992        0    45928                           
    .apk mmap    65501     2604    56076        0    90808                           
    .ttf mmap     3829        0     2904        0     5552                           
    .dex mmap    34737    34196        8        0    37204                           
    .oat mmap      119        0       28        0     1364                           
    .art mmap    10506     8356      236       54    21820                           
   Other mmap    34462       12    29028        0    41052                           
   EGL mtrack    20447    20447        0        0    20447                           
    GL mtrack    71976    71976        0        0    71976                           
      Unknown    67179    66652      480        4    67804                           
        TOTAL   748267   612171    96696      147   890335   515991   447117    63775
 
 App Summary
                       Pss(KB)                        Rss(KB)
                        ------                         ------
           Java Heap:    36876                          56220
         Native Heap:   366392                         367152
                Code:   104324                         251592
               Stack:     4248                           4256
            Graphics:    92423                          92423
       Private Other:   104604
              System:    39400
             Unknown:                                  118692
 
           TOTAL PSS:   748267            TOTAL RSS:   890335       TOTAL SWAP PSS:      147
 
 Objects
               Views:      349         ViewRootImpl:        1
         AppContexts:       16           Activities:        1
              Assets:       41        AssetManagers:        0
       Local Binders:       29        Proxy Binders:       68
       Parcel memory:       26         Parcel count:       86
    Death Recipients:        0             WebViews:        0
 
 Native Allocations
                         Count                       Total(kB)
                        ------                         ------
   Bitmap (malloced):       11                          17814
    Other (malloced):     4041                            385
 Other (nonmalloced):      111                             77
 
 SQL
         MEMORY_USED:      987
  PAGECACHE_OVERFLOW:      817          MALLOC_SIZE:     1932
 
 DATABASES
      pgsz     dbsz   Lookaside(b) cache hits cache misses cache size  Dbname
PER CONNECTION STATS
         4      176             92   410   283    25  /data/user/0/com.arcfire.online/databases/firestore.%5BDEFAULT%5D.arcfire-49d69.%28default%29
         4      616             41   371   275     4  /data/user/0/com.arcfire.online/databases/RKStorage
POOL STATS
     cache hits  cache misses    cache size  Dbname
            410           284           694  /data/user/0/com.arcfire.online/databases/firestore.%5BDEFAULT%5D.arcfire-49d69.%28default%29
            371           276           647  /data/user/0/com.arcfire.online/databases/RKStorage

VmRSS:	  851784 kB
VmSwap:	   17448 kB
Threads:	111

===== 2026-06-15 11:06:50 pid=15137 =====
Applications Memory Usage (in Kilobytes):
Uptime: 608865747 Realtime: 695978417

** MEMINFO in pid 15137 [com.arcfire.online] **
                   Pss  Private  Private  SwapPss      Rss     Heap     Heap     Heap
                 Total    Dirty    Clean    Dirty    Total     Size    Alloc     Free
                ------   ------   ------   ------   ------   ------   ------   ------
  Native Heap   382704   382660        4       44   383432   522356   440097    77066
  Dalvik Heap    22436    20772       24       23    26880    26759    13380    13379
 Dalvik Other    17828     8764        0        0    27188                           
        Stack     4241     4240        0        0     4248                           
       Ashmem       10        0        0        0      548                           
    Other dev       30        4       20        0      576                           
     .so mmap     9797      248     1744       20    48436                           
    .jar mmap     6592        0     2960        0    42016                           
    .apk mmap    60618     2604    51260        0    84188                           
    .ttf mmap     2666        0     1932        0     3968                           
    .dex mmap    35001    34196      284        0    37176                           
    .oat mmap       85        0       40        0     1352                           
    .art mmap    10130     8364      224       52    21840                           
   Other mmap    34748       12    29732        0    40932                           
   EGL mtrack    33311    33311        0        0    33311                           
    GL mtrack    49740    49740        0        0    49740                           
      Unknown    73828    73556      216        3    74436                           
        TOTAL   743907   618471    88440      142   880267   549115   453477    90445
 
 App Summary
                       Pss(KB)                        Rss(KB)
                        ------                         ------
           Java Heap:    29360                          48720
         Native Heap:   382660                         383432
                Code:    95640                         235604
               Stack:     4240                           4248
            Graphics:    83051                          83051
       Private Other:   111960
              System:    36996
             Unknown:                                  125212
 
           TOTAL PSS:   743907            TOTAL RSS:   880267       TOTAL SWAP PSS:      142
 
 Objects
               Views:      306         ViewRootImpl:        1
         AppContexts:       16           Activities:        1
              Assets:       41        AssetManagers:        0
       Local Binders:       26        Proxy Binders:       69
       Parcel memory:       27         Parcel count:       90
    Death Recipients:        0             WebViews:        0
 
 Native Allocations
                         Count                       Total(kB)
                        ------                         ------
   Bitmap (malloced):        9                          12599
    Other (malloced):     2466                            234
 Other (nonmalloced):      110                             78
 
 SQL
         MEMORY_USED:      987
  PAGECACHE_OVERFLOW:      817          MALLOC_SIZE:     1932
 
 DATABASES
      pgsz     dbsz   Lookaside(b) cache hits cache misses cache size  Dbname
PER CONNECTION STATS
         4      176             92   540   423    25  /data/user/0/com.arcfire.online/databases/firestore.%5BDEFAULT%5D.arcfire-49d69.%28default%29
         4      616             41   505   375     4  /data/user/0/com.arcfire.online/databases/RKStorage
POOL STATS
     cache hits  cache misses    cache size  Dbname
            540           424           964  /data/user/0/com.arcfire.online/databases/firestore.%5BDEFAULT%5D.arcfire-49d69.%28default%29
            505           376           881  /data/user/0/com.arcfire.online/databases/RKStorage

VmRSS:	  845176 kB
VmSwap:	   17320 kB
Threads:	112

===== 2026-06-15 11:36:51 pid=15137 =====
Applications Memory Usage (in Kilobytes):
Uptime: 610666617 Realtime: 697779287

** MEMINFO in pid 15137 [com.arcfire.online] **
                   Pss  Private  Private  SwapPss      Rss     Heap     Heap     Heap
                 Total    Dirty    Clean    Dirty    Total     Size    Alloc     Free
                ------   ------   ------   ------   ------   ------   ------   ------
  Native Heap   383320   383276        4       44   384048   522616   449427    67999
  Dalvik Heap    29209    27548       24       23    33656    27783    13892    13891
 Dalvik Other    17954     8880        0        0    27324                           
        Stack     4141     4140        0        0     4148                           
       Ashmem       10        0        0        0      548                           
    Other dev       30        4       20        0      576                           
     .so mmap     9795      248     1740       20    48436                           
    .jar mmap     6173        0     2596        0    42016                           
    .apk mmap    60449     2604    51236        0    84188                           
    .ttf mmap     2666        0     1932        0     3968                           
    .dex mmap    34999    34196      284        0    37176                           
    .oat mmap       82        0       40        0     1352                           
    .art mmap    10114     8364      220       52    21840                           
   Other mmap    34735       12    29732        0    40952                           
   EGL mtrack    33311    33311        0        0    33311                           
    GL mtrack    49740    49740        0        0    49740                           
      Unknown    68092    67812      224        3    68700                           
        TOTAL   744962   620135    88052      142   881979   550399   463319    81890
 
 App Summary
                       Pss(KB)                        Rss(KB)
                        ------                         ------
           Java Heap:    36132                          55496
         Native Heap:   383276                         384048
                Code:    95248                         235624
               Stack:     4140                           4148
            Graphics:    83051                          83051
       Private Other:   106340
              System:    36775
             Unknown:                                  119612
 
           TOTAL PSS:   744962            TOTAL RSS:   881979       TOTAL SWAP PSS:      142
 
 Objects
               Views:      308         ViewRootImpl:        1
         AppContexts:       16           Activities:        1
              Assets:       41        AssetManagers:        0
       Local Binders:       26        Proxy Binders:       69
       Parcel memory:       26         Parcel count:       88
    Death Recipients:        0             WebViews:        0
 
 Native Allocations
                         Count                       Total(kB)
                        ------                         ------
   Bitmap (malloced):        9                          12599
    Other (malloced):     2350                            223
 Other (nonmalloced):      110                             78
 
 SQL
         MEMORY_USED:      987
  PAGECACHE_OVERFLOW:      817          MALLOC_SIZE:     1932
 
 DATABASES
      pgsz     dbsz   Lookaside(b) cache hits cache misses cache size  Dbname
PER CONNECTION STATS
         4      176             92   540   525    25  /data/user/0/com.arcfire.online/databases/firestore.%5BDEFAULT%5D.arcfire-49d69.%28default%29
         4      616             41   505   381     4  /data/user/0/com.arcfire.online/databases/RKStorage
POOL STATS
     cache hits  cache misses    cache size  Dbname
            540           526          1066  /data/user/0/com.arcfire.online/databases/firestore.%5BDEFAULT%5D.arcfire-49d69.%28default%29
            505           382           887  /data/user/0/com.arcfire.online/databases/RKStorage

VmRSS:	  840092 kB
VmSwap:	   17320 kB
Threads:	111

===== 2026-06-15 12:06:52 pid=15137 =====
Applications Memory Usage (in Kilobytes):
Uptime: 612467804 Realtime: 699580474

** MEMINFO in pid 15137 [com.arcfire.online] **
                   Pss  Private  Private  SwapPss      Rss     Heap     Heap     Heap
                 Total    Dirty    Clean    Dirty    Total     Size    Alloc     Free
                ------   ------   ------   ------   ------   ------   ------   ------
  Native Heap   246708   246680        4   135314   247420   524556   440529    78791
  Dalvik Heap    25180    23524       20       99    29628    26759    13380    13379
 Dalvik Other    17306     8268        0      220    26640                           
        Stack     3517     3516        0      744     3524                           
       Ashmem       11        0        0        0      548                           
    Other dev       16        4        8        0      560                           
     .so mmap     4370      228      176       44    36116                           
    .jar mmap     2641        0      404        0    33184                           
    .apk mmap    26485     1756    19920      848    46924                           
    .ttf mmap      507        0      168        0     1360                           
    .dex mmap    15986    15744       12    18440    17476                           
    .oat mmap       45        0        4        0     1236                           
    .art mmap     8176     6556      108     1863    19876                           
   Other mmap     6199       20     1248        0    12096                           
   EGL mtrack    41631    41631        0        0    41631                           
    GL mtrack    49948    49948        0        0    49948                           
      Unknown    44936    44732      180    11780    45492                           
        TOTAL   663014   442607    22252   169352   613659   551315   453909    92170
 
 App Summary
                       Pss(KB)                        Rss(KB)
                        ------                         ------
           Java Heap:    30188                          49504
         Native Heap:   246680                         247420
                Code:    38460                         154388
               Stack:     3516                           3524
            Graphics:    91579                          91579
       Private Other:    54436
              System:   198155
             Unknown:                                   67244
 
           TOTAL PSS:   663014            TOTAL RSS:   613659       TOTAL SWAP PSS:   169352
 
 Objects
               Views:      333         ViewRootImpl:        1
         AppContexts:       16           Activities:        1
              Assets:       41        AssetManagers:        0
       Local Binders:       26        Proxy Binders:       69
       Parcel memory:       27         Parcel count:       90
    Death Recipients:        0             WebViews:        0
 
 Native Allocations
                         Count                       Total(kB)
                        ------                         ------
   Bitmap (malloced):        9                          12599
    Other (malloced):     2311                            219
 Other (nonmalloced):      110                             78
 
 SQL
         MEMORY_USED:      983
  PAGECACHE_OVERFLOW:      813          MALLOC_SIZE:     1932
 
 DATABASES
      pgsz     dbsz   Lookaside(b) cache hits cache misses cache size  Dbname
PER CONNECTION STATS
         4      176             92   584   637    25  /data/user/0/com.arcfire.online/databases/firestore.%5BDEFAULT%5D.arcfire-49d69.%28default%29
         4      612             41   563   439     4  /data/user/0/com.arcfire.online/databases/RKStorage
POOL STATS
     cache hits  cache misses    cache size  Dbname
            584           638          1222  /data/user/0/com.arcfire.online/databases/firestore.%5BDEFAULT%5D.arcfire-49d69.%28default%29
            563           440          1003  /data/user/0/com.arcfire.online/databases/RKStorage

VmRSS:	  566156 kB
VmSwap:	  186536 kB
Threads:	112

===== 2026-06-15 12:36:53 pid=15137 =====
Applications Memory Usage (in Kilobytes):
Uptime: 614271094 Realtime: 701383763

** MEMINFO in pid 15137 [com.arcfire.online] **
                   Pss  Private  Private  SwapPss      Rss     Heap     Heap     Heap
                 Total    Dirty    Clean    Dirty    Total     Size    Alloc     Free
                ------   ------   ------   ------   ------   ------   ------   ------
  Native Heap   211818   211792        4   169926   212532   524544   434734    84636
  Dalvik Heap    21504    19844       16       99    25944    26415    13208    13207
 Dalvik Other    17262     8220        0      236    26600                           
        Stack     3280     3280        0      964     3288                           
       Ashmem       11        0        0        0      548                           
    Other dev       13        4        8        0      560                           
     .so mmap     3374      228       88       44    33604                           
    .jar mmap     2054        0      396        0    30332                           
    .apk mmap    23145     1608    17360      996    41928                           
    .ttf mmap      248        0       88        0      776                           
    .dex mmap    13579    13372       36    20788    14884                           
    .oat mmap       30        0        0        0     1140                           
    .art mmap     7976     6368      124     2051    19676                           
   Other mmap     5082       12      160        0    10920                           
   EGL mtrack    33311    33311        0        0    33311                           
    GL mtrack    49856    49856        0        0    49856                           
      Unknown    41960    41768      172    14752    42520                           
        TOTAL   644359   389663    18452   209856   548419   550959   447942    97843
 
 App Summary
                       Pss(KB)                        Rss(KB)
                        ------                         ------
           Java Heap:    26336                          45620
         Native Heap:   211792                         212532
                Code:    33224                         140764
               Stack:     3280                           3288
            Graphics:    83167                          83167
       Private Other:    50316
              System:   236244
             Unknown:                                   63048
 
           TOTAL PSS:   644359            TOTAL RSS:   548419       TOTAL SWAP PSS:   209856
 
 Objects
               Views:      306         ViewRootImpl:        1
         AppContexts:       16           Activities:        1
              Assets:       41        AssetManagers:        0
       Local Binders:       26        Proxy Binders:       69
       Parcel memory:       27         Parcel count:       90
    Death Recipients:        0             WebViews:        0
 
 Native Allocations
                         Count                       Total(kB)
                        ------                         ------
   Bitmap (malloced):        9                          12599
    Other (malloced):     2239                            212
 Other (nonmalloced):      110                             78
 
 SQL
         MEMORY_USED:      983
  PAGECACHE_OVERFLOW:      813          MALLOC_SIZE:     1932
 
 DATABASES
      pgsz     dbsz   Lookaside(b) cache hits cache misses cache size  Dbname
PER CONNECTION STATS
         4      176             92   584   739    25  /data/user/0/com.arcfire.online/databases/firestore.%5BDEFAULT%5D.arcfire-49d69.%28default%29
         4      612             41   563   445     4  /data/user/0/com.arcfire.online/databases/RKStorage
POOL STATS
     cache hits  cache misses    cache size  Dbname
            584           740          1324  /data/user/0/com.arcfire.online/databases/firestore.%5BDEFAULT%5D.arcfire-49d69.%28default%29
            563           446          1009  /data/user/0/com.arcfire.online/databases/RKStorage

VmRSS:	  513404 kB
VmSwap:	  227112 kB
Threads:	112

===== 2026-06-15 13:06:56 pid=15137 =====
Applications Memory Usage (in Kilobytes):
Uptime: 616071885 Realtime: 703184554

** MEMINFO in pid 15137 [com.arcfire.online] **
                   Pss  Private  Private  SwapPss      Rss     Heap     Heap     Heap
                 Total    Dirty    Clean    Dirty    Total     Size    Alloc     Free
                ------   ------   ------   ------   ------   ------   ------   ------
  Native Heap   212315   212288        4   169918   213028   525036   437140    82672
  Dalvik Heap    23711    22044       16       99    28144    26279    13140    13139
 Dalvik Other    17364     8280        0      236    26744                           
        Stack     3292     3292        0      952     3300                           
       Ashmem       11        0        0        0      548                           
    Other dev       12        0        8        0      560                           
     .so mmap     3317      228      336       44    32416                           
    .jar mmap     2126        0      508        0    29928                           
    .apk mmap    22874     1608    16908      996    40996                           
    .ttf mmap      173        0       36        0      652                           
    .dex mmap    13602    13372       64    20764    14884                           
    .oat mmap       29        0        0        0     1128                           
    .art mmap     8006     6368      148     2051    19676                           
   Other mmap     5100       12      172        0    10928                           
   EGL mtrack    33311    33311        0        0    33311                           
    GL mtrack    49856    49856        0        0    49856                           
      Unknown    41970    41768      180    14752    42528                           
        TOTAL   646881   392427    18380   209812   548627   551315   450280    95811
 
 App Summary
                       Pss(KB)                        Rss(KB)
                        ------                         ------
           Java Heap:    28560                          47820
         Native Heap:   212288                         213028
                Code:    33096                         138176
               Stack:     3292                           3300
            Graphics:    83167                          83167
       Private Other:    50404
              System:   236074
             Unknown:                                   63136
 
           TOTAL PSS:   646881            TOTAL RSS:   548627       TOTAL SWAP PSS:   209812
 
 Objects
               Views:      314         ViewRootImpl:        1
         AppContexts:       16           Activities:        1
              Assets:       41        AssetManagers:        0
       Local Binders:       26        Proxy Binders:       69
       Parcel memory:       27         Parcel count:       90
    Death Recipients:        0             WebViews:        0
 
 Native Allocations
                         Count                       Total(kB)
                        ------                         ------
   Bitmap (malloced):        9                          12599
    Other (malloced):     2829                            269
 Other (nonmalloced):      110                             78
 
 SQL
         MEMORY_USED:      983
  PAGECACHE_OVERFLOW:      813          MALLOC_SIZE:     1932
 
 DATABASES
      pgsz     dbsz   Lookaside(b) cache hits cache misses cache size  Dbname
PER CONNECTION STATS
         4      176             92   584   841    25  /data/user/0/com.arcfire.online/databases/firestore.%5BDEFAULT%5D.arcfire-49d69.%28default%29
         4      612             41   563   451     4  /data/user/0/com.arcfire.online/databases/RKStorage
POOL STATS
     cache hits  cache misses    cache size  Dbname
            584           842          1426  /data/user/0/com.arcfire.online/databases/firestore.%5BDEFAULT%5D.arcfire-49d69.%28default%29
            563           452          1015  /data/user/0/com.arcfire.online/databases/RKStorage

VmRSS:	  511876 kB
VmSwap:	  227112 kB
Threads:	112

===== 2026-06-15 13:36:57 pid=15137 =====
Applications Memory Usage (in Kilobytes):
Uptime: 617872826 Realtime: 704985496

** MEMINFO in pid 15137 [com.arcfire.online] **
                   Pss  Private  Private  SwapPss      Rss     Heap     Heap     Heap
                 Total    Dirty    Clean    Dirty    Total     Size    Alloc     Free
                ------   ------   ------   ------   ------   ------   ------   ------
  Native Heap   219536   219508        4   170778   220248   526592   456356    65285
  Dalvik Heap    32651    30988       16       99    37088    27122    13561    13561
 Dalvik Other    17490     8400        0      248    26876                           
        Stack     3452     3452        0      800     3460                           
       Ashmem       11        0        0        0      548                           
    Other dev       17        0       12        0      564                           
     .so mmap     2972      220      512       52    30640                           
    .jar mmap     2800        0     1180        0    30300                           
    .apk mmap    24660     1536    19072      992    42360                           
    .ttf mmap      290        0      132        0      776                           
    .dex mmap    11850     7980     3708    22512    13136                           
    .oat mmap       31        0        0        0     1120                           
    .art mmap     7339     5724      120     2695    18992                           
   Other mmap     5180       12      228        0    11048                           
   EGL mtrack    33311    33311        0        0    33311                           
    GL mtrack    38624    38624        0        0    38624                           
      Unknown    45580    45192      364    12696    46136                           
        TOTAL   656666   394947    25348   210872   555227   553714   469917    78846
 
 App Summary
                       Pss(KB)                        Rss(KB)
                        ------                         ------
           Java Heap:    36832                          56080
         Native Heap:   219508                         220248
                Code:    34388                         136528
               Stack:     3452                           3460
            Graphics:    71935                          71935
       Private Other:    54180
              System:   236371
             Unknown:                                   66976
 
           TOTAL PSS:   656666            TOTAL RSS:   555227       TOTAL SWAP PSS:   210872
 
 Objects
               Views:      308         ViewRootImpl:        1
         AppContexts:       16           Activities:        1
              Assets:       41        AssetManagers:        0
       Local Binders:       30        Proxy Binders:       73
       Parcel memory:       27         Parcel count:       91
    Death Recipients:        0             WebViews:        0
 
 Native Allocations
                         Count                       Total(kB)
                        ------                         ------
   Bitmap (malloced):        9                          12599
    Other (malloced):     2548                            242
 Other (nonmalloced):      113                             79
 
 SQL
         MEMORY_USED:      983
  PAGECACHE_OVERFLOW:      813          MALLOC_SIZE:     1932
 
 DATABASES
      pgsz     dbsz   Lookaside(b) cache hits cache misses cache size  Dbname
PER CONNECTION STATS
         4      176             92  1526  1253    25  /data/user/0/com.arcfire.online/databases/firestore.%5BDEFAULT%5D.arcfire-49d69.%28default%29
         4      612             41  1517  1037     4  /data/user/0/com.arcfire.online/databases/RKStorage
POOL STATS
     cache hits  cache misses    cache size  Dbname
           1526          1254          2780  /data/user/0/com.arcfire.online/databases/firestore.%5BDEFAULT%5D.arcfire-49d69.%28default%29
           1517          1038          2555  /data/user/0/com.arcfire.online/databases/RKStorage

VmRSS:	  512200 kB
VmSwap:	  228904 kB
Threads:	112

===== 2026-06-15 14:06:58 pid=15137 =====
Applications Memory Usage (in Kilobytes):
Uptime: 619674136 Realtime: 706786806

** MEMINFO in pid 15137 [com.arcfire.online] **
                   Pss  Private  Private  SwapPss      Rss     Heap     Heap     Heap
                 Total    Dirty    Clean    Dirty    Total     Size    Alloc     Free
                ------   ------   ------   ------   ------   ------   ------   ------
  Native Heap   274049   274024        8   119641   274752   547952   432339   111137
  Dalvik Heap    54387    54160        4     1198    55976    30170    15085    15085
 Dalvik Other    13786     7968        0      488    19892                           
        Stack     2825     2824        0     1536     2832                           
       Ashmem       12        4        0        0      548                           
    Other dev       23        0       20        0      564                           
     .so mmap     2526      136      584      121    28132                           
    .jar mmap     2497        0      960        0    27288                           
    .apk mmap    26180      480    23440     1068    37640                           
    .ttf mmap      272        0      184        0      508                           
    .dex mmap    12497     1532    10944    21720    13308                           
    .oat mmap       19        0        0        0     1000                           
    .art mmap     4650     3692       88     4755    14892                           
   Other mmap    21550     4568    14356        0    25020                           
   EGL mtrack    20379    20379        0        0    20379                           
    GL mtrack    26240    26240        0        0    26240                           
      Unknown    30235    29884      344    23708    30764                           
        TOTAL   666362   425891    50932   174235   579735   578122   447424   126222
 
 App Summary
                       Pss(KB)                        Rss(KB)
                        ------                         ------
           Java Heap:    57940                          70868
         Native Heap:   274024                         274752
                Code:    38312                         119548
               Stack:     2824                           2832
            Graphics:    46619                          46619
       Private Other:    57104
              System:   189539
             Unknown:                                   65116
 
           TOTAL PSS:   666362            TOTAL RSS:   579735       TOTAL SWAP PSS:   174235
 
 Objects
               Views:      119         ViewRootImpl:        2
         AppContexts:       16           Activities:        1
              Assets:       41        AssetManagers:        0
       Local Binders:       29        Proxy Binders:       74
       Parcel memory:       30         Parcel count:      102
    Death Recipients:        0             WebViews:        0
 
 Native Allocations
                         Count                       Total(kB)
                        ------                         ------
   Bitmap (malloced):        7                          12364
    Other (malloced):     1185                            111
 Other (nonmalloced):      119                             82
 
 SQL
         MEMORY_USED:      983
  PAGECACHE_OVERFLOW:      813          MALLOC_SIZE:     1932
 
 DATABASES
      pgsz     dbsz   Lookaside(b) cache hits cache misses cache size  Dbname
PER CONNECTION STATS
         4      176             92  2124  1537    25  /data/user/0/com.arcfire.online/databases/firestore.%5BDEFAULT%5D.arcfire-49d69.%28default%29
         4      612             41  2089  1341     4  /data/user/0/com.arcfire.online/databases/RKStorage
POOL STATS
     cache hits  cache misses    cache size  Dbname
           2124          1538          3662  /data/user/0/com.arcfire.online/databases/firestore.%5BDEFAULT%5D.arcfire-49d69.%28default%29
           2089          1342          3431  /data/user/0/com.arcfire.online/databases/RKStorage

VmRSS:	  527024 kB
VmSwap:	  192484 kB
Threads:	120

===== 2026-06-15 14:36:59 pid=15137 =====
Applications Memory Usage (in Kilobytes):
Uptime: 621474954 Realtime: 708587623

** MEMINFO in pid 15137 [com.arcfire.online] **
                   Pss  Private  Private  SwapPss      Rss     Heap     Heap     Heap
                 Total    Dirty    Clean    Dirty    Total     Size    Alloc     Free
                ------   ------   ------   ------   ------   ------   ------   ------
  Native Heap   415690   415672        4    40761   416368   594748   503793    84178
  Dalvik Heap    46945    44576       32      155    50672    30007    15004    15003
 Dalvik Other    14318     8276        0      432    20648                           
        Stack     3956     3956        0      868     3964                           
       Ashmem       12        4        0        0      548                           
    Other dev       14        0       12        0      540                           
     .so mmap     3801      168     1264       94    30248                           
    .jar mmap     2444        0      792        0    27220                           
    .apk mmap    30774      496    27992      940    42224                           
    .ttf mmap     4164        0     3968        0     4508                           
    .dex mmap    13349     1524    11804    20868    14156                           
    .oat mmap       20        0        0        0      996                           
    .art mmap     5863     4032      152     4391    17000                           
   Other mmap    36254     4580    28744        0    39968                           
   EGL mtrack    33311    33311        0        0    33311                           
    GL mtrack    42188    42188        0        0    42188                           
      Unknown    78018    77568      444    17260    78528                           
        TOTAL   816890   636351    75208    85769   823087   624755   518797    99181
 
 App Summary
                       Pss(KB)                        Rss(KB)
                        ------                         ------
           Java Heap:    48760                          67672
         Native Heap:   415672                         416368
                Code:    48068                         131456
               Stack:     3956                           3964
            Graphics:    75499                          75499
       Private Other:   119604
              System:   105331
             Unknown:                                  128128
 
           TOTAL PSS:   816890            TOTAL RSS:   823087       TOTAL SWAP PSS:    85769
 
 Objects
               Views:      377         ViewRootImpl:        2
         AppContexts:       16           Activities:        1
              Assets:       41        AssetManagers:        0
       Local Binders:       31        Proxy Binders:       71
       Parcel memory:       33         Parcel count:      116
    Death Recipients:        0             WebViews:        0
 
 Native Allocations
                         Count                       Total(kB)
                        ------                         ------
   Bitmap (malloced):       10                          16695
    Other (malloced):     3388                            322
 Other (nonmalloced):      127                             87
 
 SQL
         MEMORY_USED:      983
  PAGECACHE_OVERFLOW:      813          MALLOC_SIZE:     1932
 
 DATABASES
      pgsz     dbsz   Lookaside(b) cache hits cache misses cache size  Dbname
PER CONNECTION STATS
         4      176             92  4440  2387    25  /data/user/0/com.arcfire.online/databases/firestore.%5BDEFAULT%5D.arcfire-49d69.%28default%29
         4      612             41  4755  2783     4  /data/user/0/com.arcfire.online/databases/RKStorage
POOL STATS
     cache hits  cache misses    cache size  Dbname
           4440          2388          6828  /data/user/0/com.arcfire.online/databases/firestore.%5BDEFAULT%5D.arcfire-49d69.%28default%29
           4755          2784          7539  /data/user/0/com.arcfire.online/databases/RKStorage

VmRSS:	  765372 kB
VmSwap:	  104304 kB
Threads:	133
