
===== 2026-06-26 01:44:13 pid=31346 =====
Applications Memory Usage (in Kilobytes):
Uptime: 1522506350 Realtime: 1612622616

** MEMINFO in pid 31346 [com.arcfire.online] **
                   Pss  Private  Private  SwapPss      Rss     Heap     Heap     Heap
                 Total    Dirty    Clean    Dirty    Total     Size    Alloc     Free
                ------   ------   ------   ------   ------   ------   ------   ------
  Native Heap   508628   508568       36       50   509328   643968   563890    72388
  Dalvik Heap    24004    19644     4028       26    25748    26597    13299    13298
 Dalvik Other    17972     8896        0        0    27344                           
        Stack     4428     4428        0        0     4436                           
       Ashmem       16        0        0        0      544                           
    Other dev       33        4       20        0      576                           
     .so mmap    18312      248    10688       27    53500                           
    .jar mmap     8538        0     4300        0    43584                           
    .apk mmap    63901     2612    53616        0    85256                           
    .ttf mmap     4932        0     4516        0     5580                           
    .dex mmap    35511    34200      744        0    38004                           
    .oat mmap       87        0       24        0     1408                           
    .art mmap    10600     8360      832       59    21808                           
   Other mmap    38731       20    33332        0    45212                           
   EGL mtrack    41631    41631        0        0    41631                           
    GL mtrack    68756    68756        0        0    68756                           
      Unknown    76403    75800      576        5    76928                           
        TOTAL   922650   773167   112712      167  1049643   670565   577189    85686
 
 App Summary
                       Pss(KB)                        Rss(KB)
                        ------                         ------
           Java Heap:    28836                          47556
         Native Heap:   508568                         509328
                Code:   111344                         245848
               Stack:     4428                           4436
            Graphics:   110387                         110387
       Private Other:   122316
              System:    36771
             Unknown:                                  132088
 
           TOTAL PSS:   922650            TOTAL RSS:  1049643       TOTAL SWAP PSS:      167
 
 Objects
               Views:      282         ViewRootImpl:        1
         AppContexts:       16           Activities:        1
              Assets:       41        AssetManagers:        0
       Local Binders:       25        Proxy Binders:       70
       Parcel memory:       27         Parcel count:       92
    Death Recipients:        0             WebViews:        0
 
 Native Allocations
                         Count                       Total(kB)
                        ------                         ------
    Other (malloced):     2114                            200
 Other (nonmalloced):      109                             77
   Bitmap (malloced):        4                           5569
 
 SQL
         MEMORY_USED:     1603
  PAGECACHE_OVERFLOW:     1432          MALLOC_SIZE:     4074
 
 DATABASES
      pgsz     dbsz   Lookaside(b) cache hits cache misses cache size  Dbname
PER CONNECTION STATS
         4      180             92   734   372    25  /data/user/0/com.arcfire.online/databases/firestore.%5BDEFAULT%5D.arcfire-49d69.%28default%29
         4     1188             41  1013   856     4  /data/user/0/com.arcfire.online/databases/RKStorage
POOL STATS
     cache hits  cache misses    cache size  Dbname
            734           373          1107  /data/user/0/com.arcfire.online/databases/firestore.%5BDEFAULT%5D.arcfire-49d69.%28default%29
           1013           857          1870  /data/user/0/com.arcfire.online/databases/RKStorage

VmRSS:	 1011768 kB
VmSwap:	   17300 kB
Threads:	113

===== 2026-06-26 01:54:33 pid=31346 =====
Applications Memory Usage (in Kilobytes):
Uptime: 1523128922 Realtime: 1613245188

** MEMINFO in pid 31346 [com.arcfire.online] **
                   Pss  Private  Private  SwapPss      Rss     Heap     Heap     Heap
                 Total    Dirty    Clean    Dirty    Total     Size    Alloc     Free
                ------   ------   ------   ------   ------   ------   ------   ------
  Native Heap   502504   502444       36       50   503204   644620   565910    71199
  Dalvik Heap    32400    28040     4028       26    34144    27925    13963    13962
 Dalvik Other    18122     9032        0        0    27508                           
        Stack     4392     4392        0        0     4400                           
       Ashmem       16        0        0        0      544                           
    Other dev       33        4       20        0      576                           
     .so mmap    18312      248    10688       27    53500                           
    .jar mmap     8531        0     4300        0    43584                           
    .apk mmap    63857     2612    53552        0    85256                           
    .ttf mmap     4932        0     4516        0     5580                           
    .dex mmap    35509    34200      744        0    38004                           
    .oat mmap       87        0       24        0     1408                           
    .art mmap    10600     8360      832       59    21808                           
   Other mmap    38719       20    33280        0    45240                           
   EGL mtrack    41631    41631        0        0    41631                           
    GL mtrack    66864    66864        0        0    66864                           
      Unknown    74039    73452      560        5    74564                           
        TOTAL   920715   771299   112580      167  1047815   672545   579873    85161
 
 App Summary
                       Pss(KB)                        Rss(KB)
                        ------                         ------
           Java Heap:    37232                          55952
         Native Heap:   502444                         503204
                Code:   111292                         245888
               Stack:     4392                           4400
            Graphics:   108495                         108495
       Private Other:   120024
              System:    36836
             Unknown:                                  129876
 
           TOTAL PSS:   920715            TOTAL RSS:  1047815       TOTAL SWAP PSS:      167
 
 Objects
               Views:      282         ViewRootImpl:        1
         AppContexts:       16           Activities:        1
              Assets:       41        AssetManagers:        0
       Local Binders:       25        Proxy Binders:       70
       Parcel memory:       27         Parcel count:       92
    Death Recipients:        0             WebViews:        0
 
 Native Allocations
                         Count                       Total(kB)
                        ------                         ------
    Other (malloced):     2114                            200
 Other (nonmalloced):      109                             77
   Bitmap (malloced):        4                           5569
 
 SQL
         MEMORY_USED:     1608
  PAGECACHE_OVERFLOW:     1436          MALLOC_SIZE:     4074
 
 DATABASES
      pgsz     dbsz   Lookaside(b) cache hits cache misses cache size  Dbname
PER CONNECTION STATS
         4      180             92   954   466    25  /data/user/0/com.arcfire.online/databases/firestore.%5BDEFAULT%5D.arcfire-49d69.%28default%29
         4     1192             41  1255  1092     4  /data/user/0/com.arcfire.online/databases/RKStorage
POOL STATS
     cache hits  cache misses    cache size  Dbname
            954           467          1421  /data/user/0/com.arcfire.online/databases/firestore.%5BDEFAULT%5D.arcfire-49d69.%28default%29
           1255          1093          2348  /data/user/0/com.arcfire.online/databases/RKStorage

VmRSS:	 1000472 kB
VmSwap:	   17300 kB
Threads:	112

===== 2026-06-26 02:04:55 pid=31346 =====
Applications Memory Usage (in Kilobytes):
Uptime: 1523747825 Realtime: 1613864091

** MEMINFO in pid 31346 [com.arcfire.online] **
                   Pss  Private  Private  SwapPss      Rss     Heap     Heap     Heap
                 Total    Dirty    Clean    Dirty    Total     Size    Alloc     Free
                ------   ------   ------   ------   ------   ------   ------   ------
  Native Heap   526230   526172       36       50   526932   663224   580845    73722
  Dalvik Heap    21657    17300     4028       25    23404    27625    13813    13812
 Dalvik Other    18192     9048        0        0    27632                           
        Stack     4332     4332        0        0     4340                           
       Ashmem       15        0        0        0      544                           
    Other dev       33        4       20        0      576                           
     .so mmap    18258      248    10668       23    53500                           
    .jar mmap     8172        0     3952        0    43576                           
    .apk mmap    62649     2612    52008        0    85256                           
    .ttf mmap     4829        0     4244        0     5680                           
    .dex mmap    35468    34200      684        0    38004                           
    .oat mmap       82        0       24        0     1408                           
    .art mmap    10584     8360      828       58    21808                           
   Other mmap    38611       20    33056        0    45284                           
   EGL mtrack    41631    41631        0        0    41631                           
    GL mtrack    44076    44076        0        0    44076                           
      Unknown    78905    78320      556        5    79432                           
        TOTAL   913885   766323   110104      161  1043083   690849   594658    87534
 
 App Summary
                       Pss(KB)                        Rss(KB)
                        ------                         ------
           Java Heap:    26488                          45212
         Native Heap:   526172                         526932
                Code:   109044                         246084
               Stack:     4332                           4340
            Graphics:    85707                          85707
       Private Other:   124684
              System:    37458
             Unknown:                                  134808
 
           TOTAL PSS:   913885            TOTAL RSS:  1043083       TOTAL SWAP PSS:      161
 
 Objects
               Views:      293         ViewRootImpl:        1
         AppContexts:       16           Activities:        1
              Assets:       41        AssetManagers:        0
       Local Binders:       25        Proxy Binders:       69
       Parcel memory:       27         Parcel count:       92
    Death Recipients:        0             WebViews:        0
 
 Native Allocations
                         Count                       Total(kB)
                        ------                         ------
   Bitmap (malloced):        4                           5569
    Other (malloced):     2211                            210
 Other (nonmalloced):      109                             77
 
 SQL
         MEMORY_USED:     1608
  PAGECACHE_OVERFLOW:     1436          MALLOC_SIZE:     4077
 
 DATABASES
      pgsz     dbsz   Lookaside(b) cache hits cache misses cache size  Dbname
PER CONNECTION STATS
         4      180             92  1130   549    25  /data/user/0/com.arcfire.online/databases/firestore.%5BDEFAULT%5D.arcfire-49d69.%28default%29
         4     1192             41  1413  1251     4  /data/user/0/com.arcfire.online/databases/RKStorage
POOL STATS
     cache hits  cache misses    cache size  Dbname
           1130           550          1680  /data/user/0/com.arcfire.online/databases/firestore.%5BDEFAULT%5D.arcfire-49d69.%28default%29
           1413          1252          2665  /data/user/0/com.arcfire.online/databases/RKStorage

VmRSS:	 1006456 kB
VmSwap:	   17300 kB
Threads:	112

===== 2026-06-26 02:15:11 pid=31346 =====
Applications Memory Usage (in Kilobytes):
Uptime: 1524363894 Realtime: 1614480160

** MEMINFO in pid 31346 [com.arcfire.online] **
                   Pss  Private  Private  SwapPss      Rss     Heap     Heap     Heap
                 Total    Dirty    Clean    Dirty    Total     Size    Alloc     Free
                ------   ------   ------   ------   ------   ------   ------   ------
  Native Heap   561262   561196       44       50   561964   700052   631635    58071
  Dalvik Heap    31937    27580     4028       25    33684    27869    13935    13934
 Dalvik Other    18132     8940        0        0    27620                           
        Stack     4492     4492        0        0     4500                           
       Ashmem       15        0        0        0      544                           
    Other dev       33        4       20        0      576                           
     .so mmap    18896      248    11368       23    53972                           
    .jar mmap     7774        0     3740        0    42732                           
    .apk mmap    61036     2612    51272        0    82064                           
    .ttf mmap     4753        0     4188        0     5584                           
    .dex mmap    35458    34200      684        0    37956                           
    .oat mmap       79        0       24        0     1384                           
    .art mmap    10589     8364      828       58    21824                           
   Other mmap    38595       12    33032        0    45208                           
   EGL mtrack    20447    20447        0        0    20447                           
    GL mtrack    56724    56724        0        0    56724                           
      Unknown    84313    83788      496        5    84840                           
        TOTAL   954696   808607   109724      161  1081623   727921   645570    72005
 
 App Summary
                       Pss(KB)                        Rss(KB)
                        ------                         ------
           Java Heap:    36772                          55508
         Native Heap:   561196                         561964
                Code:   108752                         242460
               Stack:     4492                           4500
            Graphics:    77171                          77171
       Private Other:   129948
              System:    36365
             Unknown:                                  140020
 
           TOTAL PSS:   954696            TOTAL RSS:  1081623       TOTAL SWAP PSS:      161
 
 Objects
               Views:      288         ViewRootImpl:        1
         AppContexts:       16           Activities:        1
              Assets:       41        AssetManagers:        0
       Local Binders:       25        Proxy Binders:       70
       Parcel memory:       27         Parcel count:       92
    Death Recipients:        0             WebViews:        0
 
 Native Allocations
                         Count                       Total(kB)
                        ------                         ------
    Other (malloced):     2144                            203
 Other (nonmalloced):      111                             79
   Bitmap (malloced):        4                           5569
 
 SQL
         MEMORY_USED:     1612
  PAGECACHE_OVERFLOW:     1440          MALLOC_SIZE:     4077
 
 DATABASES
      pgsz     dbsz   Lookaside(b) cache hits cache misses cache size  Dbname
PER CONNECTION STATS
         4      180             92  1306   630    25  /data/user/0/com.arcfire.online/databases/firestore.%5BDEFAULT%5D.arcfire-49d69.%28default%29
         4     1196             41  1581  1420     4  /data/user/0/com.arcfire.online/databases/RKStorage
POOL STATS
     cache hits  cache misses    cache size  Dbname
           1306           631          1937  /data/user/0/com.arcfire.online/databases/firestore.%5BDEFAULT%5D.arcfire-49d69.%28default%29
           1581          1421          3002  /data/user/0/com.arcfire.online/databases/RKStorage

VmRSS:	 1053660 kB
VmSwap:	   17172 kB
Threads:	114

===== 2026-06-26 02:25:30 pid=31346 =====
Applications Memory Usage (in Kilobytes):
Uptime: 1524982814 Realtime: 1615099080

** MEMINFO in pid 31346 [com.arcfire.online] **
                   Pss  Private  Private  SwapPss      Rss     Heap     Heap     Heap
                 Total    Dirty    Clean    Dirty    Total     Size    Alloc     Free
                ------   ------   ------   ------   ------   ------   ------   ------
  Native Heap   558210   558144       44       50   558912   700964   605968    84369
  Dalvik Heap    27661    23308     4028       25    29412    35381    17691    17690
 Dalvik Other    18158     8964        0        0    27648                           
        Stack     4481     4480        0        0     4488                           
       Ashmem       15        0        0        0      544                           
    Other dev       34        4       20        0      576                           
     .so mmap    17723      248    10784       23    51620                           
    .jar mmap     7235        0     3436        0    41940                           
    .apk mmap    59554     2612    50216        0    80804                           
    .ttf mmap     4735        0     4180        0     5556                           
    .dex mmap    35423    34200      656        0    37920                           
    .oat mmap       74        0       24        0     1384                           
    .art mmap    10570     8364      824       58    21824                           
   Other mmap    38529       16    33000        0    45124                           
   EGL mtrack    35131    35131        0        0    35131                           
    GL mtrack    55088    55088        0        0    55088                           
      Unknown    84617    84168      424        5    85140                           
        TOTAL   957399   814727   107636      161  1083111   736345   623659   102059
 
 App Summary
                       Pss(KB)                        Rss(KB)
                        ------                         ------
           Java Heap:    32496                          51236
         Native Heap:   558144                         558912
                Code:   106772                         237996
               Stack:     4480                           4488
            Graphics:    90219                          90219
       Private Other:   130252
              System:    35036
             Unknown:                                  140260
 
           TOTAL PSS:   957399            TOTAL RSS:  1083111       TOTAL SWAP PSS:      161
 
 Objects
               Views:      317         ViewRootImpl:        1
         AppContexts:       16           Activities:        1
              Assets:       41        AssetManagers:        0
       Local Binders:       25        Proxy Binders:       70
       Parcel memory:       27         Parcel count:       92
    Death Recipients:        0             WebViews:        0
 
 Native Allocations
                         Count                       Total(kB)
                        ------                         ------
    Other (malloced):     2280                            216
 Other (nonmalloced):      111                             79
   Bitmap (malloced):        4                           5569
 
 SQL
         MEMORY_USED:     1608
  PAGECACHE_OVERFLOW:     1436          MALLOC_SIZE:     4077
 
 DATABASES
      pgsz     dbsz   Lookaside(b) cache hits cache misses cache size  Dbname
PER CONNECTION STATS
         4      180             92  1350   681    25  /data/user/0/com.arcfire.online/databases/firestore.%5BDEFAULT%5D.arcfire-49d69.%28default%29
         4     1192             41  1609  1449     4  /data/user/0/com.arcfire.online/databases/RKStorage
POOL STATS
     cache hits  cache misses    cache size  Dbname
           1350           682          2032  /data/user/0/com.arcfire.online/databases/firestore.%5BDEFAULT%5D.arcfire-49d69.%28default%29
           1609          1450          3059  /data/user/0/com.arcfire.online/databases/RKStorage

VmRSS:	 1049524 kB
VmSwap:	   17172 kB
Threads:	114

===== 2026-06-26 02:35:46 pid=31346 =====
Applications Memory Usage (in Kilobytes):
Uptime: 1525599514 Realtime: 1615715780

** MEMINFO in pid 31346 [com.arcfire.online] **
                   Pss  Private  Private  SwapPss      Rss     Heap     Heap     Heap
                 Total    Dirty    Clean    Dirty    Total     Size    Alloc     Free
                ------   ------   ------   ------   ------   ------   ------   ------
  Native Heap   555966   555900       44       50   556668   700696   606264    83921
  Dalvik Heap    26069    21716     4028       25    27820    32357    16179    16178
 Dalvik Other    18188     8988        0        0    27684                           
        Stack     4457     4456        0        0     4464                           
       Ashmem       15        0        0        0      544                           
    Other dev       34        4       20        0      576                           
     .so mmap    17723      248    10784       23    51620                           
    .jar mmap     7235        0     3436        0    41940                           
    .apk mmap    59549     2612    50208        0    80804                           
    .ttf mmap     4735        0     4180        0     5556                           
    .dex mmap    35423    34200      656        0    37920                           
    .oat mmap       74        0       24        0     1384                           
    .art mmap    10570     8364      824       58    21824                           
   Other mmap    38523        4    33000        0    45124                           
   EGL mtrack    20311    20311        0        0    20311                           
    GL mtrack    54928    54928        0        0    54928                           
      Unknown    84645    84168      452        5    85168                           
        TOTAL   938606   795899   107656      161  1064335   733053   622443   100099
 
 App Summary
                       Pss(KB)                        Rss(KB)
                        ------                         ------
           Java Heap:    30904                          49644
         Native Heap:   555900                         556668
                Code:   106764                         238008
               Stack:     4456                           4464
            Graphics:    75239                          75239
       Private Other:   130292
              System:    35051
             Unknown:                                  140312
 
           TOTAL PSS:   938606            TOTAL RSS:  1064335       TOTAL SWAP PSS:      161
 
 Objects
               Views:      292         ViewRootImpl:        1
         AppContexts:       16           Activities:        1
              Assets:       41        AssetManagers:        0
       Local Binders:       25        Proxy Binders:       70
       Parcel memory:       27         Parcel count:       92
    Death Recipients:        0             WebViews:        0
 
 Native Allocations
                         Count                       Total(kB)
                        ------                         ------
    Other (malloced):     2214                            210
 Other (nonmalloced):      111                             79
   Bitmap (malloced):        4                           5569
 
 SQL
         MEMORY_USED:     1608
  PAGECACHE_OVERFLOW:     1436          MALLOC_SIZE:     4077
 
 DATABASES
      pgsz     dbsz   Lookaside(b) cache hits cache misses cache size  Dbname
PER CONNECTION STATS
         4      180             92  1350   722    25  /data/user/0/com.arcfire.online/databases/firestore.%5BDEFAULT%5D.arcfire-49d69.%28default%29
         4     1192             41  1609  1458     4  /data/user/0/com.arcfire.online/databases/RKStorage
POOL STATS
     cache hits  cache misses    cache size  Dbname
           1350           723          2073  /data/user/0/com.arcfire.online/databases/firestore.%5BDEFAULT%5D.arcfire-49d69.%28default%29
           1609          1459          3068  /data/user/0/com.arcfire.online/databases/RKStorage

VmRSS:	 1045184 kB
VmSwap:	   17172 kB
Threads:	114

===== 2026-06-26 02:46:03 pid=31346 =====
Applications Memory Usage (in Kilobytes):
Uptime: 1526215757 Realtime: 1616332023

** MEMINFO in pid 31346 [com.arcfire.online] **
                   Pss  Private  Private  SwapPss      Rss     Heap     Heap     Heap
                 Total    Dirty    Clean    Dirty    Total     Size    Alloc     Free
                ------   ------   ------   ------   ------   ------   ------   ------
  Native Heap   564646   564580       44       50   565348   701208   609894    80710
  Dalvik Heap    27141    22788     4028       25    28892    29821    14911    14910
 Dalvik Other    18184     8984        0        0    27680                           
        Stack     4581     4580        0        0     4588                           
       Ashmem       15        0        0        0      544                           
    Other dev       34        4       20        0      576                           
     .so mmap    17723      248    10784       23    51620                           
    .jar mmap     7235        0     3436        0    41940                           
    .apk mmap    59549     2612    50208        0    80804                           
    .ttf mmap     4735        0     4180        0     5556                           
    .dex mmap    35423    34200      656        0    37920                           
    .oat mmap       74        0       24        0     1384                           
    .art mmap    10570     8364      824       58    21824                           
   Other mmap    38527        4    33004        0    45128                           
   EGL mtrack    20311    20311        0        0    20311                           
    GL mtrack    54928    54928        0        0    54928                           
      Unknown    83057    82564      468        5    83580                           
        TOTAL   946894   804167   107676      161  1072623   731029   624805    95620
 
 App Summary
                       Pss(KB)                        Rss(KB)
                        ------                         ------
           Java Heap:    31976                          50716
         Native Heap:   564580                         565348
                Code:   106764                         238008
               Stack:     4580                           4588
            Graphics:    75239                          75239
       Private Other:   128704
              System:    35051
             Unknown:                                  138724
 
           TOTAL PSS:   946894            TOTAL RSS:  1072623       TOTAL SWAP PSS:      161
 
 Objects
               Views:      296         ViewRootImpl:        1
         AppContexts:       16           Activities:        1
              Assets:       41        AssetManagers:        0
       Local Binders:       25        Proxy Binders:       70
       Parcel memory:       28         Parcel count:       96
    Death Recipients:        0             WebViews:        0
 
 Native Allocations
                         Count                       Total(kB)
                        ------                         ------
    Other (malloced):     2363                            224
 Other (nonmalloced):      111                             79
   Bitmap (malloced):        4                           5569
 
 SQL
         MEMORY_USED:     1612
  PAGECACHE_OVERFLOW:     1440          MALLOC_SIZE:     4077
 
 DATABASES
      pgsz     dbsz   Lookaside(b) cache hits cache misses cache size  Dbname
PER CONNECTION STATS
         4      180             92  1350   765    25  /data/user/0/com.arcfire.online/databases/firestore.%5BDEFAULT%5D.arcfire-49d69.%28default%29
         4     1196             41  1621  1475     4  /data/user/0/com.arcfire.online/databases/RKStorage
POOL STATS
     cache hits  cache misses    cache size  Dbname
           1350           766          2116  /data/user/0/com.arcfire.online/databases/firestore.%5BDEFAULT%5D.arcfire-49d69.%28default%29
           1621          1476          3097  /data/user/0/com.arcfire.online/databases/RKStorage

VmRSS:	 1051244 kB
VmSwap:	   17172 kB
Threads:	118

===== 2026-06-26 02:56:18 pid=31346 =====
Applications Memory Usage (in Kilobytes):
Uptime: 1526831510 Realtime: 1616947776

** MEMINFO in pid 31346 [com.arcfire.online] **
                   Pss  Private  Private  SwapPss      Rss     Heap     Heap     Heap
                 Total    Dirty    Clean    Dirty    Total     Size    Alloc     Free
                ------   ------   ------   ------   ------   ------   ------   ------
  Native Heap   563262   563196       44       50   563964   701208   605902    84892
  Dalvik Heap    25845    21492     4028       25    27596    34045    17023    17022
 Dalvik Other    18194     8992        0        0    27692                           
        Stack     4393     4392        0        0     4400                           
       Ashmem       15        0        0        0      544                           
    Other dev       34        4       20        0      576                           
     .so mmap    17684      248    10784       23    51620                           
    .jar mmap     7234        0     3436        0    41940                           
    .apk mmap    59539     2612    50208        0    80804                           
    .ttf mmap     4735        0     4180        0     5556                           
    .dex mmap    35423    34200      656        0    37920                           
    .oat mmap       74        0       24        0     1384                           
    .art mmap    10570     8364      824       58    21824                           
   Other mmap    38529        4    33004        0    45132                           
   EGL mtrack    20311    20311        0        0    20311                           
    GL mtrack    54928    54928        0        0    54928                           
      Unknown    78965    78476      464        5    79488                           
        TOTAL   939896   797219   107672      161  1065679   735253   622925   101914
 
 App Summary
                       Pss(KB)                        Rss(KB)
                        ------                         ------
           Java Heap:    30680                          49420
         Native Heap:   563196                         563964
                Code:   106764                         238012
               Stack:     4392                           4400
            Graphics:    75239                          75239
       Private Other:   124620
              System:    35005
             Unknown:                                  134644
 
           TOTAL PSS:   939896            TOTAL RSS:  1065679       TOTAL SWAP PSS:      161
 
 Objects
               Views:      296         ViewRootImpl:        1
         AppContexts:       16           Activities:        1
              Assets:       41        AssetManagers:        0
       Local Binders:       25        Proxy Binders:       70
       Parcel memory:       27         Parcel count:       90
    Death Recipients:        0             WebViews:        0
 
 Native Allocations
                         Count                       Total(kB)
                        ------                         ------
    Other (malloced):     2221                            211
 Other (nonmalloced):      111                             79
   Bitmap (malloced):        4                           5569
 
 SQL
         MEMORY_USED:     1608
  PAGECACHE_OVERFLOW:     1436          MALLOC_SIZE:     4077
 
 DATABASES
      pgsz     dbsz   Lookaside(b) cache hits cache misses cache size  Dbname
PER CONNECTION STATS
         4      180             92  1394   816    25  /data/user/0/com.arcfire.online/databases/firestore.%5BDEFAULT%5D.arcfire-49d69.%28default%29
         4     1192             41  1633  1492     4  /data/user/0/com.arcfire.online/databases/RKStorage
POOL STATS
     cache hits  cache misses    cache size  Dbname
           1394           817          2211  /data/user/0/com.arcfire.online/databases/firestore.%5BDEFAULT%5D.arcfire-49d69.%28default%29
           1633          1493          3126  /data/user/0/com.arcfire.online/databases/RKStorage

VmRSS:	 1043344 kB
VmSwap:	   17172 kB
Threads:	113

===== 2026-06-26 03:06:35 pid=31346 =====
Applications Memory Usage (in Kilobytes):
Uptime: 1527447786 Realtime: 1617564052

** MEMINFO in pid 31346 [com.arcfire.online] **
                   Pss  Private  Private  SwapPss      Rss     Heap     Heap     Heap
                 Total    Dirty    Clean    Dirty    Total     Size    Alloc     Free
                ------   ------   ------   ------   ------   ------   ------   ------
  Native Heap   561810   561744       44       50   562512   701464   613958    76985
  Dalvik Heap    26865    24492       72       25    30596    31429    15715    15714
 Dalvik Other    18220     9016        0        0    27720                           
        Stack     4521     4520        0        0     4528                           
       Ashmem       15        0        0        0      544                           
    Other dev       34        4       20        0      576                           
     .so mmap    17678      248    10784       23    51620                           
    .jar mmap     7197        0     3392        0    41940                           
    .apk mmap    59539     2612    50208        0    80804                           
    .ttf mmap     4735        0     4180        0     5556                           
    .dex mmap    35423    34200      656        0    37920                           
    .oat mmap       74        0       24        0     1384                           
    .art mmap    10303     8364      292       58    21824                           
   Other mmap    38531        4    33004        0    45136                           
   EGL mtrack    20311    20311        0        0    20311                           
    GL mtrack    54928    54928        0        0    54928                           
      Unknown    74969    74472      472        5    75492                           
        TOTAL   935314   794915   103148      161  1063391   732893   629673    92699
 
 App Summary
                       Pss(KB)                        Rss(KB)
                        ------                         ------
           Java Heap:    33148                          52420
         Native Heap:   561744                         562512
                Code:   106736                         238032
               Stack:     4520                           4528
            Graphics:    75239                          75239
       Private Other:   116676
              System:    37251
             Unknown:                                  130660
 
           TOTAL PSS:   935314            TOTAL RSS:  1063391       TOTAL SWAP PSS:      161
 
 Objects
               Views:      300         ViewRootImpl:        1
         AppContexts:       16           Activities:        1
              Assets:       41        AssetManagers:        0
       Local Binders:       25        Proxy Binders:       70
       Parcel memory:       28         Parcel count:       94
    Death Recipients:        0             WebViews:        0
 
 Native Allocations
                         Count                       Total(kB)
                        ------                         ------
    Other (malloced):     2304                            218
 Other (nonmalloced):      111                             79
   Bitmap (malloced):        4                           5569
 
 SQL
         MEMORY_USED:     1612
  PAGECACHE_OVERFLOW:     1440          MALLOC_SIZE:     4077
 
 DATABASES
      pgsz     dbsz   Lookaside(b) cache hits cache misses cache size  Dbname
PER CONNECTION STATS
         4      180             92  1394   857    25  /data/user/0/com.arcfire.online/databases/firestore.%5BDEFAULT%5D.arcfire-49d69.%28default%29
         4     1196             41  1643  1507     4  /data/user/0/com.arcfire.online/databases/RKStorage
POOL STATS
     cache hits  cache misses    cache size  Dbname
           1394           858          2252  /data/user/0/com.arcfire.online/databases/firestore.%5BDEFAULT%5D.arcfire-49d69.%28default%29
           1643          1508          3151  /data/user/0/com.arcfire.online/databases/RKStorage

VmRSS:	 1039268 kB
VmSwap:	   17172 kB
Threads:	117

===== 2026-06-26 03:16:50 pid=31346 =====
Applications Memory Usage (in Kilobytes):
Uptime: 1528063235 Realtime: 1618179501

** MEMINFO in pid 31346 [com.arcfire.online] **
                   Pss  Private  Private  SwapPss      Rss     Heap     Heap     Heap
                 Total    Dirty    Clean    Dirty    Total     Size    Alloc     Free
                ------   ------   ------   ------   ------   ------   ------   ------
  Native Heap   563854   563788       44       50   564556   701988   633581    57885
  Dalvik Heap    35745    33372       72       25    39476    41813    20907    20906
 Dalvik Other    18232     9024        0        0    27736                           
        Stack     4381     4380        0        0     4388                           
       Ashmem       15        0        0        0      544                           
    Other dev       34        4       20        0      576                           
     .so mmap    17678      248    10784       23    51620                           
    .jar mmap     7196        0     3392        0    41940                           
    .apk mmap    59537     2612    50208        0    80804                           
    .ttf mmap     4735        0     4180        0     5556                           
    .dex mmap    35423    34200      656        0    37920                           
    .oat mmap       74        0       24        0     1384                           
    .art mmap    10303     8364      292       58    21824                           
   Other mmap    38563       16    33020        0    45172                           
   EGL mtrack    35131    35131        0        0    35131                           
    GL mtrack    57204    57204        0        0    57204                           
      Unknown    72421    71900      496        5    72944                           
        TOTAL   960687   820243   103188      161  1088775   743801   654488    78791
 
 App Summary
                       Pss(KB)                        Rss(KB)
                        ------                         ------
           Java Heap:    42028                          61300
         Native Heap:   563788                         564556
                Code:   106732                         238036
               Stack:     4380                           4388
            Graphics:    92335                          92335
       Private Other:   114168
              System:    37256
             Unknown:                                  128160
 
           TOTAL PSS:   960687            TOTAL RSS:  1088775       TOTAL SWAP PSS:      161
 
 Objects
               Views:      315         ViewRootImpl:        1
         AppContexts:       16           Activities:        1
              Assets:       41        AssetManagers:        0
       Local Binders:       25        Proxy Binders:       70
       Parcel memory:       27         Parcel count:       92
    Death Recipients:        0             WebViews:        0
 
 Native Allocations
                         Count                       Total(kB)
                        ------                         ------
    Other (malloced):     2353                            223
 Other (nonmalloced):      111                             79
   Bitmap (malloced):        4                           5569
 
 SQL
         MEMORY_USED:     1608
  PAGECACHE_OVERFLOW:     1436          MALLOC_SIZE:     4078
 
 DATABASES
      pgsz     dbsz   Lookaside(b) cache hits cache misses cache size  Dbname
PER CONNECTION STATS
         4      180             92  1438   908    25  /data/user/0/com.arcfire.online/databases/firestore.%5BDEFAULT%5D.arcfire-49d69.%28default%29
         4     1192             41  1675  1538     4  /data/user/0/com.arcfire.online/databases/RKStorage
POOL STATS
     cache hits  cache misses    cache size  Dbname
           1438           909          2347  /data/user/0/com.arcfire.online/databases/firestore.%5BDEFAULT%5D.arcfire-49d69.%28default%29
           1675          1539          3214  /data/user/0/com.arcfire.online/databases/RKStorage

VmRSS:	 1046708 kB
VmSwap:	   17172 kB
Threads:	113

===== 2026-06-26 03:27:06 pid=31346 =====
Applications Memory Usage (in Kilobytes):
Uptime: 1528679892 Realtime: 1618796158

** MEMINFO in pid 31346 [com.arcfire.online] **
                   Pss  Private  Private  SwapPss      Rss     Heap     Heap     Heap
                 Total    Dirty    Clean    Dirty    Total     Size    Alloc     Free
                ------   ------   ------   ------   ------   ------   ------   ------
  Native Heap   566915   566848       44       50   567616   709144   631000    67756
  Dalvik Heap    42416    40044       72       25    46148    39373    19687    19686
 Dalvik Other    18262     9052        0        0    27768                           
        Stack     4373     4372        0        0     4380                           
       Ashmem       15        0        0        0      544                           
    Other dev       34        4       20        0      576                           
     .so mmap    17661      248    10780       23    51620                           
    .jar mmap     7255        0     3444        0    41940                           
    .apk mmap    59557     2612    50216        0    80836                           
    .ttf mmap     4735        0     4180        0     5556                           
    .dex mmap    35424    34200      656        0    37920                           
    .oat mmap       74        0       24        0     1384                           
    .art mmap    10306     8364      296       58    21824                           
   Other mmap    38549        4    33020        0    45164                           
   EGL mtrack    20311    20311        0        0    20311                           
    GL mtrack    56980    56980        0        0    56980                           
      Unknown    68317    67820      472        5    68840                           
        TOTAL   951345   810859   103224      161  1079407   748517   650687    87442
 
 App Summary
                       Pss(KB)                        Rss(KB)
                        ------                         ------
           Java Heap:    48704                          67972
         Native Heap:   566848                         567616
                Code:   106788                         238072
               Stack:     4372                           4380
            Graphics:    77291                          77291
       Private Other:   110080
              System:    37262
             Unknown:                                  124076
 
           TOTAL PSS:   951345            TOTAL RSS:  1079407       TOTAL SWAP PSS:      161
 
 Objects
               Views:      296         ViewRootImpl:        1
         AppContexts:       16           Activities:        1
              Assets:       41        AssetManagers:        0
       Local Binders:       25        Proxy Binders:       70
       Parcel memory:       27         Parcel count:       92
    Death Recipients:        0             WebViews:        0
 
 Native Allocations
                         Count                       Total(kB)
                        ------                         ------
    Other (malloced):     2282                            216
 Other (nonmalloced):      111                             79
   Bitmap (malloced):        4                           5569
 
 SQL
         MEMORY_USED:     1608
  PAGECACHE_OVERFLOW:     1436          MALLOC_SIZE:     4078
 
 DATABASES
      pgsz     dbsz   Lookaside(b) cache hits cache misses cache size  Dbname
PER CONNECTION STATS
         4      180             92  1438   951    25  /data/user/0/com.arcfire.online/databases/firestore.%5BDEFAULT%5D.arcfire-49d69.%28default%29
         4     1192             41  1675  1547     4  /data/user/0/com.arcfire.online/databases/RKStorage
POOL STATS
     cache hits  cache misses    cache size  Dbname
           1438           952          2390  /data/user/0/com.arcfire.online/databases/firestore.%5BDEFAULT%5D.arcfire-49d69.%28default%29
           1675          1548          3223  /data/user/0/com.arcfire.online/databases/RKStorage

VmRSS:	 1043944 kB
VmSwap:	   17172 kB
Threads:	113

===== 2026-06-26 03:37:23 pid=31346 =====
Applications Memory Usage (in Kilobytes):
Uptime: 1529296892 Realtime: 1619413158

** MEMINFO in pid 31346 [com.arcfire.online] **
                   Pss  Private  Private  SwapPss      Rss     Heap     Heap     Heap
                 Total    Dirty    Clean    Dirty    Total     Size    Alloc     Free
                ------   ------   ------   ------   ------   ------   ------   ------
  Native Heap   566659   566592       44       50   567360   709400   631143    67761
  Dalvik Heap    40471    38764       64       25    44868    40469    20235    20234
 Dalvik Other    18254     9044        0        0    27760                           
        Stack     4413     4412        0        0     4420                           
       Ashmem       15        0        0        0      544                           
    Other dev       34        4       20        0      576                           
     .so mmap    16561      248     9700       23    50444                           
    .jar mmap     7055        0     3256        0    41676                           
    .apk mmap    59158     2612    50100        0    80392                           
    .ttf mmap     4057        0     3528        0     4852                           
    .dex mmap    35409    34200      652        0    37872                           
    .oat mmap       75        0       24        0     1380                           
    .art mmap    10218     8364      292       58    21824                           
   Other mmap    38509        4    33016        0    45092                           
   EGL mtrack    20311    20311        0        0    20311                           
    GL mtrack    54924    54924        0        0    54924                           
      Unknown    68293    67788      480        5    68816                           
        TOTAL   944577   807267   101176      161  1073111   749869   651378    87995
 
 App Summary
                       Pss(KB)                        Rss(KB)
                        ------                         ------
           Java Heap:    47420                          66692
         Native Heap:   566592                         567360
                Code:   104748                         235432
               Stack:     4412                           4420
            Graphics:    75235                          75235
       Private Other:   110036
              System:    36134
             Unknown:                                  123972
 
           TOTAL PSS:   944577            TOTAL RSS:  1073111       TOTAL SWAP PSS:      161
 
 Objects
               Views:      300         ViewRootImpl:        1
         AppContexts:       16           Activities:        1
              Assets:       41        AssetManagers:        0
       Local Binders:       25        Proxy Binders:       70
       Parcel memory:       27         Parcel count:       92
    Death Recipients:        0             WebViews:        0
 
 Native Allocations
                         Count                       Total(kB)
                        ------                         ------
    Other (malloced):     2348                            223
 Other (nonmalloced):      111                             79
   Bitmap (malloced):        4                           5569
 
 SQL
         MEMORY_USED:     1608
  PAGECACHE_OVERFLOW:     1436          MALLOC_SIZE:     4078
 
 DATABASES
      pgsz     dbsz   Lookaside(b) cache hits cache misses cache size  Dbname
PER CONNECTION STATS
         4      180             92  1438   992    25  /data/user/0/com.arcfire.online/databases/firestore.%5BDEFAULT%5D.arcfire-49d69.%28default%29
         4     1192             41  1675  1556     4  /data/user/0/com.arcfire.online/databases/RKStorage
POOL STATS
     cache hits  cache misses    cache size  Dbname
           1438           993          2431  /data/user/0/com.arcfire.online/databases/firestore.%5BDEFAULT%5D.arcfire-49d69.%28default%29
           1675          1557          3232  /data/user/0/com.arcfire.online/databases/RKStorage

VmRSS:	 1042972 kB
VmSwap:	   17172 kB
Threads:	115

===== 2026-06-26 03:47:40 pid=31346 =====
Applications Memory Usage (in Kilobytes):
Uptime: 1529913284 Realtime: 1620029550

** MEMINFO in pid 31346 [com.arcfire.online] **
                   Pss  Private  Private  SwapPss      Rss     Heap     Heap     Heap
                 Total    Dirty    Clean    Dirty    Total     Size    Alloc     Free
                ------   ------   ------   ------   ------   ------   ------   ------
  Native Heap   575783   575716       44       50   576484   709400   642826    56256
  Dalvik Heap    32867    31160       64       25    37264    36261    18131    18130
 Dalvik Other    18124     8912        0        0    27632                           
        Stack     4501     4500        0        0     4508                           
       Ashmem       15        0        0        0      544                           
    Other dev       34        4       20        0      576                           
     .so mmap    16561      248     9700       23    50444                           
    .jar mmap     7055        0     3256        0    41676                           
    .apk mmap    59157     2612    50100        0    80392                           
    .ttf mmap     4057        0     3528        0     4852                           
    .dex mmap    35409    34200      652        0    37872                           
    .oat mmap       75        0       24        0     1380                           
    .art mmap    10218     8364      292       58    21824                           
   Other mmap    38511        4    33016        0    45096                           
   EGL mtrack    20311    20311        0        0    20311                           
    GL mtrack    54924    54924        0        0    54924                           
      Unknown    68309    67796      488        5    68832                           
        TOTAL   946072   808751   101184      161  1074611   745661   660957    74386
 
 App Summary
                       Pss(KB)                        Rss(KB)
                        ------                         ------
           Java Heap:    39816                          59088
         Native Heap:   575716                         576484
                Code:   104748                         235436
               Stack:     4500                           4508
            Graphics:    75235                          75235
       Private Other:   109920
              System:    36137
             Unknown:                                  123860
 
           TOTAL PSS:   946072            TOTAL RSS:  1074611       TOTAL SWAP PSS:      161
 
 Objects
               Views:      300         ViewRootImpl:        1
         AppContexts:       16           Activities:        1
              Assets:       41        AssetManagers:        0
       Local Binders:       25        Proxy Binders:       70
       Parcel memory:       28         Parcel count:       96
    Death Recipients:        0             WebViews:        0
 
 Native Allocations
                         Count                       Total(kB)
                        ------                         ------
    Other (malloced):     2429                            230
 Other (nonmalloced):      111                             79
   Bitmap (malloced):        4                           5569
 
 SQL
         MEMORY_USED:     1608
  PAGECACHE_OVERFLOW:     1436          MALLOC_SIZE:     4078
 
 DATABASES
      pgsz     dbsz   Lookaside(b) cache hits cache misses cache size  Dbname
PER CONNECTION STATS
         4      180             92  1438  1033    25  /data/user/0/com.arcfire.online/databases/firestore.%5BDEFAULT%5D.arcfire-49d69.%28default%29
         4     1192             41  1677  1567     4  /data/user/0/com.arcfire.online/databases/RKStorage
POOL STATS
     cache hits  cache misses    cache size  Dbname
           1438          1034          2472  /data/user/0/com.arcfire.online/databases/firestore.%5BDEFAULT%5D.arcfire-49d69.%28default%29
           1677          1568          3245  /data/user/0/com.arcfire.online/databases/RKStorage

VmRSS:	 1047988 kB
VmSwap:	   17172 kB
Threads:	117

===== 2026-06-26 03:57:57 pid=31346 =====
Applications Memory Usage (in Kilobytes):
Uptime: 1530530215 Realtime: 1620646481

** MEMINFO in pid 31346 [com.arcfire.online] **
                   Pss  Private  Private  SwapPss      Rss     Heap     Heap     Heap
                 Total    Dirty    Clean    Dirty    Total     Size    Alloc     Free
                ------   ------   ------   ------   ------   ------   ------   ------
  Native Heap   574797   574728       48       50   575496   709924   636491    63112
  Dalvik Heap    30900    29196       64       25    35300    36477    18239    18238
 Dalvik Other    18328     9112        0        0    27840                           
        Stack     4365     4364        0        0     4372                           
       Ashmem       15        0        0        0      544                           
    Other dev       30       16        8        0      564                           
     .so mmap    17240      248    11780       23    49048                           
    .jar mmap     6234        0     2780        0    39740                           
    .apk mmap    58822     2612    49132        0    78500                           
    .ttf mmap     3063        0     2608        0     3780                           
    .dex mmap    35520    34200      652        0    37796                           
    .oat mmap       64        0       16        0     1348                           
    .art mmap    10220     8364      296       58    21824                           
   Other mmap    38266       12    32940        0    44608                           
   EGL mtrack    20447    20447        0        0    20447                           
    GL mtrack    55404    55404        0        0    55404                           
      Unknown    68312    67852      448        5    68820                           
        TOTAL   942188   806555   100772      161  1065431   746401   654730    81350
 
 App Summary
                       Pss(KB)                        Rss(KB)
                        ------                         ------
           Java Heap:    37856                          57124
         Native Heap:   574728                         575496
                Code:   104456                         229040
               Stack:     4364                           4372
            Graphics:    75851                          75851
       Private Other:   110072
              System:    34861
             Unknown:                                  123548
 
           TOTAL PSS:   942188            TOTAL RSS:  1065431       TOTAL SWAP PSS:      161
 
 Objects
               Views:      304         ViewRootImpl:        1
         AppContexts:       16           Activities:        1
              Assets:       41        AssetManagers:        0
       Local Binders:       25        Proxy Binders:       70
       Parcel memory:       27         Parcel count:       90
    Death Recipients:        0             WebViews:        0
 
 Native Allocations
                         Count                       Total(kB)
                        ------                         ------
    Other (malloced):     2407                            228
 Other (nonmalloced):      111                             79
   Bitmap (malloced):        4                           5569
 
 SQL
         MEMORY_USED:     1608
  PAGECACHE_OVERFLOW:     1436          MALLOC_SIZE:     4078
 
 DATABASES
      pgsz     dbsz   Lookaside(b) cache hits cache misses cache size  Dbname
PER CONNECTION STATS
         4      180             92  1438  1076    25  /data/user/0/com.arcfire.online/databases/firestore.%5BDEFAULT%5D.arcfire-49d69.%28default%29
         4     1192             41  1677  1576     4  /data/user/0/com.arcfire.online/databases/RKStorage
POOL STATS
     cache hits  cache misses    cache size  Dbname
           1438          1077          2515  /data/user/0/com.arcfire.online/databases/firestore.%5BDEFAULT%5D.arcfire-49d69.%28default%29
           1677          1577          3254  /data/user/0/com.arcfire.online/databases/RKStorage

VmRSS:	 1038328 kB
VmSwap:	   17172 kB
Threads:	113

===== 2026-06-26 04:08:12 pid=31346 =====
Applications Memory Usage (in Kilobytes):
Uptime: 1531145383 Realtime: 1621261649

** MEMINFO in pid 31346 [com.arcfire.online] **
                   Pss  Private  Private  SwapPss      Rss     Heap     Heap     Heap
                 Total    Dirty    Clean    Dirty    Total     Size    Alloc     Free
                ------   ------   ------   ------   ------   ------   ------   ------
  Native Heap   579461   579392       48       50   580160   710180   633792    66077
  Dalvik Heap    35627    33924       64       25    40028    38493    19247    19246
 Dalvik Other    18170     8932        0        0    27704                           
        Stack     4485     4484        0        0     4492                           
       Ashmem       15        0        0        0      544                           
    Other dev       30       16        8        0      564                           
     .so mmap    17247      248    11780       23    49048                           
    .jar mmap     6219        0     2780        0    39740                           
    .apk mmap    58817     2612    49124        0    78500                           
    .ttf mmap     3063        0     2608        0     3780                           
    .dex mmap    35520    34200      652        0    37796                           
    .oat mmap       64        0       16        0     1348                           
    .art mmap    10220     8364      296       58    21824                           
   Other mmap    38272       16    32940        0    44616                           
   EGL mtrack    35131    35131        0        0    35131                           
    GL mtrack    55112    55112        0        0    55112                           
      Unknown    68572    68084      476        5    69080                           
        TOTAL   966186   830515   100792      161  1089467   748673   653039    85323
 
 App Summary
                       Pss(KB)                        Rss(KB)
                        ------                         ------
           Java Heap:    42584                          61852
         Native Heap:   579392                         580160
                Code:   104448                         229084
               Stack:     4484                           4492
            Graphics:    90243                          90243
       Private Other:   110156
              System:    34879
             Unknown:                                  123636
 
           TOTAL PSS:   966186            TOTAL RSS:  1089467       TOTAL SWAP PSS:      161
 
 Objects
               Views:      319         ViewRootImpl:        1
         AppContexts:       16           Activities:        1
              Assets:       41        AssetManagers:        0
       Local Binders:       25        Proxy Binders:       70
       Parcel memory:       28         Parcel count:       94
    Death Recipients:        0             WebViews:        0
 
 Native Allocations
                         Count                       Total(kB)
                        ------                         ------
    Other (malloced):     2261                            214
 Other (nonmalloced):      111                             79
   Bitmap (malloced):        4                           5569
 
 SQL
         MEMORY_USED:     1608
  PAGECACHE_OVERFLOW:     1436          MALLOC_SIZE:     4078
 
 DATABASES
      pgsz     dbsz   Lookaside(b) cache hits cache misses cache size  Dbname
PER CONNECTION STATS
         4      180             92  1438  1117    25  /data/user/0/com.arcfire.online/databases/firestore.%5BDEFAULT%5D.arcfire-49d69.%28default%29
         4     1192             41  1677  1585     4  /data/user/0/com.arcfire.online/databases/RKStorage
POOL STATS
     cache hits  cache misses    cache size  Dbname
           1438          1118          2556  /data/user/0/com.arcfire.online/databases/firestore.%5BDEFAULT%5D.arcfire-49d69.%28default%29
           1677          1586          3263  /data/user/0/com.arcfire.online/databases/RKStorage

VmRSS:	 1045796 kB
VmSwap:	   17172 kB
Threads:	117

===== 2026-06-26 04:18:28 pid=31346 =====
Applications Memory Usage (in Kilobytes):
Uptime: 1531762737 Realtime: 1621879004

** MEMINFO in pid 31346 [com.arcfire.online] **
                   Pss  Private  Private  SwapPss      Rss     Heap     Heap     Heap
                 Total    Dirty    Clean    Dirty    Total     Size    Alloc     Free
                ------   ------   ------   ------   ------   ------   ------   ------
  Native Heap   570373   570304       48       50   571072   713000   625971    76738
  Dalvik Heap    30175    28472       64       25    34576    38253    19127    19126
 Dalvik Other    18188     8948        0        0    27724                           
        Stack     4373     4372        0        0     4380                           
       Ashmem       15        0        0        0      544                           
    Other dev       30       16        8        0      564                           
     .so mmap    17244      248    11780       23    49048                           
    .jar mmap     6174        0     2748        0    39740                           
    .apk mmap    58817     2612    49124        0    78500                           
    .ttf mmap     3063        0     2608        0     3780                           
    .dex mmap    35520    34200      652        0    37796                           
    .oat mmap       64        0       16        0     1348                           
    .art mmap    10218     8364      296       58    21824                           
   Other mmap    38244        4    32904        0    44608                           
   EGL mtrack    20311    20311        0        0    20311                           
    GL mtrack    54892    54892        0        0    54892                           
      Unknown    68916    68424      480        5    69424                           
        TOTAL   936778   801167   100728      161  1060131   751253   645098    95864
 
 App Summary
                       Pss(KB)                        Rss(KB)
                        ------                         ------
           Java Heap:    37132                          56400
         Native Heap:   570304                         571072
                Code:   104416                         229088
               Stack:     4372                           4380
            Graphics:    75203                          75203
       Private Other:   110468
              System:    34883
             Unknown:                                  123988
 
           TOTAL PSS:   936778            TOTAL RSS:  1060131       TOTAL SWAP PSS:      161
 
 Objects
               Views:      304         ViewRootImpl:        1
         AppContexts:       16           Activities:        1
              Assets:       41        AssetManagers:        0
       Local Binders:       25        Proxy Binders:       70
       Parcel memory:       27         Parcel count:       92
    Death Recipients:        0             WebViews:        0
 
 Native Allocations
                         Count                       Total(kB)
                        ------                         ------
    Other (malloced):     2426                            230
 Other (nonmalloced):      111                             79
   Bitmap (malloced):        4                           5569
 
 SQL
         MEMORY_USED:     1608
  PAGECACHE_OVERFLOW:     1436          MALLOC_SIZE:     4078
 
 DATABASES
      pgsz     dbsz   Lookaside(b) cache hits cache misses cache size  Dbname
PER CONNECTION STATS
         4      180             92  1438  1158    25  /data/user/0/com.arcfire.online/databases/firestore.%5BDEFAULT%5D.arcfire-49d69.%28default%29
         4     1192             41  1677  1594     4  /data/user/0/com.arcfire.online/databases/RKStorage
POOL STATS
     cache hits  cache misses    cache size  Dbname
           1438          1159          2597  /data/user/0/com.arcfire.online/databases/firestore.%5BDEFAULT%5D.arcfire-49d69.%28default%29
           1677          1595          3272  /data/user/0/com.arcfire.online/databases/RKStorage

VmRSS:	 1036628 kB
VmSwap:	   17172 kB
Threads:	113

===== 2026-06-26 04:28:45 pid=31346 =====
Applications Memory Usage (in Kilobytes):
Uptime: 1532378263 Realtime: 1622494529

** MEMINFO in pid 31346 [com.arcfire.online] **
                   Pss  Private  Private  SwapPss      Rss     Heap     Heap     Heap
                 Total    Dirty    Clean    Dirty    Total     Size    Alloc     Free
                ------   ------   ------   ------   ------   ------   ------   ------
  Native Heap   574272   574200       48       50   574968   714024   636569    67375
  Dalvik Heap    36084    34376       64       26    40480    39933    19967    19966
 Dalvik Other    18362     9120        0        0    27900                           
        Stack     4389     4388        0        0     4396                           
       Ashmem       16        0        0        0      544                           
    Other dev       30       16        8        0      564                           
     .so mmap    15784      248    10368       27    47064                           
    .jar mmap     5911        0     2460        0    38872                           
    .apk mmap    57379     2612    47840        0    77024                           
    .ttf mmap     3009        0     2620        0     3640                           
    .dex mmap    35053    34200      188        0    37324                           
    .oat mmap       72        0       24        0     1340                           
    .art mmap    10238     8364      300       59    21824                           
   Other mmap    38454        4    33372        0    44512                           
   EGL mtrack    20311    20311        0        0    20311                           
    GL mtrack    54892    54892        0        0    54892                           
      Unknown    69032    68556      464        5    69540                           
        TOTAL   943455   811287    97756      167  1065195   753957   656536    87341
 
 App Summary
                       Pss(KB)                        Rss(KB)
                        ------                         ------
           Java Heap:    43040                          62304
         Native Heap:   574200                         574968
                Code:   100988                         224144
               Stack:     4388                           4396
            Graphics:    75203                          75203
       Private Other:   111224
              System:    34412
             Unknown:                                  124180
 
           TOTAL PSS:   943455            TOTAL RSS:  1065195       TOTAL SWAP PSS:      167
 
 Objects
               Views:      304         ViewRootImpl:        1
         AppContexts:       16           Activities:        1
              Assets:       41        AssetManagers:        0
       Local Binders:       25        Proxy Binders:       70
       Parcel memory:       27         Parcel count:       92
    Death Recipients:        0             WebViews:        0
 
 Native Allocations
                         Count                       Total(kB)
                        ------                         ------
    Other (malloced):     2181                            207
 Other (nonmalloced):      111                             79
   Bitmap (malloced):        4                           5569
 
 SQL
         MEMORY_USED:     1608
  PAGECACHE_OVERFLOW:     1436          MALLOC_SIZE:     4078
 
 DATABASES
      pgsz     dbsz   Lookaside(b) cache hits cache misses cache size  Dbname
PER CONNECTION STATS
         4      180             92  1438  1205    25  /data/user/0/com.arcfire.online/databases/firestore.%5BDEFAULT%5D.arcfire-49d69.%28default%29
         4     1192             41  1677  1603     4  /data/user/0/com.arcfire.online/databases/RKStorage
POOL STATS
     cache hits  cache misses    cache size  Dbname
           1438          1206          2644  /data/user/0/com.arcfire.online/databases/firestore.%5BDEFAULT%5D.arcfire-49d69.%28default%29
           1677          1604          3281  /data/user/0/com.arcfire.online/databases/RKStorage

VmRSS:	 1036412 kB
VmSwap:	   17172 kB
Threads:	114

===== 2026-06-26 04:39:02 pid=31346 =====
Applications Memory Usage (in Kilobytes):
Uptime: 1532995862 Realtime: 1623112128

** MEMINFO in pid 31346 [com.arcfire.online] **
                   Pss  Private  Private  SwapPss      Rss     Heap     Heap     Heap
                 Total    Dirty    Clean    Dirty    Total     Size    Alloc     Free
                ------   ------   ------   ------   ------   ------   ------   ------
  Native Heap   576972   576900       48       50   577668   716584   642840    63513
  Dalvik Heap    37272    35564       64       26    41668    41013    20507    20506
 Dalvik Other    18358     9112        0        0    27900                           
        Stack     4373     4372        0        0     4380                           
       Ashmem       16        0        0        0      544                           
    Other dev       30       16        8        0      564                           
     .so mmap    15772      248    10348       27    47064                           
    .jar mmap     5909        0     2456        0    38872                           
    .apk mmap    57394     2612    47928        0    77024                           
    .ttf mmap     3009        0     2620        0     3640                           
    .dex mmap    35053    34200      188        0    37324                           
    .oat mmap       72        0       24        0     1340                           
    .art mmap    10238     8364      300       59    21824                           
   Other mmap    38458        4    33372        0    44520                           
   EGL mtrack    20311    20311        0        0    20311                           
    GL mtrack    54892    54892        0        0    54892                           
      Unknown    69256    68772      472        5    69764                           
        TOTAL   947552   815367    97828      167  1069299   757597   663347    84019
 
 App Summary
                       Pss(KB)                        Rss(KB)
                        ------                         ------
           Java Heap:    44228                          63492
         Native Heap:   576900                         577668
                Code:   101052                         224152
               Stack:     4372                           4380
            Graphics:    75203                          75203
       Private Other:   111440
              System:    34357
             Unknown:                                  124404
 
           TOTAL PSS:   947552            TOTAL RSS:  1069299       TOTAL SWAP PSS:      167
 
 Objects
               Views:      308         ViewRootImpl:        1
         AppContexts:       16           Activities:        1
              Assets:       41        AssetManagers:        0
       Local Binders:       25        Proxy Binders:       70
       Parcel memory:       27         Parcel count:       92
    Death Recipients:        0             WebViews:        0
 
 Native Allocations
                         Count                       Total(kB)
                        ------                         ------
   Bitmap (malloced):        4                           5569
    Other (malloced):     2626                            249
 Other (nonmalloced):      111                             79
 
 SQL
         MEMORY_USED:     1608
  PAGECACHE_OVERFLOW:     1436          MALLOC_SIZE:     4078
 
 DATABASES
      pgsz     dbsz   Lookaside(b) cache hits cache misses cache size  Dbname
PER CONNECTION STATS
         4      180             92  1438  1248    25  /data/user/0/com.arcfire.online/databases/firestore.%5BDEFAULT%5D.arcfire-49d69.%28default%29
         4     1192             41  1677  1612     4  /data/user/0/com.arcfire.online/databases/RKStorage
POOL STATS
     cache hits  cache misses    cache size  Dbname
           1438          1249          2687  /data/user/0/com.arcfire.online/databases/firestore.%5BDEFAULT%5D.arcfire-49d69.%28default%29
           1677          1613          3290  /data/user/0/com.arcfire.online/databases/RKStorage

VmRSS:	 1040332 kB
VmSwap:	   17172 kB
Threads:	113

===== 2026-06-26 04:49:19 pid=31346 =====
Applications Memory Usage (in Kilobytes):
Uptime: 1533612027 Realtime: 1623728293

** MEMINFO in pid 31346 [com.arcfire.online] **
                   Pss  Private  Private  SwapPss      Rss     Heap     Heap     Heap
                 Total    Dirty    Clean    Dirty    Total     Size    Alloc     Free
                ------   ------   ------   ------   ------   ------   ------   ------
  Native Heap   579131   579060       48       50   579828   720156   639780    69992
  Dalvik Heap    41216    39508       64       25    45612    49666    25090    24576
 Dalvik Other    18382     9136        0        0    27924                           
        Stack     4381     4380        0        0     4388                           
       Ashmem       15        0        0        0      544                           
    Other dev       30       16        8        0      564                           
     .so mmap    15757      248    10348       23    47064                           
    .jar mmap     5868        0     2452        0    38872                           
    .apk mmap    57479     2612    47928        0    77024                           
    .ttf mmap     3009        0     2620        0     3640                           
    .dex mmap    35053    34200      188        0    37324                           
    .oat mmap       67        0       24        0     1340                           
    .art mmap    10232     8364      300       58    21824                           
   Other mmap    38472       12    33376        0    44536                           
   EGL mtrack    20447    20447        0        0    20447                           
    GL mtrack    54892    54892        0        0    54892                           
      Unknown    69852    69340      500        5    70360                           
        TOTAL   954444   822215    97856      161  1076183   769822   664870    94568
 
 App Summary
                       Pss(KB)                        Rss(KB)
                        ------                         ------
           Java Heap:    48172                          67436
         Native Heap:   579060                         579828
                Code:   101048                         224152
               Stack:     4380                           4388
            Graphics:    75339                          75339
       Private Other:   112072
              System:    34373
             Unknown:                                  125040
 
           TOTAL PSS:   954444            TOTAL RSS:  1076183       TOTAL SWAP PSS:      161
 
 Objects
               Views:      308         ViewRootImpl:        1
         AppContexts:       16           Activities:        1
              Assets:       41        AssetManagers:        0
       Local Binders:       25        Proxy Binders:       70
       Parcel memory:       27         Parcel count:       92
    Death Recipients:        0             WebViews:        0
 
 Native Allocations
                         Count                       Total(kB)
                        ------                         ------
    Other (malloced):     2668                            253
 Other (nonmalloced):      111                             79
   Bitmap (malloced):        4                           5569
 
 SQL
         MEMORY_USED:     1608
  PAGECACHE_OVERFLOW:     1436          MALLOC_SIZE:     4078
 
 DATABASES
      pgsz     dbsz   Lookaside(b) cache hits cache misses cache size  Dbname
PER CONNECTION STATS
         4      180             92  1482  1302    25  /data/user/0/com.arcfire.online/databases/firestore.%5BDEFAULT%5D.arcfire-49d69.%28default%29
         4     1192             41  1727  1660     4  /data/user/0/com.arcfire.online/databases/RKStorage
POOL STATS
     cache hits  cache misses    cache size  Dbname
           1482          1303          2785  /data/user/0/com.arcfire.online/databases/firestore.%5BDEFAULT%5D.arcfire-49d69.%28default%29
           1727          1661          3388  /data/user/0/com.arcfire.online/databases/RKStorage

VmRSS:	 1047376 kB
VmSwap:	   17172 kB
Threads:	113

===== 2026-06-26 04:59:36 pid=31346 =====
Applications Memory Usage (in Kilobytes):
Uptime: 1534228792 Realtime: 1624345058

** MEMINFO in pid 31346 [com.arcfire.online] **
                   Pss  Private  Private  SwapPss      Rss     Heap     Heap     Heap
                 Total    Dirty    Clean    Dirty    Total     Size    Alloc     Free
                ------   ------   ------   ------   ------   ------   ------   ------
  Native Heap   584339   584268       48       50   585036   724788   651760    62890
  Dalvik Heap    43984    42276       64       25    48380    47829    23915    23914
 Dalvik Other    18258     9012        0        0    27800                           
        Stack     4381     4380        0        0     4388                           
       Ashmem       15        0        0        0      544                           
    Other dev       30       16        8        0      564                           
     .so mmap    15754      248    10348       23    47064                           
    .jar mmap     5867        0     2452        0    38872                           
    .apk mmap    57479     2612    47928        0    77024                           
    .ttf mmap     3009        0     2620        0     3640                           
    .dex mmap    35053    34200      188        0    37324                           
    .oat mmap       67        0       24        0     1340                           
    .art mmap    10232     8364      300       58    21824                           
   Other mmap    38476       16    33376        0    44540                           
   EGL mtrack    35131    35131        0        0    35131                           
    GL mtrack    59280    59280        0        0    59280                           
      Unknown    69944    69416      516        5    70452                           
        TOTAL   981460   849219    97872      161  1103203   772617   675675    86804
 
 App Summary
                       Pss(KB)                        Rss(KB)
                        ------                         ------
           Java Heap:    50940                          70204
         Native Heap:   584268                         585036
                Code:   101048                         224152
               Stack:     4380                           4388
            Graphics:    94411                          94411
       Private Other:   112044
              System:    34369
             Unknown:                                  125012
 
           TOTAL PSS:   981460            TOTAL RSS:  1103203       TOTAL SWAP PSS:      161
 
 Objects
               Views:      329         ViewRootImpl:        1
         AppContexts:       16           Activities:        1
              Assets:       41        AssetManagers:        0
       Local Binders:       25        Proxy Binders:       70
       Parcel memory:       27         Parcel count:       92
    Death Recipients:        0             WebViews:        0
 
 Native Allocations
                         Count                       Total(kB)
                        ------                         ------
    Other (malloced):     2424                            230
 Other (nonmalloced):      111                             79
   Bitmap (malloced):        4                           5569
 
 SQL
         MEMORY_USED:     1608
  PAGECACHE_OVERFLOW:     1436          MALLOC_SIZE:     4079
 
 DATABASES
      pgsz     dbsz   Lookaside(b) cache hits cache misses cache size  Dbname
PER CONNECTION STATS
         4      180             92  1526  1353    25  /data/user/0/com.arcfire.online/databases/firestore.%5BDEFAULT%5D.arcfire-49d69.%28default%29
         4     1192             41  1739  1677     4  /data/user/0/com.arcfire.online/databases/RKStorage
POOL STATS
     cache hits  cache misses    cache size  Dbname
           1526          1354          2880  /data/user/0/com.arcfire.online/databases/firestore.%5BDEFAULT%5D.arcfire-49d69.%28default%29
           1739          1678          3417  /data/user/0/com.arcfire.online/databases/RKStorage

VmRSS:	 1056032 kB
VmSwap:	   17172 kB
Threads:	113

===== 2026-06-26 05:09:51 pid=31346 =====
Applications Memory Usage (in Kilobytes):
Uptime: 1534844574 Realtime: 1624960841

** MEMINFO in pid 31346 [com.arcfire.online] **
                   Pss  Private  Private  SwapPss      Rss     Heap     Heap     Heap
                 Total    Dirty    Clean    Dirty    Total     Size    Alloc     Free
                ------   ------   ------   ------   ------   ------   ------   ------
  Native Heap   584427   584356       48       50   585124   727068   653747    63135
  Dalvik Heap    51556    49852       64       25    55956    49842    25266    24576
 Dalvik Other    18256     9008        0        0    27800                           
        Stack     4365     4364        0        0     4372                           
       Ashmem       15        0        0        0      544                           
    Other dev       30       16        8        0      564                           
     .so mmap    15694      248    10256       23    47064                           
    .jar mmap     5853        0     2480        0    38872                           
    .apk mmap    57987     2612    48468        0    77024                           
    .ttf mmap     3080        0     2752        0     3640                           
    .dex mmap    35092    34200      244        0    37324                           
    .oat mmap       68        0       24        0     1340                           
    .art mmap    10236     8364      304       58    21824                           
   Other mmap    38490        4    33408        0    44532                           
   EGL mtrack    20311    20311        0        0    20311                           
    GL mtrack    54892    54892        0        0    54892                           
      Unknown    70446    69916      520        5    70952                           
        TOTAL   970959   838143    98576      161  1092135   776910   679013    87711
 
 App Summary
                       Pss(KB)                        Rss(KB)
                        ------                         ------
           Java Heap:    58520                          77780
         Native Heap:   584356                         585124
                Code:   101712                         224156
               Stack:     4364                           4372
            Graphics:    75203                          75203
       Private Other:   112564
              System:    34240
             Unknown:                                  125500
 
           TOTAL PSS:   970959            TOTAL RSS:  1092135       TOTAL SWAP PSS:      161
 
 Objects
               Views:      308         ViewRootImpl:        1
         AppContexts:       16           Activities:        1
              Assets:       41        AssetManagers:        0
       Local Binders:       25        Proxy Binders:       70
       Parcel memory:       27         Parcel count:       90
    Death Recipients:        0             WebViews:        0
 
 Native Allocations
                         Count                       Total(kB)
                        ------                         ------
    Other (malloced):     2247                            213
 Other (nonmalloced):      111                             79
   Bitmap (malloced):        4                           5569
 
 SQL
         MEMORY_USED:     1608
  PAGECACHE_OVERFLOW:     1436          MALLOC_SIZE:     4079
 
 DATABASES
      pgsz     dbsz   Lookaside(b) cache hits cache misses cache size  Dbname
PER CONNECTION STATS
         4      180             92  1526  1397    25  /data/user/0/com.arcfire.online/databases/firestore.%5BDEFAULT%5D.arcfire-49d69.%28default%29
         4     1192             41  1739  1689     4  /data/user/0/com.arcfire.online/databases/RKStorage
POOL STATS
     cache hits  cache misses    cache size  Dbname
           1526          1398          2924  /data/user/0/com.arcfire.online/databases/firestore.%5BDEFAULT%5D.arcfire-49d69.%28default%29
           1739          1690          3429  /data/user/0/com.arcfire.online/databases/RKStorage

VmRSS:	 1053264 kB
VmSwap:	   17172 kB
Threads:	113

===== 2026-06-26 05:20:07 pid=31346 =====
Applications Memory Usage (in Kilobytes):
Uptime: 1535460539 Realtime: 1625576805

** MEMINFO in pid 31346 [com.arcfire.online] **
                   Pss  Private  Private  SwapPss      Rss     Heap     Heap     Heap
                 Total    Dirty    Clean    Dirty    Total     Size    Alloc     Free
                ------   ------   ------   ------   ------   ------   ------   ------
  Native Heap   587207   587136       48       50   587904   729384   648722    70050
  Dalvik Heap    45128    43424       64       25    49528    49354    24778    24576
 Dalvik Other    18418     9168        0        0    27964                           
        Stack     4377     4376        0        0     4384                           
       Ashmem       15        0        0        0      544                           
    Other dev       30       16        8        0      564                           
     .so mmap    15694      248    10256       23    47064                           
    .jar mmap     5853        0     2480        0    38872                           
    .apk mmap    58076     2612    48468        0    77024                           
    .ttf mmap     3080        0     2752        0     3640                           
    .dex mmap    35092    34200      244        0    37324                           
    .oat mmap       68        0       24        0     1340                           
    .art mmap    10236     8364      304       58    21824                           
   Other mmap    38492        4    33408        0    44536                           
   EGL mtrack    20311    20311        0        0    20311                           
    GL mtrack    56944    56944        0        0    56944                           
      Unknown    70698    70168      520        5    71204                           
        TOTAL   969880   836971    98576      161  1090971   778738   673500    94626
 
 App Summary
                       Pss(KB)                        Rss(KB)
                        ------                         ------
           Java Heap:    52092                          71352
         Native Heap:   587136                         587904
                Code:   101712                         224160
               Stack:     4376                           4384
            Graphics:    77255                          77255
       Private Other:   112976
              System:    34333
             Unknown:                                  125916
 
           TOTAL PSS:   969880            TOTAL RSS:  1090971       TOTAL SWAP PSS:      161
 
 Objects
               Views:      308         ViewRootImpl:        1
         AppContexts:       16           Activities:        1
              Assets:       41        AssetManagers:        0
       Local Binders:       25        Proxy Binders:       70
       Parcel memory:       27         Parcel count:       92
    Death Recipients:        0             WebViews:        0
 
 Native Allocations
                         Count                       Total(kB)
                        ------                         ------
    Other (malloced):     2358                            224
 Other (nonmalloced):      111                             79
   Bitmap (malloced):        4                           5569
 
 SQL
         MEMORY_USED:     1608
  PAGECACHE_OVERFLOW:     1436          MALLOC_SIZE:     4079
 
 DATABASES
      pgsz     dbsz   Lookaside(b) cache hits cache misses cache size  Dbname
PER CONNECTION STATS
         4      180             92  1526  1440    25  /data/user/0/com.arcfire.online/databases/firestore.%5BDEFAULT%5D.arcfire-49d69.%28default%29
         4     1192             41  1739  1698     4  /data/user/0/com.arcfire.online/databases/RKStorage
POOL STATS
     cache hits  cache misses    cache size  Dbname
           1526          1441          2967  /data/user/0/com.arcfire.online/databases/firestore.%5BDEFAULT%5D.arcfire-49d69.%28default%29
           1739          1699          3438  /data/user/0/com.arcfire.online/databases/RKStorage

VmRSS:	 1056604 kB
VmSwap:	   17172 kB
Threads:	113

===== 2026-06-26 05:30:25 pid=31346 =====
Applications Memory Usage (in Kilobytes):
Uptime: 1536078203 Realtime: 1626194469

** MEMINFO in pid 31346 [com.arcfire.online] **
                   Pss  Private  Private  SwapPss      Rss     Heap     Heap     Heap
                 Total    Dirty    Clean    Dirty    Total     Size    Alloc     Free
                ------   ------   ------   ------   ------   ------   ------   ------
  Native Heap   595411   595340       48       50   596108   729884   649790    69738
  Dalvik Heap    32992    31288       64       25    37392    44685    22343    22342
 Dalvik Other    18426     9176        0        0    27972                           
        Stack     4381     4380        0        0     4388                           
       Ashmem       15        0        0        0      544                           
    Other dev       30       16        8        0      564                           
     .so mmap    15694      248    10256       23    47064                           
    .jar mmap     5853        0     2480        0    38872                           
    .apk mmap    58075     2612    48468        0    77024                           
    .ttf mmap     3080        0     2752        0     3640                           
    .dex mmap    35092    34200      244        0    37324                           
    .oat mmap       68        0       24        0     1340                           
    .art mmap    10236     8364      304       58    21824                           
   Other mmap    38492        4    33408        0    44536                           
   EGL mtrack    20311    20311        0        0    20311                           
    GL mtrack    54892    54892        0        0    54892                           
      Unknown    71330    70800      520        5    71836                           
        TOTAL   964539   831631    98576      161  1085631   774569   672133    92080
 
 App Summary
                       Pss(KB)                        Rss(KB)
                        ------                         ------
           Java Heap:    39956                          59216
         Native Heap:   595340                         596108
                Code:   101712                         224160
               Stack:     4380                           4388
            Graphics:    75203                          75203
       Private Other:   113616
              System:    34332
             Unknown:                                  126556
 
           TOTAL PSS:   964539            TOTAL RSS:  1085631       TOTAL SWAP PSS:      161
 
 Objects
               Views:      312         ViewRootImpl:        1
         AppContexts:       16           Activities:        1
              Assets:       41        AssetManagers:        0
       Local Binders:       25        Proxy Binders:       70
       Parcel memory:       27         Parcel count:       92
    Death Recipients:        0             WebViews:        0
 
 Native Allocations
                         Count                       Total(kB)
                        ------                         ------
   Bitmap (malloced):        4                           5569
    Other (malloced):     2504                            238
 Other (nonmalloced):      111                             79
 
 SQL
         MEMORY_USED:     1608
  PAGECACHE_OVERFLOW:     1436          MALLOC_SIZE:     4079
 
 DATABASES
      pgsz     dbsz   Lookaside(b) cache hits cache misses cache size  Dbname
PER CONNECTION STATS
         4      180             92  1526  1481    25  /data/user/0/com.arcfire.online/databases/firestore.%5BDEFAULT%5D.arcfire-49d69.%28default%29
         4     1192             41  1739  1707     4  /data/user/0/com.arcfire.online/databases/RKStorage
POOL STATS
     cache hits  cache misses    cache size  Dbname
           1526          1482          3008  /data/user/0/com.arcfire.online/databases/firestore.%5BDEFAULT%5D.arcfire-49d69.%28default%29
           1739          1708          3447  /data/user/0/com.arcfire.online/databases/RKStorage

VmRSS:	 1062740 kB
VmSwap:	   17172 kB
Threads:	113

===== 2026-06-26 05:40:42 pid=31346 =====
Applications Memory Usage (in Kilobytes):
Uptime: 1536695129 Realtime: 1626811395

** MEMINFO in pid 31346 [com.arcfire.online] **
                   Pss  Private  Private  SwapPss      Rss     Heap     Heap     Heap
                 Total    Dirty    Clean    Dirty    Total     Size    Alloc     Free
                ------   ------   ------   ------   ------   ------   ------   ------
  Native Heap   588935   588864       48       50   589632   730664   639481    80775
  Dalvik Heap    32671    30968       64       25    37072    46221    23111    23110
 Dalvik Other    18420     9168        0        0    27968                           
        Stack     4501     4500        0        0     4508                           
       Ashmem       15        0        0        0      544                           
    Other dev       30       16        8        0      564                           
     .so mmap    15591      248    10200       23    47064                           
    .jar mmap     5790        0     2444        0    38872                           
    .apk mmap    58075     2612    48468        0    77024                           
    .ttf mmap     2975        0     2548        0     3640                           
    .dex mmap    35091    34200      244        0    37324                           
    .oat mmap       68        0       24        0     1340                           
    .art mmap    10234     8364      304       58    21824                           
   Other mmap    38241        4    32924        0    44540                           
   EGL mtrack    20311    20311        0        0    20311                           
    GL mtrack    54892    54892        0        0    54892                           
      Unknown    71798    71276      512        5    72304                           
        TOTAL   957799   825423    97788      161  1079423   776885   662592   103885
 
 App Summary
                       Pss(KB)                        Rss(KB)
                        ------                         ------
           Java Heap:    39636                          58896
         Native Heap:   588864                         589632
                Code:   101428                         224176
               Stack:     4500                           4508
            Graphics:    75203                          75203
       Private Other:   113580
              System:    34588
             Unknown:                                  127008
 
           TOTAL PSS:   957799            TOTAL RSS:  1079423       TOTAL SWAP PSS:      161
 
 Objects
               Views:      312         ViewRootImpl:        1
         AppContexts:       16           Activities:        1
              Assets:       41        AssetManagers:        0
       Local Binders:       25        Proxy Binders:       70
       Parcel memory:       28         Parcel count:       96
    Death Recipients:        0             WebViews:        0
 
 Native Allocations
                         Count                       Total(kB)
                        ------                         ------
   Bitmap (malloced):        4                           5569
    Other (malloced):     2569                            244
 Other (nonmalloced):      111                             79
 
 SQL
         MEMORY_USED:     1608
  PAGECACHE_OVERFLOW:     1436          MALLOC_SIZE:     4079
 
 DATABASES
      pgsz     dbsz   Lookaside(b) cache hits cache misses cache size  Dbname
PER CONNECTION STATS
         4      180             92  1526  1525    25  /data/user/0/com.arcfire.online/databases/firestore.%5BDEFAULT%5D.arcfire-49d69.%28default%29
         4     1192             41  1739  1719     4  /data/user/0/com.arcfire.online/databases/RKStorage
POOL STATS
     cache hits  cache misses    cache size  Dbname
           1526          1526          3052  /data/user/0/com.arcfire.online/databases/firestore.%5BDEFAULT%5D.arcfire-49d69.%28default%29
           1739          1720          3459  /data/user/0/com.arcfire.online/databases/RKStorage

VmRSS:	 1057584 kB
VmSwap:	   17172 kB
Threads:	117

===== 2026-06-26 05:50:59 pid=31346 =====
Applications Memory Usage (in Kilobytes):
Uptime: 1537312146 Realtime: 1627428412

** MEMINFO in pid 31346 [com.arcfire.online] **
                   Pss  Private  Private  SwapPss      Rss     Heap     Heap     Heap
                 Total    Dirty    Clean    Dirty    Total     Size    Alloc     Free
                ------   ------   ------   ------   ------   ------   ------   ------
  Native Heap   594215   594144       48       50   594912   733620   660692    62296
  Dalvik Heap    46994    45292       64       25    51396    50784    26208    24576
 Dalvik Other    18360     9100        0        0    27916                           
        Stack     4401     4400        0        0     4408                           
       Ashmem       15        0        0        0      544                           
    Other dev       30       16        8        0      564                           
     .so mmap    15583      248    10188       23    47064                           
    .jar mmap     5743        0     2440        0    38872                           
    .apk mmap    58075     2612    48468        0    77024                           
    .ttf mmap     3007        0     2580        0     3672                           
    .dex mmap    35091    34200      244        0    37324                           
    .oat mmap       68        0       24        0     1340                           
    .art mmap    10232     8364      304       58    21824                           
   Other mmap    38265       20    32924        0    44572                           
   EGL mtrack    41631    41631        0        0    41631                           
    GL mtrack    57580    57580        0        0    57580                           
      Unknown    72226    71656      560        5    72732                           
        TOTAL  1001677   869263    97852      161  1123375   784404   686900    86872
 
 App Summary
                       Pss(KB)                        Rss(KB)
                        ------                         ------
           Java Heap:    53960                          73220
         Native Heap:   594144                         594912
                Code:   101444                         224224
               Stack:     4400                           4408
            Graphics:    99211                          99211
       Private Other:   113956
              System:    34562
             Unknown:                                  127400
 
           TOTAL PSS:  1001677            TOTAL RSS:  1123375       TOTAL SWAP PSS:      161
 
 Objects
               Views:      335         ViewRootImpl:        1
         AppContexts:       16           Activities:        1
              Assets:       41        AssetManagers:        0
       Local Binders:       25        Proxy Binders:       70
       Parcel memory:       27         Parcel count:       92
    Death Recipients:        0             WebViews:        0
 
 Native Allocations
                         Count                       Total(kB)
                        ------                         ------
    Other (malloced):     2673                            254
 Other (nonmalloced):      111                             79
   Bitmap (malloced):        4                           5569
 
 SQL
         MEMORY_USED:     1603
  PAGECACHE_OVERFLOW:     1432          MALLOC_SIZE:     4079
 
 DATABASES
      pgsz     dbsz   Lookaside(b) cache hits cache misses cache size  Dbname
PER CONNECTION STATS
         4      180             92  1614  1591    25  /data/user/0/com.arcfire.online/databases/firestore.%5BDEFAULT%5D.arcfire-49d69.%28default%29
         4     1188             41  1767  1751     4  /data/user/0/com.arcfire.online/databases/RKStorage
POOL STATS
     cache hits  cache misses    cache size  Dbname
           1614          1592          3206  /data/user/0/com.arcfire.online/databases/firestore.%5BDEFAULT%5D.arcfire-49d69.%28default%29
           1767          1752          3519  /data/user/0/com.arcfire.online/databases/RKStorage

VmRSS:	 1068760 kB
VmSwap:	   17172 kB
Threads:	114

===== 2026-06-26 06:01:16 pid=31346 =====
Applications Memory Usage (in Kilobytes):
Uptime: 1537929591 Realtime: 1628045858

** MEMINFO in pid 31346 [com.arcfire.online] **
                   Pss  Private  Private  SwapPss      Rss     Heap     Heap     Heap
                 Total    Dirty    Clean    Dirty    Total     Size    Alloc     Free
                ------   ------   ------   ------   ------   ------   ------   ------
  Native Heap   593463   593392       48       50   594160   734552   653372    70685
  Dalvik Heap    44510    42808       64       25    48912    51034    26458    24576
 Dalvik Other    18336     9076        0        0    27892                           
        Stack     4373     4372        0        0     4380                           
       Ashmem       15        0        0        0      544                           
    Other dev       30       16        8        0      564                           
     .so mmap    15583      248    10188       23    47064                           
    .jar mmap     5742        0     2440        0    38872                           
    .apk mmap    58075     2612    48468        0    77024                           
    .ttf mmap     2937        0     2448        0     3672                           
    .dex mmap    35091    34200      244        0    37324                           
    .oat mmap       68        0       24        0     1340                           
    .art mmap    10232     8364      304       58    21824                           
   Other mmap    38249        4    32924        0    44556                           
   EGL mtrack    20311    20311        0        0    20311                           
    GL mtrack    54892    54892        0        0    54892                           
      Unknown    72686    72148      528        5    73192                           
        TOTAL   974754   842443    97688      161  1096523   785586   679830    95261
 
 App Summary
                       Pss(KB)                        Rss(KB)
                        ------                         ------
           Java Heap:    51476                          70736
         Native Heap:   593392                         594160
                Code:   101312                         224224
               Stack:     4372                           4380
            Graphics:    75203                          75203
       Private Other:   114376
              System:    34623
             Unknown:                                  127820
 
           TOTAL PSS:   974754            TOTAL RSS:  1096523       TOTAL SWAP PSS:      161
 
 Objects
               Views:      312         ViewRootImpl:        1
         AppContexts:       16           Activities:        1
              Assets:       41        AssetManagers:        0
       Local Binders:       25        Proxy Binders:       70
       Parcel memory:       27         Parcel count:       92
    Death Recipients:        0             WebViews:        0
 
 Native Allocations
                         Count                       Total(kB)
                        ------                         ------
    Other (malloced):     2604                            247
 Other (nonmalloced):      111                             79
   Bitmap (malloced):        4                           5569
 
 SQL
         MEMORY_USED:     1603
  PAGECACHE_OVERFLOW:     1432          MALLOC_SIZE:     4079
 
 DATABASES
      pgsz     dbsz   Lookaside(b) cache hits cache misses cache size  Dbname
PER CONNECTION STATS
         4      180             92  1614  1635    25  /data/user/0/com.arcfire.online/databases/firestore.%5BDEFAULT%5D.arcfire-49d69.%28default%29
         4     1188             41  1767  1763     4  /data/user/0/com.arcfire.online/databases/RKStorage
POOL STATS
     cache hits  cache misses    cache size  Dbname
           1614          1636          3250  /data/user/0/com.arcfire.online/databases/firestore.%5BDEFAULT%5D.arcfire-49d69.%28default%29
           1767          1764          3531  /data/user/0/com.arcfire.online/databases/RKStorage

VmRSS:	 1065808 kB
VmSwap:	   17172 kB
Threads:	113

===== 2026-06-26 06:11:33 pid=31346 =====
Applications Memory Usage (in Kilobytes):
Uptime: 1538546218 Realtime: 1628662484

** MEMINFO in pid 31346 [com.arcfire.online] **
                   Pss  Private  Private  SwapPss      Rss     Heap     Heap     Heap
                 Total    Dirty    Clean    Dirty    Total     Size    Alloc     Free
                ------   ------   ------   ------   ------   ------   ------   ------
  Native Heap   598995   598924       48       50   599692   736844   656609    69480
  Dalvik Heap    43286    41584       64       25    47688    51146    26570    24576
 Dalvik Other    18518     9256        0        0    28076                           
        Stack     4485     4484        0        0     4492                           
       Ashmem       15        0        0        0      544                           
    Other dev       30       16        8        0      564                           
     .so mmap    15583      248    10188       23    47064                           
    .jar mmap     5742        0     2440        0    38872                           
    .apk mmap    58075     2612    48468        0    77024                           
    .ttf mmap     2893        0     2360        0     3672                           
    .dex mmap    35091    34200      244        0    37324                           
    .oat mmap       68        0       24        0     1340                           
    .art mmap    10232     8364      304       58    21824                           
   Other mmap    38251        4    32924        0    44560                           
   EGL mtrack    20311    20311        0        0    20311                           
    GL mtrack    54892    54892        0        0    54892                           
      Unknown    73246    72700      536        5    73752                           
        TOTAL   979874   847595    97608      161  1101691   787990   683179    94056
 
 App Summary
                       Pss(KB)                        Rss(KB)
                        ------                         ------
           Java Heap:    50252                          69512
         Native Heap:   598924                         599692
                Code:   101224                         224228
               Stack:     4484                           4492
            Graphics:    75203                          75203
       Private Other:   115116
              System:    34671
             Unknown:                                  128564
 
           TOTAL PSS:   979874            TOTAL RSS:  1101691       TOTAL SWAP PSS:      161
 
 Objects
               Views:      312         ViewRootImpl:        1
         AppContexts:       16           Activities:        1
              Assets:       41        AssetManagers:        0
       Local Binders:       25        Proxy Binders:       70
       Parcel memory:       28         Parcel count:       94
    Death Recipients:        0             WebViews:        0
 
 Native Allocations
                         Count                       Total(kB)
                        ------                         ------
    Other (malloced):     2193                            208
 Other (nonmalloced):      111                             79
   Bitmap (malloced):        4                           5569
 
 SQL
         MEMORY_USED:     1603
  PAGECACHE_OVERFLOW:     1432          MALLOC_SIZE:     4079
 
 DATABASES
      pgsz     dbsz   Lookaside(b) cache hits cache misses cache size  Dbname
PER CONNECTION STATS
         4      180             92  1614  1679    25  /data/user/0/com.arcfire.online/databases/firestore.%5BDEFAULT%5D.arcfire-49d69.%28default%29
         4     1188             41  1767  1775     4  /data/user/0/com.arcfire.online/databases/RKStorage
POOL STATS
     cache hits  cache misses    cache size  Dbname
           1614          1680          3294  /data/user/0/com.arcfire.online/databases/firestore.%5BDEFAULT%5D.arcfire-49d69.%28default%29
           1767          1776          3543  /data/user/0/com.arcfire.online/databases/RKStorage

VmRSS:	 1072396 kB
VmSwap:	   17172 kB
Threads:	117

===== 2026-06-26 06:21:49 pid=31346 =====
Applications Memory Usage (in Kilobytes):
Uptime: 1539162289 Realtime: 1629278555

** MEMINFO in pid 31346 [com.arcfire.online] **
                   Pss  Private  Private  SwapPss      Rss     Heap     Heap     Heap
                 Total    Dirty    Clean    Dirty    Total     Size    Alloc     Free
                ------   ------   ------   ------   ------   ------   ------   ------
  Native Heap   602587   602516       48       50   603284   737368   660983    65703
  Dalvik Heap    38322    36620       64       25    42724    49518    24942    24576
 Dalvik Other    18500     9236        0        0    28060                           
        Stack     4457     4456        0        0     4464                           
       Ashmem       15        0        0        0      544                           
    Other dev       30       16        8        0      564                           
     .so mmap    15580      248    10188       23    47064                           
    .jar mmap     5710        0     2424        0    38872                           
    .apk mmap    58057     2612    48432        0    77024                           
    .ttf mmap     2893        0     2360        0     3672                           
    .dex mmap    35091    34200      244        0    37324                           
    .oat mmap       68        0       24        0     1340                           
    .art mmap    10231     8364      304       58    21824                           
   Other mmap    38253        4    32924        0    44564                           
   EGL mtrack    20311    20311        0        0    20311                           
    GL mtrack    56944    56944        0        0    56944                           
      Unknown    73406    72860      536        5    73912                           
        TOTAL   980616   848387    97556      161  1102491   786886   685925    90279
 
 App Summary
                       Pss(KB)                        Rss(KB)
                        ------                         ------
           Java Heap:    45288                          64548
         Native Heap:   602516                         603284
                Code:   101172                         224232
               Stack:     4456                           4464
            Graphics:    77255                          77255
       Private Other:   115256
              System:    34673
             Unknown:                                  128708
 
           TOTAL PSS:   980616            TOTAL RSS:  1102491       TOTAL SWAP PSS:      161
 
 Objects
               Views:      316         ViewRootImpl:        1
         AppContexts:       16           Activities:        1
              Assets:       41        AssetManagers:        0
       Local Binders:       25        Proxy Binders:       70
       Parcel memory:       27         Parcel count:       90
    Death Recipients:        0             WebViews:        0
 
 Native Allocations
                         Count                       Total(kB)
                        ------                         ------
    Other (malloced):     2436                            231
 Other (nonmalloced):      111                             79
   Bitmap (malloced):        4                           5569
 
 SQL
         MEMORY_USED:     1608
  PAGECACHE_OVERFLOW:     1436          MALLOC_SIZE:     4079
 
 DATABASES
      pgsz     dbsz   Lookaside(b) cache hits cache misses cache size  Dbname
PER CONNECTION STATS
         4      180             92  1614  1723    25  /data/user/0/com.arcfire.online/databases/firestore.%5BDEFAULT%5D.arcfire-49d69.%28default%29
         4     1192             41  1777  1793     4  /data/user/0/com.arcfire.online/databases/RKStorage
POOL STATS
     cache hits  cache misses    cache size  Dbname
           1614          1724          3338  /data/user/0/com.arcfire.online/databases/firestore.%5BDEFAULT%5D.arcfire-49d69.%28default%29
           1777          1794          3571  /data/user/0/com.arcfire.online/databases/RKStorage

VmRSS:	 1074520 kB
VmSwap:	   17172 kB
Threads:	115

===== 2026-06-26 06:32:06 pid=31346 =====
Applications Memory Usage (in Kilobytes):
Uptime: 1539780574 Realtime: 1629896840

** MEMINFO in pid 31346 [com.arcfire.online] **
                   Pss  Private  Private  SwapPss      Rss     Heap     Heap     Heap
                 Total    Dirty    Clean    Dirty    Total     Size    Alloc     Free
                ------   ------   ------   ------   ------   ------   ------   ------
  Native Heap   597227   597156       48       50   597924   740428   655974    73684
  Dalvik Heap    50294    48592       64       25    54696    52538    27962    24576
 Dalvik Other    18428     9160        0        0    27992                           
        Stack     4289     4288        0        0     4296                           
       Ashmem       15        0        0        0      544                           
    Other dev       30       16        8        0      564                           
     .so mmap    14504      248     9224       23    45700                           
    .jar mmap     4093        0     1360        0    35372                           
    .apk mmap    34612     2612    25344        0    53000                           
    .ttf mmap     2565        0     2052        0     3324                           
    .dex mmap    34854    34200       76        0    36960                           
    .oat mmap       68        0       24        0     1340                           
    .art mmap    10163     8296      304      126    21756                           
   Other mmap    38125        4    32808        0    44360                           
   EGL mtrack    20311    20311        0        0    20311                           
    GL mtrack    56944    56944        0        0    56944                           
      Unknown    73830    73344      476       21    74336                           
        TOTAL   960597   855171    71788      245  1079419   792966   683936    98260
 
 App Summary
                       Pss(KB)                        Rss(KB)
                        ------                         ------
           Java Heap:    57192                          76452
         Native Heap:   597156                         597924
                Code:    75580                         194640
               Stack:     4288                           4296
            Graphics:    77255                          77255
       Private Other:   115488
              System:    33638
             Unknown:                                  128852
 
           TOTAL PSS:   960597            TOTAL RSS:  1079419       TOTAL SWAP PSS:      245
 
 Objects
               Views:      316         ViewRootImpl:        1
         AppContexts:       16           Activities:        1
              Assets:       41        AssetManagers:        0
       Local Binders:       25        Proxy Binders:       70
       Parcel memory:       27         Parcel count:       90
    Death Recipients:        0             WebViews:        0
 
 Native Allocations
                         Count                       Total(kB)
                        ------                         ------
    Other (malloced):     2719                            258
 Other (nonmalloced):      111                             79
   Bitmap (malloced):        4                           5569
 
 SQL
         MEMORY_USED:     1603
  PAGECACHE_OVERFLOW:     1432          MALLOC_SIZE:     4079
 
 DATABASES
      pgsz     dbsz   Lookaside(b) cache hits cache misses cache size  Dbname
PER CONNECTION STATS
         4      180             92  1658  1779    25  /data/user/0/com.arcfire.online/databases/firestore.%5BDEFAULT%5D.arcfire-49d69.%28default%29
         4     1188             41  1789  1813     4  /data/user/0/com.arcfire.online/databases/RKStorage
POOL STATS
     cache hits  cache misses    cache size  Dbname
           1658          1780          3438  /data/user/0/com.arcfire.online/databases/firestore.%5BDEFAULT%5D.arcfire-49d69.%28default%29
           1789          1814          3603  /data/user/0/com.arcfire.online/databases/RKStorage

VmRSS:	 1042512 kB
VmSwap:	   17172 kB
Threads:	113

===== 2026-06-26 06:42:23 pid=31346 =====
Applications Memory Usage (in Kilobytes):
Uptime: 1540396877 Realtime: 1630513143

** MEMINFO in pid 31346 [com.arcfire.online] **
                   Pss  Private  Private  SwapPss      Rss     Heap     Heap     Heap
                 Total    Dirty    Clean    Dirty    Total     Size    Alloc     Free
                ------   ------   ------   ------   ------   ------   ------   ------
  Native Heap   610167   610096       48       50   610864   741872   676760    54911
  Dalvik Heap    50726    49024       64       25    55128    50926    26350    24576
 Dalvik Other    18380     9112        0        0    27944                           
        Stack     4365     4364        0        0     4372                           
       Ashmem       15        0        0        0      544                           
    Other dev       30       16        8        0      564                           
     .so mmap    14504      248     9224       23    45700                           
    .jar mmap     4093        0     1360        0    35372                           
    .apk mmap    34612     2612    25344        0    53000                           
    .ttf mmap     2565        0     2052        0     3324                           
    .dex mmap    34854    34200       76        0    36960                           
    .oat mmap       68        0       24        0     1340                           
    .art mmap    10163     8296      304      126    21756                           
   Other mmap    38141       20    32808        0    44376                           
   EGL mtrack    41631    41631        0        0    41631                           
    GL mtrack    55536    55536        0        0    55536                           
      Unknown    74150    73644      496       21    74656                           
        TOTAL   994245   888799    71808      245  1113067   792798   703110    79487
 
 App Summary
                       Pss(KB)                        Rss(KB)
                        ------                         ------
           Java Heap:    57624                          76884
         Native Heap:   610096                         610864
                Code:    75580                         194640
               Stack:     4364                           4372
            Graphics:    97167                          97167
       Private Other:   115776
              System:    33638
             Unknown:                                  129140
 
           TOTAL PSS:   994245            TOTAL RSS:  1113067       TOTAL SWAP PSS:      245
 
 Objects
               Views:      325         ViewRootImpl:        1
         AppContexts:       16           Activities:        1
              Assets:       41        AssetManagers:        0
       Local Binders:       25        Proxy Binders:       70
       Parcel memory:       27         Parcel count:       90
    Death Recipients:        0             WebViews:        0
 
 Native Allocations
                         Count                       Total(kB)
                        ------                         ------
    Other (malloced):     2416                            229
 Other (nonmalloced):      111                             79
   Bitmap (malloced):        4                           5569
 
 SQL
         MEMORY_USED:     1608
  PAGECACHE_OVERFLOW:     1436          MALLOC_SIZE:     4079
 
 DATABASES
      pgsz     dbsz   Lookaside(b) cache hits cache misses cache size  Dbname
PER CONNECTION STATS
         4      180             92  1658  1820    25  /data/user/0/com.arcfire.online/databases/firestore.%5BDEFAULT%5D.arcfire-49d69.%28default%29
         4     1192             41  1799  1828     4  /data/user/0/com.arcfire.online/databases/RKStorage
POOL STATS
     cache hits  cache misses    cache size  Dbname
           1658          1821          3479  /data/user/0/com.arcfire.online/databases/firestore.%5BDEFAULT%5D.arcfire-49d69.%28default%29
           1799          1829          3628  /data/user/0/com.arcfire.online/databases/RKStorage

VmRSS:	 1055580 kB
VmSwap:	   17172 kB
Threads:	113

===== 2026-06-26 06:52:40 pid=31346 =====
Applications Memory Usage (in Kilobytes):
Uptime: 1541013543 Realtime: 1631129809

** MEMINFO in pid 31346 [com.arcfire.online] **
                   Pss  Private  Private  SwapPss      Rss     Heap     Heap     Heap
                 Total    Dirty    Clean    Dirty    Total     Size    Alloc     Free
                ------   ------   ------   ------   ------   ------   ------   ------
  Native Heap   600759   600688       48       50   601456   743244   661161    71449
  Dalvik Heap    51842    50140       64       25    56244    53518    28942    24576
 Dalvik Other    18582     9312        0        0    28148                           
        Stack     4553     4552        0        0     4560                           
       Ashmem       15        0        0        0      544                           
    Other dev       30       16        8        0      564                           
     .so mmap    14504      248     9224       23    45700                           
    .jar mmap     4091        0     1360        0    35372                           
    .apk mmap    34605     2612    25344        0    53000                           
    .ttf mmap     2565        0     2052        0     3324                           
    .dex mmap    34854    34200       76        0    36960                           
    .oat mmap       68        0       24        0     1340                           
    .art mmap    10163     8296      304      126    21756                           
   Other mmap    38135       12    32808        0    44372                           
   EGL mtrack    30971    30971        0        0    30971                           
    GL mtrack    57084    57084        0        0    57084                           
      Unknown    74646    74108      528       21    75152                           
        TOTAL   977712   872239    71840      245  1096547   796762   690103    96025
 
 App Summary
                       Pss(KB)                        Rss(KB)
                        ------                         ------
           Java Heap:    58740                          78000
         Native Heap:   600688                         601456
                Code:    75580                         194644
               Stack:     4552                           4560
            Graphics:    88055                          88055
       Private Other:   116464
              System:    33633
             Unknown:                                  129832
 
           TOTAL PSS:   977712            TOTAL RSS:  1096547       TOTAL SWAP PSS:      245
 
 Objects
               Views:      325         ViewRootImpl:        1
         AppContexts:       16           Activities:        1
              Assets:       41        AssetManagers:        0
       Local Binders:       25        Proxy Binders:       70
       Parcel memory:       28         Parcel count:       94
    Death Recipients:        0             WebViews:        0
 
 Native Allocations
                         Count                       Total(kB)
                        ------                         ------
    Other (malloced):     2482                            236
 Other (nonmalloced):      111                             79
   Bitmap (malloced):        4                           5569
 
 SQL
         MEMORY_USED:     1603
  PAGECACHE_OVERFLOW:     1432          MALLOC_SIZE:     4080
 
 DATABASES
      pgsz     dbsz   Lookaside(b) cache hits cache misses cache size  Dbname
PER CONNECTION STATS
         4      180             92  1702  1877    25  /data/user/0/com.arcfire.online/databases/firestore.%5BDEFAULT%5D.arcfire-49d69.%28default%29
         4     1188             41  1817  1857     4  /data/user/0/com.arcfire.online/databases/RKStorage
POOL STATS
     cache hits  cache misses    cache size  Dbname
           1702          1878          3580  /data/user/0/com.arcfire.online/databases/firestore.%5BDEFAULT%5D.arcfire-49d69.%28default%29
           1817          1858          3675  /data/user/0/com.arcfire.online/databases/RKStorage

VmRSS:	 1048184 kB
VmSwap:	   17172 kB
Threads:	118

===== 2026-06-26 07:02:58 pid=31346 =====
Applications Memory Usage (in Kilobytes):
Uptime: 1541630699 Realtime: 1631746965

** MEMINFO in pid 31346 [com.arcfire.online] **
                   Pss  Private  Private  SwapPss      Rss     Heap     Heap     Heap
                 Total    Dirty    Clean    Dirty    Total     Size    Alloc     Free
                ------   ------   ------   ------   ------   ------   ------   ------
  Native Heap   602199   602128       48       50   602896   744792   661542    72637
  Dalvik Heap    46562    44860       64       25    50964    51862    27286    24576
 Dalvik Other    18538     9268        0        0    28104                           
        Stack     4373     4372        0        0     4380                           
       Ashmem       15        0        0        0      544                           
    Other dev       30       16        8        0      564                           
     .so mmap    14504      248     9224       23    45700                           
    .jar mmap     4091        0     1360        0    35372                           
    .apk mmap    34605     2612    25344        0    53000                           
    .ttf mmap     2565        0     2052        0     3324                           
    .dex mmap    34854    34200       76        0    36960                           
    .oat mmap       68        0       24        0     1340                           
    .art mmap    10163     8296      304      126    21756                           
   Other mmap    38127        4    32808        0    44364                           
   EGL mtrack    20311    20311        0        0    20311                           
    GL mtrack    54892    54892        0        0    54892                           
      Unknown    75110    74604      496       21    75616                           
        TOTAL   961252   855811    71808      245  1080087   796654   688828    97213
 
 App Summary
                       Pss(KB)                        Rss(KB)
                        ------                         ------
           Java Heap:    53460                          72720
         Native Heap:   602128                         602896
                Code:    75580                         194644
               Stack:     4372                           4380
            Graphics:    75203                          75203
       Private Other:   116876
              System:    33633
             Unknown:                                  130244
 
           TOTAL PSS:   961252            TOTAL RSS:  1080087       TOTAL SWAP PSS:      245
 
 Objects
               Views:      320         ViewRootImpl:        1
         AppContexts:       16           Activities:        1
              Assets:       41        AssetManagers:        0
       Local Binders:       25        Proxy Binders:       70
       Parcel memory:       27         Parcel count:       92
    Death Recipients:        0             WebViews:        0
 
 Native Allocations
                         Count                       Total(kB)
                        ------                         ------
    Other (malloced):     2845                            270
 Other (nonmalloced):      111                             79
   Bitmap (malloced):        4                           5569
 
 SQL
         MEMORY_USED:     1603
  PAGECACHE_OVERFLOW:     1432          MALLOC_SIZE:     4080
 
 DATABASES
      pgsz     dbsz   Lookaside(b) cache hits cache misses cache size  Dbname
PER CONNECTION STATS
         4      180             92  1702  1923    25  /data/user/0/com.arcfire.online/databases/firestore.%5BDEFAULT%5D.arcfire-49d69.%28default%29
         4     1188             41  1817  1869     4  /data/user/0/com.arcfire.online/databases/RKStorage
POOL STATS
     cache hits  cache misses    cache size  Dbname
           1702          1924          3626  /data/user/0/com.arcfire.online/databases/firestore.%5BDEFAULT%5D.arcfire-49d69.%28default%29
           1817          1870          3687  /data/user/0/com.arcfire.online/databases/RKStorage

VmRSS:	 1048624 kB
VmSwap:	   17172 kB
Threads:	113

===== 2026-06-26 07:13:14 pid=31346 =====
Applications Memory Usage (in Kilobytes):
Uptime: 1542246696 Realtime: 1632362962

** MEMINFO in pid 31346 [com.arcfire.online] **
                   Pss  Private  Private  SwapPss      Rss     Heap     Heap     Heap
                 Total    Dirty    Clean    Dirty    Total     Size    Alloc     Free
                ------   ------   ------   ------   ------   ------   ------   ------
  Native Heap   602195   602124       48       50   602892   744780   655770    78644
  Dalvik Heap    44378    42676       64       25    48780    51899    27323    24576
 Dalvik Other    18594     9300        0        0    28184                           
        Stack     4421     4420        0        0     4428                           
       Ashmem       15        0        0        0      544                           
    Other dev       30       16        8        0      564                           
     .so mmap    14504      248     9224       23    45700                           
    .jar mmap     4091        0     1360        0    35372                           
    .apk mmap    34605     2612    25344        0    53000                           
    .ttf mmap     2565        0     2052        0     3324                           
    .dex mmap    34854    34200       76        0    36960                           
    .oat mmap       68        0       24        0     1340                           
    .art mmap    10163     8296      304      126    21756                           
   Other mmap    38131        4    32808        0    44372                           
   EGL mtrack    20311    20311        0        0    20311                           
    GL mtrack    54892    54892        0        0    54892                           
      Unknown    75414    74884      520       21    75920                           
        TOTAL   959476   853983    71832      245  1078339   796679   683093   103220
 
 App Summary
                       Pss(KB)                        Rss(KB)
                        ------                         ------
           Java Heap:    51276                          70536
         Native Heap:   602124                         602892
                Code:    75560                         194672
               Stack:     4420                           4428
            Graphics:    75203                          75203
       Private Other:   117232
              System:    33661
             Unknown:                                  130608
 
           TOTAL PSS:   959476            TOTAL RSS:  1078339       TOTAL SWAP PSS:      245
 
 Objects
               Views:      320         ViewRootImpl:        1
         AppContexts:       16           Activities:        1
              Assets:       41        AssetManagers:        0
       Local Binders:       25        Proxy Binders:       70
       Parcel memory:       28         Parcel count:       96
    Death Recipients:        0             WebViews:        0
 
 Native Allocations
                         Count                       Total(kB)
                        ------                         ------
    Other (malloced):     2570                            244
 Other (nonmalloced):      111                             79
   Bitmap (malloced):        4                           5569
 
 SQL
         MEMORY_USED:     1603
  PAGECACHE_OVERFLOW:     1432          MALLOC_SIZE:     4080
 
 DATABASES
      pgsz     dbsz   Lookaside(b) cache hits cache misses cache size  Dbname
PER CONNECTION STATS
         4      180             92  1702  1964    25  /data/user/0/com.arcfire.online/databases/firestore.%5BDEFAULT%5D.arcfire-49d69.%28default%29
         4     1188             41  1817  1878     4  /data/user/0/com.arcfire.online/databases/RKStorage
POOL STATS
     cache hits  cache misses    cache size  Dbname
           1702          1965          3667  /data/user/0/com.arcfire.online/databases/firestore.%5BDEFAULT%5D.arcfire-49d69.%28default%29
           1817          1879          3696  /data/user/0/com.arcfire.online/databases/RKStorage

VmRSS:	 1048940 kB
VmSwap:	   17172 kB
Threads:	116

===== 2026-06-26 07:23:30 pid=31346 =====
Applications Memory Usage (in Kilobytes):
Uptime: 1542863955 Realtime: 1632980221

** MEMINFO in pid 31346 [com.arcfire.online] **
                   Pss  Private  Private  SwapPss      Rss     Heap     Heap     Heap
                 Total    Dirty    Clean    Dirty    Total     Size    Alloc     Free
                ------   ------   ------   ------   ------   ------   ------   ------
  Native Heap   613398   613328       48       50   614096   746328   683476    52422
  Dalvik Heap    52985    51284       64       25    57388    53019    28443    24576
 Dalvik Other    18594     9300        0        0    28184                           
        Stack     4373     4372        0        0     4380                           
       Ashmem       15        0        0        0      544                           
    Other dev       28       12        8        0      564                           
     .so mmap    14485      248     9196       23    45700                           
    .jar mmap     4006        0     1296        0    35372                           
    .apk mmap    33503     2612    25268        0    53000                           
    .ttf mmap     2565        0     2052        0     3324                           
    .dex mmap    34737    34200       76        0    36960                           
    .oat mmap       67        0       24        0     1340                           
    .art mmap    10153     8296      300      126    21756                           
   Other mmap    38129        4    32808        0    44372                           
   EGL mtrack    20311    20311        0        0    20311                           
    GL mtrack    54892    54892        0        0    54892                           
      Unknown    76182    75628      544       21    76688                           
        TOTAL   978668   874487    71684      245  1098871   799347   711919    76998
 
 App Summary
                       Pss(KB)                        Rss(KB)
                        ------                         ------
           Java Heap:    59880                          79144
         Native Heap:   613328                         614096
                Code:    75392                         194672
               Stack:     4372                           4380
            Graphics:    75203                          75203
       Private Other:   117996
              System:    32497
             Unknown:                                  131376
 
           TOTAL PSS:   978668            TOTAL RSS:  1098871       TOTAL SWAP PSS:      245
 
 Objects
               Views:      320         ViewRootImpl:        1
         AppContexts:       16           Activities:        1
              Assets:       41        AssetManagers:        0
       Local Binders:       25        Proxy Binders:       70
       Parcel memory:       27         Parcel count:       92
    Death Recipients:        0             WebViews:        0
 
 Native Allocations
                         Count                       Total(kB)
                        ------                         ------
    Other (malloced):     2795                            265
 Other (nonmalloced):      111                             79
   Bitmap (malloced):        4                           5569
 
 SQL
         MEMORY_USED:     1603
  PAGECACHE_OVERFLOW:     1432          MALLOC_SIZE:     4080
 
 DATABASES
      pgsz     dbsz   Lookaside(b) cache hits cache misses cache size  Dbname
PER CONNECTION STATS
         4      180             92  1702  2008    25  /data/user/0/com.arcfire.online/databases/firestore.%5BDEFAULT%5D.arcfire-49d69.%28default%29
         4     1188             41  1817  1890     4  /data/user/0/com.arcfire.online/databases/RKStorage
POOL STATS
     cache hits  cache misses    cache size  Dbname
           1702          2009          3711  /data/user/0/com.arcfire.online/databases/firestore.%5BDEFAULT%5D.arcfire-49d69.%28default%29
           1817          1891          3708  /data/user/0/com.arcfire.online/databases/RKStorage

VmRSS:	 1061320 kB
VmSwap:	   17172 kB
Threads:	113

===== 2026-06-26 07:33:48 pid=31346 =====
Applications Memory Usage (in Kilobytes):
Uptime: 1543481698 Realtime: 1633597964

** MEMINFO in pid 31346 [com.arcfire.online] **
                   Pss  Private  Private  SwapPss      Rss     Heap     Heap     Heap
                 Total    Dirty    Clean    Dirty    Total     Size    Alloc     Free
                ------   ------   ------   ------   ------   ------   ------   ------
  Native Heap   612677   612608       48       50   613376   748376   668431    69705
  Dalvik Heap    41303    39600       64       25    45704    52531    27955    24576
 Dalvik Other    18450     9156        0        0    28040                           
        Stack     4380     4380        0        0     4388                           
       Ashmem       15        0        0        0      544                           
    Other dev       27       12        8        0      564                           
     .so mmap    14566      248     9220       23    45700                           
    .jar mmap     4072        0     1324        0    35372                           
    .apk mmap    33697     2612    25284        0    53000                           
    .ttf mmap     2565        0     2052        0     3324                           
    .dex mmap    34740    34200       76        0    36960                           
    .oat mmap       67        0       24        0     1340                           
    .art mmap    10152     8296      300      126    21756                           
   Other mmap    38141       12    32808        0    44380                           
   EGL mtrack    20447    20447        0        0    20447                           
    GL mtrack    55068    55068        0        0    55068                           
      Unknown    76687    76156      520       21    77200                           
        TOTAL   967299   862795    71728      245  1087163   800907   696386    94281
 
 App Summary
                       Pss(KB)                        Rss(KB)
                        ------                         ------
           Java Heap:    48196                          67460
         Native Heap:   612608                         613376
                Code:    75460                         194672
               Stack:     4380                           4388
            Graphics:    75515                          75515
       Private Other:   118364
              System:    32776
             Unknown:                                  131752
 
           TOTAL PSS:   967299            TOTAL RSS:  1087163       TOTAL SWAP PSS:      245
 
 Objects
               Views:      324         ViewRootImpl:        1
         AppContexts:       16           Activities:        1
              Assets:       41        AssetManagers:        0
       Local Binders:       25        Proxy Binders:       70
       Parcel memory:       27         Parcel count:       92
    Death Recipients:        0             WebViews:        0
 
 Native Allocations
                         Count                       Total(kB)
                        ------                         ------
    Other (malloced):     3002                            285
 Other (nonmalloced):      111                             79
   Bitmap (malloced):        4                           5569
 
 SQL
         MEMORY_USED:     1603
  PAGECACHE_OVERFLOW:     1432          MALLOC_SIZE:     4080
 
 DATABASES
      pgsz     dbsz   Lookaside(b) cache hits cache misses cache size  Dbname
PER CONNECTION STATS
         4      180             92  1702  2058    25  /data/user/0/com.arcfire.online/databases/firestore.%5BDEFAULT%5D.arcfire-49d69.%28default%29
         4     1188             41  1817  1902     4  /data/user/0/com.arcfire.online/databases/RKStorage
POOL STATS
     cache hits  cache misses    cache size  Dbname
           1702          2059          3761  /data/user/0/com.arcfire.online/databases/firestore.%5BDEFAULT%5D.arcfire-49d69.%28default%29
           1817          1903          3720  /data/user/0/com.arcfire.online/databases/RKStorage

VmRSS:	 1061344 kB
VmSwap:	   17172 kB
Threads:	113

===== 2026-06-26 07:44:05 pid=31346 =====
Applications Memory Usage (in Kilobytes):
Uptime: 1544097738 Realtime: 1634214004

** MEMINFO in pid 31346 [com.arcfire.online] **
                   Pss  Private  Private  SwapPss      Rss     Heap     Heap     Heap
                 Total    Dirty    Clean    Dirty    Total     Size    Alloc     Free
                ------   ------   ------   ------   ------   ------   ------   ------
  Native Heap   611673   611604       48       50   612372   751184   678093    62325
  Dalvik Heap    55183    53480       64       25    59584    53799    29223    24576
 Dalvik Other    18478     9184        0        0    28068                           
        Stack     4392     4392        0        0     4400                           
       Ashmem       15        0        0        0      544                           
    Other dev       27       12        8        0      564                           
     .so mmap    14566      248     9220       23    45700                           
    .jar mmap     4066        0     1324        0    35372                           
    .apk mmap    33683     2612    25276        0    53000                           
    .ttf mmap     2565        0     2052        0     3324                           
    .dex mmap    34740    34200       76        0    36960                           
    .oat mmap       67        0       24        0     1340                           
    .art mmap    10151     8296      300      126    21756                           
   Other mmap    38145       16    32808        0    44384                           
   EGL mtrack    35131    35131        0        0    35131                           
    GL mtrack    59232    59232        0        0    59232                           
      Unknown    76695    76164      520       21    77208                           
        TOTAL   999054   894571    71720      245  1118939   804983   707316    86901
 
 App Summary
                       Pss(KB)                        Rss(KB)
                        ------                         ------
           Java Heap:    62076                          81340
         Native Heap:   611604                         612372
                Code:    75452                         194672
               Stack:     4392                           4400
            Graphics:    94363                          94363
       Private Other:   118404
              System:    32763
             Unknown:                                  131792
 
           TOTAL PSS:   999054            TOTAL RSS:  1118939       TOTAL SWAP PSS:      245
 
 Objects
               Views:      341         ViewRootImpl:        1
         AppContexts:       16           Activities:        1
              Assets:       41        AssetManagers:        0
       Local Binders:       25        Proxy Binders:       70
       Parcel memory:       27         Parcel count:       92
    Death Recipients:        0             WebViews:        0
 
 Native Allocations
                         Count                       Total(kB)
                        ------                         ------
    Other (malloced):     3075                            292
 Other (nonmalloced):      111                             79
   Bitmap (malloced):        5                           6036
 
 SQL
         MEMORY_USED:     1603
  PAGECACHE_OVERFLOW:     1432          MALLOC_SIZE:     4080
 
 DATABASES
      pgsz     dbsz   Lookaside(b) cache hits cache misses cache size  Dbname
PER CONNECTION STATS
         4      180             92  1702  2104    25  /data/user/0/com.arcfire.online/databases/firestore.%5BDEFAULT%5D.arcfire-49d69.%28default%29
         4     1188             41  1819  1916     4  /data/user/0/com.arcfire.online/databases/RKStorage
POOL STATS
     cache hits  cache misses    cache size  Dbname
           1702          2105          3807  /data/user/0/com.arcfire.online/databases/firestore.%5BDEFAULT%5D.arcfire-49d69.%28default%29
           1819          1917          3736  /data/user/0/com.arcfire.online/databases/RKStorage

VmRSS:	 1065940 kB
VmSwap:	   17172 kB
Threads:	113

===== 2026-06-26 07:54:21 pid=31346 =====
Applications Memory Usage (in Kilobytes):
Uptime: 1544714310 Realtime: 1634830576

** MEMINFO in pid 31346 [com.arcfire.online] **
                   Pss  Private  Private  SwapPss      Rss     Heap     Heap     Heap
                 Total    Dirty    Clean    Dirty    Total     Size    Alloc     Free
                ------   ------   ------   ------   ------   ------   ------   ------
  Native Heap   609345   609276       48      694   610044   751960   667147    74006
  Dalvik Heap    47131    45428       64       25    51532    54183    29607    24576
 Dalvik Other    18426     9132        0        4    28016                           
        Stack     4268     4268        0      112     4276                           
       Ashmem       15        0        0        0      544                           
    Other dev       27       12        8        0      564                           
     .so mmap    14566      248     9220       23    45700                           
    .jar mmap     4066        0     1324        0    35372                           
    .apk mmap    33683     2612    25276        0    53000                           
    .ttf mmap     2565        0     2052        0     3324                           
    .dex mmap    22820    22280       76    11920    25040                           
    .oat mmap       67        0       24        0     1340                           
    .art mmap    10151     8296      300      126    21756                           
   Other mmap    38133        4    32808        0    44372                           
   EGL mtrack    20311    20311        0        0    20311                           
    GL mtrack    54892    54892        0        0    54892                           
      Unknown    77179    76648      520      209    77692                           
        TOTAL   970758   853407    71720    13113  1077775   806143   696754    98582
 
 App Summary
                       Pss(KB)                        Rss(KB)
                        ------                         ------
           Java Heap:    54024                          73288
         Native Heap:   609276                         610044
                Code:    63532                         182752
               Stack:     4268                           4276
            Graphics:    75203                          75203
       Private Other:   118824
              System:    45631
             Unknown:                                  132212
 
           TOTAL PSS:   970758            TOTAL RSS:  1077775       TOTAL SWAP PSS:    13113
 
 Objects
               Views:      320         ViewRootImpl:        1
         AppContexts:       16           Activities:        1
              Assets:       41        AssetManagers:        0
       Local Binders:       25        Proxy Binders:       70
       Parcel memory:       27         Parcel count:       92
    Death Recipients:        0             WebViews:        0
 
 Native Allocations
                         Count                       Total(kB)
                        ------                         ------
    Other (malloced):     2665                            253
 Other (nonmalloced):      111                             79
   Bitmap (malloced):        4                           5569
 
 SQL
         MEMORY_USED:     1608
  PAGECACHE_OVERFLOW:     1436          MALLOC_SIZE:     4080
 
 DATABASES
      pgsz     dbsz   Lookaside(b) cache hits cache misses cache size  Dbname
PER CONNECTION STATS
         4      180             92  1702  2148    25  /data/user/0/com.arcfire.online/databases/firestore.%5BDEFAULT%5D.arcfire-49d69.%28default%29
         4     1192             41  1843  1946     4  /data/user/0/com.arcfire.online/databases/RKStorage
POOL STATS
     cache hits  cache misses    cache size  Dbname
           1702          2149          3851  /data/user/0/com.arcfire.online/databases/firestore.%5BDEFAULT%5D.arcfire-49d69.%28default%29
           1843          1947          3790  /data/user/0/com.arcfire.online/databases/RKStorage

VmRSS:	 1047760 kB
VmSwap:	   29972 kB
Threads:	113

===== 2026-06-26 08:04:38 pid=31346 =====
Applications Memory Usage (in Kilobytes):
Uptime: 1545331035 Realtime: 1635447301

** MEMINFO in pid 31346 [com.arcfire.online] **
                   Pss  Private  Private  SwapPss      Rss     Heap     Heap     Heap
                 Total    Dirty    Clean    Dirty    Total     Size    Alloc     Free
                ------   ------   ------   ------   ------   ------   ------   ------
  Native Heap   605847   605808       16    14742   606548   753228   676173    66279
  Dalvik Heap    44830    43124       64       25    49228    57971    33395    24576
 Dalvik Other    17964     8656        0      116    27568                           
        Stack     4140     4140        0      240     4148                           
       Ashmem       15        0        0        0      544                           
    Other dev       15        0        8        0      556                           
     .so mmap    12935      228     6580       43    45604                           
    .jar mmap     4043        0     1284        0    35364                           
    .apk mmap    33223     1872    25248      740    52236                           
    .ttf mmap     2425        0     1916        0     3180                           
    .dex mmap    21483    20892       84    13308    23652                           
    .oat mmap       67        0       24        0     1336                           
    .art mmap    10098     8256      288      166    21704                           
   Other mmap    38110        4    32788        0    44340                           
   EGL mtrack    20311    20311        0        0    20311                           
    GL mtrack    54892    54892        0        0    54892                           
      Unknown    76524    75992      508     1133    77052                           
        TOTAL   977435   844175    68808    30513  1068263   811199   709568    90855
 
 App Summary
                       Pss(KB)                        Rss(KB)
                        ------                         ------
           Java Heap:    51668                          70932
         Native Heap:   605808                         606548
                Code:    58168                         179996
               Stack:     4140                           4148
            Graphics:    75203                          75203
       Private Other:   117996
              System:    64452
             Unknown:                                  131436
 
           TOTAL PSS:   977435            TOTAL RSS:  1068263       TOTAL SWAP PSS:    30513
 
 Objects
               Views:      318         ViewRootImpl:        1
         AppContexts:       16           Activities:        1
              Assets:       41        AssetManagers:        0
       Local Binders:       25        Proxy Binders:       70
       Parcel memory:       27         Parcel count:       92
    Death Recipients:        0             WebViews:        0
 
 Native Allocations
                         Count                       Total(kB)
                        ------                         ------
    Other (malloced):     2830                            269
 Other (nonmalloced):      111                             79
   Bitmap (malloced):        4                           5569
 
 SQL
         MEMORY_USED:     1603
  PAGECACHE_OVERFLOW:     1432          MALLOC_SIZE:     4081
 
 DATABASES
      pgsz     dbsz   Lookaside(b) cache hits cache misses cache size  Dbname
PER CONNECTION STATS
         4      180             92  1790  2209    25  /data/user/0/com.arcfire.online/databases/firestore.%5BDEFAULT%5D.arcfire-49d69.%28default%29
         4     1188             41  1877  1979     4  /data/user/0/com.arcfire.online/databases/RKStorage
POOL STATS
     cache hits  cache misses    cache size  Dbname
           1790          2210          4000  /data/user/0/com.arcfire.online/databases/firestore.%5BDEFAULT%5D.arcfire-49d69.%28default%29
           1877          1980          3857  /data/user/0/com.arcfire.online/databases/RKStorage

VmRSS:	 1044240 kB
VmSwap:	   47380 kB
Threads:	113

===== 2026-06-26 08:14:55 pid=31346 =====
Applications Memory Usage (in Kilobytes):
Uptime: 1545948354 Realtime: 1636064620

** MEMINFO in pid 31346 [com.arcfire.online] **
                   Pss  Private  Private  SwapPss      Rss     Heap     Heap     Heap
                 Total    Dirty    Clean    Dirty    Total     Size    Alloc     Free
                ------   ------   ------   ------   ------   ------   ------   ------
  Native Heap   599519   599480       16    14742   600220   755276   661347    83718
  Dalvik Heap    43514    41808       64       25    47912    56331    31755    24576
 Dalvik Other    18168     8860        0      116    27772                           
        Stack     4124     4124        0      240     4132                           
       Ashmem       15        0        0        0      544                           
    Other dev       15        0        8        0      556                           
     .so mmap    12935      228     6580       43    45604                           
    .jar mmap     4043        0     1284        0    35364                           
    .apk mmap    33223     1872    25248      740    52236                           
    .ttf mmap     2425        0     1916        0     3180                           
    .dex mmap    21483    20892       84    13308    23652                           
    .oat mmap       67        0       24        0     1336                           
    .art mmap    10098     8256      288      166    21704                           
   Other mmap    38110        4    32788        0    44340                           
   EGL mtrack    20311    20311        0        0    20311                           
    GL mtrack    54896    54896        0        0    54896                           
      Unknown    76832    76324      484     1133    77360                           
        TOTAL   970291   837055    68784    30513  1061119   811607   693102   108294
 
 App Summary
                       Pss(KB)                        Rss(KB)
                        ------                         ------
           Java Heap:    50352                          69616
         Native Heap:   599480                         600220
                Code:    58168                         179996
               Stack:     4124                           4132
            Graphics:    75207                          75207
       Private Other:   118508
              System:    64452
             Unknown:                                  131948
 
           TOTAL PSS:   970291            TOTAL RSS:  1061119       TOTAL SWAP PSS:    30513
 
 Objects
               Views:      320         ViewRootImpl:        1
         AppContexts:       16           Activities:        1
              Assets:       41        AssetManagers:        0
       Local Binders:       25        Proxy Binders:       70
       Parcel memory:       27         Parcel count:       90
    Death Recipients:        0             WebViews:        0
 
 Native Allocations
                         Count                       Total(kB)
                        ------                         ------
    Other (malloced):     2772                            263
 Other (nonmalloced):      111                             79
   Bitmap (malloced):        4                           5569
 
 SQL
         MEMORY_USED:     1603
  PAGECACHE_OVERFLOW:     1432          MALLOC_SIZE:     4081
 
 DATABASES
      pgsz     dbsz   Lookaside(b) cache hits cache misses cache size  Dbname
PER CONNECTION STATS
         4      180             92  1790  2255    25  /data/user/0/com.arcfire.online/databases/firestore.%5BDEFAULT%5D.arcfire-49d69.%28default%29
         4     1188             41  1877  1991     4  /data/user/0/com.arcfire.online/databases/RKStorage
POOL STATS
     cache hits  cache misses    cache size  Dbname
           1790          2256          4046  /data/user/0/com.arcfire.online/databases/firestore.%5BDEFAULT%5D.arcfire-49d69.%28default%29
           1877          1992          3869  /data/user/0/com.arcfire.online/databases/RKStorage

VmRSS:	 1037052 kB
VmSwap:	   47380 kB
Threads:	113

===== 2026-06-26 08:25:12 pid=31346 =====
Applications Memory Usage (in Kilobytes):
Uptime: 1546565065 Realtime: 1636681331

** MEMINFO in pid 31346 [com.arcfire.online] **
                   Pss  Private  Private  SwapPss      Rss     Heap     Heap     Heap
                 Total    Dirty    Clean    Dirty    Total     Size    Alloc     Free
                ------   ------   ------   ------   ------   ------   ------   ------
  Native Heap   610647   610608       16    14742   611348   758116   673727    74256
  Dalvik Heap    38894    37188       64       25    43292    56651    32075    24576
 Dalvik Other    18086     8776        0      116    27692                           
        Stack     4256     4256        0      240     4264                           
       Ashmem       15        0        0        0      544                           
    Other dev       15        0        8        0      556                           
     .so mmap    12935      228     6580       43    45604                           
    .jar mmap     4043        0     1284        0    35364                           
    .apk mmap    33201     1872    25216      740    52236                           
    .ttf mmap     2425        0     1916        0     3180                           
    .dex mmap    21483    20892       84    13308    23652                           
    .oat mmap       67        0       24        0     1336                           
    .art mmap    10098     8256      288      166    21704                           
   Other mmap    38120       12    32788        0    44352                           
   EGL mtrack    20447    20447        0        0    20447                           
    GL mtrack    55168    55168        0        0    55168                           
      Unknown    77288    76764      500     1133    77816                           
        TOTAL   977701   844467    68768    30513  1068555   814767   705802    98832
 
 App Summary
                       Pss(KB)                        Rss(KB)
                        ------                         ------
           Java Heap:    45732                          64996
         Native Heap:   610608                         611348
                Code:    58136                         180000
               Stack:     4256                           4264
            Graphics:    75615                          75615
       Private Other:   118888
              System:    64466
             Unknown:                                  132332
 
           TOTAL PSS:   977701            TOTAL RSS:  1068555       TOTAL SWAP PSS:    30513
 
 Objects
               Views:      292         ViewRootImpl:        1
         AppContexts:       16           Activities:        1
              Assets:       41        AssetManagers:        0
       Local Binders:       25        Proxy Binders:       70
       Parcel memory:       28         Parcel count:       96
    Death Recipients:        0             WebViews:        0
 
 Native Allocations
                         Count                       Total(kB)
                        ------                         ------
    Other (malloced):     2165                            205
 Other (nonmalloced):      111                             79
   Bitmap (malloced):        4                           5569
 
 SQL
         MEMORY_USED:     1603
  PAGECACHE_OVERFLOW:     1432          MALLOC_SIZE:     4081
 
 DATABASES
      pgsz     dbsz   Lookaside(b) cache hits cache misses cache size  Dbname
PER CONNECTION STATS
         4      180             92  1790  2302    25  /data/user/0/com.arcfire.online/databases/firestore.%5BDEFAULT%5D.arcfire-49d69.%28default%29
         4     1188             41  1877  2006     4  /data/user/0/com.arcfire.online/databases/RKStorage
POOL STATS
     cache hits  cache misses    cache size  Dbname
           1790          2303          4093  /data/user/0/com.arcfire.online/databases/firestore.%5BDEFAULT%5D.arcfire-49d69.%28default%29
           1877          2007          3884  /data/user/0/com.arcfire.online/databases/RKStorage

VmRSS:	 1049060 kB
VmSwap:	   47380 kB
Threads:	117

===== 2026-06-26 08:35:28 pid=31346 =====
Applications Memory Usage (in Kilobytes):
Uptime: 1547181506 Realtime: 1637297773

** MEMINFO in pid 31346 [com.arcfire.online] **
                   Pss  Private  Private  SwapPss      Rss     Heap     Heap     Heap
                 Total    Dirty    Clean    Dirty    Total     Size    Alloc     Free
                ------   ------   ------   ------   ------   ------   ------   ------
  Native Heap   604259   604220       16    14742   604960   759896   689620    59682
  Dalvik Heap    58258    56552       64       25    62656    56828    32252    24576
 Dalvik Other    18100     8788        0      116    27708                           
        Stack     4132     4132        0      240     4140                           
       Ashmem       15        0        0        0      544                           
    Other dev       15        0        8        0      556                           
     .so mmap    12926      228     6580       43    45604                           
    .jar mmap     3988        0     1248        0    35364                           
    .apk mmap    33222     1872    25228      740    52280                           
    .ttf mmap     2391        0     1848        0     3180                           
    .dex mmap    21483    20892       84    13308    23652                           
    .oat mmap       67        0       24        0     1336                           
    .art mmap    10092     8256      288      166    21704                           
   Other mmap    38126       16    32788        0    44360                           
   EGL mtrack    35131    35131        0        0    35131                           
    GL mtrack    55116    55116        0        0    55116                           
      Unknown    77504    76964      516     1133    78032                           
        TOTAL  1005338   872167    68692    30513  1096323   816724   721872    84258
 
 App Summary
                       Pss(KB)                        Rss(KB)
                        ------                         ------
           Java Heap:    65096                          84360
         Native Heap:   604220                         604960
                Code:    58044                         180048
               Stack:     4132                           4140
            Graphics:    90247                          90247
       Private Other:   119120
              System:    64479
             Unknown:                                  132568
 
           TOTAL PSS:  1005338            TOTAL RSS:  1096323       TOTAL SWAP PSS:    30513
 
 Objects
               Views:      307         ViewRootImpl:        1
         AppContexts:       16           Activities:        1
              Assets:       41        AssetManagers:        0
       Local Binders:       25        Proxy Binders:       70
       Parcel memory:       27         Parcel count:       92
    Death Recipients:        0             WebViews:        0
 
 Native Allocations
                         Count                       Total(kB)
                        ------                         ------
    Other (malloced):     2243                            213
 Other (nonmalloced):      111                             79
   Bitmap (malloced):        4                           5569
 
 SQL
         MEMORY_USED:     1603
  PAGECACHE_OVERFLOW:     1432          MALLOC_SIZE:     4081
 
 DATABASES
      pgsz     dbsz   Lookaside(b) cache hits cache misses cache size  Dbname
PER CONNECTION STATS
         4      180             92  1790  2346    25  /data/user/0/com.arcfire.online/databases/firestore.%5BDEFAULT%5D.arcfire-49d69.%28default%29
         4     1188             41  1877  2018     4  /data/user/0/com.arcfire.online/databases/RKStorage
POOL STATS
     cache hits  cache misses    cache size  Dbname
           1790          2347          4137  /data/user/0/com.arcfire.online/databases/firestore.%5BDEFAULT%5D.arcfire-49d69.%28default%29
           1877          2019          3896  /data/user/0/com.arcfire.online/databases/RKStorage

VmRSS:	 1045384 kB
VmSwap:	   47380 kB
Threads:	113

===== 2026-06-26 08:45:44 pid=31346 =====
Applications Memory Usage (in Kilobytes):
Uptime: 1547797699 Realtime: 1637913965

** MEMINFO in pid 31346 [com.arcfire.online] **
                   Pss  Private  Private  SwapPss      Rss     Heap     Heap     Heap
                 Total    Dirty    Clean    Dirty    Total     Size    Alloc     Free
                ------   ------   ------   ------   ------   ------   ------   ------
  Native Heap   604367   604328       16    14742   605068   760396   688749    61303
  Dalvik Heap    59934    58228       64       25    64332    57687    33111    24576
 Dalvik Other    18112     8800        0      116    27720                           
        Stack     4144     4144        0      240     4152                           
       Ashmem       15        0        0        0      544                           
    Other dev       15        0        8        0      556                           
     .so mmap    12926      228     6580       43    45604                           
    .jar mmap     3988        0     1248        0    35364                           
    .apk mmap    33222     1872    25228      740    52280                           
    .ttf mmap     2391        0     1848        0     3180                           
    .dex mmap    21491    20892       92    13300    23660                           
    .oat mmap       67        0       24        0     1336                           
    .art mmap    10092     8256      288      166    21704                           
   Other mmap    38114        4    32788        0    44348                           
   EGL mtrack    20311    20311        0        0    20311                           
    GL mtrack    54896    54896        0        0    54896                           
      Unknown    77996    77456      516     1133    78524                           
        TOTAL   992586   859415    68700    30505  1083579   818083   721860    85879
 
 App Summary
                       Pss(KB)                        Rss(KB)
                        ------                         ------
           Java Heap:    66772                          86036
         Native Heap:   604328                         605068
                Code:    58052                         180056
               Stack:     4144                           4152
            Graphics:    75207                          75207
       Private Other:   119612
              System:    64471
             Unknown:                                  133060
 
           TOTAL PSS:   992586            TOTAL RSS:  1083579       TOTAL SWAP PSS:    30505
 
 Objects
               Views:      292         ViewRootImpl:        1
         AppContexts:       16           Activities:        1
              Assets:       41        AssetManagers:        0
       Local Binders:       25        Proxy Binders:       70
       Parcel memory:       27         Parcel count:       90
    Death Recipients:        0             WebViews:        0
 
 Native Allocations
                         Count                       Total(kB)
                        ------                         ------
    Other (malloced):     2163                            205
 Other (nonmalloced):      111                             79
   Bitmap (malloced):        4                           5569
 
 SQL
         MEMORY_USED:     1608
  PAGECACHE_OVERFLOW:     1436          MALLOC_SIZE:     4081
 
 DATABASES
      pgsz     dbsz   Lookaside(b) cache hits cache misses cache size  Dbname
PER CONNECTION STATS
         4      180             92  1834  2400    25  /data/user/0/com.arcfire.online/databases/firestore.%5BDEFAULT%5D.arcfire-49d69.%28default%29
         4     1192             41  1883  2036     4  /data/user/0/com.arcfire.online/databases/RKStorage
POOL STATS
     cache hits  cache misses    cache size  Dbname
           1834          2401          4235  /data/user/0/com.arcfire.online/databases/firestore.%5BDEFAULT%5D.arcfire-49d69.%28default%29
           1883          2037          3920  /data/user/0/com.arcfire.online/databases/RKStorage

VmRSS:	 1044056 kB
VmSwap:	   47380 kB
Threads:	113

===== 2026-06-26 08:56:01 pid=31346 =====
Applications Memory Usage (in Kilobytes):
Uptime: 1548414625 Realtime: 1638530891

** MEMINFO in pid 31346 [com.arcfire.online] **
                   Pss  Private  Private  SwapPss      Rss     Heap     Heap     Heap
                 Total    Dirty    Clean    Dirty    Total     Size    Alloc     Free
                ------   ------   ------   ------   ------   ------   ------   ------
  Native Heap   447465   447432       12   177370   448168   762712   691445    61124
  Dalvik Heap    54084    52380       64      309    58484    57331    32755    24576
 Dalvik Other    18054     8744        0      184    27660                           
        Stack     4116     4116        0      256     4124                           
       Ashmem       15        0        0        0      544                           
    Other dev       13        0        8        0      556                           
     .so mmap     3321      212      488       67    32560                           
    .jar mmap     2357        0      428        0    30484                           
    .apk mmap    23601     1648    16824      964    42572                           
    .ttf mmap      450        0      212        0      900                           
    .dex mmap    15058    14680       28    19508    17024                           
    .oat mmap       39        0        0        0     1252                           
    .art mmap     9903     8132      240      291    21548                           
   Other mmap     5640        4      364        0    11788                           
   EGL mtrack    20311    20311        0        0    20311                           
    GL mtrack    54892    54892        0        0    54892                           
      Unknown    72554    72252      280     6890    73088                           
        TOTAL   937712   684803    18948   205839   845955   820043   724200    85700
 
 App Summary
                       Pss(KB)                        Rss(KB)
                        ------                         ------
           Java Heap:    60752                          80032
         Native Heap:   447432                         448168
                Code:    34560                         143420
               Stack:     4116                           4124
            Graphics:    75203                          75203
       Private Other:    81688
              System:   233961
             Unknown:                                   95008
 
           TOTAL PSS:   937712            TOTAL RSS:   845955       TOTAL SWAP PSS:   205839
 
 Objects
               Views:      292         ViewRootImpl:        1
         AppContexts:       16           Activities:        1
              Assets:       41        AssetManagers:        0
       Local Binders:       25        Proxy Binders:       70
       Parcel memory:       27         Parcel count:       92
    Death Recipients:        0             WebViews:        0
 
 Native Allocations
                         Count                       Total(kB)
                        ------                         ------
    Other (malloced):     2173                            206
 Other (nonmalloced):      111                             79
   Bitmap (malloced):        4                           5569
 
 SQL
         MEMORY_USED:     1608
  PAGECACHE_OVERFLOW:     1436          MALLOC_SIZE:     4081
 
 DATABASES
      pgsz     dbsz   Lookaside(b) cache hits cache misses cache size  Dbname
PER CONNECTION STATS
         4      180             92  1834  2446    25  /data/user/0/com.arcfire.online/databases/firestore.%5BDEFAULT%5D.arcfire-49d69.%28default%29
         4     1192             41  1883  2048     4  /data/user/0/com.arcfire.online/databases/RKStorage
POOL STATS
     cache hits  cache misses    cache size  Dbname
           1834          2447          4281  /data/user/0/com.arcfire.online/databases/firestore.%5BDEFAULT%5D.arcfire-49d69.%28default%29
           1883          2049          3932  /data/user/0/com.arcfire.online/databases/RKStorage

VmRSS:	  811976 kB
VmSwap:	  222740 kB
Threads:	113

===== 2026-06-26 09:06:18 pid=31346 =====
Applications Memory Usage (in Kilobytes):
Uptime: 1549030903 Realtime: 1639147169

** MEMINFO in pid 31346 [com.arcfire.online] **
                   Pss  Private  Private  SwapPss      Rss     Heap     Heap     Heap
                 Total    Dirty    Clean    Dirty    Total     Size    Alloc     Free
                ------   ------   ------   ------   ------   ------   ------   ------
  Native Heap   451474   451440       12   177370   452176   764504   676906    77253
  Dalvik Heap    38889    37184       64      310    43288    56763    32187    24576
 Dalvik Other    18114     8804        0      184    27720                           
        Stack     4116     4116        0      256     4124                           
       Ashmem       16        0        0        0      544                           
    Other dev       13        0        8        0      556                           
     .so mmap     3223      212      396       67    32368                           
    .jar mmap     2283        0      372        0    29916                           
    .apk mmap    23200     1648    16476      964    42040                           
    .ttf mmap      282        0      108        0      652                           
    .dex mmap    15035    14680       12    19508    16972                           
    .oat mmap       39        0        0        0     1208                           
    .art mmap     9913     8132      240      292    21548                           
   Other mmap     5471        4      392        0    11400                           
   EGL mtrack    20311    20311        0        0    20311                           
    GL mtrack    54892    54892        0        0    54892                           
      Unknown    72970    72660      288     6890    73504                           
        TOTAL   926082   674083    18368   205841   833219   821267   709093   101829
 
 App Summary
                       Pss(KB)                        Rss(KB)
                        ------                         ------
           Java Heap:    45556                          64836
         Native Heap:   451440                         452176
                Code:    33944                         141784
               Stack:     4116                           4124
            Graphics:    75203                          75203
       Private Other:    82192
              System:   233631
             Unknown:                                   95096
 
           TOTAL PSS:   926082            TOTAL RSS:   833219       TOTAL SWAP PSS:   205841
 
 Objects
               Views:      296         ViewRootImpl:        1
         AppContexts:       16           Activities:        1
              Assets:       41        AssetManagers:        0
       Local Binders:       25        Proxy Binders:       70
       Parcel memory:       27         Parcel count:       92
    Death Recipients:        0             WebViews:        0
 
 Native Allocations
                         Count                       Total(kB)
                        ------                         ------
    Other (malloced):     2181                            207
 Other (nonmalloced):      111                             79
   Bitmap (malloced):        4                           5569
 
 SQL
         MEMORY_USED:     1608
  PAGECACHE_OVERFLOW:     1436          MALLOC_SIZE:     4081
 
 DATABASES
      pgsz     dbsz   Lookaside(b) cache hits cache misses cache size  Dbname
PER CONNECTION STATS
         4      180             92  1834  2487    25  /data/user/0/com.arcfire.online/databases/firestore.%5BDEFAULT%5D.arcfire-49d69.%28default%29
         4     1192             41  1883  2057     4  /data/user/0/com.arcfire.online/databases/RKStorage
POOL STATS
     cache hits  cache misses    cache size  Dbname
           1834          2488          4322  /data/user/0/com.arcfire.online/databases/firestore.%5BDEFAULT%5D.arcfire-49d69.%28default%29
           1883          2058          3941  /data/user/0/com.arcfire.online/databases/RKStorage

VmRSS:	  813476 kB
VmSwap:	  222740 kB
Threads:	113

===== 2026-06-26 09:16:34 pid=31346 =====
Applications Memory Usage (in Kilobytes):
Uptime: 1549646828 Realtime: 1639763094

** MEMINFO in pid 31346 [com.arcfire.online] **
                   Pss  Private  Private  SwapPss      Rss     Heap     Heap     Heap
                 Total    Dirty    Clean    Dirty    Total     Size    Alloc     Free
                ------   ------   ------   ------   ------   ------   ------   ------
  Native Heap   450338   450304       12   177314   451040   766296   673366    82778
  Dalvik Heap    41641    39936       64      310    46040    56915    32339    24576
 Dalvik Other    18092     8780        0      184    27700                           
        Stack     4116     4116        0      256     4124                           
       Ashmem       16        0        0        0      544                           
    Other dev       13        0        8        0      556                           
     .so mmap     3239      212      412       67    32384                           
    .jar mmap     2302        0      388        0    29944                           
    .apk mmap    23272     1648    16548      964    42112                           
    .ttf mmap      486        0      312        0      856                           
    .dex mmap    15039    14680       16    19504    16976                           
    .oat mmap       39        0        0        0     1208                           
    .art mmap     9913     8132      240      292    21548                           
   Other mmap     5489       20      392        0    11420                           
   EGL mtrack    41631    41631        0        0    41631                           
    GL mtrack    55536    55536        0        0    55536                           
      Unknown    73662    73348      292     6890    74196                           
        TOTAL   950605   698343    18684   205781   857815   823211   705705   107354
 
 App Summary
                       Pss(KB)                        Rss(KB)
                        ------                         ------
           Java Heap:    48308                          67588
         Native Heap:   450304                         451040
                Code:    34256                         142112
               Stack:     4116                           4124
            Graphics:    97167                          97167
       Private Other:    82876
              System:   233578
             Unknown:                                   95784
 
           TOTAL PSS:   950605            TOTAL RSS:   857815       TOTAL SWAP PSS:   205781
 
 Objects
               Views:      310         ViewRootImpl:        1
         AppContexts:       16           Activities:        1
              Assets:       41        AssetManagers:        0
       Local Binders:       25        Proxy Binders:       70
       Parcel memory:       27         Parcel count:       92
    Death Recipients:        0             WebViews:        0
 
 Native Allocations
                         Count                       Total(kB)
                        ------                         ------
    Other (malloced):     2237                            212
 Other (nonmalloced):      111                             79
   Bitmap (malloced):        4                           5569
 
 SQL
         MEMORY_USED:     1608
  PAGECACHE_OVERFLOW:     1436          MALLOC_SIZE:     4081
 
 DATABASES
      pgsz     dbsz   Lookaside(b) cache hits cache misses cache size  Dbname
PER CONNECTION STATS
         4      180             92  1834  2528    25  /data/user/0/com.arcfire.online/databases/firestore.%5BDEFAULT%5D.arcfire-49d69.%28default%29
         4     1192             41  1883  2066     4  /data/user/0/com.arcfire.online/databases/RKStorage
POOL STATS
     cache hits  cache misses    cache size  Dbname
           1834          2529          4363  /data/user/0/com.arcfire.online/databases/firestore.%5BDEFAULT%5D.arcfire-49d69.%28default%29
           1883          2067          3950  /data/user/0/com.arcfire.online/databases/RKStorage

VmRSS:	  812616 kB
VmSwap:	  222612 kB
Threads:	117

===== 2026-06-26 09:26:50 pid=31346 =====
Applications Memory Usage (in Kilobytes):
Uptime: 1550263515 Realtime: 1640379781

** MEMINFO in pid 31346 [com.arcfire.online] **
                   Pss  Private  Private  SwapPss      Rss     Heap     Heap     Heap
                 Total    Dirty    Clean    Dirty    Total     Size    Alloc     Free
                ------   ------   ------   ------   ------   ------   ------   ------
  Native Heap   447734   447700       12   177310   448436   767052   689899    67325
  Dalvik Heap    63317    61612       64      310    67716    61088    36512    24576
 Dalvik Other    19176     9860        0      184    28788                           
        Stack     4148     4148        0      256     4156                           
       Ashmem       16        0        0        0      544                           
    Other dev       13        0        8        0      556                           
     .so mmap     3239      212      412       67    32384                           
    .jar mmap     2352        0      416        0    30040                           
    .apk mmap    23468     1648    16736      964    42320                           
    .ttf mmap      486        0      312        0      856                           
    .dex mmap    15519    14680      496    19024    17456                           
    .oat mmap       39        0        0        0     1208                           
    .art mmap     9913     8132      240      292    21548                           
   Other mmap     5493        4      408        0    11428                           
   EGL mtrack    20311    20311        0        0    20311                           
    GL mtrack    54892    54892        0        0    54892                           
      Unknown    73806    73448      336     6890    74340                           
        TOTAL   949219   696647    19440   205297   856979   828140   726411    91901
 
 App Summary
                       Pss(KB)                        Rss(KB)
                        ------                         ------
           Java Heap:    69984                          89264
         Native Heap:   447700                         448436
                Code:    34952                         142904
               Stack:     4148                           4156
            Graphics:    75203                          75203
       Private Other:    84100
              System:   233132
             Unknown:                                   97016
 
           TOTAL PSS:   949219            TOTAL RSS:   856979       TOTAL SWAP PSS:   205297
 
 Objects
               Views:      295         ViewRootImpl:        1
         AppContexts:       16           Activities:        1
              Assets:       41        AssetManagers:        0
       Local Binders:       25        Proxy Binders:       70
       Parcel memory:       27         Parcel count:       92
    Death Recipients:        0             WebViews:        0
 
 Native Allocations
                         Count                       Total(kB)
                        ------                         ------
    Other (malloced):     2196                            208
 Other (nonmalloced):      111                             79
   Bitmap (malloced):        4                           5569
 
 SQL
         MEMORY_USED:     1603
  PAGECACHE_OVERFLOW:     1432          MALLOC_SIZE:     4081
 
 DATABASES
      pgsz     dbsz   Lookaside(b) cache hits cache misses cache size  Dbname
PER CONNECTION STATS
         4      180             92  1878  2579    25  /data/user/0/com.arcfire.online/databases/firestore.%5BDEFAULT%5D.arcfire-49d69.%28default%29
         4     1188             41  1903  2089     4  /data/user/0/com.arcfire.online/databases/RKStorage
POOL STATS
     cache hits  cache misses    cache size  Dbname
           1878          2580          4458  /data/user/0/com.arcfire.online/databases/firestore.%5BDEFAULT%5D.arcfire-49d69.%28default%29
           1903          2090          3993  /data/user/0/com.arcfire.online/databases/RKStorage

VmRSS:	  816148 kB
VmSwap:	  222484 kB
Threads:	114

===== 2026-06-26 09:37:06 pid=31346 =====
Applications Memory Usage (in Kilobytes):
Uptime: 1550879516 Realtime: 1640995782

** MEMINFO in pid 31346 [com.arcfire.online] **
                   Pss  Private  Private  SwapPss      Rss     Heap     Heap     Heap
                 Total    Dirty    Clean    Dirty    Total     Size    Alloc     Free
                ------   ------   ------   ------   ------   ------   ------   ------
  Native Heap   459475   459440       12   177298   460176   769368   685838    73674
  Dalvik Heap    58582    56872       64      310    62976    59256    34680    24576
 Dalvik Other    18144     8828        0      184    27756                           
        Stack     4264     4264        0      256     4272                           
       Ashmem       16        0        0        0      544                           
    Other dev       15        0        8        0      556                           
     .so mmap     3581      212      492       67    32080                           
    .jar mmap     2225        0      404        0    28876                           
    .apk mmap    23583     1648    16756      964    40896                           
    .ttf mmap      460        0      288        0      792                           
    .dex mmap    15437    14680      552    19000    16864                           
    .oat mmap       39        0        4        0     1188                           
    .art mmap     9952     8132      272      291    21548                           
   Other mmap     5431        4      360        0    11336                           
   EGL mtrack    20311    20311        0        0    20311                           
    GL mtrack    54892    54892        0        0    54892                           
      Unknown    73904    73588      292     6890    74432                           
        TOTAL   955571   702871    19504   205260   859495   828624   720518    98250
 
 App Summary
                       Pss(KB)                        Rss(KB)
                        ------                         ------
           Java Heap:    65276                          84524
         Native Heap:   459440                         460176
                Code:    35076                         139336
               Stack:     4264                           4272
            Graphics:    75203                          75203
       Private Other:    83116
              System:   233196
             Unknown:                                   95984
 
           TOTAL PSS:   955571            TOTAL RSS:   859495       TOTAL SWAP PSS:   205260
 
 Objects
               Views:      296         ViewRootImpl:        1
         AppContexts:       16           Activities:        1
              Assets:       41        AssetManagers:        0
       Local Binders:       25        Proxy Binders:       70
       Parcel memory:       28         Parcel count:       96
    Death Recipients:        0             WebViews:        0
 
 Native Allocations
                         Count                       Total(kB)
                        ------                         ------
    Other (malloced):     2170                            206
 Other (nonmalloced):      111                             79
   Bitmap (malloced):        4                           5569
 
 SQL
         MEMORY_USED:     1608
  PAGECACHE_OVERFLOW:     1436          MALLOC_SIZE:     4081
 
 DATABASES
      pgsz     dbsz   Lookaside(b) cache hits cache misses cache size  Dbname
PER CONNECTION STATS
         4      180             92  1878  2622    25  /data/user/0/com.arcfire.online/databases/firestore.%5BDEFAULT%5D.arcfire-49d69.%28default%29
         4     1192             41  1911  2104     4  /data/user/0/com.arcfire.online/databases/RKStorage
POOL STATS
     cache hits  cache misses    cache size  Dbname
           1878          2623          4501  /data/user/0/com.arcfire.online/databases/firestore.%5BDEFAULT%5D.arcfire-49d69.%28default%29
           1911          2105          4016  /data/user/0/com.arcfire.online/databases/RKStorage

VmRSS:	  812416 kB
VmSwap:	  222484 kB
Threads:	117

===== 2026-06-26 09:47:23 pid=18753 =====
Applications Memory Usage (in Kilobytes):
Uptime: 1551495841 Realtime: 1641612108

** MEMINFO in pid 18753 [com.arcfire.online] **
                   Pss  Private  Private  SwapPss      Rss     Heap     Heap     Heap
                 Total    Dirty    Clean    Dirty    Total     Size    Alloc     Free
                ------   ------   ------   ------   ------   ------   ------   ------
  Native Heap   203221   203152       44       50   203916   442328   193397   244377
  Dalvik Heap    40905    39200       64       25    45312    22422    11211    11211
 Dalvik Other    17744     9136        0        0    26648                           
        Stack     3840     3840        0        0     3848                           
       Ashmem       15        0        0        0      544                           
    Other dev       35        8       20        0      576                           
     .so mmap    22612      248    11192       23    60712                           
    .jar mmap    10453        0     5528        0    46080                           
    .apk mmap    67664     2612    56148        0    91716                           
    .ttf mmap     4259        0     3364        0     5460                           
    .dex mmap    36320    34200     1708        0    38004                           
    .oat mmap      136        0       72        0     1412                           
    .art mmap    10185     8356      288       57    21804                           
   Other mmap    22189        4    17016        0    28404                           
   EGL mtrack    20311    20311        0        0    20311                           
    GL mtrack    16852    16852        0        0    16852                           
      Unknown    34957    34480      404        5    35536                           
        TOTAL   511858   372399    95848      160   647135   464750   204608   255588
 
 App Summary
                       Pss(KB)                        Rss(KB)
                        ------                         ------
           Java Heap:    47844                          67116
         Native Heap:   203152                         203916
                Code:   115544                         261040
               Stack:     3840                           3848
            Graphics:    37163                          37163
       Private Other:    60704
              System:    43611
             Unknown:                                   74052
 
           TOTAL PSS:   511858            TOTAL RSS:   647135       TOTAL SWAP PSS:      160
 
 Objects
               Views:       17         ViewRootImpl:        2
         AppContexts:       16           Activities:        1
              Assets:       41        AssetManagers:        0
       Local Binders:       32        Proxy Binders:       73
       Parcel memory:       24         Parcel count:       78
    Death Recipients:        1             WebViews:        0
 
 Native Allocations
                         Count                       Total(kB)
                        ------                         ------
    Other (malloced):      442                             40
 Other (nonmalloced):      123                             85
   Bitmap (malloced):        3                           6740
 
 SQL
         MEMORY_USED:     1616
  PAGECACHE_OVERFLOW:     1445          MALLOC_SIZE:     4082
 
 DATABASES
      pgsz     dbsz   Lookaside(b) cache hits cache misses cache size  Dbname
PER CONNECTION STATS
         4     1200             41   273   187     4  /data/user/0/com.arcfire.online/databases/RKStorage
         4      180             92   230   141    25  /data/user/0/com.arcfire.online/databases/firestore.%5BDEFAULT%5D.arcfire-49d69.%28default%29
POOL STATS
     cache hits  cache misses    cache size  Dbname
            273           188           461  /data/user/0/com.arcfire.online/databases/RKStorage
            230           142           372  /data/user/0/com.arcfire.online/databases/firestore.%5BDEFAULT%5D.arcfire-49d69.%28default%29

VmRSS:	  603716 kB
VmSwap:	   17564 kB
Threads:	102

===== 2026-06-26 09:57:44 pid=18753 =====
Applications Memory Usage (in Kilobytes):
Uptime: 1552116836 Realtime: 1642233102

** MEMINFO in pid 18753 [com.arcfire.online] **
                   Pss  Private  Private  SwapPss      Rss     Heap     Heap     Heap
                 Total    Dirty    Clean    Dirty    Total     Size    Alloc     Free
                ------   ------   ------   ------   ------   ------   ------   ------
  Native Heap   365954   365884       44       50   366648   495608   434805    56025
  Dalvik Heap    55579    53868       68       25    59980    33152    16576    16576
 Dalvik Other    17584     8868        0        0    26596                           
        Stack     4061     4060        0        0     4068                           
       Ashmem       15        0        0        0      544                           
    Other dev       38       12       20        0      576                           
     .so mmap    23271      248    12088       23    60544                           
    .jar mmap     9291        0     4496        0    45644                           
    .apk mmap    68262     2612    56164        0    91220                           
    .ttf mmap     4257      192     3172        0     5456                           
    .dex mmap    36360    34200     1712        0    38000                           
    .oat mmap      120        0       64        0     1408                           
    .art mmap    10200     8356      288       57    21804                           
   Other mmap    22168        4    16900        0    28532                           
   EGL mtrack    20311    20311        0        0    20311                           
    GL mtrack    55356    55356        0        0    55356                           
      Unknown    48516    47984      468        5    49080                           
        TOTAL   741503   601955    95484      160   875767   528760   451381    72601
 
 App Summary
                       Pss(KB)                        Rss(KB)
                        ------                         ------
           Java Heap:    62512                          81784
         Native Heap:   365884                         366648
                Code:   115428                         260152
               Stack:     4060                           4068
            Graphics:    75667                          75667
       Private Other:    73888
              System:    44064
             Unknown:                                   87448
 
           TOTAL PSS:   741503            TOTAL RSS:   875767       TOTAL SWAP PSS:      160
 
 Objects
               Views:      289         ViewRootImpl:        1
         AppContexts:       16           Activities:        1
              Assets:       41        AssetManagers:        0
       Local Binders:       33        Proxy Binders:       71
       Parcel memory:       25         Parcel count:       82
    Death Recipients:        0             WebViews:        0
 
 Native Allocations
                         Count                       Total(kB)
                        ------                         ------
    Other (malloced):     4778                            455
 Other (nonmalloced):      119                             83
   Bitmap (malloced):        5                           6975
 
 SQL
         MEMORY_USED:     1612
  PAGECACHE_OVERFLOW:     1440          MALLOC_SIZE:     4082
 
 DATABASES
      pgsz     dbsz   Lookaside(b) cache hits cache misses cache size  Dbname
PER CONNECTION STATS
         4     1196             41   763   484     4  /data/user/0/com.arcfire.online/databases/RKStorage
         4      180             92   586   284    25  /data/user/0/com.arcfire.online/databases/firestore.%5BDEFAULT%5D.arcfire-49d69.%28default%29
POOL STATS
     cache hits  cache misses    cache size  Dbname
            763           485          1248  /data/user/0/com.arcfire.online/databases/RKStorage
            586           285           871  /data/user/0/com.arcfire.online/databases/firestore.%5BDEFAULT%5D.arcfire-49d69.%28default%29

VmRSS:	  821584 kB
VmSwap:	   17564 kB
Threads:	107

===== 2026-06-26 10:08:02 pid=18753 =====
Applications Memory Usage (in Kilobytes):
Uptime: 1552735170 Realtime: 1642851436

** MEMINFO in pid 18753 [com.arcfire.online] **
                   Pss  Private  Private  SwapPss      Rss     Heap     Heap     Heap
                 Total    Dirty    Clean    Dirty    Total     Size    Alloc     Free
                ------   ------   ------   ------   ------   ------   ------   ------
  Native Heap   361483   361412       44       50   362176   488288   420719    62914
  Dalvik Heap    34386    32672       68       25    38784    32038    16019    16019
 Dalvik Other    18336     9588        0        0    27380                           
        Stack     4053     4052        0        0     4060                           
       Ashmem       15        0        0        0      544                           
    Other dev       38       12       20        0      576                           
     .so mmap    23552      248    12556       23    60544                           
    .jar mmap     9437        0     4668        0    45644                           
    .apk mmap    68054     2612    56124        0    91220                           
    .ttf mmap     4341        0     3492        0     5456                           
    .dex mmap    36360    34200     1712        0    38000                           
    .oat mmap      119        0       64        0     1408                           
    .art mmap    10214     8356      292       57    21804                           
   Other mmap    22574        4    17680        0    28564                           
   EGL mtrack    20311    20311        0        0    20311                           
    GL mtrack    40016    40016        0        0    40016                           
      Unknown    66456    65964      428        5    67020                           
        TOTAL   719905   579447    97148      160   853507   520326   436738    78933
 
 App Summary
                       Pss(KB)                        Rss(KB)
                        ------                         ------
           Java Heap:    41320                          60588
         Native Heap:   361412                         362176
                Code:   116160                         260220
               Stack:     4052                           4060
            Graphics:    60327                          60327
       Private Other:    93324
              System:    43310
             Unknown:                                  106136
 
           TOTAL PSS:   719905            TOTAL RSS:   853507       TOTAL SWAP PSS:      160
 
 Objects
               Views:      295         ViewRootImpl:        1
         AppContexts:       16           Activities:        1
              Assets:       41        AssetManagers:        0
       Local Binders:       26        Proxy Binders:       69
       Parcel memory:       25         Parcel count:       82
    Death Recipients:        0             WebViews:        0
 
 Native Allocations
                         Count                       Total(kB)
                        ------                         ------
    Other (malloced):     2208                            209
 Other (nonmalloced):      110                             78
   Bitmap (malloced):        4                           5569
 
 SQL
         MEMORY_USED:     1612
  PAGECACHE_OVERFLOW:     1440          MALLOC_SIZE:     4083
 
 DATABASES
      pgsz     dbsz   Lookaside(b) cache hits cache misses cache size  Dbname
PER CONNECTION STATS
         4     1196             41   863   563     4  /data/user/0/com.arcfire.online/databases/RKStorage
         4      180             92   674   345    25  /data/user/0/com.arcfire.online/databases/firestore.%5BDEFAULT%5D.arcfire-49d69.%28default%29
POOL STATS
     cache hits  cache misses    cache size  Dbname
            863           564          1427  /data/user/0/com.arcfire.online/databases/RKStorage
            674           346          1020  /data/user/0/com.arcfire.online/databases/firestore.%5BDEFAULT%5D.arcfire-49d69.%28default%29

VmRSS:	  819792 kB
VmSwap:	   17564 kB
Threads:	106

===== 2026-06-26 10:18:22 pid=18753 =====
Applications Memory Usage (in Kilobytes):
Uptime: 1553355176 Realtime: 1643471442

** MEMINFO in pid 18753 [com.arcfire.online] **
                   Pss  Private  Private  SwapPss      Rss     Heap     Heap     Heap
                 Total    Dirty    Clean    Dirty    Total     Size    Alloc     Free
                ------   ------   ------   ------   ------   ------   ------   ------
  Native Heap   357199   357136       36       50   357900   487328   419894    62730
  Dalvik Heap    37081    35372       64       25    41484    38245    19123    19122
 Dalvik Other    17822     9040        0        0    26900                           
        Stack     4057     4056        0        0     4064                           
       Ashmem       15        0        0        0      544                           
    Other dev       35        8       20        0      576                           
     .so mmap    17468      248     5884       23    56272                           
    .jar mmap     8751        0     4204        0    44816                           
    .apk mmap    64338     2612    52376        0    89792                           
    .ttf mmap     4192        0     3380        0     5264                           
    .dex mmap    35663    34200      632        0    37892                           
    .oat mmap       98        0       44        0     1400                           
    .art mmap    10205     8356      296       57    21804                           
   Other mmap    22523        4    17596        0    28516                           
   EGL mtrack    20311    20311        0        0    20311                           
    GL mtrack    42068    42068        0        0    42068                           
      Unknown    68542    68148      324        5    69116                           
        TOTAL   710528   581559    84856      160   848719   525573   439017    81852
 
 App Summary
                       Pss(KB)                        Rss(KB)
                        ------                         ------
           Java Heap:    44024                          63288
         Native Heap:   357136                         357900
                Code:   104064                         253452
               Stack:     4056                           4064
            Graphics:    62379                          62379
       Private Other:    94756
              System:    44113
             Unknown:                                  107636
 
           TOTAL PSS:   710528            TOTAL RSS:   848719       TOTAL SWAP PSS:      160
 
 Objects
               Views:      299         ViewRootImpl:        1
         AppContexts:       16           Activities:        1
              Assets:       41        AssetManagers:        0
       Local Binders:       26        Proxy Binders:       69
       Parcel memory:       25         Parcel count:       84
    Death Recipients:        0             WebViews:        0
 
 Native Allocations
                         Count                       Total(kB)
                        ------                         ------
    Other (malloced):     2191                            208
 Other (nonmalloced):      110                             78
   Bitmap (malloced):        4                           5569
 
 SQL
         MEMORY_USED:     1612
  PAGECACHE_OVERFLOW:     1440          MALLOC_SIZE:     4084
 
 DATABASES
      pgsz     dbsz   Lookaside(b) cache hits cache misses cache size  Dbname
PER CONNECTION STATS
         4     1196             41   909   604     4  /data/user/0/com.arcfire.online/databases/RKStorage
         4      180             92   762   406    25  /data/user/0/com.arcfire.online/databases/firestore.%5BDEFAULT%5D.arcfire-49d69.%28default%29
POOL STATS
     cache hits  cache misses    cache size  Dbname
            909           605          1514  /data/user/0/com.arcfire.online/databases/RKStorage
            762           407          1169  /data/user/0/com.arcfire.online/databases/firestore.%5BDEFAULT%5D.arcfire-49d69.%28default%29

VmRSS:	  816420 kB
VmSwap:	   17564 kB
Threads:	106

===== 2026-06-26 10:28:38 pid=18753 =====
Applications Memory Usage (in Kilobytes):
Uptime: 1553973865 Realtime: 1644090131

** MEMINFO in pid 18753 [com.arcfire.online] **
                   Pss  Private  Private  SwapPss      Rss     Heap     Heap     Heap
                 Total    Dirty    Clean    Dirty    Total     Size    Alloc     Free
                ------   ------   ------   ------   ------   ------   ------   ------
  Native Heap   361630   361568       36       50   362332   488864   410248    73549
  Dalvik Heap    20693    18984       64       25    25096    32469    16235    16234
 Dalvik Other    17832     9040        0        0    26920                           
        Stack     4257     4256        0        0     4264                           
       Ashmem       15        0        0        0      544                           
    Other dev       35        8       20        0      576                           
     .so mmap    17443      248     5864       23    56236                           
    .jar mmap     8652        0     4168        0    44672                           
    .apk mmap    62749     2612    51428        0    89776                           
    .ttf mmap     4192        0     3380        0     5264                           
    .dex mmap    35137    34200        4        0    37892                           
    .oat mmap       98        0       44        0     1400                           
    .art mmap    10205     8356      296       57    21804                           
   Other mmap    22438        4    17516        0    28392                           
   EGL mtrack    20311    20311        0        0    20311                           
    GL mtrack    42196    42196        0        0    42196                           
      Unknown    74206    73816      320        5    74780                           
        TOTAL   702249   575599    83140      160   842455   521333   426483    89783
 
 App Summary
                       Pss(KB)                        Rss(KB)
                        ------                         ------
           Java Heap:    27636                          46900
         Native Heap:   361568                         362332
                Code:   102432                         253276
               Stack:     4256                           4264
            Graphics:    62507                          62507
       Private Other:   100340
              System:    43510
             Unknown:                                  113176
 
           TOTAL PSS:   702249            TOTAL RSS:   842455       TOTAL SWAP PSS:      160
 
 Objects
               Views:      291         ViewRootImpl:        1
         AppContexts:       16           Activities:        1
              Assets:       41        AssetManagers:        0
       Local Binders:       26        Proxy Binders:       69
       Parcel memory:       25         Parcel count:       84
    Death Recipients:        0             WebViews:        0
 
 Native Allocations
                         Count                       Total(kB)
                        ------                         ------
    Other (malloced):     2147                            203
 Other (nonmalloced):      110                             78
   Bitmap (malloced):        4                           5569
 
 SQL
         MEMORY_USED:     1612
  PAGECACHE_OVERFLOW:     1440          MALLOC_SIZE:     4084
 
 DATABASES
      pgsz     dbsz   Lookaside(b) cache hits cache misses cache size  Dbname
PER CONNECTION STATS
         4     1196             41   909   613     4  /data/user/0/com.arcfire.online/databases/RKStorage
         4      180             92   762   449    25  /data/user/0/com.arcfire.online/databases/firestore.%5BDEFAULT%5D.arcfire-49d69.%28default%29
POOL STATS
     cache hits  cache misses    cache size  Dbname
            909           614          1523  /data/user/0/com.arcfire.online/databases/RKStorage
            762           450          1212  /data/user/0/com.arcfire.online/databases/firestore.%5BDEFAULT%5D.arcfire-49d69.%28default%29

VmRSS:	  823580 kB
VmSwap:	   17564 kB
Threads:	110

===== 2026-06-26 10:39:00 pid=18753 =====
Applications Memory Usage (in Kilobytes):
Uptime: 1554593420 Realtime: 1644709686

** MEMINFO in pid 18753 [com.arcfire.online] **
                   Pss  Private  Private  SwapPss      Rss     Heap     Heap     Heap
                 Total    Dirty    Clean    Dirty    Total     Size    Alloc     Free
                ------   ------   ------   ------   ------   ------   ------   ------
  Native Heap    15739    15728        0   198151    16416   445648    80993   360181
  Dalvik Heap    18081    13328     4604     2210    19360    26167    13084    13083
 Dalvik Other    11296     8612       24      600    14244                           
        Stack     1448     1448        0     2432     1456                           
       Ashmem       12        0        0        0      512                           
    Other dev        9        0        8        0      528                           
     .so mmap     1002       72       24      211    23900                           
    .jar mmap     1187        0       96        0    24736                           
    .apk mmap     3130       80      640     2448    17876                           
    .ttf mmap       25        0        0        0      108                           
    .dex mmap     2756      460     2004    31736     4872                           
    .oat mmap       22        0        0        0     1008                           
    .art mmap     4947     1688     2560     6741    14304                           
   Other mmap     8880     8176        0        0    10312                           
   EGL mtrack    74477    74477        0        0    74477                           
    GL mtrack    16564    16564        0        0    16564                           
      Unknown      199      184        8    41578      708                           
        TOTAL   445881   140817     9968   286107   241381   471815    94077   373264
 
 App Summary
                       Pss(KB)                        Rss(KB)
                        ------                         ------
           Java Heap:    17576                          33664
         Native Heap:    15728                          16416
                Code:     4168                          78596
               Stack:     1448                           1456
            Graphics:    91041                          91041
       Private Other:    20824
              System:   295096
             Unknown:                                   20208
 
           TOTAL PSS:   445881            TOTAL RSS:   241381       TOTAL SWAP PSS:   286107
 
 Objects
               Views:       52         ViewRootImpl:        2
         AppContexts:       16           Activities:        1
              Assets:       41        AssetManagers:        0
       Local Binders:       29        Proxy Binders:       71
       Parcel memory:       26         Parcel count:       86
    Death Recipients:        0             WebViews:        0
 
 Native Allocations
                         Count                       Total(kB)
                        ------                         ------
    Other (malloced):      590                             54
 Other (nonmalloced):      119                             82
   Bitmap (malloced):        3                           1242
 
 SQL
         MEMORY_USED:     1612
  PAGECACHE_OVERFLOW:     1440          MALLOC_SIZE:     4084
 
 DATABASES
      pgsz     dbsz   Lookaside(b) cache hits cache misses cache size  Dbname
PER CONNECTION STATS
         4     1196             41  1005   668     4  /data/user/0/com.arcfire.online/databases/RKStorage
         4      180             92   832   510    25  /data/user/0/com.arcfire.online/databases/firestore.%5BDEFAULT%5D.arcfire-49d69.%28default%29
POOL STATS
     cache hits  cache misses    cache size  Dbname
           1005           669          1674  /data/user/0/com.arcfire.online/databases/RKStorage
            832           511          1343  /data/user/0/com.arcfire.online/databases/firestore.%5BDEFAULT%5D.arcfire-49d69.%28default%29

VmRSS:	  165920 kB
VmSwap:	  305336 kB
Threads:	106

===== 2026-06-26 10:49:18 pid=26079 =====
Applications Memory Usage (in Kilobytes):
Uptime: 1555211122 Realtime: 1645327388

** MEMINFO in pid 26079 [com.arcfire.online] **
                   Pss  Private  Private  SwapPss      Rss     Heap     Heap     Heap
                 Total    Dirty    Clean    Dirty    Total     Size    Alloc     Free
                ------   ------   ------   ------   ------   ------   ------   ------
  Native Heap   335177   335104       52       50   335868   463096   393032    66066
  Dalvik Heap    19372    14516     4716       25    20624    25180    12590    12590
 Dalvik Other    17574     8964       24        0    26448                           
        Stack     3681     3680        0        0     3688                           
       Ashmem       16        0        0        0      544                           
    Other dev       46       16       20        0      576                           
     .so mmap    30123      248    23628       23    60612                           
    .jar mmap    11069        0     6224        0    46304                           
    .apk mmap    68126     2612    58016        0    88592                           
    .ttf mmap     4981        0     4428        0     5608                           
    .dex mmap    35181    34200      524        0    37256                           
    .oat mmap       92        0        8        0     1420                           
    .art mmap    12088     8352     2808       57    21804                           
   Other mmap    22853       16    17996        0    28772                           
   EGL mtrack    35131    35131        0        0    35131                           
    GL mtrack    33408    33408        0        0    33408                           
      Unknown    47626    47144      468        5    48144                           
        TOTAL   676704   523391   118912      160   794799   488276   405622    78656
 
 App Summary
                       Pss(KB)                        Rss(KB)
                        ------                         ------
           Java Heap:    25676                          42428
         Native Heap:   335104                         335868
                Code:   130376                         257436
               Stack:     3680                           3688
            Graphics:    68539                          68539
       Private Other:    78928
              System:    34401
             Unknown:                                   86840
 
           TOTAL PSS:   676704            TOTAL RSS:   794799       TOTAL SWAP PSS:      160
 
 Objects
               Views:      310         ViewRootImpl:        1
         AppContexts:       16           Activities:        1
              Assets:       41        AssetManagers:        0
       Local Binders:       26        Proxy Binders:       69
       Parcel memory:       22         Parcel count:       72
    Death Recipients:        0             WebViews:        0
 
 Native Allocations
                         Count                       Total(kB)
                        ------                         ------
    Other (malloced):     2271                            215
 Other (nonmalloced):      110                             78
   Bitmap (malloced):        4                           5569
 
 SQL
         MEMORY_USED:     1616
  PAGECACHE_OVERFLOW:     1445          MALLOC_SIZE:     4084
 
 DATABASES
      pgsz     dbsz   Lookaside(b) cache hits cache misses cache size  Dbname
PER CONNECTION STATS
         4     1200             41   211   163     4  /data/user/0/com.arcfire.online/databases/RKStorage
         4      180             92   120   123    25  /data/user/0/com.arcfire.online/databases/firestore.%5BDEFAULT%5D.arcfire-49d69.%28default%29
POOL STATS
     cache hits  cache misses    cache size  Dbname
            211           164           375  /data/user/0/com.arcfire.online/databases/RKStorage
            120           124           244  /data/user/0/com.arcfire.online/databases/firestore.%5BDEFAULT%5D.arcfire-49d69.%28default%29

VmRSS:	  761260 kB
VmSwap:	   17580 kB
Threads:	98

===== 2026-06-26 10:59:38 pid= =====
PROCESS NOT RUNNING

===== 2026-06-26 11:09:38 pid=27785 =====
Applications Memory Usage (in Kilobytes):
Uptime: 1556432498 Realtime: 1646548764

** MEMINFO in pid 27785 [com.arcfire.online] **
                   Pss  Private  Private  SwapPss      Rss     Heap     Heap     Heap
                 Total    Dirty    Clean    Dirty    Total     Size    Alloc     Free
                ------   ------   ------   ------   ------   ------   ------   ------
  Native Heap    12386    12328       32       81    13064    23252    16389     2709
  Dalvik Heap    10007     9980        4      821    10628    10990     4846     6144
 Dalvik Other     9771     4488        0       55    15088                           
        Stack     1681     1680        0        0     1688                           
       Ashmem       16        0        0        0      532                           
    Other dev       39       16       16        0      564                           
     .so mmap    20871      196    17564       25    47916                           
    .jar mmap     7493        0     2936        0    43884                           
    .apk mmap    25532     1144    23012        0    30568                           
    .ttf mmap      309        0       32        0      668                           
    .dex mmap    34803    34752       36        0    35556                           
    .oat mmap       67        0        0        0     1368                           
    .art mmap    10092     8148     1152      100    19240                           
   Other mmap     2852        4        0        0     6512                           
   EGL mtrack    54997    54997        0        0    54997                           
    GL mtrack     6340     6340        0        0     6340                           
      Unknown     1043      840      192        7     1580                           
        TOTAL   199388   134913    44976     1089   290193    34242    21235     8853
 
 App Summary
                       Pss(KB)                        Rss(KB)
                        ------                         ------
           Java Heap:    19280                          29868
         Native Heap:    12328                          13064
                Code:    79948                         170800
               Stack:     1680                           1688
            Graphics:    61337                          61337
       Private Other:     5316
              System:    19499
             Unknown:                                   13436
 
           TOTAL PSS:   199388            TOTAL RSS:   290193       TOTAL SWAP PSS:     1089
 
 Objects
               Views:       14         ViewRootImpl:        2
         AppContexts:       14           Activities:        1
              Assets:       40        AssetManagers:        0
       Local Binders:       33        Proxy Binders:       70
       Parcel memory:       14         Parcel count:       40
    Death Recipients:        1             WebViews:        0
 
 Native Allocations
                         Count                       Total(kB)
                        ------                         ------
   Bitmap (malloced):        1                           1238
    Other (malloced):      382                             35
 Other (nonmalloced):      113                             79
 
 SQL
         MEMORY_USED:        0
  PAGECACHE_OVERFLOW:        0          MALLOC_SIZE:       46
 

VmRSS:	  236700 kB
VmSwap:	   18888 kB
Threads:	56

===== 2026-06-26 11:20:00 pid=27785 =====
Applications Memory Usage (in Kilobytes):
Uptime: 1557052883 Realtime: 1647169149

** MEMINFO in pid 27785 [com.arcfire.online] **
                   Pss  Private  Private  SwapPss      Rss     Heap     Heap     Heap
                 Total    Dirty    Clean    Dirty    Total     Size    Alloc     Free
                ------   ------   ------   ------   ------   ------   ------   ------
  Native Heap   367459   367408       16       51   368168   475856   433626    37252
  Dalvik Heap    28858    24132     4472       25    30240    26654    13327    13327
 Dalvik Other    17970     9072       24        0    27132                           
        Stack     4061     4060        0        0     4068                           
       Ashmem       16        0        0        0      544                           
    Other dev       39       16       16        0      568                           
     .so mmap    23101      208    20056       23    50564                           
    .jar mmap     7212        0     2824        0    43292                           
    .apk mmap    60393     2612    50596        0    81432                           
    .ttf mmap     3404        0     2052        0     5108                           
    .dex mmap    35527    34764      284        0    37752                           
    .oat mmap      108        0       56        0     1396                           
    .art mmap    11956     8360     2640       57    21808                           
   Other mmap    39250        4    34076        0    45400                           
   EGL mtrack    20311    20311        0        0    20311                           
    GL mtrack    35660    35660        0        0    35660                           
      Unknown    49858    49400      448        5    50368                           
        TOTAL   705344   556007   117560      161   823811   502510   446953    50579
 
 App Summary
                       Pss(KB)                        Rss(KB)
                        ------                         ------
           Java Heap:    35132                          52048
         Native Heap:   367408                         368168
                Code:   113904                         237728
               Stack:     4060                           4068
            Graphics:    55971                          55971
       Private Other:    97092
              System:    31777
             Unknown:                                  105828
 
           TOTAL PSS:   705344            TOTAL RSS:   823811       TOTAL SWAP PSS:      161
 
 Objects
               Views:      286         ViewRootImpl:        1
         AppContexts:       16           Activities:        1
              Assets:       41        AssetManagers:        0
       Local Binders:       28        Proxy Binders:       69
       Parcel memory:       25         Parcel count:       82
    Death Recipients:        0             WebViews:        0
 
 Native Allocations
                         Count                       Total(kB)
                        ------                         ------
   Bitmap (malloced):        6                           6978
    Other (malloced):     2490                            236
 Other (nonmalloced):      112                             79
 
 SQL
         MEMORY_USED:     1616
  PAGECACHE_OVERFLOW:     1445          MALLOC_SIZE:     4085
 
 DATABASES
      pgsz     dbsz   Lookaside(b) cache hits cache misses cache size  Dbname
PER CONNECTION STATS
         4     1200             41   875   520     4  /data/user/0/com.arcfire.online/databases/RKStorage
         4      180             92   744   332    25  /data/user/0/com.arcfire.online/databases/firestore.%5BDEFAULT%5D.arcfire-49d69.%28default%29
POOL STATS
     cache hits  cache misses    cache size  Dbname
            875           521          1396  /data/user/0/com.arcfire.online/databases/RKStorage
            744           333          1077  /data/user/0/com.arcfire.online/databases/firestore.%5BDEFAULT%5D.arcfire-49d69.%28default%29

VmRSS:	  796504 kB
VmSwap:	   17608 kB
Threads:	100

===== 2026-06-26 11:30:17 pid=27785 =====
Applications Memory Usage (in Kilobytes):
Uptime: 1557670831 Realtime: 1647787097

** MEMINFO in pid 27785 [com.arcfire.online] **
                   Pss  Private  Private  SwapPss      Rss     Heap     Heap     Heap
                 Total    Dirty    Clean    Dirty    Total     Size    Alloc     Free
                ------   ------   ------   ------   ------   ------   ------   ------
  Native Heap   437961   437888       56       50   438652   564596   504014    54728
  Dalvik Heap    32696    27948     4512       25    34056    36190    18095    18095
 Dalvik Other    18274     9156       24        0    27656                           
        Stack     4217     4216        0        0     4224                           
       Ashmem       16        0        0        0      544                           
    Other dev       47       20       20        0      576                           
     .so mmap    16720      248     6116       23    52132                           
    .jar mmap     6476        0     2356        0    41592                           
    .apk mmap    60728     2612    51908        0    80836                           
    .ttf mmap     3033        0     2184        0     4088                           
    .dex mmap    35510    34764      272        0    37732                           
    .oat mmap       88        0       32        0     1328                           
    .art mmap    11983     8364     2664       57    21824                           
   Other mmap    38863        4    33732        0    44908                           
   EGL mtrack    20311    20311        0        0    20311                           
    GL mtrack    28260    28260        0        0    28260                           
      Unknown    58608    58180      372        5    59164                           
        TOTAL   773951   631971   104248      160   897883   600786   522109    72823
 
 App Summary
                       Pss(KB)                        Rss(KB)
                        ------                         ------
           Java Heap:    38976                          55880
         Native Heap:   437888                         438652
                Code:   100960                         236348
               Stack:     4216                           4224
            Graphics:    48571                          48571
       Private Other:   105608
              System:    37732
             Unknown:                                  114208
 
           TOTAL PSS:   773951            TOTAL RSS:   897883       TOTAL SWAP PSS:      160
 
 Objects
               Views:      287         ViewRootImpl:        1
         AppContexts:       16           Activities:        1
              Assets:       41        AssetManagers:        0
       Local Binders:       27        Proxy Binders:       69
       Parcel memory:       26         Parcel count:       88
    Death Recipients:        0             WebViews:        0
 
 Native Allocations
                         Count                       Total(kB)
                        ------                         ------
   Bitmap (malloced):        4                           5569
    Other (malloced):     2193                            208
 Other (nonmalloced):      111                             78
 
 SQL
         MEMORY_USED:     1616
  PAGECACHE_OVERFLOW:     1445          MALLOC_SIZE:     4087
 
 DATABASES
      pgsz     dbsz   Lookaside(b) cache hits cache misses cache size  Dbname
PER CONNECTION STATS
         4     1200             41  1037   659     4  /data/user/0/com.arcfire.online/databases/RKStorage
         4      180             92   920   413    25  /data/user/0/com.arcfire.online/databases/firestore.%5BDEFAULT%5D.arcfire-49d69.%28default%29
POOL STATS
     cache hits  cache misses    cache size  Dbname
           1037           660          1697  /data/user/0/com.arcfire.online/databases/RKStorage
            920           414          1334  /data/user/0/com.arcfire.online/databases/firestore.%5BDEFAULT%5D.arcfire-49d69.%28default%29

VmRSS:	  874124 kB
VmSwap:	   17352 kB
Threads:	112

===== 2026-06-26 11:40:35 pid=27785 =====
Applications Memory Usage (in Kilobytes):
Uptime: 1558289013 Realtime: 1648405279

** MEMINFO in pid 27785 [com.arcfire.online] **
                   Pss  Private  Private  SwapPss      Rss     Heap     Heap     Heap
                 Total    Dirty    Clean    Dirty    Total     Size    Alloc     Free
                ------   ------   ------   ------   ------   ------   ------   ------
  Native Heap   465512   465440       52       50   466204   648140   581669    60283
  Dalvik Heap    28026    23296     4472       25    29408    32462    16231    16231
 Dalvik Other    18324     9112       24        0    27800                           
        Stack     4313     4312        0        0     4320                           
       Ashmem       16        0        0        0      544                           
    Other dev       37       16       12        0      568                           
     .so mmap    13566      248     4728       23    46748                           
    .jar mmap     6128        0     2076        0    40736                           
    .apk mmap    55818     2612    46844        0    74500                           
    .ttf mmap     3263        0     2516        0     4212                           
    .dex mmap    35623    34764      400        0    37704                           
    .oat mmap       82        0       32        0     1304                           
    .art mmap    11988     8364     2644       57    21824                           
   Other mmap    39395        4    34208        0    45484                           
   EGL mtrack    20311    20311        0        0    20311                           
    GL mtrack   129512   129512        0        0   129512                           
      Unknown    62400    62040      300        5    62960                           
        TOTAL   894474   760031    98308      160  1014139   680602   597900    76514
 
 App Summary
                       Pss(KB)                        Rss(KB)
                        ------                         ------
           Java Heap:    34304                          51232
         Native Heap:   465440                         466204
                Code:    94692                         224036
               Stack:     4312                           4320
            Graphics:   149823                         149823
       Private Other:   109768
              System:    36135
             Unknown:                                  118524
 
           TOTAL PSS:   894474            TOTAL RSS:  1014139       TOTAL SWAP PSS:      160
 
 Objects
               Views:      928         ViewRootImpl:        1
         AppContexts:       16           Activities:        1
              Assets:       41        AssetManagers:        0
       Local Binders:       25        Proxy Binders:       69
       Parcel memory:       27         Parcel count:       90
    Death Recipients:        0             WebViews:        0
 
 Native Allocations
                         Count                       Total(kB)
                        ------                         ------
   Bitmap (malloced):        2                          83834
    Other (malloced):     8192                            782
 Other (nonmalloced):      109                             77
 
 SQL
         MEMORY_USED:     1608
  PAGECACHE_OVERFLOW:     1436          MALLOC_SIZE:     4088
 
 DATABASES
      pgsz     dbsz   Lookaside(b) cache hits cache misses cache size  Dbname
PER CONNECTION STATS
         4     1192             41  1107   728     4  /data/user/0/com.arcfire.online/databases/RKStorage
         4      180             92  1052   484    25  /data/user/0/com.arcfire.online/databases/firestore.%5BDEFAULT%5D.arcfire-49d69.%28default%29
POOL STATS
     cache hits  cache misses    cache size  Dbname
           1107           729          1836  /data/user/0/com.arcfire.online/databases/RKStorage
           1052           485          1537  /data/user/0/com.arcfire.online/databases/firestore.%5BDEFAULT%5D.arcfire-49d69.%28default%29

VmRSS:	  991880 kB
VmSwap:	   17352 kB
Threads:	113

===== 2026-06-26 11:50:55 pid=27785 =====
Applications Memory Usage (in Kilobytes):
Uptime: 1558909423 Realtime: 1649025689

** MEMINFO in pid 27785 [com.arcfire.online] **
                   Pss  Private  Private  SwapPss      Rss     Heap     Heap     Heap
                 Total    Dirty    Clean    Dirty    Total     Size    Alloc     Free
                ------   ------   ------   ------   ------   ------   ------   ------
  Native Heap   464884   464812       52       50   465576   653260   581208    65828
  Dalvik Heap    27208    22460     4504       25    28572    31838    15919    15919
 Dalvik Other    18438     9224       24        0    27916                           
        Stack     4253     4252        0        0     4260                           
       Ashmem       15        0        0        0      544                           
    Other dev       35       12       12        0      568                           
     .so mmap    13347      248     4516       23    46632                           
    .jar mmap     6080        0     2084        0    40560                           
    .apk mmap    54464     2612    45856        0    73860                           
    .ttf mmap     3263        0     2516        0     4212                           
    .dex mmap    35614    34764      400        0    37704                           
    .oat mmap       81        0       32        0     1304                           
    .art mmap    12006     8364     2672       57    21824                           
   Other mmap    39378        4    34180        0    45484                           
   EGL mtrack    20311    20311        0        0    20311                           
    GL mtrack   130428   130428        0        0   130428                           
      Unknown    62460    62040      360        5    63020                           
        TOTAL   892425   759531    97208      160  1012775   685098   597127    81747
 
 App Summary
                       Pss(KB)                        Rss(KB)
                        ------                         ------
           Java Heap:    33496                          50396
         Native Heap:   464812                         465576
                Code:    93500                         223108
               Stack:     4252                           4260
            Graphics:   150739                         150739
       Private Other:   109940
              System:    35686
             Unknown:                                  118696
 
           TOTAL PSS:   892425            TOTAL RSS:  1012775       TOTAL SWAP PSS:      160
 
 Objects
               Views:      928         ViewRootImpl:        1
         AppContexts:       16           Activities:        1
              Assets:       41        AssetManagers:        0
       Local Binders:       25        Proxy Binders:       69
       Parcel memory:       26         Parcel count:       88
    Death Recipients:        0             WebViews:        0
 
 Native Allocations
                         Count                       Total(kB)
                        ------                         ------
   Bitmap (malloced):        2                          83834
    Other (malloced):     8192                            782
 Other (nonmalloced):      109                             77
 
 SQL
         MEMORY_USED:     1608
  PAGECACHE_OVERFLOW:     1436          MALLOC_SIZE:     4088
 
 DATABASES
      pgsz     dbsz   Lookaside(b) cache hits cache misses cache size  Dbname
PER CONNECTION STATS
         4     1192             41  1109   739     4  /data/user/0/com.arcfire.online/databases/RKStorage
         4      180             92  1052   527    25  /data/user/0/com.arcfire.online/databases/firestore.%5BDEFAULT%5D.arcfire-49d69.%28default%29
POOL STATS
     cache hits  cache misses    cache size  Dbname
           1109           740          1849  /data/user/0/com.arcfire.online/databases/RKStorage
           1052           528          1580  /data/user/0/com.arcfire.online/databases/firestore.%5BDEFAULT%5D.arcfire-49d69.%28default%29

VmRSS:	  991004 kB
VmSwap:	   17352 kB
Threads:	112

===== 2026-06-26 12:01:16 pid= =====
PROCESS NOT RUNNING

===== 2026-06-26 12:11:18 pid=30549 =====
Applications Memory Usage (in Kilobytes):
Uptime: 1560131296 Realtime: 1650247562

** MEMINFO in pid 30549 [com.arcfire.online] **
                   Pss  Private  Private  SwapPss      Rss     Heap     Heap     Heap
                 Total    Dirty    Clean    Dirty    Total     Size    Alloc     Free
                ------   ------   ------   ------   ------   ------   ------   ------
  Native Heap   331002   330928       56       50   331688   459572   396543    56988
  Dalvik Heap    32023    29552       44       25    35672    26183    13092    13091
 Dalvik Other    17672     8992        0        0    26640                           
        Stack     3817     3816        0        0     3824                           
       Ashmem       15        0        0        0      544                           
    Other dev       43       12       20        0      576                           
     .so mmap    15309      248     4736       23    50840                           
    .jar mmap     6686        0     2320        0    42256                           
    .apk mmap    68346     2612    57356        0    89900                           
    .ttf mmap     2892        0     2256        0     3736                           
    .dex mmap    35603    34764      348        0    37720                           
    .oat mmap       98        0       28        0     1412                           
    .art mmap    10755     8348      388       57    21792                           
   Other mmap    22192       16    17216        0    28172                           
   EGL mtrack    35131    35131        0        0    35131                           
    GL mtrack    39460    39460        0        0    39460                           
      Unknown    47216    46744      412        5    47776                           
        TOTAL   668420   540623    85180      160   797139   485755   409635    70079
 
 App Summary
                       Pss(KB)                        Rss(KB)
                        ------                         ------
           Java Heap:    38288                          57464
         Native Heap:   330928                         331688
                Code:   105116                         243632
               Stack:     3816                           3824
            Graphics:    74591                          74591
       Private Other:    73064
              System:    42617
             Unknown:                                   85940
 
           TOTAL PSS:   668420            TOTAL RSS:   797139       TOTAL SWAP PSS:      160
 
 Objects
               Views:      327         ViewRootImpl:        1
         AppContexts:       16           Activities:        1
              Assets:       41        AssetManagers:        0
       Local Binders:       26        Proxy Binders:       70
       Parcel memory:       23         Parcel count:       74
    Death Recipients:        0             WebViews:        0
 
 Native Allocations
                         Count                       Total(kB)
                        ------                         ------
   Bitmap (malloced):        4                           5569
    Other (malloced):     2740                            260
 Other (nonmalloced):      108                             76
 
 SQL
         MEMORY_USED:     1608
  PAGECACHE_OVERFLOW:     1436          MALLOC_SIZE:     4088
 
 DATABASES
      pgsz     dbsz   Lookaside(b) cache hits cache misses cache size  Dbname
PER CONNECTION STATS
         4     1192             41   167   131     4  /data/user/0/com.arcfire.online/databases/RKStorage
         4      180             92   124   116    25  /data/user/0/com.arcfire.online/databases/firestore.%5BDEFAULT%5D.arcfire-49d69.%28default%29
POOL STATS
     cache hits  cache misses    cache size  Dbname
            167           132           299  /data/user/0/com.arcfire.online/databases/RKStorage
            124           117           241  /data/user/0/com.arcfire.online/databases/firestore.%5BDEFAULT%5D.arcfire-49d69.%28default%29

VmRSS:	  750440 kB
VmSwap:	   17420 kB
Threads:	104

===== 2026-06-26 12:21:38 pid=30549 =====
Applications Memory Usage (in Kilobytes):
Uptime: 1560759290 Realtime: 1650875556

** MEMINFO in pid 30549 [com.arcfire.online] **
                   Pss  Private  Private  SwapPss      Rss     Heap     Heap     Heap
                 Total    Dirty    Clean    Dirty    Total     Size    Alloc     Free
                ------   ------   ------   ------   ------   ------   ------   ------
  Native Heap   208799   208768        0   139889   209512   462652   412736    45252
  Dalvik Heap    44376    41820      272      183    47912    35499    17750    17749
 Dalvik Other    17645     9112        0      329    26464                           
        Stack     2965     2964        0      736     2972                           
       Ashmem       17        0        0        0      544                           
    Other dev       12        0        8        0      556                           
     .so mmap     5513      208      528       69    47120                           
    .jar mmap     3735        0      868        0    37140                           
    .apk mmap    25256     1104    18752     1284    42656                           
    .ttf mmap     1788        0     1204        0     2824                           
    .dex mmap    13978    10552     2888    21444    16032                           
    .oat mmap       36        0        0        0     1208                           
    .art mmap     6133     4104      156     4333    17292                           
   Other mmap    10626       24     5524        0    16632                           
   EGL mtrack    20311    20311        0        0    20311                           
    GL mtrack    30312    30312        0        0    30312                           
      Unknown    44093    43612      452     5741    44700                           
        TOTAL   609603   372891    30652   174008   564187   498151   430486    63001
 
 App Summary
                       Pss(KB)                        Rss(KB)
                        ------                         ------
           Java Heap:    46080                          65204
         Native Heap:   208768                         209512
                Code:    36132                         164032
               Stack:     2964                           2972
            Graphics:    50623                          50623
       Private Other:    58976
              System:   206060
             Unknown:                                   71844
 
           TOTAL PSS:   609603            TOTAL RSS:   564187       TOTAL SWAP PSS:   174008
 
 Objects
               Views:      295         ViewRootImpl:        1
         AppContexts:       16           Activities:        1
              Assets:       41        AssetManagers:        0
       Local Binders:       26        Proxy Binders:       70
       Parcel memory:       22         Parcel count:       72
    Death Recipients:        0             WebViews:        0
 
 Native Allocations
                         Count                       Total(kB)
                        ------                         ------
   Bitmap (malloced):        4                           5569
    Other (malloced):     2298                            218
 Other (nonmalloced):      111                             79
 
 SQL
         MEMORY_USED:     1612
  PAGECACHE_OVERFLOW:     1440          MALLOC_SIZE:     4088
 
 DATABASES
      pgsz     dbsz   Lookaside(b) cache hits cache misses cache size  Dbname
PER CONNECTION STATS
         4     1196             41   753   500     4  /data/user/0/com.arcfire.online/databases/RKStorage
         4      180             92   550   291    25  /data/user/0/com.arcfire.online/databases/firestore.%5BDEFAULT%5D.arcfire-49d69.%28default%29
POOL STATS
     cache hits  cache misses    cache size  Dbname
            753           501          1254  /data/user/0/com.arcfire.online/databases/RKStorage
            550           292           842  /data/user/0/com.arcfire.online/databases/firestore.%5BDEFAULT%5D.arcfire-49d69.%28default%29

VmRSS:	  521600 kB
VmSwap:	  191748 kB
Threads:	99
