npcMode,id,name,특징설명,hullTypeId,captainId,homeSystemId,maxHp,maxShield,armor,attackBonus,damageDiceCount,damageDiceSides,damageDiceBonus,maxMoveSpeedPxPerMs,accelPxPerMs2,maxTurnRateRadPerMs,turnAccelRadPerMs2,detectRangeScale,laserCooldownJitterMinMs,laserCooldownJitterMaxMs,missileCooldownJitterMinMs,missileCooldownJitterMaxMs,salvoStepMinMs,salvoStepMaxMs,engageStartDelayMinMs,engageStartDelayMaxMs,laserWeaponId,missileWeaponId,closeRangeWeaponId,auxWeaponId,infoLineSuffix,arcTrafficDwellRadPerSec,arcTrafficPhaseDurationMul,arcTrafficPlanetDwellSecMin,arcTrafficPlanetDwellSecMax,portraitImageAssetKey,topViewImageAssetKey,tradePortListed,strStat,dexStat,sizeClass,expReward,combatLevel,size,proficiencyMultiplier,capitalShipArchetype,name_en
combat,Player_scout_ship,기본전함 레인저 CM.I,입문 레인저(상점 최저가). HP 72 · 실드 88 · 장갑 11. 구매 시 조선소 격납고에 인도됩니다.,hull_cap_patrol_01,Player_pilot,draco_nebula,72,88,11,5,1,8,1,0.033,0.000045,0.0024,0.00007,1.18,80,300,360,1100,280,420,0,800,w_laser_light_01,w_missile_guided_single_01,w_missile_arc_005,,PLAYER,0.46,2,60,600,assets/images/ship/npc_test_ship_001.png,assets/images/ship/ship_top_002.png,TRUE,10,16,0,20,2,3,1.02,ranger,Starter Ranger CM.I
combat,Player_freighter,생존포드,,hull_cap_carrier_light_01,Player_pilot,draco_nebula,150,30,10,2,1,8,1,0.014,0.000022,0.0013,0.000038,0.85,180,620,900,2600,520,760,220,1600,w_laser_light_01,w_missile_standard_01,w_missile_arc_005,,PLAYER,0.46,2,60,600,assets/images/ship/npc_test_ship_001.png,assets/images/ship/ship_top_002.png,FALSE,8,10,0,38,4,3,1.04,survival,
combat,Player_npc_red_fleet_1,기본전함 파이터 Mk.I,기본 지급·파이터 Mk.I. HP 560 · 실드 210 · 장갑 16. 구매 시 조선소 격납고에 인도됩니다.,hull_cap_line_01,Player_pilot,draco_nebula,560,210,16,9,3,10,5,0.022,0.000038,0.0021,0.00006,1,130,460,520,1750,420,600,0,1000,w_laser_heavy_01,w_missile_guided_triple_01,w_missile_arc_005,,PLAYER,0.46,2,60,600,assets/images/ship/ship_001.png,assets/images/ship/ship_top_002.png,TRUE,16,12,1,130,13,3,1.13,fighter,Starter Fighter Mk.I
combat,Player_frigate_mk2,스트라이커 Mk.II,스트라이커 Mk.II(입문 레인저·전 행성 상시). HP 400 · 실드 95 · 장갑 9. 구매 시 조선소 격납고에 인도됩니다.,hull_cap_raider_01,Player_pilot,draco_nebula,400,95,9,12,4,8,6,0.03,0.000042,0.00225,0.000065,1.17,75,290,340,1280,300,440,0,900,w_laser_light_01,w_missile_guided_triple_01,w_missile_arc_005,,P-F2|trade:250000,0.46,2,60,600,assets/images/ship/ship_001.png,assets/images/ship/ship_top_002.png,TRUE,11,18,0,110,7,3,1.11,ranger,Striker Mk.II
combat,Player_destroyer_mk1,가디언 구축함,가디언(격투)/헌터(정찰) 동시. HP 600 · 실드 250 · 장갑 18. 구매 시 조선소 격납고에 인도됩니다.,hull_cap_patrol_01,Player_pilot,draco_nebula,600,250,18,10,3,10,6,0.02,0.000032,0.0018,0.00005,0.95,145,540,580,2150,450,620,120,1200,w_laser_heavy_01,w_missile_nova_01,w_missile_arc_005,,P-D1|trade:1200000,0.46,2,60,600,assets/images/ship/ship_001.png,assets/images/ship/ship_top_002.png,TRUE,17,11,1,115,15,3,1.12,fighter,Guardian Destroyer
combat,Player_destroyer_mk2,가디언 구축함 Mk.II,가디언 Mk.II/헌터 Mk.II 동시. HP 580 · 실드 220 · 장갑 17. 구매 시 조선소 격납고에 인도됩니다.,hull_cap_line_01,Player_pilot,draco_nebula,580,220,17,10,3,10,6,0.0215,0.000038,0.0021,0.00006,1,135,500,540,1950,420,600,0,1000,w_laser_heavy_01,w_missile_nova_01,w_missile_arc_005,,P-D2|trade:1800000,0.46,2,60,600,assets/images/ship/ship_001.png,assets/images/ship/ship_top_002.png,TRUE,18,12,1,130,25,3,1.13,fighter,Guardian Destroyer Mk.II
combat,Player_cruiser_mk1,오라클 순양함,오라클/섀도우 순양함 동시. HP 600 · 실드 235 · 장갑 17. 구매 시 조선소 격납고에 인도됩니다.,hull_cap_siege_01,Player_pilot,draco_nebula,600,235,17,9,2,12,7,0.0205,0.000034,0.00192,0.000052,0.98,140,520,560,2050,442,612,95,1110,w_laser_heavy_01,w_missile_nova_01,w_missile_arc_005,,P-C1|trade:5000000,0.46,2,60,600,assets/images/ship/ship_001.png,assets/images/ship/ship_top_002.png,TRUE,18,11,2,135,31,3,1.15,fighter,Oracle Cruiser
combat,Player_cruiser_mk2,오라클 순양함 Mk.II,오라클 Mk.II/섀도우 Mk.II 동시. HP 610 · 실드 240 · 장갑 17. 구매 시 조선소 격납고에 인도됩니다.,hull_cap_siege_01,Player_pilot,draco_nebula,610,240,17,9,2,12,8,0.0203,0.000034,0.0019,0.000052,0.98,126,500,620,2000,442,612,95,1110,w_laser_heavy_01,w_missile_guided_triple_01,w_missile_arc_005,,P-C2|trade:7500000,0.46,2,60,600,assets/images/ship/ship_001.png,assets/images/ship/ship_top_002.png,TRUE,18,12,2,135,40,3,1.15,fighter,Oracle Cruiser Mk.II
combat,Player_battlecruiser_mk1,소버린 순양전함,소버린/랩터 순양전함 동시. HP 620 · 실드 245 · 장갑 18. 구매 시 조선소 격납고에 인도됩니다.,hull_cap_siege_01,Player_pilot,draco_nebula,620,245,18,10,2,12,6,0.0202,0.000034,0.0019,0.000052,0.97,126,500,620,2000,442,612,95,1110,w_laser_heavy_01,w_missile_nova_01,w_missile_arc_005,,P-BC1|trade:15000000,0.46,2,60,600,assets/images/ship/ship_001.png,assets/images/ship/ship_top_002.png,TRUE,19,11,2,138,52,3,1.15,fighter,Sovereign Battlecruiser
combat,Player_battlecruiser_apex,소버린 순양전함·완성형,소버린/랩터 완성형 동시. HP 640 · 실드 255 · 장갑 18. 구매 시 조선소 격납고에 인도됩니다.,hull_cap_siege_01,Player_pilot,draco_nebula,640,255,18,11,2,12,6,0.0211,0.000034,0.0019,0.000052,1.01,126,500,620,2000,442,612,95,1110,w_laser_heavy_01,w_missile_nova_01,w_missile_arc_005,,P-BCX|trade:0,0.46,2,60,600,assets/images/ship/ship_001.png,assets/images/ship/ship_top_002.png,TRUE,19,12,2,138,60,3,1.15,fighter,Sovereign Battlecruiser Apex
combat,Player_dreadnought_mk1,드레드노트,드레드노트/팬텀 동시. HP 680 · 실드 265 · 장갑 19. 구매 시 조선소 격납고에 인도됩니다.,hull_cap_siege_01,Player_pilot,draco_nebula,680,265,19,12,2,8,3,0.0195,0.000032,0.00175,0.000048,0.96,120,480,500,1800,380,580,0,900,w_laser_heavy_01,w_missile_nova_01,w_missile_arc_005,,P-DR1|trade:25000000,0.46,2,60,600,assets/images/ship/ship_001.png,assets/images/ship/ship_top_002.png,TRUE,20,10,3,192,65,3,1.21,fighter,Dreadnought
combat,Player_super_capital_mk1,슈퍼캐피털,슈퍼캐피털/팬텀 동시. HP 800 · 실드 295 · 장갑 20. 구매 시 조선소 격납고에 인도됩니다.,hull_cap_line_01,Player_pilot,draco_nebula,800,295,20,15,2,8,3,0.02,0.000032,0.00175,0.000048,1,120,480,500,1800,380,580,0,900,w_laser_heavy_01,w_missile_guided_triple_01,w_missile_arc_005,,P-SC1|trade:50000000,0.46,2,60,600,assets/images/ship/ship_001.png,assets/images/ship/ship_top_002.png,TRUE,21,11,3,280,72,3,1.31,fighter,Super Capital
combat,Player_apex_legend_mk1,아펙스 레전드,아펙스/팬텀 레전드 동시. HP 880 · 실드 320 · 장갑 21. 구매 시 조선소 격납고에 인도됩니다.,hull_cap_line_01,Player_pilot,draco_nebula,880,320,21,17,2,8,3,0.02,0.000032,0.00175,0.000048,1,120,480,500,1800,380,580,0,900,w_laser_arc_019,w_missile_arc_072,w_missile_arc_005,,P-APX|trade:100000000,0.46,2,60,600,assets/images/ship/ship_001.png,assets/images/ship/ship_top_002.png,TRUE,22,12,4,320,80,4,1.33,fighter,Apex Legend
combat,player_wave_ship,웨이브 디펜스 전함,,hull_cap_line_01,Player_pilot,arcadia,3700,1500,32,23,7,12,34,0.0238,0.000039,0.0021,0.00006,1.1,80,320,390,1280,360,520,0,780,w_laser_arc_064,w_missile_arc_072,w_missile_arc_005,,WAVE-PS|trade:1,0.46,2,60,600,assets/images/ship/ship_001.png,assets/images/ship/ship_top_002.png,TRUE,38,26,2,4200,30,3,1.3,special,Wave Defense Battleship
combat,Player_hunter_mk1,헌터 구축함,가디언(격투)/헌터(정찰) 동시. HP 450 · 실드 125 · 장갑 10. 구매 시 조선소 격납고에 인도됩니다.,hull_cap_raider_01,Player_pilot,draco_nebula,450,125,10,12,4,8,6,0.0285,0.000044,0.00235,0.000068,1.14,75,280,340,1200,300,440,0,850,w_laser_light_01,w_missile_guided_triple_01,w_missile_arc_005,,P-H1|trade:1200000,0.46,2,60,600,assets/images/ship/ship_001.png,assets/images/ship/ship_top_002.png,TRUE,11,18,1,115,15,3,1.12,ranger,Hunter Destroyer
combat,Player_hunter_mk2,헌터 구축함 Mk.II,가디언 Mk.II/헌터 Mk.II 동시. HP 480 · 실드 135 · 장갑 11. 구매 시 조선소 격납고에 인도됩니다.,hull_cap_raider_01,Player_pilot,draco_nebula,480,135,11,13,4,8,7,0.0295,0.000044,0.00235,0.000068,1.15,72,270,320,1150,300,440,0,850,w_laser_light_01,w_missile_guided_triple_01,w_missile_arc_005,,P-H2|trade:1800000,0.46,2,60,600,assets/images/ship/ship_001.png,assets/images/ship/ship_top_002.png,TRUE,11,19,1,130,25,3,1.13,ranger,Hunter Destroyer Mk.II
combat,Player_shadow_cruiser_mk1,섀도우 순양함,오라클/섀도우 순양함 동시. HP 470 · 실드 140 · 장갑 11. 구매 시 조선소 격납고에 인도됩니다.,hull_cap_patrol_01,Player_pilot,draco_nebula,470,140,11,13,4,8,7,0.0275,0.000044,0.00235,0.000068,1.16,70,260,310,1100,300,440,0,850,w_laser_light_01,w_missile_guided_triple_01,w_missile_arc_005,,P-SH1|trade:5000000,0.46,2,60,600,assets/images/ship/ship_001.png,assets/images/ship/ship_top_002.png,TRUE,12,19,2,135,31,3,1.15,ranger,Shadow Cruiser
combat,Player_shadow_cruiser_mk2,섀도우 순양함 Mk.II,오라클 Mk.II/섀도우 Mk.II 동시. HP 490 · 실드 148 · 장갑 12. 구매 시 조선소 격납고에 인도됩니다.,hull_cap_patrol_01,Player_pilot,draco_nebula,490,148,12,14,4,8,8,0.028,0.000044,0.00235,0.000068,1.17,70,260,310,1100,300,440,0,850,w_laser_light_01,w_missile_guided_triple_01,w_missile_arc_005,,P-SH2|trade:7500000,0.46,2,60,600,assets/images/ship/ship_001.png,assets/images/ship/ship_top_002.png,TRUE,12,20,2,135,40,3,1.15,ranger,Shadow Cruiser Mk.II
combat,Player_raptor_bc_mk1,랩터 순양전함,소버린/랩터 순양전함 동시. HP 500 · 실드 155 · 장갑 12. 구매 시 조선소 격납고에 인도됩니다.,hull_cap_raider_01,Player_pilot,draco_nebula,500,155,12,14,4,8,8,0.0278,0.000044,0.00235,0.000068,1.18,70,260,310,1100,300,440,0,850,w_laser_light_01,w_missile_guided_triple_01,w_missile_arc_005,,P-RBC1|trade:15000000,0.46,2,60,600,assets/images/ship/ship_001.png,assets/images/ship/ship_top_002.png,TRUE,12,20,2,138,52,3,1.15,ranger,Raptor Battlecruiser
combat,Player_raptor_bc_apex,랩터 순양전함·완성형,소버린/랩터 완성형 동시. HP 520 · 실드 165 · 장갑 13. 구매 시 조선소 격납고에 인도됩니다.,hull_cap_raider_01,Player_pilot,draco_nebula,520,165,13,15,4,8,9,0.0282,0.000044,0.00235,0.000068,1.19,70,260,310,1100,300,440,0,850,w_laser_light_01,w_missile_guided_triple_01,w_missile_arc_005,,P-RBCX|trade:0,0.46,2,60,600,assets/images/ship/ship_001.png,assets/images/ship/ship_top_002.png,TRUE,13,21,2,138,60,3,1.15,ranger,Raptor Battlecruiser Apex
combat,Player_phantom_dreadnought_mk1,팬텀 드레드노트,드레드노트/팬텀 동시. HP 540 · 실드 175 · 장갑 13. 구매 시 조선소 격납고에 인도됩니다.,hull_cap_patrol_01,Player_pilot,draco_nebula,540,175,13,15,4,8,9,0.027,0.000044,0.00235,0.000068,1.2,68,250,300,1050,300,440,0,850,w_laser_light_01,w_missile_guided_triple_01,w_missile_arc_005,,P-PDR1|trade:25000000,0.46,2,60,600,assets/images/ship/ship_001.png,assets/images/ship/ship_top_002.png,TRUE,13,21,3,192,65,3,1.21,ranger,Phantom Dreadnought
combat,Player_phantom_super_capital_mk1,팬텀 슈퍼캐피털,슈퍼캐피털/팬텀 동시. HP 580 · 실드 190 · 장갑 14. 구매 시 조선소 격납고에 인도됩니다.,hull_cap_raider_01,Player_pilot,draco_nebula,580,190,14,16,4,8,10,0.0268,0.000044,0.00235,0.000068,1.21,70,260,310,1100,300,440,0,850,w_laser_light_01,w_missile_guided_triple_01,w_missile_arc_005,,P-PHSC1|trade:50000000,0.46,2,60,600,assets/images/ship/ship_001.png,assets/images/ship/ship_top_002.png,TRUE,13,22,3,280,72,3,1.31,ranger,Phantom Super Capital
combat,Player_phantom_apex_legend_mk1,팬텀 레전드,아펙스/팬텀 레전드 동시. HP 620 · 실드 205 · 장갑 15. 구매 시 조선소 격납고에 인도됩니다.,hull_cap_patrol_01,Player_pilot,draco_nebula,620,205,15,18,4,8,11,0.0265,0.000044,0.00235,0.000068,1.22,70,260,310,1100,300,440,0,850,w_laser_arc_019,w_missile_arc_072,w_missile_arc_005,,P-PAPX|trade:100000000,0.46,2,60,600,assets/images/ship/ship_001.png,assets/images/ship/ship_top_002.png,TRUE,14,23,4,320,80,3,1.33,ranger,Phantom Legend
combat,npc_wave_invader_t1,웨이브 적함 T1(기본),,hull_cap_patrol_01,npc_cpt_ai_robot_default,arcadia,80,40,8,4,1,8,2,0.018,0.000028,0.0016,0.000045,0.9,120,420,600,1800,360,520,0,800,w_laser_light_01,w_missile_arc_005,w_missile_arc_005,,WV-T1,0.46,2,60,600,assets/images/ship/npc_test_ship_001.png,assets/images/ship/ship_top_001.png,FALSE,8,8,0,10,1,3,1.01,neutral,
combat,npc_wave_invader_t2,웨이브 적함 T2(로켓 연발),,hull_cap_patrol_01,npc_cpt_ai_robot_default,arcadia,80,40,8,4,1,8,2,0.018,0.000028,0.0016,0.000045,0.9,120,420,600,1800,360,520,0,800,w_laser_light_01,w_missile_arc_005,w_missile_arc_005,,WV-T2,0.46,2,60,600,assets/images/ship/npc_test_ship_001.png,assets/images/ship/ship_top_001.png,FALSE,8,8,0,10,1,3,1.01,neutral,
combat,npc_wave_invader_t3,웨이브 적함 T3(유격 로켓),,hull_cap_patrol_01,npc_cpt_ai_robot_default,arcadia,80,40,8,4,1,8,2,0.018,0.000028,0.0016,0.000045,0.9,120,420,600,1800,360,520,0,800,w_laser_light_01,w_missile_arc_005,w_missile_arc_005,,WV-T3,0.46,2,60,600,assets/images/ship/npc_test_ship_001.png,assets/images/ship/ship_top_001.png,FALSE,8,8,0,10,1,3,1.01,neutral,
combat,npc_wave_invader_t4,웨이브 적함 T4(고속 로켓),,hull_cap_patrol_01,npc_cpt_ai_robot_default,arcadia,80,40,8,4,1,8,2,0.018,0.000028,0.0016,0.000045,0.9,120,420,600,1800,360,520,0,800,w_laser_light_01,w_missile_arc_005,w_missile_arc_005,,WV-T4,0.46,2,60,600,assets/images/ship/npc_test_ship_001.png,assets/images/ship/ship_top_001.png,FALSE,8,8,0,10,1,3,1.01,neutral,
combat,npc_wave_invader_t5,웨이브 적함 T5(융합 로켓),,hull_cap_patrol_01,npc_cpt_ai_robot_default,arcadia,80,40,8,4,1,8,2,0.018,0.000028,0.0016,0.000045,0.9,120,420,600,1800,360,520,0,800,w_laser_light_01,w_missile_arc_005,w_missile_arc_005,,WV-T5,0.46,2,60,600,assets/images/ship/npc_test_ship_001.png,assets/images/ship/ship_top_001.png,FALSE,8,8,0,10,1,3,1.01,neutral,
combat,npc_wave_invader_t6,웨이브 적함 T6(중형 로켓),,hull_cap_patrol_01,npc_cpt_ai_robot_default,arcadia,80,40,8,4,1,8,2,0.018,0.000028,0.0016,0.000045,0.9,120,420,600,1800,360,520,0,800,w_laser_light_01,w_laser_arc_007,w_missile_arc_005,,WV-T6,0.46,2,60,600,assets/images/ship/npc_test_ship_001.png,assets/images/ship/ship_top_001.png,FALSE,8,8,0,10,1,3,1.01,neutral,
combat,npc_wave_invader_t7,웨이브 적함 T7(레일 로켓),,hull_cap_patrol_01,npc_cpt_ai_robot_default,arcadia,80,40,8,4,1,8,2,0.018,0.000028,0.0016,0.000045,0.9,120,420,600,1800,360,520,0,800,w_laser_light_01,w_laser_arc_007,w_missile_arc_005,,WV-T7,0.46,2,60,600,assets/images/ship/npc_test_ship_001.png,assets/images/ship/ship_top_001.png,FALSE,8,8,0,10,1,3,1.01,neutral,
combat,npc_wave_invader_t8,웨이브 적함 T8(근거리 로켓),,hull_cap_patrol_01,npc_cpt_ai_robot_default,arcadia,80,40,8,4,1,8,2,0.018,0.000028,0.0016,0.000045,0.9,120,420,600,1800,360,520,0,800,w_laser_light_01,w_laser_arc_007,w_missile_arc_005,,WV-T8,0.46,2,60,600,assets/images/ship/npc_test_ship_001.png,assets/images/ship/ship_top_001.png,FALSE,8,8,0,10,1,3,1.01,neutral,
combat,npc_wave_invader_t9,웨이브 적함 T9(연발 로켓),,hull_cap_patrol_01,npc_cpt_ai_robot_default,arcadia,80,40,8,4,1,8,2,0.018,0.000028,0.0016,0.000045,0.9,120,420,600,1800,360,520,0,800,w_laser_light_01,w_laser_arc_007,w_missile_arc_005,,WV-T9,0.46,2,60,600,assets/images/ship/npc_test_ship_001.png,assets/images/ship/ship_top_001.png,FALSE,8,8,0,10,1,3,1.01,neutral,
combat,npc_wave_invader_t10,웨이브 적함 T10(플라즈마 로켓),,hull_cap_patrol_01,npc_cpt_ai_robot_default,arcadia,80,40,8,4,1,8,2,0.018,0.000028,0.0016,0.000045,0.9,120,420,600,1800,360,520,0,800,w_laser_light_01,w_laser_arc_007,w_missile_arc_005,,WV-T10,0.46,2,60,600,assets/images/ship/npc_test_ship_001.png,assets/images/ship/ship_top_001.png,FALSE,8,8,0,10,1,3,1.01,neutral,
combat,npc_wave_invader_t11,웨이브 적함 T11(지역 로켓),,hull_cap_patrol_01,npc_cpt_ai_robot_default,arcadia,80,40,8,4,1,8,2,0.018,0.000028,0.0016,0.000045,0.9,120,420,600,1800,360,520,0,800,w_laser_light_01,w_laser_arc_012,w_missile_arc_005,,WV-T11,0.46,2,60,600,assets/images/ship/npc_test_ship_001.png,assets/images/ship/ship_top_001.png,FALSE,8,8,0,10,1,3,1.01,neutral,
combat,npc_wave_invader_t12,웨이브 적함 T12(섬멸 로켓),,hull_cap_patrol_01,npc_cpt_ai_robot_default,arcadia,80,40,8,4,1,8,2,0.018,0.000028,0.0016,0.000045,0.9,120,420,600,1800,360,520,0,800,w_laser_light_01,w_laser_arc_012,w_missile_arc_005,,WV-T12,0.46,2,60,600,assets/images/ship/npc_test_ship_001.png,assets/images/ship/ship_top_001.png,FALSE,8,8,0,10,1,3,1.01,neutral,
combat,npc_wave_invader_t13,웨이브 적함 T13(가이드 로켓),,hull_cap_patrol_01,npc_cpt_ai_robot_default,arcadia,80,40,8,4,1,8,2,0.018,0.000028,0.0016,0.000045,0.9,120,420,600,1800,360,520,0,800,w_laser_light_01,w_laser_arc_012,w_missile_arc_005,,WV-T13,0.46,2,60,600,assets/images/ship/npc_test_ship_001.png,assets/images/ship/ship_top_001.png,FALSE,8,8,0,10,1,3,1.01,neutral,
combat,npc_wave_invader_t14,웨이브 적함 T14(플라즈노바 로켓),,hull_cap_patrol_01,npc_cpt_ai_robot_default,arcadia,80,40,8,4,1,8,2,0.018,0.000028,0.0016,0.000045,0.9,120,420,600,1800,360,520,0,800,w_laser_light_01,w_laser_arc_012,w_missile_arc_005,,WV-T14,0.46,2,60,600,assets/images/ship/npc_test_ship_001.png,assets/images/ship/ship_top_001.png,FALSE,8,8,0,10,1,3,1.01,neutral,
combat,npc_wave_invader_t15,웨이브 적함 T15(근격 로켓),,hull_cap_patrol_01,npc_cpt_ai_robot_default,arcadia,80,40,8,4,1,8,2,0.018,0.000028,0.0016,0.000045,0.9,120,420,600,1800,360,520,0,800,w_laser_light_01,w_laser_arc_012,w_missile_arc_005,,WV-T15,0.46,2,60,600,assets/images/ship/npc_test_ship_001.png,assets/images/ship/ship_top_001.png,FALSE,8,8,0,10,1,3,1.01,neutral,
combat,npc_wave_invader_t16,웨이브 적함 T16(하이퍼 로켓),,hull_cap_patrol_01,npc_cpt_ai_robot_default,arcadia,80,40,8,4,1,8,2,0.018,0.000028,0.0016,0.000045,0.9,120,420,600,1800,360,520,0,800,w_laser_light_01,w_missile_arc_005,w_missile_arc_005,,WV-T16,0.46,2,60,600,assets/images/ship/npc_test_ship_001.png,assets/images/ship/ship_top_001.png,FALSE,8,8,0,10,1,3,1.01,neutral,
combat,npc_wave_invader_t17,웨이브 적함 T17(카이로스 로켓),,hull_cap_patrol_01,npc_cpt_ai_robot_default,arcadia,80,40,8,4,1,8,2,0.018,0.000028,0.0016,0.000045,0.9,120,420,600,1800,360,520,0,800,w_laser_light_01,w_missile_arc_005,w_missile_arc_005,,WV-T17,0.46,2,60,600,assets/images/ship/npc_test_ship_001.png,assets/images/ship/ship_top_001.png,FALSE,8,8,0,10,1,3,1.01,neutral,
combat,npc_wave_invader_t18,웨이브 적함 T18(시귤러리티 로켓),,hull_cap_patrol_01,npc_cpt_ai_robot_default,arcadia,80,40,8,4,1,8,2,0.018,0.000028,0.0016,0.000045,0.9,120,420,600,1800,360,520,0,800,w_laser_light_01,w_missile_arc_005,w_missile_arc_005,,WV-T18,0.46,2,60,600,assets/images/ship/npc_test_ship_001.png,assets/images/ship/ship_top_001.png,FALSE,8,8,0,10,1,3,1.01,neutral,
combat,npc_wave_invader_t19,웨이브 적함 T19(코스메가 로켓),,hull_cap_patrol_01,npc_cpt_ai_robot_default,arcadia,80,40,8,4,1,8,2,0.018,0.000028,0.0016,0.000045,0.9,120,420,600,1800,360,520,0,800,w_laser_light_01,w_missile_arc_005,w_missile_arc_005,,WV-T19,0.46,2,60,600,assets/images/ship/npc_test_ship_001.png,assets/images/ship/ship_top_001.png,FALSE,8,8,0,10,1,3,1.01,neutral,
combat,npc_wave_invader_t20,웨이브 적함 T20(속사+돌격드론),,hull_cap_patrol_01,npc_cpt_ai_robot_default,arcadia,80,40,8,4,1,8,2,0.018,0.000028,0.0016,0.000045,0.9,120,420,600,1800,360,520,0,800,w_laser_light_01,w_missile_arc_005,w_missile_arc_005,,WV-T20,0.46,2,60,600,assets/images/ship/npc_test_ship_001.png,assets/images/ship/ship_top_001.png,FALSE,8,8,0,10,1,3,1.01,neutral,
combat,npc_wave_invader_t21,웨이브 적함 T21(속사+폭격함재기),,hull_cap_patrol_01,npc_cpt_ai_robot_default,arcadia,80,40,8,4,1,8,2,0.018,0.000028,0.0016,0.000045,0.9,120,420,600,1800,360,520,0,800,w_laser_light_01,w_laser_arc_007,w_missile_arc_005,,WV-T21,0.46,2,60,600,assets/images/ship/npc_test_ship_001.png,assets/images/ship/ship_top_001.png,FALSE,8,8,0,10,1,3,1.01,neutral,
combat,npc_wave_invader_t22,웨이브 적함 T22(위상+단거리로켓),,hull_cap_patrol_01,npc_cpt_ai_robot_default,arcadia,80,40,8,4,1,8,2,0.018,0.000028,0.0016,0.000045,0.9,120,420,600,1800,360,520,0,800,w_laser_light_01,w_laser_arc_007,w_missile_arc_005,,WV-T22,0.46,2,60,600,assets/images/ship/npc_test_ship_001.png,assets/images/ship/ship_top_001.png,FALSE,8,8,0,10,1,3,1.01,neutral,
combat,npc_wave_invader_t23,웨이브 적함 T23(커팅+유도미사일),,hull_cap_patrol_01,npc_cpt_ai_robot_default,arcadia,80,40,8,4,1,8,2,0.018,0.000028,0.0016,0.000045,0.9,120,420,600,1800,360,520,0,800,w_laser_light_01,w_laser_arc_007,w_missile_arc_005,,WV-T23,0.46,2,60,600,assets/images/ship/npc_test_ship_001.png,assets/images/ship/ship_top_001.png,FALSE,8,8,0,10,1,3,1.01,neutral,
combat,npc_wave_invader_t24,웨이브 적함 T24(돌격로켓+스파이크드론),,hull_cap_patrol_01,npc_cpt_ai_robot_default,arcadia,80,40,8,4,1,8,2,0.018,0.000028,0.0016,0.000045,0.9,120,420,600,1800,360,520,0,800,w_laser_light_01,w_laser_arc_007,w_missile_arc_005,,WV-T24,0.46,2,60,600,assets/images/ship/npc_test_ship_001.png,assets/images/ship/ship_top_001.png,FALSE,8,8,0,10,1,3,1.01,neutral,
combat,npc_wave_invader_t25,웨이브 적함 T25(융합로켓+댄싱드론),,hull_cap_patrol_01,npc_cpt_ai_robot_default,arcadia,80,40,8,4,1,8,2,0.018,0.000028,0.0016,0.000045,0.9,120,420,600,1800,360,520,0,800,w_laser_light_01,w_laser_arc_007,w_missile_arc_005,,WV-T25,0.46,2,60,600,assets/images/ship/npc_test_ship_001.png,assets/images/ship/ship_top_001.png,FALSE,8,8,0,10,1,3,1.01,neutral,
combat,npc_wave_invader_t26,웨이브 적함 T26(입자포+침투함재기),,hull_cap_patrol_01,npc_cpt_ai_robot_default,arcadia,80,40,8,4,1,8,2,0.018,0.000028,0.0016,0.000045,0.9,120,420,600,1800,360,520,0,800,w_laser_light_01,w_laser_arc_012,w_missile_arc_005,,WV-T26,0.46,2,60,600,assets/images/ship/npc_test_ship_001.png,assets/images/ship/ship_top_001.png,FALSE,8,8,0,10,1,3,1.01,neutral,
combat,npc_wave_invader_t27,웨이브 적함 T27(광자레이저+추적미사일),,hull_cap_patrol_01,npc_cpt_ai_robot_default,arcadia,80,40,8,4,1,8,2,0.018,0.000028,0.0016,0.000045,0.9,120,420,600,1800,360,520,0,800,w_laser_light_01,w_laser_arc_012,w_missile_arc_005,,WV-T27,0.46,2,60,600,assets/images/ship/npc_test_ship_001.png,assets/images/ship/ship_top_001.png,FALSE,8,8,0,10,1,3,1.01,neutral,
combat,npc_wave_invader_t28,웨이브 적함 T28(핵로켓+순항미사일),,hull_cap_patrol_01,npc_cpt_ai_robot_default,arcadia,80,40,8,4,1,8,2,0.018,0.000028,0.0016,0.000045,0.9,120,420,600,1800,360,520,0,800,w_laser_light_01,w_laser_arc_012,w_missile_arc_005,,WV-T28,0.46,2,60,600,assets/images/ship/npc_test_ship_001.png,assets/images/ship/ship_top_001.png,FALSE,8,8,0,10,1,3,1.01,neutral,
combat,npc_wave_invader_t29,웨이브 적함 T29(반물질+아다만틴함재기),,hull_cap_patrol_01,npc_cpt_ai_robot_default,arcadia,80,40,8,4,1,8,2,0.018,0.000028,0.0016,0.000045,0.9,120,420,600,1800,360,520,0,800,w_laser_light_01,w_laser_arc_012,w_missile_arc_005,,WV-T29,0.46,2,60,600,assets/images/ship/npc_test_ship_001.png,assets/images/ship/ship_top_001.png,FALSE,8,8,0,10,1,3,1.01,neutral,
combat,npc_wave_invader_t30,웨이브 적함 T30(방위빔+전술드론),,hull_cap_patrol_01,npc_cpt_ai_robot_default,arcadia,80,40,8,4,1,8,2,0.018,0.000028,0.0016,0.000045,0.9,120,420,600,1800,360,520,0,800,w_laser_light_01,w_laser_arc_012,w_missile_arc_005,,WV-T30,0.46,2,60,600,assets/images/ship/npc_test_ship_001.png,assets/images/ship/ship_top_001.png,FALSE,8,8,0,10,1,3,1.01,neutral,
combat,npc_enemy_arcadia_01,아르카디아 침입함 01,,hull_cap_patrol_01,npc_cpt_enemy_arcadia_01,arcadia,314,95,8,4,2,8,3,0.02,0.000032,0.00175,0.000048,1,120,480,500,1800,380,580,0,900,w_laser_light_01,w_missile_standard_01,w_missile_arc_005,,E-ARCADIA_01,0.46,2,60,600,assets/images/ship/npc_test_ship_001.png,assets/images/ship/ship_top_002.png,FALSE,10,10,8,48,5,3,1.05,neutral,
combat,npc_enemy_arcadia_02,아르카디아 차단함 02,,hull_cap_patrol_01,npc_cpt_enemy_arcadia_02,arcadia,314,95,8,4,2,8,3,0.02,0.000032,0.00175,0.000048,1,120,480,500,1800,380,580,0,900,w_laser_light_01,w_missile_standard_01,w_missile_arc_005,,E-ARCADIA_02,0.46,2,60,600,assets/images/ship/npc_test_ship_001.png,assets/images/ship/ship_top_002.png,FALSE,10,10,8,48,5,3,1.05,neutral,
combat,npc_enemy_arcadia_03,아르카디아 추격함 03,,hull_cap_patrol_01,npc_cpt_enemy_arcadia_03,arcadia,314,95,8,4,2,8,3,0.02,0.000032,0.00175,0.000048,1,120,480,500,1800,380,580,0,900,w_laser_light_01,w_missile_standard_01,w_missile_arc_005,,E-ARCADIA_03,0.46,2,60,600,assets/images/ship/npc_test_ship_001.png,assets/images/ship/ship_top_002.png,FALSE,10,10,8,48,5,3,1.05,neutral,
combat,npc_enemy_draco_01,드라코 성운함 01,,hull_cap_patrol_01,npc_cpt_enemy_draco_01,draco_nebula,314,95,8,4,2,8,3,0.02,0.000032,0.00175,0.000048,1,120,480,500,1800,380,580,0,900,w_laser_arc_004,w_missile_arc_022,w_missile_arc_005,,E-DRACO_01,0.46,2,60,600,assets/images/ship/npc_test_ship_001.png,assets/images/ship/ship_top_002.png,FALSE,10,10,8,48,5,3,1.05,neutral,
combat,npc_enemy_draco_02,드라코 잠행함 02,,hull_cap_patrol_01,npc_cpt_enemy_draco_02,draco_nebula,328,100,9,5,2,8,3,0.02,0.000032,0.00175,0.000048,1,120,480,500,1800,380,580,0,900,w_laser_arc_010,w_missile_arc_003,w_missile_arc_005,,E-DRACO_02,0.46,2,60,600,assets/images/ship/npc_test_ship_001.png,assets/images/ship/ship_top_002.png,FALSE,10,10,8,56,6,3,1.06,neutral,
combat,npc_enemy_solar_01,솔라 침입함 01,,hull_cap_patrol_01,npc_cpt_enemy_solar_01,solar_port,328,100,9,5,2,8,3,0.02,0.000032,0.00175,0.000048,1,120,480,500,1800,380,580,0,900,w_laser_light_01,w_missile_standard_01,w_missile_arc_005,,E-SOLAR_01,0.46,2,60,600,assets/images/ship/npc_test_ship_001.png,assets/images/ship/ship_top_002.png,FALSE,10,10,8,56,6,3,1.06,neutral,
combat,npc_enemy_draco_03,드라코 추격함 03,,hull_cap_patrol_01,npc_cpt_enemy_draco_03,draco_nebula,342,105,9,5,2,8,3,0.02,0.000032,0.00175,0.000048,1,120,480,500,1800,380,580,0,900,w_laser_arc_019,w_missile_arc_006,w_missile_arc_005,,E-DRACO_03,0.46,2,60,600,assets/images/ship/npc_test_ship_001.png,assets/images/ship/ship_top_002.png,FALSE,10,10,8,64,7,3,1.07,neutral,
combat,npc_enemy_minerva_01,미네르바 침입함 01,,hull_cap_patrol_01,npc_cpt_enemy_minerva_01,minerva,342,105,9,5,2,8,3,0.02,0.000032,0.00175,0.000048,1,120,480,500,1800,380,580,0,900,w_laser_light_01,w_missile_standard_01,w_missile_arc_005,,E-MINERVA_01,0.46,2,60,600,assets/images/ship/npc_test_ship_001.png,assets/images/ship/ship_top_002.png,FALSE,10,10,8,64,7,3,1.07,neutral,
combat,npc_enemy_vega_01,베가 침입함 01,,hull_cap_patrol_01,npc_cpt_enemy_vega_01,vega_outpost,356,110,9,5,2,8,3,0.02,0.000032,0.00175,0.000048,1,120,480,500,1800,380,580,0,900,w_laser_light_01,w_missile_standard_01,w_missile_arc_005,,E-VEGA_01,0.46,2,60,600,assets/images/ship/npc_test_ship_001.png,assets/images/ship/ship_top_002.png,FALSE,10,10,8,72,8,3,1.08,neutral,
combat,npc_enemy_eden_01,뉴 에덴 순양함 01,,hull_cap_patrol_01,npc_cpt_enemy_eden_01,new_eden,370,115,10,6,2,8,3,0.02,0.000032,0.00175,0.000048,1,120,480,500,1800,380,580,0,900,w_laser_light_01,w_missile_standard_01,w_missile_arc_005,,E-EDEN_01,0.46,2,60,600,assets/images/ship/npc_test_ship_001.png,assets/images/ship/ship_top_002.png,FALSE,10,10,8,80,9,3,1.09,neutral,
general,npc_blue_fleet_2,블루전함2,,hull_cap_research_01,npc_cpt_vector,draco_nebula,380,260,10,6,2,10,8,0.0189,0.000031,0.0017,0.000048,0.94,160,560,800,2400,480,660,250,1300,w_laser_light_01,w_missile_guided_triple_01,w_missile_arc_005,,MK.V|trade:113999,0.46,2,60,600,assets/images/ship/npc_test_ship_001.png,assets/images/ship/ship_top_002.png,FALSE,14,14,0,95,10,3,1.1,neutral,
combat,npc_enemy_iron_01,아이언 약탈함 01,,hull_cap_patrol_01,npc_cpt_enemy_iron_01,iron_cross,384,120,10,6,2,8,3,0.02,0.000032,0.00175,0.000048,1,120,480,500,1800,380,580,0,900,w_laser_light_01,w_missile_standard_01,w_missile_arc_005,,E-IRON_01,0.46,2,60,600,assets/images/ship/npc_test_ship_001.png,assets/images/ship/ship_top_002.png,FALSE,10,10,8,88,10,3,1.1,neutral,
combat,npc_enemy_iron_02,아이언 차단함 02,,hull_cap_patrol_01,npc_cpt_enemy_iron_02,iron_cross,384,120,10,6,2,8,3,0.02,0.000032,0.00175,0.000048,1,120,480,500,1800,380,580,0,900,w_laser_light_01,w_missile_standard_01,w_missile_arc_005,,E-IRON_02,0.46,2,60,600,assets/images/ship/npc_test_ship_001.png,assets/images/ship/ship_top_002.png,FALSE,10,10,8,88,10,3,1.1,neutral,
combat,npc_enemy_iron_03,아이언 사냥함 03,,hull_cap_patrol_01,npc_cpt_enemy_iron_03,iron_cross,384,120,10,6,2,8,3,0.02,0.000032,0.00175,0.000048,1,120,480,500,1800,380,580,0,900,w_laser_light_01,w_missile_standard_01,w_missile_arc_005,,E-IRON_03,0.46,2,60,600,assets/images/ship/npc_test_ship_001.png,assets/images/ship/ship_top_002.png,FALSE,10,10,8,88,10,3,1.1,neutral,
general,npc_blue_fleet_3,블루전함3,,hull_cap_carrier_light_01,npc_cpt_sela,minerva,420,160,12,5,4,8,2,0.0192,0.000031,0.00174,0.000048,0.96,150,540,760,2200,470,640,200,1300,w_laser_light_01,w_missile_guided_triple_01,w_missile_arc_005,,MK.I|trade:113999,0.46,2,60,600,assets/images/ship/npc_test_ship_001.png,assets/images/ship/ship_top_002.png,FALSE,14,14,0,105,11,3,1.11,neutral,
combat,npc_ai_clan_pvp_flagship,홍월기함1,,hull_cap_raider_01,npc_cpt_ai_clan_pvp_01,nightfall,440,120,11,11,4,8,5,0.0256,0.000042,0.00225,0.000065,1.12,90,360,380,1450,390,560,0,900,w_laser_light_01,w_missile_guided_triple_01,w_missile_arc_005,,CL-P|trade:250000,0.46,2,60,600,assets/images/ship/npc_test_ship_001.png,assets/images/ship/ship_top_002.png,FALSE,14,14,0,110,11,3,1.11,neutral,
combat,npc_red_fleet_3,레드전함3,,hull_cap_raider_01,npc_cpt_raid_scar,minerva,440,120,11,11,4,8,5,0.0256,0.000042,0.00225,0.000065,1.12,90,360,380,1450,390,560,0,900,w_laser_light_01,w_missile_guided_triple_01,w_missile_arc_005,,MK.III|trade:113999,0.46,2,60,600,assets/images/ship/npc_test_ship_001.png,assets/images/ship/ship_top_002.png,FALSE,14,14,0,110,11,3,1.11,neutral,
combat,npc_mock_ai_ship_15,모의전함 15,,hull_cap_research_01,npc_cpt_mock_pvp_15,draco_nebula,452,225,11,6,2,10,7,0.0193,0.000031,0.00174,0.000048,0.97,145,540,760,2250,470,640,180,1250,w_laser_light_01,w_missile_guided_triple_01,w_missile_arc_005,,DRC-M15,0.46,2,60,600,assets/images/ship/npc_test_ship_001.png,assets/images/ship/ship_top_002.png,FALSE,14,14,0,113,11,3,1.11,neutral,
combat,npc_mock_ai_ship_04,모의전함 04,,hull_cap_research_01,npc_cpt_mock_pvp_04,draco_nebula,455,220,11,6,2,10,7,0.0194,0.000032,0.00175,0.000049,0.98,145,540,760,2200,465,635,130,1180,w_laser_light_01,w_missile_guided_triple_01,w_missile_arc_005,,DRC-M4,0.46,2,60,600,assets/images/ship/npc_test_ship_001.png,assets/images/ship/ship_top_002.png,FALSE,14,14,0,114,11,3,1.11,neutral,
combat,npc_mock_ai_ship_11,모의전함 11,,hull_cap_patrol_01,npc_cpt_mock_pvp_11,draco_nebula,458,186,12,6,3,8,3,0.0198,0.000032,0.00178,0.000049,0.98,140,530,720,2200,465,635,150,1200,w_laser_light_01,w_missile_guided_triple_01,w_missile_arc_005,,DRC-M11,0.46,2,60,600,assets/images/ship/npc_test_ship_001.png,assets/images/ship/ship_top_002.png,FALSE,14,14,0,115,11,3,1.11,neutral,
combat,npc_enemy_omega_01,오메가 약탈함 01,,hull_cap_patrol_01,npc_cpt_enemy_omega_01,omega_station,412,130,11,6,2,8,3,0.02,0.000032,0.00175,0.000048,1,120,480,500,1800,380,580,0,900,w_laser_light_01,w_missile_standard_01,w_missile_arc_005,,E-OMEGA_01,0.46,2,60,600,assets/images/ship/npc_test_ship_001.png,assets/images/ship/ship_top_002.png,FALSE,10,10,8,104,12,3,1.12,neutral,
combat,npc_enemy_omega_02,오메가 차단함 02,,hull_cap_patrol_01,npc_cpt_enemy_omega_02,omega_station,412,130,11,6,2,8,3,0.02,0.000032,0.00175,0.000048,1,120,480,500,1800,380,580,0,900,w_laser_light_01,w_missile_standard_01,w_missile_arc_005,,E-OMEGA_02,0.46,2,60,600,assets/images/ship/npc_test_ship_001.png,assets/images/ship/ship_top_002.png,FALSE,10,10,8,104,12,3,1.12,neutral,
combat,npc_enemy_omega_03,오메가 사냥함 03,,hull_cap_patrol_01,npc_cpt_enemy_omega_03,omega_station,412,130,11,6,2,8,3,0.02,0.000032,0.00175,0.000048,1,120,480,500,1800,380,580,0,900,w_laser_light_01,w_missile_standard_01,w_missile_arc_005,,E-OMEGA_03,0.46,2,60,600,assets/images/ship/npc_test_ship_001.png,assets/images/ship/ship_top_002.png,FALSE,10,10,8,104,12,3,1.12,neutral,
combat,npc_enemy_helios_01,헬리오스 강습함 01,,hull_cap_patrol_01,npc_cpt_enemy_helios_01,helios,426,135,11,7,2,8,3,0.02,0.000032,0.00175,0.000048,1,120,480,500,1800,380,580,0,900,w_laser_light_01,w_missile_standard_01,w_missile_arc_005,,E-HELIOS_01,0.46,2,60,600,assets/images/ship/npc_test_ship_001.png,assets/images/ship/ship_top_002.png,FALSE,10,10,8,112,12,3,1.12,neutral,
combat,npc_enemy_helios_02,헬리오스 코일함 02,,hull_cap_patrol_01,npc_cpt_enemy_helios_02,helios,426,135,11,7,2,8,3,0.02,0.000032,0.00175,0.000048,1,120,480,500,1800,380,580,0,900,w_laser_light_01,w_missile_standard_01,w_missile_arc_005,,E-HELIOS_02,0.46,2,60,600,assets/images/ship/npc_test_ship_001.png,assets/images/ship/ship_top_002.png,FALSE,10,10,8,112,12,3,1.12,neutral,
combat,npc_enemy_helios_03,헬리오스 추격함 03,,hull_cap_patrol_01,npc_cpt_enemy_helios_03,helios,426,135,11,7,2,8,3,0.02,0.000032,0.00175,0.000048,1,120,480,500,1800,380,580,0,900,w_laser_light_01,w_missile_standard_01,w_missile_arc_005,,E-HELIOS_03,0.46,2,60,600,assets/images/ship/npc_test_ship_001.png,assets/images/ship/ship_top_002.png,FALSE,10,10,8,112,12,3,1.12,neutral,
general,npc_blue_fleet_1,블루전함1,,hull_cap_patrol_01,npc_cpt_jex,sirius,460,200,15,9,3,10,5,0.0196,0.000032,0.0018,0.00005,0.98,140,520,650,2100,450,620,120,1200,w_laser_light_01,w_missile_guided_triple_01,w_missile_arc_005,,MK.IV|trade:1200000,0.46,2,60,600,assets/images/ship/npc_test_ship_001.png,assets/images/ship/ship_top_002.png,FALSE,14,14,0,115,12,3,1.12,neutral,
combat,npc_vega_blue_10,베가 블루 수호 10,,hull_cap_research_01,npc_cpt_vega_blue_10,vega_outpost,460,225,11,6,2,10,7,0.0194,0.000032,0.00175,0.000049,0.98,145,540,760,2200,465,635,130,1180,w_laser_light_01,w_missile_guided_triple_01,w_missile_arc_005,,V-B10|trade:250000,0.46,2,60,600,assets/images/ship/npc_test_ship_001.png,assets/images/ship/ship_top_002.png,FALSE,14,14,0,105,12,3,1.12,neutral,
combat,npc_mock_ai_ship_10,모의전함 10,,hull_cap_patrol_01,npc_cpt_mock_pvp_10,draco_nebula,462,182,12,7,3,10,4,0.02,0.000032,0.0018,0.00005,0.99,138,515,635,2070,447,617,112,1160,w_laser_light_01,w_missile_guided_triple_01,w_missile_arc_005,,DRC-M10,0.46,2,60,600,assets/images/ship/npc_test_ship_001.png,assets/images/ship/ship_top_002.png,FALSE,14,14,0,116,12,3,1.12,neutral,
combat,npc_mock_ai_ship_16,모의전함 16,,hull_cap_patrol_01,npc_cpt_mock_pvp_16,draco_nebula,466,180,13,7,3,10,4,0.0202,0.000033,0.00182,0.00005,0.99,136,510,630,2050,445,615,110,1150,w_laser_light_01,w_missile_guided_triple_01,w_missile_arc_005,,DRC-M16,0.46,2,60,600,assets/images/ship/npc_test_ship_001.png,assets/images/ship/ship_top_002.png,FALSE,14,14,0,117,12,3,1.12,neutral,
combat,npc_mock_ai_ship_09,모의전함 09,,hull_cap_patrol_01,npc_cpt_mock_pvp_09,draco_nebula,468,176,13,7,3,10,4,0.0202,0.000033,0.00183,0.00005,1,136,510,630,2050,445,615,110,1150,w_laser_light_01,w_missile_guided_triple_01,w_missile_arc_005,,DRC-M9,0.46,2,60,600,assets/images/ship/npc_test_ship_001.png,assets/images/ship/ship_top_002.png,FALSE,14,14,0,117,12,3,1.12,neutral,
combat,npc_mock_ai_ship_19,모의전함 19,,hull_cap_patrol_01,npc_cpt_mock_pvp_19,draco_nebula,469,184,13,7,3,10,4,0.0203,0.000033,0.00183,0.000051,1,132,505,625,2010,442,612,95,1105,w_laser_light_01,w_missile_guided_triple_01,w_missile_arc_005,,DRC-M19,0.46,2,60,600,assets/images/ship/npc_test_ship_001.png,assets/images/ship/ship_top_002.png,FALSE,14,14,0,117,12,3,1.12,neutral,
combat,npc_blue_fleet_4,블루전함4,,hull_cap_patrol_01,npc_cpt_eden_08,vega_outpost,470,180,13,8,3,10,5,0.0204,0.000033,0.00184,0.00005,0.99,130,500,620,2000,440,610,100,1100,w_laser_light_01,w_missile_nova_01,w_missile_arc_005,,MK.III|trade:250000,0.46,2,60,600,assets/images/ship/npc_test_ship_001.png,assets/images/ship/ship_top_002.png,FALSE,14,14,0,118,12,3,1.12,neutral,
combat,npc_mock_ai_ship_06,모의전함 06,,hull_cap_patrol_01,npc_cpt_mock_pvp_06,draco_nebula,470,175,13,7,3,10,4,0.0201,0.000033,0.00182,0.00005,0.99,140,520,650,2100,450,620,120,1200,w_laser_light_01,w_missile_guided_triple_01,w_missile_arc_005,,DRC-M6,0.46,2,60,600,assets/images/ship/npc_test_ship_001.png,assets/images/ship/ship_top_002.png,FALSE,14,14,0,118,12,3,1.12,neutral,
combat,npc_mock_ai_ship_14,모의전함 14,,hull_cap_patrol_01,npc_cpt_mock_pvp_14,draco_nebula,472,178,13,7,3,10,4,0.0203,0.000033,0.00183,0.00005,1,132,505,610,2000,440,610,90,1100,w_laser_light_01,w_missile_guided_triple_01,w_missile_arc_005,,DRC-M14,0.46,2,60,600,assets/images/ship/npc_test_ship_001.png,assets/images/ship/ship_top_002.png,FALSE,14,14,0,118,12,3,1.12,neutral,
combat,npc_mock_ai_ship_18,모의전함 18,,hull_cap_patrol_01,npc_cpt_mock_pvp_18,draco_nebula,474,182,13,7,3,10,4,0.0204,0.000033,0.00184,0.000051,1,130,500,620,2000,440,610,100,1100,w_laser_light_01,w_missile_guided_triple_01,w_missile_arc_005,,DRC-M18,0.46,2,60,600,assets/images/ship/npc_test_ship_001.png,assets/images/ship/ship_top_002.png,FALSE,14,14,0,119,12,3,1.12,neutral,
combat,npc_mock_ai_ship_07,모의전함 07,,hull_cap_patrol_01,npc_cpt_mock_pvp_07,draco_nebula,475,178,13,8,3,10,4,0.0204,0.000033,0.00184,0.000051,1,134,505,625,2010,442,612,95,1105,w_laser_light_01,w_missile_guided_triple_01,w_missile_arc_005,,DRC-M7,0.46,2,60,600,assets/images/ship/npc_test_ship_001.png,assets/images/ship/ship_top_002.png,FALSE,14,14,0,119,12,3,1.12,neutral,
combat,npc_vega_blue_11,베가 블루 수호 11,,hull_cap_patrol_01,npc_cpt_vega_blue_11,vega_outpost,476,186,13,7,3,10,4,0.0203,0.000033,0.00183,0.00005,1,136,510,630,2050,445,615,110,1150,w_laser_light_01,w_missile_guided_triple_01,w_missile_arc_005,,V-B11|trade:250000,0.46,2,60,600,assets/images/ship/npc_test_ship_001.png,assets/images/ship/ship_top_002.png,FALSE,14,14,0,108,12,3,1.12,neutral,
combat,npc_vega_blue_7,베가 블루 수호 7,,hull_cap_patrol_01,npc_cpt_vega_blue_07,vega_outpost,478,188,13,8,3,10,5,0.0206,0.000033,0.00184,0.000051,1,130,500,620,2000,440,610,100,1100,w_laser_light_01,w_missile_guided_triple_01,w_missile_arc_005,,V-B7|trade:250000,0.46,2,60,600,assets/images/ship/npc_test_ship_001.png,assets/images/ship/ship_top_002.png,FALSE,14,14,0,110,12,3,1.12,neutral,
combat,npc_mock_ai_ship_01,모의전함 01,,hull_cap_patrol_01,npc_cpt_mock_pvp_01,draco_nebula,480,180,12,7,3,10,4,0.0203,0.000033,0.00183,0.000051,1,135,500,620,1980,440,610,80,1080,w_laser_heavy_01,w_missile_guided_triple_01,w_missile_arc_005,,DRC-M1,0.46,2,60,600,assets/images/ship/npc_test_ship_001.png,assets/images/ship/ship_top_002.png,FALSE,14,14,0,120,12,3,1.12,neutral,
combat,npc_red_fleet_2,레드전함2,,hull_cap_siege_01,npc_cpt_orin,vega_outpost,480,220,16,7,2,12,6,0.0224,0.000036,0.00195,0.000055,1.02,140,520,650,1900,450,620,180,1200,w_laser_heavy_01,w_missile_nova_01,w_missile_arc_005,,MK.II|trade:250000,0.46,2,60,600,assets/images/ship/npc_test_ship_001.png,assets/images/ship/ship_top_002.png,FALSE,14,14,0,120,12,3,1.12,neutral,
combat,npc_vega_blue_8,베가 블루 수호 8,,hull_cap_patrol_01,npc_cpt_vega_blue_08,vega_outpost,480,190,13,8,3,10,5,0.0205,0.000033,0.00184,0.000051,1,130,500,620,2000,440,610,100,1100,w_laser_light_01,w_missile_guided_triple_01,w_missile_arc_005,,V-B8|trade:250000,0.46,2,60,600,assets/images/ship/npc_test_ship_001.png,assets/images/ship/ship_top_002.png,FALSE,14,14,0,110,12,3,1.12,neutral,
combat,npc_neweden_blue_7,뉴에덴 블루 7,,hull_cap_patrol_01,npc_cpt_neweden_blue_07,new_eden,482,192,13,8,3,10,5,0.0206,0.000033,0.00184,0.000051,1,131,502,622,2010,441,611,102,1110,w_laser_light_01,w_missile_guided_triple_01,w_missile_arc_005,,E-B7|trade:250000,0.46,2,60,600,assets/images/ship/npc_test_ship_001.png,assets/images/ship/ship_top_002.png,FALSE,14,14,0,112,12,3,1.12,neutral,
combat,npc_mock_ai_ship_02,모의전함 02,,hull_cap_patrol_01,npc_cpt_mock_pvp_02,draco_nebula,490,170,13,8,3,10,4,0.0206,0.000033,0.00186,0.000051,1.01,130,490,610,1950,438,608,75,1070,w_laser_light_01,w_missile_nova_01,w_missile_arc_005,,DRC-M2,0.46,2,60,600,assets/images/ship/npc_test_ship_001.png,assets/images/ship/ship_top_002.png,FALSE,14,14,0,123,12,3,1.12,neutral,
combat,npc_blue_fleet_6,블루전함6,,hull_cap_siege_01,npc_cpt_eden_10,new_eden,495,210,15,7,2,12,6,0.021,0.000034,0.0019,0.000052,1.01,130,520,640,2100,450,620,120,1200,w_laser_heavy_01,w_missile_guided_triple_01,w_missile_arc_005,,MK.V|trade:250375,0.46,2,60,600,assets/images/ship/npc_test_ship_001.png,assets/images/ship/ship_top_002.png,FALSE,14,14,0,124,12,3,1.12,neutral,
combat,npc_enemy_sirius_01,시리우스 약탈함 01,,hull_cap_patrol_01,npc_cpt_enemy_sirius_01,sirius,440,140,11,7,2,8,3,0.02,0.000032,0.00175,0.000048,1,120,480,500,1800,380,580,0,900,w_laser_light_01,w_missile_standard_01,w_missile_arc_005,,E-SIRIUS_01,0.46,2,60,600,assets/images/ship/npc_test_ship_001.png,assets/images/ship/ship_top_002.png,FALSE,10,10,10,120,13,3,1.13,neutral,
combat,npc_enemy_sirius_02,시리우스 침투함 02,,hull_cap_patrol_01,npc_cpt_enemy_sirius_02,sirius,440,140,11,7,2,8,3,0.02,0.000032,0.00175,0.000048,1,120,480,500,1800,380,580,0,900,w_laser_light_01,w_missile_standard_01,w_missile_arc_005,,E-SIRIUS_02,0.46,2,60,600,assets/images/ship/npc_test_ship_001.png,assets/images/ship/ship_top_002.png,FALSE,10,10,10,120,13,3,1.13,neutral,
combat,npc_enemy_sirius_03,시리우스 호위함 03,,hull_cap_patrol_01,npc_cpt_enemy_sirius_03,sirius,440,140,11,7,2,8,3,0.02,0.000032,0.00175,0.000048,1,120,480,500,1800,380,580,0,900,w_laser_light_01,w_missile_standard_01,w_missile_arc_005,,E-SIRIUS_03,0.46,2,60,600,assets/images/ship/npc_test_ship_001.png,assets/images/ship/ship_top_002.png,FALSE,10,10,10,120,13,3,1.13,neutral,
combat,npc_enemy_titan_01,타이탄 강탈함 01,,hull_cap_patrol_01,npc_cpt_enemy_titan_01,titan_gate,440,140,11,7,2,8,3,0.02,0.000032,0.00175,0.000048,1,120,480,500,1800,380,580,0,900,w_laser_light_01,w_missile_standard_01,w_missile_arc_005,,E-TITAN_01,0.46,2,60,600,assets/images/ship/npc_test_ship_001.png,assets/images/ship/ship_top_002.png,FALSE,10,10,10,120,13,3,1.13,neutral,
combat,npc_enemy_titan_02,타이탄 추적함 02,,hull_cap_patrol_01,npc_cpt_enemy_titan_02,titan_gate,440,140,11,7,2,8,3,0.02,0.000032,0.00175,0.000048,1,120,480,500,1800,380,580,0,900,w_laser_light_01,w_missile_standard_01,w_missile_arc_005,,E-TITAN_02,0.46,2,60,600,assets/images/ship/npc_test_ship_001.png,assets/images/ship/ship_top_002.png,FALSE,10,10,10,120,13,3,1.13,neutral,
combat,npc_enemy_titan_03,타이탄 차단함 03,,hull_cap_patrol_01,npc_cpt_enemy_titan_03,titan_gate,440,140,11,7,2,8,3,0.02,0.000032,0.00175,0.000048,1,120,480,500,1800,380,580,0,900,w_laser_light_01,w_missile_standard_01,w_missile_arc_005,,E-TITAN_03,0.46,2,60,600,assets/images/ship/npc_test_ship_001.png,assets/images/ship/ship_top_002.png,FALSE,10,10,10,120,13,3,1.13,neutral,
combat,npc_vega_red_10,베가 레드 돌격 10,,hull_cap_raider_01,npc_cpt_vega_red_10,vega_outpost,498,148,12,10,4,8,5,0.0252,0.000041,0.00223,0.000064,1.11,95,360,380,1450,390,560,0,900,w_laser_light_01,w_missile_guided_triple_01,w_missile_arc_005,,V-R10|trade:250000,0.46,2,60,600,assets/images/ship/npc_test_ship_001.png,assets/images/ship/ship_top_002.png,FALSE,14,14,0,120,13,3,1.13,neutral,
combat,npc_mock_ai_ship_08,모의전함 08,,hull_cap_line_01,npc_cpt_mock_pvp_08,draco_nebula,500,188,14,8,3,10,4,0.0211,0.000034,0.00188,0.000052,1.01,128,495,615,1990,438,608,85,1095,w_laser_heavy_01,w_missile_guided_triple_01,w_missile_arc_005,,DRC-M8,0.46,2,60,600,assets/images/ship/npc_test_ship_001.png,assets/images/ship/ship_top_002.png,FALSE,14,14,0,125,13,3,1.13,neutral,
combat,npc_vega_red_4,베가 레드 돌격 4,,hull_cap_raider_01,npc_cpt_vega_red_04,vega_outpost,500,150,13,9,3,10,5,0.0242,0.000039,0.00215,0.000062,1.08,118,420,440,1600,410,580,0,920,w_laser_heavy_01,w_missile_guided_triple_01,w_missile_arc_005,,V-R4|trade:250000,0.46,2,60,600,assets/images/ship/npc_test_ship_001.png,assets/images/ship/ship_top_002.png,FALSE,14,14,0,120,13,3,1.13,neutral,
combat,npc_mock_ai_ship_17,모의전함 17,,hull_cap_line_01,npc_cpt_mock_pvp_17,draco_nebula,502,186,14,8,3,10,4,0.021,0.000034,0.00188,0.000052,1.01,128,495,615,1990,438,608,85,1095,w_laser_heavy_01,w_missile_guided_triple_01,w_missile_arc_005,,DRC-M17,0.46,2,60,600,assets/images/ship/npc_test_ship_001.png,assets/images/ship/ship_top_002.png,FALSE,14,14,0,126,13,3,1.13,neutral,
combat,npc_vega_red_5,베가 레드 돌격 5,,hull_cap_raider_01,npc_cpt_vega_red_05,vega_outpost,505,152,13,9,3,10,5,0.0241,0.000039,0.00214,0.000062,1.08,118,420,440,1600,410,580,0,920,w_laser_heavy_01,w_missile_guided_triple_01,w_missile_arc_005,,V-R5|trade:250000,0.46,2,60,600,assets/images/ship/npc_test_ship_001.png,assets/images/ship/ship_top_002.png,FALSE,14,14,0,120,13,3,1.13,neutral,
combat,npc_mock_ai_ship_12,모의전함 12,,hull_cap_line_01,npc_cpt_mock_pvp_12,draco_nebula,506,190,14,8,3,10,4,0.0212,0.000034,0.0019,0.000052,1.01,125,490,610,1980,440,610,100,1100,w_laser_heavy_01,w_missile_guided_triple_01,w_missile_arc_005,,DRC-M12,0.46,2,60,600,assets/images/ship/npc_test_ship_001.png,assets/images/ship/ship_top_002.png,FALSE,14,14,0,127,13,3,1.13,neutral,
combat,npc_vega_blue_9,베가 블루 수호 9,,hull_cap_line_01,npc_cpt_vega_blue_09,vega_outpost,508,186,14,8,3,10,4,0.0212,0.000034,0.0019,0.000052,1.01,125,490,610,1980,440,610,100,1100,w_laser_heavy_01,w_missile_guided_triple_01,w_missile_arc_005,,V-B9|trade:250000,0.46,2,60,600,assets/images/ship/npc_test_ship_001.png,assets/images/ship/ship_top_002.png,FALSE,14,14,0,120,13,3,1.13,neutral,
combat,npc_blue_fleet_5,블루전함5,,hull_cap_line_01,npc_cpt_eden_09,new_eden,510,170,14,8,3,10,4,0.0215,0.000035,0.00192,0.000052,1,120,460,560,1850,430,600,80,1050,w_laser_heavy_01,w_missile_guided_triple_01,w_missile_arc_005,,MK.IV|trade:250000,0.46,2,60,600,assets/images/ship/npc_test_ship_001.png,assets/images/ship/ship_top_002.png,FALSE,14,14,0,128,13,3,1.13,neutral,
combat,npc_mock_ai_ship_03,모의전함 03,,hull_cap_line_01,npc_cpt_mock_pvp_03,draco_nebula,510,185,14,8,3,10,4,0.0212,0.000034,0.0019,0.000052,1.02,128,480,600,1920,435,605,70,1060,w_laser_arc_001,w_missile_arc_006,w_missile_arc_005,,DRC-M3,0.46,2,60,600,assets/images/ship/npc_test_ship_001.png,assets/images/ship/ship_top_002.png,FALSE,14,14,0,128,13,3,1.13,neutral,
combat,npc_mock_ai_ship_13,모의전함 13,,hull_cap_siege_01,npc_cpt_mock_pvp_13,draco_nebula,515,205,15,7,2,12,6,0.0209,0.000034,0.00189,0.000052,1.01,130,520,640,2100,450,620,120,1200,w_laser_heavy_01,w_missile_guided_triple_01,w_missile_arc_005,,DRC-M13,0.46,2,60,600,assets/images/ship/npc_test_ship_001.png,assets/images/ship/ship_top_002.png,FALSE,14,14,0,129,13,3,1.13,neutral,
combat,npc_mock_ai_ship_05,모의전함 05,,hull_cap_siege_01,npc_cpt_mock_pvp_05,draco_nebula,520,210,15,7,2,12,6,0.021,0.000034,0.00192,0.000052,1.01,126,500,620,2000,442,612,95,1110,w_laser_heavy_01,w_missile_guided_triple_01,w_missile_arc_005,,DRC-M5,0.46,2,60,600,assets/images/ship/npc_test_ship_001.png,assets/images/ship/ship_top_002.png,FALSE,14,14,0,130,13,3,1.13,neutral,
combat,npc_red_fleet_1,레드전함1,,hull_cap_line_01,npc_cpt_mireille,new_eden,520,180,14,8,3,10,4,0.0238,0.000038,0.0021,0.00006,1.06,120,420,450,1650,420,600,0,1000,w_laser_heavy_01,w_missile_nova_01,w_missile_arc_005,,MK.I|trade:1800000,0.46,2,60,600,assets/images/ship/ship_001.png,assets/images/ship/ship_top_002.png,FALSE,14,14,0,130,13,3,1.13,neutral,
combat,npc_enemy_perseus_01,페르세우스 약탈함 01,,hull_cap_patrol_01,npc_cpt_enemy_perseus_01,perseus,454,145,12,7,2,8,3,0.02,0.000032,0.00175,0.000048,1,120,480,500,1800,380,580,0,900,w_laser_light_01,w_missile_standard_01,w_missile_arc_005,,E-PERSEUS_01,0.46,2,60,600,assets/images/ship/npc_test_ship_001.png,assets/images/ship/ship_top_002.png,FALSE,10,10,10,128,14,3,1.14,neutral,
combat,npc_enemy_perseus_02,페르세우스 수집함 02,,hull_cap_patrol_01,npc_cpt_enemy_perseus_02,perseus,454,145,12,7,2,8,3,0.02,0.000032,0.00175,0.000048,1,120,480,500,1800,380,580,0,900,w_laser_light_01,w_missile_standard_01,w_missile_arc_005,,E-PERSEUS_02,0.46,2,60,600,assets/images/ship/npc_test_ship_001.png,assets/images/ship/ship_top_002.png,FALSE,10,10,10,128,14,3,1.14,neutral,
combat,npc_enemy_perseus_03,페르세우스 요격함 03,,hull_cap_patrol_01,npc_cpt_enemy_perseus_03,perseus,454,145,12,7,2,8,3,0.02,0.000032,0.00175,0.000048,1,120,480,500,1800,380,580,0,900,w_laser_light_01,w_missile_standard_01,w_missile_arc_005,,E-PERSEUS_03,0.46,2,60,600,assets/images/ship/npc_test_ship_001.png,assets/images/ship/ship_top_002.png,FALSE,10,10,10,128,14,3,1.14,neutral,
combat,npc_neweden_red_7,뉴에덴 레드 7,,hull_cap_raider_01,npc_cpt_neweden_red_07,new_eden,502,158,13,9,3,10,5,0.024,0.000038,0.00212,0.000061,1.07,112,410,430,1580,408,578,0,930,w_laser_heavy_01,w_missile_guided_triple_01,w_missile_arc_005,,E-R7|trade:250000,0.46,2,60,600,assets/images/ship/npc_test_ship_001.png,assets/images/ship/ship_top_002.png,FALSE,14,14,0,122,14,3,1.14,neutral,
combat,npc_vega_red_6,베가 레드 돌격 6,,hull_cap_line_01,npc_cpt_vega_red_06,vega_outpost,515,180,14,8,3,10,4,0.0235,0.000037,0.00208,0.000059,1.05,118,400,440,1600,410,580,0,950,w_laser_heavy_01,w_missile_nova_01,w_missile_arc_005,,V-R6|trade:250000,0.46,2,60,600,assets/images/ship/npc_test_ship_001.png,assets/images/ship/ship_top_002.png,FALSE,14,14,0,130,14,3,1.14,neutral,
combat,npc_vega_red_11,베가 레드 돌격 11,,hull_cap_line_01,npc_cpt_vega_red_11,vega_outpost,516,184,14,8,3,10,4,0.0234,0.000037,0.00207,0.000059,1.05,118,400,440,1600,410,580,0,950,w_laser_heavy_01,w_missile_guided_triple_01,w_missile_arc_005,,V-R11|trade:250000,0.46,2,60,600,assets/images/ship/npc_test_ship_001.png,assets/images/ship/ship_top_002.png,FALSE,14,14,0,130,14,3,1.14,neutral,
combat,npc_vega_red_7,베가 레드 돌격 7,,hull_cap_line_01,npc_cpt_vega_red_07,vega_outpost,518,182,14,8,3,10,4,0.0234,0.000037,0.00207,0.000059,1.05,118,400,440,1600,410,580,0,950,w_laser_heavy_01,w_missile_guided_triple_01,w_missile_arc_005,,V-R7|trade:250000,0.46,2,60,600,assets/images/ship/npc_test_ship_001.png,assets/images/ship/ship_top_002.png,FALSE,14,14,0,130,14,3,1.14,neutral,
combat,npc_vega_red_8,베가 레드 돌격 8,,hull_cap_siege_01,npc_cpt_vega_red_08,vega_outpost,520,210,15,7,2,12,6,0.0214,0.000034,0.00192,0.000052,1.01,126,500,620,2000,442,612,95,1110,w_laser_heavy_01,w_missile_nova_01,w_missile_arc_005,,V-R8|trade:5000000,0.46,2,60,600,assets/images/ship/npc_test_ship_001.png,assets/images/ship/ship_top_002.png,FALSE,14,14,0,135,15,3,1.15,neutral,
combat,npc_vega_red_9,베가 레드 돌격 9,,hull_cap_siege_01,npc_cpt_vega_red_09,vega_outpost,522,214,15,7,2,12,6,0.0212,0.000034,0.0019,0.000052,1.01,126,500,620,2000,442,612,95,1110,w_laser_heavy_01,w_missile_guided_triple_01,w_missile_arc_005,,V-R9|trade:7500000,0.46,2,60,600,assets/images/ship/npc_test_ship_001.png,assets/images/ship/ship_top_002.png,FALSE,14,14,0,135,15,3,1.15,neutral,
combat,npc_vega_red_12,베가 레드 돌격 12,,hull_cap_siege_01,npc_cpt_vega_red_12,vega_outpost,524,216,15,7,2,12,6,0.0211,0.000034,0.0019,0.000052,1.01,126,500,620,2000,442,612,95,1110,w_laser_heavy_01,w_missile_nova_01,w_missile_arc_005,,V-R12|trade:15000000,0.46,2,60,600,assets/images/ship/npc_test_ship_001.png,assets/images/ship/ship_top_002.png,FALSE,14,14,0,138,15,3,1.15,neutral,
combat,npc_enemy_crimson_01,크림슨 전열함 01,,hull_cap_raider_01,npc_cpt_enemy_crimson_01,crimson_zone,510,165,13,9,2,8,3,0.02,0.000032,0.00175,0.000048,1,120,480,500,1800,380,580,0,900,w_laser_light_01,w_missile_standard_01,w_missile_arc_005,,E-CRIMSON_01,0.46,2,60,600,assets/images/ship/npc_test_ship_001.png,assets/images/ship/ship_top_002.png,FALSE,10,10,10,160,18,3,1.18,neutral,
combat,npc_enemy_crimson_02,크림슨 차단함 02,,hull_cap_raider_01,npc_cpt_enemy_crimson_02,crimson_zone,510,165,13,9,2,8,3,0.02,0.000032,0.00175,0.000048,1,120,480,500,1800,380,580,0,900,w_laser_light_01,w_missile_standard_01,w_missile_arc_005,,E-CRIMSON_02,0.46,2,60,600,assets/images/ship/npc_test_ship_001.png,assets/images/ship/ship_top_002.png,FALSE,10,10,10,160,18,3,1.18,neutral,
combat,npc_enemy_crimson_03,크림슨 포식함 03,,hull_cap_raider_01,npc_cpt_enemy_crimson_03,crimson_zone,510,165,13,9,2,8,3,0.02,0.000032,0.00175,0.000048,1,120,480,500,1800,380,580,0,900,w_laser_light_01,w_missile_standard_01,w_missile_arc_005,,E-CRIMSON_03,0.46,2,60,600,assets/images/ship/npc_test_ship_001.png,assets/images/ship/ship_top_002.png,FALSE,10,10,10,160,18,3,1.18,neutral,
combat,npc_enemy_shadow_01,섀도우 암시장함 01,,hull_cap_raider_01,npc_cpt_enemy_shadow_01,shadow_nexus,524,170,13,9,2,8,3,0.02,0.000032,0.00175,0.000048,1,120,480,500,1800,380,580,0,900,w_laser_light_01,w_missile_standard_01,w_missile_arc_005,,E-SHADOW_01,0.46,2,60,600,assets/images/ship/npc_test_ship_001.png,assets/images/ship/ship_top_002.png,FALSE,10,10,10,168,19,3,1.19,neutral,
combat,npc_enemy_shadow_02,섀도우 그림자함 02,,hull_cap_raider_01,npc_cpt_enemy_shadow_02,shadow_nexus,524,170,13,9,2,8,3,0.02,0.000032,0.00175,0.000048,1,120,480,500,1800,380,580,0,900,w_laser_light_01,w_missile_standard_01,w_missile_arc_005,,E-SHADOW_02,0.46,2,60,600,assets/images/ship/npc_test_ship_001.png,assets/images/ship/ship_top_002.png,FALSE,10,10,10,168,19,3,1.19,neutral,
combat,npc_enemy_shadow_03,섀도우 은폐함 03,,hull_cap_raider_01,npc_cpt_enemy_shadow_03,shadow_nexus,524,170,13,9,2,8,3,0.02,0.000032,0.00175,0.000048,1,120,480,500,1800,380,580,0,900,w_laser_light_01,w_missile_standard_01,w_missile_arc_005,,E-SHADOW_03,0.46,2,60,600,assets/images/ship/npc_test_ship_001.png,assets/images/ship/ship_top_002.png,FALSE,10,10,10,168,19,3,1.19,neutral,
combat,npc_enemy_dark_01,다크 리프트함 01,,hull_cap_raider_01,npc_cpt_enemy_dark_01,dark_rift,538,175,13,9,2,8,3,0.02,0.000032,0.00175,0.000048,1,120,480,500,1800,380,580,0,900,w_laser_light_01,w_missile_standard_01,w_missile_arc_005,,E-DARK_01,0.46,2,60,600,assets/images/ship/npc_test_ship_001.png,assets/images/ship/ship_top_002.png,FALSE,10,10,10,176,20,3,1.2,neutral,
combat,npc_enemy_dark_02,다크 차단함 02,,hull_cap_raider_01,npc_cpt_enemy_dark_02,dark_rift,538,175,13,9,2,8,3,0.02,0.000032,0.00175,0.000048,1,120,480,500,1800,380,580,0,900,w_laser_light_01,w_missile_standard_01,w_missile_arc_005,,E-DARK_02,0.46,2,60,600,assets/images/ship/npc_test_ship_001.png,assets/images/ship/ship_top_002.png,FALSE,10,10,10,176,20,3,1.2,neutral,
combat,npc_enemy_dark_03,다크 추격함 03,,hull_cap_raider_01,npc_cpt_enemy_dark_03,dark_rift,538,175,13,9,2,8,3,0.02,0.000032,0.00175,0.000048,1,120,480,500,1800,380,580,0,900,w_laser_light_01,w_missile_standard_01,w_missile_arc_005,,E-DARK_03,0.46,2,60,600,assets/images/ship/npc_test_ship_001.png,assets/images/ship/ship_top_002.png,FALSE,10,10,10,176,20,3,1.2,neutral,
combat,npc_enemy_blood_01,블러드 지휘함 01,,hull_cap_raider_01,npc_cpt_enemy_blood_01,blood_field,552,180,14,9,2,8,3,0.02,0.000032,0.00175,0.000048,1,120,480,500,1800,380,580,0,900,w_laser_light_01,w_missile_standard_01,w_missile_arc_005,,E-BLOOD_01,0.46,2,60,600,assets/images/ship/npc_test_ship_001.png,assets/images/ship/ship_top_002.png,FALSE,10,10,10,184,20,3,1.2,neutral,
combat,npc_enemy_blood_02,블러드 감독함 02,,hull_cap_raider_01,npc_cpt_enemy_blood_02,blood_field,552,180,14,9,2,8,3,0.02,0.000032,0.00175,0.000048,1,120,480,500,1800,380,580,0,900,w_laser_light_01,w_missile_standard_01,w_missile_arc_005,,E-BLOOD_02,0.46,2,60,600,assets/images/ship/npc_test_ship_001.png,assets/images/ship/ship_top_002.png,FALSE,10,10,10,184,20,3,1.2,neutral,
combat,npc_enemy_blood_03,블러드 요격함 03,,hull_cap_raider_01,npc_cpt_enemy_blood_03,blood_field,552,180,14,9,2,8,3,0.02,0.000032,0.00175,0.000048,1,120,480,500,1800,380,580,0,900,w_laser_light_01,w_missile_standard_01,w_missile_arc_005,,E-BLOOD_03,0.46,2,60,600,assets/images/ship/npc_test_ship_001.png,assets/images/ship/ship_top_002.png,FALSE,10,10,10,184,20,3,1.2,neutral,
combat,npc_enemy_nightfall_01,나이트폴 군주함 01,,hull_cap_raider_01,npc_cpt_enemy_nightfall_01,nightfall,566,185,14,10,2,8,3,0.02,0.000032,0.00175,0.000048,1,120,480,500,1800,380,580,0,900,w_laser_light_01,w_missile_standard_01,w_missile_arc_005,,E-NIGHTFALL_01,0.46,2,60,600,assets/images/ship/npc_test_ship_001.png,assets/images/ship/ship_top_002.png,FALSE,10,10,10,192,21,3,1.21,neutral,
combat,npc_enemy_nightfall_02,나이트폴 강습함 02,,hull_cap_raider_01,npc_cpt_enemy_nightfall_02,nightfall,566,185,14,10,2,8,3,0.02,0.000032,0.00175,0.000048,1,120,480,500,1800,380,580,0,900,w_laser_light_01,w_missile_standard_01,w_missile_arc_005,,E-NIGHTFALL_02,0.46,2,60,600,assets/images/ship/npc_test_ship_001.png,assets/images/ship/ship_top_002.png,FALSE,10,10,10,192,21,3,1.21,neutral,
combat,npc_enemy_nightfall_03,나이트폴 포위함 03,,hull_cap_raider_01,npc_cpt_enemy_nightfall_03,nightfall,566,185,14,10,2,8,3,0.02,0.000032,0.00175,0.000048,1,120,480,500,1800,380,580,0,900,w_laser_light_01,w_missile_standard_01,w_missile_arc_005,,E-NIGHTFALL_03,0.46,2,60,600,assets/images/ship/npc_test_ship_001.png,assets/images/ship/ship_top_002.png,FALSE,10,10,10,192,21,3,1.21,neutral,
combat,npc_enemy_abyss_01,어비스 문막기함 01,,hull_cap_raider_01,npc_cpt_enemy_abyss_01,abyss,580,190,14,10,2,8,3,0.02,0.000032,0.00175,0.000048,1,120,480,500,1800,380,580,0,900,w_laser_light_01,w_missile_standard_01,w_missile_arc_005,,E-ABYSS_01,0.46,2,60,600,assets/images/ship/npc_test_ship_001.png,assets/images/ship/ship_top_002.png,FALSE,10,10,14,200,22,3,1.22,neutral,
combat,npc_enemy_abyss_02,어비스 심연함 02,,hull_cap_raider_01,npc_cpt_enemy_abyss_02,abyss,580,190,14,10,2,8,3,0.02,0.000032,0.00175,0.000048,1,120,480,500,1800,380,580,0,900,w_laser_light_01,w_missile_standard_01,w_missile_arc_005,,E-ABYSS_02,0.46,2,60,600,assets/images/ship/npc_test_ship_001.png,assets/images/ship/ship_top_002.png,FALSE,10,10,14,200,22,3,1.22,neutral,
combat,npc_enemy_abyss_03,어비스 차단함 03,,hull_cap_raider_01,npc_cpt_enemy_abyss_03,abyss,580,190,14,10,2,8,3,0.02,0.000032,0.00175,0.000048,1,120,480,500,1800,380,580,0,900,w_laser_light_01,w_missile_standard_01,w_missile_arc_005,,E-ABYSS_03,0.46,2,60,600,assets/images/ship/npc_test_ship_001.png,assets/images/ship/ship_top_002.png,FALSE,10,10,14,200,22,3,1.22,neutral,
combat,npc_enemy_core_01,코어 수문장함 01,,hull_cap_line_01,npc_cpt_enemy_core_01,arcfire_core,720,240,18,13,2,8,3,0.02,0.000032,0.00175,0.000048,1,120,480,500,1800,380,580,0,900,w_laser_light_01,w_missile_standard_01,w_missile_arc_005,,E-CORE_01,0.46,2,60,600,assets/images/ship/npc_test_ship_001.png,assets/images/ship/ship_top_002.png,FALSE,10,10,14,280,31,3,1.31,neutral,
combat,npc_enemy_core_02,코어 감시함 02,,hull_cap_line_01,npc_cpt_enemy_core_02,arcfire_core,720,240,18,13,2,8,3,0.02,0.000032,0.00175,0.000048,1,120,480,500,1800,380,580,0,900,w_laser_light_01,w_missile_standard_01,w_missile_arc_005,,E-CORE_02,0.46,2,60,600,assets/images/ship/npc_test_ship_001.png,assets/images/ship/ship_top_002.png,FALSE,10,10,14,280,31,3,1.31,neutral,
combat,npc_enemy_core_03,코어 요격함 03,,hull_cap_line_01,npc_cpt_enemy_core_03,arcfire_core,720,240,18,13,2,8,3,0.02,0.000032,0.00175,0.000048,1,120,480,500,1800,380,580,0,900,w_laser_light_01,w_missile_standard_01,w_missile_arc_005,,E-CORE_03,0.46,2,60,600,assets/images/ship/npc_test_ship_001.png,assets/images/ship/ship_top_002.png,FALSE,10,10,14,280,31,3,1.31,neutral,
combat,npc_enemy_eternity_01,이터니티 영원함 01,,hull_cap_line_01,npc_cpt_enemy_eternity_01,eternity,790,265,19,15,2,8,3,0.02,0.000032,0.00175,0.000048,1,120,480,500,1800,380,580,0,900,w_laser_light_01,w_missile_standard_01,w_missile_arc_005,,E-ETERNITY_01,0.46,2,60,600,assets/images/ship/npc_test_ship_001.png,assets/images/ship/ship_top_002.png,FALSE,10,10,14,320,33,3,1.33,neutral,
combat,npc_enemy_eternity_02,이터니티 감시함 02,,hull_cap_line_01,npc_cpt_enemy_eternity_02,eternity,790,265,19,15,2,8,3,0.02,0.000032,0.00175,0.000048,1,120,480,500,1800,380,580,0,900,w_laser_light_01,w_missile_standard_01,w_missile_arc_005,,E-ETERNITY_02,0.46,2,60,600,assets/images/ship/npc_test_ship_001.png,assets/images/ship/ship_top_002.png,FALSE,10,10,14,320,33,3,1.33,neutral,
combat,npc_enemy_eternity_03,이터니티 요격함 03,,hull_cap_line_01,npc_cpt_enemy_eternity_03,eternity,790,265,19,15,2,8,3,0.02,0.000032,0.00175,0.000048,1,120,480,500,1800,380,580,0,900,w_laser_light_01,w_missile_standard_01,w_missile_arc_005,,E-ETERNITY_03,0.46,2,60,600,assets/images/ship/npc_test_ship_001.png,assets/images/ship/ship_top_002.png,FALSE,10,10,14,320,33,3,1.33,neutral,
general,npc_ai_clan_neutral_flagship,중립회항함1,,hull_cap_patrol_01,npc_cpt_ai_clan_neutral_01,omega_station,470,180,13,8,3,10,5,0.0204,0.000033,0.00184,0.00005,0.99,130,500,620,2000,440,610,100,1100,w_laser_light_01,w_missile_guided_triple_01,w_missile_arc_005,,CL-N|trade:250000,0.46,2,60,600,assets/images/ship/npc_test_ship_001.png,assets/images/ship/ship_top_002.png,FALSE,14,14,0,118,12,3,1.12,neutral,
general,npc_ai_clan_safe_flagship,연합기지함1,,hull_cap_carrier_light_01,npc_cpt_ai_clan_safe_01,solar_port,455,175,13,6,3,8,3,0.0198,0.000032,0.00178,0.000049,0.98,140,530,720,2200,465,635,150,1200,w_laser_light_01,w_missile_guided_triple_01,w_missile_arc_005,,CL-S|trade:250000,0.46,2,60,600,assets/images/ship/npc_test_ship_001.png,assets/images/ship/ship_top_002.png,FALSE,14,14,0,114,11,3,1.11,neutral,
general,npc_arc_presence_ship_01,루안다급 근접수송 P-01,,hull_cap_patrol_01,npc_cpt_arc_pf_01,arcadia,410,165,12,6,2,8,3,0.0198,0.000032,0.00178,0.000049,0.96,132,505,610,2020,438,608,95,1120,w_laser_light_01,w_missile_guided_triple_01,w_missile_arc_005,,A-F1|trade:250000,0.46,2,60,600,assets/images/ship/npc_test_ship_001.png,assets/images/ship/ship_top_002.png,FALSE,14,14,0,103,10,3,1.1,neutral,
general,npc_arc_presence_ship_02,테란급 근접무역 P-02,,hull_cap_patrol_01,npc_cpt_arc_pf_02,arcadia,405,168,11,6,2,8,3,0.0197,0.000032,0.00177,0.000049,0.96,133,508,615,2030,439,609,96,1125,w_laser_light_01,w_missile_guided_triple_01,w_missile_arc_005,,A-F2|trade:250000,0.46,2,60,600,assets/images/ship/npc_test_ship_001.png,assets/images/ship/ship_top_002.png,FALSE,14,14,0,101,10,3,1.1,neutral,
general,npc_arc_presence_ship_03,미코급 순환보급 P-03,,hull_cap_patrol_01,npc_cpt_arc_pf_03,arcadia,400,170,11,5,2,8,3,0.0196,0.000031,0.00176,0.000048,0.95,134,510,620,2040,440,610,98,1130,w_laser_light_01,w_missile_guided_triple_01,w_missile_arc_005,,A-F3|trade:250000,0.46,2,60,600,assets/images/ship/npc_test_ship_001.png,assets/images/ship/ship_top_002.png,FALSE,14,14,0,100,10,3,1.1,neutral,
general,npc_arc_presence_ship_04,조이드급 정박보조 P-04,,hull_cap_patrol_01,npc_cpt_arc_pf_04,arcadia,398,172,11,5,2,8,3,0.0195,0.000031,0.00175,0.000048,0.95,135,512,625,2050,441,611,99,1135,w_laser_light_01,w_missile_guided_triple_01,w_missile_arc_005,,A-F4|trade:250000,0.46,2,60,600,assets/images/ship/npc_test_ship_001.png,assets/images/ship/ship_top_002.png,FALSE,14,14,0,100,10,3,1.1,neutral,
general,npc_arc_presence_ship_05,카이로급 초계연락 P-05,,hull_cap_patrol_01,npc_cpt_arc_pf_05,arcadia,395,175,11,5,2,8,3,0.0194,0.000031,0.00174,0.000048,0.94,136,515,630,2060,442,612,100,1140,w_laser_light_01,w_missile_guided_triple_01,w_missile_arc_005,,A-F5|trade:250000,0.46,2,60,600,assets/images/ship/npc_test_ship_001.png,assets/images/ship/ship_top_002.png,FALSE,14,14,0,99,10,3,1.1,neutral,
general,npc_arc_presence_ship_06,사렌급 광물운반 P-06,,hull_cap_patrol_01,npc_cpt_arc_pf_06,arcadia,392,178,10,5,2,8,3,0.0193,0.00003,0.00173,0.000047,0.94,137,518,635,2070,443,613,102,1145,w_laser_light_01,w_missile_guided_triple_01,w_missile_arc_005,,A-F6|trade:250000,0.46,2,60,600,assets/images/ship/npc_test_ship_001.png,assets/images/ship/ship_top_002.png,FALSE,14,14,0,98,10,3,1.1,neutral,
general,npc_arc_presence_ship_07,훈텍급 연료이송 P-07,,hull_cap_patrol_01,npc_cpt_arc_pf_07,arcadia,390,180,10,5,2,8,2,0.0192,0.00003,0.00172,0.000047,0.93,138,520,640,2080,444,614,103,1150,w_laser_light_01,w_missile_guided_triple_01,w_missile_arc_005,,A-F7|trade:250000,0.46,2,60,600,assets/images/ship/npc_test_ship_001.png,assets/images/ship/ship_top_002.png,FALSE,14,14,0,98,10,3,1.1,neutral,
general,npc_arc_presence_ship_08,크로나급 구난연락 P-08,,hull_cap_patrol_01,npc_cpt_arc_pf_08,arcadia,388,182,10,5,2,8,2,0.0191,0.00003,0.00171,0.000047,0.93,139,522,645,2090,445,615,105,1155,w_laser_light_01,w_missile_guided_triple_01,w_missile_arc_005,,A-F8|trade:250000,0.46,2,60,600,assets/images/ship/npc_test_ship_001.png,assets/images/ship/ship_top_002.png,FALSE,14,14,0,97,10,3,1.1,neutral,
general,npc_arc_presence_ship_09,린델급 화물선박 P-09,,hull_cap_patrol_01,npc_cpt_arc_pf_09,arcadia,385,185,10,5,2,8,2,0.019,0.000029,0.0017,0.000046,0.92,140,525,650,2100,446,616,106,1160,w_laser_light_01,w_missile_guided_triple_01,w_missile_arc_005,,A-F9|trade:250000,0.46,2,60,600,assets/images/ship/npc_test_ship_001.png,assets/images/ship/ship_top_002.png,FALSE,14,14,0,96,10,3,1.1,neutral,
general,npc_arc_presence_ship_10,파크급 항로감시 P-10,,hull_cap_patrol_01,npc_cpt_arc_pf_10,arcadia,383,187,10,5,2,8,2,0.0189,0.000029,0.00169,0.000046,0.92,141,528,655,2110,447,617,108,1165,w_laser_light_01,w_missile_guided_triple_01,w_missile_arc_005,,A-F10|trade:250000,0.46,2,60,600,assets/images/ship/npc_test_ship_001.png,assets/images/ship/ship_top_002.png,FALSE,14,14,0,96,10,3,1.1,neutral,
general,npc_arc_presence_ship_11,하림급 민간호위 P-11,,hull_cap_patrol_01,npc_cpt_arc_pf_11,arcadia,380,190,10,5,2,8,2,0.0188,0.000029,0.00168,0.000045,0.91,142,530,660,2120,448,618,110,1170,w_laser_light_01,w_missile_guided_triple_01,w_missile_arc_005,,A-F11|trade:250000,0.46,2,60,600,assets/images/ship/npc_test_ship_001.png,assets/images/ship/ship_top_002.png,FALSE,14,14,0,95,10,3,1.1,neutral,
general,npc_arc_presence_ship_12,베가린급 외곽연락 P-12,,hull_cap_patrol_01,npc_cpt_arc_pf_12,arcadia,378,192,10,5,2,8,2,0.0187,0.000028,0.00167,0.000045,0.91,143,532,665,2130,449,619,112,1175,w_laser_light_01,w_missile_guided_triple_01,w_missile_arc_005,,A-F12|trade:250000,0.46,2,60,600,assets/images/ship/npc_test_ship_001.png,assets/images/ship/ship_top_002.png,FALSE,14,14,0,95,9,3,1.09,neutral,
general,npc_arcadia_orbit_1,아르카디아 순항1,,hull_cap_patrol_01,npc_cpt_arcadia_lane_01,arcadia,465,182,14,7,3,10,4,0.0204,0.000033,0.00184,0.000051,1,130,505,625,2010,442,612,95,1105,w_laser_light_01,w_missile_guided_triple_01,w_missile_arc_005,,P-1|trade:113999,0.46,2,60,600,assets/images/ship/npc_test_ship_001.png,assets/images/ship/ship_top_002.png,FALSE,14,14,0,116,12,3,1.12,neutral,
general,npc_arcadia_orbit_2,아르카디아 순항2,,hull_cap_line_01,npc_cpt_arcadia_lane_02,arcadia,488,188,14,8,3,10,4,0.021,0.000034,0.00188,0.000052,1.01,128,495,615,1990,438,608,85,1095,w_laser_heavy_01,w_missile_guided_triple_01,w_missile_arc_005,,P-2|trade:113999,0.46,2,60,600,assets/images/ship/npc_test_ship_001.png,assets/images/ship/ship_top_002.png,FALSE,14,14,0,122,12,3,1.12,neutral,
general,npc_draco_escort_01,드라코 호위함,,hull_cap_patrol_01,npc_cpt_draco_escort_01,draco_nebula,328,100,9,5,2,8,3,0.02,0.000032,0.00175,0.000048,1,120,480,500,1800,380,580,0,900,w_laser_light_01,w_missile_guided_triple_01,w_missile_arc_005,,DRACO_ESCORT_01|trade:105139,0.46,2,60,600,assets/images/ship/npc_test_ship_001.png,assets/images/ship/ship_top_002.png,FALSE,10,10,8,56,6,3,1.06,neutral,
general,npc_draco_patrol_01,드라코 관측함,,hull_cap_patrol_01,npc_cpt_draco_obs_01,draco_nebula,314,95,8,4,2,8,3,0.02,0.000032,0.00175,0.000048,1,120,480,500,1800,380,580,0,900,w_laser_light_01,w_missile_guided_triple_01,w_missile_arc_005,,DRACO_PATROL_01|trade:100000,0.46,2,60,600,assets/images/ship/npc_test_ship_001.png,assets/images/ship/ship_top_002.png,FALSE,10,10,8,48,5,3,1.05,neutral,
general,npc_eden_orbit_4,에덴전함4,,hull_cap_patrol_01,npc_cpt_kresh,arcadia,500,140,13,8,3,10,4,0.0202,0.000033,0.00182,0.00005,1.01,140,520,650,2100,450,620,120,1200,w_laser_light_01,w_missile_guided_triple_01,w_missile_arc_005,,MK.II|trade:113999,0.46,2,60,600,assets/images/ship/npc_test_ship_001.png,assets/images/ship/ship_top_002.png,FALSE,14,14,0,125,13,3,1.13,neutral,
general,npc_faction_cargo_ship_e_01,자유 화물선 E-01,,hull_cap_patrol_01,npc_cpt_faction_e_01,arcadia,410,165,12,6,2,8,3,0.0198,0.000032,0.00178,0.000049,0.96,132,505,610,2020,438,608,95,1120,w_laser_light_01,w_missile_guided_triple_01,w_missile_arc_005,,E-F01|trade:250000,0.46,2,60,600,assets/images/ship/npc_test_ship_001.png,assets/images/ship/ship_top_002.png,FALSE,14,14,0,103,10,3,1.1,neutral,
general,npc_faction_cargo_ship_e_02,자유 화물선 E-02,,hull_cap_patrol_01,npc_cpt_faction_e_02,arcadia,410,165,12,6,2,8,3,0.0198,0.000032,0.00178,0.000049,0.96,132,505,610,2020,438,608,95,1120,w_laser_light_01,w_missile_guided_triple_01,w_missile_arc_005,,E-F02|trade:250000,0.46,2,60,600,assets/images/ship/npc_test_ship_001.png,assets/images/ship/ship_top_002.png,FALSE,14,14,0,103,10,3,1.1,neutral,
general,npc_faction_cargo_ship_e_03,자유 화물선 E-03,,hull_cap_patrol_01,npc_cpt_faction_e_03,arcadia,410,165,12,6,2,8,3,0.0198,0.000032,0.00178,0.000049,0.96,132,505,610,2020,438,608,95,1120,w_laser_light_01,w_missile_guided_triple_01,w_missile_arc_005,,E-F03|trade:250000,0.46,2,60,600,assets/images/ship/npc_test_ship_001.png,assets/images/ship/ship_top_002.png,FALSE,14,14,0,103,10,3,1.1,neutral,
general,npc_faction_cargo_ship_e_04,자유 화물선 E-04,,hull_cap_patrol_01,npc_cpt_faction_e_04,arcadia,410,165,12,6,2,8,3,0.0198,0.000032,0.00178,0.000049,0.96,132,505,610,2020,438,608,95,1120,w_laser_light_01,w_missile_guided_triple_01,w_missile_arc_005,,E-F04|trade:250000,0.46,2,60,600,assets/images/ship/npc_test_ship_001.png,assets/images/ship/ship_top_002.png,FALSE,14,14,0,103,10,3,1.1,neutral,
general,npc_faction_cargo_ship_e_05,자유 화물선 E-05,,hull_cap_patrol_01,npc_cpt_faction_e_05,arcadia,410,165,12,6,2,8,3,0.0198,0.000032,0.00178,0.000049,0.96,132,505,610,2020,438,608,95,1120,w_laser_light_01,w_missile_guided_triple_01,w_missile_arc_005,,E-F05|trade:250000,0.46,2,60,600,assets/images/ship/npc_test_ship_001.png,assets/images/ship/ship_top_002.png,FALSE,14,14,0,103,10,3,1.1,neutral,
general,npc_faction_cargo_ship_e_06,자유 화물선 E-06,,hull_cap_patrol_01,npc_cpt_faction_e_06,arcadia,410,165,12,6,2,8,3,0.0198,0.000032,0.00178,0.000049,0.96,132,505,610,2020,438,608,95,1120,w_laser_light_01,w_missile_guided_triple_01,w_missile_arc_005,,E-F06|trade:250000,0.46,2,60,600,assets/images/ship/npc_test_ship_001.png,assets/images/ship/ship_top_002.png,FALSE,14,14,0,103,10,3,1.1,neutral,
general,npc_faction_cargo_ship_e_07,자유 화물선 E-07,,hull_cap_patrol_01,npc_cpt_faction_e_07,arcadia,410,165,12,6,2,8,3,0.0198,0.000032,0.00178,0.000049,0.96,132,505,610,2020,438,608,95,1120,w_laser_light_01,w_missile_guided_triple_01,w_missile_arc_005,,E-F07|trade:250000,0.46,2,60,600,assets/images/ship/npc_test_ship_001.png,assets/images/ship/ship_top_002.png,FALSE,14,14,0,103,10,3,1.1,neutral,
general,npc_faction_cargo_ship_e_08,자유 화물선 E-08,,hull_cap_patrol_01,npc_cpt_faction_e_08,arcadia,410,165,12,6,2,8,3,0.0198,0.000032,0.00178,0.000049,0.96,132,505,610,2020,438,608,95,1120,w_laser_light_01,w_missile_guided_triple_01,w_missile_arc_005,,E-F08|trade:250000,0.46,2,60,600,assets/images/ship/npc_test_ship_001.png,assets/images/ship/ship_top_002.png,FALSE,14,14,0,103,10,3,1.1,neutral,
general,npc_faction_cargo_ship_e_09,자유 화물선 E-09,,hull_cap_patrol_01,npc_cpt_faction_e_09,arcadia,410,165,12,6,2,8,3,0.0198,0.000032,0.00178,0.000049,0.96,132,505,610,2020,438,608,95,1120,w_laser_light_01,w_missile_guided_triple_01,w_missile_arc_005,,E-F09|trade:250000,0.46,2,60,600,assets/images/ship/npc_test_ship_001.png,assets/images/ship/ship_top_002.png,FALSE,14,14,0,103,10,3,1.1,neutral,
general,npc_faction_cargo_ship_e_10,자유 화물선 E-10,,hull_cap_patrol_01,npc_cpt_faction_e_10,arcadia,410,165,12,6,2,8,3,0.0198,0.000032,0.00178,0.000049,0.96,132,505,610,2020,438,608,95,1120,w_laser_light_01,w_missile_guided_triple_01,w_missile_arc_005,,E-F10|trade:250000,0.46,2,60,600,assets/images/ship/npc_test_ship_001.png,assets/images/ship/ship_top_002.png,FALSE,14,14,0,103,10,3,1.1,neutral,
general,npc_faction_cargo_ship_e_11,자유 화물선 E-11,,hull_cap_patrol_01,npc_cpt_faction_e_11,arcadia,410,165,12,6,2,8,3,0.0198,0.000032,0.00178,0.000049,0.96,132,505,610,2020,438,608,95,1120,w_laser_light_01,w_missile_guided_triple_01,w_missile_arc_005,,E-F11|trade:250000,0.46,2,60,600,assets/images/ship/npc_test_ship_001.png,assets/images/ship/ship_top_002.png,FALSE,14,14,0,103,10,3,1.1,neutral,
general,npc_faction_cargo_ship_e_12,자유 화물선 E-12,,hull_cap_patrol_01,npc_cpt_faction_e_12,arcadia,410,165,12,6,2,8,3,0.0198,0.000032,0.00178,0.000049,0.96,132,505,610,2020,438,608,95,1120,w_laser_light_01,w_missile_guided_triple_01,w_missile_arc_005,,E-F12|trade:250000,0.46,2,60,600,assets/images/ship/npc_test_ship_001.png,assets/images/ship/ship_top_002.png,FALSE,14,14,0,103,10,3,1.1,neutral,
general,npc_faction_cargo_ship_n_01,외곽 화물선 N-01,,hull_cap_patrol_01,npc_cpt_faction_n_01,arcadia,410,165,12,6,2,8,3,0.0198,0.000032,0.00178,0.000049,0.96,132,505,610,2020,438,608,95,1120,w_laser_light_01,w_missile_guided_triple_01,w_missile_arc_005,,N-F01|trade:250000,0.46,2,60,600,assets/images/ship/npc_test_ship_001.png,assets/images/ship/ship_top_002.png,FALSE,14,14,0,103,10,3,1.1,neutral,
general,npc_faction_cargo_ship_n_02,외곽 화물선 N-02,,hull_cap_patrol_01,npc_cpt_faction_n_02,arcadia,410,165,12,6,2,8,3,0.0198,0.000032,0.00178,0.000049,0.96,132,505,610,2020,438,608,95,1120,w_laser_light_01,w_missile_guided_triple_01,w_missile_arc_005,,N-F02|trade:250000,0.46,2,60,600,assets/images/ship/npc_test_ship_001.png,assets/images/ship/ship_top_002.png,FALSE,14,14,0,103,10,3,1.1,neutral,
general,npc_faction_cargo_ship_n_03,외곽 화물선 N-03,,hull_cap_patrol_01,npc_cpt_faction_n_03,arcadia,410,165,12,6,2,8,3,0.0198,0.000032,0.00178,0.000049,0.96,132,505,610,2020,438,608,95,1120,w_laser_light_01,w_missile_guided_triple_01,w_missile_arc_005,,N-F03|trade:250000,0.46,2,60,600,assets/images/ship/npc_test_ship_001.png,assets/images/ship/ship_top_002.png,FALSE,14,14,0,103,10,3,1.1,neutral,
general,npc_faction_cargo_ship_n_04,외곽 화물선 N-04,,hull_cap_patrol_01,npc_cpt_faction_n_04,arcadia,410,165,12,6,2,8,3,0.0198,0.000032,0.00178,0.000049,0.96,132,505,610,2020,438,608,95,1120,w_laser_light_01,w_missile_guided_triple_01,w_missile_arc_005,,N-F04|trade:250000,0.46,2,60,600,assets/images/ship/npc_test_ship_001.png,assets/images/ship/ship_top_002.png,FALSE,14,14,0,103,10,3,1.1,neutral,
general,npc_faction_cargo_ship_n_05,외곽 화물선 N-05,,hull_cap_patrol_01,npc_cpt_faction_n_05,arcadia,410,165,12,6,2,8,3,0.0198,0.000032,0.00178,0.000049,0.96,132,505,610,2020,438,608,95,1120,w_laser_light_01,w_missile_guided_triple_01,w_missile_arc_005,,N-F05|trade:250000,0.46,2,60,600,assets/images/ship/npc_test_ship_001.png,assets/images/ship/ship_top_002.png,FALSE,14,14,0,103,10,3,1.1,neutral,
general,npc_faction_cargo_ship_n_06,외곽 화물선 N-06,,hull_cap_patrol_01,npc_cpt_faction_n_06,arcadia,410,165,12,6,2,8,3,0.0198,0.000032,0.00178,0.000049,0.96,132,505,610,2020,438,608,95,1120,w_laser_light_01,w_missile_guided_triple_01,w_missile_arc_005,,N-F06|trade:250000,0.46,2,60,600,assets/images/ship/npc_test_ship_001.png,assets/images/ship/ship_top_002.png,FALSE,14,14,0,103,10,3,1.1,neutral,
general,npc_faction_cargo_ship_n_07,외곽 화물선 N-07,,hull_cap_patrol_01,npc_cpt_faction_n_07,arcadia,410,165,12,6,2,8,3,0.0198,0.000032,0.00178,0.000049,0.96,132,505,610,2020,438,608,95,1120,w_laser_light_01,w_missile_guided_triple_01,w_missile_arc_005,,N-F07|trade:250000,0.46,2,60,600,assets/images/ship/npc_test_ship_001.png,assets/images/ship/ship_top_002.png,FALSE,14,14,0,103,10,3,1.1,neutral,
general,npc_faction_cargo_ship_n_08,외곽 화물선 N-08,,hull_cap_patrol_01,npc_cpt_faction_n_08,arcadia,410,165,12,6,2,8,3,0.0198,0.000032,0.00178,0.000049,0.96,132,505,610,2020,438,608,95,1120,w_laser_light_01,w_missile_guided_triple_01,w_missile_arc_005,,N-F08|trade:250000,0.46,2,60,600,assets/images/ship/npc_test_ship_001.png,assets/images/ship/ship_top_002.png,FALSE,14,14,0,103,10,3,1.1,neutral,
general,npc_faction_cargo_ship_n_09,외곽 화물선 N-09,,hull_cap_patrol_01,npc_cpt_faction_n_09,arcadia,410,165,12,6,2,8,3,0.0198,0.000032,0.00178,0.000049,0.96,132,505,610,2020,438,608,95,1120,w_laser_light_01,w_missile_guided_triple_01,w_missile_arc_005,,N-F09|trade:250000,0.46,2,60,600,assets/images/ship/npc_test_ship_001.png,assets/images/ship/ship_top_002.png,FALSE,14,14,0,103,10,3,1.1,neutral,
general,npc_faction_cargo_ship_n_10,외곽 화물선 N-10,,hull_cap_patrol_01,npc_cpt_faction_n_10,arcadia,410,165,12,6,2,8,3,0.0198,0.000032,0.00178,0.000049,0.96,132,505,610,2020,438,608,95,1120,w_laser_light_01,w_missile_guided_triple_01,w_missile_arc_005,,N-F10|trade:250000,0.46,2,60,600,assets/images/ship/npc_test_ship_001.png,assets/images/ship/ship_top_002.png,FALSE,14,14,0,103,10,3,1.1,neutral,
general,npc_faction_cargo_ship_n_11,외곽 화물선 N-11,,hull_cap_patrol_01,npc_cpt_faction_n_11,arcadia,410,165,12,6,2,8,3,0.0198,0.000032,0.00178,0.000049,0.96,132,505,610,2020,438,608,95,1120,w_laser_light_01,w_missile_guided_triple_01,w_missile_arc_005,,N-F11|trade:250000,0.46,2,60,600,assets/images/ship/npc_test_ship_001.png,assets/images/ship/ship_top_002.png,FALSE,14,14,0,103,10,3,1.1,neutral,
general,npc_faction_cargo_ship_n_12,외곽 화물선 N-12,,hull_cap_patrol_01,npc_cpt_faction_n_12,arcadia,410,165,12,6,2,8,3,0.0198,0.000032,0.00178,0.000049,0.96,132,505,610,2020,438,608,95,1120,w_laser_light_01,w_missile_guided_triple_01,w_missile_arc_005,,N-F12|trade:250000,0.46,2,60,600,assets/images/ship/npc_test_ship_001.png,assets/images/ship/ship_top_002.png,FALSE,14,14,0,103,10,3,1.1,neutral,
general,npc_faction_cargo_ship_s_01,산업 화물선 S-01,,hull_cap_patrol_01,npc_cpt_faction_s_01,arcadia,410,165,12,6,2,8,3,0.0198,0.000032,0.00178,0.000049,0.96,132,505,610,2020,438,608,95,1120,w_laser_light_01,w_missile_guided_triple_01,w_missile_arc_005,,S-F01|trade:250000,0.46,2,60,600,assets/images/ship/npc_test_ship_001.png,assets/images/ship/ship_top_002.png,FALSE,14,14,0,103,10,3,1.1,neutral,
general,npc_faction_cargo_ship_s_02,산업 화물선 S-02,,hull_cap_patrol_01,npc_cpt_faction_s_02,arcadia,410,165,12,6,2,8,3,0.0198,0.000032,0.00178,0.000049,0.96,132,505,610,2020,438,608,95,1120,w_laser_light_01,w_missile_guided_triple_01,w_missile_arc_005,,S-F02|trade:250000,0.46,2,60,600,assets/images/ship/npc_test_ship_001.png,assets/images/ship/ship_top_002.png,FALSE,14,14,0,103,10,3,1.1,neutral,
general,npc_faction_cargo_ship_s_03,산업 화물선 S-03,,hull_cap_patrol_01,npc_cpt_faction_s_03,arcadia,410,165,12,6,2,8,3,0.0198,0.000032,0.00178,0.000049,0.96,132,505,610,2020,438,608,95,1120,w_laser_light_01,w_missile_guided_triple_01,w_missile_arc_005,,S-F03|trade:250000,0.46,2,60,600,assets/images/ship/npc_test_ship_001.png,assets/images/ship/ship_top_002.png,FALSE,14,14,0,103,10,3,1.1,neutral,
general,npc_faction_cargo_ship_s_04,산업 화물선 S-04,,hull_cap_patrol_01,npc_cpt_faction_s_04,arcadia,410,165,12,6,2,8,3,0.0198,0.000032,0.00178,0.000049,0.96,132,505,610,2020,438,608,95,1120,w_laser_light_01,w_missile_guided_triple_01,w_missile_arc_005,,S-F04|trade:250000,0.46,2,60,600,assets/images/ship/npc_test_ship_001.png,assets/images/ship/ship_top_002.png,FALSE,14,14,0,103,10,3,1.1,neutral,
general,npc_faction_cargo_ship_s_05,산업 화물선 S-05,,hull_cap_patrol_01,npc_cpt_faction_s_05,arcadia,410,165,12,6,2,8,3,0.0198,0.000032,0.00178,0.000049,0.96,132,505,610,2020,438,608,95,1120,w_laser_light_01,w_missile_guided_triple_01,w_missile_arc_005,,S-F05|trade:250000,0.46,2,60,600,assets/images/ship/npc_test_ship_001.png,assets/images/ship/ship_top_002.png,FALSE,14,14,0,103,10,3,1.1,neutral,
general,npc_faction_cargo_ship_s_06,산업 화물선 S-06,,hull_cap_patrol_01,npc_cpt_faction_s_06,arcadia,410,165,12,6,2,8,3,0.0198,0.000032,0.00178,0.000049,0.96,132,505,610,2020,438,608,95,1120,w_laser_light_01,w_missile_guided_triple_01,w_missile_arc_005,,S-F06|trade:250000,0.46,2,60,600,assets/images/ship/npc_test_ship_001.png,assets/images/ship/ship_top_002.png,FALSE,14,14,0,103,10,3,1.1,neutral,
general,npc_faction_cargo_ship_s_07,산업 화물선 S-07,,hull_cap_patrol_01,npc_cpt_faction_s_07,arcadia,410,165,12,6,2,8,3,0.0198,0.000032,0.00178,0.000049,0.96,132,505,610,2020,438,608,95,1120,w_laser_light_01,w_missile_guided_triple_01,w_missile_arc_005,,S-F07|trade:250000,0.46,2,60,600,assets/images/ship/npc_test_ship_001.png,assets/images/ship/ship_top_002.png,FALSE,14,14,0,103,10,3,1.1,neutral,
general,npc_faction_cargo_ship_s_08,산업 화물선 S-08,,hull_cap_patrol_01,npc_cpt_faction_s_08,arcadia,410,165,12,6,2,8,3,0.0198,0.000032,0.00178,0.000049,0.96,132,505,610,2020,438,608,95,1120,w_laser_light_01,w_missile_guided_triple_01,w_missile_arc_005,,S-F08|trade:250000,0.46,2,60,600,assets/images/ship/npc_test_ship_001.png,assets/images/ship/ship_top_002.png,FALSE,14,14,0,103,10,3,1.1,neutral,
general,npc_faction_cargo_ship_s_09,산업 화물선 S-09,,hull_cap_patrol_01,npc_cpt_faction_s_09,arcadia,410,165,12,6,2,8,3,0.0198,0.000032,0.00178,0.000049,0.96,132,505,610,2020,438,608,95,1120,w_laser_light_01,w_missile_guided_triple_01,w_missile_arc_005,,S-F09|trade:250000,0.46,2,60,600,assets/images/ship/npc_test_ship_001.png,assets/images/ship/ship_top_002.png,FALSE,14,14,0,103,10,3,1.1,neutral,
general,npc_faction_cargo_ship_s_10,산업 화물선 S-10,,hull_cap_patrol_01,npc_cpt_faction_s_10,arcadia,410,165,12,6,2,8,3,0.0198,0.000032,0.00178,0.000049,0.96,132,505,610,2020,438,608,95,1120,w_laser_light_01,w_missile_guided_triple_01,w_missile_arc_005,,S-F10|trade:250000,0.46,2,60,600,assets/images/ship/npc_test_ship_001.png,assets/images/ship/ship_top_002.png,FALSE,14,14,0,103,10,3,1.1,neutral,
general,npc_faction_cargo_ship_s_11,산업 화물선 S-11,,hull_cap_patrol_01,npc_cpt_faction_s_11,arcadia,410,165,12,6,2,8,3,0.0198,0.000032,0.00178,0.000049,0.96,132,505,610,2020,438,608,95,1120,w_laser_light_01,w_missile_guided_triple_01,w_missile_arc_005,,S-F11|trade:250000,0.46,2,60,600,assets/images/ship/npc_test_ship_001.png,assets/images/ship/ship_top_002.png,FALSE,14,14,0,103,10,3,1.1,neutral,
general,npc_faction_cargo_ship_s_12,산업 화물선 S-12,,hull_cap_patrol_01,npc_cpt_faction_s_12,arcadia,410,165,12,6,2,8,3,0.0198,0.000032,0.00178,0.000049,0.96,132,505,610,2020,438,608,95,1120,w_laser_light_01,w_missile_guided_triple_01,w_missile_arc_005,,S-F12|trade:250000,0.46,2,60,600,assets/images/ship/npc_test_ship_001.png,assets/images/ship/ship_top_002.png,FALSE,14,14,0,103,10,3,1.1,neutral,
general,npc_faction_cargo_ship_w_01,연방 화물선 W-01,,hull_cap_patrol_01,npc_cpt_faction_w_01,arcadia,410,165,12,6,2,8,3,0.0198,0.000032,0.00178,0.000049,0.96,132,505,610,2020,438,608,95,1120,w_laser_light_01,w_missile_guided_triple_01,w_missile_arc_005,,W-F01|trade:250000,0.46,2,60,600,assets/images/ship/npc_test_ship_001.png,assets/images/ship/ship_top_002.png,FALSE,14,14,0,103,10,3,1.1,neutral,
general,npc_faction_cargo_ship_w_02,연방 화물선 W-02,,hull_cap_patrol_01,npc_cpt_faction_w_02,arcadia,410,165,12,6,2,8,3,0.0198,0.000032,0.00178,0.000049,0.96,132,505,610,2020,438,608,95,1120,w_laser_light_01,w_missile_guided_triple_01,w_missile_arc_005,,W-F02|trade:250000,0.46,2,60,600,assets/images/ship/npc_test_ship_001.png,assets/images/ship/ship_top_002.png,FALSE,14,14,0,103,10,3,1.1,neutral,
general,npc_faction_cargo_ship_w_03,연방 화물선 W-03,,hull_cap_patrol_01,npc_cpt_faction_w_03,arcadia,410,165,12,6,2,8,3,0.0198,0.000032,0.00178,0.000049,0.96,132,505,610,2020,438,608,95,1120,w_laser_light_01,w_missile_guided_triple_01,w_missile_arc_005,,W-F03|trade:250000,0.46,2,60,600,assets/images/ship/npc_test_ship_001.png,assets/images/ship/ship_top_002.png,FALSE,14,14,0,103,10,3,1.1,neutral,
general,npc_faction_cargo_ship_w_04,연방 화물선 W-04,,hull_cap_patrol_01,npc_cpt_faction_w_04,arcadia,410,165,12,6,2,8,3,0.0198,0.000032,0.00178,0.000049,0.96,132,505,610,2020,438,608,95,1120,w_laser_light_01,w_missile_guided_triple_01,w_missile_arc_005,,W-F04|trade:250000,0.46,2,60,600,assets/images/ship/npc_test_ship_001.png,assets/images/ship/ship_top_002.png,FALSE,14,14,0,103,10,3,1.1,neutral,
general,npc_faction_cargo_ship_w_05,연방 화물선 W-05,,hull_cap_patrol_01,npc_cpt_faction_w_05,arcadia,410,165,12,6,2,8,3,0.0198,0.000032,0.00178,0.000049,0.96,132,505,610,2020,438,608,95,1120,w_laser_light_01,w_missile_guided_triple_01,w_missile_arc_005,,W-F05|trade:250000,0.46,2,60,600,assets/images/ship/npc_test_ship_001.png,assets/images/ship/ship_top_002.png,FALSE,14,14,0,103,10,3,1.1,neutral,
general,npc_faction_cargo_ship_w_06,연방 화물선 W-06,,hull_cap_patrol_01,npc_cpt_faction_w_06,arcadia,410,165,12,6,2,8,3,0.0198,0.000032,0.00178,0.000049,0.96,132,505,610,2020,438,608,95,1120,w_laser_light_01,w_missile_guided_triple_01,w_missile_arc_005,,W-F06|trade:250000,0.46,2,60,600,assets/images/ship/npc_test_ship_001.png,assets/images/ship/ship_top_002.png,FALSE,14,14,0,103,10,3,1.1,neutral,
general,npc_faction_cargo_ship_w_07,연방 화물선 W-07,,hull_cap_patrol_01,npc_cpt_faction_w_07,arcadia,410,165,12,6,2,8,3,0.0198,0.000032,0.00178,0.000049,0.96,132,505,610,2020,438,608,95,1120,w_laser_light_01,w_missile_guided_triple_01,w_missile_arc_005,,W-F07|trade:250000,0.46,2,60,600,assets/images/ship/npc_test_ship_001.png,assets/images/ship/ship_top_002.png,FALSE,14,14,0,103,10,3,1.1,neutral,
general,npc_faction_cargo_ship_w_08,연방 화물선 W-08,,hull_cap_patrol_01,npc_cpt_faction_w_08,arcadia,410,165,12,6,2,8,3,0.0198,0.000032,0.00178,0.000049,0.96,132,505,610,2020,438,608,95,1120,w_laser_light_01,w_missile_guided_triple_01,w_missile_arc_005,,W-F08|trade:250000,0.46,2,60,600,assets/images/ship/npc_test_ship_001.png,assets/images/ship/ship_top_002.png,FALSE,14,14,0,103,10,3,1.1,neutral,
general,npc_faction_cargo_ship_w_09,연방 화물선 W-09,,hull_cap_patrol_01,npc_cpt_faction_w_09,arcadia,410,165,12,6,2,8,3,0.0198,0.000032,0.00178,0.000049,0.96,132,505,610,2020,438,608,95,1120,w_laser_light_01,w_missile_guided_triple_01,w_missile_arc_005,,W-F09|trade:250000,0.46,2,60,600,assets/images/ship/npc_test_ship_001.png,assets/images/ship/ship_top_002.png,FALSE,14,14,0,103,10,3,1.1,neutral,
general,npc_faction_cargo_ship_w_10,연방 화물선 W-10,,hull_cap_patrol_01,npc_cpt_faction_w_10,arcadia,410,165,12,6,2,8,3,0.0198,0.000032,0.00178,0.000049,0.96,132,505,610,2020,438,608,95,1120,w_laser_light_01,w_missile_guided_triple_01,w_missile_arc_005,,W-F10|trade:250000,0.46,2,60,600,assets/images/ship/npc_test_ship_001.png,assets/images/ship/ship_top_002.png,FALSE,14,14,0,103,10,3,1.1,neutral,
general,npc_faction_cargo_ship_w_11,연방 화물선 W-11,,hull_cap_patrol_01,npc_cpt_faction_w_11,arcadia,410,165,12,6,2,8,3,0.0198,0.000032,0.00178,0.000049,0.96,132,505,610,2020,438,608,95,1120,w_laser_light_01,w_missile_guided_triple_01,w_missile_arc_005,,W-F11|trade:250000,0.46,2,60,600,assets/images/ship/npc_test_ship_001.png,assets/images/ship/ship_top_002.png,FALSE,14,14,0,103,10,3,1.1,neutral,
general,npc_faction_cargo_ship_w_12,연방 화물선 W-12,,hull_cap_patrol_01,npc_cpt_faction_w_12,arcadia,410,165,12,6,2,8,3,0.0198,0.000032,0.00178,0.000049,0.96,132,505,610,2020,438,608,95,1120,w_laser_light_01,w_missile_guided_triple_01,w_missile_arc_005,,W-F12|trade:250000,0.46,2,60,600,assets/images/ship/npc_test_ship_001.png,assets/images/ship/ship_top_002.png,FALSE,14,14,0,103,10,3,1.1,neutral,
general,npc_solar_guard_1,솔라경비함1,,hull_cap_carrier_light_01,npc_cpt_solar_guard_01,solar_port,455,175,13,6,3,8,3,0.0198,0.000032,0.00178,0.000049,0.98,140,530,720,2200,465,635,150,1200,w_laser_light_01,w_missile_guided_triple_01,w_missile_arc_005,,MK.III|trade:113999,0.46,2,60,600,assets/images/ship/npc_test_ship_001.png,assets/images/ship/ship_top_002.png,FALSE,14,14,0,114,11,3,1.11,neutral,
general,npc_solar_guard_2,솔라경비함2,,hull_cap_line_01,npc_cpt_solar_guard_02,solar_port,500,190,14,8,3,10,4,0.0212,0.000034,0.0019,0.000052,1.01,125,490,610,1980,440,610,100,1100,w_laser_heavy_01,w_missile_guided_triple_01,w_missile_arc_005,,MK.IV|trade:250000,0.46,2,60,600,assets/images/ship/npc_test_ship_001.png,assets/images/ship/ship_top_002.png,FALSE,14,14,0,125,13,3,1.13,neutral,
general,npc_vega_guard_1,베가경비함1,,hull_cap_patrol_01,npc_cpt_vega_watch_01,vega_outpost,470,180,14,7,3,10,4,0.0205,0.000033,0.00185,0.000051,1,130,500,620,2000,440,610,90,1100,w_laser_light_01,w_missile_guided_triple_01,w_missile_arc_005,,MK.I|trade:113999,0.46,2,60,600,assets/images/ship/npc_test_ship_001.png,assets/images/ship/ship_top_002.png,FALSE,14,14,0,118,12,3,1.12,neutral,
general,npc_vega_guard_2,베가경비함2,,hull_cap_research_01,npc_cpt_vega_watch_02,vega_outpost,430,230,12,6,2,10,7,0.0195,0.000032,0.00176,0.000049,0.97,145,540,760,2250,470,640,180,1250,w_laser_light_01,w_missile_guided_triple_01,w_missile_arc_005,,MK.II|trade:250000,0.46,2,60,600,assets/images/ship/npc_test_ship_001.png,assets/images/ship/ship_top_002.png,FALSE,14,14,0,108,11,3,1.11,neutral,
general,npc_vega_test_ship_a,베가전함A,,hull_cap_line_01,npc_cpt_vega_test_a,vega_outpost,510,175,14,8,3,10,4,0.0235,0.000037,0.00208,0.000059,1.05,118,400,440,1600,410,580,0,950,w_laser_heavy_01,w_missile_guided_triple_01,w_missile_arc_005,,MK.V|trade:250000,0.46,2,60,600,assets/images/ship/npc_test_ship_001.png,assets/images/ship/ship_top_002.png,FALSE,14,14,0,128,13,3,1.13,neutral,
general,npc_vega_test_ship_b,베가전함B,,hull_cap_patrol_01,npc_cpt_vega_test_b,vega_outpost,485,195,13,8,3,10,5,0.0208,0.000033,0.00183,0.000051,1,135,510,630,2050,445,615,110,1150,w_laser_light_01,w_missile_guided_triple_01,w_missile_arc_005,,MK.I|trade:250000,0.46,2,60,600,assets/images/ship/npc_test_ship_001.png,assets/images/ship/ship_top_002.png,FALSE,14,14,0,121,12,3,1.12,neutral,
combat,npc_gov_minerva_flagship,미네르바 총감독함,,hull_cap_line_01,npc_cpt_gov_minerva,minerva,520,200,14,8,3,10,4,0.021,0.000034,0.00188,0.000052,1.02,120,480,580,1900,420,600,80,1000,w_laser_heavy_01,w_missile_guided_triple_01,w_missile_arc_005,,GOV-MINERVA,0.46,2,60,600,assets/images/ship/npc_test_ship_001.png,assets/images/ship/ship_top_002.png,FALSE,16,15,0,130,15,3,1.15,fighter,
combat,npc_gov_iron_flagship,아이언 수호함,,hull_cap_carrier_light_01,npc_cpt_gov_iron,iron_cross,680,260,18,10,3,12,5,0.0195,0.000031,0.00175,0.000048,1.05,110,450,520,1750,400,580,60,900,w_laser_heavy_01,w_missile_guided_triple_01,w_missile_arc_005,,GOV-IRON,0.46,2,60,600,assets/images/ship/npc_test_ship_001.png,assets/images/ship/ship_top_002.png,FALSE,18,16,0,165,18,3,1.18,survival,
combat,npc_gov_helios_flagship,헬리오스 관리함,,hull_cap_research_01,npc_cpt_gov_helios,helios,820,310,20,11,3,12,6,0.0188,0.00003,0.00168,0.000046,1.08,100,420,480,1600,380,560,40,800,w_laser_heavy_01,w_missile_guided_triple_01,w_missile_arc_005,,GOV-HELIOS,0.46,2,60,600,assets/images/ship/npc_test_ship_001.png,assets/images/ship/ship_top_002.png,FALSE,20,17,0,195,31,3,1.22,ranger,
combat,npc_gov_genesis_flagship,제네시스 수문함,,hull_cap_siege_01,npc_cpt_gov_genesis,genesis,2200,880,42,22,4,14,10,0.0165,0.000026,0.00145,0.00004,1.15,80,320,360,1200,320,480,0,600,w_laser_heavy_01,w_missile_guided_triple_01,w_missile_arc_005,,GOV-GENESIS,0.46,2,60,600,assets/images/ship/npc_test_ship_001.png,assets/images/ship/ship_top_002.png,FALSE,28,22,0,420,60,4,1.35,special,
combat,npc_ship_gov_reserve_blue_01,서부전선 제독 기함,,hull_cap_patrol_01,npc_cpt_gov_reserve_blue_01,sirius,460,200,15,9,3,10,5,0.0196,0.000032,0.0018,0.00005,0.98,140,520,650,2100,450,620,120,1200,w_laser_light_01,w_missile_guided_triple_01,w_missile_arc_005,,GOV-RES-BLUE-01,0.46,2,60,600,assets/images/ship/npc_test_ship_001.png,assets/images/ship/ship_top_002.png,FALSE,14,14,0,115,12,3,1.12,neutral,
combat,npc_ship_gov_reserve_blue_02,연합기동군단장 기함,,hull_cap_research_01,npc_cpt_gov_reserve_blue_02,draco_nebula,380,260,10,6,2,10,8,0.0189,0.000031,0.0017,0.000048,0.94,160,560,800,2400,480,660,250,1300,w_laser_light_01,w_missile_guided_triple_01,w_missile_arc_005,,GOV-RES-BLUE-02,0.46,2,60,600,assets/images/ship/npc_test_ship_001.png,assets/images/ship/ship_top_002.png,FALSE,14,14,0,95,10,3,1.1,neutral,
combat,npc_ship_gov_reserve_blue_03,항로방위사령 기함,,hull_cap_carrier_light_01,npc_cpt_gov_reserve_blue_03,minerva,420,160,12,5,4,8,2,0.0192,0.000031,0.00174,0.000048,0.96,150,540,760,2200,470,640,200,1300,w_laser_light_01,w_missile_guided_triple_01,w_missile_arc_005,,GOV-RES-BLUE-03,0.46,2,60,600,assets/images/ship/npc_test_ship_001.png,assets/images/ship/ship_top_002.png,FALSE,14,14,0,105,11,3,1.11,neutral,
combat,npc_ship_gov_reserve_blue_04,궤도방어사령 기함,,hull_cap_patrol_01,npc_cpt_gov_reserve_blue_04,vega_outpost,470,180,13,8,3,10,5,0.0204,0.000033,0.00184,0.00005,0.99,130,500,620,2000,440,610,100,1100,w_laser_light_01,w_missile_nova_01,w_missile_arc_005,,GOV-RES-BLUE-04,0.46,2,60,600,assets/images/ship/npc_test_ship_001.png,assets/images/ship/ship_top_002.png,FALSE,14,14,0,118,12,3,1.12,neutral,
combat,npc_ship_gov_reserve_blue_05,작전기획국장 기함,,hull_cap_line_01,npc_cpt_gov_reserve_blue_05,new_eden,510,170,14,8,3,10,4,0.0215,0.000035,0.00192,0.000052,1,120,460,560,1850,430,600,80,1050,w_laser_heavy_01,w_missile_guided_triple_01,w_missile_arc_005,,GOV-RES-BLUE-05,0.46,2,60,600,assets/images/ship/npc_test_ship_001.png,assets/images/ship/ship_top_002.png,FALSE,14,14,0,128,13,3,1.13,neutral,
combat,npc_ship_gov_reserve_blue_06,원정순항본부장 기함,,hull_cap_siege_01,npc_cpt_gov_reserve_blue_06,new_eden,495,210,15,7,2,12,6,0.021,0.000034,0.0019,0.000052,1.01,130,520,640,2100,450,620,120,1200,w_laser_heavy_01,w_missile_guided_triple_01,w_missile_arc_005,,GOV-RES-BLUE-06,0.46,2,60,600,assets/images/ship/npc_test_ship_001.png,assets/images/ship/ship_top_002.png,FALSE,14,14,0,124,12,3,1.12,neutral,
combat,npc_ship_gov_reserve_blue_07,요새방어사령관 기함,,hull_cap_line_01,npc_cpt_gov_reserve_blue_07,minerva,520,200,14,8,3,10,4,0.021,0.000034,0.00188,0.000052,1.02,120,480,580,1900,420,600,80,1000,w_laser_heavy_01,w_missile_guided_triple_01,w_missile_arc_005,,GOV-RES-BLUE-07,0.46,2,60,600,assets/images/ship/npc_test_ship_001.png,assets/images/ship/ship_top_002.png,FALSE,16,15,0,130,15,3,1.15,fighter,
combat,npc_ship_gov_reserve_blue_08,변경초계총감 기함,,hull_cap_carrier_light_01,npc_cpt_gov_reserve_blue_08,iron_cross,680,260,18,10,3,12,5,0.0195,0.000031,0.00175,0.000048,1.05,110,450,520,1750,400,580,60,900,w_laser_heavy_01,w_missile_guided_triple_01,w_missile_arc_005,,GOV-RES-BLUE-08,0.46,2,60,600,assets/images/ship/npc_test_ship_001.png,assets/images/ship/ship_top_002.png,FALSE,18,16,0,165,18,3,1.18,survival,
combat,npc_ship_gov_reserve_blue_09,무역호위총감 기함,,hull_cap_research_01,npc_cpt_gov_reserve_blue_09,helios,820,310,20,11,3,12,6,0.0188,0.00003,0.00168,0.000046,1.08,100,420,480,1600,380,560,40,800,w_laser_heavy_01,w_missile_guided_triple_01,w_missile_arc_005,,GOV-RES-BLUE-09,0.46,2,60,600,assets/images/ship/npc_test_ship_001.png,assets/images/ship/ship_top_002.png,FALSE,20,17,0,195,31,3,1.22,ranger,
combat,npc_ship_gov_reserve_blue_10,특수작전장 기함,,hull_cap_carrier_light_01,npc_cpt_gov_reserve_blue_10,solar_port,455,175,13,6,3,8,3,0.0198,0.000032,0.00178,0.000049,0.98,140,530,720,2200,465,635,150,1200,w_laser_light_01,w_missile_guided_triple_01,w_missile_arc_005,,GOV-RES-BLUE-10,0.46,2,60,600,assets/images/ship/npc_test_ship_001.png,assets/images/ship/ship_top_002.png,FALSE,14,14,0,114,11,3,1.11,neutral,
combat,npc_ship_gov_reserve_blue_11,서부전선총감 기함,,hull_cap_line_01,npc_cpt_gov_reserve_blue_11,solar_port,500,190,14,8,3,10,4,0.0212,0.000034,0.0019,0.000052,1.01,125,490,610,1980,440,610,100,1100,w_laser_heavy_01,w_missile_guided_triple_01,w_missile_arc_005,,GOV-RES-BLUE-11,0.46,2,60,600,assets/images/ship/npc_test_ship_001.png,assets/images/ship/ship_top_002.png,FALSE,14,14,0,125,13,3,1.13,neutral,
combat,npc_ship_gov_reserve_blue_12,기동함대사령 기함,,hull_cap_patrol_01,npc_cpt_gov_reserve_blue_12,vega_outpost,470,180,14,7,3,10,4,0.0205,0.000033,0.00185,0.000051,1,130,500,620,2000,440,610,90,1100,w_laser_light_01,w_missile_guided_triple_01,w_missile_arc_005,,GOV-RES-BLUE-12,0.46,2,60,600,assets/images/ship/npc_test_ship_001.png,assets/images/ship/ship_top_002.png,FALSE,14,14,0,118,12,3,1.12,neutral,
combat,npc_ship_gov_reserve_blue_13,정찰전단장 기함,,hull_cap_patrol_01,npc_cpt_gov_reserve_blue_13,sirius,460,200,15,9,3,10,5,0.0196,0.000032,0.0018,0.00005,0.98,140,520,650,2100,450,620,120,1200,w_laser_light_01,w_missile_guided_triple_01,w_missile_arc_005,,GOV-RES-BLUE-13,0.46,2,60,600,assets/images/ship/npc_test_ship_001.png,assets/images/ship/ship_top_002.png,FALSE,14,14,0,115,12,3,1.12,neutral,
combat,npc_ship_gov_reserve_blue_14,전략지원사령 기함,,hull_cap_research_01,npc_cpt_gov_reserve_blue_14,draco_nebula,380,260,10,6,2,10,8,0.0189,0.000031,0.0017,0.000048,0.94,160,560,800,2400,480,660,250,1300,w_laser_light_01,w_missile_guided_triple_01,w_missile_arc_005,,GOV-RES-BLUE-14,0.46,2,60,600,assets/images/ship/npc_test_ship_001.png,assets/images/ship/ship_top_002.png,FALSE,14,14,0,95,10,3,1.1,neutral,
combat,npc_ship_gov_reserve_blue_15,스텔리움 연합장 기함,,hull_cap_carrier_light_01,npc_cpt_gov_reserve_blue_15,minerva,420,160,12,5,4,8,2,0.0192,0.000031,0.00174,0.000048,0.96,150,540,760,2200,470,640,200,1300,w_laser_light_01,w_missile_guided_triple_01,w_missile_arc_005,,GOV-RES-BLUE-15,0.46,2,60,600,assets/images/ship/npc_test_ship_001.png,assets/images/ship/ship_top_002.png,FALSE,14,14,0,105,11,3,1.11,neutral,
combat,npc_ship_gov_reserve_blue_16,성계방위사령 기함,,hull_cap_patrol_01,npc_cpt_gov_reserve_blue_16,vega_outpost,470,180,13,8,3,10,5,0.0204,0.000033,0.00184,0.00005,0.99,130,500,620,2000,440,610,100,1100,w_laser_light_01,w_missile_nova_01,w_missile_arc_005,,GOV-RES-BLUE-16,0.46,2,60,600,assets/images/ship/npc_test_ship_001.png,assets/images/ship/ship_top_002.png,FALSE,14,14,0,118,12,3,1.12,neutral,
combat,npc_ship_gov_reserve_blue_17,거점수비사령 기함,,hull_cap_line_01,npc_cpt_gov_reserve_blue_17,new_eden,510,170,14,8,3,10,4,0.0215,0.000035,0.00192,0.000052,1,120,460,560,1850,430,600,80,1050,w_laser_heavy_01,w_missile_guided_triple_01,w_missile_arc_005,,GOV-RES-BLUE-17,0.46,2,60,600,assets/images/ship/npc_test_ship_001.png,assets/images/ship/ship_top_002.png,FALSE,14,14,0,128,13,3,1.13,neutral,
combat,npc_ship_gov_reserve_blue_18,교전지휘관 기함,,hull_cap_siege_01,npc_cpt_gov_reserve_blue_18,new_eden,495,210,15,7,2,12,6,0.021,0.000034,0.0019,0.000052,1.01,130,520,640,2100,450,620,120,1200,w_laser_heavy_01,w_missile_guided_triple_01,w_missile_arc_005,,GOV-RES-BLUE-18,0.46,2,60,600,assets/images/ship/npc_test_ship_001.png,assets/images/ship/ship_top_002.png,FALSE,14,14,0,124,12,3,1.12,neutral,
combat,npc_ship_gov_reserve_blue_19,태양권 파견장 기함,,hull_cap_line_01,npc_cpt_gov_reserve_blue_19,minerva,520,200,14,8,3,10,4,0.021,0.000034,0.00188,0.000052,1.02,120,480,580,1900,420,600,80,1000,w_laser_heavy_01,w_missile_guided_triple_01,w_missile_arc_005,,GOV-RES-BLUE-19,0.46,2,60,600,assets/images/ship/npc_test_ship_001.png,assets/images/ship/ship_top_002.png,FALSE,16,15,0,130,15,3,1.15,fighter,
combat,npc_ship_gov_reserve_blue_20,방위연합총감 기함,,hull_cap_carrier_light_01,npc_cpt_gov_reserve_blue_20,iron_cross,680,260,18,10,3,12,5,0.0195,0.000031,0.00175,0.000048,1.05,110,450,520,1750,400,580,60,900,w_laser_heavy_01,w_missile_guided_triple_01,w_missile_arc_005,,GOV-RES-BLUE-20,0.46,2,60,600,assets/images/ship/npc_test_ship_001.png,assets/images/ship/ship_top_002.png,FALSE,18,16,0,165,18,3,1.18,survival,
combat,npc_ship_gov_reserve_red_01,크림슨 군단장 기함,,hull_cap_patrol_01,npc_cpt_gov_reserve_red_01,arcadia,314,95,8,4,2,8,3,0.02,0.000032,0.00175,0.000048,1,120,480,500,1800,380,580,0,900,w_laser_light_01,w_missile_standard_01,w_missile_arc_005,,GOV-RES-RED-01,0.46,2,60,600,assets/images/ship/npc_test_ship_001.png,assets/images/ship/ship_top_002.png,FALSE,10,10,8,48,5,3,1.05,neutral,
combat,npc_ship_gov_reserve_red_02,붉은 전대사령 기함,,hull_cap_patrol_01,npc_cpt_gov_reserve_red_02,solar_port,328,100,9,5,2,8,3,0.02,0.000032,0.00175,0.000048,1,120,480,500,1800,380,580,0,900,w_laser_light_01,w_missile_standard_01,w_missile_arc_005,,GOV-RES-RED-02,0.46,2,60,600,assets/images/ship/npc_test_ship_001.png,assets/images/ship/ship_top_002.png,FALSE,10,10,8,56,6,3,1.06,neutral,
combat,npc_ship_gov_reserve_red_03,약탈전단장 기함,,hull_cap_patrol_01,npc_cpt_gov_reserve_red_03,minerva,342,105,9,5,2,8,3,0.02,0.000032,0.00175,0.000048,1,120,480,500,1800,380,580,0,900,w_laser_light_01,w_missile_standard_01,w_missile_arc_005,,GOV-RES-RED-03,0.46,2,60,600,assets/images/ship/npc_test_ship_001.png,assets/images/ship/ship_top_002.png,FALSE,10,10,8,64,7,3,1.07,neutral,
combat,npc_ship_gov_reserve_red_04,혈전사령관 기함,,hull_cap_patrol_01,npc_cpt_gov_reserve_red_04,vega_outpost,356,110,9,5,2,8,3,0.02,0.000032,0.00175,0.000048,1,120,480,500,1800,380,580,0,900,w_laser_light_01,w_missile_standard_01,w_missile_arc_005,,GOV-RES-RED-04,0.46,2,60,600,assets/images/ship/npc_test_ship_001.png,assets/images/ship/ship_top_002.png,FALSE,10,10,8,72,8,3,1.08,neutral,
combat,npc_ship_gov_reserve_red_05,암시장 군벌 기함,,hull_cap_patrol_01,npc_cpt_gov_reserve_red_05,new_eden,370,115,10,6,2,8,3,0.02,0.000032,0.00175,0.000048,1,120,480,500,1800,380,580,0,900,w_laser_light_01,w_missile_standard_01,w_missile_arc_005,,GOV-RES-RED-05,0.46,2,60,600,assets/images/ship/npc_test_ship_001.png,assets/images/ship/ship_top_002.png,FALSE,10,10,8,80,9,3,1.09,neutral,
combat,npc_ship_gov_reserve_red_06,심연 문지기 기함,,hull_cap_patrol_01,npc_cpt_gov_reserve_red_06,iron_cross,384,120,10,6,2,8,3,0.02,0.000032,0.00175,0.000048,1,120,480,500,1800,380,580,0,900,w_laser_light_01,w_missile_standard_01,w_missile_arc_005,,GOV-RES-RED-06,0.46,2,60,600,assets/images/ship/npc_test_ship_001.png,assets/images/ship/ship_top_002.png,FALSE,10,10,8,88,10,3,1.1,neutral,
combat,npc_ship_gov_reserve_red_07,나이트폴 군주 기함,,hull_cap_patrol_01,npc_cpt_gov_reserve_red_07,draco_nebula,314,95,8,4,2,8,3,0.02,0.000032,0.00175,0.000048,1,120,480,500,1800,380,580,0,900,w_laser_arc_004,w_missile_arc_022,w_missile_arc_005,,GOV-RES-RED-07,0.46,2,60,600,assets/images/ship/npc_test_ship_001.png,assets/images/ship/ship_top_002.png,FALSE,10,10,8,48,5,3,1.05,neutral,
combat,npc_ship_gov_reserve_red_08,코어 수문장 기함,,hull_cap_patrol_01,npc_cpt_gov_reserve_red_08,omega_station,412,130,11,6,2,8,3,0.02,0.000032,0.00175,0.000048,1,120,480,500,1800,380,580,0,900,w_laser_light_01,w_missile_standard_01,w_missile_arc_005,,GOV-RES-RED-08,0.46,2,60,600,assets/images/ship/npc_test_ship_001.png,assets/images/ship/ship_top_002.png,FALSE,10,10,8,104,12,3,1.12,neutral,
combat,npc_ship_gov_reserve_red_09,영원 군단장 기함,,hull_cap_patrol_01,npc_cpt_gov_reserve_red_09,sirius,440,140,11,7,2,8,3,0.02,0.000032,0.00175,0.000048,1,120,480,500,1800,380,580,0,900,w_laser_light_01,w_missile_standard_01,w_missile_arc_005,,GOV-RES-RED-09,0.46,2,60,600,assets/images/ship/npc_test_ship_001.png,assets/images/ship/ship_top_002.png,FALSE,10,10,10,120,13,3,1.13,neutral,
combat,npc_ship_gov_reserve_red_10,항로 차단장 기함,,hull_cap_raider_01,npc_cpt_gov_reserve_red_10,crimson_zone,510,165,13,9,2,8,3,0.02,0.000032,0.00175,0.000048,1,120,480,500,1800,380,580,0,900,w_laser_light_01,w_missile_standard_01,w_missile_arc_005,,GOV-RES-RED-10,0.46,2,60,600,assets/images/ship/npc_test_ship_001.png,assets/images/ship/ship_top_002.png,FALSE,10,10,10,160,18,3,1.18,neutral,
combat,npc_ship_gov_reserve_red_11,변경 침투장 기함,,hull_cap_raider_01,npc_cpt_gov_reserve_red_11,dark_rift,538,175,13,9,2,8,3,0.02,0.000032,0.00175,0.000048,1,120,480,500,1800,380,580,0,900,w_laser_light_01,w_missile_standard_01,w_missile_arc_005,,GOV-RES-RED-11,0.46,2,60,600,assets/images/ship/npc_test_ship_001.png,assets/images/ship/ship_top_002.png,FALSE,10,10,10,176,20,3,1.2,neutral,
combat,npc_ship_gov_reserve_red_12,회항로 습격장 기함,,hull_cap_raider_01,npc_cpt_gov_reserve_red_12,blood_field,552,180,14,9,2,8,3,0.02,0.000032,0.00175,0.000048,1,120,480,500,1800,380,580,0,900,w_laser_light_01,w_missile_standard_01,w_missile_arc_005,,GOV-RES-RED-12,0.46,2,60,600,assets/images/ship/npc_test_ship_001.png,assets/images/ship/ship_top_002.png,FALSE,10,10,10,184,20,3,1.2,neutral,
combat,npc_ship_gov_reserve_red_13,태양권 강습장 기함,,hull_cap_patrol_01,npc_cpt_gov_reserve_red_13,arcadia,314,95,8,4,2,8,3,0.02,0.000032,0.00175,0.000048,1,120,480,500,1800,380,580,0,900,w_laser_light_01,w_missile_standard_01,w_missile_arc_005,,GOV-RES-RED-13,0.46,2,60,600,assets/images/ship/npc_test_ship_001.png,assets/images/ship/ship_top_002.png,FALSE,10,10,8,48,5,3,1.05,neutral,
combat,npc_ship_gov_reserve_red_14,공간 왜곡장 기함,,hull_cap_patrol_01,npc_cpt_gov_reserve_red_14,solar_port,328,100,9,5,2,8,3,0.02,0.000032,0.00175,0.000048,1,120,480,500,1800,380,580,0,900,w_laser_light_01,w_missile_standard_01,w_missile_arc_005,,GOV-RES-RED-14,0.46,2,60,600,assets/images/ship/npc_test_ship_001.png,assets/images/ship/ship_top_002.png,FALSE,10,10,8,56,6,3,1.06,neutral,
combat,npc_ship_gov_reserve_red_15,전리품 감독 기함,,hull_cap_patrol_01,npc_cpt_gov_reserve_red_15,minerva,342,105,9,5,2,8,3,0.02,0.000032,0.00175,0.000048,1,120,480,500,1800,380,580,0,900,w_laser_light_01,w_missile_standard_01,w_missile_arc_005,,GOV-RES-RED-15,0.46,2,60,600,assets/images/ship/npc_test_ship_001.png,assets/images/ship/ship_top_002.png,FALSE,10,10,8,64,7,3,1.07,neutral,
combat,npc_ship_gov_reserve_red_16,포위전사령 기함,,hull_cap_patrol_01,npc_cpt_gov_reserve_red_16,vega_outpost,356,110,9,5,2,8,3,0.02,0.000032,0.00175,0.000048,1,120,480,500,1800,380,580,0,900,w_laser_light_01,w_missile_standard_01,w_missile_arc_005,,GOV-RES-RED-16,0.46,2,60,600,assets/images/ship/npc_test_ship_001.png,assets/images/ship/ship_top_002.png,FALSE,10,10,8,72,8,3,1.08,neutral,
combat,npc_ship_gov_reserve_red_17,교차점 사냥꾼 기함,,hull_cap_patrol_01,npc_cpt_gov_reserve_red_17,new_eden,370,115,10,6,2,8,3,0.02,0.000032,0.00175,0.000048,1,120,480,500,1800,380,580,0,900,w_laser_light_01,w_missile_standard_01,w_missile_arc_005,,GOV-RES-RED-17,0.46,2,60,600,assets/images/ship/npc_test_ship_001.png,assets/images/ship/ship_top_002.png,FALSE,10,10,8,80,9,3,1.09,neutral,
combat,npc_ship_gov_reserve_red_18,관문 봉쇄장 기함,,hull_cap_patrol_01,npc_cpt_gov_reserve_red_18,iron_cross,384,120,10,6,2,8,3,0.02,0.000032,0.00175,0.000048,1,120,480,500,1800,380,580,0,900,w_laser_light_01,w_missile_standard_01,w_missile_arc_005,,GOV-RES-RED-18,0.46,2,60,600,assets/images/ship/npc_test_ship_001.png,assets/images/ship/ship_top_002.png,FALSE,10,10,8,88,10,3,1.1,neutral,
combat,npc_ship_gov_reserve_red_19,고대 감시자 기함,,hull_cap_patrol_01,npc_cpt_gov_reserve_red_19,draco_nebula,314,95,8,4,2,8,3,0.02,0.000032,0.00175,0.000048,1,120,480,500,1800,380,580,0,900,w_laser_arc_004,w_missile_arc_022,w_missile_arc_005,,GOV-RES-RED-19,0.46,2,60,600,assets/images/ship/npc_test_ship_001.png,assets/images/ship/ship_top_002.png,FALSE,10,10,8,48,5,3,1.05,neutral,
combat,npc_ship_gov_reserve_red_20,왕좌 요격장 기함,,hull_cap_patrol_01,npc_cpt_gov_reserve_red_20,omega_station,412,130,11,6,2,8,3,0.02,0.000032,0.00175,0.000048,1,120,480,500,1800,380,580,0,900,w_laser_light_01,w_missile_standard_01,w_missile_arc_005,,GOV-RES-RED-20,0.46,2,60,600,assets/images/ship/npc_test_ship_001.png,assets/images/ship/ship_top_002.png,FALSE,10,10,8,104,12,3,1.12,neutral,
combat,npc_ship_gov_reserve_neutral_01,중립 행정장 기함,,hull_cap_research_01,npc_cpt_gov_reserve_neutral_01,helios,820,310,20,11,3,12,6,0.0188,0.00003,0.00168,0.000046,1.08,100,420,480,1600,380,560,40,800,w_laser_heavy_01,w_missile_guided_triple_01,w_missile_arc_005,,GOV-RES-NEUTRAL-01,0.46,2,60,600,assets/images/ship/npc_test_ship_001.png,assets/images/ship/ship_top_002.png,FALSE,20,17,0,195,31,3,1.22,ranger,
combat,npc_ship_gov_reserve_neutral_02,중립 중재관 기함,,hull_cap_raider_01,npc_cpt_gov_reserve_neutral_02,shadow_nexus,524,170,13,9,2,8,3,0.02,0.000032,0.00175,0.000048,1,120,480,500,1800,380,580,0,900,w_laser_light_01,w_missile_standard_01,w_missile_arc_005,,GOV-RES-NEUTRAL-02,0.46,2,60,600,assets/images/ship/npc_test_ship_001.png,assets/images/ship/ship_top_002.png,FALSE,10,10,10,168,19,3,1.19,neutral,
combat,npc_ship_gov_reserve_neutral_03,유적 수호장 기함,,hull_cap_patrol_01,npc_cpt_gov_reserve_neutral_03,titan_gate,440,140,11,7,2,8,3,0.02,0.000032,0.00175,0.000048,1,120,480,500,1800,380,580,0,900,w_laser_light_01,w_missile_standard_01,w_missile_arc_005,,GOV-RES-NEUTRAL-03,0.46,2,60,600,assets/images/ship/npc_test_ship_001.png,assets/images/ship/ship_top_002.png,FALSE,10,10,10,120,13,3,1.13,neutral,
combat,npc_ship_gov_reserve_neutral_04,기원 수문장 기함,,hull_cap_research_01,npc_cpt_gov_reserve_neutral_04,helios,820,310,20,11,3,12,6,0.0188,0.00003,0.00168,0.000046,1.08,100,420,480,1600,380,560,40,800,w_laser_heavy_01,w_missile_guided_triple_01,w_missile_arc_005,,GOV-RES-NEUTRAL-04,0.46,2,60,600,assets/images/ship/npc_test_ship_001.png,assets/images/ship/ship_top_002.png,FALSE,20,17,0,195,31,3,1.22,ranger,
combat,npc_ship_gov_reserve_neutral_05,중립 감시장 기함,,hull_cap_raider_01,npc_cpt_gov_reserve_neutral_05,shadow_nexus,524,170,13,9,2,8,3,0.02,0.000032,0.00175,0.000048,1,120,480,500,1800,380,580,0,900,w_laser_light_01,w_missile_standard_01,w_missile_arc_005,,GOV-RES-NEUTRAL-05,0.46,2,60,600,assets/images/ship/npc_test_ship_001.png,assets/images/ship/ship_top_002.png,FALSE,10,10,10,168,19,3,1.19,neutral,
general,npc_arc_seed_ship_abyss,베라 호송급 ARC시드,,hull_cap_patrol_01,npc_cpt_arc_seed_abyss,abyss,380,150,10,5,2,7,3,0.0188,0.000030,0.00168,0.000045,0.94,120,480,580,1920,410,560,88,1040,w_laser_light_01,w_missile_guided_triple_01,w_missile_arc_005,,A-F1|trade:180000,0.44,1.8,55,180,assets/images/ship/npc_test_ship_001.png,assets/images/ship/ship_top_002.png,FALSE,12,12,0,98,9,3,1.0,neutral,
general,npc_arc_seed_ship_arcadia,카란 ARC급 ARC시드,,hull_cap_patrol_01,npc_cpt_arc_seed_arcadia,arcadia,380,150,10,5,2,7,3,0.0188,0.000030,0.00168,0.000045,0.94,120,480,580,1920,410,560,88,1040,w_laser_light_01,w_missile_guided_triple_01,w_missile_arc_005,,A-F1|trade:180000,0.44,1.8,55,180,assets/images/ship/npc_test_ship_001.png,assets/images/ship/ship_top_002.png,FALSE,12,12,0,98,9,3,1.0,neutral,
general,npc_arc_seed_ship_arcfire_core,듀로 ARC급 ARC시드,,hull_cap_patrol_01,npc_cpt_arc_seed_arcfire_core,arcfire_core,380,150,10,5,2,7,3,0.0188,0.000030,0.00168,0.000045,0.94,120,480,580,1920,410,560,88,1040,w_laser_light_01,w_missile_guided_triple_01,w_missile_arc_005,,A-F1|trade:180000,0.44,1.8,55,180,assets/images/ship/npc_test_ship_001.png,assets/images/ship/ship_top_002.png,FALSE,12,12,0,98,9,3,1.0,neutral,
general,npc_arc_seed_ship_blood_field,엘라 호송급 ARC시드,,hull_cap_patrol_01,npc_cpt_arc_seed_blood_field,blood_field,380,150,10,5,2,7,3,0.0188,0.000030,0.00168,0.000045,0.94,120,480,580,1920,410,560,88,1040,w_laser_light_01,w_missile_guided_triple_01,w_missile_arc_005,,A-F1|trade:180000,0.44,1.8,55,180,assets/images/ship/npc_test_ship_001.png,assets/images/ship/ship_top_002.png,FALSE,12,12,0,98,9,3,1.0,neutral,
general,npc_arc_seed_ship_crimson_zone,피온 ARC급 ARC시드,,hull_cap_patrol_01,npc_cpt_arc_seed_crimson_zone,crimson_zone,380,150,10,5,2,7,3,0.0188,0.000030,0.00168,0.000045,0.94,120,480,580,1920,410,560,88,1040,w_laser_light_01,w_missile_guided_triple_01,w_missile_arc_005,,A-F1|trade:180000,0.44,1.8,55,180,assets/images/ship/npc_test_ship_001.png,assets/images/ship/ship_top_002.png,FALSE,12,12,0,98,9,3,1.0,neutral,
general,npc_arc_seed_ship_dark_rift,하렌 호송급 ARC시드,,hull_cap_patrol_01,npc_cpt_arc_seed_dark_rift,dark_rift,380,150,10,5,2,7,3,0.0188,0.000030,0.00168,0.000045,0.94,120,480,580,1920,410,560,88,1040,w_laser_light_01,w_missile_guided_triple_01,w_missile_arc_005,,A-F1|trade:180000,0.44,1.8,55,180,assets/images/ship/npc_test_ship_001.png,assets/images/ship/ship_top_002.png,FALSE,12,12,0,98,9,3,1.0,neutral,
general,npc_arc_seed_ship_draco_nebula,이온 ARC급 ARC시드,,hull_cap_patrol_01,npc_cpt_arc_seed_draco_nebula,draco_nebula,380,150,10,5,2,7,3,0.0188,0.000030,0.00168,0.000045,0.94,120,480,580,1920,410,560,88,1040,w_laser_light_01,w_missile_guided_triple_01,w_missile_arc_005,,A-F1|trade:180000,0.44,1.8,55,180,assets/images/ship/npc_test_ship_001.png,assets/images/ship/ship_top_002.png,FALSE,12,12,0,98,9,3,1.0,neutral,
general,npc_arc_seed_ship_eternity,제나 호송급 ARC시드,,hull_cap_patrol_01,npc_cpt_arc_seed_eternity,eternity,380,150,10,5,2,7,3,0.0188,0.000030,0.00168,0.000045,0.94,120,480,580,1920,410,560,88,1040,w_laser_light_01,w_missile_guided_triple_01,w_missile_arc_005,,A-F1|trade:180000,0.44,1.8,55,180,assets/images/ship/npc_test_ship_001.png,assets/images/ship/ship_top_002.png,FALSE,12,12,0,98,9,3,1.0,neutral,
general,npc_arc_seed_ship_genesis,카일 ARC급 ARC시드,,hull_cap_patrol_01,npc_cpt_arc_seed_genesis,genesis,380,150,10,5,2,7,3,0.0188,0.000030,0.00168,0.000045,0.94,120,480,580,1920,410,560,88,1040,w_laser_light_01,w_missile_guided_triple_01,w_missile_arc_005,,A-F1|trade:180000,0.44,1.8,55,180,assets/images/ship/npc_test_ship_001.png,assets/images/ship/ship_top_002.png,FALSE,12,12,0,98,9,3,1.0,neutral,
general,npc_arc_seed_ship_helios,루나 호송급 ARC시드,,hull_cap_patrol_01,npc_cpt_arc_seed_helios,helios,380,150,10,5,2,7,3,0.0188,0.000030,0.00168,0.000045,0.94,120,480,580,1920,410,560,88,1040,w_laser_light_01,w_missile_guided_triple_01,w_missile_arc_005,,A-F1|trade:180000,0.44,1.8,55,180,assets/images/ship/npc_test_ship_001.png,assets/images/ship/ship_top_002.png,FALSE,12,12,0,98,9,3,1.0,neutral,
general,npc_arc_seed_ship_iron_cross,오스 ARC급 ARC시드,,hull_cap_patrol_01,npc_cpt_arc_seed_iron_cross,iron_cross,380,150,10,5,2,7,3,0.0188,0.000030,0.00168,0.000045,0.94,120,480,580,1920,410,560,88,1040,w_laser_light_01,w_missile_guided_triple_01,w_missile_arc_005,,A-F1|trade:180000,0.44,1.8,55,180,assets/images/ship/npc_test_ship_001.png,assets/images/ship/ship_top_002.png,FALSE,12,12,0,98,9,3,1.0,neutral,
general,npc_arc_seed_ship_minerva,세라 호송급 ARC시드,,hull_cap_patrol_01,npc_cpt_arc_seed_minerva,minerva,380,150,10,5,2,7,3,0.0188,0.000030,0.00168,0.000045,0.94,120,480,580,1920,410,560,88,1040,w_laser_light_01,w_missile_guided_triple_01,w_missile_arc_005,,A-F1|trade:180000,0.44,1.8,55,180,assets/images/ship/npc_test_ship_001.png,assets/images/ship/ship_top_002.png,FALSE,12,12,0,98,9,3,1.0,neutral,
general,npc_arc_seed_ship_new_eden,탈로 ARC급 ARC시드,,hull_cap_patrol_01,npc_cpt_arc_seed_new_eden,new_eden,380,150,10,5,2,7,3,0.0188,0.000030,0.00168,0.000045,0.94,120,480,580,1920,410,560,88,1040,w_laser_light_01,w_missile_guided_triple_01,w_missile_arc_005,,A-F1|trade:180000,0.44,1.8,55,180,assets/images/ship/npc_test_ship_001.png,assets/images/ship/ship_top_002.png,FALSE,12,12,0,98,9,3,1.0,neutral,
general,npc_arc_seed_ship_nightfall,비온 호송급 ARC시드,,hull_cap_patrol_01,npc_cpt_arc_seed_nightfall,nightfall,380,150,10,5,2,7,3,0.0188,0.000030,0.00168,0.000045,0.94,120,480,580,1920,410,560,88,1040,w_laser_light_01,w_missile_guided_triple_01,w_missile_arc_005,,A-F1|trade:180000,0.44,1.8,55,180,assets/images/ship/npc_test_ship_001.png,assets/images/ship/ship_top_002.png,FALSE,12,12,0,98,9,3,1.0,neutral,
general,npc_arc_seed_ship_omega_station,게일 ARC급 ARC시드,,hull_cap_patrol_01,npc_cpt_arc_seed_omega_station,omega_station,380,150,10,5,2,7,3,0.0188,0.000030,0.00168,0.000045,0.94,120,480,580,1920,410,560,88,1040,w_laser_light_01,w_missile_guided_triple_01,w_missile_arc_005,,A-F1|trade:180000,0.44,1.8,55,180,assets/images/ship/npc_test_ship_001.png,assets/images/ship/ship_top_002.png,FALSE,12,12,0,98,9,3,1.0,neutral,
general,npc_arc_seed_ship_perseus,노바 호송급 ARC시드,,hull_cap_patrol_01,npc_cpt_arc_seed_perseus,perseus,380,150,10,5,2,7,3,0.0188,0.000030,0.00168,0.000045,0.94,120,480,580,1920,410,560,88,1040,w_laser_light_01,w_missile_guided_triple_01,w_missile_arc_005,,A-F1|trade:180000,0.44,1.8,55,180,assets/images/ship/npc_test_ship_001.png,assets/images/ship/ship_top_002.png,FALSE,12,12,0,98,9,3,1.0,neutral,
general,npc_arc_seed_ship_shadow_nexus,리안 ARC급 ARC시드,,hull_cap_patrol_01,npc_cpt_arc_seed_shadow_nexus,shadow_nexus,380,150,10,5,2,7,3,0.0188,0.000030,0.00168,0.000045,0.94,120,480,580,1920,410,560,88,1040,w_laser_light_01,w_missile_guided_triple_01,w_missile_arc_005,,A-F1|trade:180000,0.44,1.8,55,180,assets/images/ship/npc_test_ship_001.png,assets/images/ship/ship_top_002.png,FALSE,12,12,0,98,9,3,1.0,neutral,
general,npc_arc_seed_ship_sirius,소라 호송급 ARC시드,,hull_cap_patrol_01,npc_cpt_arc_seed_sirius,sirius,380,150,10,5,2,7,3,0.0188,0.000030,0.00168,0.000045,0.94,120,480,580,1920,410,560,88,1040,w_laser_light_01,w_missile_guided_triple_01,w_missile_arc_005,,A-F1|trade:180000,0.44,1.8,55,180,assets/images/ship/npc_test_ship_001.png,assets/images/ship/ship_top_002.png,FALSE,12,12,0,98,9,3,1.0,neutral,
general,npc_arc_seed_ship_solar_port,테온 ARC급 ARC시드,,hull_cap_patrol_01,npc_cpt_arc_seed_solar_port,solar_port,380,150,10,5,2,7,3,0.0188,0.000030,0.00168,0.000045,0.94,120,480,580,1920,410,560,88,1040,w_laser_light_01,w_missile_guided_triple_01,w_missile_arc_005,,A-F1|trade:180000,0.44,1.8,55,180,assets/images/ship/npc_test_ship_001.png,assets/images/ship/ship_top_002.png,FALSE,12,12,0,98,9,3,1.0,neutral,
general,npc_arc_seed_ship_titan_gate,윈드 호송급 ARC시드,,hull_cap_patrol_01,npc_cpt_arc_seed_titan_gate,titan_gate,380,150,10,5,2,7,3,0.0188,0.000030,0.00168,0.000045,0.94,120,480,580,1920,410,560,88,1040,w_laser_light_01,w_missile_guided_triple_01,w_missile_arc_005,,A-F1|trade:180000,0.44,1.8,55,180,assets/images/ship/npc_test_ship_001.png,assets/images/ship/ship_top_002.png,FALSE,12,12,0,98,9,3,1.0,neutral,
general,npc_arc_seed_ship_vega_outpost,제로 ARC급 ARC시드,,hull_cap_patrol_01,npc_cpt_arc_seed_vega_outpost,vega_outpost,380,150,10,5,2,7,3,0.0188,0.000030,0.00168,0.000045,0.94,120,480,580,1920,410,560,88,1040,w_laser_light_01,w_missile_guided_triple_01,w_missile_arc_005,,A-F1|trade:180000,0.44,1.8,55,180,assets/images/ship/npc_test_ship_001.png,assets/images/ship/ship_top_002.png,FALSE,12,12,0,98,9,3,1.0,neutral,
