sceneId,pageIndex,label,text,imageAssetKey,speakerNpcCaptainId,viewMode,textBoxPreset,imageScalePct,text_en,label_en,actionLabel,actionLabel_en
intro01,0,[ 발견 ],은하계 동부를 손에 넣은 크림슨 레기온은\n끈질기고 은밀한 움직임 끝에\n마침내 깊숙한 어둠의 구역 안에\n잠들어 있던 아크코어를 찾아낸다.\n\n,,,cinematic,default,100,"Having seized the east of the galaxy, the Crimson Legion,\nafter persistent and covert movement,\nat last finds ArcCore that had lain asleep\ndeep within a zone of darkness.\n\n",[ Discovery ]
intro01,1,[ 침공 ],"그들은 압도적인 아크코어의 힘을 앞세워,\n오랜 전통과 역사를 간직한\n스텔리움 연합을 침공했다.\n\n",,,cinematic,default,100,"With ArcCore's overwhelming power at the fore,\nthey invaded the Stellium Alliance,\nwhich had long cherished its tradition and history.\n\n",[ Invasion ]
intro01,2,[ 전쟁 ],"끊이지 않는 죽음과 파괴 속에서,\n두 세력의 잔혹한 전쟁은\n지금 이 순간에도 계속되고 있다.\n\n",,,cinematic,default,100,"Amid unending death and destruction,\nthe brutal war between the two powers\ncontinues even at this very moment.\n\n",[ War ]
ingame_dialog_01,0,[ 안내 오퍼레이터 ],환영합니다. [닉네임]님. 아르카디아에 도착하셨습니다. 먼저 하단의 스캔을 누르십시오.,assets/images/npc/stella_aris_char001.png,npc_cpt_operator_stella,ingame_dialog,compact,100,"Welcome, [Pilot]. You have arrived at Arcadia. First, tap Scan at the bottom.",[ Guide Operator ]
ingame_dialog_scan_main_quest,0,[ 안내 오퍼레이터 ],"이제, 저와 대화할 수 있는 메신저 통신창이 연결되었습니다. '대화'버튼을 누르면 저와 언제든지 대화할 수 있어요",assets/images/npc/stella_aris_char001.png,npc_cpt_operator_stella,ingame_dialog,compact,100,The messenger comm window is now connected so we can talk. Press the Talk button and we can talk anytime.,[ Guide Operator ]
ingame_dialog_wave_defense_end,0,[ 안내 오퍼레이터 ],[닉네임]님. 전투가 종료되었습니다. 다시 정비한 뒤 다음 침공에 대비해 주십시오.,assets/images/npc/mia_bello_char002.png,npc_cpt_operator_stella,ingame_dialog,compact,100,"[Pilot], the battle is over. Refit and prepare for the next invasion.",[ Guide Operator ]
npc_dialog_default,0,[ 함장 ],반갑습니다 [닉네임]님. 현재 이 행성에 잠시 정박 중입니다. 특별한 용건은 아직 없습니다. 다음 기회에 다시 들러 주십시오.,assets/images/npc/noname_char003.png,,ingame_dialog,compact,100,"Good to meet you, [Pilot]. I'm docked at this planet for a while. Nothing special to report yet. Drop by again next time.",[ Captain ]
npc_dialog_arc_transport_temp,0,[ 아크수송선단 ],스캔 채널 확인. 현재 항로 운항 중인 아크수송선단 함장입니다. 화물·항로·임무 연동은 아직 준비 중입니다. 지금은 통신 테스트만 가능합니다.,assets/images/npc/noname_char004.png,,ingame_dialog,compact,100,"Scan channel confirmed. Captain of the Arc Transport Fleet, currently underway. Cargo, routes, and mission links are still in preparation. For now, only comms testing is available.",[ Arc Transport Fleet ]
npc_dialog_orbit_captain_temp,0,[ 궤도 함장 ],통신 연결 확인. 현재 이 행성 궤도를 선회 중인 함장입니다. 정식 임무·보급·정보 교환은 후속 단계에서 개방됩니다.,assets/images/npc/noname_char005.png,,ingame_dialog,compact,100,"Comms link confirmed. I'm a captain circling this planet's orbit. Formal missions, supply, and intel exchange open in a later phase.",[ Orbit Captain ]
npc_dialog_mireille,0,[ 미레유 보스 ],연방 순항대 채널이다. 경고 광파를 한 번 보낸다. 도발만 없으면 통과시키지.,assets/images/npc/noname_char006.png,npc_cpt_mireille,ingame_dialog,compact,100,"Federation Patrol channel open. I'll send one warning pulse. No provocation, and I'll let you pass.",[ Boss Mireille ]
npc_dialog_orin,0,[ 오린 케이드 ],약한 신호는 무시한다. 위협만 응답하지. 잡담은 본부에서 하시오.,assets/images/npc/noname_char007.png,npc_cpt_orin,ingame_dialog,compact,100,I ignore weak signals. I respond only to threats. Save the chatter for HQ.,[ Orin Cade ]
npc_dialog_sela,0,[ 셀라 모른 ],미네르바 광물 호송단 소속이다. 광물 호송 중이니 안전 거리만 지켜달라. 이쪽은 선공할 일이 거의 없다.,assets/images/npc/noname_char008.png,npc_cpt_sela,ingame_dialog,compact,100,Minerva Mineral Convoy here. Escorting ore — keep your distance. We rarely strike first.,[ Sela Morn ]
npc_dialog_jex,0,[ 젝스 타르 ],신원 식별 즉시 응답하라. 응답 없으면 정해진 절차대로 처리한다. 이쪽은 변경 사격권이다.,assets/images/npc/noname_char009.png,npc_cpt_jex,ingame_dialog,compact,100,"Identify yourself at once. No response, and I follow standard procedure. This is a free-fire frontier.",[ Jex Tar ]
npc_dialog_vector,0,[ 벡터-7 ],관측 채널 1번 개방. 당신의 추력 패턴은 정상 범위. 이상 신호 감지 시 다시 호출한다.,assets/images/npc/noname_char010.png,npc_cpt_vector,ingame_dialog,compact,100,"Observation channel one, open. Your thrust pattern is within normal range. I'll hail you again if I detect anomalies.",[ Vector-7 ]
npc_dialog_kresh,0,[ 크레쉬 박 ],포획? 시간 낭비다. 격파가 더 빠르고 깔끔하지. 살아 돌아갔다면 운이 좋았던 거다.,assets/images/npc/stella_aris_char001.png,npc_cpt_kresh,ingame_dialog,compact,100,"Capture? Waste of time. Destroying you is faster and cleaner. If you made it back alive, you were lucky.",[ Kresh Bak ]
npc_dialog_raid_scar,0,[ 스카 레인 ],베가 외곽은 우리지역이다. 빠르게 들어와 빠르게 공격한다. 살아돌아갈 생각은마라.,assets/images/npc/mia_bello_char002.png,npc_cpt_raid_scar,ingame_dialog,compact,100,The Vega outskirts are our turf. We strike fast and hit hard. Don't count on getting back alive.,[ Scar Raine ]
npc_dialog_eden_08,0,[ 카일 렌드 ],베가 보급 항로 감독 중이다. 일정에 차질만 없으면 그만이지. 동행은 사양한다.,assets/images/npc/noname_char003.png,npc_cpt_eden_08,ingame_dialog,compact,100,"I'm overseeing the Vega supply lane. As long as the schedule holds, that's all I need. I'll pass on company.",[ Kyle Rend ]
npc_dialog_eden_09,0,[ 라나 벨 ],에덴 정비독 대기 줄이 길다. 다음 슬롯은 좀 기다려야 한다. 급하면 다른 항구를 알아봐.,assets/images/npc/noname_char004.png,npc_cpt_eden_09,ingame_dialog,compact,100,"The Eden repair-dock queue is long. You'll wait a while for the next slot. If you're in a hurry, try another port.",[ Lana Bell ]
npc_dialog_eden_10,0,[ 오멜 카르 ],외곽 접근 함선은 모두 추적한다. 당신도 예외는 아니다. 행동만 깔끔하면 그걸로 끝이지.,assets/images/npc/noname_char005.png,npc_cpt_eden_10,ingame_dialog,compact,100,I track every ship approaching the rim. You're no exception. Keep it clean and we're done here.,[ Omel Kar ]
npc_dialog_vega_watch_01,0,[ 하르만 돌 ],베가 외곽 초계 중이다. 정해진 코스를 벗어나는 신호는 즉시 보고된다.,assets/images/npc/noname_char006.png,npc_cpt_vega_watch_01,ingame_dialog,compact,100,I'm on patrol along the Vega rim. Any signal leaving the set course is reported at once.,[ Harman Dol ]
npc_dialog_vega_watch_02,0,[ 세린 코프 ],민간선 호위 임무 중. 동행 신청은 본부 채널로 부탁한다.,assets/images/npc/noname_char007.png,npc_cpt_vega_watch_02,ingame_dialog,compact,100,On a civilian escort mission. Request any rendezvous through the HQ channel.,[ Serin Cope ]
npc_dialog_solar_guard_01,0,[ 이사 벤트 ],솔라 항구 항만사령부입니다. 도킹 안내가 필요하면 항만 콘솔에 접속해 주십시오.,assets/images/npc/noname_char008.png,npc_cpt_solar_guard_01,ingame_dialog,compact,100,"This is Solar Port Harbor Command. If you need docking guidance, connect to the harbor console.",[ Isa Bent ]
npc_dialog_solar_guard_02,0,[ 토닉 레일 ],무역선 호위 중이다. 잡음 통신은 짧게 끝내자. 다음 점프창이 곧이다.,assets/images/npc/noname_char009.png,npc_cpt_solar_guard_02,ingame_dialog,compact,100,Escorting a trade ship. Let's keep idle comms short. The next jump window is soon.,[ Tonic Rail ]
npc_dialog_vega_test_a,0,[ 베가 보조대 알파 ],보조 순항 시험 비행 중. 기록용 통신만 허용된다. 잡음은 사양한다.,assets/images/npc/noname_char010.png,npc_cpt_vega_test_a,ingame_dialog,compact,100,"Running an auxiliary cruise test flight. Only logging comms are allowed. No chatter, please.",[ Vega Auxiliary Alpha ]
npc_dialog_vega_test_b,0,[ 베가 보조대 브라보 ],베가 보급 항로 모니터링 중. 통신은 30초 단위로 끊어 주길.,assets/images/npc/stella_aris_char001.png,npc_cpt_vega_test_b,ingame_dialog,compact,100,Monitoring the Vega supply lane. Keep comms to 30-second bursts.,[ Vega Auxiliary Bravo ]
npc_dialog_vega_red_04,0,[ 베가 레드 04 ],외곽 급습 편대다. 운 좋으면 그냥 지나가게 둘지도 모르지.,assets/images/npc/mia_bello_char002.png,npc_cpt_vega_red_04,ingame_dialog,compact,100,We're a rim raid squadron. Get lucky and we might just let you pass.,[ Vega Red 04 ]
npc_dialog_vega_red_05,0,[ 베가 레드 05 ],차단 임무 중이다. 보급선이면 멈추는 게 좋을 거야.,assets/images/npc/noname_char003.png,npc_cpt_vega_red_05,ingame_dialog,compact,100,"On an interdiction run. If you're a supply ship, you'd better stop.",[ Vega Red 05 ]
npc_dialog_vega_red_06,0,[ 베가 레드 06 ],방어선이고 뭐고 다 부순다. 그게 내 일이지. 자비는 기대하지 마.,assets/images/npc/noname_char004.png,npc_cpt_vega_red_06,ingame_dialog,compact,100,"Defense line or not, I break it all. That's my job. Don't expect mercy.",[ Vega Red 06 ]
npc_dialog_vega_red_07,0,[ 베가 레드 07 ],베가 압박은 우리 조의 일이다. 이쪽 길은 비키시는 게 좋을 거야.,assets/images/npc/noname_char005.png,npc_cpt_vega_red_07,ingame_dialog,compact,100,Pressuring Vega is our team's job. You'd best clear out of this lane.,[ Vega Red 07 ]
npc_dialog_vega_red_08,0,[ 베가 레드 08 ],궤도 요격이 우리 임무다. 잘못 걸리면 그대로 부서진다.,assets/images/npc/noname_char006.png,npc_cpt_vega_red_08,ingame_dialog,compact,100,Orbital interception is our mission. Cross us wrong and you're scrap.,[ Vega Red 08 ]
npc_dialog_vega_red_09,0,[ 베가 레드 09 ],보급선 사냥 중이다. 너는 보급선처럼 안 보이는군. 그러니 길게 얘기 안 한다.,assets/images/npc/noname_char007.png,npc_cpt_vega_red_09,ingame_dialog,compact,100,Hunting supply ships. You don't look like one. So I'll keep this short.,[ Vega Red 09 ]
npc_dialog_vega_red_10,0,[ 베가 레드 10 ],근접 돌파다. 거리를 두는 게 서로한테 좋을 거야.,assets/images/npc/noname_char008.png,npc_cpt_vega_red_10,ingame_dialog,compact,100,Close-range breakthrough. Keeping distance is better for us both.,[ Vega Red 10 ]
npc_dialog_vega_red_11,0,[ 베가 레드 11 ],추가 돌파조다. 통신할 시간 없다. 다음 채널에서 보지.,assets/images/npc/noname_char009.png,npc_cpt_vega_red_11,ingame_dialog,compact,100,Additional breakthrough unit. No time to talk. See you on the next channel.,[ Vega Red 11 ]
npc_dialog_vega_red_12,0,[ 베가 레드 12 ],증원 돌격조다. 채널 닫는다. 방해되면 골치 아플 텐데.,assets/images/npc/noname_char010.png,npc_cpt_vega_red_12,ingame_dialog,compact,100,Reinforcement assault unit. Closing the channel. Get in the way and it'll get ugly.,[ Vega Red 12 ]
npc_dialog_vega_blue_07,0,[ 베가 블루 07 ],외곽 방어 증원이다. 식별만 부탁한다.,assets/images/npc/stella_aris_char001.png,npc_cpt_vega_blue_07,ingame_dialog,compact,100,Rim defense reinforcement. Just identify yourself.,[ Vega Blue 07 ]
npc_dialog_vega_blue_08,0,[ 베가 블루 08 ],항로 호위 임무 수행 중. 동행 요청은 정식 채널로 해주길.,assets/images/npc/mia_bello_char002.png,npc_cpt_vega_blue_08,ingame_dialog,compact,100,Carrying out a lane escort mission. Make escort requests through the formal channel.,[ Vega Blue 08 ]
npc_dialog_vega_blue_09,0,[ 베가 블루 09 ],고가치 구역 순찰이다. 머무는 시간은 최소화하길 권한다.,assets/images/npc/noname_char003.png,npc_cpt_vega_blue_09,ingame_dialog,compact,100,Patrolling a high-value zone. Keep your stay to a minimum.,[ Vega Blue 09 ]
npc_dialog_vega_blue_10,0,[ 베가 블루 10 ],정찰 지원 왔다. 위치가 오래 드러나면 곤란하니 잠깐 있다가 빠지겠다.,assets/images/npc/noname_char004.png,npc_cpt_vega_blue_10,ingame_dialog,compact,100,"Recon support, reporting in. I cannot stay exposed for long, so I will pull out shortly.",[ Vega Blue 10 ]
npc_dialog_vega_blue_11,0,[ 베가 블루 11 ],민간호위 연합 지원이다. 분쟁선이 있으면 미리 알려달라.,assets/images/npc/noname_char005.png,npc_cpt_vega_blue_11,ingame_dialog,compact,100,Civilian-escort coalition support. Let me know in advance if there are hostile ships.,[ Vega Blue 11 ]
npc_dialog_neweden_red_07,0,[ 뉴에덴 레드 07 ],암시장 외곽이다. 정직한 거래는 기대하지 마라. 이쪽은 다른 규칙으로 돌아가지.,assets/images/npc/noname_char006.png,npc_cpt_neweden_red_07,ingame_dialog,compact,100,This is the black-market rim. Don't expect honest deals. We run by different rules here.,[ New Eden Red 07 ]
npc_dialog_neweden_blue_07,0,[ 뉴에덴 블루 07 ],중립 항로 방어다. 분쟁은 다른 곳에서 처리해 주길.,assets/images/npc/noname_char007.png,npc_cpt_neweden_blue_07,ingame_dialog,compact,100,Neutral-lane defense. Take your disputes elsewhere.,[ New Eden Blue 07 ]
npc_dialog_arcadia_lane_01,0,[ 엘렌 드 코르 ],아르카디아 관문 궤도는 늘 붐빈다. 통과 절차만 지켜주면 된다.,assets/images/npc/noname_char008.png,npc_cpt_arcadia_lane_01,ingame_dialog,compact,100,The Arcadia gate orbit is always crowded. Just follow the transit procedure.,[ Ellen de Cort ]
npc_dialog_arcadia_lane_02,0,[ 마르크 세인 ],외곽 항로 교차 감시 중. 잘못 들어선 항로는 우리 책임이 아니다.,assets/images/npc/noname_char009.png,npc_cpt_arcadia_lane_02,ingame_dialog,compact,100,Watching the rim lane junctions. A wrong turn into a lane is not our responsibility.,[ Marc Sein ]
npc_dialog_ai_clan_safe_01,0,[ 아델린 루크 ],솔라무역 방위연합 함대장 아델린 루크다. 이 권역의 안전은 우리가 책임진다.,assets/images/npc/noname_char010.png,npc_cpt_ai_clan_safe_01,ingame_dialog,compact,100,"Adeline Luke, fleet commander of the Solar Trade Defense Coalition. The safety of this region is our charge.",[ Adeline Luke ]
npc_dialog_ai_clan_neutral_01,0,[ 린 켄달 ],오메가 중립 회항단 린 켄달이다. 우리 권역에서는 어떤 깃발도 강요하지 않는다.,assets/images/npc/stella_aris_char001.png,npc_cpt_ai_clan_neutral_01,ingame_dialog,compact,100,"Lin Kendal of the Omega Neutral Circuit. In our region, no flag is forced on anyone.",[ Lin Kendal ]
npc_dialog_ai_clan_pvp_01,0,[ 모라 섀이어 ],홍월 약탈 함대 모라 섀이어다. 이 권역에서는 내가 정한 것이 곧 법이다.,assets/images/npc/mia_bello_char002.png,npc_cpt_ai_clan_pvp_01,ingame_dialog,compact,100,"Mora Shire of the Red Moon Raider Fleet. In this region, what I decide is law.",[ Mora Shire ]
npc_dialog_arc_pf_01,0,[ 루안 베르 ],보충 라인 1번이다. 식료·생활품 위주로 도는 항로지.,assets/images/npc/noname_char003.png,npc_cpt_arc_pf_01,ingame_dialog,compact,100,Resupply Line 1. Mostly a route for food and daily goods.,[ Luan Ber ]
npc_dialog_arc_pf_02,0,[ 테오 반성 ],보충 라인 2번 운항 중. 정비 부품 보급이 메인이다.,assets/images/npc/noname_char004.png,npc_cpt_arc_pf_02,ingame_dialog,compact,100,Running Resupply Line 2. Maintenance parts are the main cargo.,[ Teo Banseong ]
npc_dialog_arc_pf_03,0,[ 미카 소렌 ],보충 라인 3번이다. 의료 물자 우선 배송 중이다.,assets/images/npc/noname_char005.png,npc_cpt_arc_pf_03,ingame_dialog,compact,100,Resupply Line 3. Delivering medical supplies as priority.,[ Mika Soren ]
npc_dialog_arc_pf_04,0,[ 조이 힐데 ],보충 라인 4번이다. 가공 광물 운반 중이고 일정이 빠듯하다.,assets/images/npc/noname_char006.png,npc_cpt_arc_pf_04,ingame_dialog,compact,100,"Resupply Line 4. Hauling processed minerals, and the schedule is tight.",[ Joy Hilde ]
npc_dialog_arc_pf_05,0,[ 카이 네므 ],보충 라인 5번 운항 중. 합성 식품 중심 항로다.,assets/images/npc/noname_char007.png,npc_cpt_arc_pf_05,ingame_dialog,compact,100,Running Resupply Line 5. A route centered on synthetic food.,[ Kai Nem ]
npc_dialog_arc_pf_06,0,[ 사라 올튼 ],보충 라인 6번이다. 연료셀 보급 임무 수행 중이다.,assets/images/npc/noname_char008.png,npc_cpt_arc_pf_06,ingame_dialog,compact,100,Resupply Line 6. On a fuel-cell supply mission.,[ Sara Olton ]
npc_dialog_arc_pf_07,0,[ 데렉 훈 ],보충 라인 7번이다. 전자 부품 운반 중. 충격 회피 부탁한다.,assets/images/npc/noname_char009.png,npc_cpt_arc_pf_07,ingame_dialog,compact,100,"Resupply Line 7. Carrying electronic parts. Avoid any impacts, please.",[ Derek Hoon ]
npc_dialog_arc_pf_08,0,[ 이안 크로프 ],보충 라인 8번 운항 중. 무역소 재고 보충이 목적이다.,assets/images/npc/noname_char010.png,npc_cpt_arc_pf_08,ingame_dialog,compact,100,Running Resupply Line 8. Restocking Trade Port inventory.,[ Ian Crof ]
npc_dialog_arc_pf_09,0,[ 노바 린 ],보충 라인 9번이다. 의약품·생필품 혼합 화물이다.,assets/images/npc/stella_aris_char001.png,npc_cpt_arc_pf_09,ingame_dialog,compact,100,Resupply Line 9. A mixed cargo of medicine and necessities.,[ Nova Lin ]
npc_dialog_arc_pf_10,0,[ 제이 파크 ],보충 라인 10번이다. 정밀 부속 운송 중이니 진동 주의.,assets/images/npc/mia_bello_char002.png,npc_cpt_arc_pf_10,ingame_dialog,compact,100,Resupply Line 10. Transporting precision parts — mind the vibration.,[ Jay Park ]
npc_dialog_arc_pf_11,0,[ 윤 하림 ],보충 라인 11번이다. 식수 정수 모듈을 옮긴다.,assets/images/npc/noname_char003.png,npc_cpt_arc_pf_11,ingame_dialog,compact,100,Resupply Line 11. Moving water-purification modules.,[ Yun Harim ]
npc_dialog_arc_pf_12,0,[ 리스 베가 ],보충 라인 12번이다. 비상 보급용 예비 화물이다.,assets/images/npc/noname_char004.png,npc_cpt_arc_pf_12,ingame_dialog,compact,100,Resupply Line 12. Reserve cargo for emergency supply.,[ Lis Vega ]
npc_dialog_bar_ret_01,0,[ 한로 크레인 ],젊은 함장. 한 잔 하시려나? 내 시절엔 이 술이 보급품이었지. 자리는 늘 비어 있네.,assets/images/npc/noname_char005.png,npc_cpt_bar_ret_01,ingame_dialog,compact,100,Young captain. Care for a drink? In my day this liquor was a ration. There's always a seat open.,[ Hanro Crane ]
npc_dialog_bar_ret_02,0,[ 미아 벨로 ],소식판 정리 중이라네. 미네르바 쪽 항로에 잡음이 좀 있다더군. 조심해서 다니시게.,assets/images/npc/noname_char006.png,npc_cpt_bar_ret_02,ingame_dialog,compact,100,Just tidying the notice board. They say there's some trouble on the Minerva lanes. Travel carefully.,[ Mia Bello ]
npc_dialog_bar_ret_03,0,[ 타드 레인 ],드라코 성운에서 본 광경 얘기는 늘 있지. 자리 잡고 들어볼 텐가.,assets/images/npc/noname_char007.png,npc_cpt_bar_ret_03,ingame_dialog,compact,100,I've always got a tale about what I saw in the Draco Nebula. Pull up a chair and listen?,[ Tad Raine ]
npc_dialog_bar_ret_04,0,[ 세라 미온 ],여기선 깃발도 직책도 다 내려놓고 마신다네. 그게 우리 집 규칙이지.,assets/images/npc/noname_char008.png,npc_cpt_bar_ret_04,ingame_dialog,compact,100,In here we set down our flags and ranks and just drink. That's the house rule.,[ Sera Mion ]
npc_dialog_bar_ret_05,0,[ 칼 드레이 ],"신참이군. 기본 루프부터다. 채굴 한 사이클, 무역소에서 팔면 된다. 자리는 비어 있다.",assets/images/npc/npc_cpt_bar_ret_05.png,npc_cpt_bar_ret_05,ingame_dialog,compact,100,"Fresh pilot. Start with the basic loop. One mining cycle, then sell at the port. A seat is open.",[ Cal Dray ]
npc_dialog_bar_ret_06,0,[ 노엘 칸 ],드라코를 통과했군. 라이선스 대기열 이야기는 짧게 한다. 잔을 받아라.,assets/images/npc/npc_cpt_bar_ret_06.png,npc_cpt_bar_ret_06,ingame_dialog,compact,100,You cleared Draco. License-queue talk stays short. Take the glass.,[ Noel Kahn ]
npc_dialog_bar_ret_07,0,[ 벡스 오름 ],교차항로 카운터다. 말은 짧게. 자리는 늘 비어 있다.,assets/images/npc/npc_cpt_bar_ret_07.png,npc_cpt_bar_ret_07,ingame_dialog,compact,100,Cross-lane counter. Keep it short. A seat is always open.,[ Vex Orum ]
npc_dialog_bar_ret_08,0,[ 루크 펠 ],회수품 명세만 듣는다. 잔해 항로 말고는 사절이다. 앉아라.,assets/images/npc/npc_cpt_bar_ret_08.png,npc_cpt_bar_ret_08,ingame_dialog,compact,100,I hear salvage manifests only. No other wreck-lane talk. Sit.,[ Luc Pell ]
npc_dialog_bar_ret_09,0,[ 아이라 셴 ],전선 인접 바다. 포격음이 들려도 잔은 놓지 않는다. 앉아라.,assets/images/npc/npc_cpt_bar_ret_09.png,npc_cpt_bar_ret_09,ingame_dialog,compact,100,Front-adjacent bar. I do not set the glass down for shellfire. Sit.,[ Ira Shen ]
npc_dialog_bar_ret_10,0,[ 렐 본 ],기록판은 여기 있다. 만지기 전에 장갑부터. 자리는 비어 있다.,assets/images/npc/npc_cpt_bar_ret_10.png,npc_cpt_bar_ret_10,ingame_dialog,compact,100,The plates stay here. Gloves before you touch them. There is always a seat.,[ Rell Vorn ]
npc_dialog_bar_ret_11,0,[ 린 오사 ],여기는 이름만 남기는 집이다. 깃발은 문 밖에. 한 잔이면 충분하다.,assets/images/npc/npc_cpt_bar_ret_11.png,npc_cpt_bar_ret_11,ingame_dialog,compact,100,"This house keeps names, not flags. Leave the banners outside. One drink is enough.",[ Rin Ossa ]
npc_dialog_bar_ret_12,0,[ 드락 베일 ],여기는 깃발이 없는 카운터다. 현상금이면 앉아라. 그 외는 나가.,assets/images/npc/npc_cpt_bar_ret_12.png,npc_cpt_bar_ret_12,ingame_dialog,compact,100,No flags at this counter. Sit if you have a bounty. Otherwise leave.,[ Drak Vale ]
npc_dialog_bar_ret_13,0,[ 노바 퀼 ],왜곡 구역이다. 좌표는 안 판다. 경고만 듣고 가든가.,assets/images/npc/npc_cpt_bar_ret_13.png,npc_cpt_bar_ret_13,ingame_dialog,compact,100,Warped space. I do not sell coordinates. Take the warning or go.,[ Nova Quill ]
npc_dialog_bar_ret_14,0,[ 에바 모르 ],피 묻은 장갑은 문 밖에. 보급이면 앉아라. 치료는 다음 교대다.,assets/images/npc/npc_cpt_bar_ret_14.png,npc_cpt_bar_ret_14,ingame_dialog,compact,100,Bloody gloves stay outside. Sit if you need supply. Treatment is next shift.,[ Eva Mohr ]
npc_dialog_bar_ret_15,0,[ 닐 벡스 ],품목만 말해라. 출처는 안 듣는다. 자리는 비어 있다.,assets/images/npc/npc_cpt_bar_ret_15.png,npc_cpt_bar_ret_15,ingame_dialog,compact,100,Name the lot. I do not hear origins. A seat is open.,[ Nil Vex ]
npc_dialog_bar_ret_16,0,[ 코린 델 ],관문 앞이다. 잔을 놓고 말해라. 그 전엔 안 듣는다.,assets/images/npc/npc_cpt_bar_ret_16.png,npc_cpt_bar_ret_16,ingame_dialog,compact,100,This is the gate. Set the glass down first. I hear nothing before that.,[ Corin Dell ]
npc_dialog_bar_ret_17,0,[ 시아 렌 ],코어 카운터다. 지표 이야기는 사절이다. 잔만 받아라.,assets/images/npc/npc_cpt_bar_ret_17.png,npc_cpt_bar_ret_17,ingame_dialog,compact,100,Core counter. No metric talk. Take the glass.,[ Sia Ren ]
npc_dialog_bar_ret_18,0,[ 아론 윤 ],여기까지 온 사람은 적다. 기원 이야기는 한 줄이면 된다. 잔을 받아라.,assets/images/npc/npc_cpt_bar_ret_18.png,npc_cpt_bar_ret_18,ingame_dialog,compact,100,Few reach this far. One line about origins is enough. Take the glass.,[ Aron Yune ]
npc_dialog_bar_ret_synth,0,[ 아크바 ],개척 바 서비스입니다. 잔을 받으면 됩니다. 이 개체는 전 개척지 동일 기종입니다.,assets/images/npc/npc_cpt_bar_ret_synth.png,npc_cpt_bar_ret_synth,ingame_dialog,compact,100,Frontier bar service. Take a glass. This unit is the same model on every colony.,[ ArcBar ]
mission_clear_default,0,[ AI 오퍼레이터 ],미션 완료 보고. 「[미션제목]」 임무가 모두 완료되었습니다. 보상이 지급되었습니다. 다음 지시를 기다려 주십시오. [닉네임]님.,assets/images/npc/noname_char009.png,npc_cpt_ai_robot_default,ingame_dialog,compact,100,"Mission complete report. The ""[미션제목]"" mission is fully complete. Rewards have been issued. Await your next orders, [Pilot].",[ AI Operator ]
mission_clear_npc_delivery,0,[ [담당자] ],"[담당자]: 화물, 확인했다. 「[미션제목]」 — 수고했다, [닉네임]. 보상은 바로 지급된다.",,,ingame_dialog,compact,100,"[담당자]: Cargo confirmed. ""[미션제목]"" — well done, [닉네임]. Rewards have been issued.",[ [담당자] ]
mission_clear_npc_arrival,0,[ [담당자] ],"[담당자]: 여기까지 오느라 고생했다. 「[미션제목]」 확인됐다, [닉네임]. 보상은 바로 지급된다.",,,ingame_dialog,compact,100,"[담당자]: Good work making it here. ""[미션제목]"" confirmed, [닉네임]. Rewards have been issued.",[ [담당자] ]
mission_clear_mission_001,0,[ AI 오퍼레이터 ],"임무 완료 보고입니다. 「첫 비행」 임무가 완료되었습니다. 베가 전초기지 도착을 확인했습니다. [닉네임]님, 다음을 준비하십시오.",assets/images/npc/noname_char010.png,npc_cpt_ai_robot_default,ingame_dialog,compact,100,"Mission complete report. The ""First Flight"" mission is complete. Arrival at the Vega outpost confirmed. Prepare for your next mission, [Pilot].",[ AI Operator ]
mission_clear_mission_002,0,[ AI 오퍼레이터 ],「해적 소탕」 임무 완료 보고입니다. 교전 결과를 기록했고 보상이 지급되었습니다.,assets/images/npc/stella_aris_char001.png,npc_cpt_ai_robot_default,ingame_dialog,compact,100,"Mission report: Pirate Sweep is complete. Engagement results are logged, and your rewards have been issued.",[ AI Operator ]
mission_clear_mission_003,0,[ AI 오퍼레이터 ],"임무 완료 보고입니다. 「무역 루트 개척」 임무가 완료되었습니다. 구매와 배달 조건을 모두 충족했습니다. [닉네임]님, 수고하셨습니다.",assets/images/npc/mia_bello_char002.png,npc_cpt_ai_robot_default,ingame_dialog,compact,100,"Mission complete report. The ""Trade Route Pioneer"" mission is complete. All buy and deliver conditions were met. Well done, [Pilot].",[ AI Operator ]
npc_dialog_draco_obs_01,0,[ 세레나 드릴 ],"드라코 성운 스펙트럼 채널 열렸군. 연구 궤도 순찰 중이다. 관측 데이터는 본부로만 전송한다. [닉네임]님, 항로만 유지해 주시오.",assets/images/npc/noname_char003.png,npc_cpt_draco_obs_01,ingame_dialog,compact,100,"Draco nebula spectrum channel open. On a research-orbit patrol. Observation data goes to HQ only. [Pilot], just hold your course.",[ Serena Drill ]
npc_dialog_draco_escort_01,0,[ 델 라인 ],"연방 호위 편대 통신. 드라코 연구소 호위 임무 수행 중. 민간선은 안전 거리를 유지하시오. [닉네임]님, 협조 부탁한다.",assets/images/npc/noname_char004.png,npc_cpt_draco_escort_01,ingame_dialog,compact,100,"Federation escort squadron comms. Escorting the Draco research station. Civilian ships, keep safe distance. [Pilot], your cooperation is appreciated.",[ Dell Line ]
npc_dialog_operator_stella,0,[ 안내 오퍼레이터 ],"안녕하세요, [닉네임]님. 스텔라 아리스입니다. 통신이 필요하면 이 채널을 열어 주십시오.",assets/images/npc/noname_char005.png,npc_cpt_operator_stella,ingame_dialog,compact,100,"Hello, [Pilot]. Stella Aris here. Open this channel if you need to talk.",[ Guide Operator ]
npc_dialog_gov_red_hostile,0,[ 행성 수장 ],"[닉네임], 이 행성은 동부(레드) 소유 구역이다. 아크코어 지시에 따라 침입자는 교전 대상으로 분류된다. 협상 채널은 열어두었으나, 무장 대응은 즉각이다.",assets/images/npc/noname_char006.png,npc_cpt_enemy_sirius_01,ingame_dialog,compact,100,"[Pilot], this planet is Red-sector territory. Under ArcCore directive, intruders are combat targets. The negotiation channel is open—but armed response is immediate.",[ Planet Governor ]
npc_dialog_gov_minerva,0,[ 니카 스톤 ],미네르바 광산 총감독부다. 호송·채굴·국가 파견 방위를 총괄한다. 광산 구역 침입이나 무단 매매는 보고 대상이다.,assets/images/npc/noname_char007.png,npc_cpt_gov_minerva,ingame_dialog,compact,100,"Minerva Mining Governor's office. I oversee convoys, extraction, and national defense detachments. Unauthorized mining or trade in the zone is reportable.",[ Nika Stone ]
npc_dialog_gov_iron,0,[ 오렌 피스 ],아이언 크로스 잔해수호사령부. 국가 거점과 민간 호송선 통제를 맡고 있다. 잔해권 약탈은 즉시 제압한다.,assets/images/npc/noname_char008.png,npc_cpt_gov_iron,ingame_dialog,compact,100,Iron Cross Wreckage Defense Command. National garrison and civilian convoy control. Looting in the wreck belt is suppressed on sight.,[ Oren Peace ]
npc_dialog_gov_helios,0,[ 솔라 핀 ],헬리오스 태양권 중립 관리소. 에너지 시설은 국가 위탁으로 운영 중이다. 무단 접근·에너지 탈취 시도는 기록된다.,assets/images/npc/noname_char009.png,npc_cpt_gov_helios,ingame_dialog,compact,100,Helios solar-zone neutral administration. Energy facilities run under national mandate. Unauthorized access or siphoning is logged.,[ Solar Finn ]
npc_dialog_gov_genesis,0,[ 아르카노 원 ],"제네시스 오리진 수문. 우주 기원 구역—침입자는 교전 대상. 돌아갈 의지가 있다면, 지금 통신을 끊어라.",assets/images/npc/noname_char010.png,npc_cpt_gov_genesis,ingame_dialog,compact,100,"Genesis Origin gate. Cosmic origin sector—intruders are combat targets. If you intend to leave, cut comms now.",[ Arkan One ]
npc_dialog_gov_blue_reserve,0,[ 행성 총사령관 ],"[닉네임], 스텔리움 연합 소속 행성총사령관이다. 전선 교전으로 이 거점 점령·방어 임무를 맡았다. 협력 채널은 열려 있다.",assets/images/npc/stella_aris_char001.png,npc_cpt_gov_reserve_blue_01,ingame_dialog,compact,100,"[Pilot], Stellium Alliance planetary commander. Assigned to hold this front after recent combat. Cooperation channels remain open.",[ Planet Commander ]
npc_dialog_gov_neutral_reserve,0,[ 행성 관리인 ],중립 행정 위탁 구역이다. 아크코어 중재 하에 점령 상태가 갱신되었다. 무장 침입은 보고 대상이다.,assets/images/npc/mia_bello_char002.png,npc_cpt_gov_reserve_neutral_01,ingame_dialog,compact,100,Neutral-administered sector. Occupation updated under ArcCore arbitration. Armed intrusion must be reported.,[ Planet Administrator ]
early_route_arcadia_hub,0,[ 엘렌 드 코르 ],"관문 궤도 순찰 중이다, [닉네임]. 잔해 구역 신호에서 네 호출부가 올라왔다. 불시착 파일럿으로 분류했는데, 맞나?",assets/images/npc/noname_char003.png,npc_cpt_arcadia_lane_01,ingame_dialog,compact,100,"On gate-orbit patrol, [Pilot]. Your transponder came up from the wreck zone. Classified as crash-landed—correct?",[ Ellen de Cort ]
early_route_arcadia_hub,1,[ 엘렌 드 코르 ],아르카디아 외곽에 해적 정찰기가 포착됐다. 봉쇄선이 좁혀지는 중이다. 대기권 돌파 전에 시스템 점검부터 끝내라.,assets/images/npc/noname_char004.png,npc_cpt_arcadia_lane_01,ingame_dialog,compact,100,Pirate scouts spotted on the Arcadia rim. The blockade is tightening. Finish systems check before atmospheric breakout.,[ Ellen de Cort ]
early_route_arcadia_hub,2,[ 엘렌 드 코르 ],가장 빠른 탈출 항로는 베가 전초기지다. 보급·정비가 필요하면 솔라 항구로 가도 된다. 정찰기를 따돌리고 궤도 밖으로 나가야 한다.,assets/images/npc/noname_char005.png,npc_cpt_arcadia_lane_01,ingame_dialog,compact,100,"Fastest escape lane is Vega Outpost. For supply and refit, Solar Port works too. Shake the scouts and get outside orbit.",[ Ellen de Cort ]
early_route_arcadia_hub,3,[ 엘렌 드 코르 ],출항 전 바 게시판을 확인해라. 연방 통행 로그와 의뢰가 올라와 있다. 관문 순찰대 의뢰도 내 이름으로 걸려 있다.,assets/images/npc/noname_char006.png,npc_cpt_arcadia_lane_01,ingame_dialog,compact,100,Check the bar board before launch. Federation transit logs and contracts are posted. Gate-patrol work is listed under my name.,[ Ellen de Cort ]
early_route_arcadia_bar,0,[ 칼 드레이 ],"퇴역 중령 칼이다, [닉네임]. 이번 주만 해도 불시착한 파일럿 셋이 이 카운터에 앉았다. 네가 네 번째다.",assets/images/npc/noname_char007.png,npc_cpt_bar_ret_05,ingame_dialog,compact,100,"Retired Commander Cal, [Pilot]. Three crash-landed pilots sat here this week alone. You're number four.",[ Cal Dray ]
early_route_arcadia_bar,1,[ 칼 드레이 ],채굴 한 사이클 돌리고 무역소에서 팔면 크레딧 이천은 금방 체감된다. 가장 기본적인 루프부터 익혀라.,assets/images/npc/noname_char008.png,npc_cpt_bar_ret_05,ingame_dialog,compact,100,One mining cycle and a trade-port sale— two thousand credits hits fast. Learn the basic loop first.,[ Cal Dray ]
early_route_arcadia_bar,2,[ 칼 드레이 ],베가 쪽에서 SOS가 왔다. 해적 연합이 전초기지를 두들기는 중이다. 아르카디아에서 튀어나온 신참은 거기서 실전을 본다.,assets/images/npc/noname_char009.png,npc_cpt_bar_ret_05,ingame_dialog,compact,100,SOS from Vega. The pirate coalition is hammering the outpost. Fresh pilots from Arcadia see first blood there.,[ Cal Dray ]
early_route_arcadia_bar,3,[ 칼 드레이 ],의뢰판에 관문 순찰 의뢰도 있다. 궤도에서 만난 함장과 맞춰보면 된다. 준비됐으면 신규 의뢰 탭에서 수락해라.,assets/images/npc/noname_char010.png,npc_cpt_bar_ret_05,ingame_dialog,compact,100,"Gate-patrol contracts are on the board too. Match what the orbit captain told you. When ready, accept from the New Contracts tab.",[ Cal Dray ]
early_route_vega_hub,0,[ 카일 렌드 ],베가 보급 항로 감독 카일. 아르카디아에서 온 [닉네임] 신호 확인. 전초기지는 지금 전시 상태다.,assets/images/npc/stella_aris_char001.png,npc_cpt_eden_08,ingame_dialog,compact,100,Vega supply-lane supervisor Kyle. [Pilot] from Arcadia—signal confirmed. The outpost is at combat status.,[ Kyle Rend ]
early_route_vega_hub,1,[ 카일 렌드 ],"해적 선발대가 기지 외곽을 긁고 있다. 연방군 반격 준비는 끝났다. 무기 발사, 타겟팅, 실드—세 가지만 기억해라.",assets/images/npc/mia_bello_char002.png,npc_cpt_eden_08,ingame_dialog,compact,100,"Pirate vanguard is skimming the base rim. Federation counterattack is staged. Weapons, targeting, shields—remember those three.",[ Kyle Rend ]
early_route_vega_hub,2,[ 카일 렌드 ],Lv3 전면전은 연방 순양함과 대형을 이룬다. 혼자 영웅 놀음 하지 마라. 호위·측면 차단 임무가 먼저 올라온다.,assets/images/npc/noname_char003.png,npc_cpt_eden_08,ingame_dialog,compact,100,Lv3 fleet battle means formation with cruisers. Don't play lone hero. Escort and flank-intercept jobs come first.,[ Kyle Rend ]
early_route_vega_hub,3,[ 카일 렌드 ],부상병 수송선 호위가 급하다. 바 전선 게시판을 확인해라. 소형선 한계를 느끼면 솔라 항구로 가라.,assets/images/npc/noname_char004.png,npc_cpt_eden_08,ingame_dialog,compact,100,Med-evac escort is urgent. Check the front-line bar board. When the small hull limits you—go to Solar Port.,[ Kyle Rend ]
early_route_vega_bar,0,[ 아이라 셴 ],"전선 인접 바이다, [닉네임]. 쉬는 동안에도 포격음이 들린다. 여기서 술 마시는 건 용기가 필요하다.",assets/images/npc/noname_char005.png,npc_cpt_bar_ret_09,ingame_dialog,compact,100,"Front-adjacent bar, [Pilot]. You hear shellfire even while resting. Drinking here takes nerve.",[ Ira Shen ]
early_route_vega_bar,1,[ 아이라 셴 ],전초기지 SOS 의뢰는 실전 튜토리얼이다. 연방 함대와 합류하는 법을 몸으로 익혀라. 한 판 이기면 보상금이 제법 올라간다.,assets/images/npc/noname_char006.png,npc_cpt_bar_ret_09,ingame_dialog,compact,100,Outpost SOS contracts are live-fire tutorials. Learn to merge with Federation fleets. Win once and the payout jumps.,[ Ira Shen ]
early_route_vega_bar,2,[ 아이라 셴 ],소형선으로는 한계가 온다. 솔라 항구에서 정규 전함 계약을 알아봐라. 베가 공로 보상과 지원금이 겹친다.,assets/images/npc/noname_char007.png,npc_cpt_bar_ret_09,ingame_dialog,compact,100,You'll hit the small-hull ceiling soon. Look into a proper frigate at Solar Port. Vega combat pay stacks with subsidies.,[ Ira Shen ]
early_route_vega_bar,3,[ 아이라 셴 ],지금은 생존이 우선이다. 의뢰 하나만 골라 실전 감각부터 키워라. 신규 의뢰 탭—수락 전에 레벨 조건을 확인.,assets/images/npc/noname_char008.png,npc_cpt_bar_ret_09,ingame_dialog,compact,100,Survival first. Pick one contract and build combat sense. New Contracts tab—check level gates before accept.,[ Ira Shen ]
early_route_solar_hub,0,[ 이사 벤트 ],"솔라 항구 항만사령 이사. [닉네임], 도킹 슬롯 배정 완료. 은하 최대 무역 허브에 온 걸 환영한다.",assets/images/npc/noname_char009.png,npc_cpt_solar_guard_01,ingame_dialog,compact,100,"Solar Port Harbor Command, Isa Bent. [Pilot], docking slot assigned. Welcome to the galaxy's largest trade hub.",[ Isa Bent ]
early_route_solar_hub,1,[ 이사 벤트 ],베가 공로 보상과 정부 지원금을 합치면 정규 전함 계약이 가능하다. 함선 정비소는 항만 콘솔 3번.,assets/images/npc/noname_char010.png,npc_cpt_solar_guard_01,ingame_dialog,compact,100,Stack Vega combat pay with government subsidy— standard frigate contract opens. Shipyard is harbor console three.,[ Isa Bent ]
early_route_solar_hub,2,[ 이사 벤트 ],구매 조건으로 첫 화물 운송이 붙는다. 무역·적재 시스템은 배송 한 번이면 몸에 배인다. 민간 구역 긴급 의료 물자 의뢰가 대기 중.,assets/images/npc/stella_aris_char001.png,npc_cpt_solar_guard_01,ingame_dialog,compact,100,Purchase terms include a first cargo run. Trade and loading click after one delivery. Urgent med-supply run to civilian space is queued.,[ Isa Bent ]
early_route_solar_hub,3,[ 이사 벤트 ],Lv5쯤 되면 무역로 순찰 의뢰가 열린다. 해적 잔당부터 치우고 미네르바 방향을 준비해라. 항로 안정성이 곧 장비 업그레이드다.,assets/images/npc/mia_bello_char002.png,npc_cpt_solar_guard_01,ingame_dialog,compact,100,"Around Lv5, trade-lane patrol contracts unlock. Clear pirate remnants—prep the Minerva run. Lane stability equals gear upgrades.",[ Isa Bent ]
early_route_solar_bar,0,[ 한로 크레인 ],"솔라 항구 한로다. 의뢰 종류가 제일 많은 항구다. [닉네임], 여기서 전함 사는 파일럿이 많다.",assets/images/npc/noname_char003.png,npc_cpt_bar_ret_01,ingame_dialog,compact,100,"Solar Port—Hanro. Most contract variety in the galaxy. [Pilot], many buy their first real ship here.",[ Haro Craine ]
early_route_solar_bar,1,[ 한로 크레인 ],신형 전함 계약 후 첫 배송을 끝내면 무역 루프가 눈에 들어온다. 식량·부품 구매 의뢰가 미네르바로 이어진다.,assets/images/npc/noname_char004.png,npc_cpt_bar_ret_01,ingame_dialog,compact,100,"After frigate contract, finish first delivery— the trade loop clicks. Food and parts buys chain toward Minerva.",[ Haro Craine ]
early_route_solar_bar,2,[ 한로 크레인 ],한두 번 보따리 장사하면 장비가 바뀐다. 지루함 오기 전에 빠른 성장 구간이다. 의뢰판에서 배송형을 골라보자.,assets/images/npc/noname_char005.png,npc_cpt_bar_ret_01,ingame_dialog,compact,100,A few cargo runs and your loadout shifts. Fast growth before the grind sets in. Try a delivery-type contract on the board.,[ Haro Craine ]
early_route_solar_bar,3,[ 한로 크레인 ],미네르바는 다음 목적지다. 광물·장비 풀세팅 구간이다. 출발 전 바에서 의뢰 하나 더 챙겨라.,assets/images/npc/noname_char006.png,npc_cpt_bar_ret_01,ingame_dialog,compact,100,Minerva is next. Ore and full-loadout growth zone. Grab one more contract before you launch.,[ Haro Craine ]
early_route_minerva_hub,0,[ 니카 스톤 ],"미네르바 광산 총감독 니카. [닉네임], 자원 행성에 온 걸 환영한다. 여기서 경제 성장 구간이 시작된다.",assets/images/npc/noname_char007.png,npc_cpt_gov_minerva,ingame_dialog,compact,100,"Minerva Mining Governor Nika Stone. [Pilot], welcome to the resource planet. Economic growth phase starts here.",[ Nika Stone ]
early_route_minerva_hub,1,[ 니카 스톤 ],소행성대 채굴 레이저를 장착해라. 30초 주기 채굴—화물창 20칸 기준 한 사이클 판매로 체감이 온다.,assets/images/npc/noname_char008.png,npc_cpt_gov_minerva,ingame_dialog,compact,100,"Fit asteroid-belt mining lasers. 30-second cycle—with 20 cargo slots, one sell cycle and you feel the gain.",[ Nika Stone ]
early_route_minerva_hub,2,[ 니카 스톤 ],고가 광물을 노린 약탈자가 늘었다. 호송·방어 의뢰가 쌓인다. 채굴한 자원 들고 다니면 표적이 된다.,assets/images/npc/noname_char009.png,npc_cpt_gov_minerva,ingame_dialog,compact,100,Raiders hunt high-grade ore. Escort and defense contracts pile up. Carrying mined goods makes you a target.,[ Nika Stone ]
early_route_minerva_hub,3,[ 니카 스톤 ],판매→플라즈마 포·강화 실드. 풀 세팅 후 동쪽 성운으로 가라. 드라코가 뉴에덴 가는 유일한 통로다.,assets/images/npc/noname_char010.png,npc_cpt_gov_minerva,ingame_dialog,compact,100,"Sell—plasma guns and hardened shields. Full loadout, then east to the nebula. Draco is the only lane to New Eden.",[ Nika Stone ]
early_route_minerva_bar,0,[ 미아 벨로 ],"미네르바·에덴 항로 소식판 미아. [닉네임], 광물 시세는 매일 변한다. 판매 타이밍이 수익의 절반이다.",assets/images/npc/stella_aris_char001.png,npc_cpt_bar_ret_02,ingame_dialog,compact,100,"Minerva–Eden bulletin—Mia Bello. [Pilot], ore prices shift daily. Sell timing is half your profit.",[ Mia Bello ]
early_route_minerva_bar,1,[ 미아 벨로 ],자원 밀수꾼 소탕 의뢰가 올라왔다. 채굴 직후엔 특히 조심해라. 전투형·배송형 의뢰를 섞어서 수행하면 된다.,assets/images/npc/mia_bello_char002.png,npc_cpt_bar_ret_02,ingame_dialog,compact,100,Ore-smuggler purge contracts are up. Extra caution right after mining. Mix combat and delivery runs.,[ Mia Bello ]
early_route_minerva_bar,2,[ 미아 벨로 ],정제광 샘플 배송은 뉴에덴 방향 연습에 좋다. 바 의뢰와 궤도 함장 의뢰는 같은 판이다. 중복 수락만 조심해라.,assets/images/npc/noname_char003.png,npc_cpt_bar_ret_02,ingame_dialog,compact,100,Refined-ore sample delivery drills the Eden route. Bar and orbit captains share the same board. Just don't double-accept.,[ Mia Bello ]
early_route_minerva_bar,3,[ 미아 벨로 ],장비 풀세팅 끝나면 드라코로 가라. 성운 너머가 진짜 시험이다. 의뢰판에서 동쪽 항로 관련 걸 챙겨.,assets/images/npc/noname_char004.png,npc_cpt_bar_ret_02,ingame_dialog,compact,100,After full loadout—head to Draco. The real test is beyond the nebula. Pick an east-route contract on the board.,[ Mia Bello ]
early_route_draco_hub,0,[ 세레나 드릴 ],"드라코 성운 관측 세레나. [닉네임], 뉴에덴 가는 유일한 통로다. 전자기 폭풍으로 레이더가 불안정하다.",assets/images/npc/noname_char005.png,npc_cpt_draco_obs_01,ingame_dialog,compact,100,"Draco Nebula observer Serena Drill. [Pilot], only lane to New Eden. EM storms—radar is unreliable.",[ Serena Drill ]
early_route_draco_hub,1,[ 세레나 드릴 ],가시거리 제로 구간이다. 수동 항법으로 돌파하고 숨겨진 유도 기뢰부터 제거해라.,assets/images/npc/noname_char006.png,npc_cpt_draco_obs_01,ingame_dialog,compact,100,Zero-visibility sector. Break through on manual nav. Clear hidden guidance mines first.,[ Serena Drill ]
early_route_draco_hub,2,[ 세레나 드릴 ],성운 중심부에서 연방 함대와 합류한다. 해적 연합 요새·호위 함대—전면 포격전. 풀 세팅 무장 없으면 돌아가라.,assets/images/npc/noname_char007.png,npc_cpt_draco_obs_01,ingame_dialog,compact,100,Merge with Federation fleet at nebula core. Pirate coalition fortress and escorts—full barrage. No full loadout—turn back.,[ Serena Drill ]
early_route_draco_hub,3,[ 세레나 드릴 ],해적 총수 기함이 관문을 막고 있다. 초반부 최종 보스전이다. 격침 후에야 뉴에덴 입항 허가가 열린다.,assets/images/npc/noname_char008.png,npc_cpt_draco_obs_01,ingame_dialog,compact,100,Pirate warlord flagship blocks the gate. Final boss of the early act. New Eden clearance opens only after sinking it.,[ Serena Drill ]
early_route_draco_bar,0,[ 타드 레인 ],"드라코·오메가권 바 타드. [닉네임], 여기서 마지막 술 마시는 파일럿이 많다. 통과 증명 없이는 못 간다.",assets/images/npc/noname_char009.png,npc_cpt_bar_ret_03,ingame_dialog,compact,100,"Draco–Omega bar—Tad Rain. [Pilot], many have their last drink here. No transit proof—no passage.",[ Tad Rain ]
early_route_draco_bar,1,[ 타드 레인 ],성운 연구 시료 운송 의뢰가 있다. 위험하지만 보상도 크다. 연구소 호위 편대와 동행하면 살아남는다.,assets/images/npc/noname_char010.png,npc_cpt_bar_ret_03,ingame_dialog,compact,100,Nebula research sample run is posted. Dangerous—but the pay matches. Survive by riding the lab escort squadron.,[ Tad Rain ]
early_route_draco_bar,2,[ 타드 레인 ],반란군·해적 총수가 관문을 막았다. 돌파 후가 진짜 시작이다. 전투형 의뢰는 조우 확률이 올라간다.,assets/images/npc/stella_aris_char001.png,npc_cpt_bar_ret_03,ingame_dialog,compact,100,Rebels and the pirate warlord hold the gate. Breaking through is where the game begins. Combat contracts raise encounter odds.,[ Tad Rain ]
early_route_draco_bar,3,[ 타드 레인 ],뉴에덴 입항 허가는 드라코 통과 증명 필요. 보스 격침 기록이 있어야 슬롯이 배정된다. 준비됐으면 신규 의뢰부터 확인.,assets/images/npc/mia_bello_char002.png,npc_cpt_bar_ret_03,ingame_dialog,compact,100,New Eden berth needs Draco transit proof. Boss-kill record required for slot assignment. When ready—check New Contracts first.,[ Tad Rain ]
early_route_eden_hub,0,[ 뉴에덴 블루 07 ],"뉴에덴 중립 항로 방어 블루 07. [닉네임], 입항 신호 확인. 드라코 성운 통과 기록이 있다.",assets/images/npc/noname_char003.png,npc_cpt_neweden_blue_07,ingame_dialog,compact,100,"New Eden neutral-lane defense Blue 07. [Pilot], ingress signal confirmed. Draco nebula transit record on file.",[ New Eden Blue 07 ]
early_route_eden_hub,1,[ 뉴에덴 블루 07 ],개척 연맹 환영 대상이다. 거대 우주 정거장 입항 슬롯 배정. 신세계의 문—Lv10 도착 임무 클리어.,assets/images/npc/noname_char004.png,npc_cpt_neweden_blue_07,ingame_dialog,compact,100,Colonization League welcome candidate. Mega-station berth slot assigned. Gate of the New World—Lv10 arrival complete.,[ New Eden Blue 07 ]
early_route_eden_hub,2,[ 뉴에덴 블루 07 ],"튜토리얼 구간 종료. 이제 현상금 사냥, 무역업, 길드전 중 향후 방향을 고를 때다.",assets/images/npc/noname_char005.png,npc_cpt_neweden_blue_07,ingame_dialog,compact,100,"Tutorial arc complete. Now choose—bounty hunting, trade empire, or guild warfare.",[ New Eden Blue 07 ]
early_route_eden_hub,3,[ 뉴에덴 블루 07 ],"정식 마스터 라이선스 발급 대기열 등록 가능. 바에서 라이선스 의뢰를 확인해라. 자유 파일럿—환영한다, [닉네임].",assets/images/npc/noname_char006.png,npc_cpt_neweden_blue_07,ingame_dialog,compact,100,"Master license queue registration open. Check license contracts at the bar. Free pilot—welcome, [Pilot].",[ New Eden Blue 07 ]
early_route_eden_bar,0,[ 노엘 칸 ],"뉴에덴 프라임 카운터. [닉네임], 여기까지 온 걸 축하한다. 드라코를 통과한 파일럿은 드물다.",assets/images/npc/noname_char007.png,npc_cpt_bar_ret_06,ingame_dialog,compact,100,"New Eden Prime counter. [Pilot], congratulations on making it. Few pilots clear Draco.",[ Noel Kahn ]
early_route_eden_bar,1,[ 노엘 칸 ],정식 마스터 라이선스 발급 대기열에 등록할 수 있다. 튜토리얼 종료—이제 본편이다.,assets/images/npc/noname_char008.png,npc_cpt_bar_ret_06,ingame_dialog,compact,100,Register for official master license issue. Tutorial over—this is the main game.,[ Noel Kahn ]
early_route_eden_bar,2,[ 노엘 칸 ],현상금·무역·길드—방향은 네가 정한다. sandbox 의뢰와 오픈 월드 항로가 열렸다. 신규 의뢰 탭에서 Lv10 이상 걸을 골라라.,assets/images/npc/noname_char009.png,npc_cpt_bar_ret_06,ingame_dialog,compact,100,"Bounty, trade, guild—your call. Sandbox contracts and open lanes unlocked. New Contracts tab—pick Lv10+ work.",[ Noel Kahn ]
early_route_eden_bar,3,[ 노엘 칸 ],"첫 잔은 서비스다. 다음 항로는 네가 정해라, [닉네임]. 은하 전체가 지도 위에 있다.",assets/images/npc/noname_char010.png,npc_cpt_bar_ret_06,ingame_dialog,compact,100,"First round's on the house. Pick your next route, [Pilot]. The whole galaxy is on the map.",[ Noel Kahn ]
arc_core_spy_intel_alert,0,[ 한로 크레인 — 정보원 ],"제독님, 급합니다. 행성 체류·궤도 인원 중 수상한 움직임이 감지됐습니다. 정체 불명 함장이 기술 지표 주변에 이상 접근 패턴을 보입니다.",assets/images/npc/stella_aris_char001.png,npc_cpt_bar_ret_01,ingame_dialog,compact,100,Admiral—urgent. Suspicious movement among planet dwellers and orbit traffic. An unidentified captain shows abnormal access patterns near technology metrics.,[ Hanro Crane — Informant ]
arc_core_spy_intel_alert,1,[ 한로 크레인 — 정보원 ],"아크코어 백채널로 확인한 바, 이는 드론과 다른 침투 축일 가능성이 큽니다. 당장 대화창에서 보고를 확인하시고, 추후 색출·제거 절차는 별도로 준비하겠습니다.",assets/images/npc/mia_bello_char002.png,npc_cpt_bar_ret_01,ingame_dialog,compact,100,ArcCore back-channel confirms this may be infiltration—not a drone strike. Review this report now; expulsion protocols will follow separately.,[ Hanro Crane — Informant ]
story_dialog_story_001,0,[ 엘렌 드 코르 ],"관문 순찰대 엘렌이다, [닉네임]. 아르카디아 거주구에서 살인이 났는데 동기도 짚을 단서도 없다.",assets/images/npc/noname_char003.png,npc_cpt_arcadia_lane_01,ingame_dialog,compact,100,"Gate patrol, [Nickname]. A murder in Arcadia. No motive. No investigators.",[ Ellen de Cort ]
story_dialog_story_001,1,[ 엘렌 드 코르 ],시신 신원은 확인됐다. 원한도 빚도 정치도 얽힌 게 없고 그렇다고 우발 사고도 아니다.,assets/images/npc/noname_char004.png,npc_cpt_arcadia_lane_01,ingame_dialog,compact,100,"The body is identified. No grudge, debt, or politics. This is no accident.",[ Ellen de Cort ]
story_dialog_story_001,2,[ 엘렌 드 코르 ],오랜 지인인 너에게 맡기겠다. 솔라 항구 술집부터 탐문해라. 도킹 기록은 그다음이다.,assets/images/npc/noname_char005.png,npc_cpt_arcadia_lane_01,ingame_dialog,compact,100,"I'll leave this to you, an old acquaintance. Interview the bar at Solar Port. Docking logs come after.",[ Ellen de Cort ]
story_dialog_obj_story_001_b,0,[ 한로 크레인 ],솔라 지점의 한로일세. 도킹장에서 얼굴 하나를 봤네. 목격자라면 그 얼굴이겠지.,assets/images/npc/noname_char004.png,npc_cpt_bar_ret_01,ingame_dialog,compact,100,Solar branch—Haro. A witness? I saw a face at the docking slot. I'll keep this short.,[ Haro Craine ]
story_dialog_obj_story_001_b,1,[ 한로 크레인 ],그날 밤 식별 신호를 지운 배가 민간 정박 자리를 스쳐 갔네. 관문 순찰대에 먼저 보고하게.,assets/images/npc/noname_char005.png,npc_cpt_bar_ret_01,ingame_dialog,compact,100,"That night, a callsign-wiped figure brushed the civilian berth. Harbor Command Isa Bent holds the docking log. That's all. Report to Gate Patrol first.",[ Haro Craine ]
story_dialog_obj_story_001_d,0,[ 엘렌 드 코르 ],"돌아왔군, [닉네임]. 술집에서 들은 내용은 기록에 남겼다.",assets/images/npc/noname_char003.png,npc_cpt_arcadia_lane_01,ingame_dialog,compact,100,"You're back, [Nickname]. I logged what you heard at the bar.",[ Ellen de Cort ]
story_dialog_obj_story_001_d,1,[ 엘렌 드 코르 ],진짜 증거는 솔라 항만사령부에 있고 이사 벤트가 도킹 기록을 쥐고 있다. 받아 오면 이번 건은 끝이다.,assets/images/npc/noname_char005.png,npc_cpt_arcadia_lane_01,ingame_dialog,compact,100,The actual evidence is at Solar Harbor Command. Get the docking log from Isa Bent. That closes this assignment.,[ Ellen de Cort ]
story_dialog_obj_story_001_e,0,[ 이사 벤트 ],순찰대가 열람을 허가해 줬다. 식별 신호는 지워져 있고 들어온 기록만 있고 나간 기록이 없다.,assets/images/npc/noname_char008.png,npc_cpt_solar_guard_01,ingame_dialog,compact,100,Gate Patrol authorized the log. A wiped callsign. Arrival is logged. Departure motive is blank.,[ Isa Bent ]
story_dialog_obj_story_001_e,1,[ 이사 벤트 ],사본은 넘기겠다. 이 사건은 일단 여기까지고 그다음은 사령부가 이어받는다.,assets/images/npc/noname_char009.png,npc_cpt_solar_guard_01,ingame_dialog,compact,100,Here's the copy. This case closes in your hands for now. Command opens the next thread.,[ Isa Bent ]
story_dialog_story_002,0,[ 엘렌 드 코르 ],도킹 기록의 출항 칸이 비어 있다. 흔적은 미네르바 밀수조로 이어지고 솔라를 거쳐 간다.,assets/images/npc/noname_char003.png,npc_cpt_arcadia_lane_01,ingame_dialog,compact,100,Bent's departure field is blank. We go to the Minerva den. Solar is on the way.,[ Ellen de Cort ]
story_dialog_story_002,1,[ 엘렌 드 코르 ],하수인부터 잡아라. 피해자가 누구였는지는 그자의 입에서 나온다.,assets/images/npc/noname_char005.png,npc_cpt_arcadia_lane_01,ingame_dialog,compact,100,Take the hired hand. Who the victim really was— his mouth opens that.,[ Ellen de Cort ]
story_dialog_obj_story_002_b,0,[ 미아 벨로 ],소식판에 밀수조 표식이 남았더군. 외곽엔 호위가 붙어 있다네. 내가 할 말은 여기까지네.,assets/images/npc/mia_bello_char002.png,npc_cpt_bar_ret_02,ingame_dialog,compact,100,A den mark is on the board. Escorts sit on the rim. That's all I'll say.,[ Mia Velo ]
story_dialog_obj_story_002_b,1,[ 미아 벨로 ],하수인 이름은 노아 프릭이라네. 반드시 산 채로 데려오게. 죽은 입은 아무 말도 못 하니까.,assets/images/npc/mia_bello_char002.png,npc_cpt_bar_ret_02,ingame_dialog,compact,100,The hired hand is Noah Frick. Bring him in alive. A dead mouth is useless.,[ Mia Velo ]
story_dialog_obj_story_002_d,0,[ 노아 프릭 ],나는 손에 피 묻힌 쪽이 아니다. 돈만 받고 길만 열어 줬다. 내 이름은 묻지 마라.,assets/images/npc/noname_char006.png,npc_cpt_story_noah_frick,ingame_dialog,compact,100,I am not the blade. I took the pay. Don't ask my name.,[ Noah Frick ]
story_dialog_obj_story_002_d,1,[ 노아 프릭 ],"이름은 이미 알고 있겠지. 테오 혼, 함장 내정자였고 국경 방어 함대 자리였다.",assets/images/npc/noname_char006.png,npc_cpt_story_noah_frick,ingame_dialog,compact,100,"You already know the name. Teo Hon, captain-designate, slated for the border defense fleet.",[ Noah Frick ]
story_dialog_story_003,0,[ 이안 코발 ],테오 혼의 자리가 비었는데 출정은 내일이다. 함대는 기다려 주지 않는다.,assets/images/npc/noname_char010.png,npc_cpt_story_ian_koval,ingame_dialog,compact,100,"Teo Hon's seat is empty, and the sortie is tomorrow. The fleet will not wait.",[ Ian Koval ]
story_dialog_story_003,1,[ 이안 코발 ],네 이름이 사건 기록에 올라 있다. 오늘부로 함장 대행이다. 베가 전초기지로 가라.,assets/images/npc/noname_char010.png,npc_cpt_story_ian_koval,ingame_dialog,compact,100,Your name is in the case file. You are acting captain. Go to Vega Outpost.,[ Ian Koval ]
story_dialog_obj_story_003_a,0,[ 이안 코발 ],인수인계할 시간은 없다. 함대는 이미 베가에 가 있고 늦으면 국경이 먼저 무너진다.,assets/images/npc/noname_char010.png,npc_cpt_story_ian_koval,ingame_dialog,compact,100,"No time for a handover. The fleet is already at Vega, and if we are late, the border falls first.",[ Ian Koval ]
story_dialog_obj_story_003_a,1,[ 이안 코발 ],관문 통과는 엘렌이 열어 준다. 정찰 보고는 믿지 마라. 살아 돌아오는 것이 명령이다.,assets/images/npc/noname_char010.png,npc_cpt_story_ian_koval,ingame_dialog,compact,100,Ellen opens the gate. Do not trust the recon. Coming back alive is the order.,[ Ian Koval ]
story_dialog_obj_story_003_b,0,[ 엘렌 드 코르 ],위임된 지휘권 허가가 떨어졌으니 관문은 열어 두겠다. 이제 베가 전초기지가 국경이다.,assets/images/npc/noname_char003.png,npc_cpt_arcadia_lane_01,ingame_dialog,compact,100,"Delegated command is cleared, so I will keep the gate open. Vega Outpost is the border now.",[ Ellen de Cort ]
story_dialog_obj_story_003_b,1,[ 엘렌 드 코르 ],정찰이 보고한 규모를 믿지 마라. 도착하는 순간 전열이 바뀐다. 통신은 짧게 끊어라.,assets/images/npc/noname_char005.png,npc_cpt_arcadia_lane_01,ingame_dialog,compact,100,Do not trust recon numbers. The line changes on arrival. Keep comms short.,[ Ellen de Cort ]
story_dialog_story_004,0,[ 하르만 돌 ],정찰이 틀렸다! 규모가 보고와 전혀 다르다. 이건 기습이다.,assets/images/npc/noname_char006.png,npc_cpt_vega_watch_01,ingame_dialog,compact,100,The recon was wrong! The scale is nothing like the report. This is a raid.,[ Harman Dol ]
story_dialog_story_004,1,[ 하르만 돌 ],함대를 지켜라. 아니 — 살아남아라. 신호가 하나씩 꺼진다.,assets/images/npc/noname_char006.png,npc_cpt_vega_watch_01,ingame_dialog,compact,100,Hold the fleet. No—stay alive. Signals are going dark.,[ Harman Dol ]
story_dialog_obj_story_004_b,0,[ 하르만 돌 ],아군 신호가 전부 꺼졌다. 남은 건 네 함선뿐이고 함대는 전멸이다.,assets/images/npc/noname_char006.png,npc_cpt_vega_watch_01,ingame_dialog,compact,100,Every allied signal has gone dark. Yours is the only ship left. The fleet is gone.,[ Harman Dol ]
story_dialog_obj_story_004_b,1,[ 하르만 돌 ],아르카디아로 귀환해라. 사령부가 기다리고 있다. 전사자 수는 나중에 센다.,assets/images/npc/noname_char006.png,npc_cpt_vega_watch_01,ingame_dialog,compact,100,Return to Arcadia. Command is waiting. Count the dead later.,[ Harman Dol ]
story_dialog_story_005,0,[ 이안 코발 ],살아 돌아왔군. 집무실에서 보자. 지금 와라.,assets/images/npc/noname_char010.png,npc_cpt_story_ian_koval,ingame_dialog,compact,100,You made it back. This is an office comm. Come.,[ Ian Koval ]
story_dialog_story_005,1,[ 이안 코발 ],전사자 보고는 나중에 받겠다. 먼저 내 얘기부터 들어라. 이번 전멸보다 오래된 이야기다.,assets/images/npc/noname_char010.png,npc_cpt_story_ian_koval,ingame_dialog,compact,100,Numbers can wait. Hear my question first. It is older than the wipe.,[ Ian Koval ]
story_dialog_obj_story_005_a,0,[ 이안 코발 ],오래전 내가 등을 돌린 동료가 있다. 이름은 다렐 소사. 내가 그를 버렸다.,assets/images/npc/noname_char010.png,npc_cpt_story_ian_koval,ingame_dialog,compact,100,I once turned my back on a comrade. His name is Darell Sosa. I abandoned him.,[ Ian Koval ]
story_dialog_obj_story_005_a,1,[ 이안 코발 ],복수는 누가 하느냐고 물었지. 답 대신 좌표를 주겠다. 드라코 성운. 그리고 다렐 소사.,assets/images/npc/noname_char010.png,npc_cpt_story_ian_koval,ingame_dialog,compact,100,Who takes revenge? A coordinate instead of an answer. Draco. Darell Sosa.,[ Ian Koval ]
story_dialog_story_006,0,[ 세레나 드릴 ],포격전 한가운데서 낯선 신호가 잡혔다. 호위 한 척을 먼저 걷어내 줘. 신호는 그다음에 쫓는다.,assets/images/npc/noname_char003.png,npc_cpt_draco_obs_01,ingame_dialog,compact,100,A unique signal in the barrage. Break one escort. Then we chase the signal.,[ Serena Drill ]
story_dialog_story_006,1,[ 세레나 드릴 ],크림슨 총수가 쓰는 주파수가 아니더군. 함장 식별은 네가 해 줘. 신호는 기함 쪽이 강하다.,assets/images/npc/noname_char003.png,npc_cpt_draco_obs_01,ingame_dialog,compact,100,It is not a warlord proxy. You identify the captain. The flagship side is lit.,[ Serena Drill ]
story_dialog_obj_story_006_b,0,[ 세레나 드릴 ],신호 주인은 기함 데드코러스고 요새 호위대 주파수가 아니다. 접근 허가는 내가 열어 두겠다.,assets/images/npc/noname_char003.png,npc_cpt_draco_obs_01,ingame_dialog,compact,100,The signal is flagship Dead Chorus. Not the fortress escort band. I open approach.,[ Serena Drill ]
story_dialog_obj_story_006_b,1,[ 세레나 드릴 ],기함에 사람이 타고 있더군. 누구인지는 네가 확인해 줘. 나는 주파수만 잡았을 뿐이다.,assets/images/npc/noname_char003.png,npc_cpt_draco_obs_01,ingame_dialog,compact,100,Someone is on the flagship. You confirm the name. I only caught the frequency.,[ Serena Drill ]
npc_dialog_story_noah_frick,0,[ 노아 프릭 ],더 할 말은 없다. 심문은 끝났잖나. 돈은 이미 받았고.,assets/images/npc/noname_char006.png,npc_cpt_story_noah_frick,ingame_dialog,compact,100,I have nothing more. The interrogation is over. The pay is already mine.,[ Noah Frick ]
npc_dialog_story_ian_koval,0,[ 이안 코발 ],집무 채널이다. 급한 용건 아니면 끊겠다. 가만히 서 있지만 마라.,assets/images/npc/noname_char010.png,npc_cpt_story_ian_koval,ingame_dialog,compact,100,"This is the office channel. If it is not the main thread, I cut it. Do not just wait.",[ Ian Koval ]
npc_dialog_story_darel_sosa,0,[ 다렐 소사 ],데드코러스는 아직 움직이지 않는다. 지금은 말로만 상대해 주지. 코발이 준 좌표는 맞았다.,assets/images/npc/noname_char009.png,npc_cpt_story_darel_sosa,ingame_dialog,compact,100,"Dead Chorus is not lifting yet. For now, only words. Koval's coordinate was right.",[ Darell Sosa ]
story_dialog_story_007,0,[ 다렐 소사 ],이 빚은 내가 진 게 아니다. 스텔리움이 먼저 우릴 버렸고 그 자리 이름이 라이트홀드다.,assets/images/npc/noname_char009.png,npc_cpt_story_darel_sosa,ingame_dialog,compact,100,"This debt was never mine. Stellium abandoned us first, at a place called Light Hold.",[ Darell Sosa ],,
story_dialog_story_007,1,[ 다렐 소사 ],"베가 기습도, 그때 우릴 버린 것도 같은 자의 짓이다. 증거는 아직 내 입에만 있으니 남아라.",assets/images/npc/noname_char009.png,npc_cpt_story_darel_sosa,ingame_dialog,compact,100,The Vega raid and that abandonment are one line. Proof sits in my mouth only. Stay if you will hear more.,[ Darell Sosa ],,
story_dialog_obj_story_007_a,0,[ 다렐 소사 ],20년 전 라이트홀드는 미끼였다. 47시간 만에 함락됐는데 보고서엔 그 이름조차 없지.,assets/images/npc/noname_char009.png,npc_cpt_story_darel_sosa,ingame_dialog,compact,100,"Twenty years ago, Light Hold was bait. It fell in forty-seven hours, yet the report never names it.",[ Darell Sosa ],,
story_dialog_obj_story_007_a,1,[ 다렐 소사 ],라이트홀드 철수를 막지 못했고 코발도 막지 않았다. 빚은 지금도 남아 있다.,assets/images/npc/noname_char009.png,npc_cpt_story_darel_sosa,ingame_dialog,compact,100,"I failed to stop the Light Hold pullout, and Koval never tried to. That debt is still unpaid.",[ Darell Sosa ],,
story_dialog_story_008,0,[ 다렐 소사 ],세 이름을 부르겠다. 카일 로렌. 미라 솅크. 가온 텔라. 라이트홀드가 남긴 자들이다.,assets/images/npc/noname_char009.png,npc_cpt_story_darel_sosa,ingame_dialog,compact,100,I will speak three names. Kyle Loren. Mira Schenk. Gaon Tela. What Light Hold left.,[ Darell Sosa ],,
story_dialog_story_008,1,[ 다렐 소사 ],합류는 아직이다. 먼저 이름을 기록해라. 항로는 세레나가 연다.,assets/images/npc/noname_char009.png,npc_cpt_story_darel_sosa,ingame_dialog,compact,100,They have not joined. Log the names first. Serena opens the lanes.,[ Darell Sosa ],,
story_dialog_story_009,0,[ 다렐 소사 ],아이언워치는 레므난트다. 카일부터 만나라. 화력이 없으면 장부는 못 지킨다.,assets/images/npc/noname_char009.png,npc_cpt_story_darel_sosa,ingame_dialog,compact,100,Iron Watch is the remnant. Meet Kyle first. Without fire the ledger dies.,[ Darell Sosa ],,
story_dialog_story_009,1,[ 다렐 소사 ],"미라는 오메가, 가온은 에덴이다. 한 번에 셋은 안 된다. 순서대로 가라.",assets/images/npc/noname_char009.png,npc_cpt_story_darel_sosa,ingame_dialog,compact,100,Mira is Omega. Gaon is Eden. Not all three at once. Go in order.,[ Darell Sosa ],,
story_dialog_obj_story_009_b,0,[ 카일 로렌 ],라이트홀드에선 내가 포를 맡았다. 철수 명령이 먼저 끊겼고 나만 살아남았지.,assets/images/npc/noname_char006.png,npc_cpt_story_kyle_loren,ingame_dialog,compact,100,"I ran the guns at Light Hold. The pullout order was cut off first, and I was the only one who lived.",[ Kyle Loren ],,
story_dialog_obj_story_009_b,1,[ 카일 로렌 ],소사가 보냈다면 됐고 네 배에 타겠다. 말은 여기까지다.,assets/images/npc/noname_char006.png,npc_cpt_story_kyle_loren,ingame_dialog,compact,100,"If Sosa sent you, that is enough. I am boarding your ship. That is all the talking I do.",[ Kyle Loren ],,
story_dialog_obj_story_009_d,0,[ 미라 솅크 ],라이트홀드를 죽인 건 장부였다. 보급란 세 줄이 비어 있었고 빈 장부는 아직 내가 갖고 있어.,assets/images/npc/noname_char007.png,npc_cpt_story_mira_schenk,ingame_dialog,compact,100,"A ledger is what killed Light Hold. Three supply entries were left blank, and I still have that empty ledger.",[ Mira Schenk ],,
story_dialog_obj_story_009_d,1,[ 미라 솅크 ],카일이 왔으니 화력은 됐고 가온은 아직 에덴에 있다. 다시 모이는 곳은 여기야.,assets/images/npc/noname_char007.png,npc_cpt_story_mira_schenk,ingame_dialog,compact,100,"Kyle is here, so firepower is covered, but Gaon is still out at Eden. This is where we regroup.",[ Mira Schenk ],,
story_dialog_story_010,0,[ 미라 솅크 ],가온이 에덴에서 기다린다. 지워진 행성 기록을 갖고 있다. 먼저 그를 태워라.,assets/images/npc/noname_char007.png,npc_cpt_story_mira_schenk,ingame_dialog,compact,100,Gaon waits at Eden. He holds an erased-world file. Bring him first.,[ Mira Schenk ],,
story_dialog_story_010,1,[ 미라 솅크 ],넷이 모이면 장부와 화력과 기록이 한 줄이 된다. 교차점은 이 허브다.,assets/images/npc/noname_char007.png,npc_cpt_story_mira_schenk,ingame_dialog,compact,100,"When four sit, ledger, fire, and file are one line. The crossing is this hub.",[ Mira Schenk ],,
story_dialog_obj_story_010_b,0,[ 가온 텔라 ],라이트홀드는 지도에서 지워졌지만 죽은 건 행성이 아니라 기록이다. 나는 지워진 빈칸을 쫓고 있지.,assets/images/npc/noname_char008.png,npc_cpt_story_gaon_tela,ingame_dialog,compact,100,"Light Hold was erased from the map, but it was the record that died, not the planet. I have been chasing that blank ever since.",[ Gaon Tela ],,
story_dialog_obj_story_010_b,1,[ 가온 텔라 ],미라의 장부와 내 빈칸이 들어맞는군. 오메가로 가자. 하벤포드 조사는 여기서 끝낸다.,assets/images/npc/noname_char008.png,npc_cpt_story_gaon_tela,ingame_dialog,compact,100,Mira's ledger matches my blank. We go to Omega. Havenford folds here.,[ Gaon Tela ],,
story_dialog_obj_story_010_d,0,[ 미라 솅크 ],"화력, 장부, 지워진 행성, 그리고 너. 라이트홀드 은폐는 우연이 아니다. 베가 기습과 같은 손이다.",assets/images/npc/noname_char007.png,npc_cpt_story_mira_schenk,ingame_dialog,compact,100,"Fire, ledger, erased world, and you. Light Hold concealment is not chance. Same hand as the Vega raid.",[ Mira Schenk ],,
story_dialog_obj_story_010_d,1,[ 미라 솅크 ],장부 뒤에 이면 협정이 숨어 있다. 결재는 이 허브에 남아 있어. 다음엔 소개 명령서부터 연다.,assets/images/npc/noname_char007.png,npc_cpt_story_mira_schenk,ingame_dialog,compact,100,"A secret accord is hiding behind the ledger. The approval still sits in this hub. Next we open the introduction order.",[ Mira Schenk ],,
story_dialog_story_011,0,[ 미라 솅크 ],이면은 이 허브의 결재에 남아 있다. 전투가 아니라 소개 명령서부터 연다.,assets/images/npc/noname_char007.png,npc_cpt_story_mira_schenk,ingame_dialog,compact,100,The backside sits in this hub’s approvals. Not a fight. We open the introduction order first.,[ Mira Schenk ],,
story_dialog_story_011,1,[ 미라 솅크 ],가온이 빈칸을 복원하고 내가 결재를 역추적한다. 궤도는 건드리지 마라.,assets/images/npc/noname_char007.png,npc_cpt_story_mira_schenk,ingame_dialog,compact,100,Gaon restores the blank. I reverse-trace the approval. Do not touch the orbit.,[ Mira Schenk ],,
story_dialog_story_012,0,[ 미라 솅크 ],네 이름이 반역자 명단에 올랐다. 포위선이 이 허브 궤도에 떴다.,assets/images/npc/noname_char007.png,npc_cpt_story_mira_schenk,ingame_dialog,compact,100,Your name is on the traitor list. A cordon ship has lifted over this hub.,[ Mira Schenk ],,
story_dialog_story_012,1,[ 미라 솅크 ],한 척이다. 경로는 시리우스 보더다. 거기서 끊고 섀도우로 가라.,assets/images/npc/noname_char007.png,npc_cpt_story_mira_schenk,ingame_dialog,compact,100,One ship. The lane is Sirius Border. Cut it there, then run for Shadow.,[ Mira Schenk ],,
story_dialog_obj_story_013_b,0,[ 닐 벡스 ],물건 출처는 묻지 않지만 수배된 얼굴이면 얘기가 다르지. 그래도 닉스가 기다리고 있다.,assets/images/npc/noname_char004.png,npc_cpt_bar_ret_15,ingame_dialog,compact,100,"I never ask where goods come from, though a wanted face is another matter. Still, Nyx is waiting for you.",[ Nil Vex ],,
story_dialog_obj_story_013_b,1,[ 닐 벡스 ],바는 중립이다. 거점은 지하 쪽에 있고 나는 물건만 받지.,assets/images/npc/noname_char004.png,npc_cpt_bar_ret_15,ingame_dialog,compact,100,The bar is neutral. The hold is below. I take SKUs only.,[ Nil Vex ],,
story_dialog_story_015,0,[ 닉스 홀름 ],세렌 벨트는 지도에 없다. 진짜 관문은 시리우스 보더이고 초대장은 세렌 베일이 쥐고 있다.,assets/images/npc/noname_char004.png,npc_cpt_story_nyx_holm,ingame_dialog,compact,100,"Seren Belt is on no map. The real gate is Sirius Border, and Seren Vale holds the invitation.",[ Nyx Holm ],,
story_dialog_story_015,1,[ 닉스 홀름 ],함정일 수 있다. 가온과 미라 없이 가지 마라. 확인만 하고 돌아와라.,assets/images/npc/noname_char004.png,npc_cpt_story_nyx_holm,ingame_dialog,compact,100,It may be a trap. Do not go without Gaon and Mira. Confirm and return.,[ Nyx Holm ],,
story_dialog_obj_story_015_b,0,[ 세렌 베일 ],세렌 벨트는 우리끼리 쓰는 이름이고 실제 관문은 바로 여기 보더고 초대는 함정이 아니다.,assets/images/npc/noname_char005.png,npc_cpt_story_seren_vale,ingame_dialog,compact,100,"Seren Belt is just the name we use among ourselves. The real gate is this border, right here, and the invitation is no trap.",[ Seren Vale ],,
story_dialog_obj_story_015_b,1,[ 세렌 베일 ],라이트홀드 생존자가 여기 더 있다. 당장 합류하진 않겠지만 채널은 열어 두겠다.,assets/images/npc/noname_char005.png,npc_cpt_story_seren_vale,ingame_dialog,compact,100,"There are more Light Hold survivors here. They will not join you right away, but I will keep the channel open.",[ Seren Vale ],,
story_dialog_obj_story_015_c,0,[ 세렌 베일 ],크림슨이 같은 초대를 위조한다. 내 인장은 이 한 줄이다. 다른 채널은 끊어라.,assets/images/npc/noname_char005.png,npc_cpt_story_seren_vale,ingame_dialog,compact,100,Crimson forges the same invite. My seal is this one line. Cut the other bands.,[ Seren Vale ],,
story_dialog_obj_story_015_c,1,[ 세렌 베일 ],기회는 보급 항로 하나다. 거점으로 가져가라. 나는 보더에 남는다.,assets/images/npc/noname_char005.png,npc_cpt_story_seren_vale,ingame_dialog,compact,100,The chance is one supply lane. Take it to the hold. I stay on the border.,[ Seren Vale ],,
story_dialog_obj_story_015_e,0,[ 닉스 홀름 ],시리우스 채널이 열렸고 세렌이 남아 준 걸 보면 함정은 아닌 것 같다.,assets/images/npc/noname_char004.png,npc_cpt_story_nyx_holm,ingame_dialog,compact,100,"The Sirius channel is open, and since Seren chose to stay, I do not read this as a trap.",[ Nyx Holm ],,
story_dialog_obj_story_015_e,1,[ 닉스 홀름 ],소문이 퍼지고 있고 크림슨이 거점 냄새를 맡기 시작했다. 이제 적은 둘이다.,assets/images/npc/noname_char004.png,npc_cpt_story_nyx_holm,ingame_dialog,compact,100,"Word is getting around, and Crimson has started to sniff out the hold. We have two enemies now.",[ Nyx Holm ],,
story_dialog_obj_story_016_e,0,[ 카일 로렌 ],세렌이 남긴 건 잔해야. 본대는 아니다. 문은 내가 지킨다.,assets/images/npc/noname_char006.png,npc_cpt_story_kyle_loren,ingame_dialog,compact,100,"Seren left wreckage. Not a main force. I will hold the door.",[ Kyle Loren ],,
story_dialog_obj_story_016_e,1,[ 카일 로렌 ],돈은 없고 화력만으론 못 버티니 돈 문제는 미라가 맡을 일이다.,assets/images/npc/noname_char006.png,npc_cpt_story_kyle_loren,ingame_dialog,compact,100,"We have no money, and firepower alone will not keep us alive, so the money side is Mira's job.",[ Kyle Loren ],,
story_dialog_story_017,0,[ 미라 솅크 ],"돈이 없으니 암시장의 손을 빌릴 수밖에 없어. 출처는 묻지 않아, 닉스의 원칙이야.",assets/images/npc/noname_char007.png,npc_cpt_story_mira_schenk,ingame_dialog,compact,100,"No money left, so we borrow the black market's hand. No asking the source. Nyx's rule.",[ Mira Schenk ],,
story_dialog_story_017,1,[ 미라 솅크 ],닐과 나눠. 세 건이면 버틸 수 있고 그 이상은 욕심이다.,assets/images/npc/noname_char007.png,npc_cpt_story_mira_schenk,ingame_dialog,compact,100,Split with Nil. Three ledger lines will last. More is greed.,[ Mira Schenk ],,
story_dialog_obj_story_017_b,0,[ 닐 벡스 ],세 건 중개했다. 수수료는 한 건 몫이고 출처는 비워 두지.,assets/images/npc/noname_char004.png,npc_cpt_bar_ret_15,ingame_dialog,compact,100,I brokered three lines. Fee is one line. Source cell stays blank.,[ Nil Vex ],,
story_dialog_obj_story_017_b,1,[ 닐 벡스 ],크림슨 돈인지는 나도 모르고 안다 해도 입은 안 연다. 여기 시장은 원래 그렇게 돌아가.,assets/images/npc/noname_char004.png,npc_cpt_bar_ret_15,ingame_dialog,compact,100,"Whether it is Crimson coin, I do not know, and I would not say if I did. That is just how this market turns.",[ Nil Vex ],,
story_dialog_obj_story_017_d,0,[ 카일 로렌 ],탄약은 살 수 있지만 배까지는 아직 무리고 요새 뼈대는 내일 세운다.,assets/images/npc/noname_char006.png,npc_cpt_story_kyle_loren,ingame_dialog,compact,100,"Ammo we can buy, but a hull is still out of reach. The fort frame goes up tomorrow.",[ Kyle Loren ],,
story_dialog_obj_story_017_d,1,[ 카일 로렌 ],돈으로 산 화력은 오래 못 가. 그래도 오늘 하루는 버틸 수 있고 지금은 그거면 충분하다.,assets/images/npc/noname_char006.png,npc_cpt_story_kyle_loren,ingame_dialog,compact,100,"Firepower bought with coin never lasts, but it will get us through today, and right now that is enough.",[ Kyle Loren ],,
story_dialog_obj_story_017_e,0,[ 미라 솅크 ],거점 자금 세 건 정산을 끝냈어. 이걸로 한 달은 버틸 수 있고 배신할 여지는 장부에 적어 뒀어.,assets/images/npc/noname_char007.png,npc_cpt_story_mira_schenk,ingame_dialog,compact,100,"Three hold-fund settlements are closed. That keeps the hold alive for a month, and any room for betrayal is noted in my ledger.",[ Mira Schenk ],,
story_dialog_obj_story_017_e,1,[ 미라 솅크 ],더러운 돈이긴 하다. 그래도 거점은 살아남지.,assets/images/npc/noname_char007.png,npc_cpt_story_mira_schenk,ingame_dialog,compact,100,A black hand. But the hold lives. Pass the next stem.,[ Mira Schenk ],,
story_dialog_story_018,0,[ 카일 로렌 ],문은 화력만으로 안 선다. 방호와 도크가 필요하다. 뼈대를 짜자.,assets/images/npc/noname_char006.png,npc_cpt_story_kyle_loren,ingame_dialog,compact,100,A door does not stand on fire alone. We need plate and dock. We set bone.,[ Kyle Loren ],,
story_dialog_story_018,1,[ 카일 로렌 ],가온이 은폐 지도를 겹친다. 나는 포문만 본다.,assets/images/npc/noname_char006.png,npc_cpt_story_kyle_loren,ingame_dialog,compact,100,Gaon overlays the concealment map. I only watch the guns.,[ Kyle Loren ],,
story_dialog_obj_story_018_a,0,[ 카일 로렌 ],입구 두 곳에 포를 심어 뒀다. 함대라곤 아직 네 배 한 척이지만 재건은 지금부터 시작이다.,assets/images/npc/noname_char006.png,npc_cpt_story_kyle_loren,ingame_dialog,compact,100,"I planted guns at both entrances. The fleet is still just your one ship, but the rebuild starts now.",[ Kyle Loren ],,
story_dialog_obj_story_018_a,1,[ 카일 로렌 ],스텔리움 진압이 오면 버틴다. 오늘은 뼈대만 세운다.,assets/images/npc/noname_char006.png,npc_cpt_story_kyle_loren,ingame_dialog,compact,100,If Stellium suppression comes we last. Today we only stand bone.,[ Kyle Loren ],,
story_dialog_obj_story_018_b,0,[ 가온 텔라 ],식별 신호를 끄면 포문도 숨는다. 은폐 지도 위에 화력을 겹쳐 놨으니 거점은 이제 무덤이 아니다.,assets/images/npc/noname_char008.png,npc_cpt_story_gaon_tela,ingame_dialog,compact,100,"Kill the ID signal and the guns vanish with it. I laid our firepower over the concealment map, so the hold is no longer a grave.",[ Gaon Tela ],,
story_dialog_obj_story_018_b,1,[ 가온 텔라 ],함대 재건은 배가 아니라 항로다. 세렌 채널과 오메가 교차. 그 두 줄이 뼈대다.,assets/images/npc/noname_char008.png,npc_cpt_story_gaon_tela,ingame_dialog,compact,100,Fleet rebuild is lanes not hulls. Seren channel and Omega crossing. Those two lines are bone.,[ Gaon Tela ],,
story_dialog_obj_story_018_d,0,[ 미라 솅크 ],탄약 칸은 채워졌다. 식량은 한 달. 그 이상은 장부가 거부한다.,assets/images/npc/noname_char007.png,npc_cpt_story_mira_schenk,ingame_dialog,compact,100,The ammo cell is filled. Food is a month. The ledger refuses more.,[ Mira Schenk ],,
story_dialog_obj_story_018_d,1,[ 미라 솅크 ],요새는 배로 버티는 게 아니라 장부가 버텨 주는 거야. 재건은 여기까지로 하지.,assets/images/npc/noname_char007.png,npc_cpt_story_mira_schenk,ingame_dialog,compact,100,"A fort does not stand on its ships. It stands on a ledger that holds, and the rebuild stops here.",[ Mira Schenk ],,
story_dialog_obj_story_018_e,0,[ 카일 로렌 ],할 일은 끝났다. 다음은 사람끼리의 싸움이고 나는 함선만 보면 된다.,assets/images/npc/noname_char006.png,npc_cpt_story_kyle_loren,ingame_dialog,compact,100,"That is done. What comes next is people fighting people, and I only need to watch the ships.",[ Kyle Loren ],,
story_dialog_obj_story_018_e,1,[ 카일 로렌 ],균열이 오면 문을 지킨다. 누구 편인지는 네가 정해라.,assets/images/npc/noname_char006.png,npc_cpt_story_kyle_loren,ingame_dialog,compact,100,If the crack comes I hold the door. You pick the side.,[ Kyle Loren ],,
story_dialog_story_019,0,[ 닉스 홀름 ],카일과 미라가 갈라섰다. 한쪽은 치자 하고 한쪽은 숨자 하니 오늘은 말만 들어 두자.,assets/images/npc/noname_char004.png,npc_cpt_story_nyx_holm,ingame_dialog,compact,100,"Kyle and Mira have split. One wants to strike, one wants to hide, so today we only listen.",[ Nyx Holm ],,
story_dialog_story_019,1,[ 닉스 홀름 ],아직 어느 쪽도 택할 때가 아니다. 균열만 기록해 두지.,assets/images/npc/noname_char004.png,npc_cpt_story_nyx_holm,ingame_dialog,compact,100,No branch switch yet. We only log the crack.,[ Nyx Holm ],,
story_dialog_obj_story_019_a,0,[ 카일 로렌 ],숨기만 하면 라이트홀드가 되풀이돼. 그러니 먼저 쳐야 하고 나는 치는 쪽에 선다.,assets/images/npc/noname_char006.png,npc_cpt_story_kyle_loren,ingame_dialog,compact,100,"If we only hide, Light Hold happens again. So we strike first, and I stand on the side that strikes.",[ Kyle Loren ],,
story_dialog_obj_story_019_a,1,[ 카일 로렌 ],미라의 장부는 사람을 늦춘다. 늦추면 또 버린다. 문을 열고 나가자.,assets/images/npc/noname_char006.png,npc_cpt_story_kyle_loren,ingame_dialog,compact,100,Mira's ledger slows people. Slow again and we abandon again. Open the door and lift.,[ Kyle Loren ],,
story_dialog_obj_story_019_b,0,[ 미라 솅크 ],치는 순간 거점이 드러나고 라이트홀드도 먼저 치다가 죽었어. 그래서 나는 숨기는 쪽이야.,assets/images/npc/noname_char007.png,npc_cpt_story_mira_schenk,ingame_dialog,compact,100,"The moment we strike, the hold is exposed, and Light Hold died striking first. That is why I am on the side that hides.",[ Mira Schenk ],,
story_dialog_obj_story_019_b,1,[ 미라 솅크 ],장부가 있는 한 배신은 보인다. 화력만 믿으면 또 빈칸이 난다.,assets/images/npc/noname_char007.png,npc_cpt_story_mira_schenk,ingame_dialog,compact,100,"While the ledger lives, betrayal shows. Trust fire only and the blank returns.",[ Mira Schenk ],,
story_dialog_obj_story_019_c,0,[ 가온 텔라 ],둘 다 라이트홀드를 말하면서 결론만 반대로 가는군. 지워진 행성은 어느 편도 아니다.,assets/images/npc/noname_char008.png,npc_cpt_story_gaon_tela,ingame_dialog,compact,100,"Both of them talk about Light Hold, yet land on opposite conclusions. An erased planet takes no side.",[ Gaon Tela ],,
story_dialog_obj_story_019_c,1,[ 가온 텔라 ],지금은 거점을 지키는 게 맞고 갈림길은 나중에 올 거다. 그때까지 지도는 접지 않겠다.,assets/images/npc/noname_char008.png,npc_cpt_story_gaon_tela,ingame_dialog,compact,100,"For now, holding the hold is the right call, and the fork in the road comes later. Until then, I am not folding the map.",[ Gaon Tela ],,
story_dialog_story_020,0,[ 미라 솅크 ],배신 소문이 카일 칸에 붙었다. 장부는 다르게 말한다. 가려 내자.,assets/images/npc/noname_char007.png,npc_cpt_story_mira_schenk,ingame_dialog,compact,100,A betrayal rumor stuck to Kyle’s cell. The ledger says otherwise. We sort it.,[ Mira Schenk ],,
story_dialog_story_020,1,[ 미라 솅크 ],이간계면 문이 산다. 진실이면 거점을 접는다.,assets/images/npc/noname_char007.png,npc_cpt_story_mira_schenk,ingame_dialog,compact,100,"If a wedge, the door lives. If truth, we fold the hold.",[ Mira Schenk ],,
story_dialog_obj_story_020_a,0,[ 미라 솅크 ],카일 쪽에서 나간 돈은 탄약값이고 크림슨 계좌하고는 맞지도 않아. 소문은 이간질일 뿐이야.,assets/images/npc/noname_char007.png,npc_cpt_story_mira_schenk,ingame_dialog,compact,100,"The money leaving Kyle's side is ammo payments, and it does not match any Crimson account. That rumor is nothing but a wedge.",[ Mira Schenk ],,
story_dialog_obj_story_020_a,1,[ 미라 솅크 ],누가 뿌렸는지는 외곽 채널이다. 거점 안은 깨끗하다. 가온에게 지도를 물어라.,assets/images/npc/noname_char007.png,npc_cpt_story_mira_schenk,ingame_dialog,compact,100,Who spread it is a rim channel. Inside is clean. Ask Gaon for the map.,[ Mira Schenk ],,
story_dialog_obj_story_020_b,0,[ 카일 로렌 ],나는 안 팔았다. 팔 거면 문을 안 지킨다. 장부를 믿어라.,assets/images/npc/noname_char006.png,npc_cpt_story_kyle_loren,ingame_dialog,compact,100,"I did not sell. If I had, I would not hold the door. Trust the ledger.",[ Kyle Loren ],,
story_dialog_obj_story_020_b,1,[ 카일 로렌 ],이간을 뿌린 쪽이 다음 공세다. 나는 함선만 본다.,assets/images/npc/noname_char006.png,npc_cpt_story_kyle_loren,ingame_dialog,compact,100,Whoever spread the wedge is the next push. I watch ships.,[ Kyle Loren ],,
story_dialog_story_021,0,[ 카일 로렌 ],진압 함대가 외곽까지 와 있다. 전부 몰려오진 않을 테니 부딪칠 건 한 척이다.,assets/images/npc/noname_char006.png,npc_cpt_story_kyle_loren,ingame_dialog,compact,100,"The suppression fleet is at the rim. They will not all come at once, so we face one ship.",[ Kyle Loren ],,
story_dialog_story_021,1,[ 카일 로렌 ],문을 지켜라. 거점이 죽으면 이름 없는 동맹도 죽는다.,assets/images/npc/noname_char006.png,npc_cpt_story_kyle_loren,ingame_dialog,compact,100,Hold the door. If the hold dies the nameless alliance dies.,[ Kyle Loren ],,
story_dialog_obj_story_021_a,0,[ 카일 로렌 ],입구 포문은 열어 뒀다. 뜨는 한 척은 블러드 필드 항로다. 거기서 끊으면 진압군은 물러난다.,assets/images/npc/noname_char006.png,npc_cpt_story_kyle_loren,ingame_dialog,compact,100,"The entrance guns are live. The one ship lifts on the Blood Field lane. Cut it there and the suppression force pulls back.",[ Kyle Loren ],,
story_dialog_obj_story_021_a,1,[ 카일 로렌 ],나는 문을 선다. 너는 블러드 궤도에서 쳐라.,assets/images/npc/noname_char006.png,npc_cpt_story_kyle_loren,ingame_dialog,compact,100,I stand the door. You hit in Blood Field orbit.,[ Kyle Loren ],,
story_dialog_story_022,0,[ 닉스 홀름 ],문은 열렸다. 깃발은 올리지 않는다. 나는 관리소장 대행일 뿐이다.,assets/images/npc/noname_char004.png,npc_cpt_story_nyx_holm,ingame_dialog,compact,100,"The door is open. We do not raise a flag. I am only acting station chief.",[ Nyx Holm ],,
story_dialog_story_022,1,[ 닉스 홀름 ],국가명은 없다. 챕터는 여기서 접는다.,assets/images/npc/noname_char004.png,npc_cpt_story_nyx_holm,ingame_dialog,compact,100,"There is no nation name. The chapter folds here.",[ Nyx Holm ],,
story_dialog_story_023,0,[ 가온 텔라 ],에덴에 메아리가 갔다. 미레유가 물을 것이다. 깃발 이름은 말하지 마라.,assets/images/npc/noname_char008.png,npc_cpt_story_gaon_tela,ingame_dialog,compact,100,An echo reached Eden. Mireille will ask. Do not speak a flag name.,[ Gaon Tela ],,
story_dialog_story_023,1,[ 가온 텔라 ],확인하고 돌아와라. 거점은 비우지 마라.,assets/images/npc/noname_char008.png,npc_cpt_story_gaon_tela,ingame_dialog,compact,100,Confirm and return. Do not empty the hold.,[ Gaon Tela ],,
story_dialog_obj_story_023_b,0,[ 미레유 보스 ],이름 없는 깃발 소문이 돌더군. 경고 광파는 보내지 않겠다. 아직은.,assets/images/npc/noname_char010.png,npc_cpt_mireille,ingame_dialog,compact,100,A nameless-flag rumor turns. I will not send a warning pulse. Not yet.,[ Mireille Voss ],,
story_dialog_obj_story_023_b,1,[ 미레유 보스 ],연합은 너를 반역자로 적어 뒀지만 나는 호송만 신경 쓴다. 소문은 여기서 끊어 두지.,assets/images/npc/noname_char010.png,npc_cpt_mireille,ingame_dialog,compact,100,"The Alliance has you filed as a traitor, but all I care about is my escorts. The rumor stops here with me.",[ Mireille Voss ],,
story_dialog_obj_story_023_c,0,[ 가온 텔라 ],에덴은 아직 치지 않는다. 지금은 은폐 지도를 지키는 일이 무엇보다 먼저니까.,assets/images/npc/noname_char008.png,npc_cpt_story_gaon_tela,ingame_dialog,compact,100,"We are not striking Eden yet. Right now, keeping the concealment map safe comes before anything else.",[ Gaon Tela ],,
story_dialog_story_024,0,[ 미라 솅크 ],사본은 오메가에 맡겨. 린이 통행세 대신 기록을 받기로 했고 원본은 거점에 둘 거야.,assets/images/npc/noname_char007.png,npc_cpt_story_mira_schenk,ingame_dialog,compact,100,"We leave the copy at Omega. Lynn takes the record instead of a toll, and the original stays at the hold.",[ Mira Schenk ],,
story_dialog_obj_story_024_b,0,[ 린 켄달 ],잘 받았다. 어느 진영 건지 적혀 있진 않지만 회항단 금고에 넣어 두지.,assets/images/npc/noname_char007.png,npc_cpt_ai_clan_neutral_01,ingame_dialog,compact,100,"Received. It does not say which faction it belongs to, but it goes into the circuit vault all the same.",[ Lynn Kendall ],,
story_dialog_obj_story_024_b,1,[ 린 켄달 ],교차로는 계속 연다. 이름만 묻지 마라.,assets/images/npc/noname_char007.png,npc_cpt_ai_clan_neutral_01,ingame_dialog,compact,100,The crossing stays open. Do not ask me for a name.,[ Lynn Kendall ],,
story_dialog_obj_story_024_c,0,[ 미라 솅크 ],사본은 허브에 맡겼고 원본은 여기 내가 갖고 있어. 장부는 두 벌이라야 안전하니까.,assets/images/npc/noname_char007.png,npc_cpt_story_mira_schenk,ingame_dialog,compact,100,"The copy is with the hub, and the original stays here with me. A ledger is only safe in two sets.",[ Mira Schenk ],,
story_dialog_story_025,0,[ 카일 로렌 ],오렌 피스가 유해 명부를 쥔다. 라이트홀드 칸이 비어 있다. 가서 확인해라.,assets/images/npc/noname_char006.png,npc_cpt_story_kyle_loren,ingame_dialog,compact,100,Oren Peace holds the remains roll. The Light Hold cell is blank. Go confirm.,[ Kyle Loren ],,
story_dialog_obj_story_025_b,0,[ 오렌 피스 ],라이트홀드 유해 명부는 비어 있다. 명령으로 지워진 거고 나는 잔해를 지킬 뿐이다.,assets/images/npc/noname_char010.png,npc_cpt_gov_iron,ingame_dialog,compact,100,"The Light Hold casualty roster is blank. An order wiped it clean, and all I do is guard the wreckage.",[ Oren Peace ],,
story_dialog_obj_story_025_b,1,[ 오렌 피스 ],카일이 살아 돌아온 건 나도 안다. 그래도 보고서엔 올릴 수 없어. 여기는 무덤이니까.,assets/images/npc/noname_char010.png,npc_cpt_gov_iron,ingame_dialog,compact,100,"I know Kyle came back alive. I still cannot put that in the report, because this place is a grave.",[ Oren Peace ],,
story_dialog_obj_story_025_c,0,[ 카일 로렌 ],명부는 여전히 비어 있고 나는 보고서에 없는 사람이다. 그러니 깃발에도 이름이 없는 거다.,assets/images/npc/noname_char006.png,npc_cpt_story_kyle_loren,ingame_dialog,compact,100,"The roster is still blank, and I am a man who is not in the report. That is why the flag carries no name either.",[ Kyle Loren ],,
story_dialog_story_026,0,[ 엘렌 드 코르 ],코발은 입을 닫았다. 관문은 열어 주겠지만 말은 한마디도 않겠다는 거지.,assets/images/npc/noname_char003.png,npc_cpt_arcadia_lane_01,ingame_dialog,compact,100,"Koval has gone silent. He will open the gate, but he will not say a word.",[ Ellen de Cort ],,
story_dialog_obj_story_026_a,0,[ 엘렌 드 코르 ],사령부는 널 모르는 척할 거다. 그래도 관문은 열어 줄 테고 기록은 남기지 않겠다.,assets/images/npc/noname_char003.png,npc_cpt_arcadia_lane_01,ingame_dialog,compact,100,"Command will act as if you do not exist. The gate still opens for you, and I will leave no record of it.",[ Ellen de Cort ],,
story_dialog_obj_story_026_a,1,[ 엘렌 드 코르 ],지금은 침묵이 도움이다. 인정받는 건 그다음 일이고.,assets/images/npc/noname_char003.png,npc_cpt_arcadia_lane_01,ingame_dialog,compact,100,Silence is the help. Recognition is the next chapter.,[ Ellen de Cort ],,
story_dialog_obj_story_026_b,0,[ 이안 코발 ],동맹은 인정하지 않는다. 라이트홀드의 빚만 인정할 뿐이고 그 이상은 말하지 않겠다.,assets/images/npc/noname_char010.png,npc_cpt_story_ian_koval,ingame_dialog,compact,100,"I do not recognize the alliance. I recognize only the debt from Light Hold, and I will say nothing beyond that.",[ Ian Koval ],,
story_dialog_obj_story_026_b,1,[ 이안 코발 ],반역 칸은 그대로다. 살아남아라. 통신은 끊는다.,assets/images/npc/noname_char010.png,npc_cpt_story_ian_koval,ingame_dialog,compact,100,The traitor cell stays. Stay alive. I cut the channel.,[ Ian Koval ],,
story_dialog_obj_story_026_c,0,[ 엘렌 드 코르 ],공식 창구는 닫겠다. 관문은 필요할 때만 열어 주고 기록은 남기지 않을 거다.,assets/images/npc/noname_char003.png,npc_cpt_arcadia_lane_01,ingame_dialog,compact,100,"The official channel closes here. The gate opens only when it has to, and nothing goes on record.",[ Ellen de Cort ],,
story_dialog_story_027,0,[ 세레나 드릴 ],소사가 조건을 말하겠다. 데드코러스는 동맹에 타지 않는다. 들어라.,assets/images/npc/noname_char003.png,npc_cpt_draco_obs_01,ingame_dialog,compact,100,Sosa will speak a condition. Dead Chorus will not board the alliance. Hear it.,[ Serena Drill ],,
story_dialog_obj_story_027_a,0,[ 세레나 드릴 ],기함은 움직이지 않는다. 말은 소사가 할 테니 나는 주파수만 열어 두겠다.,assets/images/npc/noname_char003.png,npc_cpt_draco_obs_01,ingame_dialog,compact,100,"The flagship is not moving. Sosa will do the talking, and I will just keep the frequency open.",[ Serena Drill ],,
story_dialog_obj_story_027_b,0,[ 다렐 소사 ],나는 배에 타지 않는다. 라이트홀드 증언은 이미 끝냈고 깃발은 너희 몫이다.,assets/images/npc/noname_char009.png,npc_cpt_story_darel_sosa,ingame_dialog,compact,100,"I am not boarding. I already gave my testimony on Light Hold, and the flag belongs to you.",[ Darell Sosa ],,
story_dialog_obj_story_027_b,1,[ 다렐 소사 ],조건은 하나다. 다시 버리지 마라. 버리면 나는 적이 된다.,assets/images/npc/noname_char009.png,npc_cpt_story_darel_sosa,ingame_dialog,compact,100,One condition. Do not abandon again. If you do I become an enemy.,[ Darell Sosa ],,
story_dialog_obj_story_027_c,0,[ 다렐 소사 ],은폐된 진실은 아직 남아 있다. 그건 때가 되면 열지. 지금은 이 조건만 가져가라.,assets/images/npc/noname_char009.png,npc_cpt_story_darel_sosa,ingame_dialog,compact,100,Concealed truth remains. It opens in chapter two. Take only this condition now.,[ Darell Sosa ],,
story_dialog_story_028,0,[ 닉스 홀름 ],크림슨이 좌표를 다시 샀다. 다음 손이다. 한 척만 끊고 와라.,assets/images/npc/noname_char004.png,npc_cpt_story_nyx_holm,ingame_dialog,compact,100,Crimson bought the fix again. The next hand. Cut one ship and return.,[ Nyx Holm ],,
story_dialog_obj_story_028_c,0,[ 드락 베일 ],현상금은 올랐다. 좌표는 아직 반쯤이다. 돌아가라.,assets/images/npc/noname_char006.png,npc_cpt_bar_ret_12,ingame_dialog,compact,100,The bounty rose. The fix is still half. Go back.,[ Drak Vale ],,
story_dialog_story_029,0,[ 닉스 홀름 ],선서를 다시 읽겠다. 이름은 넣지 않고 다시 버리는 것만 금한다.,assets/images/npc/noname_char004.png,npc_cpt_story_nyx_holm,ingame_dialog,compact,100,We read the oath again. No names go in it. Only one thing is forbidden: abandoning again.,[ Nyx Holm ],,
story_dialog_obj_story_029_a,0,[ 닉스 홀름 ],다시는 버리지 않는다. 이름이 없어도 문은 지키고 그게 우리가 세우는 선서다.,assets/images/npc/noname_char004.png,npc_cpt_story_nyx_holm,ingame_dialog,compact,100,"We never abandon anyone again. Name or no name, we hold the door, and that is the oath we swear.",[ Nyx Holm ],,
story_dialog_obj_story_029_a,1,[ 닉스 홀름 ],넷이 한 줄에 서명한다. 칸은 비어 있다.,assets/images/npc/noname_char004.png,npc_cpt_story_nyx_holm,ingame_dialog,compact,100,The four sign one line. The name cell stays blank.,[ Nyx Holm ],,
story_dialog_obj_story_029_b,0,[ 미라 솅크 ],서명란은 비워 두고 날짜만 적었어. 그래야 선서문이 살아남거든. 원본은 거점에 남겨 둘게.,assets/images/npc/noname_char007.png,npc_cpt_story_mira_schenk,ingame_dialog,compact,100,"I left the signature lines blank and wrote only the date. That is how the oath survives, and the original stays at the hold.",[ Mira Schenk ],,
story_dialog_obj_story_029_c,0,[ 카일 로렌 ],선서는 결국 말이고 문을 지키는 건 함선이다. 그러니 나는 함선을 지킨다.,assets/images/npc/noname_char006.png,npc_cpt_story_kyle_loren,ingame_dialog,compact,100,"An oath is just words in the end. What actually holds the door is ships, so I keep the ships.",[ Kyle Loren ],,
story_dialog_story_030,0,[ 닉스 홀름 ],오늘은 여기까지다. 은폐된 진실은 끝나지 않았지만 우리에겐 아직 한편이 남아 있다.,assets/images/npc/noname_char004.png,npc_cpt_story_nyx_holm,ingame_dialog,compact,100,"That is all for today. The concealed truth is not over, but we still have our own side.",[ Nyx Holm ],,
story_dialog_story_030,1,[ 닉스 홀름 ],거점은 계속 지킨다. 남은 일은 하나씩 풀어 가자.,assets/images/npc/noname_char004.png,npc_cpt_story_nyx_holm,ingame_dialog,compact,100,"We keep the hold. What remains, we untangle one by one.",[ Nyx Holm ],,
story_dialog_obj_story_030_a,0,[ 닉스 홀름 ],문은 남았다. 깃발엔 여전히 이름이 없고 라이트홀드의 빚도 그대로다.,assets/images/npc/noname_char004.png,npc_cpt_story_nyx_holm,ingame_dialog,compact,100,"The door is still standing. The flag still has no name, and the debt from Light Hold is still owed.",[ Nyx Holm ],,
story_dialog_obj_story_030_a,1,[ 닉스 홀름 ],코발의 침묵과 소사의 조건. 둘 다 아직 바깥에 있지. 다음 걸음은 거기서 시작된다.,assets/images/npc/noname_char004.png,npc_cpt_story_nyx_holm,ingame_dialog,compact,100,Koval's silence and Sosa's condition. Both sit outside. They are the next chapter's mouth.,[ Nyx Holm ],,
story_dialog_obj_story_030_b,0,[ 가온 텔라 ],지워진 행성은 아직 찾지 못했다. 그 빈칸은 다음으로 미뤄 두지만 지도를 접을 생각은 없다.,assets/images/npc/noname_char008.png,npc_cpt_story_gaon_tela,ingame_dialog,compact,100,"We still have not found the erased planet. That blank waits for the next step, but I have no intention of folding the map.",[ Gaon Tela ],,
story_dialog_obj_story_030_c,0,[ 닉스 홀름 ],은폐된 진실은 잠시 덮어 둔다. 끝난 게 아니라 같은 편이 하나 생겼을 뿐이다.,assets/images/npc/noname_char004.png,npc_cpt_story_nyx_holm,ingame_dialog,compact,100,"The concealed truth gets set aside for now. It is not over, we simply have a side of our own at last.",[ Nyx Holm ],,
story_dialog_obj_story_030_c,1,[ 닉스 홀름 ],거점은 지킨다. 모자란 건 차차 채워 가면 돼.,assets/images/npc/noname_char004.png,npc_cpt_story_nyx_holm,ingame_dialog,compact,100,"We hold the base. Whatever is missing, we fill in over time.",[ Nyx Holm ],,
npc_dialog_story_kyle_loren,0,[ 카일 로렌 ],포는 준비돼 있다. 용건은 짧게. 나는 함선만 본다.,assets/images/npc/noname_char006.png,npc_cpt_story_kyle_loren,ingame_dialog,compact,100,Fire is standing. Keep talk short. I watch ships.,[ Kyle Loren ],,
npc_dialog_story_mira_schenk,0,[ 미라 솅크 ],장부는 여기 있다. 출처는 묻지 말고. 보여 줄 수 있는 것만 보여 주지.,assets/images/npc/noname_char007.png,npc_cpt_story_mira_schenk,ingame_dialog,compact,100,The ledger is here. Do not ask source. I will show cells only.,[ Mira Schenk ],,
npc_dialog_story_gaon_tela,0,[ 가온 텔라 ],빈칸은 포기하지 않는다. 지도는 아직 열려 있고 이름을 찾지 못했을 뿐이다.,assets/images/npc/noname_char008.png,npc_cpt_story_gaon_tela,ingame_dialog,compact,100,I will not give up on the blank. The map is still open; we just have not found the name yet.,[ Gaon Tela ],,
npc_dialog_story_nyx_holm,0,[ 닉스 홀름 ],문은 닫혀 있다. 여긴 이름을 적지 않으니 용건만 말해라.,assets/images/npc/noname_char004.png,npc_cpt_story_nyx_holm,ingame_dialog,compact,100,The door is shut. I log no names. Speak the errand only.,[ Nyx Holm ],,
npc_dialog_story_seren_vale,0,[ 세렌 베일 ],내 인장은 이 한 줄뿐이다. 나머지 채널은 위조니 끊어라. 나는 보더에 남는다.,assets/images/npc/noname_char005.png,npc_cpt_story_seren_vale,ingame_dialog,compact,100,The seal is this one line. Cut forged bands. I stay on the border.,[ Seren Vale ],,
story_dialog_obj_s034_b,0,[ 베일 훅 ],중력 왜곡이 여기서 항로를 꺾는다. 들어갈 길은 이 한 줄뿐이고 들어온 배엔 식별 신호가 없었다.,assets/images/npc/noname_char003.png,npc_cpt_sq_veil_hook,ingame_dialog,compact,100,The warp folds the lane here. The mouth is this one line. Ships come in with the callsign already blank.,[ Veil Hook ]
story_dialog_obj_s034_b,1,[ 베일 훅 ],순찰 주기는 아직 못 넘긴다. 지금은 입구만 확인해 줘. 출구를 건드리면 호위가 먼저 뜬다.,assets/images/npc/noname_char003.png,npc_cpt_sq_veil_hook,ingame_dialog,compact,100,I will not pass the patrol cycle yet. Mark the mouth only. Open the exit and the escort lifts first.,[ Veil Hook ]
story_dialog_obj_s034_c,0,[ 베일 훅 ],순찰은 열두 박자마다 한 번 돈다. 그 틈에 숨은 거점이 드러나고 출구도 그때만 열린다.,assets/images/npc/noname_char003.png,npc_cpt_sq_veil_hook,ingame_dialog,compact,100,"The patrol turns every twelve beats. In that gap the hidden camp shows, and the exit opens only then.",[ Veil Hook ]
story_dialog_obj_s034_c,1,[ 베일 훅 ],출구는 현상금 사냥꾼이 지키더군. 좌표는 넘겨줬고. 나는 주기만 기록할 뿐이다.,assets/images/npc/noname_char003.png,npc_cpt_sq_veil_hook,ingame_dialog,compact,100,A bounty holds the exit. I already passed the mark. I only keep the cycle.,[ Veil Hook ]
story_dialog_obj_s034_e,0,[ 오렌 바스크 ],신호를 지운 수법이 똑같다. 아르카디아 살인범과 같은 자인데 이름은 여전히 어디에도 없다.,assets/images/npc/noname_char008.png,npc_cpt_sq_orren_bask,ingame_dialog,compact,100,"The signal was wiped the same way. Same hand as the Arcadia killer, and still no name anywhere.",[ Orren Bask ]
story_dialog_obj_s034_e,1,[ 오렌 바스크 ],정식 수사로 올리진 않겠다. 같은 은폐 수법이 캠프까지 왔지만 지워진 신호 건은 여기서 접는다.,assets/images/npc/noname_char008.png,npc_cpt_sq_orren_bask,ingame_dialog,compact,100,"I will not file this as a formal case. The same cover-up reached Camp, but the wiped signal ends here.",[ Orren Bask ]
story_dialog_obj_s035_a,0,[ 켓 미온 ],같은 식별 신호가 장부에 있다. 보급이 비어 나간 날과 날짜가 같다. 흔적은 요새 필드로 이어진다.,assets/images/npc/noname_char006.png,npc_cpt_sq_kett_mion,ingame_dialog,compact,100,The same callsign is in the ledger. It matches the day a supply cell went empty. The tail runs to Fortress Field.,[ Kett Mion ]
story_dialog_obj_s035_a,1,[ 켓 미온 ],장부에 찍힌 이름은 톨린 그레이브. 줄곧 아군 순찰대라고 말해 온 자다. 나는 장부만 대조했을 뿐이다.,assets/images/npc/noname_char006.png,npc_cpt_sq_kett_mion,ingame_dialog,compact,100,"The stamped name is Tolin Grave, the man who always called himself friendly patrol. I only matched the ledger.",[ Kett Mion ]
story_dialog_obj_s035_b,0,[ 톨린 그레이브 ],요새 순찰대다. 나는 이쪽 사람이야. 내 식별 신호는 의심할 것 없다.,assets/images/npc/noname_char005.png,npc_cpt_sq_tolin_grave,ingame_dialog,compact,100,This is fort patrol. I am one of ours. You need not doubt the callsign.,[ Tolin Grave ]
story_dialog_obj_s035_b,1,[ 톨린 그레이브 ],보급이 샜다는 건 사실이 아니다. 아우라 장부 쪽 착오야. 다음 채널에서 증명해 주지.,assets/images/npc/noname_char005.png,npc_cpt_sq_tolin_grave,ingame_dialog,compact,100,Supply did not leak. The Aura ledger is a mistake. The next channel will prove it.,[ Tolin Grave ]
story_dialog_obj_s035_c,0,[ 톨린 그레이브 ],켓의 대조 결과를 들이댈 줄은 몰랐군. 아군 주파수는 닫았다. 이쪽이 내 진짜 채널이다.,assets/images/npc/noname_char005.png,npc_cpt_sq_tolin_grave,ingame_dialog,compact,100,I changed the channel. I closed the friendly band. This is the real patrol.,[ Tolin Grave ]
story_dialog_obj_s035_c,1,[ 톨린 그레이브 ],내 호위가 곧 뜬다. 말은 여기까지고 통신은 이쪽에서 끊겠다.,assets/images/npc/noname_char005.png,npc_cpt_sq_tolin_grave,ingame_dialog,compact,100,"My escort lifts off soon. That is all I have to say, and I am cutting this line.",[ Tolin Grave ]
story_dialog_obj_s035_e,0,[ 닐라 숄 ],보급이 샌 이유는 이걸로 밝혀졌고 아군이라는 말만 믿은 보고서였어. 코어 항로 쪽 이름은 장부에만 남았다.,assets/images/npc/noname_char007.png,npc_cpt_sq_nila_shol,ingame_dialog,compact,100,Why the supply leaked is closed. Friendly patrol is the same as a report. The Core Route name stays in the ledger cell only.,[ Nila Shol ]
story_dialog_obj_s035_e,1,[ 닐라 숄 ],그 이름을 쫓을 사람은 따로 있어. 나는 국경에서 본 것만 증언하고. 요새 기록은 여기까지다.,assets/images/npc/noname_char007.png,npc_cpt_sq_nila_shol,ingame_dialog,compact,100,Another mouth can chase that cell. I file only the border testimony. The fort record ends here.,[ Nila Shol ]
story_dialog_obj_s036_a,0,[ 아이비 켄 ],나는 세 줄의 수수료만 알아. 돈은 진작에 받았고. 누가 시켰는지는 묻지 않았거든.,assets/images/npc/noname_char006.png,npc_cpt_sq_ivy_kenn,ingame_dialog,compact,100,I know only the cut on three lines. I already took the fee. I did not ask who gave the order.,[ Ivy Kenn ]
story_dialog_obj_s036_a,1,[ 아이비 켄 ],원본은 놀 패스가 갖고 있어. 나는 다리만 놨을 뿐이고. 어느 세력인지는 본 적 없거든.,assets/images/npc/noname_char006.png,npc_cpt_sq_ivy_kenn,ingame_dialog,compact,100,Noll has the original. I only fixed the cut. I never saw a flag.,[ Ivy Kenn ]
story_dialog_obj_s036_b,0,[ 놀 패스 ],문제는 이 세 줄이다. 보낸 자리만 비어 있지. 금액은 그대로 적혀 있고.,assets/images/npc/noname_char004.png,npc_cpt_sq_noll_pass,ingame_dialog,compact,100,Three lines. Only the source cells are blank. The sums are still there.,[ Noll Pass ]
story_dialog_obj_s036_b,1,[ 놀 패스 ],사본을 노리는 배가 붙었다. 장부는 아직 내 손에 있다. 저 호위부터 끊어라.,assets/images/npc/noname_char004.png,npc_cpt_sq_noll_pass,ingame_dialog,compact,100,A ship is hunting the copy. The ledger is still mine. Cut the escort first.,[ Noll Pass ]
story_dialog_obj_s036_d,0,[ 놀 패스 ],세 줄 다 소속 없는 계좌로 흘렀다. 주인을 밝힐 수 없는 돈이다. 전표엔 캠프 쪽이라고만 적혀 있다.,assets/images/npc/noname_char004.png,npc_cpt_sq_noll_pass,ingame_dialog,compact,100,The three lines flowed to a flagless side. Money like a mouth with no source. The slip only says toward Camp.,[ Noll Pass ]
story_dialog_obj_s036_d,1,[ 놀 패스 ],내가 아는 건 출처까지다. 누가 받았는지는 여기 없으니 장부는 이 줄에서 끝난다.,assets/images/npc/noname_char004.png,npc_cpt_sq_noll_pass,ingame_dialog,compact,100,"The source is as far as I know. Who took it is not written here, so the ledger ends on this line.",[ Noll Pass ]
story_dialog_obj_s037_a,0,[ 케이드 림 ],상자는 하나뿐이다. 크림슨 쪽 장갑 자국이 남아 있다. 일련번호는 레아에게 넘기겠다.,assets/images/npc/noname_char003.png,npc_cpt_sq_kade_rim,ingame_dialog,compact,100,One crate. A Crimson glove mark is on it. I pass the serial on Rhea's channel.,[ Kade Rim ]
story_dialog_obj_s037_a,1,[ 케이드 림 ],나는 위치만 적는 사람이다. 뚜껑은 열지 않는다. 전표만 챙겨 가라.,assets/images/npc/noname_char003.png,npc_cpt_sq_kade_rim,ingame_dialog,compact,100,I only mark the place. I do not open the lid. Take the slip only.,[ Kade Rim ]
story_dialog_obj_s037_b,0,[ 레아 빈 ],일련번호가 맞아. 아크코어 주파수를 쓰는 조각이고. 요새 호위대 주파수는 아니야.,assets/images/npc/noname_char010.png,npc_cpt_sq_rhea_vin,ingame_dialog,compact,100,The serial matches. It sits on an ArcCore band. It is not the fortress-escort band.,[ Rhea Vin ]
story_dialog_obj_s037_b,1,[ 레아 빈 ],호위가 상자를 지키려 들더군. 격파한 뒤에 사본을 줄게. 지금은 손대지 마.,assets/images/npc/noname_char010.png,npc_cpt_sq_rhea_vin,ingame_dialog,compact,100,An escort means to keep the crate. I give the copy after you break them. Do not touch it now.,[ Rhea Vin ]
story_dialog_obj_s037_d,0,[ 레아 빈 ],이게 사본이야. 아크코어의 조각이 맞고. 적의 심장을 겨눈다는 건 과장이지만.,assets/images/npc/noname_char010.png,npc_cpt_sq_rhea_vin,ingame_dialog,compact,100,This is the copy. It is an ArcCore sliver. Talk of aiming at a heart is overstated.,[ Rhea Vin ]
story_dialog_obj_s037_d,1,[ 레아 빈 ],"이 경로는 캠프까지 이어져. 맞은 건 주파수뿐, 심장은 아니고. 여기서 밝힐 수 있는 건 여기까지다.",assets/images/npc/noname_char010.png,npc_cpt_sq_rhea_vin,ingame_dialog,compact,100,The path continues toward Camp. Only the band matches. It is not a heart. It does not open further here.,[ Rhea Vin ]
story_dialog_obj_s038_a,0,[ 칼 릿지 ],오늘은 수사하러 온 거 아니잖아. 솔라에 빈 정박 자리가 있었다더군. 그 살인사건 얘기 말이야.,assets/images/npc/noname_char004.png,npc_cpt_sq_cal_ridge,ingame_dialog,compact,100,Today is not an investigation. They only say an empty berth sat at Solar. They also say the departure cell was blank.,[ Cal Ridge ]
story_dialog_obj_s038_a,1,[ 칼 릿지 ],그 얘긴 내일 해도 늦지 않다. 잔은 여기 있고. 앉아라.,assets/images/npc/noname_char004.png,npc_cpt_sq_cal_ridge,ingame_dialog,compact,100,The callsign talk is tomorrow. The glass is here. Sit.,[ Cal Ridge ]
story_dialog_obj_s038_b,0,[ 리라 몬 ],살아서 이 관문까지 온 날이야. 전사자 수도 보고도 오늘은 접자. 여기선 그런 걸 묻지 않아.,assets/images/npc/noname_char009.png,npc_cpt_sq_lira_mon,ingame_dialog,compact,100,This is the day you reached this door alive. I fold the combat report and the numbers. I file it in the language of the border.,[ Lira Mon ]
story_dialog_obj_s038_b,1,[ 리라 몬 ],아르카디아 얘기는 말로만 두자. 오늘은 그 기록을 펴지 않아. 관문은 내가 지키고 있으니까.,assets/images/npc/noname_char009.png,npc_cpt_sq_lira_mon,ingame_dialog,compact,100,Arcadia stays in speech only. We do not read that file today. I keep the door.,[ Lira Mon ]
story_dialog_obj_s038_c,0,[ 리라 몬 ],아우라 관문의 하루를 정리해. 출정 이야기는 아직 남겨 두고. 오늘은 거의 비어 있는 날이야.,assets/images/npc/noname_char009.png,npc_cpt_sq_lira_mon,ingame_dialog,compact,100,I file the noise at the Aura gate. The sortie talk stays open. The day is almost empty.,[ Lira Mon ]
story_dialog_obj_s038_c,1,[ 리라 몬 ],칼 릿지 얘긴 흘려들었어. 관문은 아직 닫지 않고. 한 번 더 들러.,assets/images/npc/noname_char009.png,npc_cpt_sq_lira_mon,ingame_dialog,compact,100,I kept Cal's empty-berth words. I do not close the door yet. Come once more.,[ Lira Mon ]
story_dialog_obj_s038_d,0,[ 리라 몬 ],이제 관문을 닫아. 내일의 출정은 내일 걱정하자. 오늘은 여기까지야.,assets/images/npc/noname_char009.png,npc_cpt_sq_lira_mon,ingame_dialog,compact,100,I close the door. Tomorrow's sortie is tomorrow. Today ends here.,[ Lira Mon ]
story_dialog_obj_s038_d,1,[ 리라 몬 ],빈 정박 자리 소문은 접어 두자. 오늘 하루는 수사도 없었고. 돌아올 곳이 있다면 그게 고향이다.,assets/images/npc/noname_char009.png,npc_cpt_sq_lira_mon,ingame_dialog,compact,100,I fold the empty-berth rumor away. I do not investigate. Home is this door.,[ Lira Mon ]
npc_dialog_sq_orren_bask,0,[ 오렌 바스크 ],요새 정보반의 오렌이다. 캠프 방향에 지도에 없는 좌표가 있다. 식별 신호를 지운 배가 드나든다.,assets/images/npc/noname_char008.png,npc_cpt_sq_orren_bask,ingame_dialog,compact,100,Fortress red intel. A black coordinate fell toward Camp. The ship's callsign is wiped.,[ Orren Bask ]
npc_dialog_sq_orren_bask,1,[ 오렌 바스크 ],같은 수법을 솔라에서도 봤다. 출항 기록만 통째로 빈 배였다더군. 나는 그 항구엔 발을 들이지 않는다.,assets/images/npc/noname_char008.png,npc_cpt_sq_orren_bask,ingame_dialog,compact,100,Someone saw that habit at Solar. They also say the departure cell was blank. I will not go to that port.,[ Orren Bask ]
npc_dialog_sq_orren_bask,2,[ 오렌 바스크 ],캠프 왜곡 구역은 베일 훅이 맡는다. 찾아가서 입구부터 확인해라. 정식 수사로는 올리지 마라. 아직은.,assets/images/npc/noname_char008.png,npc_cpt_sq_orren_bask,ingame_dialog,compact,100,Veil Hook keeps the warp-zone record. Mark the camp mouth. Do not open their case file.,[ Orren Bask ]
npc_dialog_sq_veil_hook,0,[ 베일 훅 ],여기가 캠프 왜곡 구역이다. 순찰선 도는 주기를 재고 있고 순찰 용건 아니면 통신은 끊는다.,assets/images/npc/noname_char003.png,npc_cpt_sq_veil_hook,ingame_dialog,compact,100,This is the camp warp zone. I keep the cycle. If it is not patrol, I cut the channel.,[ Veil Hook ]
npc_dialog_sq_nila_shol,0,[ 닐라 숄 ],아우라 장부에서 물자가 새고 있어. 빼돌린 배가 아군 신호를 달았더군. 켓 미온한테 먼저 대조를 맡겨.,assets/images/npc/noname_char007.png,npc_cpt_sq_nila_shol,ingame_dialog,compact,100,A supply cell is leaking from the Aura ledger. The callsign is stamped like an ally. Cross-check with Kett first.,[ Nila Shol ]
npc_dialog_sq_nila_shol,1,[ 닐라 숄 ],나는 흔적만 쫓는 사람이야. 아군 도장이 찍혔다고 믿지는 마. 정체를 밝히는 건 켓의 몫이고.,assets/images/npc/noname_char007.png,npc_cpt_sq_nila_shol,ingame_dialog,compact,100,I follow the tail only. Do not trust a report stamped friendly. Kett opens the face.,[ Nila Shol ]
npc_dialog_sq_nila_shol,2,[ 닐라 숄 ],매듭은 요새에서 짓겠어. 지금은 장부부터 맞추고. 대조가 끝나면 요새에서 보자.,assets/images/npc/noname_char007.png,npc_cpt_sq_nila_shol,ingame_dialog,compact,100,I will close the testimony at the fort. Match the ledger only for now. When the match is done I go to the fort.,[ Nila Shol ]
npc_dialog_sq_tolin_grave,0,[ 톨린 그레이브 ],요새 순찰대 톨린이다. 용건 없으면 통신 끊겠다. 여긴 아군 채널이야. 걱정 말고.,assets/images/npc/noname_char005.png,npc_cpt_sq_tolin_grave,ingame_dialog,compact,100,"Fort patrol. If you have no business, I cut it. This is a friendly channel.",[ Tolin Grave ]
npc_dialog_sq_noll_pass,0,[ 놀 패스 ],장부 세 줄이 비어 있다. 금액은 적혀 있는데 보낸 자가 없지. 수수료는 아이비 켄이 안다.,assets/images/npc/noname_char004.png,npc_cpt_sq_noll_pass,ingame_dialog,compact,100,Three lines are blank. The sums are there. The source is not. Ask Ivy for the cut.,[ Noll Pass ]
npc_dialog_sq_noll_pass,1,[ 놀 패스 ],장부엔 실명이 없다. 피 냄새도 없지. 수수료만 남았다. 원본은 내가 쥐고 있다.,assets/images/npc/noname_char004.png,npc_cpt_sq_noll_pass,ingame_dialog,compact,100,No real name is in the ledger. Not a blade. Only the cut remains. I hold the original.,[ Noll Pass ]
npc_dialog_sq_noll_pass,2,[ 놀 패스 ],어느 세력 돈이냐고는 묻지 마라. 수수료만 확인하고 돌아와라. 그때 원본을 펴 보이겠다.,assets/images/npc/noname_char004.png,npc_cpt_sq_noll_pass,ingame_dialog,compact,100,Do not ask for a flag. Confirm the cut and come back. Then I open the original.,[ Noll Pass ]
npc_dialog_sq_ivy_kenn,0,[ 아이비 켄 ],나는 다리만 놓는 사람이야. 오가는 이름은 적지 않고. 수수료는 진작에 받아 뒀거든.,assets/images/npc/noname_char006.png,npc_cpt_sq_ivy_kenn,ingame_dialog,compact,100,I only fix cuts. I keep no names. The fee is already mine.,[ Ivy Kenn ]
npc_dialog_sq_rhea_vin,0,[ 레아 빈 ],항로에 상자 하나가 남아 있어. 크림슨 쪽이 이미 손댄 물건이고. 요새 호위대가 쓰는 주파수가 아니다.,assets/images/npc/noname_char010.png,npc_cpt_sq_rhea_vin,ingame_dialog,compact,100,One crate is left on the route. A Crimson hand already touched it. It is not the fortress-escort band.,[ Rhea Vin ]
npc_dialog_sq_rhea_vin,1,[ 레아 빈 ],일련번호는 내가 대조할게. 너는 상자 위치만 확인해 줘. 뚜껑은 절대 열지 마.,assets/images/npc/noname_char010.png,npc_cpt_sq_rhea_vin,ingame_dialog,compact,100,I open the serial later. Confirm the crate only for now. Do not open the contents.,[ Rhea Vin ]
npc_dialog_sq_rhea_vin,2,[ 레아 빈 ],사본은 일 끝나고 넘길게. 케이드 림한테 위치부터 받아 줘. 주파수 얘기는 그다음이고.,assets/images/npc/noname_char010.png,npc_cpt_sq_rhea_vin,ingame_dialog,compact,100,I give the copy after. Mark the place with Kade first. I speak the band later.,[ Rhea Vin ]
npc_dialog_sq_kade_rim,0,[ 케이드 림 ],나는 상자 일련번호만 적는다. 안에 뭐가 들었는지는 안 본다. 나머지는 레아에게 넘겨라.,assets/images/npc/noname_char003.png,npc_cpt_sq_kade_rim,ingame_dialog,compact,100,I only log crate serials. I do not look inside. Pass it on Rhea's channel.,[ Kade Rim ]
npc_dialog_sq_lira_mon,0,[ 리라 몬 ],오늘은 보고서 쓰러 온 게 아니잖아. 칼 릿지 옆자리가 비어 있어. 전과도 손실도 오늘은 세지 말자.,assets/images/npc/noname_char009.png,npc_cpt_sq_lira_mon,ingame_dialog,compact,100,Today is not a sortie file. Sit with Cal. This is not a place to count the numbers.,[ Lira Mon ]
npc_dialog_sq_lira_mon,1,[ 리라 몬 ],나는 이 관문 기록을 맡고 있어. 여기선 다들 말을 아껴. 국경이니까. 고향 얘기는 서로 묻지 않고.,assets/images/npc/noname_char009.png,npc_cpt_sq_lira_mon,ingame_dialog,compact,100,I keep the Aura gate. I file the day in the language of the border. I will not open the Arcadia file.,[ Lira Mon ]
npc_dialog_sq_lira_mon,2,[ 리라 몬 ],관문은 내가 닫을 테니 서두르지 마. 우선 잔부터 내려놓고 앉아. 정박 자리 소문은 칼 릿지가 알아.,assets/images/npc/noname_char009.png,npc_cpt_sq_lira_mon,ingame_dialog,compact,100,I close the door later. Set the glass down first. Cal knows the empty-berth rumor.,[ Lira Mon ]
npc_dialog_sq_kett_mion,0,[ 켓 미온 ],아우라 국경 장부를 맡고 있다. 내 일은 식별 신호 대조뿐이니 장부에 없는 얘기면 여기까지다.,assets/images/npc/noname_char006.png,npc_cpt_sq_kett_mion,ingame_dialog,compact,100,"I keep the Aura border ledger. My job is matching ID signals, nothing more, so if it is not in the ledger, we are done.", I cut it.,[ Kett Mion ]
npc_dialog_sq_cal_ridge,0,[ 칼 릿지 ],아우라 국경의 술집이다. 오늘은 출격 얘기 안 해도 된다. 잔부터 내려놓고 앉아라.,assets/images/npc/noname_char004.png,npc_cpt_sq_cal_ridge,ingame_dialog,compact,100,This is the Aura bar. Today is not combat. Set the glass down first.,[ Cal Ridge ]
npc_dialog_orbit_comm_refuse_hostile,0,[ 적대 채널 ],통신 요청을 거부한다. 이 주파수는 닫혔다.,assets/images/npc/noname_char006.png,,ingame_dialog,compact,100,Comm request denied. This frequency is closed.,[ Hostile Channel ]
npc_dialog_orbit_comm_refuse_unidentified,0,[ 미식별 함선 ],식별 신호가 없다. 통신을 거부한다.,assets/images/npc/noname_char004.png,,ingame_dialog,compact,100,No identification signal. Comm request denied.,[ Unidentified Ship ]
npc_dialog_default__revisit,0,[ 함장 ],다시 뵙는군요 [닉네임]님. 이전 통신이 남아 있습니다. {orbitCommLastPlanetName}에서 본 신호가 맞다면 그때 그 함입니다. 용건이 생기면 다시 호출하십시오.,assets/images/npc/noname_char003.png,,ingame_dialog,compact,100,"Good to see you again, [Pilot]. Our last comms are still on record. If the signal from {orbitCommLastPlanetName} matches, this is that same ship. Call again if something comes up.",[ Captain ]
npc_dialog_arc_transport_temp__revisit,0,[ 아크수송선단 ],재접속 확인. 이 채널로 이미 말한 적 있다. 화물·항로 연동은 아직이다. {orbitCommLastPlanetName} 쪽 신호가 남아 있으면 그 항로다.,assets/images/npc/noname_char004.png,,ingame_dialog,compact,100,"Reconnect confirmed. We've spoken on this channel. Cargo and route links are still pending. If a signal from {orbitCommLastPlanetName} remains, that is the lane.",[ Arc Transport Fleet ]
npc_dialog_mireille__revisit,0,[ 미레유 보스 ],다시 잡힌다. 경고는 이미 보냈다. {orbitCommLastPlanetName}에서 본 함이면 도발만 하지 마라. 통과는 유지한다.,assets/images/npc/noname_char006.png,npc_cpt_mireille,ingame_dialog,compact,100,"I have you again. The warning already went out. If this is the ship I saw at {orbitCommLastPlanetName}, do not provoke. Passage still stands.",[ Boss Mireille ]
npc_dialog_orin__revisit,0,[ 오린 케이드 ],재식별이다. 약한 신호는 여전히 무시한다. {orbitCommLastPlanetName}에서 본 함이면 위협만 말하라. 잡담은 본부다.,assets/images/npc/noname_char007.png,npc_cpt_orin,ingame_dialog,compact,100,"Re-identified. I still ignore weak signals. If this is the ship from {orbitCommLastPlanetName}, speak only threats. Chatter stays at HQ.",[ Orin Cade ]
npc_dialog_sela__revisit,0,[ 셀라 모른 ],호송 채널 재접속. 이미 거리를 말한 적 있다. {orbitCommLastPlanetName}에서 본 함이면 그 거리를 유지하라. 선공은 하지 않는다.,assets/images/npc/noname_char008.png,npc_cpt_sela,ingame_dialog,compact,100,"Escort channel, reconnect. I already told you the distance. If this is the ship from {orbitCommLastPlanetName}, keep it. We still will not strike first.",[ Sela Morn ]
npc_dialog_anomaly_researcher,0,[ 이상현상 연구원 ],"이상현상 조사반이다. 유물일 수도, 위협일 수도 있다. 정체는 수색으로만 확인된다.",assets/images/npc/noname_char003.png,npc_cpt_anomaly_researcher,ingame_dialog,compact,100,"Anomaly survey team. It may be a relic, or a threat. Only salvage will name it.",[ Anomaly Researcher ]
npc_dialog_anomaly_researcher,1,[ 이상현상 연구원 ],이 행성 잔해를 수색하라. 공개 전에는 더 말하지 않는다. 수락하면 조사를 맡기겠다.,assets/images/npc/noname_char003.png,npc_cpt_anomaly_researcher,ingame_dialog,compact,100,Search the wrecks on this planet. I will not say more before it is revealed. Accept and I will leave the survey with you.,[ Anomaly Researcher ],[ 수락 ],[ Accept ]
npc_dialog_anomaly_researcher_abandon,0,[ 이상현상 연구원 ],조사는 아직 끝나지 않았다. 중단하면 이 건은 즉시 닫힌다. 이미 건진 유물은 회수한다.,assets/images/npc/noname_char003.png,npc_cpt_anomaly_researcher,ingame_dialog,compact,100,The survey is not finished. Stop it and this case closes at once. Any recovered relic is reclaimed.,[ Anomaly Researcher ]
npc_dialog_anomaly_researcher_abandon,1,[ 이상현상 연구원 ],여기서 조사를 멈출 수 있다. 재개 방법은 없다. 다음 이상현상을 기다려라.,assets/images/npc/noname_char003.png,npc_cpt_anomaly_researcher,ingame_dialog,compact,100,You can stop the survey here. There is no resume. Wait for the next anomaly.,[ Anomaly Researcher ],[ 조사 중단 ],[ Abort Survey ]
story_dialog_obj_s056_a,0,[ 렌 코일 ],출정 전야에 문이 잠겼다. 항로는 한 줄뿐인데 통행이 없고 잠근 자의 이름은 장부에 없다.,assets/images/npc/noname_char008.png,npc_cpt_sq_ren_coil,ingame_dialog,compact,100,"The door locked on the eve of the sortie. One lane, and nothing moves on it, and no name for who locked it.",[ Ren Coil ]
story_dialog_obj_s056_a,1,[ 렌 코일 ],펄 채굴지로 가라. 마야 벨트가 문을 대조한다. 나는 글로우에서 따라간다.,assets/images/npc/noname_char008.png,npc_cpt_sq_ren_coil,ingame_dialog,compact,100,Go to Pearl. Maya Belt matches the door. I will follow from Glow.,[ Ren Coil ]
story_dialog_obj_s056_c,0,[ 마야 벨트 ],문은 여기 있다. 연 기록은 없고 잠근 기록만 있는데 누가 잠갔는지는 적혀 있지 않다.,assets/images/npc/noname_char006.png,npc_cpt_sq_maya_belt,ingame_dialog,compact,100,"The door is here. There is a lock record but no open record, and who locked it is not written.",[ Maya Belt ]
story_dialog_obj_s056_c,1,[ 마야 벨트 ],궤도에 차단용 배가 떠 있다. 문을 건드리면 그 배가 먼저 뜰 테니 나는 장부만 지키겠다.,assets/images/npc/noname_char006.png,npc_cpt_sq_maya_belt,ingame_dialog,compact,100,"A blockade ship sits in orbit. Touch the door and it lifts off first, so I keep to the ledger.",[ Maya Belt ]
story_dialog_obj_s056_e,0,[ 렌 코일 ],문은 열렸다. 잠근 자는 끝내 이름이 없고 출정 전야의 차단은 여기까지다.,assets/images/npc/noname_char008.png,npc_cpt_sq_ren_coil,ingame_dialog,compact,100,"The door is open. Whoever locked it still has no name, and the eve-of-sortie block ends here.",[ Ren Coil ]
story_dialog_obj_s056_e,1,[ 렌 코일 ],정식 보고로는 올리지 않는다. 이름은 장부에 없고. 이 건은 펄에서 접는다.,assets/images/npc/noname_char008.png,npc_cpt_sq_ren_coil,ingame_dialog,compact,100,I will not file it upward. No name is on the ledger. The case folds at Pearl.,[ Ren Coil ]
story_dialog_obj_s057_a,0,[ 조르 핀 ],지휘석이 매물이다. 앉을 이름은 비어 있고. 가격만 적혀 있다.,assets/images/npc/noname_char004.png,npc_cpt_sq_jor_finn,ingame_dialog,compact,100,A command chair is listed. The sitter cell is blank. Only the price is written.,[ Jor Finn ]
story_dialog_obj_s057_a,1,[ 조르 핀 ],인수는 비콘에서 한다. 전표는 셀 베인이 볼 거고 나는 의자만 판다.,assets/images/npc/noname_char004.png,npc_cpt_sq_jor_finn,ingame_dialog,compact,100,The handoff is at Beacon. Sel Vane will read the slip. I only sell the chair.,[ Jor Finn ]
story_dialog_obj_s057_c,0,[ 셀 베인 ],전표의 이름 칸이 비어 있다. 의자만 왔고 사람은 오지 않았으니 나는 그 공란만 확인한다.,assets/images/npc/noname_char003.png,npc_cpt_sq_sel_vane,ingame_dialog,compact,100,"The name cell on the slip is blank. The chair came, the person did not, so I confirm only that blank.",[ Sel Vane ]
story_dialog_obj_s057_c,1,[ 셀 베인 ],호위가 매물을 지키고 있다. 격파한 뒤에 접을 수 있다. 지금은 전표만 보여라.,assets/images/npc/noname_char003.png,npc_cpt_sq_sel_vane,ingame_dialog,compact,100,An escort is holding the listing. It can fold after you break them. Show the slip only for now.,[ Sel Vane ]
story_dialog_obj_s057_e,0,[ 조르 핀 ],의자는 팔렸다. 앉을 이름은 끝내 나오지 않았고 빈 지휘석 건은 여기서 접는다.,assets/images/npc/noname_char004.png,npc_cpt_sq_jor_finn,ingame_dialog,compact,100,"The chair sold. No name ever came to sit in it, and the vacant command ends here.",[ Jor Finn ]
story_dialog_obj_s057_e,1,[ 조르 핀 ],누가 샀는지는 적지 않는다. 나는 매물만 닫고. 비콘 기록은 여기까지다.,assets/images/npc/noname_char004.png,npc_cpt_sq_jor_finn,ingame_dialog,compact,100,I do not write who bought it. I close the listing only. The Beacon record ends here.,[ Jor Finn ]
story_dialog_obj_s058_a,0,[ 하스 퀸 ],장부 합이 맞지 않는다. 빠진 건 숫자 한 줄인데 그 줄에 적힌 사람이 없다.,assets/images/npc/noname_char005.png,npc_cpt_sq_has_quinn,ingame_dialog,compact,100,"The ledger does not add up. One line of numbers is missing, and no person is written on it.",[ Has Quinn ]
story_dialog_obj_s058_a,1,[ 하스 퀸 ],사본은 카론에 있다. 이바 렌이 대조해 줄 거고 나는 틀린 칸만 표시한다.,assets/images/npc/noname_char005.png,npc_cpt_sq_has_quinn,ingame_dialog,compact,100,"The copy is at Charon. Iva Wren will match it, and I only mark the wrong cell.",[ Has Quinn ]
story_dialog_obj_s058_c,0,[ 이바 렌 ],사본도 같은 칸이 비어 있다. 합을 맞춰 봐도 사람은 나오지 않고 빈 숫자는 빈 숫자로 남는다.,assets/images/npc/noname_char007.png,npc_cpt_sq_iva_wren,ingame_dialog,compact,100,The copy has the same blank cell. Balance the sum and still no person appears. An empty number stays an empty number.,[ Iva Wren ]
story_dialog_obj_s058_c,1,[ 이바 렌 ],현상금이 사본을 노린다. 격파한 뒤에 접어라. 나는 대조만 한다.,assets/images/npc/noname_char007.png,npc_cpt_sq_iva_wren,ingame_dialog,compact,100,A bounty is hunting the copy. Fold it after you break them. I only match.,[ Iva Wren ]
story_dialog_obj_s058_e,0,[ 하스 퀸 ],숫자가 틀린 이유는 이거다. 빠진 줄은 사람이 아니었으니 장부는 여기서 접는다.,assets/images/npc/noname_char005.png,npc_cpt_sq_has_quinn,ingame_dialog,compact,100,"So that is why the numbers were wrong. The missing line was never a person, and the ledger closes here.",[ Has Quinn ]
story_dialog_obj_s058_e,1,[ 하스 퀸 ],이름을 올리지 않는다. 숫자는 숫자로 남고. 카론 기록은 여기까지다.,assets/images/npc/noname_char005.png,npc_cpt_sq_has_quinn,ingame_dialog,compact,100,I will not file a name. The number stays a number. The Charon record ends here.,[ Has Quinn ]
story_dialog_obj_s059_a,0,[ 펙 소린 ],통신 주파수가 복사됐다. 주인의 목소리는 아니고 남은 건 주파수 숫자뿐이다.,assets/images/npc/noname_char010.png,npc_cpt_sq_peck_sorin,ingame_dialog,compact,100,"A comm frequency was copied. It is not the owner's voice, only the frequency number remains.",[ Peck Sorin ]
story_dialog_obj_s059_a,1,[ 펙 소린 ],인수는 마크에서 한다. 전표는 다인 로가 볼 거고 나는 관측만 한다.,assets/images/npc/noname_char010.png,npc_cpt_sq_peck_sorin,ingame_dialog,compact,100,The handoff is at Mark. Dain Rho will read the slip. I only observe.,[ Peck Sorin ]
story_dialog_obj_s059_c,0,[ 다인 로 ],전표의 주인 칸이 비어 있다. 주파수만 왔고 목소리는 오지 않았으니 나는 그 공란만 확인한다.,assets/images/npc/noname_char009.png,npc_cpt_sq_dain_rho,ingame_dialog,compact,100,"The owner cell on the slip is blank. The frequency came, the voice did not, so I confirm only that blank.",[ Dain Rho ]
story_dialog_obj_s059_c,1,[ 다인 로 ],호위가 대역을 지키고 있다. 격파한 뒤에 접을 수 있다. 지금은 전표만 보여라.,assets/images/npc/noname_char009.png,npc_cpt_sq_dain_rho,ingame_dialog,compact,100,An escort is holding the band. It can fold after you break them. Show the slip only for now.,[ Dain Rho ]
story_dialog_obj_s059_e,0,[ 펙 소린 ],복사본은 주인의 목소리가 아니다. 누가 훔쳤는지는 여기 없으니 훔친 주파수 건은 여기서 접는다.,assets/images/npc/noname_char010.png,npc_cpt_sq_peck_sorin,ingame_dialog,compact,100,"The copy is not the owner's voice. Who stole it is not written here, so the stolen frequency case ends here.",[ Peck Sorin ]
story_dialog_obj_s059_e,1,[ 펙 소린 ],원본을 열지 않는다. 주파수만 남기고. 마크 기록은 여기까지다.,assets/images/npc/noname_char010.png,npc_cpt_sq_peck_sorin,ingame_dialog,compact,100,I will not open the original. Only the frequency remains. The Mark record ends here.,[ Peck Sorin ]
story_dialog_obj_s060_c,0,[ 오사 펠 ],상자의 출항 칸이 비어 있다. 물건은 있는데 이름은 없으니 나는 그 공란만 본다.,assets/images/npc/noname_char004.png,npc_cpt_sq_osa_pell,ingame_dialog,compact,100,"The departure cell on the crate is blank. The goods are here but the name is not, so I look only at that blank.",[ Osa Pell ]
story_dialog_obj_s060_c,1,[ 오사 펠 ],이름을 채우지 마라. 채운 상자는 회수된다. 공란을 그대로 보여라.,assets/images/npc/noname_char004.png,npc_cpt_sq_osa_pell,ingame_dialog,compact,100,Do not fill a name. A filled crate is reclaimed. Show the blank as it is.,[ Osa Pell ]
story_dialog_obj_s060_d,0,[ 오사 펠 ],나는 이름을 묻지 않는다. 이 항로의 인수는 그렇게 하는 거고 공란은 닫힌 문이다.,assets/images/npc/noname_char004.png,npc_cpt_sq_osa_pell,ingame_dialog,compact,100,"I do not ask for a name. That is how a handoff works on this lane, and a blank is a closed door.",[ Osa Pell ]
story_dialog_obj_s060_d,1,[ 오사 펠 ],미르 켈이 곧 도착한다. 상자는 여기서 넘어가고 나는 인수 도장만 찍는다.,assets/images/npc/noname_char004.png,npc_cpt_sq_osa_pell,ingame_dialog,compact,100,"Mir Kell arrives shortly. The crate passes hands here, and I only stamp the handoff.",[ Osa Pell ]
story_dialog_obj_s060_e,0,[ 미르 켈 ],상자는 넘어갔다. 출항 칸은 끝내 비어 있었고 공란이 찍힌 건은 여기서 접는다.,assets/images/npc/noname_char003.png,npc_cpt_sq_mir_kell,ingame_dialog,compact,100,"The crate has passed. The departure cell stayed blank to the end, and the blank-cell case closes here.",[ Mir Kell ]
story_dialog_obj_s060_e,1,[ 미르 켈 ],이름을 올리지 않는다. 식량은 남고. 글레이 기록은 여기까지다.,assets/images/npc/noname_char003.png,npc_cpt_sq_mir_kell,ingame_dialog,compact,100,I will not file a name. The food remains. The Gray record ends here.,[ Mir Kell ]
story_dialog_obj_s061_c,0,[ 넬 케이 ],봉인은 그대로다. 열린 적 없고 내용 기록도 없으니 나는 인장만 본다.,assets/images/npc/noname_char008.png,npc_cpt_sq_nell_kay,ingame_dialog,compact,100,"The seal is intact. It was never opened and no contents are listed, so I look only at the stamp.",[ Nell Kay ]
story_dialog_obj_s061_c,1,[ 넬 케이 ],뚜껑을 열지 마라. 연 인수는 목록에서 지워진다. 봉인만 보여라.,assets/images/npc/noname_char008.png,npc_cpt_sq_nell_kay,ingame_dialog,compact,100,Do not open the lid. An opened handoff is erased from the list. Show the seal only.,[ Nell Kay ]
story_dialog_obj_s061_d,0,[ 넬 케이 ],열지 않는 것이 이 인수다. 속이 무엇이든 여기엔 적히지 않고 봉인 자체가 정본이다.,assets/images/npc/noname_char008.png,npc_cpt_sq_nell_kay,ingame_dialog,compact,100,Not opening it is the handoff. Whatever is inside is not written here. The seal itself is the record.,[ Nell Kay ]
story_dialog_obj_s061_d,1,[ 넬 케이 ],브린 택이 곧 도착한다. 인수는 여기서 넘어가고 나는 인장만 찍는다.,assets/images/npc/noname_char008.png,npc_cpt_sq_nell_kay,ingame_dialog,compact,100,"Brin Tack arrives shortly. The handoff passes here, and I only stamp the seal.",[ Nell Kay ]
story_dialog_obj_s061_e,0,[ 브린 택 ],인수는 넘어갔다. 봉인은 끝까지 열리지 않았으니 이 건은 루나에서 접는다.,assets/images/npc/noname_char006.png,npc_cpt_sq_brin_tack,ingame_dialog,compact,100,"The handoff has passed. The seal was never opened, so this case closes at Luna.",[ Brin Tack ]
story_dialog_obj_s061_e,1,[ 브린 택 ],내용물은 올리지 않는다. 기술은 남고. 루나 기록은 여기까지다.,assets/images/npc/noname_char006.png,npc_cpt_sq_brin_tack,ingame_dialog,compact,100,I will not file the contents. The tech remains. The Luna record ends here.,[ Brin Tack ]
story_dialog_obj_s062_c,0,[ 시라 멕 ],영수증의 이름 칸이 비어 있다. 광물은 있는데 보낸 자는 없으니 나는 그 공란만 본다.,assets/images/npc/noname_char007.png,npc_cpt_sq_sira_mek,ingame_dialog,compact,100,"The name cell on the receipt is blank. The ore is here but no sender is, so I look only at that blank.",[ Sira Mek ]
story_dialog_obj_s062_c,1,[ 시라 멕 ],이름을 채우지 마라. 채운 전표는 회수된다. 공란을 그대로 보여라.,assets/images/npc/noname_char007.png,npc_cpt_sq_sira_mek,ingame_dialog,compact,100,Do not fill a name. A filled slip is reclaimed. Show the blank as it is.,[ Sira Mek ]
story_dialog_obj_s062_d,0,[ 시라 멕 ],공란은 그대로 둔다. 이 항로의 전표는 원래 그런 거고 이름은 정본이 아니다.,assets/images/npc/noname_char007.png,npc_cpt_sq_sira_mek,ingame_dialog,compact,100,"The blank stays as it is. That is how slips are on this lane, and a name is not the record.",[ Sira Mek ]
story_dialog_obj_s062_d,1,[ 시라 멕 ],카엘 본이 곧 도착한다. 전표는 여기서 넘어가고 나는 인수 도장만 찍는다.,assets/images/npc/noname_char007.png,npc_cpt_sq_sira_mek,ingame_dialog,compact,100,"Kael Vonn arrives shortly. The slip passes hands here, and I only stamp the handoff.",[ Sira Mek ]
story_dialog_obj_s062_e,0,[ 카엘 본 ],전표는 넘어갔다. 이름은 끝내 나오지 않았으니 이름 없는 영수증은 여기서 접는다.,assets/images/npc/noname_char005.png,npc_cpt_sq_kael_vonn,ingame_dialog,compact,100,"The slip has passed. No name ever surfaced, so the nameless receipt closes here.",[ Kael Vonn ]
story_dialog_obj_s062_e,1,[ 카엘 본 ],보낸 자를 올리지 않는다. 광물은 남고. 오리온 기록은 여기까지다.,assets/images/npc/noname_char005.png,npc_cpt_sq_kael_vonn,ingame_dialog,compact,100,I will not file a sender. The ore remains. The Orion record ends here.,[ Kael Vonn ]
story_dialog_obj_s063_a,0,[ 에브 홀트 ],봉투는 봉인돼 있다. 열지 마라. 속은 여기 적히지 않는다.,assets/images/npc/noname_char009.png,npc_cpt_sq_ev_holt,ingame_dialog,compact,100,The envelope is sealed. Do not open it. The inside is not written here.,[ Ev Holt ]
story_dialog_obj_s063_a,1,[ 에브 홀트 ],인수는 솔에서 한다. 봉인은 토마 케일이 볼 거고 나는 봉투만 건넨다.,assets/images/npc/noname_char009.png,npc_cpt_sq_ev_holt,ingame_dialog,compact,100,The handoff is at Sol. Toma Kale will check the seal. I only hand over the envelope.,[ Ev Holt ]
story_dialog_obj_s063_c,0,[ 토마 케일 ],봉인은 그대로다. 열린 적 없고 속도 적혀 있지 않으니 나는 인장만 본다.,assets/images/npc/noname_char010.png,npc_cpt_sq_toma_kale,ingame_dialog,compact,100,"The seal is intact. Never opened, and nothing inside is listed, so I look only at the stamp.",[ Toma Kale ]
story_dialog_obj_s063_c,1,[ 토마 케일 ],열어 달라고 하지 마라. 연 봉투는 사라진다. 봉인만 보여라.,assets/images/npc/noname_char010.png,npc_cpt_sq_toma_kale,ingame_dialog,compact,100,Do not ask me to open it. An opened envelope disappears. Show the seal only.,[ Toma Kale ]
story_dialog_obj_s063_d,0,[ 토마 케일 ],봉투는 받았다. 속은 열지 않았고 이 인수는 봉인이 전부다.,assets/images/npc/noname_char010.png,npc_cpt_sq_toma_kale,ingame_dialog,compact,100,"I have the envelope. I did not open it, and the seal is the whole handoff.",[ Toma Kale ]
story_dialog_obj_s063_d,1,[ 토마 케일 ],에브 홀트가 곧 도착한다. 이 건은 여기서 넘어가고 나는 인장만 찍는다.,assets/images/npc/noname_char010.png,npc_cpt_sq_toma_kale,ingame_dialog,compact,100,"Ev Holt arrives shortly. This case passes hands here, and I only stamp the seal.",[ Toma Kale ]
story_dialog_obj_s063_e,0,[ 에브 홀트 ],봉투는 넘어갔다. 속은 끝내 열리지 않았으니 열지 않는 봉투 건은 여기서 접는다.,assets/images/npc/noname_char009.png,npc_cpt_sq_ev_holt,ingame_dialog,compact,100,"The envelope has passed. Its inside was never opened, so the unopened envelope closes here.",[ Ev Holt ]
story_dialog_obj_s063_e,1,[ 에브 홀트 ],내용을 올리지 않는다. 봉인만 남고. 솔 기록은 여기까지다.,assets/images/npc/noname_char009.png,npc_cpt_sq_ev_holt,ingame_dialog,compact,100,I will not file the contents. Only the seal remains. The Sol record ends here.,[ Ev Holt ]
npc_dialog_sq_ren_coil,0,[ 렌 코일 ],글로우 국경에서 장부를 맡는다. 출정 전 막힌 문을 적는 칸만 지키고 이름은 올리지 않는다.,assets/images/npc/noname_char008.png,npc_cpt_sq_ren_coil,ingame_dialog,compact,100,"I keep the ledger at the Glow border. My only cell is doors blocked before a sortie, and I file no name.",[ Ren Coil ]
npc_dialog_sq_ren_coil,1,[ 렌 코일 ],용건이 있으면 짧게 말하라. 장부 밖 이야기는 듣지 않는다. 항로는 그대로다.,assets/images/npc/noname_char008.png,npc_cpt_sq_ren_coil,ingame_dialog,compact,100,"If you have business, keep it short. I will not hear talk off the ledger. The lane stays as it is.",[ Ren Coil ]
npc_dialog_sq_ren_coil,2,[ 렌 코일 ],수락하면 바로 이동이 시작된다. 수행지는 다른 성계이고 나는 여기서 문을 열어 주겠다.,assets/images/npc/noname_char008.png,npc_cpt_sq_ren_coil,ingame_dialog,compact,100,"Accept, and the travel begins at once. The work is in another system, and I will open the door from here.",[ Ren Coil ]
npc_dialog_sq_maya_belt,0,[ 마야 벨트 ],펄 채굴지에서 장부를 맡는다. 막힌 문을 적는 칸만 지키고 이름은 올리지 않는다.,assets/images/npc/noname_char006.png,npc_cpt_sq_maya_belt,ingame_dialog,compact,100,"I keep the ledger at the Pearl mining site. My only cell is the blocked door, and I file no name.",[ Maya Belt ]
npc_dialog_sq_maya_belt,1,[ 마야 벨트 ],용건이 있으면 짧게 말하라. 장부 밖 이야기는 듣지 않는다. 항로는 그대로다.,assets/images/npc/noname_char006.png,npc_cpt_sq_maya_belt,ingame_dialog,compact,100,"If you have business, keep it short. I will not hear talk off the ledger. The lane stays as it is.",[ Maya Belt ]
npc_dialog_sq_maya_belt,2,[ 마야 벨트 ],수락하면 바로 이동이 시작된다. 수행지는 다른 성계이고 나는 여기서 문을 열어 주겠다.,assets/images/npc/noname_char006.png,npc_cpt_sq_maya_belt,ingame_dialog,compact,100,"Accept, and the travel begins at once. The work is in another system, and I will open the door from here.",[ Maya Belt ]
npc_dialog_sq_jor_finn,0,[ 조르 핀 ],포지에서 빈 지휘석을 매물로 올린다. 나는 그 매물 칸만 지키고 이름은 올리지 않는다.,assets/images/npc/noname_char004.png,npc_cpt_sq_jor_finn,ingame_dialog,compact,100,"At Forge I list an empty command chair. I keep only that listing cell, and I file no name.",[ Jor Finn ]
npc_dialog_sq_jor_finn,1,[ 조르 핀 ],용건이 있으면 짧게 말하라. 장부 밖 이야기는 듣지 않는다. 항로는 그대로다.,assets/images/npc/noname_char004.png,npc_cpt_sq_jor_finn,ingame_dialog,compact,100,"If you have business, keep it short. I will not hear talk off the ledger. The lane stays as it is.",[ Jor Finn ]
npc_dialog_sq_jor_finn,2,[ 조르 핀 ],수락하면 바로 이동이 시작된다. 수행지는 다른 성계이고 나는 여기서 문을 열어 주겠다.,assets/images/npc/noname_char004.png,npc_cpt_sq_jor_finn,ingame_dialog,compact,100,"Accept, and the travel begins at once. The work is in another system, and I will open the door from here.",[ Jor Finn ]
npc_dialog_sq_sel_vane,0,[ 셀 베인 ],비콘에서 인수 장부를 맡는다. 빈 지휘석 매물 칸만 지키고 이름은 올리지 않는다.,assets/images/npc/noname_char003.png,npc_cpt_sq_sel_vane,ingame_dialog,compact,100,"I keep the handoff ledger at Beacon. My only cell is the empty command listing, and I file no name.",[ Sel Vane ]
npc_dialog_sq_sel_vane,1,[ 셀 베인 ],용건이 있으면 짧게 말하라. 장부 밖 이야기는 듣지 않는다. 항로는 그대로다.,assets/images/npc/noname_char003.png,npc_cpt_sq_sel_vane,ingame_dialog,compact,100,"If you have business, keep it short. I will not hear talk off the ledger. The lane stays as it is.",[ Sel Vane ]
npc_dialog_sq_sel_vane,2,[ 셀 베인 ],수락하면 바로 출발이다. 일할 곳은 다른 성계지만 문은 내가 여기서 열어 주겠다.,assets/images/npc/noname_char003.png,npc_cpt_sq_sel_vane,ingame_dialog,compact,100,"Accept and you leave at once. The job is in another system, but I open the door from here.",[ Sel Vane ]
npc_dialog_sq_has_quinn,0,[ 하스 퀸 ],마크 항로 장부에서 어긋난 숫자를 대조하는 게 내 일이다. 그 칸만 지키고 이름은 안 올린다.,assets/images/npc/noname_char005.png,npc_cpt_sq_has_quinn,ingame_dialog,compact,100,On the Mark lane I check the ledger numbers that do not add up. I keep that cell only and file no name.,[ Has Quinn ]
npc_dialog_sq_has_quinn,1,[ 하스 퀸 ],용건이 있으면 짧게 말하라. 장부 밖 이야기는 듣지 않는다. 항로는 그대로다.,assets/images/npc/noname_char005.png,npc_cpt_sq_has_quinn,ingame_dialog,compact,100,"If you have business, keep it short. I will not hear talk off the ledger. The lane stays as it is.",[ Has Quinn ]
npc_dialog_sq_has_quinn,2,[ 하스 퀸 ],받겠다면 이동은 바로 시작된다. 수행지는 다른 성계고 여기 문은 내가 열어 두지.,assets/images/npc/noname_char005.png,npc_cpt_sq_has_quinn,ingame_dialog,compact,100,"Take it and the trip begins now. The work lies in another system, and I keep this door open for you.",[ Has Quinn ]
npc_dialog_sq_iva_wren,0,[ 이바 렌 ],"카론에서 틀린 숫자의 사본을 맡아 두는 게 내 일이다. 내 몫은 그 칸뿐, 이름은 안 올려.",assets/images/npc/noname_char007.png,npc_cpt_sq_iva_wren,ingame_dialog,compact,100,At Charon I hold the copy of the numbers that came out wrong. That cell is all I keep; I file no name.,[ Iva Wren ]
npc_dialog_sq_iva_wren,1,[ 이바 렌 ],용건이 있으면 짧게 말하라. 장부 밖 이야기는 듣지 않는다. 항로는 그대로다.,assets/images/npc/noname_char007.png,npc_cpt_sq_iva_wren,ingame_dialog,compact,100,"If you have business, keep it short. I will not hear talk off the ledger. The lane stays as it is.",[ Iva Wren ]
npc_dialog_sq_iva_wren,2,[ 이바 렌 ],수락하면 곧바로 이동이다. 가야 할 곳은 다른 성계지만 문은 여기서 내가 열어 준다.,assets/images/npc/noname_char007.png,npc_cpt_sq_iva_wren,ingame_dialog,compact,100,"Accept and we move right away. Where you must go is another system, but the door opens here, by my hand.",[ Iva Wren ]
npc_dialog_sq_peck_sorin,0,[ 펙 소린 ],페가수스에서 도난당한 통신 주파수를 기록해 두고 있다. 그 칸만 지키고 이름은 적지 않아.,assets/images/npc/noname_char010.png,npc_cpt_sq_peck_sorin,ingame_dialog,compact,100,At Pegasus I log the stolen comm frequency. I keep that cell only and write no name.,[ Peck Sorin ]
npc_dialog_sq_peck_sorin,1,[ 펙 소린 ],용건이 있으면 짧게 말하라. 장부 밖 이야기는 듣지 않는다. 항로는 그대로다.,assets/images/npc/noname_char010.png,npc_cpt_sq_peck_sorin,ingame_dialog,compact,100,"If you have business, keep it short. I will not hear talk off the ledger. The lane stays as it is.",[ Peck Sorin ]
npc_dialog_sq_peck_sorin,2,[ 펙 소린 ],수락하면 바로 출발이다. 일할 곳은 다른 성계지만 문은 내가 여기서 열어 주겠다.,assets/images/npc/noname_char010.png,npc_cpt_sq_peck_sorin,ingame_dialog,compact,100,"Accept and you leave at once. The job is in another system, but I open the door from here.",[ Peck Sorin ]
npc_dialog_sq_dain_rho,0,[ 다인 로 ],마크에서 도난당한 주파수의 인수를 맡아 처리한다. 그 칸만 지키고 이름은 안 올린다.,assets/images/npc/noname_char009.png,npc_cpt_sq_dain_rho,ingame_dialog,compact,100,At Mark I handle the handoff of the stolen frequency. I keep that cell only and file no name.,[ Dain Rho ]
npc_dialog_sq_dain_rho,1,[ 다인 로 ],용건이 있으면 짧게 말하라. 장부 밖 이야기는 듣지 않는다. 항로는 그대로다.,assets/images/npc/noname_char009.png,npc_cpt_sq_dain_rho,ingame_dialog,compact,100,"If you have business, keep it short. I will not hear talk off the ledger. The lane stays as it is.",[ Dain Rho ]
npc_dialog_sq_dain_rho,2,[ 다인 로 ],받겠다면 이동은 바로 시작된다. 수행지는 다른 성계고 여기 문은 내가 열어 두지.,assets/images/npc/noname_char009.png,npc_cpt_sq_dain_rho,ingame_dialog,compact,100,"Take it and the trip begins now. The work lies in another system, and I keep this door open for you.",[ Dain Rho ]
npc_dialog_sq_mir_kell,0,[ 미르 켈 ],"제피르에서 공란이 찍힌 상자를 내보내는 게 내 일이다. 내 몫은 그 칸뿐, 이름은 안 올려.",assets/images/npc/noname_char003.png,npc_cpt_sq_mir_kell,ingame_dialog,compact,100,At Zephyr I send out the crates stamped with a blank. That cell is all I keep; I file no name.,[ Mir Kell ]
npc_dialog_sq_mir_kell,1,[ 미르 켈 ],용건이 있으면 짧게 말하라. 장부 밖 이야기는 듣지 않는다. 항로는 그대로다.,assets/images/npc/noname_char003.png,npc_cpt_sq_mir_kell,ingame_dialog,compact,100,"If you have business, keep it short. I will not hear talk off the ledger. The lane stays as it is.",[ Mir Kell ]
npc_dialog_sq_mir_kell,2,[ 미르 켈 ],수락하면 곧바로 이동이다. 가야 할 곳은 다른 성계지만 문은 여기서 내가 열어 준다.,assets/images/npc/noname_char003.png,npc_cpt_sq_mir_kell,ingame_dialog,compact,100,"Accept and we move right away. Where you must go is another system, but the door opens here, by my hand.",[ Mir Kell ]
npc_dialog_sq_osa_pell,0,[ 오사 펠 ],글레이에서 공란 상자를 인수하는 게 내 일이다. 그 칸만 지키고 이름은 적지 않아.,assets/images/npc/noname_char004.png,npc_cpt_sq_osa_pell,ingame_dialog,compact,100,At Gray I take in the blank-stamped crates. I keep that cell only and write no name.,[ Osa Pell ]
npc_dialog_sq_osa_pell,1,[ 오사 펠 ],용건이 있으면 짧게 말하라. 장부 밖 이야기는 듣지 않는다. 항로는 그대로다.,assets/images/npc/noname_char004.png,npc_cpt_sq_osa_pell,ingame_dialog,compact,100,"If you have business, keep it short. I will not hear talk off the ledger. The lane stays as it is.",[ Osa Pell ]
npc_dialog_sq_osa_pell,2,[ 오사 펠 ],수락하면 바로 출발이다. 일할 곳은 다른 성계지만 문은 내가 여기서 열어 주겠다.,assets/images/npc/noname_char004.png,npc_cpt_sq_osa_pell,ingame_dialog,compact,100,"Accept and you leave at once. The job is in another system, but I open the door from here.",[ Osa Pell ]
npc_dialog_sq_brin_tack,0,[ 브린 택 ],아스트라에서 봉인된 기술의 인수를 맡기고 있다. 그 칸만 지키고 이름은 안 올린다.,assets/images/npc/noname_char006.png,npc_cpt_sq_brin_tack,ingame_dialog,compact,100,At Astra I entrust the handoff of the sealed technology. I keep that cell only and file no name.,[ Brin Tack ]
npc_dialog_sq_brin_tack,1,[ 브린 택 ],용건이 있으면 짧게 말하라. 장부 밖 이야기는 듣지 않는다. 항로는 그대로다.,assets/images/npc/noname_char006.png,npc_cpt_sq_brin_tack,ingame_dialog,compact,100,"If you have business, keep it short. I will not hear talk off the ledger. The lane stays as it is.",[ Brin Tack ]
npc_dialog_sq_brin_tack,2,[ 브린 택 ],받겠다면 이동은 바로 시작된다. 수행지는 다른 성계고 여기 문은 내가 열어 두지.,assets/images/npc/noname_char006.png,npc_cpt_sq_brin_tack,ingame_dialog,compact,100,"Take it and the trip begins now. The work lies in another system, and I keep this door open for you.",[ Brin Tack ]
npc_dialog_sq_nell_kay,0,[ 넬 케이 ],"루나에서 봉인 인수를 받아 두는 게 내 일이다. 내 몫은 그 칸뿐, 이름은 안 올려.",assets/images/npc/noname_char008.png,npc_cpt_sq_nell_kay,ingame_dialog,compact,100,At Luna I receive the sealed handoff. That cell is all I keep; I file no name.,[ Nell Kay ]
npc_dialog_sq_nell_kay,1,[ 넬 케이 ],용건이 있으면 짧게 말하라. 장부 밖 이야기는 듣지 않는다. 항로는 그대로다.,assets/images/npc/noname_char008.png,npc_cpt_sq_nell_kay,ingame_dialog,compact,100,"If you have business, keep it short. I will not hear talk off the ledger. The lane stays as it is.",[ Nell Kay ]
npc_dialog_sq_nell_kay,2,[ 넬 케이 ],수락하면 곧바로 이동이다. 가야 할 곳은 다른 성계지만 문은 여기서 내가 열어 준다.,assets/images/npc/noname_char008.png,npc_cpt_sq_nell_kay,ingame_dialog,compact,100,"Accept and we move right away. Where you must go is another system, but the door opens here, by my hand.",[ Nell Kay ]
npc_dialog_sq_kael_vonn,0,[ 카엘 본 ],테라에서 이름 없는 영수증을 내보내는 게 내 일이다. 그 칸만 지키고 누군지는 안 적는다.,assets/images/npc/noname_char005.png,npc_cpt_sq_kael_vonn,ingame_dialog,compact,100,At Terra I send out receipts with no name on them. I keep that cell only and never write who.,[ Kael Vonn ]
npc_dialog_sq_kael_vonn,1,[ 카엘 본 ],용건이 있으면 짧게 말하라. 장부 밖 이야기는 듣지 않는다. 항로는 그대로다.,assets/images/npc/noname_char005.png,npc_cpt_sq_kael_vonn,ingame_dialog,compact,100,"If you have business, keep it short. I will not hear talk off the ledger. The lane stays as it is.",[ Kael Vonn ]
npc_dialog_sq_kael_vonn,2,[ 카엘 본 ],수락하면 바로 출발이다. 일할 곳은 다른 성계지만 문은 내가 여기서 열어 주겠다.,assets/images/npc/noname_char005.png,npc_cpt_sq_kael_vonn,ingame_dialog,compact,100,"Accept and you leave at once. The job is in another system, but I open the door from here.",[ Kael Vonn ]
npc_dialog_sq_sira_mek,0,[ 시라 멕 ],오리온에서 이름 없는 영수증을 인수하는 게 내 몫이다. 그 칸만 지키고 누군지는 안 적어.,assets/images/npc/noname_char007.png,npc_cpt_sq_sira_mek,ingame_dialog,compact,100,At Orion I take in receipts with no name on them. I keep that cell only and never write who.,[ Sira Mek ]
npc_dialog_sq_sira_mek,1,[ 시라 멕 ],용건이 있으면 짧게 말하라. 장부 밖 이야기는 듣지 않는다. 항로는 그대로다.,assets/images/npc/noname_char007.png,npc_cpt_sq_sira_mek,ingame_dialog,compact,100,"If you have business, keep it short. I will not hear talk off the ledger. The lane stays as it is.",[ Sira Mek ]
npc_dialog_sq_sira_mek,2,[ 시라 멕 ],받겠다면 이동은 바로 시작된다. 수행지는 다른 성계고 여기 문은 내가 열어 두지.,assets/images/npc/noname_char007.png,npc_cpt_sq_sira_mek,ingame_dialog,compact,100,"Take it and the trip begins now. The work lies in another system, and I keep this door open for you.",[ Sira Mek ]
npc_dialog_sq_ev_holt,0,[ 에브 홀트 ],헤일로에서 열지 않는 봉투를 건네는 게 내 일이다. 그 칸만 지키고 이름은 적지 않아.,assets/images/npc/noname_char009.png,npc_cpt_sq_ev_holt,ingame_dialog,compact,100,At Halo I hand over envelopes that stay sealed. I keep that cell only and write no name.,[ Ev Holt ]
npc_dialog_sq_ev_holt,1,[ 에브 홀트 ],용건이 있으면 짧게 말하라. 장부 밖 이야기는 듣지 않는다. 항로는 그대로다.,assets/images/npc/noname_char009.png,npc_cpt_sq_ev_holt,ingame_dialog,compact,100,"If you have business, keep it short. I will not hear talk off the ledger. The lane stays as it is.",[ Ev Holt ]
npc_dialog_sq_ev_holt,2,[ 에브 홀트 ],수락하면 곧바로 이동이다. 가야 할 곳은 다른 성계지만 문은 여기서 내가 열어 준다.,assets/images/npc/noname_char009.png,npc_cpt_sq_ev_holt,ingame_dialog,compact,100,"Accept and we move right away. Where you must go is another system, but the door opens here, by my hand.",[ Ev Holt ]
npc_dialog_sq_toma_kale,0,[ 토마 케일 ],솔 성채에서 열지 않는 봉투를 받아 두는 게 내 일이다. 그 칸만 지키고 이름은 안 올린다.,assets/images/npc/noname_char010.png,npc_cpt_sq_toma_kale,ingame_dialog,compact,100,At Sol Citadel I receive envelopes that stay sealed. I keep that cell only and file no name.,[ Toma Kale ]
npc_dialog_sq_toma_kale,1,[ 토마 케일 ],용건이 있으면 짧게 말하라. 장부 밖 이야기는 듣지 않는다. 항로는 그대로다.,assets/images/npc/noname_char010.png,npc_cpt_sq_toma_kale,ingame_dialog,compact,100,"If you have business, keep it short. I will not hear talk off the ledger. The lane stays as it is.",[ Toma Kale ]
npc_dialog_sq_toma_kale,2,[ 토마 케일 ],수락하면 바로 출발이다. 일할 곳은 다른 성계지만 문은 내가 여기서 열어 주겠다.,assets/images/npc/noname_char010.png,npc_cpt_sq_toma_kale,ingame_dialog,compact,100,"Accept and you leave at once. The job is in another system, but I open the door from here.",[ Toma Kale ]
story_chapter_end_01,0,[ 은폐 ],"라이트홀드는 보고서에서 지워졌고
베가 함대는 전멸했으며
살아남은 자들은 이름 없는 문을 세웠다.
",,,cinematic,default,100,"Light Hold was wiped from the report,
the Vega fleet was lost,
and those who lived raised a nameless door.
",[ Concealment ],,
story_chapter_end_01,1,[ 동맹 ],"깃발에는 진영이 없고
장부에는 이름이 없다.
그러나 문은 남아 있다.",,,cinematic,default,100,"The flag bears no faction
and the ledger holds no names.
Yet the door remains.",[ Alliance ],,
story_chapter_end_01,2,[ 빚 ],"코발은 침묵하고 소사는 타지 않는다.
다시 버리지 말라는 조건만 남았다.
",,,cinematic,default,100,"Koval is silent. Sosa will not board.
Only the condition remains: do not abandon again.
",[ Debt ],,
story_chapter_end_01,3,[ 다음 ],"은폐된 진실은 여기서 접히지만
끝난 것은 아니다.
다음 항로에서 다시 열린다.",,,cinematic,default,100,"The concealed truth folds here,
but it is not over.
It opens again on the next lane.",[ Next ],,
story_dialog_obj_story_002_e,0,[ 니카 스톤 ],사령부에는 통보해 뒀다. 출정은 미룰 수 없는데 지휘할 사람이 없다.,assets/images/npc/noname_char007.png,npc_cpt_gov_minerva,ingame_dialog,compact,100,Command has been told. The sortie cannot wait. The chair is empty.,[ Nika Stone ],,
story_dialog_obj_story_002_e,1,[ 니카 스톤 ],빈자리를 채우는 일이 남았다. 다음 일은 그 빈자리에서 시작된다. 아르카디아로 돌아가라.,assets/images/npc/noname_char007.png,npc_cpt_gov_minerva,ingame_dialog,compact,100,What remains is filling the empty chair. The next thread opens there. Return to Arcadia.,[ Nika Stone ],,
story_dialog_obj_story_006_c,0,[ 다렐 소사 ],나는 이번 기습의 주모자가 아니다. 코발이 버린 사람이고 데드코러스는 내 배다.,assets/images/npc/noname_char009.png,npc_cpt_story_darel_sosa,ingame_dialog,compact,100,"I am not behind this ambush. I am the man Koval left behind, and Dead Chorus is my ship.",[ Darell Sosa ],,
story_dialog_obj_story_006_c,1,[ 다렐 소사 ],이 균열은 여기서 닫히지 않는다. 라이트홀드라는 이름은 다음 칸에서 연다. 우리는 다시 만나게 된다.,assets/images/npc/noname_char009.png,npc_cpt_story_darel_sosa,ingame_dialog,compact,100,This fracture does not close here. Light Hold opens in the next cell. We will meet again.,[ Darell Sosa ],,
story_dialog_obj_story_007_b,0,[ 다렐 소사 ],라이트홀드는 47시간 만에 함락됐다. 아이들이 부르던 자장가가 마지막 통신이었다.,assets/images/npc/noname_char009.png,npc_cpt_story_darel_sosa,ingame_dialog,compact,100,Light Hold fell in forty-seven hours. The last comm was a lullaby the children sang.,[ Darell Sosa ],,
story_dialog_obj_story_007_b,1,[ 다렐 소사 ],그 자장가를 끊은 손이 베가 전멸과 같다. 이자가 테오 혼의 죽음이다. 베가에 가서 빈자리를 확인해라.,assets/images/npc/noname_char009.png,npc_cpt_story_darel_sosa,ingame_dialog,compact,100,The hand that cut that lullaby is the same as the Vega wipe. The interest is Theo Hon’s death. Go to Vega and confirm the empty chair.,[ Darell Sosa ],,
story_dialog_obj_story_008_b,0,[ 다렐 소사 ],"합류 순서는 이렇다. 카일은 아이언, 미라는 캘리스. 가온은 그다음이다.",assets/images/npc/noname_char009.png,npc_cpt_story_darel_sosa,ingame_dialog,compact,100,"The join order is this. Kyle at Iron, Mira at Callis. Gaon comes after.",[ Darell Sosa ],,
story_dialog_obj_story_008_b,1,[ 다렐 소사 ],세 이름은 한 번만 부른다. 항로는 너희가 열어라. 나는 여기 남는다.,assets/images/npc/noname_char009.png,npc_cpt_story_darel_sosa,ingame_dialog,compact,100,I speak the three names only once. You open the lanes. I stay here.,[ Darell Sosa ],,
story_dialog_obj_story_009_e,0,[ 린 켄달 ],교차 허가는 열어 두겠다. 가온은 하벤포드에서 기다린다. 이번 칸의 합류는 여기까지다.,assets/images/npc/stella_aris_char001.png,npc_cpt_ai_clan_neutral_01,ingame_dialog,compact,100,Crossing clearance stays open. Gaon waits at Havenford. That is all the joining this cell holds.,[ Lynn Kendall ],,
story_dialog_obj_story_009_e,1,[ 린 켄달 ],카일과 미라가 모였으면 충분하다. 가온은 다음이다.,assets/images/npc/stella_aris_char001.png,npc_cpt_ai_clan_neutral_01,ingame_dialog,compact,100,Kyle and Mira are enough for now. Gaon is next.,[ Lynn Kendall ],,
story_dialog_obj_story_010_e,0,[ 가온 텔라 ],넷이 같은 명령 체계에 올랐다. 화력과 장부와 지워진 행성이 한 줄이다.,assets/images/npc/noname_char008.png,npc_cpt_story_gaon_tela,ingame_dialog,compact,100,"The four sit on one command line. Fire, ledger, and the erased world are one row.",[ Gaon Tela ],,
story_dialog_obj_story_010_e,1,[ 가온 텔라 ],이면은 이 허브의 결재에 남아 있다. 소개 명령서부터 연다.,assets/images/npc/noname_char008.png,npc_cpt_story_gaon_tela,ingame_dialog,compact,100,The backside sits in this hub’s approvals. We open the introduction order first.,[ Gaon Tela ],,
story_dialog_obj_story_011_a,0,[ 가온 텔라 ],소개 명령서다. 서명란은 비어 있고 결재만 통과했다. 라이트홀드 장부와 같은 수법이다.,assets/images/npc/noname_char008.png,npc_cpt_story_gaon_tela,ingame_dialog,compact,100,"The introduction order. The signature line is blank, yet approval passed. Same method as the Light Hold ledger.",[ Gaon Tela ],,
story_dialog_obj_story_011_a,1,[ 가온 텔라 ],미라가 결재 역추적을 할 수 있다. 나는 지워진 칸만 복원한다.,assets/images/npc/noname_char008.png,npc_cpt_story_gaon_tela,ingame_dialog,compact,100,Mira can reverse-trace the approval. I only restore the erased cell.,[ Gaon Tela ],,
story_dialog_obj_story_011_b,0,[ 미라 솅크 ],결재 시각은 테오 혼 피살 전이다. 국경을 비우라는 이면이 숫자로 남았다.,assets/images/npc/noname_char007.png,npc_cpt_story_mira_schenk,ingame_dialog,compact,100,The approval time is before Teo Hon died. The backside order to empty the border is still in the numbers.,[ Mira Schenk ],,
story_dialog_obj_story_011_b,1,[ 미라 솅크 ],체포령 초안이 같은 묶음에 붙어 있다. 가온이 열어 줄 거다.,assets/images/npc/noname_char007.png,npc_cpt_story_mira_schenk,ingame_dialog,compact,100,A draft arrest warrant sits in the same bundle. Gaon will open it.,[ Mira Schenk ],,
story_dialog_obj_story_011_c,0,[ 가온 텔라 ],체포령 초안이다. 대상란에 네 식별이 올라 있다. 폭로 전에 미리 찍힌 이름이다.,assets/images/npc/noname_char008.png,npc_cpt_story_gaon_tela,ingame_dialog,compact,100,The draft warrant. Your ID is already in the target line. The name was stamped before the leak.,[ Gaon Tela ],,
story_dialog_obj_story_011_c,1,[ 가온 텔라 ],날짜를 미라와 한 번 더 맞춰라. 그러면 이면은 닫히지 않는다.,assets/images/npc/noname_char008.png,npc_cpt_story_gaon_tela,ingame_dialog,compact,100,Match the date with Mira once more. Then the backside will not close.,[ Gaon Tela ],,
story_dialog_obj_story_011_d,0,[ 미라 솅크 ],이면 합의 날짜와 테오 혼 피살은 같은 주기다. 우연이 아니다.,assets/images/npc/noname_char007.png,npc_cpt_story_mira_schenk,ingame_dialog,compact,100,The backside-pact date and Teo Hon’s death sit in the same cycle. Not chance.,[ Mira Schenk ],,
story_dialog_obj_story_011_d,1,[ 미라 솅크 ],이걸 올리면 반역 누명이 네 이름에 앉는다. 가온이 위험을 말할 거다.,assets/images/npc/noname_char007.png,npc_cpt_story_mira_schenk,ingame_dialog,compact,100,File this and a traitor brand sits on your name. Gaon will name the risk.,[ Mira Schenk ],,
story_dialog_obj_story_011_e,0,[ 가온 텔라 ],함대는 너를 배신자로 부를 것이다. 준비해라. 포위는 이 허브에서 시작된다.,assets/images/npc/noname_char008.png,npc_cpt_story_gaon_tela,ingame_dialog,compact,100,The fleet will call you a traitor. Prepare. The cordon starts at this hub.,[ Gaon Tela ],,
story_dialog_obj_story_011_e,1,[ 가온 텔라 ],코발과 엘렌은 여기 없다. 탈출은 우리가 연다.,assets/images/npc/noname_char008.png,npc_cpt_story_gaon_tela,ingame_dialog,compact,100,Koval and Ellen are not here. We open the exit.,[ Gaon Tela ],,
story_dialog_obj_story_012_a,0,[ 미라 솅크 ],네 이름이 반역자 명단에 올랐다. 이면을 올린 대가고 장부로는 지울 수가 없다.,assets/images/npc/noname_char007.png,npc_cpt_story_mira_schenk,ingame_dialog,compact,100,"Your name is on the traitor list, the price of filing the backside. The ledger cannot take it off.",[ Mira Schenk ],,
story_dialog_obj_story_012_a,1,[ 미라 솅크 ],포위선이 떴다. 한 척이다. 가온이 경로를 연다.,assets/images/npc/noname_char007.png,npc_cpt_story_mira_schenk,ingame_dialog,compact,100,A cordon ship has lifted. One ship. Gaon opens the lane.,[ Mira Schenk ],,
story_dialog_obj_story_012_b,0,[ 가온 텔라 ],차단선은 60초만 비워진다. 기록엔 항로 장애로 남긴다. 내가 해 줄 수 있는 건 거기까지다.,assets/images/npc/noname_char008.png,npc_cpt_story_gaon_tela,ingame_dialog,compact,100,The cordon blanks for sixty seconds. The record will call it a lane fault. That is as far as I can go.,[ Gaon Tela ],,
story_dialog_obj_story_012_b,1,[ 가온 텔라 ],관문 순찰대는 여기 없다. 돌파 끝은 시리우스 보더다. 살아서 나가라.,assets/images/npc/noname_char008.png,npc_cpt_story_gaon_tela,ingame_dialog,compact,100,Gate Patrol is not here. The breakout ends at Sirius Border. Get out alive.,[ Gaon Tela ],,
story_dialog_obj_story_012_e,0,[ 가온 텔라 ],도피처는 섀도우 넥서스다. 나는 좌표만 준다. 국가 이름은 없다.,assets/images/npc/noname_char008.png,npc_cpt_story_gaon_tela,ingame_dialog,compact,100,Your refuge is Shadow Nexus. I give the fix only. There is no nation name.,[ Gaon Tela ],,
story_dialog_obj_story_012_e,1,[ 가온 텔라 ],수배 방송이 곧 뜬다. 이름 없는 항로로 가라. 통신은 끊는다.,assets/images/npc/noname_char008.png,npc_cpt_story_gaon_tela,ingame_dialog,compact,100,A wanted band will lift soon. Take a nameless lane. I cut this channel.,[ Gaon Tela ],,
story_dialog_story_013,0,[ 가온 텔라 ],섀도우 넥서스는 지도에 거의 없다. 문은 닉스 홀름이 지킨다. 거점은 아직 열리지 않는다.,assets/images/npc/noname_char008.png,npc_cpt_story_gaon_tela,ingame_dialog,compact,100,Shadow Nexus is barely on any map. Nyx Holm keeps the door. The hold is not open yet.,[ Gaon Tela ],,
story_dialog_story_013,1,[ 가온 텔라 ],착륙을 거부당할 수 있다. 증명부터다.,assets/images/npc/noname_char008.png,npc_cpt_story_gaon_tela,ingame_dialog,compact,100,They may refuse the landing. Proof comes first.,[ Gaon Tela ],,
story_dialog_obj_story_013_c,0,[ 닉스 홀름 ],문 앞의 이방인이 너로군. 수배 방송은 이미 떴다. 착륙은 거부한다.,assets/images/npc/noname_char004.png,npc_cpt_story_nyx_holm,ingame_dialog,compact,100,The stranger at the door is you. The wanted band already lifted. Landing is refused.,[ Nyx Holm ],,
story_dialog_obj_story_013_c,1,[ 닉스 홀름 ],거점은 말로 열리지 않는다. 증명해 보이라.,assets/images/npc/noname_char004.png,npc_cpt_story_nyx_holm,ingame_dialog,compact,100,The hold does not open with words. Prove it.,[ Nyx Holm ],,
story_dialog_obj_story_013_d,0,[ 닉스 홀름 ],스텔리움 전 채널에 수배가 떴고 크림슨도 네 얼굴에 현상금을 걸었다. 적은 둘이다.,assets/images/npc/noname_char004.png,npc_cpt_story_nyx_holm,ingame_dialog,compact,100,"Every Stellium channel is carrying your warrant, and Crimson has put a bounty on your face too. Two enemies.",[ Nyx Holm ],,
story_dialog_obj_story_013_d,1,[ 닉스 홀름 ],오늘은 대기만 한다. 신뢰는 궤도에서 산다. 문을 닫아라.,assets/images/npc/noname_char004.png,npc_cpt_story_nyx_holm,ingame_dialog,compact,100,Today you wait. Trust is bought in orbit. Close the door.,[ Nyx Holm ],,
story_dialog_obj_story_013_e,0,[ 닐 벡스 ],대기 칸은 마련해 뒀다. 출처는 묻지 않는다. 거점은 아직 닉스 몫이다.,assets/images/npc/noname_char004.png,npc_cpt_bar_ret_15,ingame_dialog,compact,100,I set a waiting cell. I will not ask origin. The hold is still Nyx’s.,[ Nil Vex ],,
story_dialog_obj_story_013_e,1,[ 닐 벡스 ],카일·미라·가온 얼굴은 외워 둔다. 술집 입구는 내가 맡는다.,assets/images/npc/noname_char004.png,npc_cpt_bar_ret_15,ingame_dialog,compact,100,"I will learn the faces of Kyle, Mira and Gaon. The tavern door is mine.",[ Nil Vex ],,
story_dialog_story_014,0,[ 닉스 홀름 ],약탈선이 외곽에 있다. 거점은 그 한 척이 쓰러진 뒤에 연다.,assets/images/npc/noname_char004.png,npc_cpt_story_nyx_holm,ingame_dialog,compact,100,A raid ship sits the rim. The hold opens after that one ship falls.,[ Nyx Holm ],,
story_dialog_story_014,1,[ 닉스 홀름 ],대화 다섯 번으로 증명하지 마라. 카일이 경보를 준다.,assets/images/npc/noname_char004.png,npc_cpt_story_nyx_holm,ingame_dialog,compact,100,Do not prove it with five talks. Kyle gives the alarm.,[ Nyx Holm ],,
story_dialog_obj_story_014_a,0,[ 카일 로렌 ],약탈 경보다. 한 척이 크림슨 항로에서 뜬다. 거점 앞이 아니다.,assets/images/npc/noname_char006.png,npc_cpt_story_kyle_loren,ingame_dialog,compact,100,Raid alarm. One ship lifts on the Crimson lane. Not at this door.,[ Kyle Loren ],,
story_dialog_obj_story_014_a,1,[ 카일 로렌 ],크림슨에서 쓰러뜨리면 닉스가 문을 연다. 그전에는 거점 없다.,assets/images/npc/noname_char006.png,npc_cpt_story_kyle_loren,ingame_dialog,compact,100,Drop it at Crimson and Nyx opens the door. No hold before that.,[ Kyle Loren ],,
story_dialog_obj_story_014_d,0,[ 닉스 홀름 ],한 척이 쓰러졌으니 지하 도크를 연다. 식별 신호는 꺼 두어라.,assets/images/npc/noname_char004.png,npc_cpt_story_nyx_holm,ingame_dialog,compact,100,"One ship is down, so I open the under-dock. Keep ID signals dark.",[ Nyx Holm ],,
story_dialog_obj_story_014_d,1,[ 닉스 홀름 ],거점은 공개됐다. 나는 문만 지킨다. 깃발은 넷의 일이다.,assets/images/npc/noname_char004.png,npc_cpt_story_nyx_holm,ingame_dialog,compact,100,The hold is public. I keep the door. Flags belong to the four.,[ Nyx Holm ],,
story_dialog_obj_story_014_e,0,[ 미라 솅크 ],첫 거점 장부를 연다. 출처 모를 돈은 표시만 하고 출처는 묻지 않는다.,assets/images/npc/noname_char007.png,npc_cpt_story_mira_schenk,ingame_dialog,compact,100,I open the first-hold ledger. Mark unknown money. Do not ask the source.,[ Mira Schenk ],,
story_dialog_obj_story_014_e,1,[ 미라 솅크 ],신뢰는 전투 뒤에 왔다. 세렌 쪽 초대는 다음에 가린다.,assets/images/npc/noname_char007.png,npc_cpt_story_mira_schenk,ingame_dialog,compact,100,Trust arrived after the fight. The Seren invite is sorted next.,[ Mira Schenk ],,
story_dialog_obj_story_016_b,0,[ 세렌 베일 ],외곽 잔해다. 위조 초대의 뼈대고 표식은 크림슨이다. 추적선이지 침공 함대가 아니다.,assets/images/npc/noname_char005.png,npc_cpt_story_seren_vale,ingame_dialog,compact,100,"Rim wreckage. Bone of a forged invite, and the mark is Crimson. A tracker, not an invasion fleet.",[ Seren Vale ],,
story_dialog_obj_story_016_b,1,[ 세렌 베일 ],스텔리움 수배와 크림슨 추적. 적은 둘이다.,assets/images/npc/noname_char005.png,npc_cpt_story_seren_vale,ingame_dialog,compact,100,Stellium wanted and Crimson track. Two enemies.,[ Seren Vale ],,
story_dialog_obj_story_016_c,0,[ 세렌 베일 ],본대 침공은 다음 장의 일이다. 지금은 잔해만 남았다.,assets/images/npc/noname_char005.png,npc_cpt_story_seren_vale,ingame_dialog,compact,100,A main-force invasion is a later chapter. For now only wreckage remains.,[ Seren Vale ],,
story_dialog_obj_story_016_c,1,[ 세렌 베일 ],거점으로 돌아가라. 카일에게 두 적을 보고해라.,assets/images/npc/noname_char005.png,npc_cpt_story_seren_vale,ingame_dialog,compact,100,Return to the hold. Report two enemies to Kyle.,[ Seren Vale ],,
story_dialog_story_016,0,[ 닉스 홀름 ],적이 둘이 됐다. 스텔리움 수배와 크림슨 추적. 잔해는 세렌 외곽에 있다.,assets/images/npc/noname_char004.png,npc_cpt_story_nyx_holm,ingame_dialog,compact,100,Two enemies now. Stellium wanted and Crimson track. The wreck sits the Seren rim.,[ Nyx Holm ],,
story_dialog_story_016,1,[ 닉스 홀름 ],확인만 하고 와라. 거점을 비우지 마라. 카일은 문을 지킨다.,assets/images/npc/noname_char004.png,npc_cpt_story_nyx_holm,ingame_dialog,compact,100,Confirm and return. Do not empty the hold. Kyle holds the door.,[ Nyx Holm ],,
story_dialog_obj_story_017_a,0,[ 미라 솅크 ],계좌를 동결한다. 움직이는 돈은 오늘부터 표시된다.,assets/images/npc/noname_char007.png,npc_cpt_story_mira_schenk,ingame_dialog,compact,100,"I freeze the accounts. From today, moving money is marked.",[ Mira Schenk ],,
story_dialog_obj_story_017_a,1,[ 미라 솅크 ],출처는 묻지 않는다. 동결만 한다. 닐이 거래를 연다.,assets/images/npc/noname_char007.png,npc_cpt_story_mira_schenk,ingame_dialog,compact,100,I will not ask the source. Freeze only. Nil opens the trade.,[ Mira Schenk ],,
story_dialog_obj_story_019_e,0,[ 미라 솅크 ],균열은 기록한다. 판결은 하지 않는다. 엔딩의 첫 씨앗이다.,assets/images/npc/noname_char007.png,npc_cpt_story_mira_schenk,ingame_dialog,compact,100,I record the crack. I do not rule. It is the first ending seed.,[ Mira Schenk ],,
story_dialog_obj_story_019_e,1,[ 미라 솅크 ],거점은 유지한다. 노선은 아직 셋이다.,assets/images/npc/noname_char007.png,npc_cpt_story_mira_schenk,ingame_dialog,compact,100,The hold stands. The lines are still three.,[ Mira Schenk ],,
story_dialog_obj_story_020_d,0,[ 가온 텔라 ],진원은 스텔리움 정보국이다. 닉스의 판정이 아니다.,assets/images/npc/noname_char008.png,npc_cpt_story_gaon_tela,ingame_dialog,compact,100,The source is Stellium intelligence. This is not Nyx’s ruling.,[ Gaon Tela ],,
story_dialog_obj_story_020_d,1,[ 가온 텔라 ],미라가 결속을 장부에 남긴다. 우리는 한 줄이다.,assets/images/npc/noname_char008.png,npc_cpt_story_gaon_tela,ingame_dialog,compact,100,Mira will log the bond. We are one line.,[ Gaon Tela ],,
story_dialog_obj_story_020_e,0,[ 미라 솅크 ],넷이 서로를 믿는다. 이간 장부는 닫는다.,assets/images/npc/noname_char007.png,npc_cpt_story_mira_schenk,ingame_dialog,compact,100,The four believe one another. I close the wedge book.,[ Mira Schenk ],,
story_dialog_obj_story_020_e,1,[ 미라 솅크 ],다음은 경보다. 국가 이름은 아직 없다.,assets/images/npc/noname_char007.png,npc_cpt_story_mira_schenk,ingame_dialog,compact,100,Next is the alarm. There is still no nation name.,[ Mira Schenk ],,
story_dialog_obj_story_021_d,0,[ 닐 벡스 ],문은 지켜 냈고 진압군은 물러갔다. 그런데 우릴 뭐라고 부르나.,assets/images/npc/noname_char004.png,npc_cpt_bar_ret_15,ingame_dialog,compact,100,We held the door and the suppression force pulled back. So what do you call us?,[ Nil Vex ],,
story_dialog_obj_story_021_d,1,[ 닐 벡스 ],국가는 아직 없다. 이름은 내일이다. 오늘은 살아남은 것뿐이다.,assets/images/npc/noname_char004.png,npc_cpt_bar_ret_15,ingame_dialog,compact,100,There is no nation yet. The name is tomorrow. Today we only survived.,[ Nil Vex ],,
story_dialog_obj_story_021_e,0,[ 카일 로렌 ],퇴각을 확인했다. 공방전은 여기서 접는다. 선포는 하지 않는다.,assets/images/npc/noname_char006.png,npc_cpt_story_kyle_loren,ingame_dialog,compact,100,Retreat confirmed. The siege folds here. No declaration.,[ Kyle Loren ],,
story_dialog_obj_story_021_e,1,[ 카일 로렌 ],주민이 물었다. 뭐라고 부르나. 답은 다음 칸이다.,assets/images/npc/noname_char006.png,npc_cpt_story_kyle_loren,ingame_dialog,compact,100,A resident asked what we are called. The answer is the next cell.,[ Kyle Loren ],,
story_dialog_obj_story_022_a,0,[ 미라 솅크 ],이름 없는 동맹이다. 깃발은 없다. 장부에도 국가란은 비워 둔다.,assets/images/npc/noname_char007.png,npc_cpt_story_mira_schenk,ingame_dialog,compact,100,A nameless alliance. No flag. The nation line on the ledger stays blank.,[ Mira Schenk ],,
story_dialog_obj_story_022_a,1,[ 미라 솅크 ],건국은 나중의 장이다. 오늘은 살아남은 넷과 세렌의 채널뿐이다.,assets/images/npc/noname_char007.png,npc_cpt_story_mira_schenk,ingame_dialog,compact,100,Founding is a later chapter. Today it is only the four who lived and Seren’s channel.,[ Mira Schenk ],,
story_dialog_obj_story_022_b,0,[ 카일 로렌 ],화력은 동맹의 것이지 국가의 것이 아니다. 나는 그렇게만 지킨다.,assets/images/npc/noname_char006.png,npc_cpt_story_kyle_loren,ingame_dialog,compact,100,"The guns belong to the alliance, not a nation. That is all I hold.",[ Kyle Loren ],,
story_dialog_obj_story_022_b,1,[ 카일 로렌 ],선포는 하지 않는다. 문은 닉스가 조건만 연다.,assets/images/npc/noname_char006.png,npc_cpt_story_kyle_loren,ingame_dialog,compact,100,No declaration. Nyx opens the door on condition only.,[ Kyle Loren ],,
story_dialog_obj_story_022_d,0,[ 세렌 베일 ],세렌은 대표 채널만 연다. 깃발은 올리지 않는다.,assets/images/npc/noname_char005.png,npc_cpt_story_seren_vale,ingame_dialog,compact,100,Seren opens a representative channel only. We do not raise a flag.,[ Seren Vale ],,
story_dialog_obj_story_022_d,1,[ 세렌 베일 ],보더는 남는다. 동맹은 이름 없이 충분하다.,assets/images/npc/noname_char005.png,npc_cpt_story_seren_vale,ingame_dialog,compact,100,The border stays. A nameless alliance is enough.,[ Seren Vale ],,
story_dialog_obj_story_022_e,0,[ 닉스 홀름 ],문은 열렸다. 국가명은 없다. 나는 관리소장 대행일 뿐이다.,assets/images/npc/noname_char004.png,npc_cpt_story_nyx_holm,ingame_dialog,compact,100,The door is open. There is no nation name. I am only acting station chief.,[ Nyx Holm ],,
story_dialog_obj_story_022_e,1,[ 닉스 홀름 ],챕터는 여기서 접는다. 다음 장은 아직 없다.,assets/images/npc/noname_char004.png,npc_cpt_story_nyx_holm,ingame_dialog,compact,100,The chapter folds here. The next book is not open yet.,[ Nyx Holm ],,
